timestamp,v0,v1,v2,v3,v4,v5,v6
2025-06-09T21:49:17.983770,-2.0948869007850144,-5.7568955878627867e-05,0.13862827254521495,-6.249946062250016e-05,-0.0015605783478131322,-2.6415159632986097e-05,0.9999987799948944
2025-06-09T21:49:18.017320,-2.0948906798994167,-6.133806450543692e-05,0.13864369804172966,-3.5449244142601866e-05,-0.001483171314460759,-3.8557567518547175e-05,0.9999988987291523
2025-06-09T21:49:18.061274,-2.094889290018702,-5.8489288317420504e-05,0.13864946623024468,-3.270295112643099e-05,-0.0014209917841625755,-4.728565396616187e-05,0.9999989887379553
2025-06-09T21:49:18.109657,-2.094906481069118,-5.4169703490302344e-05,0.13864983829622618,-3.318452252014988e-05,-0.0014251085794226668,-5.726814656294236e-05,0.9999989823418242
2025-06-09T21:49:18.158237,-2.094925618606968,-4.864004168985031e-05,0.13864853985419417,-3.4379638677261865e-05,-0.0014394391237206533,-6.523325775679837e-05,0.9999989612882964
2025-06-09T21:49:18.208532,-2.094938293143735,-4.557733069701225e-05,0.1386492872493551,-3.3394171955244917e-05,-0.0014317985187255573,-7.476303120041408e-05,0.9999989716236313
2025-06-09T21:49:18.260203,-2.09495829775375,-4.411467974738503e-05,0.1386483663067341,-3.331310094287741e-05,-0.0014426212154558303,-8.611663237630113e-05,0.9999989551585501
2025-06-09T21:49:18.308346,-2.09497875067248,-4.1634321570704785e-05,0.13864861604073137,-3.2343569252000354e-05,-0.0014369957915126314,-0.00010635082067900149,0.9999989613427066
2025-06-09T21:49:18.360122,-2.094994834778231,-3.965035547026142e-05,0.13864916283316103,-3.1073713681193304e-05,-0.001426711969722617,-0.00012523698853505034,0.9999989739210119
2025-06-09T21:49:18.416889,-2.0950110044407246,-3.630415385478961e-05,0.13864961210900886,-3.0817287908051823e-05,-0.0014163968322198574,-0.0001451180225802285,0.9999989859050198
2025-06-09T21:49:18.461487,-2.095028439208748,-3.536994451043813e-05,0.1386503263818007,-3.0952322170754156e-05,-0.001408941126354503,-0.00016307993454956127,0.9999989936653894
2025-06-09T21:49:18.505779,-2.095055157296862,-3.2804994902522596e-05,0.13864876659271563,-3.184719650979845e-05,-0.001436475667085303,-0.00018273079548662276,0.9999989510658851
2025-06-09T21:49:18.559075,-2.095071531706537,-2.9925395324368346e-05,0.13864915693573793,-3.131504168997707e-05,-0.0014288928534033902,-0.00020006494488333657,0.9999989586287577
2025-06-09T21:49:18.608176,-2.0950876262375013,-2.752112826085066e-05,0.13864996250685646,-3.2600454005056456e-05,-0.0014179812259497307,-0.00021784743138592716,0.999998970403945
2025-06-09T21:49:18.656763,-2.095100539496737,-2.6808257820150383e-05,0.13865024767781414,-3.167440740659607e-05,-0.0014179496860841551,-0.00022241649315089823,0.9999989694726307
2025-06-09T21:49:18.709743,-2.0951218559264797,-2.4845175492400153e-05,0.13864866996677172,-3.314643167204746e-05,-0.0014431540963108912,-0.0002374449936813464,0.9999989299131492
2025-06-09T21:49:18.763544,-2.0951353733480227,-2.512902056642888e-05,0.13864851823036847,-3.3092633620616886e-05,-0.0014456765172300113,-0.00024219180834374068,0.9999989251331289
2025-06-09T21:49:18.812666,-2.0951426780450473,-2.6672434213001775e-05,0.13864932818498868,-2.9663983971955e-05,-0.0014205046863143055,-0.00025066503096604897,0.9999989592262217
2025-06-09T21:49:18.863609,-2.0951443086013577,-2.337114127586864e-05,0.13865106208776762,-3.17659945457756e-05,-0.0014037360753468052,-0.0002553325982337893,0.9999989816600898
2025-06-09T21:49:18.913718,-2.0951580459166594,-2.1605431193344726e-05,0.13865026602107552,-3.163226117529729e-05,-0.0014119751427839119,-0.0002607474400350915,0.9999989686676526
2025-06-09T21:49:18.964783,-2.0951730257411905,-2.0800612570250527e-05,0.13864937172838604,-3.2052058717879155e-05,-0.0014232468246620777,-0.0002653891261078762,0.9999989514543269
2025-06-09T21:49:19.010096,-2.095180962427263,-2.081478022153618e-05,0.1386501328948801,-3.096184691074046e-05,-0.0014110028414625643,-0.0002695849168707369,0.9999989677176262
2025-06-09T21:49:19.061202,-2.0951998759324573,-1.8882411519645224e-05,0.13864927637890873,-3.294191458556428e-05,-0.0014307953888186738,-0.0002731568542894607,0.999998938561796
2025-06-09T21:49:19.117322,-2.095208503072862,-1.9908523435988404e-05,0.13864917204003668,-3.1339477112646286e-05,-0.0014253375642456088,-0.0002763560632935531,0.9999989455284398
2025-06-09T21:49:19.168138,-2.0952190922993355,-2.0419411312903596e-05,0.1386498243686155,-3.198702473007284e-05,-0.0014240646517127342,-0.00027908112107245163,0.999998946564658
2025-06-09T21:49:19.211221,-2.095232232751033,-1.8357715305350637e-05,0.13864981478037916,-3.1836739045158335e-05,-0.0014222990579505466,-0.0002822537315781255,0.9999989481917683
2025-06-09T21:49:19.262311,-2.095244419585245,-1.6289516721996967e-05,0.1386494034549125,-3.1778252017247016e-05,-0.0014263620081389154,-0.0002817027898068215,0.9999989425619923
2025-06-09T21:49:19.316695,-2.095251939113171,-1.7203863384616853e-05,0.13865089371075015,-3.1948986894432244e-05,-0.0014080147444991795,-0.0002891875106069722,0.9999989664216286
2025-06-09T21:49:19.359280,-2.0952684449465,-1.5907627225144292e-05,0.13865084433468408,-3.2628611934391654e-05,-0.0014094076221725584,-0.00030149896879732977,0.9999989608014103
2025-06-09T21:49:19.418100,-2.0952933045909274,-1.385245029854789e-05,0.13864959142027275,-3.313328599052236e-05,-0.001425469898341895,-0.0003206685646942349,0.9999989320541428
2025-06-09T21:49:19.463699,-2.0953142068524344,-1.164765935733784e-05,0.1386490448923597,-3.276714025285659e-05,-0.0014321328506943921,-0.00033992483641218124,0.9999989161858718
2025-06-09T21:49:19.514796,-2.0953314048940017,-1.0189944335453149e-05,0.13864889737146435,-3.082161164170179e-05,-0.001428491968733794,-0.0003556650039617871,0.9999989159809767
2025-06-09T21:49:19.566644,-2.09534343240525,-7.878572028259544e-06,0.13865079943188158,-3.289779052651539e-05,-0.0014123830606186404,-0.00037223351334062725,0.999998932766449
2025-06-09T21:49:19.616735,-2.095358189506725,-6.1679836523379785e-06,0.13865114117016547,-3.338584100136287e-05,-0.0014068158354802155,-0.0003800290699786901,0.999998937665684
2025-06-09T21:49:19.664580,-2.0953604966707573,-7.011075610306782e-06,0.13865281109140173,-3.1356913726046834e-05,-0.0013798334848442498,-0.00038366932618628144,0.9999989739365468
2025-06-09T21:49:19.714673,-2.0953865327192074,-5.6493306986503295e-06,0.13864952277896378,-3.2593846338692086e-05,-0.0014223278386326639,-0.0003899403003190456,0.9999989119332695
2025-06-09T21:49:19.765762,-2.0954032807514977,-2.7403189055003162e-06,0.13864880690837605,-3.283302449384176e-05,-0.0014343585091716547,-0.0003988283001779977,0.9999988912362088
2025-06-09T21:49:19.816489,-2.0954063220248402,-1.0192249717666156e-06,0.13865133132886565,-3.329068798113435e-05,-0.0014039723517808886,-0.00040668905487485955,0.9999989311781179
2025-06-09T21:49:19.870428,-2.0954209726590287,-1.8138776737325507e-08,0.13864976192243406,-3.133007191323707e-05,-0.0014246542521465344,-0.00041179977539007725,0.9999988998992116
2025-06-09T21:49:19.916604,-2.0954328036470584,-1.8306181353089715e-06,0.13865032459575172,-3.079776074578315e-05,-0.0014079039764420766,-0.00041762519557580655,0.9999989212229617
2025-06-09T21:49:19.961194,-2.0954582994490907,-1.5815314148007598e-06,0.13864849397413065,-3.052543245008225e-05,-0.0014366444978492902,-0.00043054091856277064,0.9999988748770182
2025-06-09T21:49:20.013808,-2.095470240713758,-4.4792800227320483e-07,0.13864938535683247,-3.070107035288796e-05,-0.0014210498980602741,-0.00044609822564775604,0.9999988903348866
2025-06-09T21:49:20.068342,-2.0954903972771457,-1.1616993583444136e-07,0.13864859896510057,-3.0465523843546585e-05,-0.0014328156162679907,-0.0004614276413701416,0.9999988665972545
2025-06-09T21:49:20.115644,-2.0955063268789487,1.2544871520723612e-06,0.13864882030177503,-3.124579785027896e-05,-0.0014322767857829688,-0.00047560533664150513,0.9999988607025875
2025-06-09T21:49:20.161237,-2.095523038752048,3.023832805784145e-06,0.13864915218999901,-3.213222355804668e-05,-0.0014281806218916545,-0.0004920397728865924,0.9999988585815953
2025-06-09T21:49:20.208417,-2.09553966067761,3.298534907849389e-06,0.13864914303908432,-3.117865071393584e-05,-0.001422799642459149,-0.000506983946218572,0.9999988588175226
2025-06-09T21:49:20.265757,-2.09555741478352,3.468553219320976e-06,0.13864935742742981,-3.0829339566058444e-05,-0.0014255361768197323,-0.0005249093851941582,0.9999988456824827
2025-06-09T21:49:20.309190,-2.095567779634157,4.082038078317442e-06,0.13865078047064983,-3.01278253189046e-05,-0.0014025515604057784,-0.000540559409981369,0.9999988698678408
2025-06-09T21:49:20.364689,-2.0955889458611816,5.927733100763151e-06,0.13864894202836492,-3.053386193281105e-05,-0.0014322189137917006,-0.0005506708641636083,0.9999988222884393
2025-06-09T21:49:20.411197,-2.095600654982386,1.0518860517766935e-05,0.1386499541071355,-3.3738242678225566e-05,-0.0014233433842573728,-0.0005594262023322506,0.9999988299981484
2025-06-09T21:49:20.463002,-2.0956153251164356,1.3476701717113706e-05,0.13864965898757622,-3.39783852429307e-05,-0.001429919671951562,-0.0005646939640347075,0.9999988176472652
2025-06-09T21:49:20.511636,-2.095628503608886,1.7230590122589632e-05,0.13864891526575263,-3.325988225095578e-05,-0.001432950134979726,-0.0005639644516071159,0.9999988137451906
2025-06-09T21:49:20.564749,-2.0956346417328344,1.9067302095571657e-05,0.13865040037568493,-3.30633977019784e-05,-0.0014137030580183157,-0.0005653935506470638,0.9999988403396318
2025-06-09T21:49:20.612336,-2.0956500395554984,2.1684388661144495e-05,0.13864940454473745,-3.379665859922507e-05,-0.0014259032940671323,-0.0005667526440100443,0.9999988222238178
2025-06-09T21:49:20.660425,-2.095662356498638,2.249336128101854e-05,0.13864954767039653,-3.241839645561095e-05,-0.0014263223064781606,-0.0005726038541737538,0.9999988183385777
2025-06-09T21:49:20.705068,-2.0956731982559655,2.3309248152551645e-05,0.1386498107363111,-3.2800615703314e-05,-0.001422195746368069,-0.0005750629273333432,0.9999988227923112
2025-06-09T21:49:20.764711,-2.095685115835858,2.4678451071321597e-05,0.13864939642374935,-3.316222026652311e-05,-0.0014267905873607582,-0.0005756496871391572,0.9999988158974614
2025-06-09T21:49:20.812801,-2.095698691939481,2.4732317199385854e-05,0.138649024468333,-3.298559975554874e-05,-0.0014336175592659457,-0.0005817845551692133,0.999998802588971
2025-06-09T21:49:20.865971,-2.0957108348249918,2.4699199646939983e-05,0.13864903220098287,-3.235493740518218e-05,-0.0014322197073282272,-0.0005906334252069474,0.9999987994252918
2025-06-09T21:49:20.913405,-2.0957198966413864,2.3649454090562485e-05,0.13865017720572065,-3.065887812058193e-05,-0.0014132469957822038,-0.0006005751482390554,0.9999988205505312
2025-06-09T21:49:20.956637,-2.0957385851788044,2.4918480337156952e-05,0.13864891824206146,-3.1058655736864805e-05,-0.001429168661446495,-0.0006140223359582746,0.9999987897437017
2025-06-09T21:49:21.013759,-2.0957577669085254,2.5605869463771765e-05,0.13864789994431925,-3.1637735873798036e-05,-0.0014451095341317265,-0.0006229105645273361,0.9999987613191913
2025-06-09T21:49:21.060584,-2.0957673551773475,2.6380907030807472e-05,0.13864844102141136,-3.08803161293079e-05,-0.0014312005739674089,-0.0006322786274718401,0.9999987754667805
2025-06-09T21:49:21.112396,-2.0957826108561664,2.698703106989109e-05,0.13864890088247542,-3.206184346291334e-05,-0.0014324402302703302,-0.0006443870649949394,0.9999987659254063
2025-06-09T21:49:21.160130,-2.09579660932898,2.7213482473180892e-05,0.13864947057563234,-3.0903819658930666e-05,-0.0014264577150389368,-0.0006578934592904786,0.999998765719007
2025-06-09T21:49:21.211231,-2.0958147041823247,2.7774510312556357e-05,0.13864877221469948,-3.2097794646894105e-05,-0.0014341837543499453,-0.0006705969261219366,0.9999987461924406
2025-06-09T21:49:21.264878,-2.095829468542115,2.930768147761055e-05,0.13864939784855085,-3.2577066317841406e-05,-0.001427085470965508,-0.0006875118234574073,0.9999987448458553
2025-06-09T21:49:21.307598,-2.095840859877109,2.8937004179206607e-05,0.13865103931817963,-3.2523463826430836e-05,-0.0014094957686669153,-0.0007030964888078558,0.9999987589588449
2025-06-09T21:49:21.364319,-2.09586252965851,2.90085059291286e-05,0.1386489463379567,-3.0971144309897445e-05,-0.0014289757651263966,-0.0007176727061885132,0.9999987210066509
2025-06-09T21:49:21.412404,-2.095879021616631,2.9780173727130422e-05,0.13864872541628986,-3.208134410736977e-05,-0.0014331174973255937,-0.0007316146131516246,0.9999987049417035
2025-06-09T21:49:21.466714,-2.0958884232872785,2.9488911285520402e-05,0.13864978605629633,-3.212956464842837e-05,-0.0014184081314244296,-0.0007382973909791609,0.9999987210006953
2025-06-09T21:49:21.513807,-2.0958939341555305,2.9507395852701923e-05,0.13865147405459913,-3.089735882237893e-05,-0.0013918629765334943,-0.0007500233582308797,0.9999987496131032
2025-06-09T21:49:21.562743,-2.0959130835255335,3.045590726502717e-05,0.13864945539605972,-3.278000971258908e-05,-0.001424840350015985,-0.0007557814124468642,0.9999986987741057
2025-06-09T21:49:21.608326,-2.0959265181585347,3.058775986219279e-05,0.13864908369379542,-3.349544600588644e-05,-0.001435074081324496,-0.0007584239022826895,0.999998682115942
2025-06-09T21:49:21.664920,-2.0959357510592964,3.0001006778899195e-05,0.13864921364062824,-3.272642705518078e-05,-0.0014339201573735846,-0.0007614817802507608,0.9999986814728616
2025-06-09T21:49:21.712758,-2.0959414742707034,2.9798833175262972e-05,0.1386504702052072,-3.294877374470989e-05,-0.001415221836215698,-0.0007649739830254854,0.9999987054373312
2025-06-09T21:49:21.760374,-2.0959551839879205,2.9163035232139013e-05,0.13864884824579266,-3.1520330643879406e-05,-0.0014313674018231978,-0.0007661421564336654,0.9999986816091438
2025-06-09T21:49:21.814990,-2.0959656517923433,2.8905342409456693e-05,0.13864963580950018,-3.176856975422616e-05,-0.0014214217146210778,-0.0007711874911660349,0.9999986919096049
2025-06-09T21:49:21.856631,-2.095974332515902,2.8824062604803137e-05,0.1386494491545908,-3.105207091938923e-05,-0.0014192680714114276,-0.0007744733333868113,0.9999986924516283
2025-06-09T21:49:21.908238,-2.095991400764497,2.8375191899638838e-05,0.13865007676384886,-3.221566189661818e-05,-0.0014161490831385993,-0.0007851024375052895,0.9999986885481841
2025-06-09T21:49:21.958337,-2.0960061619572348,2.8307691915681907e-05,0.13865021562294094,-3.250481086047104e-05,-0.0014128082552680755,-0.0007968503562971777,0.9999986839720245
2025-06-09T21:49:22.016241,-2.0960245268295634,2.9572655874793784e-05,0.13865006016442505,-3.254999615579543e-05,-0.0014187362836165461,-0.0008077720847353315,0.9999986668151687
2025-06-09T21:49:22.062972,-2.0960482541593377,3.0688508927358116e-05,0.13864869002361602,-3.466097662594022e-05,-0.0014400255186464688,-0.0008176550221756721,0.9999986282817528
2025-06-09T21:49:22.117400,-2.0961947910461465,1.4196530054738936e-05,0.13865113721770017,-3.183174173487939e-05,-0.0013792014971538765,-0.003638704883228585,0.9999924282797062
2025-06-09T21:49:22.164099,-2.0964779988621953,0.00024386469955893345,0.1386563130917439,-6.209581807962128e-05,-0.0013518395619459495,-0.010551542212778129,0.9999434152145011
2025-06-09T21:49:22.217220,-2.0969280039194573,0.0007495056245489356,0.13865743537452885,-7.653463410683438e-05,-0.0013344838461690266,-0.021120379281017204,0.9997760463595535
2025-06-09T21:49:22.261305,-2.097653652140699,0.0015883981560234639,0.13865921116331656,-9.149627288246309e-05,-0.0013018382053830893,-0.03535370996916655,0.999374010086882
2025-06-09T21:49:22.319412,-2.0987364254903054,0.002808617143903074,0.1386534918146658,-7.9805117243828e-05,-0.0011950487702047576,-0.05350643531038638,0.9985667863843438
2025-06-09T21:49:22.371413,-2.1000345109794685,0.004702593753827091,0.13866287890893317,-0.00012413023122569145,-0.0012271024964779363,-0.07565187190980105,0.9971335282135949
2025-06-09T21:49:22.415580,-2.101519879401505,0.00722451874849534,0.13866752785978437,-0.00014498819555702758,-0.0011411100983895798,-0.10341862247045124,0.9946372531594023
2025-06-09T21:49:22.466795,-2.102659957953226,0.010469455676720855,0.13866598006440328,-0.0001875011946426141,-0.0011898917190672393,-0.1378218399390728,0.9904563036483778
2025-06-09T21:49:22.514400,-2.102706922232767,0.014252743466523454,0.1386612446130901,-0.00024964608196496874,-0.0012734492440536743,-0.17922448299881993,0.9838073493818098
2025-06-09T21:49:22.563515,-2.1010189785926263,0.01797064033234576,0.13867293598253663,-0.00027164812033983465,-0.0010995897499737966,-0.22384712497413634,0.9746236102980955
2025-06-09T21:49:22.608340,-2.098629829384073,0.02117407583867078,0.138678894317074,-0.0002975952425002537,-0.0009963738833594143,-0.2663119373875775,0.9638863370133594
2025-06-09T21:49:22.666785,-2.096114695467366,0.02386064501594904,0.1386815260399286,-0.00032448554999792156,-0.0009413230642602262,-0.3052364820148914,0.9522760622147285
2025-06-09T21:49:22.715420,-2.093730339067684,0.026174588824651755,0.13868135243603466,-0.00036170449685013484,-0.0009177748353000914,-0.34030438129214874,0.9403148169270633
2025-06-09T21:49:22.765043,-2.091607533079417,0.028262204128616984,0.13867920501499595,-0.00040277720734754885,-0.0009141811557589338,-0.3716395763416824,0.9283765547125319
2025-06-09T21:49:22.808624,-2.0896031233893684,0.03018587234983111,0.13867642815282083,-0.0004459516821443965,-0.0009383546835531658,-0.3996450870553265,0.9166693651530664
2025-06-09T21:49:22.856736,-2.087725928570292,0.0318663443165945,0.1386780485985045,-0.00045234006586880593,-0.0008951540352304098,-0.4251891893556675,0.9051039428390467
2025-06-09T21:49:22.919375,-2.0859574028859496,0.03334207165217842,0.13867541914191514,-0.0005070585303582065,-0.0009423423999459182,-0.44849683427618525,0.8937837795164378
2025-06-09T21:49:22.968456,-2.0842130458122474,0.03459903746195231,0.1386750859256222,-0.000512243597033335,-0.000897976442617858,-0.4696199679321307,0.8828680631692544
2025-06-09T21:49:23.007017,-2.082530164932148,0.03568348753094969,0.1386751790463306,-0.0005537869936379504,-0.0009203864659347519,-0.48893817634073583,0.8723177780633126
2025-06-09T21:49:23.063739,-2.081016815162971,0.036627219467501006,0.138670464214711,-0.0006125858661091277,-0.0009752249850240764,-0.5064034253401954,0.8622959146827164
2025-06-09T21:49:23.111834,-2.0796430801073473,0.03786720422139641,0.1386754102683458,-0.0005970189400159587,-0.0009018988085664364,-0.5234270667391226,0.8520697952349927
2025-06-09T21:49:23.160464,-2.0783385718157934,0.03881054059734618,0.138669382682938,-0.0006437821292816781,-0.0009419333664025427,-0.5387173872757206,0.8424857713652645
2025-06-09T21:49:23.234713,-2.0765194668136226,0.03875425280694731,0.1386599204623563,-0.0007539977331647574,-0.001046523691167106,-0.5542690462693514,0.8323365669146382
2025-06-09T21:49:23.256748,-2.0739475026260914,0.03661064192882103,0.13866188851399797,-0.0007562863411043619,-0.0009956413182376396,-0.5698796531815363,0.821727216063231
2025-06-09T21:49:23.306858,-2.0707721797332344,0.03240335921758998,0.1386638734809459,-0.0007648901053566303,-0.0009541473976035627,-0.585656890063184,0.8105581482332962
2025-06-09T21:49:23.361193,-2.0669384273538287,0.025773428444119874,0.13866692382760004,-0.0007113461777059626,-0.0008500989753283017,-0.6017285523816656,0.7986998939320156
2025-06-09T21:49:23.410786,-2.062376410007474,0.016004059843302273,0.13866265371331624,-0.0007012005178095859,-0.0008009914596519282,-0.6184637372850614,0.7858126191363372
2025-06-09T21:49:23.457128,-2.0574865718904785,0.002434130784962945,0.13865155255104167,-0.0007931265436315615,-0.0008617807549322963,-0.6356522899270953,0.7719746074804897
2025-06-09T21:49:23.506683,-2.052663980687729,-0.016117676194225983,0.13865980920024298,-0.0007273730344314333,-0.0007177070109082894,-0.6520842474228118,0.7581458237622499
2025-06-09T21:49:23.558323,-2.048256551021087,-0.040063449879410275,0.138654626692237,-0.0006962863129595376,-0.0006518494670259157,-0.6665333800686675,0.7454745760466148
2025-06-09T21:49:23.608504,-2.0445985434251353,-0.06923718303414521,0.13863992841763154,-0.0007430884580222341,-0.0006857565300751019,-0.6783288816089167,0.7347577192059443
2025-06-09T21:49:23.658162,-2.041713251581665,-0.10326726026084668,0.1386473111127147,-0.0005488063283186073,-0.00048409709557813586,-0.6869621718646355,0.7266928091626057
2025-06-09T21:49:23.715094,-2.039559917552947,-0.14029065540171248,0.13864117081028202,-0.0005349792847708645,-0.00048702231427883206,-0.6911636466980572,0.7226979245089014
2025-06-09T21:49:23.768789,-2.037888706360068,-0.17897715940936604,0.13864234677971854,-0.00047855422856546426,-0.00044070043409911866,-0.6921345007416149,0.721768252039485
2025-06-09T21:49:23.812606,-2.036415917694944,-0.21782895169537256,0.13864864652600659,-0.00039017793128959244,-0.00035337467418552294,-0.6926901368672417,0.7212351192048011
2025-06-09T21:49:23.868929,-2.0349109819297624,-0.25669626523588535,0.13864563677128344,-0.0004101646645384705,-0.0003738368985682468,-0.6932724944852038,0.7206753363347358
2025-06-09T21:49:23.913647,-2.0333265377420973,-0.2956362337549563,0.13864379100741478,-0.0004188933986657428,-0.00038218138477882544,-0.6938786402003445,0.7200917380024788
2025-06-09T21:49:23.958433,-2.0317725076248463,-0.3345843899980199,0.13864129251619967,-0.0004353779060333185,-0.0003985305445365873,-0.6944451836365817,0.7195453693433365
2025-06-09T21:49:24.022666,-2.030315060193793,-0.3735494341236439,0.13864406281812555,-0.0003931435483552348,-0.0003559865117092446,-0.6949642278564341,0.7190441159704072
2025-06-09T21:49:24.060267,-2.028972573681864,-0.41245964019450365,0.13863983097325255,-0.0004281572788823461,-0.00039068663152043665,-0.6954570915568832,0.718567392697819
2025-06-09T21:49:24.118690,-2.0276886651097112,-0.45142333945488583,0.138645274578777,-0.00035702220850081234,-0.0003175339903168002,-0.6959150909624995,0.7181239154059442
2025-06-09T21:49:24.161557,-2.02645711541546,-0.4903397198159018,0.13864142388277975,-0.00038676028541112517,-0.0003482894547764395,-0.6963484519740717,0.7177036732135703
2025-06-09T21:49:24.215755,-2.0252571089200324,-0.5292651810530609,0.1386382488050386,-0.0004101551743292964,-0.00037203610752277396,-0.6967558607522725,0.7173081373226067
2025-06-09T21:49:24.270364,-2.0240922059886284,-0.5682205029321094,0.13863659107182866,-0.00041811834036492584,-0.00037903496546839744,-0.6971332504580956,0.7169413592583975
2025-06-09T21:49:24.310442,-2.0229689685697623,-0.6071631763356645,0.1386338707842167,-0.0004388804164239257,-0.0003982393587813786,-0.6974901636529697,0.7165941113327312
2025-06-09T21:49:24.366650,-2.0218881029572144,-0.6461560533069646,0.1386407369405475,-0.00035168581891797935,-0.0003113178159435162,-0.6978205948557012,0.7162724319653365
2025-06-09T21:49:24.410316,-2.020852017240358,-0.6850776047887528,0.1386335140797631,-0.00042182923113903703,-0.0003807978499656571,-0.6981358969944923,0.7159650455020783
2025-06-09T21:49:24.470358,-2.019844159545439,-0.7240366495765662,0.13863425050574868,-0.0004026511550859756,-0.0003622099424408001,-0.698439828474941,0.7156685773987146
2025-06-09T21:49:24.518666,-2.0188703458320205,-0.762982670457643,0.13863124463522306,-0.00042628217950407837,-0.0003856881325882934,-0.6987249668093164,0.7153901664724556
2025-06-09T21:49:24.562736,-2.0179260801357963,-0.8019546781431514,0.1386348547791939,-0.000376211366747925,-0.0003353169903143542,-0.6989948883200807,0.7151264868049018
2025-06-09T21:49:24.620585,-2.017018752259145,-0.8409119529824156,0.13863333284005136,-0.0003834637198230628,-0.00034275554768098404,-0.6992452110756658,0.7148817176722019
2025-06-09T21:49:24.663790,-2.0161483326771266,-0.8798668645232921,0.13863033462230057,-0.0004068746341494013,-0.00036597490705255056,-0.6994803284828558,0.7146516428169152
2025-06-09T21:49:24.708367,-2.0152933496770356,-0.9188321058446759,0.1386288260426253,-0.000415690074295094,-0.00037307652235531543,-0.6997047237363181,0.7144319334945446
2025-06-09T21:49:24.768359,-2.014459173979713,-0.9578053509535567,0.13862963347603835,-0.0003984362155445286,-0.000354325724463408,-0.699920244325116,0.7142208112941915
2025-06-09T21:49:24.818444,-2.013649693602117,-0.9967340387002654,0.13862214171669696,-0.00047075770494864333,-0.0004270376571467176,-0.7001302776419194,0.7140148390300244
2025-06-09T21:49:24.860190,-2.012871954881854,-1.0357170491262004,0.13862707182183598,-0.0004053848719857144,-0.0003622519988021085,-0.7003228950507044,0.7138259921748402
2025-06-09T21:49:24.919386,-2.012109453790641,-1.0746920928151529,0.13862986963227245,-0.00036559072505704115,-0.0003217780374894653,-0.7005079712533362,0.7136444107627072
2025-06-09T21:49:24.968436,-2.01135850159522,-1.11365186214579,0.13862575654506587,-0.0004024964269133125,-0.0003576029458999169,-0.7006891383380203,0.7134664964326511
2025-06-09T21:49:25.019567,-2.010628198851381,-1.1526454102170296,0.13862815924793181,-0.0003662209621234647,-0.00032149294668205034,-0.7008645155066313,0.713294254447733
2025-06-09T21:49:25.062484,-2.009915442803906,-1.1915857559757597,0.1386235981528357,-0.00040603368543135065,-0.0003621263838215541,-0.7010340430002026,0.7131276004726775
2025-06-09T21:49:25.114320,-2.0092289260656946,-1.2305785872425385,0.13862687619794994,-0.00036144150801603603,-0.0003162693990167076,-0.7011925948813312,0.712971748540774
2025-06-09T21:49:25.160257,-2.008584550583661,-1.2695700051452419,0.13862910009789156,-0.00032601325969222605,-0.00028243210440867246,-0.7013340329391883,0.7128326508997148
2025-06-09T21:49:25.214234,-2.007954623202928,-1.308534490995697,0.13862791133411115,-0.0003309179776079807,-0.0002866008541978554,-0.7014685539309813,0.7127002709408918
2025-06-09T21:49:25.263884,-2.007331754960466,-1.3474819708594528,0.13862157596606045,-0.00039232653072285295,-0.0003480028797740852,-0.7016067043127664,0.7125642128519138
2025-06-09T21:49:25.312509,-2.0067144460248705,-1.386475090804939,0.13862412217570758,-0.00035599290738380635,-0.0003112079288891697,-0.7017446410452999,0.7124284070577747
2025-06-09T21:49:25.368179,-2.006101488518787,-1.4254267296738061,0.13861912181572247,-0.0004025031689244285,-0.00035722332854974757,-0.7018922860731954,0.7122828996498766
2025-06-09T21:49:25.411484,-2.0055080360467743,-1.4644254367052603,0.138623479232238,-0.0003451914406036316,-0.0003000790108394725,-0.7020311744944661,0.712146067063055
2025-06-09T21:49:25.461294,-2.0049332826972255,-1.5033793113091065,0.13861947030220587,-0.000380444871957597,-0.00033609834798045517,-0.7021683798913577,0.712010750326388
2025-06-09T21:49:25.513356,-2.0043646940800195,-1.5423475910422315,0.13861597274252163,-0.00041253552107811675,-0.0003655981442659815,-0.7023089799113829,0.7118720340681136
2025-06-09T21:49:25.562030,-2.003816098291421,-1.5813284190374823,0.1386163679340806,-0.0003988905985398138,-0.00035201736967666015,-0.7024469590038449,0.7117358967737348
2025-06-09T21:49:25.611246,-2.0032868098944037,-1.620293162674189,0.13861365339118886,-0.0004203807094776968,-0.00037314638413031976,-0.7025806776507733,0.711603875364388
2025-06-09T21:49:25.663826,-2.0027643841366958,-1.6592868194236747,0.13861765030256898,-0.0003668923030508141,-0.0003192015594901851,-0.7027239313192486,0.7114624655254993
2025-06-09T21:49:25.714472,-2.0022788184277283,-1.698282578363968,0.13862105698644722,-0.00031891645132831053,-0.0002728189331806764,-0.7028581599617721,0.7113299029545144
2025-06-09T21:49:25.771399,-2.0017995874096455,-1.737241961989693,0.13861645654715968,-0.000361127408837647,-0.00031443815248511107,-0.7030041921008273,0.7111855430225688
2025-06-09T21:49:25.810970,-2.001337209003887,-1.7762118415470796,0.13861327140267252,-0.00038833166243201767,-0.00034041003156998423,-0.7031576071951637,0.7110338337681985
2025-06-09T21:49:25.861301,-2.0008833301580897,-1.8151863647100215,0.1386143740871057,-0.0003659613059749378,-0.00031874816591229084,-0.7033276720531789,0.7108656344177746
2025-06-09T21:49:25.916964,-2.000458665141104,-1.8541717600178516,0.13862461922187674,-0.00032244219935895213,-0.0003244957876252289,-0.7035199908282985,0.7106753219568434
2025-06-09T21:49:25.969478,-2.000054538525959,-1.8930683526626595,0.13867797245723804,-0.0004992419085216859,-0.0005244249034189817,-0.7037260901137251,0.7104710168819603
2025-06-09T21:49:26.019575,-1.9996594530206913,-1.9320796461869378,0.1386866023590993,-0.00043154280136398215,-0.00047388391020891326,-0.7039947702857603,0.7102048666512712
2025-06-09T21:49:26.069366,-1.9994585677962338,-1.9687053058781587,0.13869860698067518,-0.0003086250147011915,-0.0003474122913526825,-0.7044358107701728,0.7097675482577867
2025-06-09T21:49:26.116941,-1.9993645713419048,-2.00103844238289,0.13870276147541646,-0.00032388392900556395,-0.00034244687086248775,-0.7048781936049915,0.7093282103578747
2025-06-09T21:49:26.170441,-1.9993231917653447,-2.0290698598897245,0.13870698335152376,-0.00033530856450403324,-0.00033448482367925796,-0.7052683846434005,0.7089402522854503
2025-06-09T21:49:26.216872,-1.9993561231563572,-2.052800938648366,0.13870630736049977,-0.0003243184465674398,-0.0003293929951011245,-0.7056359330683262,0.7085744253644728
2025-06-09T21:49:26.262855,-1.9994327556465614,-2.072261797765658,0.13870851681240326,-0.0003361744091128771,-0.0003299673191601994,-0.7059152834528344,0.7082961179450581
2025-06-09T21:49:26.318487,-1.9994753772600897,-2.0890689269618288,0.13869135820789755,-0.00047366587435770935,-0.0004866287614157083,-0.7047473230332124,0.7094580674786982
2025-06-09T21:49:26.370641,-1.9997124248024438,-2.104610439006183,0.13869365459416932,-0.0005311248677408732,-0.0005269225422831558,-0.7010620841463445,0.7130998488510519
2025-06-09T21:49:26.419715,-1.9999813357228302,-2.1189570047829878,0.13870108558210287,-0.0005159373715238337,-0.0004920143155305151,-0.6950354266149826,0.7189751369002068
2025-06-09T21:49:26.462479,-2.0003562498547605,-2.1318895247613225,0.13869667284120765,-0.0005376725402012617,-0.0005066492199296995,-0.6863056795200987,0.7273128408554761
2025-06-09T21:49:26.512798,-2.000855081207524,-2.1434508312624794,0.138695725127088,-0.0005194238570698229,-0.0004960367645658191,-0.6746439490855266,0.7381429577721854
2025-06-09T21:49:26.560582,-2.0014848812294144,-2.1535901794974506,0.13869865535937803,-0.0005027745143985074,-0.0005146666257522248,-0.6598529339863698,0.751394428942371
2025-06-09T21:49:26.614588,-2.0022836333783074,-2.1622784863675455,0.138700401791928,-0.0004899364570812859,-0.0005404814862928812,-0.6416479435375544,0.7669989468024442
2025-06-09T21:49:26.666849,-2.0033432618401044,-2.1694767836173403,0.13869809516971418,-0.0004950809933046419,-0.0005873785762778981,-0.6196776369385167,0.7848560607904573
2025-06-09T21:49:26.710946,-2.004887180939835,-2.17512752589562,0.1386962034826128,-0.000489954706848761,-0.0006295655669784622,-0.5934151741077651,0.8048961390951214
2025-06-09T21:49:26.770577,-2.007087711803334,-2.179186921582862,0.13869874541816968,-0.0004402613313721492,-0.0006145437094935888,-0.5623172864324745,0.8269212162505009
2025-06-09T21:49:26.816277,-2.01016981445592,-2.1816195448367406,0.13869637055022357,-0.00042864652619584165,-0.0006607957796814639,-0.5257450990394832,0.8506417991417171
2025-06-09T21:49:26.865859,-2.0138232499877673,-2.1834422005384915,0.1386888927869145,-0.00044203401950806964,-0.0007615727945334219,-0.48555551806231306,0.8742053897637804
2025-06-09T21:49:26.913495,-2.0173124747383664,-2.1853007282699233,0.1386849669605315,-0.000429400424550197,-0.0008242342777586997,-0.444814389953047,0.8956222946889104
2025-06-09T21:49:26.965625,-2.0204981433758133,-2.1875974362422608,0.13867401720929023,-0.0004486100838896889,-0.0009700028173171923,-0.4028847804411014,0.9152500814162503
2025-06-09T21:49:27.015757,-2.0234240144739397,-2.1904936387344986,0.13867119178139514,-0.0004107577528527362,-0.000990154911727025,-0.3595304719580947,0.933132729361107
2025-06-09T21:49:27.063568,-2.026087776431791,-2.1937316445220314,0.13867124977916842,-0.00035652420031231924,-0.0009679216575931695,-0.315241422466943,0.9490109491355608
2025-06-09T21:49:27.115367,-2.0283768188182485,-2.1972566153612636,0.13867442949128608,-0.0002971222148460684,-0.0008980260881435629,-0.2702683508339025,0.9627845677019637
2025-06-09T21:49:27.166481,-2.030396020228595,-2.2009585768896502,0.1386670192514157,-0.0002772799111619012,-0.0009625817263552098,-0.22472469125080388,0.9744217822352402
2025-06-09T21:49:27.219581,-2.032055129272423,-2.2048234286986226,0.13866537359280368,-0.0002353472248603355,-0.0009525784727531282,-0.17861585996277168,0.9839183969088577
2025-06-09T21:49:27.261278,-2.033337468997204,-2.2088187103841745,0.1386702178430529,-0.00018409118451623296,-0.0008439738919678101,-0.13215693551353397,0.9912284288771066
2025-06-09T21:49:27.319383,-2.034297089708457,-2.212917143040036,0.13865913432833915,-0.00016689390534394,-0.0009300112797252018,-0.08540175402655428,0.996346148501931
2025-06-09T21:49:27.365960,-2.034828416128753,-2.217101172718292,0.13865739505733332,-0.00013192463620757477,-0.0009084218328004395,-0.03842816401752396,0.9992609436858355
2025-06-09T21:49:27.409501,-2.035016222426363,-2.2213235785051735,0.1386555778013433,-0.00010279974445554212,-0.001021726287721437,0.008626231345886274,0.9999622661082631
2025-06-09T21:49:27.472736,-2.034723025529714,-2.225557769707705,0.1386696976836235,-5.7606206211820166e-05,-0.00086713068312071,0.0556545279907672,0.998449707436498
2025-06-09T21:49:27.520636,-2.034089183100543,-2.2297449964477516,0.1386696697579817,-6.415936348126705e-06,-0.0009039772136331112,0.1025500406212196,0.9947274360107996
2025-06-09T21:49:27.562808,-2.0330743205866795,-2.233850412566842,0.1386758188297151,8.71702175942457e-05,-0.0009885049144800141,0.14921502558698163,0.988804273553904
2025-06-09T21:49:27.616405,-2.0316714862116934,-2.2378287297334767,0.13867806282716788,0.00015367022556926624,-0.001013295738496853,0.19555542710593843,0.9806921150629397
2025-06-09T21:49:27.674755,-2.0299496696170194,-2.2415901052900944,0.13868018378927255,0.00019416856382893644,-0.000977983187018957,0.23988960418260613,0.970799661955322
2025-06-09T21:49:27.714899,-2.0280498394687183,-2.2450457987038974,0.1386739023746753,0.0002311731558566066,-0.0009934198654364366,0.2808914850188078,0.9597389922889827
2025-06-09T21:49:27.767100,-2.0260650403224743,-2.2480042539336593,0.13867305183660056,0.0002661503326339687,-0.000979031484074578,0.3182255141955999,0.948014500298545
2025-06-09T21:49:27.814254,-2.0239557139970925,-2.250524257556892,0.1386730760098413,0.0002939245472286245,-0.0009257499209355441,0.35218601054084236,0.9359295222263108
2025-06-09T21:49:27.871349,-2.0218863866058188,-2.2526734415457907,0.1386801888860206,0.00033702611143970884,-0.0009038855961531678,0.3829083844062418,0.9237858185508323
2025-06-09T21:49:27.918445,-2.0199447537438604,-2.2545780790723584,0.1386729655479105,0.0004216139331435498,-0.0010168483081300947,0.4109342937622106,0.9116642992194895
2025-06-09T21:49:27.964592,-2.0179460857789673,-2.2561832135388435,0.13867203999160574,0.0004419156211502018,-0.0009882101107732454,0.43643750707189255,0.8997339220971012
2025-06-09T21:49:28.018732,-2.0160977636203445,-2.2575153873166363,0.13867652169232017,0.0004399142857016425,-0.0009231005949055157,0.45957663471420945,0.8881375294319428
2025-06-09T21:49:28.070316,-2.014240957320383,-2.258678116630901,0.13867945050945224,0.0004434525225129882,-0.0008748207259705674,0.48084271251397254,0.8768063206094964
2025-06-09T21:49:28.123925,-2.012578120641629,-2.259732087032981,0.1386735802309523,0.0005154488827729398,-0.000952642050657286,0.5002537130933296,0.8658781954304597
2025-06-09T21:49:28.164621,-2.0109288768360734,-2.2605838681856905,0.138671994934317,0.0005607416741251758,-0.0009808479250730537,0.5178854912349903,0.8554492044969215
2025-06-09T21:49:28.210664,-2.0093943872599045,-2.261265752899387,0.1386692237620656,0.0006035624445214216,-0.0010106211448176747,0.5340308279003991,0.845464185645549
2025-06-09T21:49:28.271384,-2.007952313087663,-2.2618829816680828,0.13867196711611635,0.0005975512145310335,-0.0009651874651377015,0.548664987429405,0.8360415318121428
2025-06-09T21:49:28.312967,-2.0065920414378633,-2.2623907409920996,0.13867055349588028,0.0006110549116439823,-0.0009438587251195405,0.5619910408836933,0.8271425546476646
2025-06-09T21:49:28.361586,-2.0044921926891712,-2.2615196041948344,0.13865599138392512,0.0007354106266810878,-0.0010935088453593949,0.5749488692853125,0.8181882797481005
2025-06-09T21:49:28.411867,-2.001888501755917,-2.258475889715752,0.13865952950075316,0.0007460127941725236,-0.0010571684230305095,0.5871755939269128,0.8094585522164884
2025-06-09T21:49:28.462477,-1.9989513544337327,-2.2531261739989246,0.13866497639963737,0.0007347079439146695,-0.001024722115632462,0.599323239943818,0.8005061300277891
2025-06-09T21:49:28.515083,-1.9953887339718661,-2.245312252279887,0.13867272995466928,0.0006825749224300126,-0.0009318437378597854,0.6116428451196826,0.7911331719581878
2025-06-09T21:49:28.561813,-1.991356955931824,-2.234518144750903,0.13867427216072872,0.0006505937065821587,-0.0008715938567237572,0.6243411649969913,0.781151026845755
2025-06-09T21:49:28.611407,-1.9868700435905677,-2.219899594192642,0.13866343659842026,0.0007616006844608503,-0.000978479298060012,0.6371574049809767,0.7707327058199673
2025-06-09T21:49:28.671735,-1.9822599860363117,-2.2003425528497202,0.13867418261829978,0.0006770641320236748,-0.0008508911546098667,0.6489184068792596,0.7608572262794696
2025-06-09T21:49:28.722582,-1.9778060629701795,-2.1754153213560246,0.13867382369978165,0.0006496696040430572,-0.0008157701153138493,0.6580799036015387,0.7529473772610635
2025-06-09T21:49:28.760455,-1.9736635784852528,-2.145412643503787,0.13868193944668683,0.0006013673468079905,-0.0007786009478823507,0.66400387425133,0.7477284848908073
2025-06-09T21:49:28.816781,-1.9698105528682774,-2.1108325676224746,0.1386868618301021,0.0006257725209790622,-0.0007438340661911812,0.6666599731899155,0.7453613454332437
2025-06-09T21:49:28.862872,-1.9658515403011596,-2.0730596381091653,0.13870460481181662,0.00046164366380468936,-0.0005625074124972373,0.6678185974825225,0.7443237140700377
2025-06-09T21:49:28.913650,-1.9618492229463462,-2.034686932399061,0.138705103516004,0.0004589718875024905,-0.0005482711207923741,0.6707511818262,0.7416821022664231
2025-06-09T21:49:28.972756,-1.9576299388203673,-1.9962096590406724,0.13870565273726737,0.00045603811727262783,-0.0005449197128959656,0.6752446863714134,0.7375934575488816
2025-06-09T21:49:29.009450,-1.953585296688764,-1.9576186926625954,0.13870956683811203,0.0004064503595991864,-0.0004921247123802619,0.679744027104166,0.7334491463132147
2025-06-09T21:49:29.069621,-1.9500891582391933,-1.9189193611041007,0.13870573739742742,0.0004514529355456043,-0.0005308095194297251,0.6839965133149589,0.7294849444673142
2025-06-09T21:49:29.115784,-1.947302823155016,-1.88021979060277,0.13870598585270713,0.00045765627722987867,-0.0005265711853763154,0.6878392520612837,0.7258627119485423
2025-06-09T21:49:29.170382,-1.9450724108900992,-1.84152301445528,0.13870185719255865,0.0004964150130293277,-0.0005564479275919392,0.6914049628857629,0.7224670381649086
2025-06-09T21:49:29.212457,-1.9432218197561735,-1.802774423273383,0.13870688723369368,0.0004409056369544806,-0.0004970322518757298,0.6948200684161284,0.7191833084043086
2025-06-09T21:49:29.267051,-1.9416628351892538,-1.7640596575670646,0.13869895204088148,0.0005271073052542927,-0.000580282937473979,0.6981498886791535,0.7159511983137447
2025-06-09T21:49:29.314958,-1.9404143659114355,-1.7252431181439936,0.13870360358094183,0.00047039146939886745,-0.0005205063599224519,0.7013841347206179,0.7127831390873419
2025-06-09T21:49:29.369008,-1.939512524013922,-1.6864536786135784,0.13869823078263155,0.0005249950610252685,-0.0005699705243816771,0.7045121866701729,0.709691467010136
2025-06-09T21:49:29.411705,-1.9389885743721453,-1.6476504487741312,0.13871475368353708,-0.0005613235477476275,0.000604722426778624,-0.7075135258218128,-0.7066993207905669
2025-06-09T21:49:29.460734,-1.9388328580136325,-1.6088158127336243,0.1387177792815355,-0.0005254071783888925,0.0005652783187343883,-0.710402566774309,-0.7037951388921301
2025-06-09T21:49:29.518360,-1.93900670851251,-1.5700389954061287,0.1387112779162747,-0.0005957603257285561,0.0006289873588122382,-0.7132138901415458,-0.700945929693368
2025-06-09T21:49:29.571751,-1.9394605529050124,-1.5312013457308047,0.13871723999785524,-0.0005277585638602256,0.0005583585907325343,-0.7159757299509952,-0.6981247480412952
2025-06-09T21:49:29.619398,-1.9402261898754556,-1.4924073713308383,0.13870964462748728,-0.0006104808987448807,0.0006324584825459278,-0.7187037988547529,-0.695315810852225
2025-06-09T21:49:29.669487,-1.9413043622172204,-1.453577321785233,0.13871202787477852,-0.0005798274409354875,0.0006003848595831625,-0.7213994619288506,-0.6925186782079772
2025-06-09T21:49:29.718509,-1.942681541676416,-1.414761928867105,0.13871375173897144,-0.0005575580446479101,0.0005753391562585994,-0.7240888259274177,-0.6897062637680885
2025-06-09T21:49:29.769393,-1.9443697354071854,-1.3759825174524587,0.13871223422733273,-0.0005720762492212872,0.0005857554415080687,-0.7267850035473244,-0.6868645341244832
2025-06-09T21:49:29.819499,-1.9463672702740176,-1.3372362753555813,0.1387064759595633,-0.0006361993756525131,0.000639215656198974,-0.7295004144298084,-0.6839797745550941
2025-06-09T21:49:29.869394,-1.9486648459006504,-1.2984522531346163,0.13871352783288013,-0.0005560835885504156,0.0005595874374815573,-0.732296628755166,-0.6809853340173789
2025-06-09T21:49:29.914975,-1.9512697238537657,-1.2597364557550135,0.13871062299203726,-0.0005862997430584604,0.0005842802981236505,-0.7352104020541287,-0.6778384612727069
2025-06-09T21:49:29.960605,-1.954193339095878,-1.221035200650406,0.1387132823273513,-0.0005548145148016604,0.0005509497379292963,-0.7382964070620961,-0.6744759476470901
2025-06-09T21:49:30.019731,-1.957441169783505,-1.1823824667783807,0.1387149861830621,-0.0005358515274705433,0.0005279925577788402,-0.7416712473787997,-0.6707631436644197
2025-06-09T21:49:30.070406,-1.9610378444991743,-1.1438161673861078,0.13871105404509512,-0.0005802166334796799,0.0005626590348730123,-0.7453919567988125,-0.6666259652182068
2025-06-09T21:49:30.120513,-1.9651191955509422,-1.1052039210858744,0.13870459221718232,-0.0005601739117921389,0.000562049420262496,-0.7473108371595844,-0.6644741401811503
2025-06-09T21:49:30.165293,-1.9696079742102814,-1.0666964296759327,0.13870196722450553,-0.0005318348084658586,0.000523004337842094,-0.7461844466587346,-0.6657388490863345
2025-06-09T21:49:30.221432,-1.9743143863470092,-1.0282259493017238,0.13870388616920487,-0.0005096625231406082,0.0005068772509081343,-0.7435497020876084,-0.6686802852223129
2025-06-09T21:49:30.265012,-1.9787864999822844,-0.9897763096292704,0.13869548485668137,-0.0006079022396376366,0.000602772189314518,-0.7408810485924552,-0.6716357189407804
2025-06-09T21:49:30.313747,-1.9828160952973224,-0.9511281220313874,0.1387038203359564,-0.0005117290001775964,0.0005197635839622753,-0.7385217933826856,-0.6742292107867094
2025-06-09T21:49:30.366068,-1.9864711581223304,-0.9124012887068265,0.13870284695418342,-0.0005180320022318828,0.0005306539731085412,-0.7363937800861784,-0.6765527700775414
2025-06-09T21:49:30.419323,-1.989870034615371,-0.8736467898295428,0.13870609929270966,-0.0004774701707581652,0.0004958324565048986,-0.7343609424320001,-0.678758817550679
2025-06-09T21:49:30.471429,-1.9930762950958623,-0.834957757427904,0.13869618237485964,-0.0005877092320902833,0.0006000806283167587,-0.7323348504242564,-0.6809441690441149
2025-06-09T21:49:30.518700,-1.9960685834316152,-0.7961904388747986,0.13870228257142875,-0.000518168270486008,0.0005371678690224064,-0.7303678459814306,-0.6830536234504355
2025-06-09T21:49:30.567275,-1.9988224968268469,-0.757446616754422,0.1386977038097049,-0.0005681821562487642,0.000587824250963107,-0.7284819444677176,-0.6850645139081578
2025-06-09T21:49:30.618366,-2.001342781349701,-0.7186309744012299,0.13870320093120614,-0.0005048403183067206,0.0005306314311117993,-0.7266706489561506,-0.6869856123036233
2025-06-09T21:49:30.674965,-2.0036629556452388,-0.6798207756466546,0.13870079801815555,-0.0005304159720800339,0.0005572929625365171,-0.7249119025019387,-0.6888411585369085
2025-06-09T21:49:30.716469,-2.00578409188294,-0.6409920820384318,0.13869996518318128,-0.0005384147038065557,0.0005670564577909652,-0.723194684628167,-0.6906437842203074
2025-06-09T21:49:30.768409,-2.007712311882776,-0.6021761687798719,0.13869708271759784,-0.0005693154452389715,0.0005998345561088951,-0.7215097295014287,-0.6924038029309231
2025-06-09T21:49:30.815509,-2.0094304753988728,-0.5633232514399371,0.13869912383502064,-0.0005455825982216278,0.0005795228149949371,-0.7198539600941105,-0.694125091485506
2025-06-09T21:49:30.869745,-2.01097719566774,-0.5244613814646376,0.13869942525894768,-0.0005407866571569553,0.0005774360472051519,-0.7182259176343406,-0.6958095323834766
2025-06-09T21:49:30.920771,-2.0123339890953162,-0.48559954117947585,0.1386968029914126,-0.0005684539426131785,0.00060752007118801,-0.716604902992362,-0.6974788317840088
2025-06-09T21:49:30.968597,-2.013508911469781,-0.44672086210051043,0.1386988435976577,-0.0005445993192663701,0.000586119137737928,-0.714988211661125,-0.6991360504662625
2025-06-09T21:49:31.016718,-2.014501062756199,-0.4078479062384073,0.13869904785047443,-0.0005408131498470525,0.0005856085176932069,-0.7133610711299713,-0.700796223434531
2025-06-09T21:49:31.067552,-2.015327310352691,-0.36898626210580554,0.13869989597045412,-0.0006081174151758573,0.0006532369699092575,-0.7117081934767197,-0.7024746620432476
2025-06-09T21:49:31.122541,-2.015967253090291,-0.3300467913814108,0.1387106888284096,-0.0004872695689662754,0.0005341848594287496,-0.7100133642962057,-0.7041878298690534
2025-06-09T21:49:31.168047,-2.016428448221087,-0.2912000544761872,0.1387019184869688,-0.0005803742219871455,0.0006311090249542877,-0.7082511679771605,-0.7059600186456376
2025-06-09T21:49:31.210444,-2.016686253843634,-0.2523184738857888,0.13870447259203322,0.000549823667367555,-0.0006021957716090573,0.7063943965076144,0.7078179791703731
2025-06-09T21:49:31.270644,-2.01676327958856,-0.21343048437071094,0.13870835803381262,0.0005050848888973891,-0.0005610583721122225,0.7043936204829373,0.7098091697954443
2025-06-09T21:49:31.316079,-2.016643723847548,-0.17460298243822175,0.13870134141472784,0.0005789173295557283,-0.0006403545143441983,0.7021817186271135,0.7119972533842351
2025-06-09T21:49:31.369967,-2.0162873651793443,-0.13575758192423212,0.1387043947118137,0.0005434266122232856,-0.0006074305730673893,0.6996347760949114,0.7145001860001432
2025-06-09T21:49:31.416178,-2.0157209556338502,-0.09693894270145956,0.1387051501187695,0.0005334491312899425,-0.0006026094809258106,0.696545327434324,0.7175123407463097
2025-06-09T21:49:31.471409,-2.0149637281928934,-0.0604645634834873,0.13871622109330128,0.00040416766353451583,-0.0004717048220951285,0.6935847017180999,0.7203748161101103
2025-06-09T21:49:31.521673,-2.0140695286184505,-0.02832852724782241,0.13872024968355987,0.00035129687233459444,-0.00041760476879502425,0.6908541849044267,0.7229939124202948
2025-06-09T21:49:31.566966,-2.013111792041029,-0.0005351548998132356,0.1387193461217421,0.0003512285349647203,-0.0004191143648283747,0.688402627941438,0.7253285619806982
2025-06-09T21:49:31.618376,-2.0121745307841,0.022928828082984437,0.13871921048238578,0.0003434127352176519,-0.00041493488893875686,0.6862976325586034,0.7273206098009237
2025-06-09T21:49:31.668464,-2.0113084696060683,0.04206563206250543,0.13871920137345808,0.00033503141125712505,-0.000407488274673607,0.6846016126260783,0.7289172474959229
2025-06-09T21:49:31.722550,-2.01059247690063,0.056880181307984404,0.13871871404889152,0.0003323761623610922,-0.0004065245990967868,0.6833264213755803,0.7301128173877514
2025-06-09T21:49:31.764950,-2.010045217939165,0.06738068070493486,0.13871910845227,0.0003205465963456722,-0.00039755434311004954,0.6824908269795932,0.730893980197631
2025-06-09T21:49:31.819581,-2.009712617399854,0.0735650371016957,0.1387121927618477,0.0003454979084059339,-0.000430340870752048,0.6821139147884259,0.7312457197754654
2025-06-09T21:49:31.868653,-2.009656937151769,0.07548073673487768,0.13871164089756666,0.000375451183982023,-0.0004561234701258143,0.6821231324504821,0.7312370909381789
2025-06-09T21:49:31.920548,-2.009666641154327,0.07538191286535571,0.13868984696606357,0.0006061187712268489,-0.0007041238459159375,0.6821243005816542,0.7312356496955233
2025-06-09T21:49:31.972688,-2.009667846903101,0.07536178530792989,0.13868868939972745,0.0006151662160833182,-0.0007145675950297713,0.6821243135373656,0.7312356199234666
2025-06-09T21:49:32.014801,-2.0096689687918055,0.07533998888806895,0.13868834661058121,0.0006215705257801574,-0.0007205776146954775,0.6821223820121104,0.7312374104052031
2025-06-09T21:49:32.066896,-2.009673156387734,0.07532611465511023,0.1386889760824503,0.0006135970842871543,-0.0007140473395300846,0.6821229250755944,0.7312369169573772
2025-06-09T21:49:32.112981,-2.0096762478772883,0.0753089325226356,0.1386888812309512,0.0006148212914967033,-0.0007149589136724159,0.6821231997245648,0.7312366588362846
2025-06-09T21:49:32.171573,-2.0096793703784326,0.0752922475744119,0.13868925485317163,0.0006136413329960732,-0.0007143209821191544,0.6821236626590266,0.7312362286091162
2025-06-09T21:49:32.212691,-2.0096835580097028,0.07527285229182526,0.13868835032191926,0.0006190429226332617,-0.0007202743357652211,0.6821227191797574,0.7312370983269073
2025-06-09T21:49:32.264886,-2.009686751378291,0.07525629606349012,0.1386884780710651,0.000617361187163934,-0.0007196548168164522,0.6821237536863922,0.7312361353344728
2025-06-09T21:49:32.313981,-2.0096900332967502,0.07523679686795513,0.1386877953215141,0.000622026878265347,-0.0007252181039319722,0.6821234580469243,0.7312364016673201
2025-06-09T21:49:32.370568,-2.0096895105696206,0.07522882930556798,0.13868908517431072,0.0006108538640192119,-0.0007111437333417056,0.6821294459631808,0.7312308391213485
2025-06-09T21:49:32.418447,-2.009690943917989,0.07520612304552428,0.138687685484947,0.0006294618012484541,-0.0007280290931780834,0.6821335106628811,0.731227014942838
2025-06-09T21:49:32.464034,-2.009688350872147,0.07518580900064467,0.1386881714382956,0.0006261581709008368,-0.0007282667750842249,0.6821307501060963,0.7312295927498722
2025-06-09T21:49:32.518793,-2.009685210652901,0.0751676206494217,0.1386879140879826,0.0006262412719784671,-0.0007274334711771669,0.6821309858886667,0.7312293735572785
2025-06-09T21:49:32.570503,-2.009682662089752,0.07515063494293958,0.13868733971971423,0.0006310662628982167,-0.0007319147432299979,0.6821328357561732,0.7312276392748172
2025-06-09T21:49:32.616168,-2.009682139594827,0.07514559094809145,0.1386887318938325,0.0006155440242464615,-0.000716106741981503,0.6821307585835485,0.7312296058632479
2025-06-09T21:49:32.667271,-2.0096803653517106,0.07513781476458029,0.13868969961830716,0.0006022687139127237,-0.000700098276223682,0.6821306330921812,0.7312297494851122
2025-06-09T21:49:32.710880,-2.0096793680819394,0.07512464467132614,0.13869019670574145,0.0005989230016760771,-0.0006981303554320581,0.6821291169377214,0.7312311684624839
2025-06-09T21:49:32.768777,-2.0096810253114414,0.07509884589272517,0.13868842876725357,0.0006194407913479028,-0.0007201683575665963,0.6821217725087104,0.7312379811800108
2025-06-09T21:49:32.810370,-2.0096867850868643,0.07508237414230616,0.1386885198437236,0.000620208335666117,-0.0007224294586929891,0.6821139690433078,0.7312452575390033
2025-06-09T21:49:32.863979,-2.0096878596741,0.07506948700452151,0.13868791814342005,0.0006234876482646978,-0.0007244693812778189,0.6821098830098778,0.7312490642096706
2025-06-09T21:49:32.921678,-2.009686900178246,0.07505641966832306,0.13868999898010312,0.000606105582383054,-0.0007030941265784545,0.682105637907329,0.7312530595010923
2025-06-09T21:49:32.967013,-2.009688210257828,0.07503119601559677,0.13868827601546913,0.0006199823262124649,-0.0007195936330767706,0.6820989753691051,0.7312592465106581
2025-06-09T21:49:33.014938,-2.0096877637747284,0.07502424175376872,0.13868932379487428,0.0006098245025831782,-0.0007080372975724965,0.6821014834154191,0.7312569268866767
2025-06-09T21:49:33.061494,-2.009686822337638,0.07501498871000392,0.13869003203566943,0.0006066439697717807,-0.0007031757908199042,0.682099364660253,0.7312589105487745
2025-06-09T21:49:33.114628,-2.0096882783749996,0.0749937763876316,0.1386885130127255,0.0006211887457981956,-0.0007225599335673043,0.6820935290929041,0.731264322664023
2025-06-09T21:49:33.168511,-2.0096888728480953,0.0749808937977837,0.13868866332035418,0.0006158246783507514,-0.0007151741130062931,0.6820931411359857,0.7312646963317715
2025-06-09T21:49:33.221371,-2.0096890724872045,0.07496863410685346,0.13868906720820698,0.0006136744144802363,-0.0007121059006497628,0.6821020523115604,0.7312563890601277
2025-06-09T21:49:33.264953,-2.0096908306688612,0.07494518458026969,0.13868771626742643,0.0006268688804765833,-0.0007287517762654202,0.6821109824692483,0.7312480314852767
2025-06-09T21:49:33.314059,-2.0096932709873685,0.07492939294391601,0.13868794602033085,0.0006260328018764526,-0.0007273889112114809,0.6821188582965515,0.731240686877113
2025-06-09T21:49:33.361368,-2.009696147327699,0.07491253937558993,0.138687295682788,0.0006290098766891794,-0.0007302971321216457,0.682113270230315,0.7312458940659969
2025-06-09T21:49:33.421551,-2.0096985288849085,0.0748959078915949,0.13868691397038244,0.000629174465881843,-0.000729551458921444,0.6821109670783267,0.731248043064479
2025-06-09T21:49:33.468757,-2.0097000314414375,0.07489064353757788,0.13868924869498905,0.0006099657669822457,-0.0007087931190305506,0.6821101622074822,0.7312488305408494
2025-06-09T21:49:33.521076,-2.0097021825934442,0.07488248857716107,0.13869052384925468,0.0006000382103428792,-0.0006991443558754475,0.682105778689085,0.7312529369720664
2025-06-09T21:49:33.567010,-2.0097044737541143,0.07486237602512516,0.13868898999334406,0.0006158373588612819,-0.000713858639499509,0.6821011611160284,0.7312572168220675
2025-06-09T21:49:33.613649,-2.0097030230403328,0.07485220714385474,0.13868945618953968,0.0006124582784908239,-0.0007089580326099138,0.6820932229812353,0.7312646288700391
2025-06-09T21:49:33.672570,-2.009703095155225,0.0748388194476886,0.13868860851445206,0.0006167500707521256,-0.0007147466802095777,0.6820869891889146,0.7312704342004638
2025-06-09T21:49:33.718683,-2.0097017736069125,0.07482806469593675,0.13868863469062626,0.0006150535290697644,-0.0007128581255611546,0.6820814122277593,0.7312756393015118
2025-06-09T21:49:33.767269,-2.00970040132281,0.07481624202390845,0.1386883064618462,0.0006180418916306162,-0.0007152578094808405,0.6820764373624328,0.73128027460438
2025-06-09T21:49:33.816913,-2.0097005846366898,0.07480629250549933,0.1386891706694354,0.0006152556401845533,-0.0007116472211399076,0.6820722495520329,0.7312841864896023
2025-06-09T21:49:33.867074,-2.0097014900143235,0.07479639654010625,0.13868923692125384,0.000611258487493105,-0.0007083349358370718,0.6820646365793132,0.7312912936392788
2025-06-09T21:49:33.916130,-2.0096997637133285,0.07478942230256586,0.13868991429825267,0.0006060066780587681,-0.0007022872390165664,0.6820660463956301,0.7312899889255796
2025-06-09T21:49:33.959494,-2.009698905925043,0.07477421940075675,0.1386887979221639,0.0006160334523819255,-0.0007119823512624034,0.6820707102629195,0.7312856212078518
2025-06-09T21:49:34.018856,-2.009696438517497,0.07476564134180552,0.13869000745334673,0.0006102763893991445,-0.0007052566024612348,0.6820709267126409,0.7312854306693197
2025-06-09T21:49:34.071562,-2.0096992717331714,0.07475340963274106,0.13868909522337497,0.0006096999314149641,-0.0007099356017634101,0.6820666569454448,0.7312894090171824
2025-06-09T21:49:34.119537,-2.0097015026471374,0.07473792857203045,0.13868840080467953,0.0006185127462464135,-0.0007161184731821897,0.6820618164882907,0.7312939102064289
2025-06-09T21:49:34.161623,-2.009496402610322,0.07698307378699623,0.138669127471088,0.0008071553428466991,-0.000914228071932641,0.6818238756481834,0.7315153554665655
2025-06-09T21:49:34.218505,-2.0090218541289557,0.08356193162119271,0.1386725083534604,0.0008001619029778251,-0.0009127965988953519,0.6811724572962613,0.7321219911765191
2025-06-09T21:49:34.261578,-2.0083250748838797,0.09445320970299266,0.13867448962514034,0.0007399426540428689,-0.0008525546968624166,0.6802184811303962,0.7330085562693075
2025-06-09T21:49:34.320891,-2.0073571127807397,0.10965402262088646,0.13867531013519907,0.0007587471955528002,-0.0008755895152026238,0.6789550232656808,0.7341789523188424
2025-06-09T21:49:34.362879,-2.006058557152519,0.12913692810264124,0.13868348434276925,0.000702024067386675,-0.0008190061612071928,0.6772524024128279,0.7357499709936588
2025-06-09T21:49:34.416625,-2.0043687130375782,0.15289829473025066,0.13869554612921645,0.0005850483729102907,-0.0006941913263816624,0.6750449641078937,0.7377760312245013
2025-06-09T21:49:34.468569,-2.002207903344562,0.1809124725945516,0.13869580557349467,0.0005868262499843513,-0.0007015202523618543,0.6722815631057142,0.7402949840519154
2025-06-09T21:49:34.518957,-1.9994690879424397,0.21317712052406845,0.13869625436542804,0.0005858469081413409,-0.0007079827100516186,0.6689313200259843,0.7433236472978487
2025-06-09T21:49:34.562969,-1.9959938362656238,0.2488011110219118,0.13869667755955278,0.0005800678427282382,-0.0007093191167136309,0.6658580410737454,0.7460778977594251
2025-06-09T21:49:34.619119,-1.9918704137772258,0.28568727039697334,0.13869186425489702,0.0006204272076164584,-0.0007561506730762058,0.6650257695079907,0.7468197702234084
2025-06-09T21:49:34.673056,-1.9872063451136888,0.3237893760156353,0.1387034456954757,0.0005592230709320355,-0.0006805588355944719,0.6671194255648328,0.7449502642078032
2025-06-09T21:49:34.721153,-1.9826087215793975,0.36237771054041706,0.1386972870911618,0.0005136318311245724,-0.0006068986718166943,0.671529263459533,0.7409776084159638
2025-06-09T21:49:34.767028,-1.9784783218678874,0.4008836589498134,0.13869376536924652,0.0005466424253924852,-0.0006264525998836303,0.6763017091541447,0.7366242644214088
2025-06-09T21:49:34.819218,-1.9748848916859125,0.43948930539388414,0.13869805277120767,0.00048163487598878985,-0.0005545948647467406,0.6806294697469546,0.7326274533242402
2025-06-09T21:49:34.860704,-1.9717808733292557,0.47810382442688404,0.13869168454236094,0.0005413992494904262,-0.0006161530985174707,0.6844420390746965,0.7290668161351767
2025-06-09T21:49:34.921094,-1.9690879423530308,0.516798097639588,0.1386929921572281,0.0005203056988232202,-0.0005905266144331932,0.6880008976368929,0.7257094083799156
2025-06-09T21:49:34.966983,-1.9667644355516753,0.5555569956127733,0.13870064982550517,0.0004317705704465214,-0.0004919151133970901,0.6916001590119771,0.7222802722269962
2025-06-09T21:49:35.013069,-1.9648193352806664,0.5942520662786549,0.1386922814348802,0.0005221908138382524,-0.0005760147981033293,0.695329950457238,0.7186902361385199
2025-06-09T21:49:35.060590,-1.963273892818766,0.6329887631497447,0.13869162299961596,0.0005239718874126553,-0.0005724105276392491,0.6991395656469833,0.7149848009199892
2025-06-09T21:49:35.113972,-1.9621344680691355,0.6717128261533769,0.13868484422525323,0.000582147902437713,-0.0006238497702516512,0.7029881510748937,0.7112010484831884
2025-06-09T21:49:35.169659,-1.9613999642881434,0.7104851028428879,0.13870292904834725,-0.0005680959809257757,0.000607599887895833,-0.706863578742346,-0.7073494109256725
2025-06-09T21:49:35.208534,-1.9610724900716778,0.7492665290713673,0.13870755242065885,-0.0005144651544529699,0.0005514477566635494,-0.7109294595110986,-0.7032629201303263
2025-06-09T21:49:35.268393,-1.961167669865464,0.7880028222414251,0.13870555111775845,-0.0005353237787062981,0.0005640718756505002,-0.7152849091662506,-0.6988325221184256
2025-06-09T21:49:35.311468,-1.9617094617213717,0.8267118670433102,0.13870457885610352,-0.0005466298852386253,0.0005646909157145572,-0.7200789649216577,-0.693891682179065
2025-06-09T21:49:35.371961,-1.9627240875560577,0.8653414301568161,0.13869475213315258,-0.0006554516503746167,0.0006579313826348109,-0.7254802211402813,-0.6882423891650953
2025-06-09T21:49:35.413039,-1.964257476174097,0.9039650995402317,0.1387005946823609,-0.0005916938883986922,0.0005837955725260628,-0.7318038756775036,-0.6815147809288196
2025-06-09T21:49:35.466955,-1.9664021683218238,0.9423404184764219,0.13869703428469948,-0.0006361930315021968,0.0006071635594305635,-0.7397887235385706,-0.672838666498895
2025-06-09T21:49:35.508531,-1.9691526209942833,0.9783284055659719,0.13871492133871272,-0.000421056400045805,0.0004048917591638441,-0.7482191361358406,-0.663451417282613
2025-06-09T21:49:35.564983,-1.9721901757488176,1.0099564501396612,0.13871519683664094,-0.0003961795240466359,0.00037096038751899133,-0.7567130000228295,-0.653747000778302
2025-06-09T21:49:35.611570,-1.975378645058377,1.0371867408122952,0.1387118865086399,-0.00040688405521377424,0.0003653735431742767,-0.7650628720499543,-0.6439553577370212
2025-06-09T21:49:35.661800,-1.9784973495338256,1.06007585310437,0.138712792676973,-0.0003853940215700069,0.0003411774453425698,-0.7730408239911073,-0.6343560668209527
2025-06-09T21:49:35.711541,-1.9813254130138183,1.0786485458646484,0.13871515441059473,-0.0003781743544510329,0.0003448496324382777,-0.7805654210128385,-0.6250738848983686
2025-06-09T21:49:35.762778,-1.9837130443631348,1.0930029255327436,0.13870961263438758,-0.0003722613666634622,0.00035600756133273234,-0.7875015257494756,-0.6163124869920609
2025-06-09T21:49:35.819153,-1.9855784472881062,1.1032946974463076,0.13871287509165783,-0.0004089912635185655,0.00034968775804111534,-0.793984952384108,-0.6079371726027486
2025-06-09T21:49:35.864815,-1.9871194114517317,1.1117583640421322,0.1386911426714308,-0.0006389372242386337,0.0005033175794295122,-0.8018907609663939,-0.5974701213511647
2025-06-09T21:49:35.919133,-1.9885815012602024,1.120729622408367,0.13868556157851825,-0.0007026678488744054,0.0005248292109789938,-0.812736523177995,-0.582630736148324
2025-06-09T21:49:35.959642,-1.9897002273094624,1.1295018563573045,0.13869389559359285,-0.0006085111610570348,0.000429434656873986,-0.8261091126866925,-0.5635096975527999
2025-06-09T21:49:36.010638,-1.990315906748845,1.1370894337875845,0.1386929156838996,-0.0006105801390663967,0.0004011871028487574,-0.84122787846556,-0.540680240745984
2025-06-09T21:49:36.061509,-1.9901933346327223,1.1433431834750754,0.13868949412411766,-0.0006327426192879182,0.00038011825144001945,-0.8579870556022323,-0.5136707774108868
2025-06-09T21:49:36.117126,-1.9892226416076721,1.148185045737073,0.13868635169646903,-0.0006394110850085899,0.00034618408145302404,-0.8762330180538566,-0.4818870919440321
2025-06-09T21:49:36.161579,-1.9871153349395072,1.1516933343265596,0.13869387435110164,-0.0006610227825824544,0.00035896432998179257,-0.8956611542862173,-0.44473647353929896
2025-06-09T21:49:36.212692,-1.9838150500039078,1.15429872488185,0.1386816472628409,-0.000836322558751823,0.00040320432849744116,-0.9153662600550572,-0.40262109724114664
2025-06-09T21:49:36.269646,-1.9804586161148028,1.1569920307063248,0.13867918177332594,-0.0008726423075091638,0.00037145541164532365,-0.9332036993479141,-0.35934656814786536
2025-06-09T21:49:36.313958,-1.9773300393263757,1.1599490275056112,0.13867714645905352,-0.0009044643526098239,0.00034042606176950684,-0.9491087706451294,-0.3149469916332308
2025-06-09T21:49:36.368543,-1.9747793818868402,1.1633654999345553,0.13867916947953543,-0.0009052402570609019,0.00029002419445482816,-0.9628870488620871,-0.26990299657414796
2025-06-09T21:49:36.421626,-1.97274869717647,1.167036698214308,0.13867704637988698,-0.000953366479361395,0.0002507583261832985,-0.9745138885883439,-0.22432500788151738
2025-06-09T21:49:36.468718,-1.9711150562104915,1.1709405586204353,0.13867690440186492,-0.0009683757238120316,0.00020629012954914792,-0.983963443300399,-0.17836749126806323
2025-06-09T21:49:36.515954,-1.9698553602109077,1.174987440048175,0.1386831604935574,-0.0009532988740189596,0.00014441148888406658,-0.9912543366874403,-0.1319617761509803
2025-06-09T21:49:36.570572,-1.9689416347975925,1.1790797227742387,0.1386809355242859,-0.0009898267043421671,0.00010101888101166317,-0.9963642887543189,-0.08518928414643107
2025-06-09T21:49:36.610590,-1.9683904519063993,1.1832322413680392,0.1386803941634929,-0.0009983648883742369,5.4289869804916794e-05,-0.999268030111164,-0.038241395344753154
2025-06-09T21:49:36.671528,-1.968251371688582,1.187418571041341,0.13868367612427707,-0.0009496700252520915,7.680945119771215e-06,-0.9999607993559443,0.008803284572657475
2025-06-09T21:49:36.717117,-1.9684817559722032,1.1915961327129938,0.13868342497219363,-0.0009482385730311127,-3.694886310411007e-05,-0.998439370565238,0.05583836301040218
2025-06-09T21:49:36.759813,-1.96909743548416,1.1957366029026177,0.13868184425850233,-0.0009643055873049255,-8.377120965944438e-05,-0.9947076065519175,0.10274162041195681
2025-06-09T21:49:36.815054,-1.970081141502812,1.199803137697136,0.13867594489323193,-0.0010413756069928561,-0.00014237358840558893,-0.9887729654943672,0.1494219460925381
2025-06-09T21:49:36.873680,-1.9713709399659174,1.2036200502308008,0.13867524748655724,-0.0010049312282954803,-0.00018858398817981552,-0.9811201453003154,0.19339652281050387
2025-06-09T21:49:36.917251,-1.972898596134285,1.2069389305436773,0.13867066199012557,-0.0010332965623288115,-0.00024695429666134433,-0.972248765818994,0.2339470210864689
2025-06-09T21:49:36.964040,-1.9746479309358347,1.2099877495974471,0.13867249330923342,-0.0009945895685265493,-0.00027764797792074634,-0.9624894018037662,0.271317314446791
2025-06-09T21:49:37.014914,-1.9764683400032108,1.2127126473273537,0.13867903505558227,-0.0009584796531443285,-0.0002928637171803882,-0.9521707980058115,0.3055646690515347
2025-06-09T21:49:37.074035,-1.978285470186277,1.215114803261006,0.1386789303553038,-0.0009645321405191698,-0.0003271947573403025,-0.9414475549056157,0.33715792143086054
2025-06-09T21:49:37.115121,-1.980108121233717,1.2171562206063697,0.1386825325582663,-0.0009063994285296029,-0.00033863023754871196,-0.9304993660178956,0.3662922243372532
2025-06-09T21:49:37.164878,-1.9818989804856222,1.2190408060094255,0.13866702883616458,-0.0010265934846067637,-0.00041130878084690687,-0.9195103266740762,0.39306428999673576
2025-06-09T21:49:37.220964,-1.9836618636736596,1.2206868075503725,0.13867014861327073,-0.0010079756758068492,-0.0004348400818718751,-0.9085533190054564,0.41776747291203714
2025-06-09T21:49:37.266032,-1.9854296001724774,1.222107593096932,0.13867609008412946,-0.0009221933377324132,-0.00042466893182870557,-0.8977276131194424,0.4405497722830137
2025-06-09T21:49:37.308601,-1.987146574837953,1.2233489166705005,0.13867603393749287,-0.0009156218615342105,-0.00045106773303802756,-0.8871062394766167,0.4615641646143715
2025-06-09T21:49:37.371502,-1.9887600896215325,1.2244667345504137,0.13867116541035968,-0.000995438309154828,-0.0005215545503807844,-0.8767919923687487,0.4808685259002338
2025-06-09T21:49:37.411567,-1.9903323374463469,1.2254777939502415,0.13866940957971866,-0.0010169172743659252,-0.000562137048182749,-0.8667700171007187,0.4987067147496773
2025-06-09T21:49:37.465720,-1.9918365512896945,1.2263211800596616,0.13866639442883535,-0.0010106572662210156,-0.0005893566830685922,-0.8570850014925335,0.515173690561867
2025-06-09T21:49:37.517313,-1.9932942165555516,1.2270361293905085,0.13867020070553873,-0.000976612259674603,-0.0005901171589185825,-0.8476848392750965,0.5304989267221817
2025-06-09T21:49:37.563999,-1.9946487786088611,1.2276546362809588,0.138663707122826,-0.0009628084961745276,-0.0006210545049421009,-0.838568851283019,0.5447944281552259
2025-06-09T21:49:37.617091,-1.9966138261584507,1.2268359682028795,0.13865690506903974,-0.0010928989965861557,-0.000717877906380438,-0.8293622641651242,0.558709696534787
2025-06-09T21:49:37.671687,-1.999256671764368,1.22401702564084,0.13866180237481254,-0.00102766725303155,-0.000697754692580459,-0.8201386195390201,0.5721635271310436
2025-06-09T21:49:37.719441,-2.0024315138946185,1.2191410198996422,0.1386652533671425,-0.0009875180200450417,-0.0006914177232974423,-0.8106726419816711,0.5854984323566967
2025-06-09T21:49:37.767035,-2.006199159429386,1.211834881615153,0.1386721352038532,-0.0008787393871802495,-0.0006354882988315557,-0.8007394096954354,0.5990118711113472
2025-06-09T21:49:37.821644,-2.0106335864144533,1.2011611854783817,0.13866439308182643,-0.0009028877874356356,-0.0006777373780429588,-0.7902388500415904,0.6127979155893356
2025-06-09T21:49:37.862829,-2.015580020773485,1.1862656974037056,0.1386578644170024,-0.0009058615377590118,-0.0006901856744292903,-0.7793218544937242,0.6266228133152129
2025-06-09T21:49:37.919602,-2.0207912934416274,1.1665255116233866,0.13866431691639938,-0.000852746298321716,-0.0006734909454179515,-0.7688360205360442,0.6394450662566697
2025-06-09T21:49:37.958676,-2.025831343683161,1.1414288472091525,0.1386729500368664,-0.0007159764423069759,-0.0005804541477028265,-0.7603805305547509,0.6494771737359152
2025-06-09T21:49:38.013859,-2.0304604097622483,1.1112277004887035,0.13868172443351995,-0.0006534976839900342,-0.0005655253094945317,-0.7547890597336782,0.6559670177899584
2025-06-09T21:49:38.065041,-2.0350818655216503,1.0810986660449504,0.13869947415578604,-0.000363594696664471,-0.0002866325595063566,-0.7508973215221071,0.6604188051317117
2025-06-09T21:49:38.118642,-2.0388478122321674,1.0553086028184655,0.13869633783039498,-0.0003070173536600662,-0.00024193469148224762,-0.7479265304429421,0.6637814039783974
2025-06-09T21:49:38.163538,-2.041728463705277,1.033758867531279,0.13870130305673117,-0.00031905347637151143,-0.00026248109677127915,-0.7459448538994701,0.6660075857296608
2025-06-09T21:49:38.213898,-2.0437275051419137,1.0160091370670448,0.13871226804567954,-0.00044012155381739637,-0.000355264040562798,-0.745460244753469,0.6665498507783029
2025-06-09T21:49:38.264776,-2.0449945445426243,1.000606894446294,0.13870872375307788,-0.0005220272621770939,-0.0004160769452634186,-0.7488341477429814,0.6627570999555992
2025-06-09T21:49:38.317036,-2.0461417999823848,0.9865720588822697,0.1387030922282439,-0.0005966048873888852,-0.0004667197415959977,-0.754636332677412,0.6561428439284219
2025-06-09T21:49:38.370634,-2.047151615896566,0.97360933619615,0.13870106965906975,-0.0006184991604952784,-0.00047055209380764004,-0.7623131304180516,0.6472079165397672
2025-06-09T21:49:38.414808,-2.0479848970319425,0.9618307023217408,0.13870150189307975,-0.0006108728610361158,-0.0004465533529501725,-0.7719741592552359,0.6356534628762925
2025-06-09T21:49:38.462798,-2.048630601657068,0.951295686966564,0.13870277569457637,-0.000595249528467623,-0.0004147211357798031,-0.7836365253167111,0.6212191802205804
2025-06-09T21:49:38.520983,-2.04904369533845,0.942057497739745,0.13869869488182768,-0.0006358582255402423,-0.0004199763819712338,-0.7972557225390605,0.6036412280343982
2025-06-09T21:49:38.570561,-2.0491371685387874,0.9341416985138731,0.13869857045110062,-0.0006407617208914473,-0.0003958913180795258,-0.8127916251240992,0.5825540376845803
2025-06-09T21:49:38.618648,-2.0487542021528893,0.9275861425511038,0.13869970820507763,-0.0006092550038670486,-0.00034112541063717017,-0.8301842721798338,0.5574886426350174
2025-06-09T21:49:38.667412,-2.047729806088088,0.9223963789749792,0.13869082613355116,-0.0006939612553218399,-0.00036326687108459085,-0.849253546883918,0.5279846584514001
2025-06-09T21:49:38.718662,-2.045963841263575,0.9183997171991891,0.13869418407090878,-0.0006267367769491883,-0.0002953081814834489,-0.8694993301063065,0.49393363414407687
2025-06-09T21:49:38.770465,-2.043072323771994,0.915800222026065,0.13868485054883367,-0.0007361352355876317,-0.0003094085669054581,-0.890798778124513,0.4543972923149173
2025-06-09T21:49:38.813057,-2.039522423450577,0.9134955632124223,0.1386804275271401,-0.0008419032078579857,-0.00033724497124226283,-0.9111664978627946,0.4120373655838363
2025-06-09T21:49:38.869777,-2.0361561190380857,0.9110151027359749,0.13867848515380782,-0.0008283175019762612,-0.0002702635818859836,-0.9294233602411514,0.36901417084681076
2025-06-09T21:49:38.908840,-2.033123574155338,0.9082099348342878,0.13867771159946027,-0.0008676546516129813,-0.00023281410441354186,-0.9456136261552714,0.3252907361153666
2025-06-09T21:49:38.969456,-2.0306715914039986,0.9048337344725658,0.13867268617426673,-0.0009448250075100306,-0.00021258373029658158,-0.9598404322865057,0.2805448389507756
2025-06-09T21:49:39.010536,-2.0286018252540368,0.9011845634782203,0.13867729998560535,-0.0008966271925510695,-0.00014984366648764373,-0.9719664546315498,0.23511781020911354
2025-06-09T21:49:39.067181,-2.026873279877269,0.8973338006989181,0.1386760020586489,-0.0009309456308942421,-0.00011268910456674092,-0.9819322143363796,0.18923067164139254
2025-06-09T21:49:39.111508,-2.0255065294304235,0.8933406337372876,0.13867342888930426,-0.0009460121598046656,-7.798830593236622e-05,-0.9897358325646393,0.1429058456341032
2025-06-09T21:49:39.166125,-2.024491382238684,0.8892615735249022,0.13866975755320596,-0.000990209134706821,-3.615772523109066e-05,-0.9953618187822775,0.0961970264037571
2025-06-09T21:49:39.216904,-2.0238734116519614,0.885113909571816,0.1386710110083339,-0.0009611485998007319,1.1893576101146622e-05,-0.9987861394184789,0.04924757615805065
2025-06-09T21:49:39.268759,-2.023629001660633,0.8809465986582428,0.1386704414547284,-0.000955402354126389,5.732255761722611e-05,-0.9999970310312394,0.0022409482753602264
2025-06-09T21:49:39.320528,-2.023783575107797,0.8767676454390066,0.138671708064034,-0.0009232450079139642,0.00010041573178008268,-0.9989960141906112,-0.044789520723135606
2025-06-09T21:49:39.362825,-2.0243167844146197,0.872612655826844,0.13866844769286818,-0.0009614854348691246,0.00014759675443938122,-0.9957861053219322,-0.09170106983418623
2025-06-09T21:49:39.411846,-2.0252628846798624,0.8685473070723384,0.13868161974367338,-0.0009064581391742266,0.00019588177731782335,-0.9903713695941302,-0.1384329810854994
2025-06-09T21:49:39.469588,-2.0265660103380845,0.8645913075371354,0.13868593829058354,-0.0009145094099300978,0.00022591916704171186,-0.9827640041811124,-0.18486217763235277
2025-06-09T21:49:39.511729,-2.0282259926121027,0.8607648645361013,0.13868181748769115,-0.0009695499921740791,0.00028303953925522415,-0.9729804487661644,-0.2308853095808072
2025-06-09T21:49:39.561593,-2.030147381444011,0.8572541517618195,0.13868310551621552,-0.0009257566684433005,0.0003135590806665541,-0.9616560763028196,-0.27425651417087515
2025-06-09T21:49:39.621205,-2.0322254541582283,0.8542089676851748,0.13867906906882466,-0.0009299710501280423,0.00034743459666053476,-0.9493857321202293,-0.3141110410182736
2025-06-09T21:49:39.664880,-2.034434956928229,0.8515100972643964,0.13867768270997888,-0.0009352945740734863,0.000387143782962023,-0.9366793558958362,-0.350186749581295
2025-06-09T21:49:39.718965,-2.0366103822725075,0.8491850071040344,0.1386784373095328,-0.0009132138050439997,0.000415037336236414,-0.9237647494120546,-0.382959112084097
2025-06-09T21:49:39.761589,-2.038776448789557,0.8471895529007677,0.1386792119537244,-0.0008922053152812803,0.0004409520664177939,-0.9108146777423782,-0.41281428311045426
2025-06-09T21:49:39.811672,-2.040854555924146,0.8454406084842014,0.13867423562529754,-0.0009475476535511508,0.0005018983520689705,-0.8979815500287053,-0.44003180119115537
2025-06-09T21:49:39.863041,-2.042890181898484,0.8439895621147254,0.13867701890754766,-0.0008797704008822183,0.0005045883304139176,-0.8854737975395143,-0.4646882022018742
2025-06-09T21:49:39.911654,-2.044838160314639,0.8427562525723469,0.1386742129963585,-0.0008945639537513705,0.0005410656482623627,-0.873313062612987,-0.4871582922139598
2025-06-09T21:49:39.963353,-2.046660629827237,0.8416973093865131,0.13867541943051465,-0.0008790358356725592,0.0005605768420633857,-0.861639498478807,-0.5075197412030331
2025-06-09T21:49:40.016028,-2.048384903324311,0.8407674260949871,0.13867348496966742,-0.0009221814280286345,0.0006137122708967113,-0.8504301145791705,-0.5260868684499942
2025-06-09T21:49:40.063999,-2.049978115722265,0.8399591284436407,0.13867150195319572,-0.0009425316191399302,0.0006533679058380417,-0.8397259153228741,-0.5430092742114889
2025-06-09T21:49:40.117092,-2.0514586843427427,0.8392956354375698,0.1386716971953546,-0.0009269676441875374,0.0006667144777780319,-0.8295620863448414,-0.5584133246279013
2025-06-09T21:49:40.167047,-2.0528639380884783,0.8387000846599564,0.13866832117760036,-0.0009176044792705842,0.0006774851373739614,-0.8199498231863416,-0.57243426388765
2025-06-09T21:49:40.219665,-2.0546371263029775,0.8393814016201986,0.13865777744457364,-0.0010592882294453432,0.0008198055280978082,-0.8099774903225119,-0.5864594367884179
2025-06-09T21:49:40.262781,-2.056960920452858,0.8422302553440184,0.13866531287838665,-0.0009754548823548426,0.0007947514495814681,-0.7994852480267383,-0.6006844055288358
2025-06-09T21:49:40.316984,-2.059742219923757,0.8471473872899775,0.138668156977391,-0.0009349597202301105,0.0007958976355829587,-0.7883353711541208,-0.6152445326734483
2025-06-09T21:49:40.361556,-2.06294278637836,0.8544686352827954,0.13867529205783802,-0.00082419525863342,0.000735362235850609,-0.7762960397359399,-0.6303675424979096
2025-06-09T21:49:40.419660,-2.0665637009637647,0.8651509411109014,0.13867034115854332,-0.0008620020136326234,0.0007962604361868676,-0.7633214619024289,-0.6460177774032113
2025-06-09T21:49:40.471955,-2.070359277295994,0.8800114541930018,0.13866848175099647,-0.0008942061296512982,0.0008638301589747519,-0.7496562063171834,-0.6618262812271681
2025-06-09T21:49:40.519561,-2.0739200722339537,0.8999179478461199,0.13867758078071588,-0.0007882001072573863,0.0007984129265547958,-0.7363289379749013,-0.6766228169210255
2025-06-09T21:49:40.561652,-2.0767943637360786,0.9251143346003552,0.13868311144595577,-0.0007116629492843195,0.0007539108133781821,-0.7244031322083132,-0.6893758243520854
2025-06-09T21:49:40.612739,-2.0786664592759894,0.955415938343452,0.13868786811219314,-0.0007234187251126678,0.0007764644403452203,-0.7146992296035071,-0.6994311152447213
2025-06-09T21:49:40.670765,-2.079746052157861,0.9904584693806792,0.13869160859942578,-0.0006608210307669228,0.0007194604174339237,-0.707685873053359,-0.706526539326711
2025-06-09T21:49:40.716395,-2.079933077105585,1.028686260948149,0.1387012317535859,0.0005447687792162759,-0.0006060955604083864,0.7040165555825401,0.7101830928294796
2025-06-09T21:49:40.761634,-2.079774998920088,1.0675302392843595,0.1386992243955423,0.0005585931185346227,-0.0006148903692838029,0.7019714620906803,0.7122045887902115
2025-06-09T21:49:40.816202,-2.0794028635425508,1.1064154404771476,0.13870333038488739,0.000511600422030134,-0.0005679300266026296,0.6999988743215015,0.7141435371612096
2025-06-09T21:49:40.862658,-2.078793540450821,1.1452610965563252,0.1386991945527356,0.0005550769984706827,-0.0006218598045301637,0.6978851524822273,0.7162092006702845
2025-06-09T21:49:40.912732,-2.0779279180242574,1.1841556601876237,0.13870536288753396,0.0004870066779835702,-0.0005572399050223951,0.6957035024738407,0.7183286775243035
2025-06-09T21:49:40.962871,-2.07681510038345,1.2229813821400934,0.13869864658868958,0.0005557737604786616,-0.0006322397858321354,0.6936152632233002,0.7203451658837257
2025-06-09T21:49:41.020576,-2.075477021761892,1.2618192824656371,0.13869477822763554,0.0005931243580344359,-0.0006722302664967622,0.6916731106840964,0.7222101524255599
2025-06-09T21:49:41.063146,-2.0739332486671347,1.3006866653675153,0.13869740883683335,0.0005617964836653888,-0.0006423922843432342,0.6898440055935975,0.7239575399589706
2025-06-09T21:49:41.117269,-2.072181808414642,1.3395647567332711,0.13870356967421463,0.0004932142983077868,-0.0005703454255529789,0.6880454782905748,0.7256671766379168
2025-06-09T21:49:41.160873,-2.0702457680373336,1.378383954275675,0.1386981581538743,0.000548458474845137,-0.0006374174355845047,0.6862757232024421,0.7273409961189313
2025-06-09T21:49:41.211708,-2.068108552479319,1.4172275999861486,0.13869976720383698,0.0005284238562093256,-0.000617225274178886,0.6845230350417129,0.7289907779241594
2025-06-09T21:49:41.268798,-2.065779801214821,1.4560449413362444,0.13869858521205572,0.0005374104150153715,-0.0006279138238429323,0.6827933585941494,0.730611077368799
2025-06-09T21:49:41.310723,-2.063265878233982,1.4948822660452585,0.13870275665936865,0.0004903726531458317,-0.0005789163725215968,0.6811026137235424,0.7321875811357726
2025-06-09T21:49:41.366085,-2.060575099124342,1.5336859580628113,0.1387022925749552,0.000492732753761771,-0.0005846960618615674,0.6794369731437216,0.7337334767272421
2025-06-09T21:49:41.417182,-2.0577071976907755,1.5724920330936383,0.13870444841858562,0.00046754952595029476,-0.0005604720787624982,0.6777574006492977,0.7352852325006923
2025-06-09T21:49:41.466129,-2.054665676091929,1.6112504847195932,0.13870016698878546,0.0005098074317081979,-0.0006101013303441154,0.6760477987009483,0.7368573415148629
2025-06-09T21:49:41.514222,-2.0514466752896414,1.6499884941407779,0.13869502999552724,0.0005607225240281122,-0.0006696585647631936,0.6743077830807558,0.73844989730135
2025-06-09T21:49:41.571708,-2.048039536242247,1.6887807931603327,0.13870445452220242,0.00046033686771834736,-0.0005591981836607331,0.672533161089616,0.740066633906818
2025-06-09T21:49:41.619757,-2.044459621412895,1.7274727456508292,0.13869650112432724,0.0005396913180561458,-0.000651155914212578,0.670670435248557,0.7417549811175977
2025-06-09T21:49:41.666416,-2.0406858352859736,1.7661977812603165,0.13870160699126702,0.0004838240372213585,-0.0005907414780612347,0.6686949199508099,0.7435364960583892
2025-06-09T21:49:41.711012,-2.0367234449292426,1.8048648961452467,0.1386999267107514,0.000498032144484184,-0.0006093680983676238,0.6665474717659226,0.745462171083792
2025-06-09T21:49:41.765195,-2.0325444637948804,1.8434965628080846,0.13870101724068648,0.0004871801288685031,-0.0006018254591273914,0.6641431606659572,0.7476050177749421
2025-06-09T21:49:41.822728,-2.028151470264189,1.8820900450545295,0.1387001533535595,0.0004700305604934952,-0.0005741531109749971,0.6612923544675786,0.7501279033219628
2025-06-09T21:49:41.868667,-2.0235153490636213,1.9205936304866817,0.1386999574546995,0.0004920956814898902,-0.0006188915751792336,0.6577268653555661,0.7532560954978059
2025-06-09T21:49:41.919764,-2.0187487355338236,1.9567237050627742,0.1387130680311445,0.00035794918950915466,-0.00047274376697785197,0.6540776054761587,0.7564272168558474
2025-06-09T21:49:41.973175,-2.014258387408298,1.9886061927240806,0.13871308118594267,0.00034469781854684634,-0.00046057467368267665,0.650432593429636,0.7595637632607166
2025-06-09T21:49:42.015839,-2.0100803017831472,2.016194723517765,0.13871609459462783,0.0003096922594717499,-0.0004208977843617455,0.6470930327888881,0.7624108694475956
2025-06-09T21:49:42.063972,-2.0063351884314606,2.039500582791456,0.13871565184247908,0.000312862666551006,-0.00042602362390263944,0.6441915565959834,0.7648640134241301
2025-06-09T21:49:42.119617,-2.003112926511883,2.0585418297101024,0.13871667032132945,0.000305298823411293,-0.0004183193313217754,0.6417560209867166,0.7669086916503571
2025-06-09T21:49:42.168711,-1.9999969536465794,2.0778622511067746,0.13868820440589166,0.0005865186257702492,-0.0007606064011846228,0.6395829811152985,0.7687214630420252
2025-06-09T21:49:42.218892,-1.9960328947341341,2.1014210034432104,0.13868482928926046,0.0006169523050071901,-0.000805157983994771,0.6369054761457793,0.770941233523018
2025-06-09T21:49:42.267030,-1.991121088290393,2.1291797052575263,0.13868635918838013,0.0005936243158778941,-0.0007841706800128022,0.6336421165457812,0.7736256852159827
2025-06-09T21:49:42.317116,-1.9851434633665748,2.1610887042610893,0.13868153027114563,0.0006317518276403588,-0.0008420842455828417,0.6298179120737827,0.7767420996796636
2025-06-09T21:49:42.360726,-1.9783045056462338,2.195307041606825,0.13868881933243768,0.0005554328422631705,-0.0007529993723642348,0.6275483873109547,0.7785770007325692
2025-06-09T21:49:42.425758,-1.9708433097017934,2.230531401329015,0.1386976973521868,0.00047706826388294044,-0.0006528015441519832,0.6280250189192879,0.7781927279713193
2025-06-09T21:49:42.466401,-1.9628282556884393,2.26686164939898,0.1386801142655869,0.00045915764802706427,-0.0006194213910926157,0.6317466382024662,0.775174554930228
2025-06-09T21:49:42.511655,-1.9546032247090985,2.304414140404095,0.1386448497997897,0.0003744928512800506,-0.0005428839041855899,0.6390478015169285,0.7691667390160285
2025-06-09T21:49:42.563376,-1.9467913528172929,2.3421057910039127,0.13866363577035107,0.0004002152812134229,-0.0004818940367531327,0.6478242630525892,0.7617895587406248
2025-06-09T21:49:42.622842,-1.939902157180604,2.3799573572813277,0.13865514785630778,0.00048364912508130914,-0.0005537586146094996,0.6562525019452355,0.7545409949933398
2025-06-09T21:49:42.664143,-1.934015761777141,2.418104870830255,0.13865965050496032,0.0004043956506197821,-0.00046023708905039754,0.6640950437184037,0.7476479101519855
2025-06-09T21:49:42.715232,-1.9289813018864312,2.4563757935277573,0.13866017381791648,0.00036883399797088556,-0.00041470143014720357,0.6716339871636277,0.7408829052359718
2025-06-09T21:49:42.770618,-1.9247138072886174,2.4947021647345267,0.13865373981089005,0.0004123450215089975,-0.0004528879326026611,0.6790507940864159,0.7340910324440096
2025-06-09T21:49:42.810703,-1.9211888842109086,2.533114238582518,0.1386504057494001,0.00042568436249662556,-0.0004595882789807733,0.6863911696083498,0.7272322667862854
2025-06-09T21:49:42.865424,-1.9184431002575142,2.5716113666330673,0.1386529309554887,0.00037646921571066194,-0.0004036722884741548,0.69364817929701,0.7203137501655485
2025-06-09T21:49:42.920557,-1.9164886930011562,2.6101234187772,0.13864770802940307,0.0004143463126624059,-0.0004353799109745572,0.7008413559021648,0.7133169229863271
2025-06-09T21:49:42.971757,-1.9153069458916285,2.648680731857121,0.13864685472794522,-0.0004052846473635574,0.0004187777438658402,-0.7079907698102769,-0.7062214456054188
2025-06-09T21:49:43.014811,-1.914884489484822,2.6872468878857627,0.1386436307786289,-0.0004261156665955612,0.0004288457723329621,-0.7152478022353292,-0.6988706718086499
2025-06-09T21:49:43.070620,-1.915235800364614,2.725795638317609,0.1386407490423937,-0.0004463211380552057,0.00043673077625710913,-0.7226776301210457,-0.6911849629341629
2025-06-09T21:49:43.113197,-1.916368988898898,2.7643530292647873,0.13864719897275576,-0.0003592062933751028,0.00034572024961733276,-0.730398337628358,-0.6830212440605922
2025-06-09T21:49:43.167203,-1.9183169654721648,2.80277467346316,0.13864249952447255,-0.0004007850776935329,0.00037428445545355606,-0.7385383093034349,-0.6742112910458352
2025-06-09T21:49:43.208839,-1.9211349304115657,2.841115431404616,0.13863755075846543,-0.0004493109569407294,0.00040309223258826665,-0.7473828875396806,-0.664393298467982
2025-06-09T21:49:43.265160,-1.9248457191092672,2.8793405477964145,0.13864273074519645,-0.0003805791246602741,0.0003256373893119294,-0.7571639410308516,-0.6532247052297164
2025-06-09T21:49:43.318763,-1.9293142313108453,2.9151470909130457,0.13865398054147865,-0.00030589510673728615,0.0002517900132097109,-0.7669562011152575,-0.64169932881438
2025-06-09T21:49:43.368580,-1.934044729172849,2.946646912152443,0.13866251230821156,-0.00028733279623299746,0.00023141604202881998,-0.7765117972232861,-0.6301026048664948
2025-06-09T21:49:43.416176,-1.938820517568241,2.973796633490875,0.13867855496481885,-0.0002831052888324637,0.00026842526546897464,-0.7856950936688432,-0.6186138275079052
2025-06-09T21:49:43.468774,-1.9432758025582033,2.9967214458615774,0.13870532359970458,-0.00030938175683825614,0.0003117436285198949,-0.7943826758696968,-0.607417460546648
2025-06-09T21:49:43.516979,-1.9472242107182673,3.015465727799823,0.13871236438369863,-0.0003587245729776978,0.000321613330848431,-0.8025334043847105,-0.5966069918532911
2025-06-09T21:49:43.566513,-1.9503904646932597,3.0301035139013974,0.13871511858420033,-0.00039954608134412656,0.00032957855561775354,-0.8101838515596169,-0.5861756207937424
2025-06-09T21:49:43.620629,-1.9525730790072657,3.0406913794386567,0.13870314673882395,-0.0003628497153624899,0.0003009586643691756,-0.8172963338010881,-0.576217389983387
2025-06-09T21:49:43.667231,-1.9538668613530195,3.047159179623993,0.13870222625076645,-0.00042610544099452863,0.00032864899214728313,-0.8236991898799825,-0.5670267674590448
2025-06-09T21:49:43.722932,-1.9542087357021476,3.0502217087896275,0.13869044092364718,-0.0005841846157933483,0.0004006482644637881,-0.8286668112047411,-0.5597417388555805
2025-06-09T21:49:43.765266,-1.9542482628895868,3.051619208888646,0.13868964656470523,-0.0006636534453198228,0.0004619298819728262,-0.8311065623255415,-0.5561126039250591
2025-06-09T21:49:43.816893,-1.9541027032638207,3.0516774079975697,0.13868525883741936,-0.0007581902110092021,0.0005348970994348314,-0.8315418231282035,-0.555461371673423
2025-06-09T21:49:43.867355,-1.954032142129903,3.0515947879081504,0.1386804949828062,-0.0008029028475735611,0.0005632445892442509,-0.8315638183522741,-0.5554283519140304
2025-06-09T21:49:43.920008,-1.9539954433683662,3.051554675430203,0.13868092864371853,-0.0008173457986038746,0.0005688110337625735,-0.8315760513673919,-0.5554100099854794
2025-06-09T21:49:43.969683,-1.9539800270018943,3.0515300264872276,0.1386803721768192,-0.0008228262564892176,0.000570986880494724,-0.8315876417324708,-0.5553926458360444
2025-06-09T21:49:44.015784,-1.9539751085407187,3.0515126967727766,0.13868081689168327,-0.0008084911646838999,0.0005711364848054914,-0.8315917928021783,-0.555386451301444
2025-06-09T21:49:44.070041,-1.9539684357029146,3.0514991661286017,0.13868202380564792,-0.0008074064460152908,0.0005646858947739224,-0.831591191271955,-0.555387360158261
2025-06-09T21:49:44.119628,-1.9539649060078812,3.0514877266815885,0.13868202832807733,-0.000798263216219175,0.000561600567594261,-0.8315912508813365,-0.5553872872494062
2025-06-09T21:49:44.171719,-1.953960414197304,3.0514726948847426,0.13868258689371019,-0.0008026972910030183,0.000561670763966491,-0.8315909474130346,-0.5553877351757991
2025-06-09T21:49:44.212790,-1.9539558645634725,3.051449276859838,0.1386821835014144,-0.0008185127166100981,0.00057906059161039,-0.8315905885946511,-0.555388231498081
2025-06-09T21:49:44.262791,-1.9539529437656067,3.0514297148670595,0.13868251156002379,-0.0008235108155191795,0.0005871050356169815,-0.8315939507870729,-0.5553831813729702
2025-06-09T21:49:44.311003,-1.953948857867919,3.051411742800892,0.1386818785563791,-0.0008282377457721202,0.0005918683688928234,-0.8315938311658719,-0.5553833484008481
2025-06-09T21:49:44.366528,-1.9539446152881297,3.0513984225633144,0.1386821431145577,-0.0008243560009259522,0.00058724964443422,-0.8315966044855956,-0.5553792064734391
2025-06-09T21:49:44.417314,-1.9539408663828812,3.0513802823894745,0.13868186324942794,-0.0008276970229989522,0.000590877362771637,-0.8315978880720936,-0.555377275674486
2025-06-09T21:49:44.470036,-1.95393927372219,3.051369878564521,0.13868323854963097,-0.0008100051629431615,0.0005807629394530293,-0.8316008612951659,-0.5553728604272833
2025-06-09T21:49:44.518732,-1.9539346049659794,3.051351742139772,0.1386827135846976,-0.0008173878338183505,0.0005853810513681266,-0.8316014747690864,-0.5553719261612298
2025-06-09T21:49:44.567931,-1.9539319970420788,3.0513396261147827,0.13868320986920696,-0.0008107090858938681,0.0005798336873324677,-0.8316016403265467,-0.5553716938680526
2025-06-09T21:49:44.621654,-1.9539287846032132,3.0513215264700397,0.13868240058041742,-0.0008211359995125012,0.0005870555981892314,-0.8316035150406358,-0.5553688637954545
2025-06-09T21:49:44.666252,-1.9539264320791392,3.051308417413573,0.13868246834974937,-0.0008199893677077742,0.0005866157672527308,-0.8316056472606496,-0.5553656731772092
2025-06-09T21:49:44.714883,-1.9539244492547412,3.0512965883467293,0.13868302200052282,-0.0008155229738751602,0.0005819828870482801,-0.831604801042493,-0.5553669517546701
2025-06-09T21:49:44.773237,-1.9539203538358048,3.051281045515633,0.13868257996789207,-0.0008179689432271653,0.0005848290641300309,-0.8316102704269659,-0.5553587552403964
2025-06-09T21:49:44.818817,-1.9539162643348729,3.0512611813640804,0.1386821995669023,-0.0008227575402174893,0.0005877139720842764,-0.8316122702743659,-0.5553557504802055
2025-06-09T21:49:44.863105,-1.9539100820881825,3.0512452546370423,0.13868220779776497,-0.0008232032208681517,0.0005874365193965863,-0.8316160147166582,-0.5553501429923069
2025-06-09T21:49:44.918713,-1.9539072825154047,3.0512350033107993,0.13868279022668334,-0.0008135227593952243,0.0005801648670224173,-0.8316147605283724,-0.5553520429968588
2025-06-09T21:49:44.961796,-1.9539022053996582,3.051221211152362,0.13868240316585675,-0.0008176489963585554,0.0005835687542387936,-0.8316111561507602,-0.5553574307265761
2025-06-09T21:49:45.019654,-1.953896147697972,3.051199391494512,0.13868247422543534,-0.0008234501904985091,0.0005840266631047073,-0.8316084955710702,-0.5553614056960224
2025-06-09T21:49:45.068762,-1.9538934534435555,3.0511821809512565,0.13868207275083305,-0.0008266059600429143,0.0005869836867510708,-0.8316056329170927,-0.5553656844578175
2025-06-09T21:49:45.117189,-1.9538893758860323,3.051168415790255,0.13868234027676926,-0.0008236805071768494,0.000586465283609789,-0.8315984729001471,-0.5553764106252954
2025-06-09T21:49:45.169785,-1.9538848570127836,3.0511590917584352,0.13868278335636106,-0.0008151842973382895,0.0005806611063857011,-0.8315974650638507,-0.5553779383506502
2025-06-09T21:49:45.210005,-1.9538766731214303,3.0511377620975795,0.1386821252756248,-0.0008227943170910357,0.0005846494085636836,-0.8315962261290185,-0.5553797780641236
2025-06-09T21:49:45.257975,-1.9538711024195785,3.0511202437064133,0.13868251088394068,-0.0008200062129362638,0.0005855502298245679,-0.8315963673673662,-0.5553795697558018
2025-06-09T21:49:45.317208,-1.9538655408917776,3.051103621421738,0.13868307769203034,-0.0008117169438587869,0.0005801199110020372,-0.8315962479485777,-0.5553797664430528
2025-06-09T21:49:45.366305,-1.9538575106389675,3.051081419367134,0.13868218957288073,-0.0008241970375116314,0.000587456473707129,-0.8315982002491741,-0.555376817067898
2025-06-09T21:49:45.420790,-1.953850747859438,3.051067868172228,0.13868208959587663,-0.0008263258363594983,0.0005867816486026786,-0.8316004719027368,-0.5553734131231477
2025-06-09T21:49:45.460879,-1.9538454030447678,3.051057998677262,0.13868259837854863,-0.0008179542422117048,0.0005835406288382317,-0.8316033022659307,-0.5553691908015705
2025-06-09T21:49:45.516136,-1.9538420431651704,3.0510422089939877,0.13868244879215003,-0.0008213951201901382,0.0005860898285176023,-0.8316075377580185,-0.5553628408102357
2025-06-09T21:49:45.566225,-1.9538377681020407,3.051025512264428,0.13868208818479694,-0.0008234215947422463,0.0005880523144965015,-0.8316103264659801,-0.5553586598645048
2025-06-09T21:49:45.610813,-1.953834673362221,3.051011176403696,0.13868262266452996,-0.000817477454614024,0.0005847729877894033,-0.8316102329766387,-0.5553588121023244
2025-06-09T21:49:45.669041,-1.9538301858883789,3.0509951937197997,0.13868225869026232,-0.0008211899113905741,0.0005867351513653902,-0.8316141171956132,-0.5553529881705442
2025-06-09T21:49:45.713120,-1.953828016912053,3.050983655380468,0.13868311714281129,-0.0008105559779094663,0.0005808319532686789,-0.8316161571591292,-0.5553499552400554
2025-06-09T21:49:45.765232,-1.9538231952801581,3.0509652643542524,0.13868240804001442,-0.0008198041322112214,0.0005860516437075148,-0.8316160917296249,-0.5553500341595379
2025-06-09T21:49:45.822829,-1.95381795027964,3.050946260899175,0.1386817845899962,-0.0008288723302095624,0.0005912399898319552,-0.8316185111268577,-0.5553463922247837
2025-06-09T21:49:45.869084,-1.9538156415374726,3.0509341145264317,0.13868256566279227,-0.0008176373252257729,0.0005851035499657956,-0.8316201103931402,-0.555344020506876
2025-06-09T21:49:45.917171,-1.9538113081292128,3.0509210679790457,0.1386827298685264,-0.0008179602797715457,0.000583358575227303,-0.8316218429982563,-0.5553414273057045
2025-06-09T21:49:45.963257,-1.9538063404780819,3.0509056831528083,0.13868230480683602,-0.0008226605913152495,0.0005867348567648665,-0.831622059338335,-0.5553410928372097
2025-06-09T21:49:46.018710,-1.9538043999996617,3.0508915244519064,0.13868272650584554,-0.000816606430738942,0.0005824361779678165,-0.8316210152956581,-0.555342669746036
2025-06-09T21:49:46.063293,-1.9537992280505452,3.0508776333825027,0.13868217270049848,-0.0008196593291027732,0.0005848646987942149,-0.8316246320595626,-0.5553372465841505
2025-06-09T21:49:46.119755,-1.953795218659748,3.050866177827735,0.13868292405191388,-0.0008113266109682772,0.0005802492928323798,-0.8316253420636089,-0.5553362004204968
2025-06-09T21:49:46.170923,-1.954512130915834,3.0527715042996366,0.13865597681609249,-0.0009768421866223067,0.0006962524481384918,-0.8319137275182344,-0.5549036952288099
2025-06-09T21:49:46.219941,-1.9564647470676853,3.0579743506165795,0.13865624053182274,-0.0009091440764335547,0.0006418842888237937,-0.8331217068146559,-0.5530885851975638
2025-06-09T21:49:46.263665,-1.9597058835320424,3.0664612961840145,0.1386515389095569,-0.0007899340305688172,0.0005520412973858831,-0.8352440721609932,-0.5498785422023257
2025-06-09T21:49:46.320775,-1.9645072056733244,3.078468616053321,0.13863668473324414,-0.0008468363403189016,0.0005837173791216012,-0.8379900125887055,-0.5456845984117706
2025-06-09T21:49:46.359834,-1.9712344301222344,3.0942962965074496,0.13863017841660813,-0.0008119583714511491,0.0005541249893595162,-0.8406233086634797,-0.5416193188954428
2025-06-09T21:49:46.419724,-1.9802408957152011,3.11400740823524,0.13862938053096235,-0.0006598412552866195,0.00045885490514272213,-0.8421911270577395,-0.5391785043628025
2025-06-09T21:49:46.471804,-1.9890823480970563,3.1335188957761653,0.13866712434989004,-0.0002681478357055567,0.00021427234467255392,-0.842768283055906,-0.5382764190070943
2025-06-09T21:49:46.516519,-1.9962094178674277,3.1490717244390862,0.13867423843777832,-0.0003008182790428804,0.0002383664231462657,-0.843242834934594,-0.537532672515151
2025-06-09T21:49:46.567609,-2.001580581415773,3.160699232710152,0.13868618163768406,-0.0003127720018413216,0.0002468951869219788,-0.8433630808678191,-0.5373439820502154
2025-06-09T21:49:46.617187,-2.0051665536433774,3.1683658859449815,0.13869716207301147,-0.0003384383409025249,0.0002641231956172184,-0.843164522276267,-0.5376554696765035
2025-06-09T21:49:46.670687,-2.007760283757765,3.172857144244853,0.13869046303089666,-0.0005213980127841689,0.00039597401165107507,-0.8413565726893677,-0.5404800541565759
2025-06-09T21:49:46.711774,-2.009806518753002,3.175920141217815,0.13868675062847952,-0.0006183405040748324,0.0004803963107330681,-0.8373221492176028,-0.5467092511600843
2025-06-09T21:49:46.766206,-2.011544349987105,3.177992121388029,0.13868782378789207,-0.0006330364325061733,0.000508060476920217,-0.8318343276766774,-0.5550234161169393
2025-06-09T21:49:46.818806,-2.013040493685051,3.1790740525129264,0.13868729715854108,-0.000634351252196297,0.0005191826600517119,-0.8250275971091761,-0.5650918439122207
2025-06-09T21:49:46.865284,-2.0153894565789376,3.1816554041226572,0.1386599291745198,-0.000868673483931659,0.0007218718288712996,-0.8174269946246278,-0.576031103992128
2025-06-09T21:49:46.911722,-2.0190827270359373,3.187153170322495,0.1386528600665266,-0.00074606210051259,0.000669712515052727,-0.8081155991624973,-0.5890230668375624
2025-06-09T21:49:46.966407,-2.0236704420083997,3.1951519387949525,0.1386464420609482,-0.0006901196473430571,0.000663307488577616,-0.7964889147635844,-0.6046523732003171
2025-06-09T21:49:47.016223,-2.0289252987963002,3.205793577403125,0.13864630597543476,-0.0006369575370353542,0.0006581042492668423,-0.7824118861471114,-0.622760629455341
2025-06-09T21:49:47.070037,-2.0344367818738176,3.2193676257410004,0.13863483050255673,-0.0006442883999867033,0.0007207609249309031,-0.7659378493066243,-0.6429138950090358
2025-06-09T21:49:47.120034,-2.039715318740731,3.236643682024347,0.13864303146657408,-0.000618307878151314,0.0006724461060519469,-0.7474969810108976,-0.6642645774773756
2025-06-09T21:49:47.171765,-2.0443214116035584,3.2582754266100635,0.13868350969070675,-0.000645106022384212,0.000696685812887469,-0.7277423761055104,-0.6858499343787997
2025-06-09T21:49:47.215309,-2.047690568640592,3.2845505076365553,0.13868251584947872,-0.0006810336679979324,0.0007708917114074788,-0.7072038687809067,-0.7070089319806578
2025-06-09T21:49:47.264319,-2.049157712438819,3.3144865723416808,0.1386909990988622,0.0005753345079244633,-0.000692374950632533,0.6877379980797307,0.7259584255344216
2025-06-09T21:49:47.315468,-2.0485221432217173,3.3458325545586547,0.138694802699904,0.000520904025297475,-0.0006572216250871209,0.6718330947623493,0.7407020922751442
2025-06-09T21:49:47.361747,-2.0460169287272696,3.3784771751485843,0.13869197424163793,0.0005431789265389897,-0.0006972889137502129,0.6597577345444601,0.7514778442865675
2025-06-09T21:49:47.415209,-2.041922584170468,3.412524123943925,0.1386956530345858,0.0004996658937025389,-0.0006533315826682197,0.6516837198246413,0.7584903775311564
2025-06-09T21:49:47.467020,-2.0365204278966216,3.4480538564710033,0.138693429031417,0.0005204810973959417,-0.0006752268571556745,0.6476694839154526,0.7619209360378608
2025-06-09T21:49:47.517717,-2.030173375502788,3.4852043108720516,0.13869256238852098,0.0005272387353813524,-0.0006750689250751205,0.6477122400870489,0.7618845846600912
2025-06-09T21:49:47.566325,-2.023518025693506,3.5236986686709324,0.1386553018319477,0.0003376661647456203,-0.00042341296877102344,0.6509445321205432,0.7591251035273345
2025-06-09T21:49:47.617025,-2.0172403967406067,3.5621206179344918,0.1386249615768065,0.000332716007663103,-0.0004245353292710918,0.6546631690341393,0.7559205276879246
2025-06-09T21:49:47.667611,-2.0114221439794506,3.6006115956392115,0.13862343474486288,0.0003135760049797209,-0.0003979411865098855,0.6581638755320373,0.7528745288941247
2025-06-09T21:49:47.714386,-2.0060218551525546,3.6391195804881455,0.13862181710316662,0.0003227410033462275,-0.00040585920958939527,0.6616355992924526,0.749825356243348
2025-06-09T21:49:47.768912,-2.000965607281788,3.6777015066948815,0.13862506646894387,0.0002832611672153318,-0.0003578826585865268,0.6652005653596209,0.7466645830145922
2025-06-09T21:49:47.808981,-1.9962514725256661,3.716281934962639,0.13861633144729021,0.0003709717264920309,-0.000449620992690673,0.6689245558426423,0.7433300739319411
2025-06-09T21:49:47.863994,-1.991880198510667,3.7549684306434337,0.13862104445813442,0.00031934824295476444,-0.00038645083721129865,0.6728384968745643,0.739789230656967
2025-06-09T21:49:47.921704,-1.987897042713347,3.793673907107275,0.1386237973067524,0.00028966887031284244,-0.00034887905166471473,0.6770382339981209,0.7359477047182488
2025-06-09T21:49:47.971790,-1.9843525796775972,3.832368217077085,0.13862087385113459,0.0003211048558148244,-0.0003757683907917055,0.6816563358764275,0.7316723279237171
2025-06-09T21:49:48.011867,-1.9812749794590263,3.8710500334987197,0.13862128623788267,0.00032907824192113244,-0.0003793390699128223,0.6868001934842671,0.7268460924015167
2025-06-09T21:49:48.068091,-1.9786276316726183,3.909664135504145,0.1386248798738749,0.0002999238158667983,-0.0003363636955635613,0.6928954517770006,0.7210379253630944
2025-06-09T21:49:48.114265,-1.9767295769941722,3.946024082003089,0.1386405699610033,0.00020758198848641607,-0.00023201228835929215,0.6992110651870524,0.7149152323177929
2025-06-09T21:49:48.163352,-1.975539429961131,3.9781468417048984,0.13865083153580576,0.00019903007124227878,-0.00021971709831079573,0.7054393188736076,0.7087702586159834
2025-06-09T21:49:48.209994,-1.9749202347127532,4.006069891971518,0.13865833938999433,-0.000229380130159329,0.00024535309286958444,-0.7113555602500925,-0.702832237513258
2025-06-09T21:49:48.263232,-1.9745149157590798,4.029778292321519,0.13866820006718955,-0.000236851697935192,0.00025366406549592294,-0.7169254861678004,-0.6971497162295042
2025-06-09T21:49:48.311927,-1.9742926142644226,4.0492586589283865,0.1386774440910199,-0.0002516375954053074,0.00026571653942002063,-0.7221784696403276,-0.6917066748710725
2025-06-09T21:49:48.371351,-1.9741837082693021,4.064498627894199,0.13868557491163863,-0.00027786294026727054,0.0002878734532306274,-0.7271527572996886,-0.6864755694651643
2025-06-09T21:49:48.418125,-1.974131919508034,4.075516309438564,0.13869034302954436,-0.0003217687462265806,0.00032962857422087733,-0.731782701576839,-0.6815378679741722
2025-06-09T21:49:48.466195,-1.9741867853448791,4.082389387172222,0.13869901144641156,-0.00036392134550233823,0.00035661267421163213,-0.7361497297891312,-0.6768185249533617
2025-06-09T21:49:48.513280,-1.973854073988741,4.085202320415415,0.13870084545250738,-0.0004489924076730988,0.0004339129984587888,-0.7398200204402964,-0.6728045388380247
2025-06-09T21:49:48.568120,-1.9736087885365534,4.085785561462076,0.13869063307063306,-0.0005883967009901457,0.0005453587699157128,-0.7411353015949199,-0.6713552123153149
2025-06-09T21:49:48.618699,-1.9735607920396152,4.08570617492686,0.13868662877776833,-0.0006718581109114719,0.0006481828856538405,-0.7412030103014419,-0.6712802886914723
2025-06-09T21:49:48.665282,-1.9735521028790284,4.085677430723188,0.13868544540684508,-0.000692144733624056,0.0006691195012431683,-0.7412270901707266,-0.6712536584718167
2025-06-09T21:49:48.719425,-1.9735464569542729,4.0856564173854935,0.1386838622608933,-0.0006964969837016666,0.0006763991180929285,-0.7412387713013167,-0.6712407476426765
2025-06-09T21:49:48.766066,-1.9735457656470807,4.085644980054263,0.13868594672868245,-0.0006924013134507745,0.0006708087682701805,-0.741244001860695,-0.6712349814346386
2025-06-09T21:49:48.821486,-1.9735482960049406,4.085635626823935,0.13868531293684486,-0.0006757224329340672,0.0006594547624203046,-0.7412421811052415,-0.6712370203355551
2025-06-09T21:49:48.869560,-1.9735448699231994,4.085616349204341,0.13868505634028636,-0.0006947758011467409,0.0006720550062440755,-0.7412407261530011,-0.6712385950769119
2025-06-09T21:49:48.914033,-1.9735460168413212,4.085605469690539,0.13868611303356929,-0.0006868488935916627,0.0006632362496457989,-0.7412383791712064,-0.6712412037411868
2025-06-09T21:49:48.965925,-1.9735461190638748,4.085586978498453,0.1386847009469851,-0.0007011354389460657,0.000678340008440893,-0.7412361550048986,-0.6712436299716247
2025-06-09T21:49:49.021760,-1.9735453115110921,4.085572851884945,0.13868569314743473,-0.0006924800022639065,0.0006689683603093225,-0.7412338253079441,-0.6712462209741904
2025-06-09T21:49:49.057322,-1.973545370933016,4.085551509876693,0.13868547600938236,-0.0006942828525025034,0.0006710124476340605,-0.7412321855846947,-0.6712480277564713
2025-06-09T21:49:49.119679,-1.9735467114590157,4.085529930659718,0.1386847568815716,-0.0007003305493579193,0.0006777003021312597,-0.7412297583164098,-0.6712506950801757
2025-06-09T21:49:49.170785,-1.9735495255983042,4.085517365002208,0.13868505128890235,-0.0006962412237239701,0.0006754693913122197,-0.7412285574304158,-0.6712520276609112
2025-06-09T21:49:49.219868,-1.9735480584983691,4.085508393500082,0.13868574280277562,-0.0006914147278109795,0.0006687814701401729,-0.7412300945530313,-0.6712503419782544
2025-06-09T21:49:49.266460,-1.9735529867928587,4.0854968143396935,0.13868637609112192,-0.0006805951674037081,0.0006593148055719827,-0.7412334611877867,-0.6712466447661242
2025-06-09T21:49:49.316306,-1.9735534278104012,4.085476819456633,0.13868612484462403,-0.000681868427832133,0.0006618305153643533,-0.7412412284572316,-0.6712380637829103
2025-06-09T21:49:49.367391,-1.973553263516043,4.0854521601029745,0.13868533867301,-0.0006895498712846672,0.0006688877395256529,-0.7412503366388516,-0.6712279907326245
2025-06-09T21:49:49.413211,-1.9735523381760973,4.085433163279102,0.13868496914244474,-0.0006966958812474887,0.0006745900833577072,-0.7412584530612741,-0.6712190144120438
2025-06-09T21:49:49.464295,-1.9735518096995954,4.085413271258204,0.13868504824019273,-0.0006992641463665629,0.0006753522780631793,-0.7412662394759624,-0.6712104119738604
2025-06-09T21:49:49.515380,-1.9735494325205363,4.085404642515647,0.13868510417051608,-0.0006934431643800809,0.0006714216945227489,-0.7412702270106433,-0.671206018206836
2025-06-09T21:49:49.560821,-1.9735471615895943,4.085392569015917,0.13868527636528866,-0.000693996202493774,0.0006704967118232623,-0.7412729955640887,-0.6712029609968009
2025-06-09T21:49:49.614076,-1.9735430172903894,4.0853785200390345,0.13868465001204125,-0.0006985959322262648,0.0006752602387284148,-0.741276712366706,-0.6711988466096627
2025-06-09T21:49:49.670802,-1.9735395739013792,4.085365242422556,0.13868550469454005,-0.0006916145026259478,0.0006665745633305072,-0.7412784194159466,-0.6711969772398616
2025-06-09T21:49:49.714888,-1.973535550092509,4.0853508667201694,0.13868602687296058,-0.0006900653013888758,0.0006648672558538676,-0.7412755287971143,-0.6712001729498963
2025-06-09T21:49:49.767205,-1.9735327335701804,4.085332707785508,0.13868525151293992,-0.0006962646160193487,0.0006707996799649613,-0.7412775087195049,-0.6711979740061633
2025-06-09T21:49:49.810786,-1.9735277910784845,4.085317878009125,0.13868459059643273,-0.0006944265570177354,0.0006704135847399735,-0.7412790917070899,-0.6711962280252283
2025-06-09T21:49:49.865376,-1.9735260634871465,4.085304241680298,0.1386844511784104,-0.0007006582861742161,0.0006759657027131452,-0.7412823809689734,-0.6711925832526047
2025-06-09T21:49:49.917209,-1.9735250607572037,4.085298136194673,0.1386855660634631,-0.0006895438092313633,0.0006668162560694224,-0.7412816728315418,-0.6711933859995097
2025-06-09T21:49:49.959795,-1.973523720673431,4.085290795297311,0.13868603617141545,-0.0006778023584944615,0.0006587576375511354,-0.7412823810236596,-0.6711926237722162
2025-06-09T21:49:50.018982,-1.973520210741817,4.085275330193483,0.13868532715019644,-0.0006969998009469514,0.0006721526562078559,-0.7412827146736962,-0.6711922223387871
2025-06-09T21:49:50.067241,-1.973520835267377,4.08526668838742,0.13868535581459238,-0.0006921234482529792,0.0006691463257528056,-0.7412834727887136,-0.6711913931052989
2025-06-09T21:49:50.117336,-1.973519581934309,4.08524980271424,0.13868488146569927,-0.0006985092350233479,0.0006749575704662499,-0.7412864590420281,-0.67118808255068
2025-06-09T21:49:50.166420,-1.9737308753323792,4.085156808692252,0.1386877509746266,-0.0006296161889552955,0.0005955876482873404,-0.7394083103780275,-0.6732567113684933
2025-06-09T21:49:50.220027,-1.9742712724901668,4.084535264866117,0.13869087435703908,-0.0005977515085308638,0.0006022492773517012,-0.734853458653573,-0.6782253860582216
2025-06-09T21:49:50.265226,-1.9747541646807245,4.083267310168757,0.13869665342615692,-0.0005696461620697812,0.0005768716453779732,-0.7279235175311343,-0.6856578558927588
2025-06-09T21:49:50.317318,-1.9754749082475453,4.081622972777941,0.13869515459643908,-0.0005809046880954072,0.0006046765675019425,-0.7186269023142381,-0.6953953351772176
2025-06-09T21:49:50.365214,-1.9764197915909871,4.079992467687623,0.13869282707549943,-0.0006003009008436755,0.0006555974417164635,-0.7069547190885055,-0.7072582519768258
2025-06-09T21:49:50.416064,-1.9776680485687685,4.0787775650875995,0.13868793523011963,0.0006370281162471625,-0.0007183330574501161,0.6926711025525738,0.7212529527713558
2025-06-09T21:49:50.468845,-1.979416607067201,4.07802378156798,0.13868780355353535,0.0006108659813029438,-0.0007292167606785179,0.6746314320981162,0.7381541342503705
2025-06-09T21:49:50.516034,-1.98202584443549,4.076878377906434,0.1386901279926176,0.0005457630206323061,-0.0007053431823997251,0.6511524841520739,0.7589464058919467
2025-06-09T21:49:50.568860,-1.985658822967168,4.074740259772247,0.1386884393604286,0.0005235440660190661,-0.000744179934557982,0.6220462514555034,0.7829799698255331
2025-06-09T21:49:50.617597,-1.9895682865121855,4.072532501100573,0.13868396133547112,0.0005220866652572154,-0.0008096246771579755,0.5906938543999858,0.8068951866924753
2025-06-09T21:49:50.667299,-1.9936302731548352,4.070526614036398,0.1386795291769136,0.0005137351163801984,-0.0008649871644554323,0.55874797878249,0.8293368941991655
2025-06-09T21:49:50.713385,-1.9979808874360316,4.068686277134153,0.13868016412251585,0.00047459217328243986,-0.0008688666583190176,0.5267877410351948,0.8499962915966374
2025-06-09T21:49:50.772069,-2.00263008200461,4.066955798836286,0.13867500486892198,0.00048117614884252136,-0.0009542944525456613,0.4948835298508058,0.8689586582076377
2025-06-09T21:49:50.814384,-2.0071525854509176,4.0660370596291076,0.1386614721292519,0.0005304980611632315,-0.0011433622312718753,0.4612411049543382,0.8872739455180213
2025-06-09T21:49:50.869941,-2.0112206834587045,4.066647441899076,0.13866380642698056,0.00046085727369005186,-0.0011264547298740861,0.42389304539871797,0.9057114357083692
2025-06-09T21:49:50.917524,-2.014581460839531,4.068800526791021,0.13866319795716478,0.00039727923857538205,-0.0011291885955224872,0.38225450534301764,0.9240563079419388
2025-06-09T21:49:50.965207,-2.0173387451215343,4.071974979306377,0.13867540427894592,0.0003090465330870262,-0.0009944688150541638,0.33833513884347527,0.9410251055874028
2025-06-09T21:49:51.018806,-2.0198027142547326,4.075520275817626,0.13868194393536873,0.00023987242809445086,-0.000902345176200506,0.29377772414079734,0.955873305952758
2025-06-09T21:49:51.061032,-2.0219846189829065,4.079204795272313,0.13868595255347088,0.000182888803482939,-0.0008876554824360614,0.24837554878829887,0.9686633911651361
2025-06-09T21:49:51.117410,-2.023839448919657,4.0829722423983466,0.13867794652491808,0.00012894425642039076,-0.0009421020025667363,0.20245048870486856,0.9792920378724396
2025-06-09T21:49:51.170894,-2.025345487087217,4.086874089541704,0.1386747758774723,8.514168459282379e-05,-0.0009754807284164267,0.15613724286483457,0.9877348847635229
2025-06-09T21:49:51.219073,-2.0265040896136846,4.090873112935003,0.13867400434031876,3.996639898925375e-05,-0.0009774669396214477,0.10952193849244188,0.9939838972286859
2025-06-09T21:49:51.263279,-2.027238602789685,4.094986156622388,0.1386727714076378,-2.6858193835077593e-06,-0.0009680285307596242,0.06269747323944518,0.9980321085831554
2025-06-09T21:49:51.317370,-2.0275935298893004,4.099165396842743,0.13866750734184635,-4.256019086850207e-05,-0.001007395013064441,0.015648990207218872,0.9998770386649611
2025-06-09T21:49:51.370136,-2.0275368807519625,4.103344437906978,0.13867140679031417,-0.00010069810127315973,-0.0010044483599748772,-0.03139583348401169,0.9995065195301273
2025-06-09T21:49:51.419878,-2.0270909021053582,4.107505076592302,0.138677523906237,-0.00012366003060219205,-0.00099784746832932,-0.07836434742019731,0.9969242790011855
2025-06-09T21:49:51.468960,-2.026243814028125,4.111610818367312,0.13867867659611524,-0.0001520527714516523,-0.0009416430434341477,-0.12516354388614795,0.9921356648514325
2025-06-09T21:49:51.516320,-2.0250846326888587,4.115484991567566,0.1386720140979179,-0.00019149570285353912,-0.0009854146029706554,-0.17005544438121717,0.9854339846604454
2025-06-09T21:49:51.567559,-2.0236851368795983,4.119074375944391,0.1386684939138314,-0.0002334463187363411,-0.0010009302711373503,-0.21183931272457895,0.9773039697176036
2025-06-09T21:49:51.620882,-2.0221045742862467,4.122108182556643,0.13866851229914295,-0.00025930327709054735,-0.0009674115515550237,-0.24995033395255367,0.9682581409075306
2025-06-09T21:49:51.667484,-2.0203985441554204,4.124888524614919,0.13866615477190983,-0.0002910779994965418,-0.0009713413327570209,-0.2846930228928383,0.9586182005813115
2025-06-09T21:49:51.719887,-2.0186574081775346,4.1274264775987355,0.1386624625721859,-0.00032697078652213496,-0.0009928490830099835,-0.3163907150185586,0.9486283902513399
2025-06-09T21:49:51.763148,-2.016872424653675,4.129666165137199,0.13866637171850707,-0.0003196723605425056,-0.0009032006147821188,-0.34512364132162837,0.9385567400211516
2025-06-09T21:49:51.820184,-2.0151480241709634,4.131641406370747,0.13867185114141645,-0.00041285883951219793,-0.0009630239532284733,-0.37120565956500406,0.9285500850462266
2025-06-09T21:49:51.866680,-2.0134619117191987,4.133312455496041,0.1386759464227676,-0.00042807438085543104,-0.0009137372428716151,-0.39484797665880944,0.9187459154548769
2025-06-09T21:49:51.918857,-2.0118666506064216,4.1347405969769095,0.1386780890839155,-0.00044910649775131706,-0.0009012975663774908,-0.416444251770639,0.9091606959901222
2025-06-09T21:49:51.968945,-2.0103400350511826,4.136008079104295,0.1386677311074555,-0.0004829966753086279,-0.0009646187568501813,-0.43612898646899606,0.8998835165655563
2025-06-09T21:49:52.017237,-2.008956216142091,4.137088051559813,0.13866191792179944,-0.0005053342483176128,-0.0009878934109468242,-0.4540011075119246,0.8910004282164247
2025-06-09T21:49:52.064334,-2.0076072865849386,4.138041024129725,0.13866246052791012,-0.0005257226160013118,-0.0009788108199439015,-0.4704166549837901,0.8824437297975275
2025-06-09T21:49:52.114423,-2.0063188049830183,4.138898058239849,0.13866305245838054,-0.0005458011100612226,-0.0009725472266281015,-0.48538440386419224,0.8743001411062696
2025-06-09T21:49:52.167714,-2.0042163244842675,4.138473027146241,0.13865291934254115,-0.000661494296762738,-0.0011156711268273055,-0.49968728180548916,0.8662049053804036
2025-06-09T21:49:52.216934,-2.001210209291055,4.136070812293289,0.1386581837402695,-0.0006824411857896396,-0.0010805557463306151,-0.513660555925937,0.8579925407363194
2025-06-09T21:49:52.268345,-1.9972783615214733,4.1316148402792905,0.1386617051905126,-0.0007159972653785762,-0.0010681740659600003,-0.5276177254837149,0.8494809486430359
2025-06-09T21:49:52.316420,-1.9925525475779302,4.124820974931787,0.13866482271232655,-0.0006913468358392683,-0.0009990213241686536,-0.5419055035479965,0.8404385457725859
2025-06-09T21:49:52.370251,-1.986690799409569,4.115244277985051,0.1386701646939494,-0.0006687524126737232,-0.0009264411511138187,-0.5570676810462467,0.8304663107018619
2025-06-09T21:49:52.417991,-1.9796601537502478,4.101635136245227,0.1386606757596465,-0.0007809735329002976,-0.0010388875594921688,-0.5724081348069215,0.8199678274175402
2025-06-09T21:49:52.462066,-1.9717390816812344,4.083135466678714,0.1386790284256187,-0.0006842056974209476,-0.0008557833006443427,-0.5869149299655314,0.809647864494844
2025-06-09T21:49:52.513394,-1.9633033544635263,4.0593900613545575,0.13868521181271568,-0.0006547269299540525,-0.0007821812612246775,-0.5991707906695957,0.8006205862538718
2025-06-09T21:49:52.563348,-1.9546191397122428,4.030460385713043,0.13868251986463712,-0.0006951300087576494,-0.0008100495930035124,-0.6080160721669391,0.7939239992597625
2025-06-09T21:49:52.619948,-1.94561226925548,3.9967029853854172,0.13868821962864603,-0.0006461380466928345,-0.0007392098639052453,-0.6134288427496342,0.7897493849046331
2025-06-09T21:49:52.667583,-1.936104632340184,3.959327762910837,0.13869487020623086,-0.0005838873722259217,-0.0006626813668203626,-0.6167406972233972,0.7871658861493811
2025-06-09T21:49:52.715954,-1.9267057594344859,3.9215273543993425,0.13870741092484154,-0.0004602271835708049,-0.0005117646854537199,-0.6196657710653101,0.7848655034194592
2025-06-09T21:49:52.761790,-1.9175207062441821,3.8838196394521085,0.1387014340158163,-0.0005142724504611506,-0.0005826219297209212,-0.6224115079091485,0.7826897922534787
2025-06-09T21:49:52.813392,-1.9085519936121957,3.8460169661972663,0.13870536697840094,-0.00047619968473971985,-0.0005335586259815068,-0.6249393431915188,0.780672982676105
2025-06-09T21:49:52.864567,-1.8998720349428353,3.808167988506611,0.1386978255249639,-0.0005531841714803699,-0.0006225249406460902,-0.6272333686215342,0.7788309237168574
2025-06-09T21:49:52.916747,-1.891449463716247,3.7702026818498675,0.13870128784017993,-0.0005211956691971166,-0.0005793204267822717,-0.6293186800496372,0.7771469562981638
2025-06-09T21:49:52.966435,-1.8832436672374038,3.7321949679926867,0.13869937899697066,-0.0005401085807429373,-0.0006005173066917916,-0.6312339619433924,0.7755920531767544
2025-06-09T21:49:53.015625,-1.8752147867973783,3.694111930826086,0.13870504823244706,-0.0004848030605143494,-0.0005314235483318613,-0.6329985313211387,0.7741526605911049
2025-06-09T21:49:53.064322,-1.8673667327405803,3.6559990098006976,0.1387065685496288,-0.0004709370926589407,-0.0005126130520268482,-0.6346225870995019,0.7728218988804916
2025-06-09T21:49:53.115789,-1.859697931826588,3.617881564921665,0.13870060448856325,-0.0005318732294827266,-0.0005824756652546372,-0.6361032951899696,0.7716035093760459
2025-06-09T21:49:53.160845,-1.8521838235104977,3.5797013649327916,0.1387021974645517,-0.0005162833887796815,-0.0005630085664219084,-0.6374611301768979,0.7704821373571283
2025-06-09T21:49:53.207442,-1.8448045670755515,3.5414919955167212,0.1387027208292314,-0.0005127703800480443,-0.0005565822709925679,-0.6387125166522618,0.7694450911887392
2025-06-09T21:49:53.268903,-1.8375554655791646,3.5032468781164274,0.1387023587526087,-0.0005182563931681039,-0.0005626437739927376,-0.6398621007743855,0.7684893667676116
2025-06-09T21:49:53.319774,-1.8304176341565772,3.4649764199744952,0.1387121362697955,-0.0005244763608135417,-0.0005316147377395705,-0.6409084467406758,0.7676169651634674
2025-06-09T21:49:53.360963,-1.8233951916415445,3.426658458379099,0.13871502866246957,-0.0004933241637318786,-0.0004940503856936222,-0.6418796621906029,0.7668050676746755
2025-06-09T21:49:53.413190,-1.8164864004978298,3.388366413637968,0.13870983615228544,-0.0005450811939208267,-0.0005537381564113231,-0.6427772968580707,0.7660527024326577
2025-06-09T21:49:53.466445,-1.8096710335828845,3.350008158171076,0.13871428959363716,-0.0004991609824772646,-0.000499409459712206,-0.6436024746691114,0.7653596252927777
2025-06-09T21:49:53.519101,-1.802949178073361,3.3116618593448996,0.13871418580460315,-0.000498640222064972,-0.000499030032417753,-0.6443562555097484,0.7647251259847628
2025-06-09T21:49:53.566583,-1.7963095474441322,3.2733102773474982,0.13871009897789005,-0.0005397728786027955,-0.0005453143366204569,-0.6450507821999785,0.7641393195358487
2025-06-09T21:49:53.618843,-1.7897403403179677,3.2349567457199924,0.1387050241227121,-0.0005904082198943116,-0.0006036545099587417,-0.6456953972152942,0.7635946182591584
2025-06-09T21:49:53.662112,-1.7832192625626502,3.196510535819866,0.13871129089134285,-0.0005253588315569101,-0.0005281066422606638,-0.6462746421702474,0.7631045354269566
2025-06-09T21:49:53.717498,-1.7767635084823858,3.1580863225214832,0.1387165801250569,-0.0005132595788709393,-0.0005451961996052177,-0.6468104204552746,0.7626504568386357
2025-06-09T21:49:53.764453,-1.7703645324836395,3.119633882558096,0.13870881110825242,-0.0005630415743401174,-0.0006033960267386111,-0.6473041192862077,0.7622313927230547
2025-06-09T21:49:53.815310,-1.7640142398621403,3.0811627051846,0.13871361416124228,-0.0005123892030924893,-0.0005447104828144892,-0.6477550300099186,0.7618483194472795
2025-06-09T21:49:53.865450,-1.7577060292005426,3.0426911438370077,0.1387097102483461,-0.0005493201307617546,-0.0005870968235388171,-0.6481745839836299,0.7614913408846894
2025-06-09T21:49:53.912028,-1.7514529048637157,3.0042048491810527,0.13871388447068486,-0.0005062185965694631,-0.0005362493126516847,-0.6485526570160951,0.7611694340005848
2025-06-09T21:49:53.965300,-1.7452298621154827,2.965712855523445,0.13871024673433,-0.0005404653233639922,-0.0005759209414937638,-0.6489044948066112,0.7608694584697695
2025-06-09T21:49:54.015393,-1.739048682259274,2.927207482433543,0.13871193812747995,-0.0005221970518246578,-0.000554031017988468,-0.6492260869272947,0.7605951014915512
2025-06-09T21:49:54.066206,-1.7329064737318483,2.8887369401945073,0.1387059749323854,-0.0005806265188353921,-0.0006211543581871523,-0.6495226026356608,0.760341808468735
2025-06-09T21:49:54.116344,-1.7267905651240099,2.8502055151696504,0.1387124073084139,-0.000514084467938547,-0.0005446057299629316,-0.6497925975712141,0.7601111887503122
2025-06-09T21:49:54.170898,-1.720736497508161,2.811708891826761,0.13871147951910673,-0.0005205923975176163,-0.0005540751945165281,-0.6489996131070039,0.7607883570160585
2025-06-09T21:49:54.214998,-1.7146903533188436,2.7732078338718162,0.13870290636969596,-0.0006025377657790654,-0.0006503648178302053,-0.6480086328348683,0.7616324741929861
2025-06-09T21:49:54.271870,-1.7085402359849902,2.734621574538706,0.13871233086026113,-0.0005061956710543102,-0.0005389924928797806,-0.6470890170385215,0.7624140982964279
2025-06-09T21:49:54.311762,-1.7022664851018192,2.6961050178375925,0.1387153650169407,-0.0004757499468294179,-0.0005066851123180672,-0.6462549220044758,0.7631212830980237
2025-06-09T21:49:54.369166,-1.6958784450054263,2.657641403248329,0.13871152412324297,-0.0005107559655823102,-0.0005494644040046032,-0.6454962937252471,0.7637630339340742
2025-06-09T21:49:54.411827,-1.6894180352976238,2.619193635742074,0.13870891715768457,-0.000532692535418655,-0.0005763590954117969,-0.6447927430997157,0.764357051707381
2025-06-09T21:49:54.460017,-1.6828901289519134,2.580749835863515,0.1387075121186368,-0.000542443803015602,-0.000587544850274834,-0.6441413356599041,0.7649060728220455
2025-06-09T21:49:54.517335,-1.676293939313651,2.542298014327087,0.13871219996349757,-0.000492988345101142,-0.0005301006042847837,-0.6435405081059515,0.7654117129901886
2025-06-09T21:49:54.570022,-1.669636018452254,2.503881124848011,0.13871146312081878,-0.0005007444304638287,-0.0005408663612743892,-0.6429977708503416,0.7658676931429385
2025-06-09T21:49:54.617676,-1.662918235145756,2.4654723960220517,0.13871177072701743,-0.0004925755162145106,-0.000532036305490002,-0.6424914980866372,0.7662924697484108
2025-06-09T21:49:54.667342,-1.6561537004913032,2.4270876556355794,0.13870709774180243,-0.0005342856858855938,-0.0005823360629982493,-0.6420301119891613,0.766679014140012
2025-06-09T21:49:54.716935,-1.6493422293703315,2.3887278456061574,0.13870398834490202,-0.0005618956198376601,-0.0006161028118545923,-0.6415969065435918,0.7670415335588623
2025-06-09T21:49:54.768860,-1.6424789383728213,2.350323386380464,0.1387096769585694,-0.0005027355889150597,-0.0005471443026006055,-0.6411993235104904,0.7673740127341616
2025-06-09T21:49:54.817600,-1.6355733458709594,2.3119440645588285,0.13870806705588618,-0.0005162139548864908,-0.0005633610602223955,-0.6408325187228923,0.7676803365299534
2025-06-09T21:49:54.861983,-1.6286315743323834,2.2735895268995736,0.13870597666817233,-0.0005340124077853337,-0.0005854507006062559,-0.6404907064862546,0.7679655115843186
2025-06-09T21:49:54.917409,-1.6216542319056528,2.2352350652785296,0.13870586960780312,-0.0005328962915547852,-0.0005837542951723589,-0.6401727272307416,0.768230599860758
2025-06-09T21:49:54.966196,-1.6146459614462667,2.1968745483871515,0.13870593642542112,-0.0005289466834830779,-0.0005802323699568873,-0.6398814560784146,0.7684732303163011
2025-06-09T21:49:55.014846,-1.6076098362482643,2.1585672261416344,0.13869673438919752,-0.000616318679966643,-0.0006856298100198452,-0.6396153424796862,0.7686945841669773
2025-06-09T21:49:55.066412,-1.6005370307157332,2.1202204720962188,0.13869884031795984,-0.0005920602316145107,-0.000657328115857248,-0.6393705984367293,0.7688982086330343
2025-06-09T21:49:55.116422,-1.593435659346416,2.0818635629561517,0.13870463402885344,-0.0005315832753748916,-0.0005854070914407362,-0.6391380196679269,0.7690916502814988
2025-06-09T21:49:55.166622,-1.5863171114788526,2.043539660508815,0.13870382996804423,-0.0005349118533700125,-0.0005915218414278162,-0.6389325571259465,0.7692623423876405
2025-06-09T21:49:55.218891,-1.5791713900207698,2.005217751696102,0.13870446315340623,-0.0005254154918659104,-0.0005793654535716133,-0.6387374861336858,0.7694243381137952
2025-06-09T21:49:55.264482,-1.5720102845821198,1.9668827583660193,0.13870495134349362,-0.0005153482429023915,-0.0005687865106710857,-0.6385598143411442,0.7695718123779595
2025-06-09T21:49:55.313440,-1.5648328127410154,1.9285768430019452,0.1386996072361979,-0.0005619240098996281,-0.0006273382788888884,-0.6383968937376626,0.7697068901563728
2025-06-09T21:49:55.369831,-1.5576237789736387,1.8902239627362072,0.13870683240901266,-0.0004873528934273286,-0.0005372025034833685,-0.6382375811846629,0.7698391155716748
2025-06-09T21:49:55.417329,-1.5504138632182451,1.8519274911059285,0.13870064161429002,-0.0005446220313891637,-0.0006050063080218712,-0.6380975683392632,0.7699550835170383
2025-06-09T21:49:55.463412,-1.5431872529812016,1.8136184352889344,0.1387025242938194,-0.0005210502504493507,-0.000578626309379929,-0.6379627650315456,0.7700668179655162
2025-06-09T21:49:55.511999,-1.535944455789951,1.7753275504240533,0.1386985326313746,-0.0005620645053458495,-0.0006259348184146374,-0.6378373362819124,0.7701706465023772
2025-06-09T21:49:55.566472,-1.5286875027328493,1.737009023264036,0.13870608273691892,-0.0005491366178251855,-0.0005841404857277288,-0.6377101562482865,0.7702759984879797
2025-06-09T21:49:55.615388,-1.5214186886462726,1.6986718975104984,0.13871262629787257,-0.0004883664077307558,-0.0005112012940649955,-0.6375931224953479,0.7703729683199696
2025-06-09T21:49:55.670837,-1.5141504953455747,1.6603695073848144,0.13871050495818443,-0.0005026502108190778,-0.0005306188846842454,-0.6374877391789193,0.7704601535335329
2025-06-09T21:49:55.711923,-1.5068561337478776,1.6220691235016673,0.13870881851909525,-0.0005151320266942873,-0.0005458246235406141,-0.6374033361399954,0.770529962942441
2025-06-09T21:49:55.763164,-1.4995501488642973,1.5837615162779666,0.13870976936905355,-0.0004993317804914965,-0.0005273145011723218,-0.6373352824030406,0.7705862770718322
2025-06-09T21:49:55.815472,-1.4922430350049942,1.5454629084898386,0.13870804073454862,-0.0005084945068545288,-0.0005398123826643815,-0.6372517486276615,0.7706553437866475
2025-06-09T21:49:55.870293,-1.4849237776996993,1.5071635039570148,0.13870737912675155,-0.0005093526153166494,-0.0005398618286761696,-0.6371758758969055,0.7707180757476307
2025-06-09T21:49:55.913338,-1.4776035314940992,1.4688637700401264,0.13870576754106376,-0.0005137376301587726,-0.0005498565129220549,-0.6370915101739636,0.7707878056869614
2025-06-09T21:49:55.966441,-1.4702718541616737,1.430565733772493,0.13870497496620204,-0.0005136079426310557,-0.0005508663631185181,-0.6370172294914517,0.7708491954229222
2025-06-09T21:49:56.014068,-1.4629336025670638,1.392268653628821,0.1387052842059245,-0.0005042650722535402,-0.000539152453357513,-0.6369483452186976,0.7709061295349336
2025-06-09T21:49:56.066523,-1.4555848525054227,1.3539706789549373,0.13870598959500763,-0.0004919134845208785,-0.0005230874655200701,-0.6368881765385732,0.7709558580009613
2025-06-09T21:49:56.114208,-1.4482227115813608,1.3156610472445192,0.1387087972588109,-0.0004551163635552746,-0.00048494718239046217,-0.6368627122222044,0.7709769409497951
2025-06-09T21:49:56.167123,-1.4408664787283922,1.2773868479868429,0.13870520238690487,-0.0004885285449447441,-0.0005255527477679653,-0.6368303334027108,0.7710036391563678
2025-06-09T21:49:56.217381,-1.4335074396173004,1.2390922116710041,0.13871285832831837,-0.00046552593250032137,-0.0005465251141788512,-0.636808919490305,0.7710213256800983
2025-06-09T21:49:56.266473,-1.426144148517333,1.2008223770494024,0.13870806819974715,-0.0005065167513433333,-0.0005955931148843444,-0.6367803925755596,0.7710448238208584
2025-06-09T21:49:56.317725,-1.4187697471862082,1.1625057012711613,0.1387093186709285,-0.0004622212274800196,-0.0005230945245022794,-0.6367406976249946,0.771077685263742
2025-06-09T21:49:56.367440,-1.4114017202483797,1.124224688589627,0.13870601721901693,-0.00048438851184384724,-0.0005500368022645846,-0.6367027477543408,0.7711089895918463
2025-06-09T21:49:56.417451,-1.404026382427773,1.0859275580183207,0.13870624572952406,-0.0004641691215453437,-0.0005284541624205817,-0.6366637837131836,0.7711411879748336
2025-06-09T21:49:56.466556,-1.3966484504833097,1.0476663259254415,0.1386989910256568,-0.0005152577456733476,-0.0005953595083581995,-0.636654363020781,0.7711488845243277
2025-06-09T21:49:56.515363,-1.3892657798903196,1.0093657439629216,0.13870033171010102,-0.00048214047951700134,-0.0005603643983156645,-0.6366310869661177,0.7711681480978312
2025-06-09T21:49:56.564305,-1.3818704114285967,0.9710993341806408,0.1386956528607051,-0.0005148209301934492,-0.0005984300164347887,-0.6366421528896752,0.77115896286364
2025-06-09T21:49:56.614417,-1.3744805991239928,0.9327916322521131,0.13869964380330474,-0.00045481066773878087,-0.0005331664601462836,-0.6366288811250167,0.7711700049913066
2025-06-09T21:49:56.667801,-1.3670952239551797,0.8945172088653214,0.13870377101027062,-0.00048492991094412075,-0.0005402588869863523,-0.6366001737466697,0.7711936797906389
2025-06-09T21:49:56.713371,-1.359706256492681,0.8562187003401668,0.1387073012095541,-0.000463984708503562,-0.0005080780384728819,-0.6365775209716981,0.771212413261369
2025-06-09T21:49:56.763319,-1.352319906232802,0.8179668763389174,0.13870080839025828,-0.0005227304390751918,-0.0005777403377646397,-0.6365603881509636,0.771226468170073
2025-06-09T21:49:56.817419,-1.3449227768340666,0.7796914940555856,0.13869865072276816,-0.0005328734196398122,-0.0005872351398959,-0.6365570758766296,0.7712291879540116
2025-06-09T21:49:56.864519,-1.3375197865341384,0.7413866618352384,0.1387016978562259,-0.00047727661160007484,-0.0005190559645432433,-0.6365538970028655,0.7712318970312413
2025-06-09T21:49:56.920174,-1.3301251818630264,0.7031273299608757,0.13869389413145622,-0.0005290763971560475,-0.0005798353712709846,-0.6365528571424329,0.771232678206074
2025-06-09T21:49:56.966315,-1.322722412953962,0.6648209176995872,0.13869805958207654,-0.000463925349217964,-0.0004997586145213248,-0.636543043279726,0.7712408761643684
2025-06-09T21:49:57.010888,-1.315324438742331,0.6265210128515153,0.13869976305504075,-0.00042356883173605414,-0.0004507158077562162,-0.6365263532289339,0.7712547044198694
2025-06-09T21:49:57.063491,-1.3079351803324464,0.5882741105570843,0.13868903914001535,-0.0005103583972521643,-0.0005515632797213186,-0.6365080555277655,0.771269687308219
2025-06-09T21:49:57.120174,-1.3005427814930997,0.5499924915733077,0.13868822983409865,-0.0004962758556960046,-0.000535554578994722,-0.636484645363351,0.771289026959581
2025-06-09T21:49:57.166373,-1.2931391543533226,0.5117163008443623,0.13868613679124114,-0.0004987817120779004,-0.0005364000782992715,-0.6364816247599018,0.7712915174139772
2025-06-09T21:49:57.213464,-1.2857287577180367,0.473436891203766,0.1386849444025023,-0.0004932988469192324,-0.0005276487790455026,-0.6364843890036043,0.7712892458719506
2025-06-09T21:49:57.264174,-1.278316537999683,0.4351307243438082,0.13868863135800114,-0.0004365142071265372,-0.00046151264736992565,-0.6364864454013661,0.7712876255209578
2025-06-09T21:49:57.314399,-1.270916474775546,0.3968689138072873,0.1386908974420427,-0.0004581148470885199,-0.0005319609567375632,-0.6364946816446303,0.7712807707874144
2025-06-09T21:49:57.364500,-1.2635111173162663,0.3585771478731878,0.13869269195223047,-0.0004347536963807408,-0.0005135708422674187,-0.6364920212663845,0.7712829922268777
2025-06-09T21:49:57.411829,-1.2561097597485185,0.3203098105226373,0.13868849884148657,-0.0004600607637044728,-0.0005418426975561964,-0.6364841831044489,0.771289426485575
2025-06-09T21:49:57.463429,-1.2487068667854966,0.28200415967087394,0.13869128015166593,-0.0004124018749330216,-0.0004849567910818215,-0.6364689489895922,0.7713020625628383
2025-06-09T21:49:57.509019,-1.241305902702809,0.24373291736526354,0.13868744147361456,-0.00043502582221954805,-0.0005076035383556298,-0.6364519343454453,0.7713160755223004
2025-06-09T21:49:57.571261,-1.2339029008210276,0.2054464502463281,0.13868673100452406,-0.00042358587970936506,-0.0004934730287878682,-0.6364357478929902,0.7713294470349636
2025-06-09T21:49:57.615140,-1.226497460129074,0.16717747716910838,0.1386827470911143,-0.00044812139760885833,-0.0005194596394864989,-0.63642468489468,0.7713385442240025
2025-06-09T21:49:57.661317,-1.2190902193623214,0.1289191304005123,0.13867799617564067,-0.00047895206605735863,-0.0005550990758680122,-0.6364206355872124,0.7713418419019566
2025-06-09T21:49:57.715412,-1.2116738966689204,0.09063334209478152,0.1386784968190739,-0.0004597158016024227,-0.0005289158445282026,-0.6364178923505204,0.7713441353932321
2025-06-09T21:49:57.763388,-1.204250336695611,0.052317451884369134,0.1386843045111365,-0.0003863548238859925,-0.00043963686727183863,-0.6364240179614596,0.7713391775419984
2025-06-09T21:49:57.817498,-1.1968443949472358,0.014057760608426667,0.1386785091778196,-0.00042893057739645807,-0.0004897915345693781,-0.6364149503534717,0.7713466063251985
2025-06-09T21:49:57.867319,-1.1894298112571478,-0.024217351123655185,0.1386761346404492,-0.00043834559382460725,-0.0004998971915802074,-0.6364168954422866,0.7713449897105316
2025-06-09T21:49:57.916398,-1.1820121694218408,-0.06249214913471156,0.13867509013627327,-0.00043519688972049053,-0.0004947688447139186,-0.6364165566657652,0.7713452743156909
2025-06-09T21:49:57.965491,-1.174604389018668,-0.10077665669335478,0.13867392863553327,-0.00043260169424413897,-0.0004916069390404272,-0.636404043006047,0.771355602315786
2025-06-09T21:49:58.017147,-1.1671997008955766,-0.13904609685144206,0.13867184964041715,-0.00044090885308889504,-0.0005001554503455532,-0.636384585374356,0.7713716451502595
2025-06-09T21:49:58.067694,-1.1597735689480881,-0.17734095015255152,0.13867409171325276,-0.0004069996966787892,-0.00045730189935650595,-0.6363836604496551,0.7713724534483443
2025-06-09T21:49:58.113337,-1.1523466979320056,-0.215607748674421,0.13866960280776136,-0.00043958255195053475,-0.0004952211068902112,-0.6363946534601164,0.7713633427708462
2025-06-09T21:49:58.160091,-1.1453221042308483,-0.25164347109253615,0.13868729381037603,-0.00028024454214847777,-0.0003052802888100691,-0.6362036854498695,0.7715210294521759
2025-06-09T21:49:58.216668,-1.1391013647836836,-0.2834886654283749,0.13868949580102638,-0.00029177695193749464,-0.0003185967562814385,-0.6356797073449348,0.7719527984483089
2025-06-09T21:49:58.266281,-1.133693767393979,-0.31113620130020553,0.13869391429265648,-0.00028606622354482303,-0.0003115713891479446,-0.6348402682976844,0.7726432908122024
2025-06-09T21:49:58.314427,-1.1290797237512955,-0.3345747427413704,0.13869778760504264,-0.0002898685971353121,-0.00031555790022900175,-0.6336418008208706,0.7736264503310962
2025-06-09T21:49:58.364523,-1.1252907035025859,-0.35382773034688586,0.13870286387534808,-0.00028171207509797297,-0.00030781888467136146,-0.6320411016806032,0.7749347531710076
2025-06-09T21:49:58.417564,-1.1220420749624735,-0.36989944127227725,0.1386921454814995,-0.0004104496741639263,-0.0004739220932396058,-0.628991185049419,0.7774121790009739
2025-06-09T21:49:58.461888,-1.1191780052775093,-0.38467864617445735,0.13869855427874894,-0.0004446232809428019,-0.0005321519455805234,-0.6234284310190942,0.7818801126269395
2025-06-09T21:49:58.507487,-1.116689660196918,-0.39830789672670563,0.13870354117636047,-0.0004337130055011018,-0.0005150020594514172,-0.6156113115422724,0.7880496556481138
2025-06-09T21:49:58.566651,-1.114577725347092,-0.41067883589803394,0.13870390368428498,-0.00044425543662612865,-0.0005309159187150492,-0.6050648153400919,0.7961759164926148
2025-06-09T21:49:58.615740,-1.112863799529582,-0.421734382097651,0.1386936513626266,-0.00046373286838857775,-0.0005565677872480329,-0.5916343474704514,0.8062060990077773
2025-06-09T21:49:58.667436,-1.111503189363296,-0.431595014758759,0.13869132498902068,-0.0004587743006289613,-0.0005612863444059378,-0.575029521567497,0.8181323388117819
2025-06-09T21:49:58.712020,-1.110545863063606,-0.44001668688784557,0.13869925220979812,-0.0004218602377730196,-0.0005752610768218975,-0.5548428175394547,0.8319548899630993
2025-06-09T21:49:58.766399,-1.1099988803078453,-0.4471209128382111,0.13869116888637312,-0.0004576861609676408,-0.0006861971498181143,-0.5308263679945078,0.8474801984109183
2025-06-09T21:49:58.814505,-1.110136536861496,-0.4531548361309592,0.1386931543181512,-0.0004200343512416882,-0.00066039037433825,-0.502691846274029,0.8644653232752054
2025-06-09T21:49:58.867538,-1.1111441602924823,-0.4578472855865475,0.13870006076906677,-0.00035604125686014565,-0.00061471101758711,-0.46997436841530776,0.8826797768146843
2025-06-09T21:49:58.912292,-1.113463125104448,-0.46110699708632275,0.1386973312707484,-0.0003305180636530014,-0.000622077139852123,-0.43169101683729244,0.9020212690174363
2025-06-09T21:49:58.966452,-1.1167451856582398,-0.46372705566016903,0.1386864720314712,-0.0003592864746817526,-0.0007751653176569783,-0.3889951333154485,0.9212394131217226
2025-06-09T21:49:59.010036,-1.1199760062268715,-0.4666357836685758,0.13868410816853996,-0.0003299081876388943,-0.0008087875404727829,-0.3451951359117589,0.9385305296931818
2025-06-09T21:49:59.067646,-1.1228720383436033,-0.4697311264961197,0.13868555691454154,-0.0002832187676574393,-0.000759825241397572,-0.3006104026336957,0.9537466793028113
2025-06-09T21:49:59.113301,-1.1252654308517935,-0.47316507825139126,0.13867141953752657,-0.00029473299037091616,-0.0009325266294941163,-0.25556396776147855,0.9667916538264901
2025-06-09T21:49:59.165137,-1.1271630429825406,-0.47690141003504305,0.13866819142896228,-0.0002593699086026746,-0.0009122933822324598,-0.20987178311375593,0.9777284567305423
2025-06-09T21:49:59.216505,-1.1287402924112857,-0.4808405822513927,0.13866224042177008,-0.00023261732624332837,-0.0009481707191797374,-0.16362627900783644,0.9865219144446394
2025-06-09T21:49:59.265191,-1.129896191870957,-0.4849185609196107,0.13866342798439185,-0.0001875861124726874,-0.0009153808731718723,-0.11705672914692856,0.9931247902709559
2025-06-09T21:49:59.314531,-1.1306817513523093,-0.48906926363223013,0.13866305675703114,-0.00014649235857048387,-0.0009035486066405028,-0.07018335704883263,0.9975336879189899
2025-06-09T21:49:59.364610,-1.131069475863646,-0.4932677973781071,0.13867592392977474,-7.704864830430924e-05,-0.0008496848370343925,-0.02317098741707973,0.9997311525811833
2025-06-09T21:49:59.413553,-1.1310963573425294,-0.497469783403054,0.13868083016813126,-9.830564359254376e-06,-0.0009162433380640367,0.023872377438215707,0.9997145942702611
2025-06-09T21:49:59.466701,-1.130729285255962,-0.501649234853753,0.13867952190633687,3.771840794049297e-05,-0.000938087902626133,0.07088713884301458,0.997483900679635
2025-06-09T21:49:59.511282,-1.129985398567983,-0.5056722133021732,0.13867599625729082,8.667220336201069e-05,-0.0009831573088452993,0.11682718601376267,0.993151768108853
2025-06-09T21:49:59.565552,-1.1289454395835634,-0.5094591052054064,0.1386781065620077,0.00012213836413106638,-0.0009467586432014474,0.15986786569023304,0.9871379611026724
2025-06-09T21:49:59.611208,-1.1277067325628654,-0.5128638083832152,0.13867289405581223,0.00017705703322939972,-0.0010236075983150086,0.19924062702685985,0.979950046390241
2025-06-09T21:49:59.663475,-1.1262440665768252,-0.5158993246639991,0.13867812849017944,0.0001983708040437515,-0.0009645100351435633,0.23543132365401312,0.9718904887959011
2025-06-09T21:49:59.717573,-1.1247433683839279,-0.5185815753732352,0.13867822017083792,0.0002319800118160409,-0.0009657494930927124,0.2684203588437538,0.9633013674190343
2025-06-09T21:49:59.765435,-1.1231838932263591,-0.521053559457906,0.1386782790418785,0.000263383268090639,-0.0009608181001182959,0.2985331757135352,0.9543987376648316
2025-06-09T21:49:59.811073,-1.1216013224954628,-0.5232433720607704,0.13867936588191307,0.0002844782853170247,-0.0009422642873014649,0.32622367803951563,0.9452920940621945
2025-06-09T21:49:59.866813,-1.1200576107488092,-0.5251427923255814,0.13867310236481248,0.0003212993962843081,-0.0009631347514408191,0.3515670329080847,0.9361621603709234
2025-06-09T21:49:59.913521,-1.118279487569915,-0.5266278356752561,0.1386673262676305,0.00036841507224460995,-0.0009533121861909829,0.37550541730394393,0.9268196356582015
2025-06-09T21:49:59.965692,-1.1167624831832232,-0.5279697511477169,0.1386801706961448,0.0003641114258784716,-0.0009170606647537252,0.39706160893902065,0.9177914279014393
2025-06-09T21:50:00.014715,-1.115369064063235,-0.5292463397249945,0.13867500123925153,0.0004260810419220439,-0.0010037924420267178,0.4165070884485747,0.9091318144954394
2025-06-09T21:50:00.065448,-1.1140305721555048,-0.5303837242684752,0.1386716983478518,0.0004707836798286403,-0.0010413227852597961,0.4342378006221264,0.9007975502411417
2025-06-09T21:50:00.115540,-1.1127424588917778,-0.5313677921399611,0.13867262347104017,0.00048652468857993125,-0.0010238048354404747,0.4506451208642377,0.8927024645191942
2025-06-09T21:50:00.166678,-1.1115542876920377,-0.5322273731782243,0.13867282801874134,0.000501983851366905,-0.0010119888978895545,0.46566122206989696,0.8849623439169905
2025-06-09T21:50:00.216597,-1.1094857967702199,-0.5320067966257213,0.13866131121756886,0.0005927966483137703,-0.0011381708120726574,0.48026909949302804,0.877120256995295
2025-06-09T21:50:00.263573,-1.1063154807520674,-0.5298939982512133,0.13866336327027215,0.0005936584997061622,-0.0010930009664256713,0.4945092744571966,0.869171462022477
2025-06-09T21:50:00.313510,-1.1021824281169332,-0.5258278079907861,0.1386666577064821,0.0005944758543335871,-0.0010557187422488724,0.5086176147028363,0.8609916689901204
2025-06-09T21:50:00.363109,-1.0970747753272976,-0.519504181633439,0.13867345424938873,0.0005696793075394835,-0.000988340375826596,0.5229085167193068,0.8523880464854034
2025-06-09T21:50:00.409269,-1.0906920169362126,-0.5101426541141965,0.13867038578282936,0.0005987430940972982,-0.001002355921480533,0.5374480803906864,0.8432960320514264
2025-06-09T21:50:00.463583,-1.083031457652884,-0.49670273969583717,0.13866619698828614,0.0006564072023771961,-0.0010598762707027688,0.551813709611039,0.83396647155457
2025-06-09T21:50:00.513700,-1.0741322480748914,-0.4785277839464602,0.13867615743785225,0.0006361628630768833,-0.0009742933266436369,0.5649757632111467,0.8251066797895333
2025-06-09T21:50:00.565412,-1.0643483759977266,-0.45511668333873984,0.13868256738474802,0.0006024207165847839,-0.0008868113324245809,0.5755371145346563,0.8177749570927585
2025-06-09T21:50:00.611988,-1.0538268591908846,-0.42666818164941267,0.13868893242797348,0.0005622585516294466,-0.0008216502494432729,0.5828493719677991,0.8125796073942116
2025-06-09T21:50:00.663145,-1.042577701363172,-0.3934804403751331,0.13869208038919228,0.0005276689005685452,-0.0007574898394509767,0.5871804817604219,0.8094555142898672
2025-06-09T21:50:00.712049,-1.0308169457953424,-0.3576988897041374,0.13870416103796052,0.0004203411712973558,-0.0006219063933184859,0.5906392724070239,0.8069353669509344
2025-06-09T21:50:00.764715,-1.019039517533695,-0.32146502113853415,0.13870206509363775,0.00042588858195208307,-0.0006229901974404598,0.5961561969813399,0.8028681207414301
2025-06-09T21:50:00.811953,-1.0073869998229097,-0.28479160571844053,0.13870236002498385,0.0004585304683989988,-0.000645965002762737,0.6042318711107036,0.796808144042895
2025-06-09T21:50:00.863584,-0.9963284953041471,-0.24789251070833468,0.13870604052744856,0.0004091672273617841,-0.0005719240105699548,0.6131148133006347,0.7899935007305023
2025-06-09T21:50:00.910957,-0.9861353544463498,-0.21077670012004512,0.1387046351369488,0.0004451019200230055,-0.0005897207784081276,0.6224212367126825,0.782682092680508
2025-06-09T21:50:00.962040,-0.9768846946744432,-0.17348865376373807,0.13870242653179177,0.0004564793790662325,-0.0005905702390307562,0.6323894060248748,0.7746502965860629
2025-06-09T21:50:01.011119,-0.968552841028998,-0.13603247790562453,0.1387001640785309,0.00048677385709922083,-0.0006086115514881046,0.6435565156383758,0.7653981995161634
2025-06-09T21:50:01.067794,-0.9611911863108636,-0.09841551454874684,0.13869707386505847,0.0005083788718980298,-0.0006053832895011192,0.656478991224821,0.7543438931564549
2025-06-09T21:50:01.112057,-0.9552021628469806,-0.06292502514180805,0.13871028797252305,0.0003506140155867809,-0.000411934453866251,0.6699252458892464,0.7424283617292989
2025-06-09T21:50:01.166266,-0.950854879923072,-0.031664047285607566,0.13871140016372382,0.00033720790281766005,-0.00039880894353022217,0.6832401702276262,0.7301935339549244
2025-06-09T21:50:01.217474,-0.9478516886876044,-0.004649988077491203,0.13871137141185982,0.0003292642432444204,-0.0003647784670400816,0.6962148883183401,0.7178332590550605
2025-06-09T21:50:01.264190,-0.9459402340462205,0.018122856512715627,0.13872172350313927,-0.0003392217581392742,0.0003813905885742473,-0.7085660057725994,-0.7056443544259972
2025-06-09T21:50:01.310995,-0.9447167877866223,0.0366179625203974,0.13872033336392137,-0.00033402410053334775,0.0003706179117224492,-0.7202210515951378,-0.6937444687415228
2025-06-09T21:50:01.360952,-0.9439451378486788,0.05087106519229032,0.138716081824133,-0.00036338334699415054,0.00038906018094334656,-0.7310531796204877,-0.6823202804779394
2025-06-09T21:50:01.417547,-0.9434480295487964,0.06103391936227276,0.1387116321010829,-0.0003861008879731953,0.00039782568242130076,-0.7409807634888099,-0.6715260239189329
2025-06-09T21:50:01.461052,-0.9428846796731858,0.06740060237079173,0.13870633066668683,-0.0004301526937774969,0.00043266540164513495,-0.750187113427348,-0.6612253190984549
2025-06-09T21:50:01.511267,-0.9423881312294065,0.07077562615445285,0.13869059606938544,-0.0005726749016023991,0.000521851830331006,-0.757017565044177,-0.653394066340298
2025-06-09T21:50:01.570289,-0.9421144527484401,0.07261701583082734,0.138689975339372,-0.0006264752046669098,0.0005543642571399016,-0.760662869113595,-0.6491465934293751
2025-06-09T21:50:01.617839,-0.9420018302898218,0.07299729155992714,0.13868900376503895,-0.000665307724582731,0.0005936513878886654,-0.7616280785561358,-0.6480137922132136
2025-06-09T21:50:01.666139,-0.9419996168182545,0.07293570585887546,0.13868144509025854,-0.0007470672717490023,0.000666529268851098,-0.761655438014097,-0.6479814745598671
2025-06-09T21:50:01.715860,-0.9420017927776414,0.0729175073422775,0.13868267580359725,-0.0007324384018139174,0.0006566314643859977,-0.7616655135651056,-0.6479696580972844
2025-06-09T21:50:01.766841,-0.9419987167726909,0.07288924808755684,0.1386810283922358,-0.0007512567335721809,0.0006710985354368626,-0.7616640590323082,-0.6479713314788739
2025-06-09T21:50:01.815848,-0.9420018673053601,0.07287878487652369,0.13868267740632365,-0.0007289213925133486,0.0006541809396464072,-0.7616633057098159,-0.6479722597890264
2025-06-09T21:50:01.861929,-0.9419996238242214,0.0728546234792882,0.13868151481974414,-0.0007490318401443541,0.0006706683335994833,-0.7616631628027964,-0.64797238798002
2025-06-09T21:50:01.916681,-0.9419995877457596,0.07284533308539916,0.13868277803724774,-0.0007368646152898228,0.0006601305875710455,-0.7616630183418553,-0.6479725825592629
2025-06-09T21:50:01.962358,-0.9419952573698802,0.07282589888234357,0.13868133696627427,-0.0007524444660015894,0.0006706706826151039,-0.7616601481517965,-0.6479759275972715
2025-06-09T21:50:02.014638,-0.9419952237915312,0.072810099789457,0.13868145561829798,-0.0007522710876165518,0.0006726948897159197,-0.7616605075911417,-0.6479755031988483
2025-06-09T21:50:02.065548,-0.9419965418730232,0.07279644895574973,0.13868133546961564,-0.0007508252685095029,0.0006705054809323114,-0.7616579553307548,-0.6479785071784327
2025-06-09T21:50:02.114658,-0.9419979820014024,0.07278617613784177,0.13868208645175284,-0.0007429533917405751,0.0006642603146993424,-0.7616591047871996,-0.6479771715679912
2025-06-09T21:50:02.160987,-0.9419987109078549,0.07277400561557941,0.13868242106228673,-0.0007369292787031134,0.0006615643866256251,-0.7616549424258752,-0.6479820737844816
2025-06-09T21:50:02.219105,-0.9422382434055647,0.07461518271185116,0.13867195684969896,-0.000872657065476512,0.0007835403760330368,-0.7620783245158248,-0.6474837849995
2025-06-09T21:50:02.261311,-0.9429784469764579,0.07964939818212369,0.1386746743407566,-0.0008614570595781856,0.0007717694468626151,-0.7635874152899624,-0.6457034315182552
2025-06-09T21:50:02.311937,-0.9441987516331901,0.08803684340016141,0.13867872868188225,-0.0007668124584082059,0.0006903942821915665,-0.7661482341486757,-0.642663067761992
2025-06-09T21:50:02.366542,-0.945989159898863,0.10017244781202941,0.13867586798843595,-0.0007865041041752452,0.0007029432068535939,-0.7694780296644521,-0.6386724114488231
2025-06-09T21:50:02.416144,-0.9488771808330376,0.11642921107413877,0.13867186812060328,-0.0008913861732313678,0.0007724344792182669,-0.7725309770923674,-0.6349759823870331
2025-06-09T21:50:02.461578,-0.953109394262355,0.13697855680713783,0.13868603060608192,-0.0007427943579975671,0.0006406133189366902,-0.7742833417406609,-0.6328383241982365
2025-06-09T21:50:02.517161,-0.9586230288151381,0.16175208318874004,0.13868798884642994,-0.0007229547878859764,0.0006241393988426631,-0.7740517497114562,-0.6331216127688413
2025-06-09T21:50:02.565496,-0.9651869308305793,0.19064834607013467,0.13868303863896675,-0.0007758503724547007,0.0006780153329336698,-0.7716109606547054,-0.6360939111082032
2025-06-09T21:50:02.607276,-0.9724398621512641,0.2236571688123096,0.13868585976190018,-0.0007335721815914797,0.0006592683635840281,-0.7670636987877498,-0.6415701904227904
2025-06-09T21:50:02.664582,-0.9797750542033345,0.26027611453456717,0.13869418067079758,-0.0006279937331853945,0.0005842457166829198,-0.7613185440584638,-0.6483774662598281
2025-06-09T21:50:02.712030,-0.9863838491931874,0.2981249096906332,0.13869986586576627,-0.0005568272763069038,0.0005340923362525385,-0.7569003005619063,-0.6535299072713175
2025-06-09T21:50:02.764342,-0.9922123186300741,0.336421674377747,0.1386996395918426,-0.0005571395955932257,0.0005503829240120159,-0.7532191267754988,-0.6577692100833415
2025-06-09T21:50:02.813540,-0.997581740365151,0.3748374270460792,0.13869942380760106,-0.000559469747796415,0.0005529564699594826,-0.7496042329158165,-0.6618858475805585
2025-06-09T21:50:02.863409,-1.0026418233814334,0.41326775653536707,0.1386958024949926,-0.0005999207556599551,0.0005910883694388884,-0.7460683221928837,-0.6658688679687029
2025-06-09T21:50:02.911083,-1.0073413856356883,0.4517606376466494,0.13869599909641495,-0.0005951704419424608,0.0005924224166666591,-0.7426012107339176,-0.66973333247222
2025-06-09T21:50:02.961109,-1.0116257502367056,0.49032133656876187,0.13869759648050206,-0.0005734892738326058,0.0005787813063006303,-0.73915450840122,-0.6735354102290416
2025-06-09T21:50:03.014390,-1.015495838216799,0.5289386137831951,0.13870326863827875,-0.0005062503432464728,0.0005209243613087685,-0.7357230993580528,-0.677282063411826
2025-06-09T21:50:03.071243,-1.018962454081238,0.5675398951549734,0.1386976663630418,-0.0005674402124525856,0.0005840223215181523,-0.7322830785540009,-0.6809998750315658
2025-06-09T21:50:03.116520,-1.022045172892068,0.6062164896826429,0.13870312326251097,-0.0005061984829236033,0.0005328050913396283,-0.7287887942518307,-0.6847381640121963
2025-06-09T21:50:03.165623,-1.0247330552037561,0.6448628669544674,0.13869477976007144,-0.0005962348354073278,0.000624678406023258,-0.7252331417544655,-0.688502828158213
2025-06-09T21:50:03.210244,-1.0270244581741665,0.6835552161029737,0.13869512795051775,-0.0005873599562191689,0.0006214296812406101,-0.7215434186778616,-0.6923686617663289
2025-06-09T21:50:03.262038,-1.0289185720417002,0.722286232300271,0.1386987954459368,-0.000558253080569393,0.0005939437498013764,-0.7176908197518878,-0.6963614168147051
2025-06-09T21:50:03.309153,-1.0303931209669073,0.7610110190760023,0.13869996012374247,-0.0005410813160048878,0.0005805779849933127,-0.7135947871407828,-0.7005582416371344
2025-06-09T21:50:03.367599,-1.031446985008031,0.7997510402314701,0.13870405300262398,-0.0004919446952879601,0.0005416058759947162,-0.7091361604952298,-0.70507118118072
2025-06-09T21:50:03.416687,-1.0320439305807585,0.8384558918099072,0.1387018359482913,0.0005126005409451517,-0.0005676759230680813,0.7041603175855832,0.7100406059673647
2025-06-09T21:50:03.467537,-1.0321664045037005,0.8771302876455552,0.13870146570764202,0.0005090177660417305,-0.0005760380440888562,0.6983843968710254,0.7157224624728359
2025-06-09T21:50:03.517637,-1.0317962818500654,0.9157288177116916,0.1387013272184629,0.0005005415885913078,-0.0005799653784542152,0.6913397700601244,0.7225294010844765
2025-06-09T21:50:03.562118,-1.0307875901530057,0.9519995131451922,0.13871386707695524,0.000357078551962986,-0.00043811182050358015,0.6838465359742506,0.7296256545578415
2025-06-09T21:50:03.614525,-1.029337637836591,0.9839154091556439,0.13871465304655697,0.00034537360547004514,-0.00043364799107992874,0.6763495131565871,0.7365806328701157
2025-06-09T21:50:03.664627,-1.027624991462714,1.0114948185533248,0.13871500865413977,0.0003383570306904616,-0.000434686639286758,0.6690326530692449,0.7432328071937978
2025-06-09T21:50:03.710206,-1.0258212423054163,1.0347513842871687,0.13871582878908076,0.00032701696277487313,-0.00042871277044191137,0.6620165688423174,0.7494890071532149
2025-06-09T21:50:03.767527,-1.0241162692106132,1.0537046559502257,0.13871810730442902,0.0003018767029154823,-0.00040462046566899795,0.6554057705612283,0.7552767844093831
2025-06-09T21:50:03.816289,-1.022668746399312,1.068377005611333,0.13871633342690357,0.00031791909667727714,-0.00042887162868314997,0.6492955563928406,0.7605359922088406
2025-06-09T21:50:03.864607,-1.0216123117394957,1.0788151384876765,0.13871587040271305,0.00032176936314065596,-0.0004368149009248002,0.6438257884754738,0.7651719151610009
2025-06-09T21:50:03.914597,-1.0210624995365616,1.0850646545349696,0.13871577967065482,0.0003219817343765308,-0.0004400975371495317,0.6391704083746184,0.7690649463472797
2025-06-09T21:50:03.970078,-1.0210284217827854,1.0873121039351235,0.1387112068140029,0.00036613602320795247,-0.0004996229937121199,0.6356064805107399,0.7720129650815635
2025-06-09T21:50:04.010150,-1.0209900954057205,1.087525462169474,0.13869812336367576,0.0004924310297409473,-0.0006657709561673024,0.6345401806525944,0.7728894315476748
2025-06-09T21:50:04.057863,-1.0209784219541702,1.0874800530506472,0.1386930347886707,0.0005412073727171784,-0.000724254858658107,0.6343914020345581,0.7730114692383985
2025-06-09T21:50:04.117553,-1.0209705213041305,1.0874666251890042,0.13869314007203346,0.000540380303164334,-0.000720660164203325,0.63432933374757,0.7730624069151337
2025-06-09T21:50:04.167277,-1.0209675290201008,1.0874561451300568,0.1386932056351702,0.0005400239100993299,-0.0007189263350448892,0.6343044346903803,0.7730828388026852
2025-06-09T21:50:04.217648,-1.0209666856229362,1.0874466159950982,0.138693220292877,0.0005400313276472947,-0.0007183885683529938,0.6342943251603514,0.7730911339249755
2025-06-09T21:50:04.260051,-1.02096668900379,1.0874375169359598,0.1386932268134562,0.0005400330668741127,-0.0007181726092432022,0.6342899694249545,0.7730947078329281
2025-06-09T21:50:04.315661,-1.0209670230037977,1.0874285819440157,0.13869322939107387,0.0005400338378477866,-0.0007180896287778847,0.6342878333599707,0.7730964604512514
2025-06-09T21:50:04.365561,-1.0209674840861538,1.0874197098439013,0.1386932303250768,0.0005400345280647256,-0.0007180591968911994,0.6342865520367342,0.7730975117403039
2025-06-09T21:50:04.412151,-1.0209679936077127,1.087410862546307,0.138693230642594,0.000540034912123788,-0.0007180488254017043,0.6342856018631411,0.7730982913170169
2025-06-09T21:50:04.465673,-1.0209685214080917,1.08740202550074,0.13869323073004414,0.0005400351236596324,-0.0007180463444208664,0.6342847822661893,0.7730989637537005
2025-06-09T21:50:04.513600,-1.0209690559368962,1.0873931933061836,0.1386932307398814,0.0005400352078389625,-0.0007180470397178655,0.6342840170965726,0.7730995915315556
2025-06-09T21:50:04.565214,-1.0209695927891027,1.0873843640829064,0.13869323073149598,0.0005400351732336439,-0.0007180491028416414,0.6342832780311213,0.7731001978900233
2025-06-09T21:50:04.615531,-1.0209701302897072,1.0873755374002418,0.13869323073054254,0.0005400349893004419,-0.000718051934879749,0.6342825553142067,0.7731007908337111
2025-06-09T21:50:04.659123,-1.020970667715337,1.0873667138284315,0.13869323075790066,0.0005400344991768334,-0.0007180557942654529,0.6342818471462335,0.7731013718390222
2025-06-09T21:50:04.713654,-1.0209712066115266,1.087357894430374,0.1386932309200189,0.0005400337113999343,-0.0007180591626785697,0.6342811619897312,0.7731019339644586
2025-06-09T21:50:04.766624,-1.020971742660574,1.0873490838855433,0.1386932311322147,0.000540030972342287,-0.0007180694665505047,0.6342804974027467,0.7731024792078438
2025-06-09T21:50:04.819416,-1.020972281272387,1.0873402740572211,0.13869323131445832,0.0005400308683659594,-0.000718070568335439,0.6342798675926722,0.7731029959248266
2025-06-09T21:50:04.860029,-1.0209728195920267,1.0873314637016436,0.138693231290171,0.000540031179936118,-0.0007180701065703624,0.6342792436930392,0.7731035077929947
2025-06-09T21:50:04.915639,-1.0209733575174653,1.0873226522969468,0.13869323118725102,0.0005400317458059134,-0.0007180697558271266,0.6342786183320989,0.7731040208589418
2025-06-09T21:50:04.966598,-1.0209738947574787,1.0873138395685615,0.138693231058905,0.0005400324207942009,-0.0007180693178683934,0.6342779884571997,0.7731045376274334
2025-06-09T21:50:05.014688,-1.020974431197113,1.0873050250744656,0.1386932309087709,0.0005400332484647995,-0.0007180685613490145,0.6342773519663258,0.7731050598231894
2025-06-09T21:50:05.067639,-1.0209749670257338,1.0872962075760968,0.13869323072104223,0.000540034488615726,-0.0007180665375147827,0.634276705799984,0.7731055899569732
2025-06-09T21:50:05.118359,-1.0209754999730567,1.0872873859172378,0.138693230384384,0.0005400358094457269,-0.0007180656640648475,0.6342760365630372,0.7731061390164429
2025-06-09T21:50:05.160205,-1.0209760329546962,1.0872785635920843,0.13869323020823496,0.0005400365219865311,-0.0007180662119320211,0.6342753600775137,0.7731066940209551
2025-06-09T21:50:05.211442,-1.0209765693155801,1.087269722969944,0.13869322972667797,0.0005400432663102416,-0.0007180488103602778,0.6342746573115157,0.7731072705980302
2025-06-09T21:50:05.269080,-1.0209770932062572,1.0872608725217463,0.13869322881613352,0.0005400447794648988,-0.000718044386398267,0.6342738606464131,0.7731079242024298
2025-06-09T21:50:05.313687,-1.0209776174384833,1.087252022331744,0.1386932284352353,0.0005400458321013213,-0.000718047017173094,0.6342730493525389,0.773108589800949
2025-06-09T21:50:05.364476,-1.0209781403646656,1.0872431725938472,0.1386932282733133,0.0005400463960356094,-0.0007180496377345434,0.6342722342495941,0.7731092585234224
2025-06-09T21:50:05.416743,-1.020978662355192,1.087234323378482,0.1386932281547852,0.0005400468824798833,-0.0007180521054352447,0.6342714200555603,0.7731099264989694
2025-06-09T21:50:05.469216,-1.0209791836523538,1.0872254747834744,0.1386932280445537,0.0005400473608171974,-0.00071805450830129,0.6342706086680081,0.7731105921706711
2025-06-09T21:50:05.517392,-1.020979704359991,1.0872166268693526,0.13869322793713973,0.0005400478335981228,-0.0007180568807822655,0.634269800868818,0.7731112548970448
2025-06-09T21:50:05.565555,-1.0209802245200825,1.0872077796676196,0.13869322783155297,0.0005400483004144307,-0.0007180592385431949,0.6342689970038171,0.7731119143943748
2025-06-09T21:50:05.606632,-1.0209807441493575,1.0871989331975587,0.1386932277276081,0.0005400487607710724,-0.0007180615881819742,0.6342681972482759,0.7731125705188824
2025-06-09T21:50:05.664482,-1.0209812632544888,1.0871900874738953,0.13869322762529784,0.0005400492142012546,-0.0007180639324954841,0.6342674017117376,0.7731132231807165
2025-06-09T21:50:05.720097,-1.0209817818382034,1.087181242509998,0.138693227524668,0.0005400496602380177,-0.0007180662727821978,0.6342666104799157,0.7731138723095785
2025-06-09T21:50:05.760300,-1.0209822999017268,1.0871723983192327,0.13869322742578713,0.0005400500983893662,-0.0007180686097738,0.6342658236316958,0.7731145178407721
2025-06-09T21:50:05.814683,-1.020982817445763,1.0871635549155725,0.13869322732873632,0.0005400505281252801,-0.0007180709440219282,0.634265041246257,0.7731151597093607
2025-06-09T21:50:05.860058,-1.0209833344708992,1.087154712313928,0.13869322723360827,0.0005400509488610039,-0.0007180732760509651,0.6342642634063059,0.7731157978475146
2025-06-09T21:50:05.917484,-1.0209838509777798,1.087145870530371,0.13869322714050633,0.0005400513599483903,-0.0007180756064423394,0.6342634901998081,0.7731164321830899
2025-06-09T21:50:05.962067,-1.0209843669671916,1.0871370295823426,0.13869322704954617,0.0005400517606630739,-0.0007180779358801332,0.634262721721232,0.7731170626386078
2025-06-09T21:50:06.015675,-1.020984882440112,1.0871281894888813,0.13869322696085767,0.0005400521501892631,-0.0007180802651825408,0.6342619580727006,0.7731176891303108
2025-06-09T21:50:06.066768,-1.0209853973977492,1.0871193502708858,0.13869322687458757,0.0005400525276029189,-0.0007180825953476092,0.6342611993652485,0.7731183115671304
2025-06-09T21:50:06.119382,-1.0209859118415863,1.0871105119514444,0.13869322679090296,0.0005400528918430569,-0.0007180849276019522,0.6342604457203214,0.7731189298494574
2025-06-09T21:50:06.166712,-1.020986425773426,1.0871016745562456,0.13869322670999668,0.0005400532416822701,-0.0007180872634674105,0.6342596972716257,0.7731195438676246
2025-06-09T21:50:06.215760,-1.0205800621022914,1.0891999541787962,0.13867402414272229,0.0007184651924149188,-0.0009435468267816122,0.6337887390581769,0.7735052861940888
2025-06-09T21:50:06.267689,-1.0195275804909143,1.0952835864557626,0.13867241410404296,0.0007273679032284153,-0.0009589963776861816,0.6319027219202441,0.7750467736154172
2025-06-09T21:50:06.316799,-1.0177620309645818,1.1053708508035158,0.13867740213348137,0.0006427302742259,-0.0008584348878253974,0.6285861830204817,0.7777391982554818
2025-06-09T21:50:06.364270,-1.015140708669026,1.119531924392199,0.13867345371825984,0.0006818839699275214,-0.0009178993016654817,0.6241228041098703,0.7813254238056996
2025-06-09T21:50:06.412483,-1.0113859702733374,1.1378724978472232,0.13868662464475193,0.0005750804500814222,-0.0007951666650903437,0.6191483424087574,0.7852734345977451
2025-06-09T21:50:06.460314,-1.0063269911838455,1.1603984081430208,0.13868590502773417,0.0005762454336847299,-0.0008083544244107712,0.6141582747325297,0.789182252766677
2025-06-09T21:50:06.516717,-0.9998382809606605,1.1870983035659173,0.13868796100421288,0.0005463307996478872,-0.0007804870444188272,0.6094266215629743,0.7928419043497703
2025-06-09T21:50:06.569495,-0.9918434023556605,1.2178828819326686,0.13868709156726627,0.0005398910574519465,-0.0007854047364857881,0.6050611771632722,0.7961784118819357
2025-06-09T21:50:06.614592,-0.9827254299843393,1.2506900679978668,0.13869508954209447,0.0004621520374369359,-0.0006916100557944093,0.6030203434640095,0.797725374712108
2025-06-09T21:50:06.665688,-0.9728803920781569,1.284509120357932,0.13868992741778643,0.000501926942244324,-0.0007430131807255134,0.604082580646278,0.7969212205484877
2025-06-09T21:50:06.715825,-0.9624613191556819,1.3197341562615645,0.13868915062427803,0.00042057446954746336,-0.0006411115787096238,0.6087232409666686,0.793382271039689
2025-06-09T21:50:06.765901,-0.9519503339737296,1.3564695647459601,0.1386902692923919,0.0003328190237870676,-0.0004948369936549369,0.6176438791272211,0.7864576803264915
2025-06-09T21:50:06.814746,-0.942059500526945,1.3935003730350428,0.13869290152904745,0.00042822864464175936,-0.00054812836326237,0.6285940331046406,0.7777332818651697
2025-06-09T21:50:06.863603,-0.9332960469835369,1.4308241918961664,0.13869199081278052,0.0004303262786453099,-0.0005265669721219293,0.6391664838788168,0.7690681006468205
2025-06-09T21:50:06.914703,-0.9255990424444512,1.46847594324946,0.13868762067602267,0.00044845222158856895,-0.000537419349395315,0.6493289642657005,0.7605073347684956
2025-06-09T21:50:06.962452,-0.918951898731593,1.5063711254428689,0.1386867551013535,0.00043403884711123986,-0.0005114179438373755,0.659126431676298,0.752031845820133
2025-06-09T21:50:07.014678,-0.913290618310732,1.5444201519773837,0.13868292165364532,0.00045510737935922075,-0.0005219951557810012,0.6687537519793824,0.7434836512068234
2025-06-09T21:50:07.064330,-0.908557290688097,1.5825763214758441,0.1386761646069342,0.0005105077960592673,-0.0005676961922407193,0.6783416031178134,0.7347462736090455
2025-06-09T21:50:07.110502,-0.9047900999386123,1.6208569753948656,0.1386774139483898,0.0004812409049241851,-0.0005237797707765257,0.6878475741384618,0.725854812489231
2025-06-09T21:50:07.165555,-0.9020258630878766,1.6592419834711845,0.1386824967366747,0.000409933812205887,-0.00044020882890685416,0.6973715340971156,0.7167095517721891
2025-06-09T21:50:07.211156,-0.9002607907140219,1.6976241570601474,0.13868102676735208,-0.000412975871727006,0.0004315129142547223,-0.7070350869496412,-0.7071782159184823
2025-06-09T21:50:07.265331,-0.8995333864921007,1.7360099541491725,0.13867556270358253,-0.0004594323764275377,0.0004635010150707554,-0.7169231982183689,-0.6971518499904062
2025-06-09T21:50:07.315272,-0.8998347942422086,1.7743849446971365,0.13867359858780767,-0.0004705900492646964,0.0004584307398025568,-0.7271792502296306,-0.6864473078261251
2025-06-09T21:50:07.361517,-0.9012053633813402,1.8127252719603821,0.1386730975380172,-0.00046935015728166723,0.00043796202818938455,-0.7379898672880848,-0.6748114875132216
2025-06-09T21:50:07.415915,-0.9037178082886008,1.8509496877366813,0.13867221721279813,-0.0004710009014854411,0.00042214709496540354,-0.7496296939110997,-0.6618571764034383
2025-06-09T21:50:07.462157,-0.9072110074199516,1.8867134104523804,0.13868628321328547,-0.00032863513964420665,0.0002869678042038816,-0.7612052084003557,-0.648510940811792
2025-06-09T21:50:07.510262,-0.9112125045351517,1.918090479478374,0.13868941230099097,-0.0003261575313249221,0.000279827223256078,-0.7723163626342998,-0.6352379485872319
2025-06-09T21:50:07.564635,-0.9154633483495977,1.9451702174231227,0.13869159204282153,-0.0003419601180725262,0.0002852856245081326,-0.7829290317778757,-0.6221108686357667
2025-06-09T21:50:07.613727,-0.9196756688471007,1.9680325655651019,0.13870734680730432,-0.00034970577737442055,0.00032408479974871526,-0.7929026131144141,-0.609348191751847
2025-06-09T21:50:07.667916,-0.9234679763328355,1.986663508268314,0.13871250480535052,-0.0003422201821381421,0.0003114404170860175,-0.8023207045151413,-0.5968930163744095
2025-06-09T21:50:07.717572,-0.9266631328908256,2.0011335744587178,0.13870626875135375,-0.0003748224743683748,0.00033599942742133554,-0.8111249340861547,-0.5848727108664149
2025-06-09T21:50:07.763740,-0.9291557823731029,2.011542826003979,0.13870990520870907,-0.00038138093953787866,0.0003251877984939357,-0.8193944756043724,-0.5732298336186895
2025-06-09T21:50:07.815625,-0.9305335154542937,2.01804676652618,0.13871048315430984,-0.00044207588695233113,0.00034491618295557345,-0.8270654491395826,-0.5621053535070429
2025-06-09T21:50:07.865726,-0.9311122770474956,2.0219214780165964,0.1386992605832346,-0.0005994175319761208,0.00043803015171041545,-0.8328084730963745,-0.5535607427980184
2025-06-09T21:50:07.913547,-0.9314226612465697,2.0241435114032855,0.13869783878523473,-0.0006238225872812753,0.00045072140985504884,-0.8362181627012735,-0.5483963822492787
2025-06-09T21:50:07.961144,-0.9314750235651141,2.02480522210633,0.13869758526889303,-0.0006278752209031291,0.00045139251814721795,-0.8373346338742182,-0.5466901434379721
2025-06-09T21:50:08.011231,-0.9314288889983178,2.024715248047147,0.13868619890419928,-0.0007701668511242987,0.0005403601909951674,-0.8373581963303224,-0.5466537897904987
2025-06-09T21:50:08.069468,-0.931417943964628,2.0246855050122425,0.1386862056459283,-0.0007765714199368668,0.0005463860220869396,-0.837361884552912,-0.5466481251199352
2025-06-09T21:50:08.112086,-0.9314134385617534,2.0246688792630945,0.13868582697527918,-0.0007832786579382023,0.0005511689283529103,-0.837360117946539,-0.5466508168473866
2025-06-09T21:50:08.165707,-0.9314103667598831,2.0246575555581883,0.13868559126871985,-0.000786799264763216,0.0005535193276305619,-0.8373576197670753,-0.5466546361106699
2025-06-09T21:50:08.214426,-0.9314068504710683,2.0246430015713353,0.13868591112040465,-0.0007827684585344219,0.000551130278229571,-0.8373529290026603,-0.5466618294884165
2025-06-09T21:50:08.262138,-0.9314054034619185,2.0246327929289576,0.13868604059314657,-0.0007813007372885483,0.0005501794358339793,-0.8373501320812087,-0.5466661167251259
2025-06-09T21:50:08.315753,-0.9314026836945546,2.0246197133036072,0.138685931674617,-0.0007827154570838047,0.0005508794819520365,-0.8373450592505065,-0.5466738841732569
2025-06-09T21:50:08.370093,-0.931401590582204,2.0246115482896934,0.13868570402323047,-0.0007856422898844251,0.000552819213205679,-0.8373433401842536,-0.5466765111162059
2025-06-09T21:50:08.407667,-0.9313987711949474,2.024601088646043,0.13868589746319593,-0.0007833604825800422,0.0005511645238187745,-0.8373399200730797,-0.5466817546031976
2025-06-09T21:50:08.469171,-0.9313965769350462,2.024588169348444,0.13868603476831284,-0.0007813281063743238,0.000550009071030948,-0.8373338358956137,-0.5466910775572889
2025-06-09T21:50:08.516759,-0.9313939670839236,2.024574211456705,0.1386853164644571,-0.0007904502635843745,0.000556419147323969,-0.8373296875555296,-0.5466974116678006
2025-06-09T21:50:08.567575,-0.9313938983137579,2.0245687521210427,0.1386861977743889,-0.000778853061987661,0.0005483997521795738,-0.8373272745743296,-0.5467011321549874
2025-06-09T21:50:08.610163,-0.9313897902762159,2.024555684911806,0.1386855563658055,-0.0007881056927810937,0.0005555960662590922,-0.837328453167785,-0.546699306491304
2025-06-09T21:50:08.667766,-0.9313858422847421,2.0245435957021245,0.13868641293932565,-0.0007765648936604586,0.00054767975966988,-0.8373274435136984,-0.5467008773842066
2025-06-09T21:50:08.717880,-0.9313821738516094,2.02452833955851,0.13868669770245395,-0.0007722223637220416,0.0005450248955263704,-0.8373241491267603,-0.5467059318405381
2025-06-09T21:50:08.756941,-0.9313791483938025,2.024517116100004,0.13868734861107504,-0.0007638208771894026,0.0005393120909217857,-0.8373213722378479,-0.5467102023136787
2025-06-09T21:50:08.813736,-0.9313729565260778,2.024499715732472,0.13868569773044714,-0.0007849474770085241,0.000552688107333395,-0.8373193233999846,-0.5467132969430197
2025-06-09T21:50:08.866758,-0.9313690980543532,2.0244843185934878,0.1386856590236092,-0.0007859091594164536,0.0005526315142589716,-0.8373138793231886,-0.5467216334095034
2025-06-09T21:50:08.914591,-0.9313657390351384,2.024471766259234,0.13868588988069794,-0.0007830070433911819,0.0005517230556835571,-0.8373068931998363,-0.5467323377135085
2025-06-09T21:50:08.960184,-0.9313616140601206,2.024462210459748,0.13868581982373102,-0.0007846441998765054,0.0005524533576056787,-0.8373069805109405,-0.5467322009141393
2025-06-09T21:50:09.013278,-0.931356991212596,2.0244532202260124,0.1386858316835407,-0.0007842497346547406,0.0005514364795145306,-0.8373076029584559,-0.5467312492423747
2025-06-09T21:50:09.057762,-0.9313528280267047,2.0244414671126165,0.13868568820102165,-0.0007861902477421245,0.0005530821886190617,-0.8373073582234786,-0.5467316195994214
2025-06-09T21:50:09.118005,-0.9313479475737608,2.0244313609442672,0.13868563246782267,-0.0007865447597945054,0.0005530757368022902,-0.8373042252499532,-0.5467364171455437
2025-06-09T21:50:09.164580,-0.931343122289916,2.0244185365370284,0.13868545836238472,-0.0007899496731778588,0.0005547566446214671,-0.8372969504119693,-0.5467475514855054
2025-06-09T21:50:09.212163,-0.9313405430841888,2.0244080491622682,0.1386857340514183,-0.0007856444096485672,0.0005548781928083035,-0.8372928694263801,-0.5467538071936872
2025-06-09T21:50:09.262324,-0.9313358977545002,2.024393992501533,0.1386858328178054,-0.0007835735494036711,0.0005521474108348626,-0.8372875668454436,-0.5467619331589996
2025-06-09T21:50:09.313741,-0.9313299938770724,2.024379639131129,0.13868566327167875,-0.0007857026573986903,0.0005538718235605835,-0.8372833432820532,-0.5467683960871961
2025-06-09T21:50:09.370187,-0.9313271943913086,2.024370464834052,0.13868593621882458,-0.0007822333660870706,0.0005512813120418611,-0.8372792870212068,-0.5467746151067511
2025-06-09T21:50:09.414879,-0.9313228702989141,2.024361380062782,0.13868570126790536,-0.0007861180911682419,0.0005529357201052639,-0.8372793636058259,-0.5467744905902793
2025-06-09T21:50:09.459711,-0.9313200287715773,2.0243517769558395,0.13868568037395973,-0.0007854007911289873,0.0005531187538295869,-0.8372828609005707,-0.5467691359681864
2025-06-09T21:50:09.516788,-0.931318069107655,2.0243439418334765,0.1386866208734824,-0.000773713255570907,0.0005461020942109423,-0.8372826469835367,-0.5467694872618104
2025-06-09T21:50:09.559086,-0.9313145832392398,2.0243289260703126,0.1386856568550799,-0.0007860495190525341,0.0005552284770402242,-0.8372820056989017,-0.5467704424896396
2025-06-09T21:50:09.615696,-0.9313122379130172,2.024320440616186,0.13868607807457387,-0.0007808355629653763,0.0005508245954271239,-0.8372813261659212,-0.5467714949976133
2025-06-09T21:50:09.664624,-0.9313087990679267,2.024305384664778,0.13868579694563204,-0.0007844759920293543,0.0005522450505463043,-0.8372759014173562,-0.5467797952819542
2025-06-09T21:50:09.716724,-0.9313017251457538,2.024292622726348,0.13868601617474344,-0.0007819474423219619,0.0005495960078467457,-0.8372714068213379,-0.546786684020234
2025-06-09T21:50:09.760464,-0.9312955632140467,2.0242800457684913,0.13868613856107695,-0.0007807997898828245,0.0005486590555426465,-0.8372651111849184,-0.5467963267226976
2025-06-09T21:50:09.816963,-0.9312889007672457,2.0242642150141243,0.13868584390618913,-0.0007841590347407723,0.0005515456289494807,-0.837260429857057,-0.5468034870843488
2025-06-09T21:50:09.863634,-0.9312816619043787,2.0242487960929934,0.1386857991706927,-0.00078474318005195,0.0005516589773313681,-0.837255413024425,-0.5468111677826394
2025-06-09T21:50:09.917730,-0.931275621769684,2.024235266727949,0.13868652430257905,-0.0007752048099071152,0.0005456651220229779,-0.8372489897854751,-0.5468210222826834
2025-06-09T21:50:09.970239,-0.9312659886051724,2.024212702845941,0.13868548084622004,-0.0007887083172141707,0.0005544162450698073,-0.8372424598943546,-0.5468309920915855
2025-06-09T21:50:10.010310,-0.9312581705669212,2.0241935086949767,0.1386853542222622,-0.0007903786778147293,0.0005553955925817571,-0.8372351106614422,-0.5468422407907095
2025-06-09T21:50:10.063876,-0.9312504689482907,2.0241780752509215,0.1386855681402432,-0.0007875806588487078,0.0005538672059087364,-0.8372308759794611,-0.5468487297731325
2025-06-09T21:50:10.115333,-0.9312427781960062,2.024160398859455,0.13868553384379823,-0.0007881628791931439,0.0005540046752631925,-0.8372252954425996,-0.5468572725576095
2025-06-09T21:50:10.167495,-0.9312359656368445,2.0241439960130214,0.1386853846341411,-0.0007899597337827081,0.0005553819641207978,-0.8372191816268757,-0.5468666285581135
2025-06-09T21:50:10.217698,-0.9320551338649562,2.025948971012074,0.13866359375580656,-0.0009572349760998965,0.0006521379968267161,-0.8375812807514776,-0.5463115013908715
2025-06-09T21:50:10.261335,-0.9339859847356264,2.030929975316819,0.13866254672585263,-0.0009151515258862819,0.0006257197613454867,-0.8389838031357688,-0.5441552618952668
2025-06-09T21:50:10.315907,-0.937173764224551,2.0391890567165967,0.13865864276690837,-0.0008262881864313787,0.00056680224175125,-0.8413367782003425,-0.5405103344345226
2025-06-09T21:50:10.360717,-0.9420187475085446,2.051028602549271,0.13864400373446,-0.0008582869811771809,0.0005852824836090072,-0.84406329178545,-0.5362425572893136
2025-06-09T21:50:10.420435,-0.9488825038015923,2.0666690157091216,0.1386372054842779,-0.0008711532472709392,0.0005898670267608191,-0.8465158088839222,-0.5323625441919346
2025-06-09T21:50:10.467682,-0.9580311553389338,2.0861639811635215,0.13863749071297052,-0.0007338306831917163,0.0005093554138005918,-0.8479467622366251,-0.5300806452437358
2025-06-09T21:50:10.514979,-0.9673660454237305,2.105267319026006,0.13869406065932158,-0.0001391756872776706,0.00012991334659633578,-0.8485554314213554,-0.5291064576793293
2025-06-09T21:50:10.566549,-0.9748198646659632,2.1203368547624915,0.13868100529683894,-0.00035331732902732504,0.0002632530471008503,-0.849181922644669,-0.5281002443837741
2025-06-09T21:50:10.610170,-0.9804567489703173,2.1315493330016366,0.13869336173815897,-0.0003277823663475621,0.00024796900299012747,-0.8494186466238558,-0.5277194271938368
2025-06-09T21:50:10.663738,-0.984219182473001,2.1388223029340256,0.13870116835652196,-0.0003610191264854512,0.00026910773633854416,-0.8493493146787563,-0.5278309756929236
2025-06-09T21:50:10.711333,-0.9868574392788407,2.143059874620531,0.13869386420050508,-0.0005316030201464872,0.0003912973244572357,-0.8474438395504258,-0.5308846419822909
2025-06-09T21:50:10.760476,-0.9889534129717745,2.14581138859319,0.13868871390245138,-0.0006375183513734339,0.000475691386196665,-0.8433289895689097,-0.5373970437588382
2025-06-09T21:50:10.819180,-0.9907567024001034,2.147595790002283,0.13868839474551464,-0.0006542905357774798,0.0005020854702166611,-0.8378934036675407,-0.5458332748234567
2025-06-09T21:50:10.865783,-0.9922690791139358,2.1483891638844113,0.138687375059737,-0.0006666993442835945,0.0005228319734338221,-0.8311988975700924,-0.55597452714758
2025-06-09T21:50:10.914679,-0.994479159423505,2.1508337730811813,0.13866257822676079,-0.0008871760447917709,0.0007110433627422167,-0.8233220147544846,-0.567573402615572
2025-06-09T21:50:10.961314,-0.9979811425768867,2.1560307545800783,0.1386651732451504,-0.0007441151815251734,0.0006442886479535125,-0.8135781624112921,-0.581454731541674
2025-06-09T21:50:11.010499,-1.0023299307089322,2.1635355095614215,0.13865866389692696,-0.0006907449526045717,0.0006366948481101955,-0.8014478105588076,-0.5980639802241684
2025-06-09T21:50:11.057887,-1.0072557155504287,2.173540417221097,0.1386508460350356,-0.0007146896706399231,0.0007030007049679168,-0.7869329481648931,-0.6170377055749455
2025-06-09T21:50:11.114707,-1.0125525332617848,2.1864119018825665,0.1386440558801914,-0.0006671159110798741,0.0007135615808689749,-0.7702099550238166,-0.6377896761224989
2025-06-09T21:50:11.163442,-1.0180662988164555,2.203034716195917,0.1386456455792806,-0.0006213387207157361,0.0006852876360623809,-0.7518320657451403,-0.6593539938731282
2025-06-09T21:50:11.216654,-1.0230816003530185,2.2239809196054154,0.1386841324836101,-0.0006397725259439381,0.0006705449477461628,-0.732154726564642,-0.6811377228062198
2025-06-09T21:50:11.266807,-1.0270253717729037,2.249638024054774,0.13868372110718832,-0.000679242146150949,0.0007512174196759386,-0.711805110537968,-0.7023762943853717
2025-06-09T21:50:11.314847,-1.0290849541088891,2.2792136766773945,0.13869592997866884,0.0005334288136103481,-0.0006378613478671176,0.69210823773211,0.7217932500723147
2025-06-09T21:50:11.367161,-1.0290037891607853,2.310215453245233,0.1386954076685793,0.0005253846206438872,-0.0006521381575417212,0.6758933423107756,0.736998974562918
2025-06-09T21:50:11.418443,-1.0270208421845521,2.342543548404539,0.13870055757134198,0.0004630033251860066,-0.0005959243301722234,0.6636080717985328,0.748080047552364
2025-06-09T21:50:11.461052,-1.0234552754696442,2.376202281799733,0.1386997541199812,0.00046284121421041874,-0.000602421346012167,0.6554750559269708,0.755216441772865
2025-06-09T21:50:11.514568,-1.018596731669191,2.4113753128955966,0.13869536224807943,0.0005034638703517169,-0.0006482547352565547,0.6514535082667049,0.7586881130325768
2025-06-09T21:50:11.559338,-1.0128099929938803,2.4481522090868895,0.13869004392565593,0.0005570167953742321,-0.0007039692229650801,0.6514414095434312,0.7586984144518099
2025-06-09T21:50:11.606677,-1.0066053687376426,2.486394471959176,0.13865701732205232,0.0004803300183551241,-0.0005875802814164392,0.6550666781208158,0.7555706924227845
2025-06-09T21:50:11.663321,-1.0006575405794893,2.5248526966926037,0.13865212296725488,0.00039832740835588076,-0.0005002842829051565,0.6595305840907941,0.751677457224685
2025-06-09T21:50:11.712521,-0.9952634491930349,2.563410717508651,0.138653829617683,0.0003508616555789046,-0.0004385397684994447,0.663895707481913,0.7478249622512346
2025-06-09T21:50:11.771318,-0.9903733524043583,2.602030631642582,0.13864697434944656,0.00041727531340313156,-0.0005067813791820465,0.6681399105458999,0.744035368104006
2025-06-09T21:50:11.811599,-0.9859203978020069,2.640713837534279,0.13864334499254957,0.00045421733527789543,-0.0005423103859590098,0.6724014637842239,0.7401863083622194
2025-06-09T21:50:11.860361,-0.9818822146998182,2.679463480441768,0.1386458676541658,0.0004294586444497649,-0.0005061495351454154,0.6767776611250775,0.7361871750988268
2025-06-09T21:50:11.914705,-0.9782929902934059,2.7182753638513097,0.1386541800997288,0.0003422796328451661,-0.0004077090364337047,0.6813380243271655,0.7319687242115945
2025-06-09T21:50:11.969411,-0.9751821030326141,2.75706784974934,0.13864890795628798,0.00039917697561686616,-0.00046399950919245956,0.6861252608717509,0.7274831625239649
2025-06-09T21:50:12.011518,-0.9725403014182075,2.795879428794684,0.13864945116693045,0.0004019535138669039,-0.00046024015759067076,0.691120301392213,0.7227394797684066
2025-06-09T21:50:12.057094,-0.9704311995729282,2.8346800380316166,0.13865066417721042,0.00039569763234309496,-0.00044375163754474035,0.6965020124026079,0.7175545925063719
2025-06-09T21:50:12.114739,-0.9688766438783241,2.873346423491694,0.13865233223237866,0.00038533952703140306,-0.0004190084526596871,0.7028141646312853,0.7113732676584031
2025-06-09T21:50:12.163600,-0.9679042359010269,2.9119158370540226,0.1386444799301436,-0.00047343674310113,0.0004888116976241861,-0.710449079922627,-0.70374828011006
2025-06-09T21:50:12.210318,-0.9674666078012351,2.9482096825704422,0.1386654556999325,-0.0002855123832927187,0.00030076483869880276,-0.7182203954002175,-0.6958155586463601
2025-06-09T21:50:12.262407,-0.9676228003939181,2.9801739816829658,0.13867213500223405,-0.0002786944817896875,0.00028816447966041744,-0.7259687574821055,-0.6877275641200565
2025-06-09T21:50:12.315739,-0.9682166124794944,3.00783889263283,0.1386803671656763,-0.0002621419174964057,0.0002672856494089406,-0.7334816055660498,-0.6797091982136527
2025-06-09T21:50:12.366839,-0.9690411731469446,3.031252333626611,0.13868617649867138,-0.00028847941472798233,0.0002806256164427374,-0.740626897894918,-0.6719163907387895
2025-06-09T21:50:12.415733,-0.9700329763149271,3.0504071286294794,0.1386939920412707,-0.0002736012421790113,0.0003214366185328951,-0.7473854812103217,-0.6643905209264176
2025-06-09T21:50:12.463364,-0.9711320228487486,3.0653653539606447,0.13868907852818566,-0.00030049835306189543,0.00031769035869389265,-0.754078352892891,-0.6567843226447478
2025-06-09T21:50:12.512195,-0.9719600169875691,3.076038548543107,0.13869361267081212,-0.0003598463499476235,0.00033600291219042217,-0.7602695373122337,-0.649607564801773
2025-06-09T21:50:12.562430,-0.9724267460520813,3.082479353971046,0.1386986176784534,-0.00038520918982903874,0.0003426564598363779,-0.7655346572744379,-0.6433944534359458
2025-06-09T21:50:12.615652,-0.9724047096372337,3.0850552103028965,0.13870005034268718,-0.0005001615806283777,0.0004453593944379442,-0.7695874120088775,-0.6385411237899101
2025-06-09T21:50:12.666756,-0.9722548445061138,3.0856238848873945,0.13869079236937104,-0.0006335694279525628,0.0005535979269084904,-0.7711567119008211,-0.6366448129133145
2025-06-09T21:50:12.713850,-0.972101983901387,3.085525507520796,0.13868610389303973,-0.000709540864420044,0.0006300410675786361,-0.7712834997463349,-0.6364910546261119
2025-06-09T21:50:12.765984,-0.9720233282906392,3.085473972032283,0.13868453031557626,-0.0007343853543044787,0.0006483943824128841,-0.771333920392582,-0.6364299046357631
2025-06-09T21:50:12.813880,-0.9720073126886859,3.0854528526738014,0.13868486172459177,-0.0007316294689094782,0.0006439343510106239,-0.7713621621702518,-0.636395682605489
2025-06-09T21:50:12.861280,-0.9720084370140933,3.085437674854963,0.1386849498272218,-0.0007282710270223314,0.0006449145339741256,-0.7713759715335392,-0.6363789470490391
2025-06-09T21:50:12.913380,-0.9720070528827212,3.0854208392354625,0.13868455363971993,-0.0007323459134593868,0.0006480286165271985,-0.7713811995645184,-0.6363726020868434
2025-06-09T21:50:12.962237,-0.9720066796955769,3.085400737335329,0.13868399061708056,-0.0007397888126618457,0.0006555793364241499,-0.7713829803541944,-0.636370427147685
2025-06-09T21:50:13.014847,-0.9720058967765505,3.0853850039346344,0.13868435263032614,-0.000736062487624034,0.0006515245227992988,-0.7713828177414134,-0.636370632745673
2025-06-09T21:50:13.059616,-0.9720028583500927,3.085369048355061,0.1386850965753282,-0.0007265601626492703,0.0006429845918509924,-0.7713778227555841,-0.6363767070234418
2025-06-09T21:50:13.113715,-0.9720000916348109,3.0853506132443407,0.13868499924450545,-0.0007290003864618422,0.0006446492500822194,-0.7713721534084156,-0.6363835745302079
2025-06-09T21:50:13.162336,-0.9719974522412512,3.085332218855894,0.1386846951463217,-0.0007322186233605366,0.0006471708175357922,-0.7713705036578536,-0.6363855679636754
2025-06-09T21:50:13.210511,-0.97199531957495,3.085310251808188,0.13868407089324414,-0.0007409015776225214,0.000653400033937038,-0.7713778792321501,-0.6363766114216947
2025-06-09T21:50:13.260614,-0.9719943629929695,3.0852924323655384,0.13868431674987264,-0.0007389270514333579,0.0006504583617969329,-0.771380857352833,-0.6363730068130959
2025-06-09T21:50:13.316223,-0.9719935568252177,3.085278919255495,0.13868511185596186,-0.0007299223967006663,0.0006448917736416419,-0.7713869245054207,-0.6363656684878307
2025-06-09T21:50:13.368025,-0.9719902709912344,3.085262274610691,0.13868520875997079,-0.000728280736237763,0.0006438596190206211,-0.7713849942072517,-0.6363680112669388
2025-06-09T21:50:13.409249,-0.9719833643667786,3.085241412545899,0.13868446495377235,-0.0007349947587135253,0.0006482794948961467,-0.7713845632254445,-0.636368521482554
2025-06-09T21:50:13.463353,-0.9719772762640997,3.085220843373243,0.13868403162246706,-0.000740038332898041,0.0006527925008490925,-0.771388560254925,-0.636363665927786
2025-06-09T21:50:13.511619,-0.9719737657375582,3.085200573456821,0.13868416420084068,-0.0007396016680331076,0.0006512112121448883,-0.7713916014881225,-0.6363599815096167
2025-06-09T21:50:13.563752,-0.971971432740151,3.0851846620573844,0.13868464201315925,-0.0007307997078662698,0.0006454174636899136,-0.7713926221422124,-0.6363587603487884
2025-06-09T21:50:13.617846,-0.9719674141890439,3.085161736894426,0.1386841562240962,-0.0007381560880869719,0.0006520564297227969,-0.7713928972754632,-0.6363584115739879
2025-06-09T21:50:13.664843,-0.9719637964259406,3.0851412193771717,0.13868399329533415,-0.0007394774681218629,0.0006519036545040666,-0.7713931633558673,-0.6363580876538993
2025-06-09T21:50:13.717712,-0.9719638773955642,3.085128790745764,0.13868570841008587,-0.0007198776603395407,0.0006365219028798413,-0.7713930619768644,-0.6363582485911368
2025-06-09T21:50:13.765912,-0.971961141751789,3.085104704017593,0.1386848076072215,-0.0007306914413762189,0.0006457947331682693,-0.7713926880586,-0.6363586801866599
2025-06-09T21:50:13.818540,-0.9719589825594499,3.0850821938361705,0.13868435026857043,-0.0007358424747519465,0.0006499300267549566,-0.7713906461270955,-0.636361145258284
2025-06-09T21:50:13.862634,-0.9719588428972699,3.085062278164911,0.13868445298338083,-0.0007346864549245269,0.0006480972406796236,-0.7713874912197448,-0.6363649727911553
2025-06-09T21:50:13.911300,-0.9719587986626914,3.0850430563489932,0.13868475186008955,-0.0007311942047198983,0.0006450083444760062,-0.7713839795675713,-0.6363692366745641
2025-06-09T21:50:13.960628,-0.9719578615210344,3.0850221176580517,0.1386841389216012,-0.000739168410024027,0.0006505701405169895,-0.77138047667834,-0.6363734678536267
2025-06-09T21:50:14.015765,-0.9719566475918772,3.085008462625281,0.13868430644389704,-0.0007366105721969829,0.0006506924798451492,-0.7713756121562289,-0.6363793671818446
2025-06-09T21:50:14.064528,-0.9719571908232207,3.0849933519528903,0.1386844605515153,-0.0007371016916383198,0.0006495886265860622,-0.7713707632874126,-0.6363852451629493
2025-06-09T21:50:14.114992,-0.9719579498873763,3.0849731164165854,0.1386838189471748,-0.0007441518151391491,0.0006567267848258847,-0.7713691781518245,-0.6363871509901697
2025-06-09T21:50:14.167057,-0.9719606105195732,3.0849583270312992,0.1386843429344132,-0.0007371959198485544,0.0006514416294550578,-0.7713648518734029,-0.6363924083930469
2025-06-09T21:50:14.212492,-0.9722632396506207,3.0870245405203023,0.13865793407943955,-0.0008868480650303101,0.0007581217829109061,-0.771828984392676,-0.6358291103773421
2025-06-09T21:50:14.270387,-0.9732059951631854,3.0928388999338194,0.1386536960805956,-0.0008435304034179468,0.0007323106347357907,-0.7734432841121183,-0.6338645268820886
2025-06-09T21:50:14.315688,-0.9748073556813399,3.1025645141903206,0.13864846405962541,-0.0007900842347545178,0.0006784166259533792,-0.7759524328629633,-0.6307905654429464
2025-06-09T21:50:14.365779,-0.9774688635841328,3.1164220629449324,0.13863145182500264,-0.0008000495093337667,0.0006808511551551932,-0.778475926280309,-0.6276735844087292
2025-06-09T21:50:14.413864,-0.9812778446927315,3.134470904163307,0.13863667039978803,-0.0006443831445823722,0.0005470417791065917,-0.780569672580124,-0.6250682136885646
2025-06-09T21:50:14.459446,-0.9864135491567106,3.1566826160010866,0.13862969426133492,-0.0005784623642921538,0.0004974008213657749,-0.7815323313851464,-0.6238642744807669
2025-06-09T21:50:14.513854,-0.9927958948988074,3.183056366743739,0.13861492133538517,-0.0005916117331775106,0.0005204421709505232,-0.7808567970061209,-0.6247095658822951
2025-06-09T21:50:14.563729,-1.0002043838323371,3.2136113909511623,0.13860853544946208,-0.0005008800135602454,0.00046475679661002803,-0.7784818446166443,-0.6276667513279631
2025-06-09T21:50:14.614834,-1.00832734632653,3.2483852436921956,0.13860175478899303,-0.0004097071969367816,0.00040846255917247184,-0.7746211423177103,-0.6324252929577976
2025-06-09T21:50:14.662655,-1.0164816122616673,3.285967516729543,0.13860106160761448,-0.00031106393995505854,0.0003532658984071095,-0.7689384514657167,-0.6393226386574591
2025-06-09T21:50:14.715836,-1.0240428506590455,3.3237591466338836,0.1385944945184349,-0.00035087684444190526,0.0003962848836993842,-0.7630262020381975,-0.6463673373917457
2025-06-09T21:50:14.766689,-1.0308794277828892,3.3617597535160897,0.13859837091586807,-0.00028204924987024205,0.00034181668467013536,-0.7572301425521429,-0.6531480037633403
2025-06-09T21:50:14.814809,-1.0369931676316995,3.399902547086561,0.13859760417813777,-0.00026932107242344516,0.0003352121630871162,-0.7515600704436538,-0.6596645174736141
2025-06-09T21:50:14.870578,-1.0424230406872161,3.4381564709351786,0.13859177069144354,-0.00031693362576623585,0.00038518640144708004,-0.7459738099559283,-0.6659750941621988
2025-06-09T21:50:14.916826,-1.0472028220716518,3.4765386041825863,0.1385961657935037,-0.00024301187477426825,0.0003191491141822748,-0.7404190254657248,-0.6721454498971619
2025-06-09T21:50:14.962223,-1.0513429987493876,3.51496974873393,0.13859534494888628,-0.00023067625583705897,0.0003112240893345232,-0.734851428247957,-0.6782280061527753
2025-06-09T21:50:15.015850,-1.0548394257723441,3.5534282917447664,0.13858744555015065,-0.00029838111786001376,0.0003799207309837407,-0.7292710021330746,-0.6842247964497982
2025-06-09T21:50:15.060548,-1.0577114599772097,3.5919706671227116,0.13858593368454705,-0.000293043727136455,0.0003820119216450186,-0.7236188406662996,-0.6901996389632687
2025-06-09T21:50:15.115715,-1.0599669942786116,3.6305206012681106,0.1386874655148468,-0.0004113488822045097,0.0004547305992905384,-0.7178447259812213,-0.6962029685322555
2025-06-09T21:50:15.166835,-1.0615971874909254,3.669086076641844,0.13870138778112334,-0.000500833301089465,0.000555476695541513,-0.7119166861553936,-0.7022635349960641
2025-06-09T21:50:15.215541,-1.0625955877306779,3.70769472040618,0.13869926683568998,0.0005386157267699421,-0.0006039612301935308,0.705745401062607,0.7084650831218935
2025-06-09T21:50:15.267533,-1.0629212734203999,3.746306347141225,0.138698852413494,0.0005327202066228164,-0.0006096488112054772,0.699237937064722,0.7148885590824491
2025-06-09T21:50:15.317157,-1.0625872101979892,3.7848950103271926,0.13869845203446252,0.0005211029243085696,-0.0006095675301648468,0.692277875992451,0.7216305836718322
2025-06-09T21:50:15.365796,-1.0615507781158764,3.8234817616391936,0.13870714349938804,0.00041314262685127046,-0.0005062884071742826,0.6845612660342763,0.7289550370432786
2025-06-09T21:50:15.417765,-1.0597984774297895,3.8619370899092154,0.13869911138999091,0.0004792016462498161,-0.0005924855106225722,0.6757883212750784,0.7370953562158112
2025-06-09T21:50:15.464859,-1.0571879570049403,3.9003062800360686,0.13870482434289963,0.0004005888085925058,-0.0005215371225421721,0.665451322971197,0.7464409583373087
2025-06-09T21:50:15.517995,-1.0538304288690559,3.9362951034451994,0.13871273944989876,0.0003031645119450088,-0.00042261911332140917,0.6546125522587041,0.7559643747622697
2025-06-09T21:50:15.567823,-1.0501178049637028,3.9678858390289746,0.13871210767788894,0.00029866459664068534,-0.00042587010837410696,0.6437900550119015,0.7652019958820563
2025-06-09T21:50:15.615427,-1.0462793457064534,3.995129797600711,0.1387141749978164,0.000272190696769703,-0.0004007725662276614,0.6331730689708264,0.7740100968486393
2025-06-09T21:50:15.663724,-1.0425724954987492,4.018060717721525,0.13871550219038262,0.000256345852274964,-0.00039015469154082035,0.6228942815956681,0.7823058839236334
2025-06-09T21:50:15.719340,-1.0392273179246985,4.036727183750546,0.13871445556545856,0.0002665858334177651,-0.00041021098628448886,0.6130819801878189,0.7900191429502978
2025-06-09T21:50:15.768129,-1.036462358274628,4.051189446373929,0.13871419566268103,0.00027213089439992455,-0.00042390415123129454,0.6038870707455063,0.7970697284657465
2025-06-09T21:50:15.810272,-1.034486831971178,4.061506484016447,0.1387150524084608,0.00026945933859567894,-0.00042764954142822257,0.5954008821670272,0.8034286116527469
2025-06-09T21:50:15.865879,-1.0334382167243625,4.067802984180427,0.1387142844011221,0.00028486297867247323,-0.00045326155431860084,0.5879442201010904,0.808901296486022
2025-06-09T21:50:15.918570,-1.0332837132343964,4.070402666692046,0.13870804374552398,0.0003472428973440023,-0.0005504750489529682,0.5819014684372527,0.8132590346440425
2025-06-09T21:50:15.968649,-1.0333367786795327,4.071205044484779,0.1387004096819336,0.0004176696475758913,-0.0006605202343529403,0.5788695073447048,0.8154198199281057
2025-06-09T21:50:16.013845,-1.0333906427938657,4.071178184363957,0.138693702230657,0.0004804667304103005,-0.0007512584651044532,0.5783795429429718,0.8157673130663662
2025-06-09T21:50:16.064655,-1.0334019223793118,4.0711482739327245,0.1386920275346337,0.0004960294464947945,-0.0007704151518630558,0.578336163181054,0.8157980404317599
2025-06-09T21:50:16.114732,-1.0334053280382152,4.071135039589317,0.13869199763371834,0.0004962602848504472,-0.0007689221924771753,0.5783241261662626,0.8158065748560871
2025-06-09T21:50:16.167824,-1.0334076661483385,4.071124642837159,0.13869194447145766,0.0004965548953150823,-0.0007685894375813305,0.578320550165251,0.815809110000663
2025-06-09T21:50:16.211413,-1.0334097637115045,4.071115144969428,0.13869192595754018,0.0004966565959636515,-0.0007684991628225479,0.5783192944967123,0.8158100001557272
2025-06-09T21:50:16.266732,-1.0334118066440687,4.071105899955862,0.13869192111382053,0.0004966886726207598,-0.0007684575861004376,0.5783186382711467,0.8158104653665015
2025-06-09T21:50:16.306801,-1.0334137349509356,4.071096874957572,0.1386919199469708,0.0004967164032672612,-0.0007684176688372864,0.5783186601831852,0.815810449854025
2025-06-09T21:50:16.361497,-1.0334157147055312,4.07108782385423,0.13869192362148658,0.0004966905405031642,-0.0007683890506060006,0.5783187658535601,0.8158103749882011
2025-06-09T21:50:16.417149,-1.0334177256254187,4.07107875366488,0.13869192608917888,0.0004966645028383065,-0.0007683768842776397,0.5783188246504142,0.8158103333350829
2025-06-09T21:50:16.460124,-1.033419734113864,4.071069656435345,0.13869192635053587,0.0004966670888210678,-0.0007683706299518052,0.5783188229122073,0.8158103345715947
2025-06-09T21:50:16.517643,-1.0334217618516957,4.0710605655561505,0.13869192855647205,0.0004966444163132522,-0.0007683538451182205,0.5783188071769098,0.8158103457557823
2025-06-09T21:50:16.567701,-1.0334237995399347,4.071051462289682,0.13869193024345813,0.0004966236677117486,-0.0007683430369532667,0.5783187442023726,0.8158103904205322
2025-06-09T21:50:16.612427,-1.0334258590517376,4.071042314186769,0.13869193055534,0.0004966194620912856,-0.0007683413302381199,0.5783185057513895,0.815810559459848
2025-06-09T21:50:16.665571,-1.0334278855332302,4.071033153351344,0.13869192952081194,0.000496640934922854,-0.0007683399003045872,0.5783182095449448,0.8158107694253055
2025-06-09T21:50:16.709988,-1.0334298846190546,4.07102402676713,0.13869193045867173,0.0004966400034768781,-0.0007683299716833116,0.5783179726221347,0.8158109373868345
2025-06-09T21:50:16.767170,-1.033431914347239,4.071014884252255,0.13869193318808853,0.0004966136314084046,-0.0007683104993701881,0.5783176738095425,0.8158111492455821
2025-06-09T21:50:16.816763,-1.0334339653518592,4.071005733347024,0.13869193515508033,0.0004965901119295956,-0.0007682968456067514,0.5783172881886601,0.8158114226341355
2025-06-09T21:50:16.862293,-1.033436073982242,4.070996536401662,0.1386919375051176,0.0004965600551470883,-0.0007682798336070564,0.5783166345578042,0.8158118860178147
2025-06-09T21:50:16.914903,-1.0334381744159566,4.070987325067806,0.13869193865792995,0.0004965454722469232,-0.0007682784842343264,0.5783158241966991,0.8158124604800158
2025-06-09T21:50:16.962368,-1.0334403101663783,4.070978191406024,0.13869194515471883,0.0004964571675598051,-0.0007682472584347465,0.5783151318140533,0.8158129513812128
2025-06-09T21:50:17.020256,-1.0334425456001508,4.0709690976274535,0.13869195201840664,0.0004963697659982058,-0.0007681659261163699,0.5783145754502794,0.8158133459069717
2025-06-09T21:50:17.065751,-1.0334447709892995,4.070959968645884,0.13869195340116156,0.0004963537529832918,-0.0007681484515180283,0.5783139640333864,0.815813779354639
2025-06-09T21:50:17.112334,-1.0334469942662148,4.07095083718758,0.13869195519493888,0.0004963406726800623,-0.0007681298101270252,0.5783133208733091,0.8158142353029987
2025-06-09T21:50:17.169210,-1.033449216856319,4.070941704963447,0.138691957136103,0.0004963275600060602,-0.0007681102395587673,0.5783126509351859,0.8158147102338441
2025-06-09T21:50:17.217790,-1.0334514388178466,4.070932572170838,0.1386919591126372,0.0004963144264675812,-0.0007680903765298096,0.5783119559430367,0.8158152029243527
2025-06-09T21:50:17.260367,-1.0334536600267208,4.070923438955452,0.13869196111424803,0.0004963012141132039,-0.0007680702356779765,0.5783112367660074,0.8158157127583343
2025-06-09T21:50:17.313530,-1.0334558803603213,4.070914305379203,0.1386919631381083,0.0004962879268387009,-0.0007680498414341954,0.5783104939546823,0.8158162393453725
2025-06-09T21:50:17.364886,-1.033458099693297,4.070905171475841,0.1386919651821104,0.0004962745799128033,-0.0007680292165563997,0.5783097279079165,0.8158167824026027
2025-06-09T21:50:17.414007,-1.0334603178926478,4.070896037266764,0.1386919672441621,0.0004962611916792259,-0.0007680083814673701,0.5783089389267821,0.8158173417164747
2025-06-09T21:50:17.466682,-1.0334625348148874,4.070886902764345,0.13869196932211802,0.0004962477828123203,-0.0007679873557416462,0.5783081272309194,0.8158179171311613
2025-06-09T21:50:17.515500,-1.0334647503031555,4.070877767971957,0.13869197141374792,0.0004962343767661582,-0.0007679661589576421,0.5783072929623997,0.8158185085458183
2025-06-09T21:50:17.561292,-1.0334669641835215,4.070868632882821,0.13869197351666182,0.0004962210008210288,-0.0007679448114627717,0.5783064361842957,0.8158191159155956
2025-06-09T21:50:17.616895,-1.033469176260021,4.070859497478148,0.1386919756282003,0.0004962076876368071,-0.0007679233352197016,0.5783055568753135,0.8158197392554409
2025-06-09T21:50:17.668558,-1.033471386307833,4.070850361724326,0.13869197774527517,0.0004961944775883631,-0.000767901754923975,0.5783046549196335,0.8158203786472971
2025-06-09T21:50:17.712255,-1.0334735940635196,4.07084122556858,0.13869197986412604,0.0004961814224426209,-0.0007678800996704557,0.5783037300898157,0.8158210342522153
2025-06-09T21:50:17.761415,-1.0334757992104255,4.070832088932015,0.13869198197992247,0.000496168591461843,-0.0007678584056005682,0.5783027820185215,0.8158217063303944
2025-06-09T21:50:17.812113,-1.0334780013555602,4.0708229516978145,0.13869198408605682,0.000496156082290311,-0.0007678367204495143,0.578301810150661,0.8158223952750879
2025-06-09T21:50:17.868522,-1.0334801999900947,4.070813813689542,0.13869198617276252,0.0004961440422719399,-0.0007678151121607042,0.5783008136573294,0.8158231016735882
2025-06-09T21:50:17.916332,-1.0334823944145701,4.07080467462631,0.13869198822402856,0.0004961327159238582,-0.0007677936870801885,0.578299791264574,0.8158238264285572
2025-06-09T21:50:17.964818,-1.033484583573347,4.070795534011307,0.13869199020918002,0.0004961225743023712,-0.0007677726353747606,0.5782987408494736,0.8158245710442197
2025-06-09T21:50:18.015913,-1.033486765575164,4.070786390740193,0.13869199204977198,0.0004961148269066462,-0.0007677523752658679,0.5782976581218022,0.8158253385604103
2025-06-09T21:50:18.070537,-1.0334889323695067,4.070777240661888,0.13869199337304408,0.0004961136862254856,-0.0007677372839310191,0.5782965291910396,0.8158261388165192
2025-06-09T21:50:18.113485,-1.0334910909622512,4.070768088116965,0.13869199488819275,0.0004961129344880356,-0.0007677174812915895,0.5782953602479195,0.8158269674370628
2025-06-09T21:50:18.165647,-1.0334932511442572,4.070758950658691,0.13869199843132757,0.0004960827375005694,-0.0007676908942685194,0.578294200902842,0.8158277892758691
2025-06-09T21:50:18.212436,-1.0336871732318635,4.071060391405842,0.13868794820982588,0.0005220684924298613,-0.0008054627076388826,0.5763059407126649,0.8172334680944034
2025-06-09T21:50:18.266734,-1.0340146618906758,4.072140100574872,0.13868551032753612,0.0005291306279193164,-0.0008286953884769054,0.5707012822926225,0.8211571589374888
2025-06-09T21:50:18.321336,-1.034462105628282,4.07400527085246,0.13868445582280428,0.0005191905677061626,-0.0008387539440613939,0.5612290822033544,0.8276599206329592
2025-06-09T21:50:18.362406,-1.0350895254114265,4.0765116414376426,0.1386834553686208,0.0005006551144466908,-0.0008472845516613262,0.5472530641466725,0.8369666153649278
2025-06-09T21:50:18.413541,-1.0360288821066992,4.079361536759089,0.138685956217377,0.0004230125045921462,-0.0007666681491710459,0.5279743485669068,0.8492598663163828
2025-06-09T21:50:18.464946,-1.0374636196064244,4.082038677338582,0.13868580181551945,0.0003923698246068863,-0.0007793857145357486,0.5025913968644615,0.8645236413202696
2025-06-09T21:50:18.520629,-1.039455100380632,4.084424098120197,0.13868742157020036,0.00034888960491247234,-0.0007816049751886313,0.4706896093501537,0.8822984523501705
2025-06-09T21:50:18.564527,-1.042744939131695,4.086331096385572,0.1386828287548779,0.00032626995640278045,-0.0008265491965616356,0.43191522571603075,0.9019137698023085
2025-06-09T21:50:18.607962,-1.0460850253801595,4.088577942545338,0.1386786270045472,0.00028880274357798164,-0.0008778517060666945,0.3895179338980114,0.9210184173734975
2025-06-09T21:50:18.664824,-1.0491272159385892,4.09117792644292,0.1386796328008592,0.000293801799918586,-0.0009450027794509479,0.34593944792466036,0.9382563184012301
2025-06-09T21:50:18.707911,-1.0517678123006076,4.094265776910302,0.13868034778998126,0.0002520684113920258,-0.0009490354438326232,0.3014352175246967,0.9534861537689371
2025-06-09T21:50:18.763777,-1.0540520088700787,4.097759483967339,0.1386782965463882,0.000214312499706798,-0.0009726308726052827,0.2562779342270433,0.966602621808806
2025-06-09T21:50:18.816891,-1.0559348951180767,4.101529581471478,0.13867662004585757,0.00017419317920185085,-0.0009180529819327127,0.21053099214065848,0.9775867369107095
2025-06-09T21:50:18.862717,-1.0574684449159109,4.105451327902028,0.13867603335435685,0.00010110013021298603,-0.0009801788501153732,0.16432852778835896,0.9864051723217474
2025-06-09T21:50:18.914492,-1.058620250380654,4.10947130177315,0.13867490429704013,3.1699824858670573e-05,-0.0009191449032739421,0.11768573796035199,0.9930504625891352
2025-06-09T21:50:18.970583,-1.0594179675648439,4.113569999847267,0.13867420424832166,-1.1553666359805093e-05,-0.0009006352351675393,0.0708392726640531,0.9974873363462385
2025-06-09T21:50:19.016851,-1.059854261877316,4.11772496524776,0.13866805941534932,-4.7251658461387736e-05,-0.000956749182263159,0.023845592596861375,0.9997151944989071
2025-06-09T21:50:19.066141,-1.0598855590016631,4.121902054176774,0.13867256637187525,-0.0001032627809044468,-0.0009416158965362409,-0.023203295685011643,0.9997303185187771
2025-06-09T21:50:19.109571,-1.0595317434265,4.1260621331413425,0.13867859742362962,-0.00012194941624785184,-0.000982490758768876,-0.07018981671730024,0.9975331620900835
2025-06-09T21:50:19.163883,-1.0587727706666532,4.130179846989611,0.13868511749559934,-0.0001514815948644582,-0.0009045530739398159,-0.11703111288444458,0.9931278253347307
2025-06-09T21:50:19.212484,-1.057665439278085,4.1341145771588454,0.1386773311561582,-0.00020005259052369167,-0.0009852206459983633,-0.16239229366951874,0.9867257634601383
2025-06-09T21:50:19.264635,-1.056249110233261,4.137703951279536,0.13867600671503955,-0.00023030325151968123,-0.0009613079801256228,-0.20473875428061042,0.9788161550275943
2025-06-09T21:50:19.314755,-1.0546672351162016,4.14096968976036,0.1386735363579606,-0.0002641693244905263,-0.0009631121271350342,-0.2432215243103795,0.9699702535344753
2025-06-09T21:50:19.360332,-1.0529958385053457,4.143798568509379,0.13867526618617823,-0.0002785581620219635,-0.0009061558329739516,-0.2782899998920265,0.9604966305235291
2025-06-09T21:50:19.406915,-1.0513135826650903,4.146292583957587,0.13867358543884462,-0.00030503574499385344,-0.0009033107007289368,-0.3101558928174386,0.9506852334677287
2025-06-09T21:50:19.461623,-1.0495488934548107,4.14843443369306,0.13867487378587637,-0.00031098553306554977,-0.0008536961117991555,-0.3392394226127914,0.9406996272117296
2025-06-09T21:50:19.510323,-1.0478942366536608,4.15035913689561,0.13866826896194562,-0.00037613240317541086,-0.0009277644059258893,-0.365613137291054,0.9307663679021795
2025-06-09T21:50:19.561407,-1.0462857038854843,4.1520728943861664,0.13866963415748346,-0.0004499454484219456,-0.000984442930361339,-0.38966875839450327,0.9209544435814926
2025-06-09T21:50:19.613504,-1.0446579828836047,4.153509994508765,0.1386768549381832,-0.00044930474821100463,-0.0009160827285210276,-0.4116010512652068,0.9113635572673808
2025-06-09T21:50:19.658120,-1.043098907427236,4.1547932335094675,0.1386675130492821,-0.0004525032179438226,-0.0009299381400774229,-0.43155819188620104,0.9020845068350339
2025-06-09T21:50:19.712351,-1.0416944520248639,4.1558720473394155,0.13866632920866176,-0.00048559131172445913,-0.000949355725290567,-0.449738935374094,0.8931594219025858
2025-06-09T21:50:19.765960,-1.0403498316877413,4.156906803838182,0.13866402321233345,-0.0005277228413340385,-0.0009819147561282947,-0.4662897397892813,0.8846313559439655
2025-06-09T21:50:19.814992,-1.0390585602374807,4.157773646432892,0.1386646409148044,-0.0005455682088254254,-0.0009728977570968125,-0.4813936944373764,0.876503774539059
2025-06-09T21:50:19.865773,-1.0370124344240312,4.1574811540358265,0.13865622660896365,-0.0006425766013043455,-0.0010899344196272402,-0.496040010653917,0.8682987429270724
2025-06-09T21:50:19.914872,-1.033987429677114,4.155388443322682,0.13865921165202946,-0.0006692063362480071,-0.0010699539549890466,-0.5103631768431098,0.8599580426300008
2025-06-09T21:50:19.964888,-1.0300766776156374,4.151400848813859,0.13866283507422064,-0.0006718549530765339,-0.0010390934986706712,-0.5248336118158106,0.8512039407826976
2025-06-09T21:50:20.012472,-1.025223810120837,4.145039414617396,0.13866810255820228,-0.0006575987817791784,-0.0009615002496817226,-0.5394311359265473,0.8420289143931502
2025-06-09T21:50:20.070385,-1.0193061393213099,4.135523065358979,0.13866760113676563,-0.0007098080822282027,-0.0009806903888321269,-0.5547330766837799,0.8320274923653638
2025-06-09T21:50:20.109457,-1.012222611963352,4.121808190641711,0.13866451684200315,-0.0007443410549237695,-0.0009872544875388,-0.5701908384870592,0.8215113383212647
2025-06-09T21:50:20.162378,-1.004301201052696,4.103237142208193,0.13868032648154716,-0.0006845449292205985,-0.0008461392510270917,-0.5847732253967356,0.8111960862243521
2025-06-09T21:50:20.216983,-0.9958417819327762,4.079411888333542,0.13868591573674652,-0.000655224762997786,-0.0007778843540165651,-0.5970728269899608,0.8021863903399622
2025-06-09T21:50:20.261595,-0.9870395977326847,4.050504601549784,0.13868665016747936,-0.0006559129634404747,-0.0007636402079968295,-0.6063981017679643,0.7951605679383421
2025-06-09T21:50:20.309693,-0.9779200688604137,4.016832312049717,0.1386931600986289,-0.0005942782532226132,-0.0006810411278193921,-0.6127521232324937,0.7902746475057965
2025-06-09T21:50:20.363873,-0.9684326147333252,3.9796094657451624,0.13870550302438808,-0.0004751859664429148,-0.0005340159660758611,-0.6162889580522316,0.7875197833757194
2025-06-09T21:50:20.414977,-0.959137428117552,3.941974553951071,0.13870504702541828,-0.00047938409356124145,-0.0005387659676574633,-0.619058449919301,0.7853445839283769
2025-06-09T21:50:20.463558,-0.9499164775113158,3.9042562752540215,0.1387018927924142,-0.0005090256551759099,-0.0005755647518806969,-0.6216907071826752,0.7832624555159043
2025-06-09T21:50:20.516665,-0.9408458784734337,3.8664405354888403,0.13869911967957685,-0.0005362100007054171,-0.0006075915254646212,-0.6241496022253752,0.7813044332097951
2025-06-09T21:50:20.562339,-0.9320251414456905,3.828508321969968,0.1387064966098009,-0.0004658218802967018,-0.0005183612081732269,-0.6263834195842451,0.779514801643677
2025-06-09T21:50:20.615947,-0.923515900598473,3.7905827047995624,0.1387032342768824,-0.0005003425310779465,-0.0005567183681319908,-0.6283927380902153,0.7778958840600022
2025-06-09T21:50:20.664634,-0.9152500176739957,3.752610768883799,0.13870247300384048,-0.0005097901817323058,-0.0005648284400612664,-0.6302261874432109,0.7764112143340015
2025-06-09T21:50:20.712415,-0.9071706097171806,3.7145753776777113,0.13870409496074126,-0.0004949704936097475,-0.0005447671913218639,-0.6319068739830723,0.7750439734917364
2025-06-09T21:50:20.765915,-0.8992425110045753,3.6764954189729897,0.138704137358987,-0.0004953669218326073,-0.0005440665798141214,-0.633458407970257,0.7737763914561862
2025-06-09T21:50:20.813498,-0.8914491223520441,3.638361683645345,0.1387038343700715,-0.0005009144771971896,-0.0005477705292823898,-0.6348920202473209,0.7726005252770731
2025-06-09T21:50:20.865274,-0.8838074031293559,3.6002003558528166,0.13870440263392259,-0.0004976321380073534,-0.0005433653723431306,-0.6362120589636141,0.7715138839616603
2025-06-09T21:50:20.912733,-0.8763134272497544,3.5620073178976477,0.1387043318191981,-0.0004981480738570633,-0.000542154198193118,-0.6374125879400468,0.7705223232670771
2025-06-09T21:50:20.962560,-0.8689565999844687,3.5237848114273165,0.13870529656886624,-0.00048679851601274304,-0.0005280430431227907,-0.6385054462582215,0.7696169692102293
2025-06-09T21:50:21.010374,-0.8617027897520992,3.485544205608292,0.1387010992189392,-0.0005301652563892145,-0.0005762341823256289,-0.6395144595900719,0.7687786696144648
2025-06-09T21:50:21.066007,-0.854558148405958,3.447280373509442,0.1387007887776294,-0.0005326521577329602,-0.0005788894509754059,-0.6404418884868922,0.7680062295580847
2025-06-09T21:50:21.112753,-0.847503477183891,3.4089635651787,0.13870604885877777,-0.0004792005171478375,-0.0005156345215971932,-0.6412898662155789,0.7672983852303544
2025-06-09T21:50:21.166622,-0.8405401745406978,3.3706317416409433,0.1387093442306294,-0.00044553745094016984,-0.00047551278805611026,-0.6420707207936418,0.7666451362159037
2025-06-09T21:50:21.217233,-0.833673411786983,3.332354659907547,0.1386986247941495,-0.0005555995540081349,-0.0006013397700693488,-0.6427903013561711,0.7660417470230062
2025-06-09T21:50:21.269449,-0.826869556732705,3.293993699050153,0.1387005424318129,-0.0005349859789484657,-0.0005776458140391602,-0.6434435164463994,0.7654931882508218
2025-06-09T21:50:21.315763,-0.8201370474008064,3.255629691534132,0.13870153472955218,-0.000524745103236801,-0.0005653286816062576,-0.6440550822441862,0.7649787291693102
2025-06-09T21:50:21.363577,-0.8134700880648014,3.217267360037738,0.13870006262591178,-0.0005413903010502153,-0.0005823311080107445,-0.6446120231240936,0.7645094554228128
2025-06-09T21:50:21.414000,-0.8068588497436613,3.1788643421307365,0.13870337255755677,-0.0005072645376401064,-0.0005429040775231056,-0.6451224347249169,0.7640788520515712
2025-06-09T21:50:21.461794,-0.8002888852817185,3.140435830168673,0.1387071876578126,-0.0004694698293559728,-0.0004978341106303986,-0.6455913984924242,0.7636827076422993
2025-06-09T21:50:21.517937,-0.793785342448756,3.102040005535939,0.1387047559173822,-0.0004946674686174268,-0.0005265136355884676,-0.6460299414776158,0.7633117271481655
2025-06-09T21:50:21.564027,-0.7873257197771146,3.063617038017417,0.13870675774027158,-0.0004748297914352052,-0.0005028303026599926,-0.6464256146068031,0.7629767011374416
2025-06-09T21:50:21.612707,-0.7809067580311442,3.0251756486557397,0.13870633219238687,-0.0004779533184541828,-0.0005073628152696755,-0.6467875873562093,0.7626698702489387
2025-06-09T21:50:21.664968,-0.7745216847520976,2.986764136542251,0.1386989646948264,-0.000553606782340399,-0.0005934540291448469,-0.6471227107370539,0.762385426526618
2025-06-09T21:50:21.715586,-0.768163940776007,2.9482857066613573,0.1387042797611649,-0.00049993193438419,-0.000530685239173294,-0.6474332080150716,0.7621218469513592
2025-06-09T21:50:21.764803,-0.7618412661907639,2.9098400379206923,0.13870028943489837,-0.0005400304661795642,-0.0005771317762668331,-0.6477150800075436,0.7618822418306059
2025-06-09T21:50:21.812976,-0.7555431389794875,2.871342847051541,0.13870673781797652,-0.0004740218880641689,-0.0005008743111595052,-0.6479786602348044,0.7616581781274866
2025-06-09T21:50:21.868073,-0.7493019370350205,2.832921625411209,0.13869983409115968,-0.0005434255917071695,-0.0005812649515469608,-0.6482194332198254,0.7614531720439877
2025-06-09T21:50:21.916075,-0.7430656479656483,2.7944288776561397,0.13870488476172285,-0.0004915741656290051,-0.0005210712993129695,-0.6484391755281309,0.7612661311788004
2025-06-09T21:50:21.964875,-0.7368558080926225,2.7559294888040133,0.13870795149708603,-0.0004610203074999486,-0.0004842981556272333,-0.6486418221173345,0.7610935156180724
2025-06-09T21:50:22.015967,-0.7306613968781389,2.7174742104152148,0.13870398815941726,-0.0005002289707040641,-0.0005305294801897598,-0.6488331707533427,0.7609303416473884
2025-06-09T21:50:22.067648,-0.7244902286997238,2.6790151172601804,0.13869785046593558,-0.0005642349066009023,-0.000602220511071144,-0.6490132945404239,0.7607766179892829
2025-06-09T21:50:22.118350,-0.7183301562116438,2.640519032711849,0.13869910941154354,-0.0005509916932235348,-0.0005871665940691017,-0.6491642812739298,0.7606478078333277
2025-06-09T21:50:22.160521,-0.7121899201419769,2.602026207299826,0.138698779715144,-0.0005548955921266252,-0.0005910056573790858,-0.6493140698375746,0.7605199415624552
2025-06-09T21:50:22.212287,-0.7060491694308669,2.5634952111275573,0.13870659265850122,-0.0004737002881965436,-0.0004997451066846976,-0.6494646775836893,0.7603914507896442
2025-06-09T21:50:22.267158,-0.6998956290129437,2.5248624007061293,0.13870629609546276,-0.00047278401228378886,-0.0005004292538678476,-0.6484268954821708,0.7612766167834091
2025-06-09T21:50:22.311263,-0.693769644645193,2.4862912326037665,0.1387077866143108,-0.00045465496847724163,-0.00048200367779879056,-0.6471975529110392,0.762322037243629
2025-06-09T21:50:22.364876,-0.6875955945358658,2.4477896527121628,0.13870032996852327,-0.0005298117855990769,-0.0005702913227392608,-0.6459801141100839,0.7633538407852561
2025-06-09T21:50:22.417976,-0.681264227556867,2.409271381499186,0.13870178071061667,-0.0005216499776038996,-0.0005608716917191359,-0.6448784448431458,0.764284766746618
2025-06-09T21:50:22.466319,-0.6747679537332579,2.3707935798812656,0.13869892353942387,-0.0005492871968402202,-0.0005958727470203285,-0.643925173534123,0.7650880433703655
2025-06-09T21:50:22.533208,-0.6681212353025552,2.3322981030613983,0.13870153122855805,-0.0005226183486731762,-0.0005663143506623288,-0.6430839373880352,0.7657953092253958
2025-06-09T21:50:22.556772,-0.6613859961990305,2.2938252546080315,0.1387029634131058,-0.0005082725341574168,-0.0005498849135851553,-0.6423051527587104,0.7664486480027365
2025-06-09T21:50:22.607117,-0.6546051269325794,2.2553931538141927,0.1387003429574196,-0.0005289965666308573,-0.0005758666512247014,-0.6415563108186417,0.7670755429480248
2025-06-09T21:50:22.657400,-0.6477499741150051,2.2169922452065816,0.13870213880906962,-0.0005353255979674844,-0.0005763361898729647,-0.6408721281685488,0.7676472475035755
2025-06-09T21:50:22.707924,-0.6408290493231587,2.178569300027479,0.13870799336467818,-0.0004755848898242987,-0.0005057438708824271,-0.6402133309631507,0.7681968555645207
2025-06-09T21:50:22.760572,-0.6338452361521384,2.140214638316235,0.13870166378064838,-0.0005410914146989909,-0.0005861703058549015,-0.639614896265284,0.7686950943644715
2025-06-09T21:50:22.807578,-0.6267804122007676,2.101813636098117,0.13870949416135409,-0.00046278909545915964,-0.0004938382598383707,-0.6390910075134545,0.7691308250651927
2025-06-09T21:50:22.857488,-0.6196631598750804,2.0634772386966835,0.13870602983246677,-0.0004952513831769089,-0.0005333347259405848,-0.6386264871577535,0.7695165236566952
2025-06-09T21:50:22.907060,-0.6124974841296862,2.02511422202276,0.13871083493162956,-0.00044627996212082133,-0.0004767419188795481,-0.6381784193476485,0.7698882247640075
2025-06-09T21:50:22.959321,-0.6052958220871132,1.9867841592632858,0.13870982176890853,-0.00045793187493414756,-0.0004912742561242444,-0.6377380587576095,0.7702530216494311
2025-06-09T21:50:23.009408,-0.5980472282508649,1.9484529432926756,0.13870992715653455,-0.0004529376973934074,-0.0004862425774324426,-0.6373249914797182,0.7705948440334748
2025-06-09T21:50:23.056224,-0.5907651227113221,1.9101683463693948,0.13870310446542344,-0.0005182778941100752,-0.0005659602131591693,-0.636936264318629,0.7709160825102115
2025-06-09T21:50:23.106303,-0.5834302940818705,1.8718693361796022,0.13870263459741,-0.0005234909907966823,-0.000571082346765893,-0.6365966584540579,0.7711965341385186
2025-06-09T21:50:23.158391,-0.5760651943166966,1.8335644494401453,0.1387043106503412,-0.0005050531288015581,-0.0005515890507229368,-0.63626728450178,0.7714683294494903
2025-06-09T21:50:23.209461,-0.5686548447711324,1.7952749562136703,0.13870520788804414,-0.0004962753843545386,-0.0005401246787579535,-0.6359919084243704,0.7716953766835729
2025-06-09T21:50:23.257539,-0.5612280277645461,1.756995145247893,0.13870495419563872,-0.0004960604801924063,-0.0005422330349238294,-0.6357087731849825,0.7719286337498955
2025-06-09T21:50:23.307331,-0.5537676541902029,1.7187214309589525,0.13870482880795007,-0.0004957500051721019,-0.0005427097904244178,-0.6354576861813567,0.772135343557755
2025-06-09T21:50:23.359425,-0.5462744946601605,1.6804426129024368,0.13870564063412866,-0.00048679960483655183,-0.0005319124914644472,-0.6352362303509123,0.772317558873815
2025-06-09T21:50:23.411502,-0.5387736302573298,1.6422030921908213,0.13870033625939213,-0.0005372753632549854,-0.0005953710085579284,-0.6350019843726213,0.7725100884204552
2025-06-09T21:50:23.461689,-0.5312497490528513,1.6039702400277762,0.13869614720930595,-0.0005749042359766697,-0.0006426665977273686,-0.6347685737504283,0.7727018275140877
2025-06-09T21:50:23.510796,-0.523695325806738,1.5656862020836921,0.138703691479178,-0.0004990481753703868,-0.0005506340280260894,-0.634532050549919,0.7728961926274452
2025-06-09T21:50:23.558329,-0.5161148947046285,1.5274341086868435,0.13870436102146583,-0.000490565151222977,-0.0005398751145455584,-0.634337329834518,0.7730560263390405
2025-06-09T21:50:23.609457,-0.5085089189072224,1.4891846199786491,0.13870624453583794,-0.00046862441269662764,-0.0005154084223883426,-0.6341873999533622,0.773179058488855
2025-06-09T21:50:23.662350,-0.5008924897886489,1.4509503772141703,0.13870444782935581,-0.00048389226425221693,-0.0005340251951175036,-0.6340287901382486,0.7733091063353621
2025-06-09T21:50:23.709446,-0.4932602013940528,1.4127058661049157,0.13870657698730623,-0.0004609999311365743,-0.0005062475260051324,-0.6338731565923317,0.7734367152806877
2025-06-09T21:50:23.761535,-0.48561153826265946,1.3744823600053802,0.13870441193846492,-0.0004798217923858704,-0.0005295820852083479,-0.6337426524935031,0.7735436249652384
2025-06-09T21:50:23.808189,-0.47796101160889215,1.3362835748087032,0.1386974795791659,-0.0005434453017428287,-0.0006100850207454561,-0.6336039494308977,0.7736571383559
2025-06-09T21:50:23.857914,-0.47028785938642664,1.2980487691385447,0.13869878520233653,-0.0005296937983860771,-0.000591692132577391,-0.6334613025239564,0.7737739641068009
2025-06-09T21:50:23.908311,-0.46259458986759194,1.2598058783664983,0.13870402168508894,-0.0004764212596358175,-0.0005271549968952865,-0.6333520445134821,0.7738634781671667
2025-06-09T21:50:23.960483,-0.45489538072614144,1.2215907673398256,0.13870181376091223,-0.0004959324943411003,-0.0005501983213638199,-0.6332419545957197,0.773953537541215
2025-06-09T21:50:24.009566,-0.44718454642899463,1.1833856842995565,0.13870026822721332,-0.0005061724365725274,-0.0005652531775235653,-0.6331565589352501,0.7740233821762641
2025-06-09T21:50:24.061316,-0.4394523411449825,1.145142790976998,0.13870414975309003,-0.0004561015892072251,-0.000505377868135066,-0.6330912504781554,0.7740768728831501
2025-06-09T21:50:24.112499,-0.4317223186001994,1.1069520571138634,0.1386975652990143,-0.0005069610634064746,-0.0005662487705341454,-0.6330195873239052,0.7741354044462008
2025-06-09T21:50:24.160586,-0.4239804856344544,1.0687355871107498,0.13869662814997602,-0.0005012053938315276,-0.000559405754773784,-0.6329524469843066,0.7741903097526689
2025-06-09T21:50:24.208187,-0.4162404529292793,1.0305165020600344,0.13869735367491992,-0.00047536531182462705,-0.0005331679425119905,-0.6328738598198145,0.7742545881791952
2025-06-09T21:50:24.260511,-0.4084902181398977,0.9923167735837118,0.1386933039714566,-0.0004983823335975579,-0.0005617650020783727,-0.6328078232083738,0.7743085269589969
2025-06-09T21:50:24.308096,-0.4007352362916091,0.9540900120495058,0.13869578217357606,-0.000455174174105788,-0.0005126490941810677,-0.6327237146827647,0.7743773181630651
2025-06-09T21:50:24.359678,-0.39297507412016314,0.9159041430539101,0.1386893083162098,-0.0004990491282222954,-0.0005685472674682907,-0.6326558359054103,0.7744327091483153
2025-06-09T21:50:24.405984,-0.3851980673714427,0.8776754359011092,0.13869201272431736,-0.0004534943197804231,-0.0005145760129824084,-0.6325984480878996,0.7744796530776066
2025-06-09T21:50:24.457578,-0.37741197959031286,0.8394770357829415,0.13868964689487778,-0.00045527725229260746,-0.0005199586428059549,-0.632581876094109,0.7744931842197779
2025-06-09T21:50:24.509656,-0.36963629600193926,0.8012952709830964,0.13868273837320916,-0.0005013184890895196,-0.0005784557160895472,-0.6325283781256327,0.7745368067009559
2025-06-09T21:50:24.557984,-0.36184826230145534,0.7630625480467791,0.13868743168114273,-0.0004314908872892765,-0.0004984501633862861,-0.6324729436813902,0.7745821718023504
2025-06-09T21:50:24.611506,-0.3540623966954207,0.7248734511237159,0.13868298450557476,-0.00045226089476474446,-0.0005259277091658714,-0.6324186750627102,0.774626450808423
2025-06-09T21:50:24.659832,-0.3462657079404951,0.686667963675159,0.13868258303597408,-0.00043152255242001614,-0.0005045204462018891,-0.6323803507039751,0.7746577639776959
2025-06-09T21:50:24.711530,-0.338454969034942,0.6484413082063724,0.1386868616231005,-0.0003661959219521394,-0.00042708617274504654,-0.6323659261716572,0.774669619202283
2025-06-09T21:50:24.757618,-0.3306574151788591,0.6102591542939804,0.1386801942049478,-0.0004084739050091435,-0.0004803877951563174,-0.6323225143743266,0.7747050020439813
2025-06-09T21:50:24.807895,-0.3228344992033151,0.5720858369114128,0.1386951990136341,-0.000488602323740095,-0.0005000068706357605,-0.6323109081415706,0.7747144162245084
2025-06-09T21:50:24.859695,-0.31503365372004744,0.5338952122510039,0.13868900208476767,-0.0005000313811254763,-0.0005377812470874569,-0.6322802265368215,0.7747394245102632
2025-06-09T21:50:24.916049,-0.3072090699657387,0.4956663585580299,0.13869742025338438,-0.00045268096704115246,-0.0004485093415076927,-0.6322556213705918,0.7747595905599359
2025-06-09T21:50:24.958696,-0.2993967822987527,0.45751174388887755,0.13869270737696543,-0.0005492885968803042,-0.0005458409972525317,-0.6322398174414114,0.7747723624273738
2025-06-09T21:50:25.007955,-0.29157577616291463,0.41930610613250063,0.1386930613436931,-0.0005342239744366983,-0.0005211807166784878,-0.6322216271565924,0.7747872334588874
2025-06-09T21:50:25.061739,-0.28375432514676996,0.3811297116634312,0.13868725845970947,-0.0005772017519034556,-0.000566606565952472,-0.6322240992475017,0.7747851535269776
2025-06-09T21:50:25.111445,-0.2759281292028598,0.3428947862763999,0.13869347526805095,-0.0004993582836331778,-0.00046616234962312234,-0.6322057476575066,0.7748002490724829
2025-06-09T21:50:25.159840,-0.26810688469730937,0.304696410273196,0.13869150912765835,-0.0005026135297235834,-0.00046259072007694526,-0.6321811040771383,0.7748203566229246
2025-06-09T21:50:25.211521,-0.26029246406061046,0.26649820690671416,0.1386882851727216,-0.0005062098825323047,-0.00046459631843668225,-0.6321411603802618,0.774852941695979
2025-06-09T21:50:25.259430,-0.25245860775237733,0.2282906852775918,0.1386877562733429,-0.0004733060596059935,-0.0004252848062008877,-0.6321446571620294,0.7748501323066983
2025-06-09T21:50:25.309528,-0.244635908682106,0.19009773370070562,0.1386827018292963,-0.00048724814170686415,-0.00044021053986697807,-0.6321125314768883,0.7748763232631444
2025-06-09T21:50:25.361587,-0.23681303659128677,0.15192056937309412,0.138676260576508,-0.0005140211605393907,-0.0004729276330303377,-0.6320913408425417,0.7748935726624517
2025-06-09T21:50:25.408166,-0.22899389771172468,0.11372514257994917,0.13867139551847998,-0.0005263505273408464,-0.0004868130301698508,-0.6320259904333263,0.7749468584264144
2025-06-09T21:50:25.462644,-0.22115994602278208,0.07549628769944047,0.1386911212565326,-0.0004175854835292703,-0.0004480645475250819,-0.6320351103614952,0.7749395099818165
2025-06-09T21:50:25.509441,-0.2133314340646037,0.03733061980083012,0.13868746909196134,-0.0004540225947647359,-0.0005195810298815306,-0.6320330861819807,0.7749410957423267
2025-06-09T21:50:25.562543,-0.20549256487872566,-0.0008563562809881416,0.13868859179002185,-0.00045331666392145475,-0.0005476043507010463,-0.6319950999018895,0.774972056485573
2025-06-09T21:50:25.608119,-0.19766953600185777,-0.039035659034440354,0.13868867117026748,-0.00047646902844528105,-0.0005882100086420973,-0.6319925961516633,0.774974054659723
2025-06-09T21:50:25.661817,-0.18982736371768252,-0.07721652182836117,0.13869021434472567,-0.0004887170376436378,-0.0005938609253222404,-0.6319777828062392,0.7749861227945752
2025-06-09T21:50:25.710546,-0.18196739344763016,-0.11541100250470449,0.1386932606505098,-0.00047930708416427104,-0.000574901711148362,-0.6319347591535688,0.7750212254682207
2025-06-09T21:50:25.771453,-0.1741231903375347,-0.1535868154698246,0.1386900928849088,-0.00048281527748123,-0.0005900382040096052,-0.6319288123372704,0.7750260607762379
2025-06-09T21:50:25.812523,-0.16627630369296423,-0.19179436591918708,0.13869438147226001,-0.0004363020264620543,-0.0005352217801320913,-0.6319270840700021,0.7750275373152702
2025-06-09T21:50:25.859703,-0.15843636301173095,-0.22998913695748163,0.13869497560177466,-0.0004230643656695232,-0.000521530971114141,-0.6319256080016262,0.7750287575140447
2025-06-09T21:50:25.909630,-0.15057437730539608,-0.26815715491462766,0.13869542357333922,-0.00045153351638077543,-0.0005433672146237883,-0.6319106005595903,0.7750409626400219
2025-06-09T21:50:25.963776,-0.1427051578358805,-0.3063337566295655,0.13870096199089194,-0.0005008218888912785,-0.0005639912991237729,-0.6318903963098486,0.7750573902251578
2025-06-09T21:50:26.010608,-0.13484929917034405,-0.34450862527657794,0.13869934787994948,-0.0005270056259473743,-0.0005893210698765053,-0.6318795372032475,0.7750662071265633
2025-06-09T21:50:26.056201,-0.12698650141752635,-0.3827200390358072,0.1387024679628827,-0.0004985467959829903,-0.0005531013387288187,-0.6318812221111011,0.7750648790090948
2025-06-09T21:50:26.109593,-0.11912456215308886,-0.42092151631977315,0.1387059706461793,-0.00047229239949053703,-0.0005225000265205847,-0.6318702013729186,0.7750739013478386
2025-06-09T21:50:26.160522,-0.11127090614237631,-0.45908695699849433,0.13870336402786623,-0.0005019320790623506,-0.0005567236192143798,-0.6318661067097217,0.7750771970033041
2025-06-09T21:50:26.211621,-0.10340600636754213,-0.4972627377893528,0.1387002399078217,-0.0005321676208082106,-0.0005945136383247125,-0.6318709856280358,0.7750731713023048
2025-06-09T21:50:26.261545,-0.09614078060130571,-0.5332543784973407,0.13871806493564226,-0.0003580594480796506,-0.00038088689092755887,-0.6317968751166305,0.7751338176801919
2025-06-09T21:50:26.309633,-0.08980554289153556,-0.5650248482458623,0.13871928141387146,-0.0003427789423537386,-0.0003660700195927797,-0.6314146314243929,0.7754452345063033
2025-06-09T21:50:26.362631,-0.08435744473731606,-0.592590345706376,0.1387184770507842,-0.0003489511824080194,-0.0003746914637357126,-0.6306846209916575,0.7760390754878189
2025-06-09T21:50:26.410403,-0.07976929756981035,-0.615939877574971,0.13871933935137082,-0.0003379466826979871,-0.0003638910269901953,-0.629568767998153,0.7769446053205133
2025-06-09T21:50:26.458172,-0.07603835029820213,-0.6350708174200365,0.13871845314170292,-0.0003456198232175134,-0.0003744110263073574,-0.628061895127521,0.778163219544684
2025-06-09T21:50:26.507261,-0.0728018365790303,-0.6511023640331888,0.1387052524851887,-0.00046419772442496404,-0.0005312400908196693,-0.6248355803225698,0.7807560437597625
2025-06-09T21:50:26.558067,-0.06986747736801044,-0.6658566238584472,0.13870386827218611,-0.00047320329549699336,-0.0005526209697889115,-0.6188368332850446,0.7855192196620289
2025-06-09T21:50:26.608090,-0.06726120456829507,-0.6795074615606798,0.13870311981440858,-0.0004707486814618522,-0.0005657832948941057,-0.6099584205888614,0.7924330782076703
2025-06-09T21:50:26.658368,-0.06499242906228117,-0.6920198070534969,0.13870526376957196,-0.00044005928492546476,-0.0005432978600586479,-0.5979715199068408,0.801517044457299
2025-06-09T21:50:26.707999,-0.06316138032901612,-0.7029083956845895,0.13870722076367967,-0.00040224003680316983,-0.0005142456266800822,-0.5830178565552881,0.8124590775491808
2025-06-09T21:50:26.759399,-0.06182065565211829,-0.7120207231884151,0.13870247701633326,-0.0004244094152265343,-0.0005739890620324237,-0.5647577378948898,0.8252564376610776
2025-06-09T21:50:26.806988,-0.06100910809721394,-0.7197971503238146,0.13870189107846642,-0.00040864432375309345,-0.0005828453375589231,-0.542715256139211,0.8399164506395145
2025-06-09T21:50:26.862589,-0.060955371806719526,-0.7263979942973222,0.1387009799953944,-0.00039056350750127367,-0.000593645986105496,-0.5167376030496431,0.8561435303961009
2025-06-09T21:50:26.912425,-0.06173396937364389,-0.7316081110582608,0.13869618734567338,-0.00039515269293963207,-0.0006545260965969396,-0.4861226757826129,0.8738902445615759
2025-06-09T21:50:26.961674,-0.06354209222277744,-0.7354105279268203,0.13869478557073248,-0.00036961267113092,-0.0006688589729238608,-0.4502201375605187,0.89291726590381
2025-06-09T21:50:27.008037,-0.06659883053239056,-0.73812785743462,0.13869158869417703,-0.000354214175010803,-0.0007108931538560147,-0.4089159286848899,0.9125717135825634
2025-06-09T21:50:27.060642,-0.07003266964620512,-0.7406116008059115,0.1386843924779544,-0.000349448298922167,-0.0008060465045540826,-0.3658119074242702,0.9306883885391157
2025-06-09T21:50:27.109576,-0.07315027783701529,-0.7433047569412452,0.13868178525560879,-0.0003217105499868367,-0.0008547907576200195,-0.3221978275851363,0.9466719208545809
2025-06-09T21:50:27.160710,-0.07575754936387022,-0.7464722908406994,0.1386765110122398,-0.00030163538801195044,-0.0009346030288212785,-0.2774770625569884,0.9607317603202344
2025-06-09T21:50:27.208088,-0.07791394865975784,-0.750045515392215,0.13867556968311368,-0.00026029595425841606,-0.0009715942023366036,-0.23198932872442268,0.9727178108828449
2025-06-09T21:50:27.260751,-0.07962514305879588,-0.753869574469217,0.13867192831846756,-0.00022510221832976185,-0.0010079993910423613,-0.18599153991949444,0.9825508029331584
2025-06-09T21:50:27.308005,-0.08094335808140454,-0.7578789009257975,0.1386731564386195,-0.00017816317389872383,-0.0009648384354888197,-0.13968915143054184,0.9901949193554228
2025-06-09T21:50:27.357026,-0.08187776525595296,-0.7619888055757323,0.13867659123737403,-0.00013192791832605105,-0.0008848520342403185,-0.09305970945581628,0.9956601278086318
2025-06-09T21:50:27.410625,-0.08248318412163586,-0.7661460942393502,0.1386757366802,-8.574187074748135e-05,-0.0009370021601914272,-0.04615435148697984,0.9989338769478687
2025-06-09T21:50:27.466430,-0.08267685600458421,-0.7703559671315175,0.1386799391900598,-5.0965702831519144e-05,-0.0008823932381507994,0.0009049768536222997,0.9999991999004624
2025-06-09T21:50:27.514629,-0.08249938944779792,-0.7745582528843942,0.138680597677738,-8.404574201106851e-06,-0.0008962827157826215,0.04794824464682439,0.9988494193030024
2025-06-09T21:50:27.571822,-0.08191556883594645,-0.7787190470203801,0.13868797786435944,4.585836387104025e-05,-0.000866179935509655,0.09487795503923635,0.9954885339756067
2025-06-09T21:50:27.619559,-0.0809752739664655,-0.7828064779565251,0.13868409685624367,9.610403705578863e-05,-0.0009221340960751511,0.14158737696371246,0.9899253280511912
2025-06-09T21:50:27.662660,-0.07965112585877523,-0.7867192682450963,0.138682186850139,0.00013448057445560047,-0.0009193187885447075,0.18736505178919025,0.9822899134858173
2025-06-09T21:50:27.718320,-0.07815350802073945,-0.7903016407074795,0.13867298093695518,0.0002049543807273873,-0.001038717097500531,0.23031869697367718,0.9731146781776753
2025-06-09T21:50:27.758490,-0.07639234197920627,-0.7935024017744233,0.13867507270138546,0.00022277279354368518,-0.000968222921565794,0.2693374807252713,0.9630453438926025
2025-06-09T21:50:27.812583,-0.07448584955099828,-0.7962808561567918,0.13867335508291673,0.0002459765107267753,-0.0009464973178996731,0.3049204397974595,0.9523773249254245
2025-06-09T21:50:27.862739,-0.07261765851928595,-0.798821380732484,0.1386700385941792,0.00028898734662599623,-0.0009620444973379496,0.3374725202858567,0.9413348442550137
2025-06-09T21:50:27.914007,-0.07075858096350933,-0.8010477857982347,0.1386706550056743,0.0003128065485286935,-0.0009360681942474709,0.3670895724161197,0.9301850739244042
2025-06-09T21:50:27.966136,-0.06890370247058972,-0.80290823577576,0.13866890668926996,0.00037952685450970414,-0.000980513350949316,0.3940139388198315,0.9191038627753763
2025-06-09T21:50:28.012785,-0.06713027457690482,-0.8044762305378725,0.13866631036035543,0.0004208853607476637,-0.0009831116109482695,0.41869122380000284,0.9081280281215472
2025-06-09T21:50:28.070925,-0.06542548463743605,-0.8058130066792876,0.13867761459453842,0.0004134765181657839,-0.000913834220728526,0.4410649670642645,0.8974746173417859
2025-06-09T21:50:28.119570,-0.06369834793801306,-0.8069490550487997,0.13867533687224062,0.00045912190599503577,-0.0009487091706042144,0.4618264781468661,0.8869696687263029
2025-06-09T21:50:28.164844,-0.06179928359932994,-0.8077254020529041,0.13867785045969844,0.00046271636268063743,-0.0009163959337460182,0.48152563746465293,0.8764314043759044
2025-06-09T21:50:28.213973,-0.06001884520938927,-0.8083104086469224,0.1386741789429039,0.0005260805181380168,-0.000981910942513657,0.4995151885858675,0.866304412699263
2025-06-09T21:50:28.265941,-0.0583424919129595,-0.8087678750512527,0.13867259465448747,0.0005560757845333719,-0.0009895634301175444,0.5158536721549578,0.8566759600153288
2025-06-09T21:50:28.316037,-0.05677522336073437,-0.8091319426472113,0.13867097935373146,0.0005821279738972285,-0.0009868467101552657,0.5307524326057739,0.8475261308913409
2025-06-09T21:50:28.369629,-0.05455294077240902,-0.808222001156793,0.13866034200462934,0.0006771959588666165,-0.0011080530074201514,0.5450365519466196,0.8384112777547221
2025-06-09T21:50:28.417213,-0.0517227657525966,-0.8051153087801317,0.1386626825753853,0.0006922929834818348,-0.0010718011894124153,0.5586108397500921,0.829428900922998
2025-06-09T21:50:28.459866,-0.0479405786074627,-0.7999990170725839,0.13866412015441013,0.0006854310895255679,-0.0010407030341164846,0.5718704173922752,0.820343021444689
2025-06-09T21:50:28.512913,-0.04358898004591043,-0.792528258642053,0.13867217580171892,0.0006068710010327938,-0.0008924999448900666,0.5856341077639232,0.8105748126946644
2025-06-09T21:50:28.559677,-0.03852563263190012,-0.78172798801289,0.1386612267107305,0.0006927161939861426,-0.0009745854164006897,0.5999448159267631,0.8000404915816094
2025-06-09T21:50:28.618050,-0.03261314977955573,-0.7666523864523834,0.1386626748864155,0.0007474462693087268,-0.0010018459071941758,0.614070140006342,0.7892504677106277
2025-06-09T21:50:28.666139,-0.026230141115198384,-0.746461658708055,0.13868012351737385,0.0006474438430783547,-0.0008395610105623926,0.6268300059871217,0.7791553244045535
2025-06-09T21:50:28.715095,-0.019695238453934956,-0.7209480089787556,0.13869019645018146,0.0005635542020505647,-0.0007211477695760287,0.6370938749367737,0.770785675055396
2025-06-09T21:50:28.770891,-0.013211165253301117,-0.6903995450672131,0.1386852754374916,0.0006194786916116635,-0.0007756389561746329,0.6443986341186828,0.7646890969383153
2025-06-09T21:50:28.814878,-0.0067533862680804815,-0.6551506697822632,0.13868436685894311,0.0006320654029495221,-0.0007845300933169735,0.6490003659039656,0.7607874276447909
2025-06-09T21:50:28.865064,-0.00048087651011674803,-0.6170049819373622,0.1386955648662381,0.0005248513173022329,-0.0006534899153508128,0.6528723138612186,0.7574675169771465
2025-06-09T21:50:28.911922,0.00550634543245237,-0.5786931110255964,0.13869930010956627,0.0004876775288988888,-0.0006040214995276067,0.6575163814847597,0.753439848566456
2025-06-09T21:50:28.967953,0.01111392240235776,-0.5403963908123796,0.1387006908275033,0.0004751591417197498,-0.0005815793951538467,0.6624724439044861,0.7490859076610739
2025-06-09T21:50:29.012532,0.01621395212488092,-0.5019938211158479,0.13870660696074827,0.0004183570198299513,-0.0005087171910797208,0.6673807370001706,0.7447164010986549
2025-06-09T21:50:29.066041,0.020764660435574164,-0.46354187345123005,0.13870409796375904,0.00044705089694452305,-0.0005347815452439069,0.6721083348525516,0.7404524970421296
2025-06-09T21:50:29.114978,0.02481021478890477,-0.4250201148971609,0.13870244429749784,0.0004650147286756612,-0.0005499789476531675,0.6767006913632234,0.7362578730261531
2025-06-09T21:50:29.168150,0.028385851028926733,-0.3864736809024091,0.138697977256165,0.000517288626414203,-0.0005951890377532169,0.6813309107974197,0.7319751144365804
2025-06-09T21:50:29.221935,0.03148165987170779,-0.3478715057066282,0.13869925463153135,0.0005071602453581848,-0.0005763978416366435,0.6859910405498845,0.7276095813273081
2025-06-09T21:50:29.263919,0.03410037931785218,-0.3092186053533986,0.1387023455226933,0.0004764355696211807,-0.0005389810839106424,0.6907434491836679,0.7230995574043652
2025-06-09T21:50:29.319592,0.03621428373387107,-0.2705859339416931,0.13870037773248156,0.0005002780689607467,-0.0005569717193963177,0.6956870232604029,0.718344628414132
2025-06-09T21:50:29.362541,0.03782950356865703,-0.2319501838642716,0.13869589228754836,0.0005538664685432737,-0.0006010076706878347,0.7008505971884132,0.7133076281958293
2025-06-09T21:50:29.418162,0.03891425038104542,-0.19326236468634642,0.1387015011011779,0.00045922653293728466,-0.0005093084882827879,0.706416990046768,0.7077955678648461
2025-06-09T21:50:29.464013,0.039450973241269324,-0.15465748878518,0.13870661261421596,-0.000494959615965629,0.0005092528324607313,-0.7125639471668007,-0.701606810738465
2025-06-09T21:50:29.512618,0.03936576822142138,-0.1160985260488955,0.13870363137941205,-0.0005294863963665186,0.0005291031327126802,-0.7197183015501674,-0.6942658036427933
2025-06-09T21:50:29.565035,0.038689288568661453,-0.07764142703250401,0.1387038164511717,-0.0005258588600555725,0.0005145607571520345,-0.7282991172571077,-0.6852589689323332
2025-06-09T21:50:29.616126,0.03719305758684839,-0.041483109293719685,0.13871499284728278,-0.00039251915941612703,0.0003848931189886996,-0.7372114550015345,-0.6756618743132671
2025-06-09T21:50:29.670529,0.035205467593224085,-0.009733181799740979,0.13871764613953516,-0.0003579360602249948,0.000350170143178889,-0.7460796015355055,-0.6658565742224591
2025-06-09T21:50:29.717105,0.03290020223736606,0.01764690087484081,0.13871740009250064,-0.0003487870156840822,0.00034009953635800473,-0.7546473506271362,-0.6561304282468292
2025-06-09T21:50:29.767987,0.030505039582671884,0.040699537825190826,0.13871594637726928,-0.00035930774411202515,0.0003457523496081267,-0.7627318782861675,-0.646714645882798
2025-06-09T21:50:29.817082,0.028235330069250185,0.059468562813233206,0.13871258957871677,-0.00034862025841503336,0.0003404862827449942,-0.7702445839691255,-0.6377484170103721
2025-06-09T21:50:29.871724,0.02622987110318098,0.0741299369518991,0.1387151744663604,-0.00038155086409252803,0.0003499595917083354,-0.7772428575446049,-0.6292005024975103
2025-06-09T21:50:29.916055,0.024811340280409724,0.08463887895648259,0.1387154762497515,-0.0003905212957012737,0.00034889928085289986,-0.7837549479766581,-0.6210699697171933
2025-06-09T21:50:29.969740,0.0241107842380564,0.09107083235477571,0.13871440891881387,-0.0004030119887541983,0.0003466670035043196,-0.7896178131413211,-0.6135987504658428
2025-06-09T21:50:30.016230,0.024062777307517248,0.09386633766793198,0.13869438819045615,-0.0005433530956542865,0.00043612591517692533,-0.7941353327678438,-0.6077405596233524
2025-06-09T21:50:30.068036,0.024166922522120226,0.09482632709832302,0.138690305725494,-0.0006538312132620128,0.0005298179746309774,-0.7961984767486748,-0.605034939008276
2025-06-09T21:50:30.119808,0.024196423309993605,0.09483383647529416,0.13868404241530102,-0.0007605406267970904,0.0006067585521830812,-0.7963434818049904,-0.6048438744078668
2025-06-09T21:50:30.168287,0.02420062618120999,0.09481430745962738,0.13868386808876793,-0.0007669438206767687,0.0006123486658550009,-0.7963301599556906,-0.6048613999679859
2025-06-09T21:50:30.219536,0.024202474454022346,0.09479747785425403,0.1386840501578617,-0.0007677513625262146,0.0006147482414361658,-0.7963345044507546,-0.6048556767226512
2025-06-09T21:50:30.262632,0.02370548597717472,0.09676355853053198,0.13866927406528012,-0.0008990079070524959,0.0007147392176704798,-0.7966880684469091,-0.6043896115313093
2025-06-09T21:50:30.314757,0.022315437530222977,0.10227519995000836,0.13867338172687785,-0.0008941714921651411,0.0007074535519199859,-0.7980987551482227,-0.6025255820275782
2025-06-09T21:50:30.367149,0.01995745836158635,0.11148051607692691,0.13867275813657304,-0.0008301185041590387,0.0006516530537081674,-0.8003336134779478,-0.599553995390655
2025-06-09T21:50:30.416041,0.016646887831764212,0.12468076329743127,0.1386667571925601,-0.0009307337309871766,0.0007322456677745011,-0.8030154527907016,-0.5959570287615948
2025-06-09T21:50:30.472647,0.01177765890569886,0.1419290084960008,0.1386825503510873,-0.0007840821903687956,0.0006348699768012455,-0.8051474183572779,-0.5930738713413716
2025-06-09T21:50:30.518061,0.005328324382451983,0.16329273749158207,0.13868481956078943,-0.0007992378863492798,0.000635559567860836,-0.8060827535924282,-0.5918019530583568
2025-06-09T21:50:30.568168,-0.002659128338472376,0.18873237024620354,0.13868759793337088,-0.0007690073200980474,0.0006172740673624842,-0.8055272939251062,-0.5925578506290867
2025-06-09T21:50:30.612526,-0.012009849312438762,0.21822098634228992,0.13868537384050703,-0.0007923376083347478,0.0006418168212787979,-0.8034280250560499,-0.5954010151375437
2025-06-09T21:50:30.670845,-0.022508240349158073,0.25171114420960194,0.13868414571031676,-0.0008023674670067926,0.0006614808953849891,-0.799894747511865,-0.6001394100976896
2025-06-09T21:50:30.716063,-0.03352453720003359,0.2874158156897562,0.13869383956270465,-0.0006723254141426382,0.0005748600684950823,-0.7940329139436634,-0.6078741227331315
2025-06-09T21:50:30.762701,-0.044256998268988386,0.32428891547811944,0.138698729182883,-0.0006029565460756726,0.0005360740136536737,-0.7858579922644455,-0.6184064723643748
2025-06-09T21:50:30.818344,-0.0540713338891875,0.36148322010772815,0.1386988500446833,-0.0005924719060999561,0.0005474516867960092,-0.7770235089417078,-0.6294710603559206
2025-06-09T21:50:30.864065,-0.06278726938536003,0.3989282713651616,0.13870321857834184,-0.0005431446615222213,0.0005196918914329887,-0.7682874117715613,-0.6401045913189267
2025-06-09T21:50:30.916156,-0.070369018358341,0.4366272560287583,0.13870191553078537,-0.0005539059306812755,0.000538999610061042,-0.7600264817798,-0.6498916445539669
2025-06-09T21:50:30.966130,-0.07693807675263127,0.4745489822046679,0.13870332138711,-0.0005313753954244717,0.0005328285481606619,-0.7520471251455517,-0.6591089100400922
2025-06-09T21:50:31.010859,-0.0825788404167048,0.5126220000296005,0.13870037592142265,-0.0005592680588064614,0.0005682146868495795,-0.7440312241272761,-0.6681443720297099
2025-06-09T21:50:31.068196,-0.08732678326422143,0.5508080055508924,0.13869689858773124,-0.000591025066417783,0.0006102403475073347,-0.7358343639462142,-0.6771610348594783
2025-06-09T21:50:31.115118,-0.09117369650708376,0.5891435184289018,0.13870293413844803,-0.0005153124851469681,0.0005513492656260548,-0.7274670308864174,-0.6861422224585295
2025-06-09T21:50:31.164784,-0.09404899278663248,0.6275249097523097,0.13870321149650805,-0.000504750250806707,0.0005527051289746115,-0.7189944222846364,-0.6950154390139883
2025-06-09T21:50:31.219667,-0.09598749131392817,0.6659305788622215,0.13869623255266061,-0.0005724221166518717,0.0006352825216445895,-0.7103247681576119,-0.7038735628583254
2025-06-09T21:50:31.260736,-0.09700150485212992,0.7044363977206386,0.13870467753762245,0.00047135013947768867,-0.0005460960336791925,0.7013309065844653,0.7128354922964906
2025-06-09T21:50:31.321504,-0.09706976105532986,0.742884092292127,0.13870335017043778,0.0004764194167017899,-0.0005672909787557167,0.6918307299066065,0.7220593413026223
2025-06-09T21:50:31.358192,-0.09616989982299574,0.7813005112324092,0.13870215868282737,0.00047763249524218637,-0.0005838164140429443,0.6816952758625959,0.7316358260037663
2025-06-09T21:50:31.410753,-0.09429807128068834,0.8196548856396921,0.1387045525575606,0.0004406003349050611,-0.0005620959747254399,0.6706199997954235,0.7418007183832099
2025-06-09T21:50:31.467430,-0.09139025872299586,0.8578616949666167,0.1387021530768681,0.00045087645038860424,-0.0005929178315979766,0.658223864528001,0.7528218841961858
2025-06-09T21:50:31.521545,-0.08757073497333759,0.893633234359787,0.13871384020506686,0.0003205422693519089,-0.00045456083987513457,0.645463177752046,0.7637911866428726
2025-06-09T21:50:31.567987,-0.08329629288306038,0.924991864856303,0.13871683160240364,0.0002832157575362593,-0.0004205089415590904,0.6327903834362104,0.7743229775692562
2025-06-09T21:50:31.614517,-0.07888786234903485,0.9519822944951943,0.13871736848317545,0.0002716280021583528,-0.00041709605222943675,0.6203583757881338,0.7843183268537209
2025-06-09T21:50:31.669350,-0.07462716236492642,0.9746409301539186,0.13871670573517164,0.0002723125969149587,-0.00042780195311719347,0.6082332727842213,0.7937581676490223
2025-06-09T21:50:31.713719,-0.07079958341813136,0.9930212369732242,0.1387176822566629,0.0002592512014599757,-0.0004186163386411592,0.5964820542389306,0.8026262620423535
2025-06-09T21:50:31.766476,-0.06763643762644936,1.007204419750898,0.13871610884946708,0.0002702715605024663,-0.00044332437508943915,0.5852621271895072,0.8108439880115009
2025-06-09T21:50:31.812605,-0.06535573241136058,1.0173034915890713,0.1387167574165457,0.0002623875679570453,-0.00044169066315791216,0.5748158073136733,0.8182826673738437
2025-06-09T21:50:31.866033,-0.06414016627816108,1.0234189139634982,0.13871528762322607,0.00027434047298646735,-0.00046744721524173065,0.5653102797488787,0.8248781690896241
2025-06-09T21:50:31.911002,-0.0637604261348925,1.0262731655425004,0.13870321532502722,0.00037645711200684495,-0.0006311697816234385,0.5577475981949674,0.8300102870522118
2025-06-09T21:50:31.970565,-0.06353964994361674,1.0276233035877471,0.13869763891492384,0.0004169354521271762,-0.0007038657128042012,0.5537057614677842,0.8327119913002745
2025-06-09T21:50:32.018147,-0.0634623095690464,1.0277994265321717,0.13869567357673085,0.00043407218887203664,-0.0007343664093742904,0.5528702218000667,0.8332669381021047
2025-06-09T21:50:32.062773,-0.06346694876504004,1.0277450054259814,0.13869096811621456,0.00047467675006962473,-0.0007927939224566843,0.5528222271567201,0.833298704739941
2025-06-09T21:50:32.118034,-0.06346548361714419,1.027727941901426,0.13869103726482085,0.00047513232616436246,-0.0007910451522181031,0.5528059945478875,0.8333094748583871
2025-06-09T21:50:32.164121,-0.06346580522301219,1.027716839763601,0.13869111385459923,0.0004750974294973065,-0.0007899848637908882,0.5528009843457077,0.8333127995613436
2025-06-09T21:50:32.218226,-0.06346698001247648,1.0277073754754475,0.13869113274248962,0.0004751962943158604,-0.0007897808146574874,0.5527995716081235,0.833313736875027
2025-06-09T21:50:32.262635,-0.06346843209432085,1.0276984578473316,0.13869114088619075,0.00047522288233603494,-0.0007896997111286016,0.5527992375066906,0.8333139585711978
2025-06-09T21:50:32.318252,-0.06346998563621559,1.0276896941617604,0.1386911442562607,0.00047522626585910777,-0.0007896699134733295,0.5527992012126183,0.8333139826740671
2025-06-09T21:50:32.375899,-0.0634715728413587,1.027680973490753,0.13869114586534678,0.0004752232985706373,-0.0007896559386893359,0.5527992384223582,0.8333139580050102
2025-06-09T21:50:32.427188,-0.06347317315250353,1.027672265359913,0.1386911469316374,0.00047521823409063524,-0.0007896461702873447,0.5527992850881505,0.833313927060256
2025-06-09T21:50:32.465886,-0.06347478061569564,1.0276635612976046,0.13869114782548783,0.00047521259832628004,-0.0007896376758901227,0.5527993235301634,0.8333139015700632
2025-06-09T21:50:32.514091,-0.06347639354996493,1.0276548590939993,0.13869114866518284,0.0004752068148649035,-0.0007896295892471768,0.5527993490596897,0.8333138846453828
2025-06-09T21:50:32.562679,-0.0634780115188175,1.027646158198349,0.13869114948625288,0.0004752010013571172,-0.0007896216676832155,0.5527993604718826,0.833313877085644
2025-06-09T21:50:32.616453,-0.06347963443572069,1.0276374584803902,0.13869115029886095,0.0004751951900142104,-0.0007896138468649333,0.5527993574542259,0.8333138790982059
2025-06-09T21:50:32.661741,-0.06348126230886442,1.0276287599108875,0.13869115110580624,0.0004751893892539494,-0.0007896061105696199,0.5527993399104556,0.8333138907469377
2025-06-09T21:50:32.719587,-0.06348289517114801,1.027620062483014,0.13869115190782713,0.00047518360114778824,-0.0007895984550784993,0.5527993077929322,0.8333139120634432
2025-06-09T21:50:32.771691,-0.06348453306173915,1.0276113661942896,0.1386911527051081,0.0004751778261453122,-0.0007895908797613257,0.5527992610637631,0.8333139430728577
2025-06-09T21:50:32.820781,-0.06348617602144534,1.0276026710428352,0.13869115349769112,0.00047517206430441883,-0.0007895833847014596,0.552799199686657,0.8333139837992517
2025-06-09T21:50:32.862626,-0.06348782409162289,1.027593977026741,0.1386911542855838,0.0004751663155917463,-0.0007895759701327744,0.5527991236255129,0.8333140342665694
2025-06-09T21:50:32.910718,-0.0634894773139433,1.0275852841440107,0.13869115506878588,0.0004751605799560576,-0.00078956863631302,0.5527990328442984,0.8333140944987071
2025-06-09T21:50:32.966249,-0.06349113573035362,1.0275765923925808,0.13869115584729602,0.000475154857339899,-0.0007895613835035238,0.552798927307087,0.8333141645194909
2025-06-09T21:50:33.010641,-0.06349279938307198,1.0275679017703359,0.1386911566211128,0.0004751491476845948,-0.0007895542119617392,0.5527988069781039,0.8333142443526447
2025-06-09T21:50:33.063737,-0.06349446831459361,1.0275592122751163,0.13869115739023513,0.0004751434509283614,-0.0007895471219486986,0.5527986718217333,0.833314334021785
2025-06-09T21:50:33.111334,-0.06349614256769051,1.0275505239047191,0.13869115815466232,0.000475137767007694,-0.0007895401137230984,0.5527985218025439,0.8333144335504058
2025-06-09T21:50:33.162127,-0.0634978221854187,1.0275418366568998,0.1386911589143939,0.0004751320958561456,-0.0007895331875416866,0.5527983568852853,0.8333145429618795
2025-06-09T21:50:33.216154,-0.06349950721111833,1.0275331505293706,0.13869115966942963,0.00047512643740799115,-0.0007895263436662653,0.5527981770349008,0.8333146622794488
2025-06-09T21:50:33.265254,-0.06350119768841532,1.0275244655198024,0.1386911604197697,0.0004751207915923983,-0.0007895195823548857,0.552797982216536,0.8333147915262208
2025-06-09T21:50:33.318351,-0.06350289366122747,1.0275157816258247,0.13869116116541463,0.00047511515833670304,-0.0007895129038661725,0.55279777239554,0.833314930725167
2025-06-09T21:50:33.367102,-0.06350459517376648,1.027507098845025,0.13869116190636535,0.00047510953756529917,-0.0007895063084609954,0.5527975475374682,0.83331507989912
2025-06-09T21:50:33.408675,-0.06350630227053897,1.0274984171749488,0.13869116264262318,0.0004751039292003045,-0.0007894997963950491,0.5527973076081002,0.8333152390707633
2025-06-09T21:50:33.469894,-0.06350801499635057,1.027489736613099,0.13869116337418966,0.0004750983331613945,-0.0007894933679291243,0.552797052573439,0.8333154082626305
2025-06-09T21:50:33.514154,-0.06350973339630944,1.0274810571569377,0.13869116410106683,0.00047509274936502477,-0.0007894870233215692,0.5527967823997221,0.8333155874970981
2025-06-09T21:50:33.561736,-0.0635114575158297,1.0274723788038842,0.13869116482325713,0.0004750871777252086,-0.0007894807628292379,0.5527964970534232,0.8333157767963856
2025-06-09T21:50:33.619807,-0.06351318740063094,1.027463701551315,0.1386911655407633,0.00047508161815335015,-0.0007894745867126159,0.5527961965012711,0.8333159761825409
2025-06-09T21:50:33.662633,-0.06351492309674726,1.0274550253965675,0.13869116625358863,0.0004750760705570789,-0.0007894684952279911,0.5527958807102438,0.8333161856774463
2025-06-09T21:50:33.711723,-0.06351666465052616,1.0274463503369344,0.13869116696173672,0.00047507053484147066,-0.0007894624886338518,0.5527955496475843,0.8333164053028064
2025-06-09T21:50:33.769578,-0.06351841210863289,1.0274376763696689,0.13869116766521186,0.0004750650109072163,-0.000789456567188404,0.5527952032808086,0.8333166350801438
2025-06-09T21:50:33.814179,-0.06352016551805491,1.0274290034919822,0.13869116836401857,0.00047505949865300756,-0.0007894507311466833,0.5527948415777114,0.8333168750307945
2025-06-09T21:50:33.862718,-0.06352192492610402,1.0274203317010449,0.13869116905816198,0.00047505399797342907,-0.0007894449807670139,0.5527944645063765,0.833317125175902
2025-06-09T21:50:33.922025,-0.06352369038041802,1.0274116609939847,0.13869116974764756,0.0004750485087607337,-0.000789439316305416,0.552794072035194,0.8333173855364047
2025-06-09T21:50:33.960762,-0.06352546192896741,1.0274029913678906,0.13869117043248153,0.000475043030902067,-0.0007894337380172747,0.5527936641328576,0.8333176561330388
2025-06-09T21:50:34.012882,-0.06352723962005988,1.0273943228198112,0.13869117111267057,0.0004750375642796345,-0.0007894282461561288,0.5527932407683731,0.8333179369863319
2025-06-09T21:50:34.058091,-0.06352902350233953,1.027385655346754,0.13869117178822174,0.0004750321087751973,-0.0007894228409787392,0.5527928019110819,0.8333182281165875
2025-06-09T21:50:34.123258,-0.0635308136247956,1.0273769889456879,0.13869117245914309,0.00047502666426235685,-0.0007894175227368266,0.5527923475306539,0.8333185295438906
2025-06-09T21:50:34.163840,-0.06353261003676218,1.027368323613541,0.13869117312544268,0.00047502123061438084,-0.000789412291684745,0.5527918775971137,0.8333188412880882
2025-06-09T21:50:34.216645,-0.06353441278792399,1.0273596593472032,0.13869117378712964,0.0004750158076982092,-0.0007894071480743387,0.5527913920808456,0.8333191633687888
2025-06-09T21:50:34.259411,-0.0635362219283207,1.0273509961435265,0.13869117444421358,0.0004750103953761187,-0.0007894020921592198,0.5527908909525998,0.8333194958053557
2025-06-09T21:50:34.315228,-0.06353803750834974,1.027342333999325,0.13869117509670464,0.0004750049935076106,-0.000789397124187016,0.5527903741835126,0.8333198386168955
2025-06-09T21:50:34.359006,-0.06353985957877155,1.0273336729113747,0.1386911757446138,0.0004749996019450252,-0.000789392244409881,0.552789841745114,0.8333201918222517
2025-06-09T21:50:34.418308,-0.06354168819071325,1.027325012876416,0.13869117638795264,0.000474994220537761,-0.0007893874530760626,0.5527892936093409,0.8333205554399972
2025-06-09T21:50:34.459872,-0.06354352339567305,1.027316353891153,0.13869117702673356,0.0004749888491282217,-0.0007893827504327548,0.5527887297485475,0.8333209294884258
2025-06-09T21:50:34.519884,-0.0635453652455235,1.0273076959522538,0.13869117766096967,0.0004749834875557579,-0.0007893781367267798,0.5527881501355266,0.8333213139855397
2025-06-09T21:50:34.563876,-0.06354721379251696,1.0272990390563534,0.13869117829067473,0.0004749781356532257,-0.0007893736122044398,0.5527875547435182,0.8333217089490428
2025-06-09T21:50:34.616415,-0.06354906908929155,1.0272903832000537,0.1386911789158635,0.0004749727932471525,-0.0007893691771082528,0.5527869435462199,0.8333221143963337
2025-06-09T21:50:34.663961,-0.06355093118887374,1.0272817283799225,0.1386911795365514,0.00047496746015895935,-0.0007893648316838577,0.5527863165178081,0.8333225303444929
2025-06-09T21:50:34.715355,-0.0635528001446827,1.0272730745924976,0.13869118015275483,0.00047496213620418226,-0.0007893605761707101,0.552785673632954,0.83332295681027
2025-06-09T21:50:34.767007,-0.06355467601053985,1.027264421834286,0.1386911807644909,0.0004749568211923627,-0.000789356410809916,0.5527850148668303,0.8333233938100819
2025-06-09T21:50:34.812627,-0.06355655884066704,1.0272557701017662,0.138691181371778,0.0004749515149250483,-0.0007893523358383297,0.5527843401951394,0.8333238413599918
2025-06-09T21:50:34.867278,-0.06355844868969564,1.0272471193913877,0.1386911819746351,0.0004749462171988461,-0.0007893483514940567,0.552783649594125,0.8333242994757026
2025-06-09T21:50:34.912702,-0.06356034561267306,1.0272384696995753,0.13869118257308222,0.00047494092780242525,-0.0007893444580122567,0.552782943040586,0.8333247681725475
2025-06-09T21:50:34.968290,-0.0635622496650637,1.027229821022728,0.13869118316714066,0.00047493564651757136,-0.0007893406556251201,0.5527822205119053,0.833325247465471
2025-06-09T21:50:35.016328,-0.06356416090275743,1.0272211733572212,0.13869118375683248,0.00047493037311818764,-0.0007893369445654355,0.5527814819860609,0.8333257373690213
2025-06-09T21:50:35.062903,-0.063566079382076,1.0272125266994094,0.13869118434218106,0.0004749251073709605,-0.0007893333250601736,0.5527807274416475,0.8333262378973361
2025-06-09T21:50:35.108305,-0.06356800515977536,1.027203881045627,0.13869118492321073,0.00047491984903502693,-0.0007893297973396761,0.552779956857901,0.8333267490641262
2025-06-09T21:50:35.172032,-0.06356993829305406,1.0271952363921906,0.13869118549994724,0.0004749145978599212,-0.0007893263616267467,0.5527791702147169,0.833327270882664
2025-06-09T21:50:35.208167,-0.06357187883955967,1.0271865927354018,0.13869118607241737,0.00047490935358646125,-0.0007893230181437781,0.552778367492672,0.8333278033657676
2025-06-09T21:50:35.258263,-0.06357382685739414,1.0271779500715486,0.13869118664064933,0.00047490411594791615,-0.0007893197671110598,0.5527775486730494,0.833328346525786
2025-06-09T21:50:35.317359,-0.06357578240511921,1.0271693083969082,0.13869118720467255,0.00047489888466678565,-0.0007893166087472,0.5527767137378636,0.8333289003745811
2025-06-09T21:50:35.360720,-0.06357774554176368,1.0271606677077487,0.13869118776451778,0.0004748936594572982,-0.0007893135432663244,0.5527758626698882,0.83332946492351
2025-06-09T21:50:35.409802,-0.06357971632683115,1.0271520280003335,0.13869118832021743,0.00047488844002169245,-0.0007893105708811585,0.5527749954526757,0.8333300401834118
2025-06-09T21:50:35.465042,-0.06358169482030578,1.0271433892709232,0.13869118887180526,0.00047488322605343536,-0.000789307691800451,0.5527741120705908,0.8333306261645851
2025-06-09T21:50:35.511657,-0.06358368108265852,1.0271347515157785,0.13869118941931657,0.00047487801723433687,-0.0007893049062311792,0.5527732125088408,0.833331222876768
2025-06-09T21:50:35.568295,-0.06358567517485583,1.0271261147311654,0.13869118996278829,0.00047487281323427266,-0.0007893022143742513,0.5527722967535005,0.8333318303291226
2025-06-09T21:50:35.618171,-0.06358767715836702,1.0271174789133564,0.13869119050225928,0.000474867613711294,-0.0007892996164313139,0.552771364791545,0.8333324485302116
2025-06-09T21:50:35.659760,-0.06358968709517139,1.027108844058635,0.1386911910377697,0.0004748624183124605,-0.0007892971125968014,0.5527704166108871,0.8333330774879742
2025-06-09T21:50:35.715323,-0.06359170504776543,1.0271002101633004,0.1386911915693617,0.0004748572266714546,-0.0007892947030652504,0.5527694522004098,0.8333337172097053
2025-06-09T21:50:35.764503,-0.06359373107917356,1.0270915772236724,0.1386911920970797,0.0004748520384070254,-0.0007892923880235716,0.5527684715500004,0.8333343677020313
2025-06-09T21:50:35.812702,-0.06359576525295299,1.0270829452360952,0.13869119262096957,0.0004748468531254324,-0.0007892901676573634,0.5527674746505897,0.8333350289708857
2025-06-09T21:50:35.859024,-0.06359780763320459,1.0270743141969418,0.1386911931410795,0.0004748416704185576,-0.0007892880421470816,0.552766461494198,0.833335701021478
2025-06-09T21:50:35.919630,-0.06359985828458171,1.0270656841026218,0.13869119365746,0.00047483648986162963,-0.0007892860116686929,0.5527654320739653,0.8333363838582725
2025-06-09T21:50:35.959841,-0.06360191727229719,1.0270570549495848,0.1386911941701635,0.00047483131101455633,-0.0007892840763951227,0.5527643863842078,0.8333370774849533
2025-06-09T21:50:36.017303,-0.06360398466213554,1.0270484267343258,0.1386911946792449,0.0004748261334208692,-0.0007892822364938075,0.5527633244204574,0.8333377819043959
2025-06-09T21:50:36.059732,-0.06360606052046042,1.027039799453396,0.13869119518476178,0.0004748209566072248,-0.0007892804921266444,0.5527622461795139,0.8333384971186334
2025-06-09T21:50:36.109945,-0.06360814491422732,1.027031173103406,0.138691195686774,0.00047481578008068404,-0.0007892788434509376,0.5527611516594892,0.8333392231288275
2025-06-09T21:50:36.159036,-0.06361023791099221,1.027022547681034,0.13869119618534423,0.0004748106033302114,-0.0007892772906197412,0.5527600408598681,0.8333399599352276
2025-06-09T21:50:36.208302,-0.06361233957892182,1.0270139231830346,0.13869119668053803,0.0004748054258241763,-0.0007892758337789355,0.5527589137815644,0.833340707537134
2025-06-09T21:50:36.259994,-0.0636144499868079,1.0270052996062475,0.13869119717242384,0.0004748002470094659,-0.0007892744730710662,0.5527577704269772,0.8333414659328605
2025-06-09T21:50:36.307540,-0.06361656920407552,1.0269966769476067,0.13869119766107302,0.00047479506631337154,-0.0007892732086322576,0.5527566108000596,0.8333422351196889
2025-06-09T21:50:36.365199,-0.0636186973007957,1.0269880552041495,0.13869119814656047,0.00047478988313798265,-0.0007892720405924664,0.5527554349063827,0.833343015093826
2025-06-09T21:50:36.406769,-0.06362083434769884,1.026979434373029,0.13869119862896445,0.00047478469686029756,-0.0007892709690733394,0.5527542427532063,0.8333438058503576
2025-06-09T21:50:36.457757,-0.06362298041618772,1.0269708144515233,0.13869119910836653,0.0004747795068347216,-0.0007892699941945205,0.5527530343495559,0.8333446073831972
2025-06-09T21:50:36.507325,-0.06362513557835092,1.0269621954370496,0.13869119958485218,0.0004747743123869608,-0.0007892691160669231,0.5527518097063013,0.833345419685033
2025-06-09T21:50:36.557771,-0.06362729990697676,1.026953577327178,0.1386912000585111,0.0004747691128139664,-0.0007892683347922167,0.5527505688362392,0.8333462427472745
2025-06-09T21:50:36.607122,-0.06362947347556698,1.0269449601196436,0.13869120052943668,0.0004747639073839349,-0.0007892676504687074,0.552749311754184,0.8333470765599914
2025-06-09T21:50:36.661712,-0.06363165635835485,1.0269363438123622,0.13869120099772686,0.00047475869533480925,-0.0007892670631866218,0.5527480384770652,0.8333479211118494
2025-06-09T21:50:36.709801,-0.06363384863031687,1.0269277284034484,0.13869120146348418,0.0004747534758696159,-0.0007892665730297359,0.5527467490240283,0.833348776390043
2025-06-09T21:50:36.756382,-0.06363605036719186,1.0269191138912328,0.1386912019268161,0.0004747482481570752,-0.0007892661800715579,0.5527454434165441,0.8333496423802232
2025-06-09T21:50:36.807214,-0.0636382616454996,1.0269105002742807,0.13869120238783514,0.00047474301132949254,-0.0007892658843804041,0.5527441216785202,0.833350519066424
2025-06-09T21:50:36.859611,-0.06364048254255741,1.0269018875514133,0.1386912028466592,0.00047473776447992677,-0.000789265686015998,0.5527427838364268,0.833351406430978
2025-06-09T21:50:36.910903,-0.06364271313650055,1.0268932757217295,0.13869120330341186,0.0004747325066595809,-0.0007892655850319568,0.5527414299194264,0.8333523044544314
2025-06-09T21:50:36.959643,-0.06364495350630191,1.0268846647846324,0.13869120375822291,0.00047472723687613794,-0.0007892655814705227,0.5527400599595159,0.8333532131154492
2025-06-09T21:50:37.008225,-0.06364720373179214,1.0268760547398528,0.1386912042112285,0.00047472195409081763,-0.0007892656753682966,0.5527386739916798,0.8333541323907141
2025-06-09T21:50:37.057836,-0.06364946389368384,1.02686744558748,0.13869120466257154,0.000474716657214047,-0.0007892658667516569,0.552737272054047,0.8333550622548215
2025-06-09T21:50:37.110613,-0.06365173407359294,1.0268588373279908,0.13869120511240213,0.0004747113451070706,-0.0007892661556446322,0.5527358541880771,0.8333560026801579
2025-06-09T21:50:37.165235,-0.06365401435406617,1.0268502299622861,0.13869120556087802,0.0004747060165717909,-0.000789266542057584,0.5527344204387379,0.8333569536367811
2025-06-09T21:50:37.208302,-0.06365630481860726,1.026841623491725,0.13869120600816526,0.0004747006703516022,-0.0007892670259958259,0.552732970854712,0.8333579150922846
2025-06-09T21:50:37.257713,-0.06365860555170225,1.026833017918167,0.1386912064544385,0.00047469530512683766,-0.0007892676074556181,0.5527315054886175,0.8333588870116508
2025-06-09T21:50:37.309797,-0.06366091663885425,1.0268244132440143,0.13869120689988165,0.0004746899195086085,-0.000789268286428723,0.5527300243972404,0.8333598693570975
2025-06-09T21:50:37.357837,-0.06366323816661103,1.02681580947226,0.13869120734468865,0.00047468451203419576,-0.0007892690628996658,0.5527285276417957,0.8333608620879032
2025-06-09T21:50:37.412813,-0.0636655702226014,1.026807206606542,0.1386912077890639,0.00047467908116460844,-0.0007892699368461794,0.5527270152882084,0.8333618651602228
2025-06-09T21:50:37.460891,-0.06366791289557219,1.0267986046511988,0.13869120823322334,0.0004746736252752015,-0.0007892709082432338,0.552725487407413,0.8333628785268881
2025-06-09T21:50:37.509689,-0.06367026627542595,1.0267900036113349,0.13869120867739504,0.00047466814265006985,-0.0007892719770591641,0.5527239440756876,0.8333639021371857
2025-06-09T21:50:37.556796,-0.06367263045326593,1.0267814034928866,0.13869120912182015,0.0004746626314762747,-0.0007892731432637099,0.5527223853750176,0.8333649359366173
2025-06-09T21:50:37.606371,-0.06367500552144072,1.0267728043027042,0.1386912095667539,0.0004746570898367386,-0.0007892744068239378,0.55272081139349,0.8333659798666369
2025-06-09T21:50:37.658490,-0.06367739157359177,1.0267642060486333,0.1386912100124669,0.00047465151569719966,-0.0007892757677096106,0.5527192222257349,0.8333670338643592
2025-06-09T21:50:37.707227,-0.06367978870471155,1.0267556087396117,0.13869121045924634,0.0004746459068995512,-0.0007892772258936957,0.5527176179733955,0.8333680978622469
2025-06-09T21:50:37.757883,-0.0636821970112004,1.026747012385771,0.13869121090739703,0.00047464026115195956,-0.0007892787813592824,0.5527159987456685,0.8333691717877534
2025-06-09T21:50:37.808144,-0.06368461659093441,1.0267384169985574,0.13869121135724347,0.00047463457601376596,-0.0007892804340988481,0.5527143646598821,0.8333702555629392
2025-06-09T21:50:37.859746,-0.06368704754333412,1.0267298225908588,0.13869121180913102,0.0004746288488851613,-0.0007892821841256973,0.552712715842151,0.8333713491040375
2025-06-09T21:50:37.907831,-0.06368948996944414,1.0267212291771532,0.1386912122634282,0.0004746230769887006,-0.0007892840314734053,0.5527110524281057,0.8333724523209706
2025-06-09T21:50:37.961079,-0.06369194397202345,1.0267126367736725,0.13869121272052892,0.000474617257351706,-0.0007892859762072804,0.5527093745636937,0.8333735651168193
2025-06-09T21:50:38.007180,-0.06369440965564385,1.0267040453985858,0.1386912131808546,0.0004746113867900026,-0.0007892880184339527,0.5527076824060916,0.8333746873872176
2025-06-09T21:50:38.056783,-0.06369688712679836,1.0266954550722118,0.13869121364485737,0.00047460546187966235,-0.0007892901583112273,0.5527059761247289,0.8333758190196737
2025-06-09T21:50:38.107355,-0.06369937649402921,1.0266868658172554,0.13869121411302301,0.0004745994789339125,-0.0007892923960655753,0.5527042559024424,0.8333769598928061
2025-06-09T21:50:38.160815,-0.06370187786807133,1.0266782776590802,0.1386912145858747,0.00047459343397199266,-0.0007892947320059326,0.5527025219367839,0.8333781098754739
2025-06-09T21:50:38.211917,-0.06370439136201392,1.0266696906260182,0.13869121506397736,0.0004745873226839614,-0.0007892971665477256,0.552700774441522,0.8333792688257837
2025-06-09T21:50:38.257717,-0.0637069170914915,1.0266611047497285,0.13869121554794261,0.00047458114038734234,-0.0007892997002423132,0.5526990136483466,0.8333804365899581
2025-06-09T21:50:38.307286,-0.06370945517490063,1.0266525200656116,0.13869121603843423,0.0004745748819812712,-0.0007893023338114241,0.5526972398088567,0.833381613001018
2025-06-09T21:50:38.358470,-0.06371200573366133,1.026643936613292,0.1386912165361755,0.0004745685418847678,-0.0007893050681911855,0.5526954531968407,0.8333827978772704
2025-06-09T21:50:38.406320,-0.06371456889252132,1.0266353544371825,0.13869121704195675,0.0004745621139695676,-0.0007893079045898869,0.5526936541109506,0.8333839910205358
2025-06-09T21:50:38.460849,-0.06371714477992302,1.02662677358715,0.13869121755664526,0.0004745555914742461,-0.0007893108445617021,0.5526918428778425,0.8333851922140662
2025-06-09T21:50:38.509932,-0.06371973352844328,1.0266181941193073,0.13869121808119708,0.0004745489669010228,-0.0007893138901017155,0.5526900198558943,0.8333864012200776
2025-06-09T21:50:38.557635,-0.06372233527533831,1.0266096160969589,0.13869121861667105,0.00047454223188864164,-0.0007893170437730354,0.5526881854396487,0.8333876177768081
2025-06-09T21:50:38.612640,-0.063724950163214,1.0266010395917482,0.1386912191642463,0.0004745353770539418,-0.0007893203088755088,0.5526863400651684,0.8333888415949634
2025-06-09T21:50:38.659240,-0.06372757834087024,1.0265924646850564,0.13869121972524467,0.0004745283917872989,-0.0007893236896677498,0.5526844842165759,0.8333900723533824
2025-06-09T21:50:38.713231,-0.06373021996439027,1.0265838914697338,0.13869122030115838,0.0004745212639922225,-0.0007893271916813663,0.5526826184341034,0.8333913096936985
2025-06-09T21:50:38.759064,-0.06373287519855089,1.0265753200522665,0.1386912208936865,0.0004745139797391884,-0.0007893308221521369,0.552680743324178,0.8333925532136522
2025-06-09T21:50:38.809676,-0.06373554421871402,1.0265667505555343,0.1386912215047829,0.0004745065228036194,-0.0007893345906385183,0.5526788595722382,0.8333938024585941
2025-06-09T21:50:38.858266,-0.06373822721340824,1.0265581831223836,0.13869122213672122,0.00047449887402184476,-0.0007893385099199042,0.5526769679593059,0.8333950569104931
2025-06-09T21:50:38.907447,-0.06374092438797763,1.0265496179203446,0.13869122279218496,0.0004744910103816058,-0.0007893425973702237,0.5526750693838997,0.8333963159734069
2025-06-09T21:50:38.960710,-0.06374363596990788,1.0265410551480332,0.13869122347439838,0.00047448290366536305,-0.0007893468770833089,0.5526731648917692,0.8333975789537652
2025-06-09T21:50:39.012800,-0.06374636221697061,1.0265324950440844,0.13869122418732313,0.0004744745183542509,-0.0007893513833710987,0.5526712557174608,0.8333988450328031
2025-06-09T21:50:39.059879,-0.06374910343041593,1.0265239379000972,0.13869122493597347,0.00047446580816212785,-0.0007893561668248394,0.552669343344704,0.8334001132265179
2025-06-09T21:50:39.107287,-0.06375185997794922,1.0265153840802843,0.13869122572695788,0.00047445670986173694,-0.0007893613056523746,0.5526674295985247,0.8334013823245793
2025-06-09T21:50:39.160087,-0.06375463233818277,1.0265068340531596,0.1386912265695211,0.0004744471309537923,-0.0007893669292062961,0.5526655167949076,0.8334026507910739
2025-06-09T21:50:39.208301,-0.06375742120088712,1.0264982884469667,0.1386912274779006,0.0004744369206238219,-0.0007893732747979473,0.5526636080061499,0.8334039165885089
2025-06-09T21:50:39.258464,-0.06376022776017329,1.0264897481580053,0.138691228478451,0.0004744257788817374,-0.000789380863842355,0.5526617075931742,0.8334051768247117
2025-06-09T21:50:39.307269,-0.06376305526756107,1.0264812145789843,0.13869122965323938,0.00047441270268977476,-0.0007893914453171087,0.5526598224163676,0.8334064269493262
2025-06-09T21:50:39.356864,-0.06376590242264557,1.026472691986232,0.13869123082506774,0.0004743998026927598,-0.0007894037944909927,0.5526579752397995,0.833407651866913
2025-06-09T21:50:39.407804,-0.06376877016288511,1.0264641821921088,0.1386912323679775,0.00047438433971813687,-0.0007894136878967557,0.5526561690256564,0.8334088496190888
2025-06-09T21:50:39.460942,-0.06377170392546874,1.0264556919575285,0.1386912340815436,0.00047436305113562893,-0.0007894530242355479,0.5526544721057018,0.8334099748654238
2025-06-09T21:50:39.509661,-0.06377465241707972,1.0264472318400586,0.1386912374316634,0.0004743334523937826,-0.000789466100032135,0.5526528909219727,0.8334110233892033
2025-06-09T21:50:39.560103,-0.0637776375583736,1.0264388055634899,0.13869123991562754,0.0004743109629479769,-0.0007894874652193402,0.5526514803812536,0.833411958740131
2025-06-09T21:50:39.609175,-0.06378066715879951,1.0264304346074338,0.1386912423245137,0.00047429063922532766,-0.000789507893517303,0.5526502947398414,0.8334127449527288
2025-06-09T21:50:39.659252,-0.06378369884488574,1.0264220923078482,0.1386912450434336,0.00047427117589848855,-0.0007895046688135509,0.5526492071194604,0.8334134661855791
2025-06-09T21:50:39.708549,-0.06378675201997837,1.026413759522503,0.13869124753228151,0.0004742533854504849,-0.000789497360701516,0.5526481594893355,0.8334141609012256
2025-06-09T21:50:39.756909,-0.0637898312143023,1.0264054333925512,0.13869124982356934,0.00047423632973608854,-0.0007894894581342267,0.5526471432159027,0.8334148348221314
2025-06-09T21:50:39.807491,-0.0637929351730052,1.0263971141006327,0.1386912520347331,0.0004742196409429078,-0.0007894808423023565,0.5526461566019619,0.8334154890742143
2025-06-09T21:50:39.860059,-0.06379606328147329,1.0263888012492823,0.13869125420974346,0.00047420328110220344,-0.0007894716467766888,0.5526451974619667,0.8334161251067747
2025-06-09T21:50:39.907072,-0.06379921575646119,1.0263804941355223,0.13869125635466056,0.00047418724956421743,-0.0007894620978730652,0.552644263720535,0.8334167442959353
2025-06-09T21:50:39.957698,-0.06380239312263178,1.0263721921138194,0.1386912584662773,0.0004741715555136583,-0.0007894523759492746,0.5526433540224432,0.8334173475402984
2025-06-09T21:50:40.008284,-0.06380559604703046,1.0263638946863627,0.13869126054093744,0.0004741562213689821,-0.0007894426144150628,0.5526424678456896,0.8334179351859801
2025-06-09T21:50:40.057355,-0.06380882538224,1.0263556015180388,0.13869126257523795,0.0004741412868378147,-0.0007894329195278371,0.5526416056205643,0.8334185069476382
2025-06-09T21:50:40.108527,-0.06381208229203025,1.0263473125040512,0.13869126456525213,0.0004741268242852148,-0.0007894233802314124,0.552640769185084,0.8334190616064646
2025-06-09T21:50:40.156330,-0.06381536848740885,1.0263390280676616,0.13869126650378563,0.0004741130213052336,-0.0007894140808503773,0.5526399633649169,0.8334195959624872
2025-06-09T21:50:40.207643,-0.0638186891506887,1.026330752757032,0.13869126853447505,0.00047409920966529073,-0.0007894037856306344,0.5526392060919436,0.8334200981267904
2025-06-09T21:50:40.258411,-0.06382196957547398,1.0263224988686825,0.13869126646625987,0.00047413373690940997,-0.0007893007893323808,0.5526385402704701,0.8334205397092079
2025-06-09T21:50:40.312751,-0.06382505766172893,1.0263139395581014,0.1386912661081394,0.00047414958269853535,-0.0007890488940567879,0.5526365576658699,0.8334218545941986
2025-06-09T21:50:40.357135,-0.06382828004607866,1.0263052823433791,0.13869126240189156,0.0004741659362654249,-0.000789078018919067,0.5526339638931086,0.8334235744651908
2025-06-09T21:50:40.406215,-0.06383150406298305,1.0262966189358438,0.1386912611388877,0.00047416426106572374,-0.000789102083314573,0.5526312226989559,0.8334253920924253
2025-06-09T21:50:40.459888,-0.06383473987427368,1.0262879590950638,0.13869126084734765,0.0004741587149311721,-0.000789124074888192,0.5526284594858969,0.8334272243111285
2025-06-09T21:50:40.509837,-0.06383799659894009,1.0262793049581709,0.13869126090011955,0.0004741510850145847,-0.0007891535776271233,0.5526257027088467,0.8334290522431606
2025-06-09T21:50:40.558256,-0.06384131252564361,1.026270666378323,0.13869126158362272,0.0004741309374070579,-0.0007892325450514382,0.5526229838360899,0.8334308549891472
2025-06-09T21:50:40.607398,-0.06384458456847217,1.02626207148708,0.13869126250024566,0.00047412436481142356,-0.000789231469366149,0.5526204955788163,0.8334325048772685
2025-06-09T21:50:40.656738,-0.06384788205166905,1.0262534762803033,0.1386912632385983,0.00047412045218858656,-0.0007892227199982752,0.5526180311931536,0.833434138932104
2025-06-09T21:50:40.708957,-0.06385122114525037,1.0262448664981974,0.1386912639267031,0.00047411127512531076,-0.000789232148144941,0.5526154853682828,0.833435826961076
2025-06-09T21:50:40.756307,-0.06385456496302477,1.026236249623557,0.13869126353370106,0.00047411287602289187,-0.0007892321037277234,0.5526129290146876,0.8334375219627894
2025-06-09T21:50:40.812809,-0.06385794742348505,1.0262276239500068,0.13869126411712102,0.00047410362822009045,-0.0007892406545174679,0.5526102974535382,0.8334392668174754
2025-06-09T21:50:40.861000,-0.06386134070368643,1.026218990112639,0.1386912637419852,0.00047410356421329075,-0.0007892484639600287,0.5526076459934575,0.8334410248495344
2025-06-09T21:50:40.907648,-0.06386474894728626,1.0262103481837834,0.1386912635401703,0.0004741060535920494,-0.0007892323358752612,0.5526049811044752,0.8334427917945495
2025-06-09T21:50:40.958613,-0.06386820111091032,1.0262016862467678,0.13869126364772588,0.00047410136970132966,-0.0007892316032862741,0.5526021956446822,0.8334446386593679
2025-06-09T21:50:41.008680,-0.06387167713913618,1.0261930082363029,0.13869126281849223,0.0004741014943154265,-0.0007892561763771582,0.552599322936404,0.8334465433323779
2025-06-09T21:50:41.061760,-0.06387517776746747,1.026184330243838,0.13869126275352167,0.0004740957750287155,-0.0007892777156887149,0.5525964256583848,0.8334484642876612
2025-06-09T21:50:41.108267,-0.0638786941733251,1.0261756500320258,0.1386912627105988,0.00047409328335179534,-0.0007892822703709033,0.5525935402480572,0.8334503773741874
2025-06-09T21:50:41.160828,-0.06388224333244782,1.0261669602176418,0.1386912624733147,0.0004740905141524254,-0.0007892984829345234,0.5525906065435265,0.833452322455188
2025-06-09T21:50:41.207404,-0.06388581259012907,1.0261582559609488,0.13869126201957935,0.0004740933155236715,-0.0007892901794541675,0.5525876553955476,0.8334542791065341
2025-06-09T21:50:41.258145,-0.06388943759388074,1.026149540559819,0.13869126164992462,0.00047408495327611044,-0.0007893403074380361,0.5525845616449846,0.8334563302398971
2025-06-09T21:50:41.308312,-0.06389307110044865,1.0261408355307078,0.13869126152836164,0.00047407808714994287,-0.0007893795868860648,0.5525815187919084,0.8334583476212012
2025-06-09T21:50:41.364014,-0.06389672408335206,1.0261321434942992,0.13869126122000214,0.0004740745468672647,-0.0007894199771895079,0.5525785566540801,0.8334603114699088
2025-06-09T21:50:41.409917,-0.06390039144206812,1.0261234563085586,0.13869126157093922,0.00047407179139907774,-0.0007894188034918232,0.5525756770003527,0.8334622206563962
2025-06-09T21:50:41.457939,-0.06390409087301016,1.0261147332791947,0.1386912613564686,0.0004740868838609136,-0.0007893329023099945,0.5525728676354172,0.8334640832983553
2025-06-09T21:50:41.508080,-0.06390788847041505,1.0261059549700078,0.13869125992063897,0.0004740911258601098,-0.0007893375175750774,0.5525696852434308,0.8334661931559454
2025-06-09T21:50:41.558135,-0.06391171024377912,1.026097144941588,0.13869125773083768,0.00047409725431002414,-0.0007893807335842535,0.5525662704587289,0.8334684570283281
2025-06-09T21:50:41.614646,-0.06391555616155607,1.026088330144711,0.13869125646168906,0.00047409798414144156,-0.000789420357528037,0.5525627952183555,0.8334707609671009
2025-06-09T21:50:41.656264,-0.06391943986803089,1.0260795187377065,0.13869125579195973,0.00047409209968024557,-0.0007894752437914352,0.5525592887284902,0.8334730855914817
2025-06-09T21:50:41.708343,-0.06392334075331144,1.0260707101946294,0.13869125480689695,0.00047409157958760995,-0.0007895322275203265,0.5525558262490712,0.8334753810126863
2025-06-09T21:50:41.758792,-0.06392727371115381,1.0260619065545724,0.1386912545019769,0.0004740899301060031,-0.0007895609292643338,0.5525524604186902,0.8334776123673202
2025-06-09T21:50:41.811880,-0.06393125876199858,1.026053091683988,0.13869125402860738,0.0004740887473168587,-0.0007895901411781155,0.552549095406456,0.8334798431592548
2025-06-09T21:50:41.863394,-0.06393528889150216,1.0260442639493963,0.13869125288804765,0.0004740902822499838,-0.0007896405491796667,0.552545683067028,0.8334821052849299
2025-06-09T21:50:41.910008,-0.06393936189948536,1.0260354231743336,0.13869125208975683,0.00047409290855127134,-0.000789667314264723,0.5525423049614107,0.8334843447176309
2025-06-09T21:50:41.957329,-0.06394350871334345,1.0260265627159608,0.13869125148653924,0.0004740921639014295,-0.0007896974655777235,0.5525388886594944,0.833486609450604
2025-06-09T21:50:42.011776,-0.06394772260893984,1.0260176880874508,0.13869124989731457,0.00047409211151161484,-0.0007897905875241881,0.5525353551721213,0.833488951787794
2025-06-09T21:50:42.056367,-0.06395200052406654,1.0260087874811235,0.13869124967332652,0.0004740910451556668,-0.0007898270511070133,0.552531960074069,0.8334912024176486
2025-06-09T21:50:42.108384,-0.06395655443115811,1.0259997714000109,0.1386912525515355,0.0004740583097199158,-0.0007899174211196682,0.5525286416918359,0.8334934021390701
2025-06-09T21:50:42.158542,-0.06396123737671604,1.0259907094996712,0.138691242895211,0.0004741389763798232,-0.0007900436826872477,0.5525250286704827,0.833495797059525
2025-06-09T21:50:42.209868,-0.06396420936483052,1.0259821170269972,0.13869123109460885,0.00047426848363751883,-0.000789552838700897,0.5525216887804897,0.8334980114570617
2025-06-09T21:50:42.257527,-0.06396688252463492,1.0259735988651255,0.13869124375610362,0.00047417247182701683,-0.0007892714537257089,0.5525193856154073,0.8334995385302936
2025-06-09T21:50:42.307605,-0.06396971086858275,1.025965039648241,0.1386912447384527,0.0004741768886132869,-0.0007892600893086707,0.5525173068730712,0.8335009165145041
2025-06-09T21:50:42.358371,-0.06397258580810813,1.0259564767804907,0.13869124562562968,0.00047417139584354784,-0.0007892665512250433,0.5525152231562087,0.8335022977775427
2025-06-09T21:50:42.410888,-0.0639754830356726,1.0259479126514173,0.13869124637179814,0.00047416280651879644,-0.0007892756708765242,0.5525131214978711,0.8335036909253775
2025-06-09T21:50:42.460396,-0.06397840006317519,1.0259393510293964,0.13869124716950196,0.00047415242013165715,-0.000789287747855317,0.5525110158083726,0.8335050867359682
2025-06-09T21:50:42.507036,-0.06398133937174874,1.0259307962424065,0.13869124803374794,0.00047414071434614957,-0.0007893057980645365,0.5525089285635311,0.8335064703075311
2025-06-09T21:50:42.558406,-0.06398436394792875,1.025922255682443,0.1386912499597229,0.0004741127617990948,-0.0007893680651244147,0.5525069228511555,0.8335077997935558
2025-06-09T21:50:42.607358,-0.0639873202358121,1.02591376946283,0.13869125138029254,0.0004741040058953704,-0.0007893549833275801,0.5525051087410341,0.8335090023264056
2025-06-09T21:50:42.666487,-0.0639903006868826,1.0259052814071696,0.1386912529213555,0.00047409415947541333,-0.0007893424157278065,0.5525032830093662,0.8335102125572014
2025-06-09T21:50:42.708344,-0.06399336310678241,1.0258967812627744,0.1386912549847272,0.00047407055201037496,-0.0007893746442577351,0.5525014305576398,0.8335114404593043
2025-06-09T21:50:42.757022,-0.06399641405619443,1.0258883134075216,0.1386912564598083,0.0004740558540372585,-0.0007893839689073256,0.5524996977981256,0.8335125890332892
2025-06-09T21:50:42.806263,-0.0639994593431999,1.0258798652352337,0.13869125742732366,0.00047404966773323393,-0.0007893758231175995,0.5524980266912991,0.8335136967470559
2025-06-09T21:50:42.861036,-0.06400251398574919,1.0258714018673643,0.13869125930482365,0.00047403673016155334,-0.0007893537956564376,0.5524962761826373,0.8335148571045887
2025-06-09T21:50:42.915563,-0.06400562233631119,1.0258629276540199,0.13869126063399811,0.00047402230461851547,-0.0007893646255664282,0.5524944957956763,0.8335160372313325
2025-06-09T21:50:42.962946,-0.06400868818557563,1.0258544651740311,0.13869126097479922,0.00047402284144465456,-0.000789332209757835,0.5524927315085338,0.8335172067133634
2025-06-09T21:50:43.008222,-0.06401179561753367,1.0258459704394869,0.13869126248412655,0.0004740107407555372,-0.0007893153703890342,0.5524908149356369,0.8335184771238247
2025-06-09T21:50:43.059823,-0.06401492331610602,1.0258374673429782,0.13869126232402076,0.0004740095759717122,-0.0007893164737508111,0.5524888706369496,0.8335197658824499
2025-06-09T21:50:43.108422,-0.06401805048391639,1.0258289517191683,0.138691263949545,0.00047399757663463277,-0.0007892857202664678,0.5524868315159596,0.8335211175224086
2025-06-09T21:50:43.158246,-0.06402136910595858,1.0258204391040573,0.13869126623155303,0.0004739806140505731,-0.0007893692900814872,0.5524852180713642,0.8335221868979485
2025-06-09T21:50:43.209207,-0.06402497086712633,1.0258122198558663,0.1386912723680907,0.0004739372832640586,-0.000789383665875432,0.552484812261883,0.8335224558923602
2025-06-09T21:50:43.257294,-0.06402858543156378,1.0258039085267514,0.13869127295493586,0.000473927478753966,-0.0007893958472126844,0.5524843105844062,0.8335227884137391
2025-06-09T21:50:43.308470,-0.0640322122142552,1.0257955862537789,0.13869127308861545,0.0004739234257743474,-0.0007894068592786574,0.5524837908379001,0.8335231329092077
2025-06-09T21:50:43.358286,-0.06403585190385855,1.025787259620492,0.13869127348501512,0.0004739187577983972,-0.0007894148966749504,0.5524832459782721,0.8335234940530736
2025-06-09T21:50:43.409087,-0.06403950793108186,1.0257789270167086,0.13869127391985075,0.00047391413944086747,-0.0007894230778867164,0.5524826755207113,0.8335238721632807
2025-06-09T21:50:43.460169,-0.06404318215134708,1.0257705878274623,0.13869127435494805,0.00047390951108661206,-0.0007894316915656578,0.5524820804795316,0.8335242665671997
2025-06-09T21:50:43.508310,-0.06404687567533252,1.0257622416520384,0.1386912747817265,0.00047390488292048394,-0.0007894408080004816,0.5524814612420806,0.8335246770079384
2025-06-09T21:50:43.557045,-0.0640505893927885,1.0257538880958652,0.13869127519769134,0.00047390027743665636,-0.0007894504894557548,0.5524808176637538,0.833525103581195
2025-06-09T21:50:43.606791,-0.06405432419027642,1.025745526725839,0.13869127560135497,0.00047389571076184023,-0.0007894608048652485,0.5524801493620982,0.8335255465403125
2025-06-09T21:50:43.658353,-0.06405808102804868,1.0257371570588245,0.1386912759910068,0.00047389119600194096,-0.0007894718354038019,0.5524794558589234,0.8335260062020762
2025-06-09T21:50:43.715539,-0.0640618609724577,1.0257287785536306,0.13869127636459674,0.0004738867460062357,-0.0007894836776606677,0.5524787366228421,0.8335264829185111
2025-06-09T21:50:43.755687,-0.06406566522172777,1.0257203905992411,0.13869127671975032,0.0004738823746249788,-0.0007894964479140679,0.552477991072125,0.8335269770749852
2025-06-09T21:50:43.810849,-0.06406949513783708,1.025711992497583,0.1386912770537425,0.0004738780972859957,-0.0007895102885269647,0.5524772185631972,0.8335274890978261
2025-06-09T21:50:43.863238,-0.06407335229077123,1.0257035834389094,0.13869127736342607,0.0004738739313864815,-0.0007895253775743004,0.5524764183712106,0.8335280194671888
2025-06-09T21:50:43.911858,-0.06407723852233496,1.0256951624660045,0.1386912776451205,0.00047386989664011114,-0.0007895419437381959,0.5524755896615519,0.8335285687359257
2025-06-09T21:50:43.966454,-0.06408115604197505,1.0256867284200162,0.13869127789446228,0.0004738660153196794,-0.0007895602905033324,0.5524747314468269,0.8335291375580723
2025-06-09T21:50:44.008195,-0.06408510757840583,1.0256782798539297,0.13869127810621956,0.0004738623120135177,-0.0007895808378722602,0.5524738425183917,0.8335297267341899
2025-06-09T21:50:44.056304,-0.06408909663719138,1.0256698148838883,0.13869127827413436,0.0004738588114874265,-0.000789604200284741,0.5524729213292414,0.833530337288912
2025-06-09T21:50:44.108386,-0.06409312798362472,1.0256613309066716,0.1386912783911457,0.00047385552919299023,-0.000789631348997385,0.5524719657732786,0.8335309706170967
2025-06-09T21:50:44.160984,-0.06409720869201359,1.025652823975905,0.1386912784520819,0.0004738524282080214,-0.0007896640093791418,0.5524709727052541,0.8335316288016544
2025-06-09T21:50:44.208532,-0.06410135108453059,1.0256442870232252,0.13869127847578377,0.00047384915489373514,-0.0007897059331734392,0.5524699366147106,0.8335323154914004
2025-06-09T21:50:44.259906,-0.06410558857665594,1.0256357001679546,0.13869127899489214,0.00047384007560957725,-0.0007897707529851267,0.5524688432998378,0.8335330400894015
2025-06-09T21:50:44.308490,-0.06410994606255445,1.0256270412347157,0.13869127430101244,0.0004738801947006821,-0.0007898688210747644,0.5524676807378508,0.8335338105229727
2025-06-09T21:50:44.359852,-0.06411442574029616,1.0256183251609616,0.13869127412235854,0.00047387697815093343,-0.0007899641057660448,0.5524664867027438,0.8335346018418481
2025-06-09T21:50:44.407429,-0.06411878699597627,1.0256097024363102,0.13869127193018171,0.0004738976976677023,-0.0007899155335373537,0.5524653410418436,0.8335353612186718
2025-06-09T21:50:44.456382,-0.06412303757255494,1.0256011530451925,0.1386912748816585,0.0004738711462322076,-0.0007898247028562061,0.5524642679121464,0.8335360725867668
2025-06-09T21:50:44.508469,-0.0641274481776796,1.0255924776575445,0.13869128526404714,0.00047376911027152685,-0.0007899073137706428,0.5524631606247506,0.8335368064709422
2025-06-09T21:50:44.559915,-0.06413220057107949,1.025583547562856,0.13869127006819454,0.0004739079517775968,-0.0007901996230035001,0.552461864867684,0.8335376649334629
2025-06-09T21:50:44.607958,-0.06413686461452829,1.0255747491053444,0.13869127073520646,0.0004738999800115163,-0.0007901853803873495,0.5524606265652895,0.8335384856867507
2025-06-09T21:50:44.657823,-0.06414149366603719,1.025565976790434,0.1386912710936281,0.0004738940498872356,-0.0007901597046784193,0.5524594045709218,0.8335392956383119
2025-06-09T21:50:44.709070,-0.06414608826078569,1.0255572251896459,0.1386912712737954,0.00047389040262207915,-0.000790132824370226,0.5524581867356667,0.833540102830539
2025-06-09T21:50:44.763391,-0.06415064436775558,1.0255484968306032,0.13869127153356597,0.0004738865508784329,-0.0007901017102122629,0.5524569727207415,0.8335409074922829
2025-06-09T21:50:44.811826,-0.06415515495131882,1.0255397956291679,0.13869127186535019,0.0004738824401286922,-0.0007900646236701069,0.5524557658017379,0.8335417074542454
2025-06-09T21:50:44.858405,-0.06415960653194157,1.0255311292452451,0.13869127223430297,0.0004738785581712701,-0.0007900173450883331,0.5524545726684199,0.8335424982863563
2025-06-09T21:50:44.908330,-0.06416395484936241,1.0255225230687224,0.1386912714075396,0.0004738875025884215,-0.0007899415959646224,0.5524534146152801,0.8335432658853573
2025-06-09T21:50:44.957412,-0.06416813025429727,1.0255140144748918,0.13869127361211037,0.00047387125242620565,-0.0007898128026555321,0.5524523597654671,0.8335439651460143
2025-06-09T21:50:45.012141,-0.06417228681053627,1.0255055017762136,0.13869127869659945,0.00047382449688515566,-0.0007897669472984981,0.5524513026173845,0.833544665866725
2025-06-09T21:50:45.057354,-0.06417666974544248,1.0254968230278494,0.1386912772451212,0.0004738329515545092,-0.000789914104816647,0.5524500940155017,0.8335454667504973
2025-06-09T21:50:45.108207,-0.06418101108724979,1.0254881919229946,0.1386912739198026,0.000473863990287704,-0.0007899218145135972,0.5524488898389005,0.8335462648181036
2025-06-09T21:50:45.157299,-0.06418522935038726,1.025479659233689,0.13869127986985466,0.0004738090359214242,-0.0007898261098960955,0.5524477826084409,0.8335469987773519
2025-06-09T21:50:45.208689,-0.06418961802879622,1.0254709866277654,0.13869127498833425,0.0004738513389062059,-0.0007899324878398867,0.552446555400764,0.8335478120044487
2025-06-09T21:50:45.259185,-0.06419446398594877,1.0254619641365488,0.1386912735693104,0.00047386360801071614,-0.0007903365039121921,0.5524453481750482,0.8335486117205411
2025-06-09T21:50:45.312257,-0.06419944901446614,1.0254529031985067,0.13869126478731458,0.00047394599330585757,-0.0007905222978090597,0.5524440435096584,0.8335494761802631
2025-06-09T21:50:45.357458,-0.06420437860020475,1.0254439311120225,0.13869126559204983,0.00047393547451696216,-0.0007905101960135894,0.5524427634442146,0.8335503245736972
2025-06-09T21:50:45.410923,-0.06420929031200182,1.0254349709185875,0.13869126539900228,0.0004739333368787846,-0.0007905017276633106,0.5524414852506635,0.8335511717154812
2025-06-09T21:50:45.457530,-0.06421418681338169,1.0254260210743698,0.1386912651569076,0.0004739322873544837,-0.0007904931148766754,0.5524402021572279,0.8335520221013825
2025-06-09T21:50:45.507438,-0.06421906906933797,1.0254170812929608,0.13869126495183853,0.0004739311379213794,-0.0007904838538097029,0.5524389127490629,0.8335528766702126
2025-06-09T21:50:45.556718,-0.0642239369884881,1.0254081516998916,0.1386912647714683,0.0004739298231436484,-0.0007904739918244265,0.5524376169463879,0.8335537354747965
2025-06-09T21:50:45.608254,-0.06422879004278427,1.025399232610632,0.13869126461701334,0.0004739283179551746,-0.0007904634462098972,0.5524363149191839,0.8335545984025294
2025-06-09T21:50:45.659944,-0.06423362757243443,1.0253903243690503,0.13869126449081132,0.0004739266147196219,-0.0007904521509264173,0.5524350068581448,0.8335554653270546
2025-06-09T21:50:45.710167,-0.0642384488493177,1.0253814273407147,0.13869126439468532,0.0004739247069525665,-0.0007904400454676937,0.5524336929623175,0.8335563361164756
2025-06-09T21:50:45.757451,-0.06424325307312051,1.0253725419252464,0.13869126433022766,0.00047392258655348796,-0.0007904270632090435,0.5524323734552777,0.8335572106226473
2025-06-09T21:50:45.812065,-0.06424803935431608,1.025363668567302,0.1386912642990854,0.0004739202440305901,-0.0007904131262314357,0.5524310485976279,0.8335580886728996
2025-06-09T21:50:45.860846,-0.06425280669363012,1.0253548077673416,0.13869126430310005,0.0004739176686210933,-0.000790398141593275,0.5524297186972593,0.8335589700632392
2025-06-09T21:50:45.906434,-0.06425755395664899,1.025345960094731,0.1386912643443797,0.0004739148481724409,-0.0007903819968168894,0.5524283841211226,0.8335598545505543
2025-06-09T21:50:45.958528,-0.06426227984014751,1.0253371262053332,0.13869126442536603,0.0004739117688875583,-0.0007903645533897365,0.5524270453109762,0.8335607418421844
2025-06-09T21:50:46.005404,-0.06426698282549119,1.0253283068660832,0.13869126454891786,0.0004739084150243711,-0.0007903456371006806,0.5524257028054946,0.8335616315812788
2025-06-09T21:50:46.059995,-0.06427166111168466,1.0253195029906046,0.13869126471842272,0.0004739047685850539,-0.0007903250230425827,0.5524243572723859,0.833562523325527
2025-06-09T21:50:46.107557,-0.06427631251499627,1.0253107156930812,0.13869126493794168,0.0004739008091426689,-0.0007903024112966502,0.5524230095570337,0.8335634165149473
2025-06-09T21:50:46.158366,-0.06428093431007034,1.025301946374404,0.13869126521237732,0.00047389651426299473,-0.0007902773849278312,0.5524216607602741,0.8335643104203834
2025-06-09T21:50:46.208450,-0.06428552295973597,1.025293196870401,0.1386912655475919,0.0004738918620719734,-0.0007902493313563536,0.552420312371937,0.8335652040550812
2025-06-09T21:50:46.259088,-0.06429007360749397,1.0252844697341106,0.1386912659500683,0.00047388684200905257,-0.0007902172779596219,0.5524189665238872,0.8335660960071464
2025-06-09T21:50:46.309841,-0.0642945789706851,1.025275768861229,0.1386912664237946,0.00047388150256844064,-0.0007901794874369721,0.5524176265451042,0.8335669840720499
2025-06-09T21:50:46.362954,-0.0642990262155521,1.025267101286756,0.13869126694554984,0.0004738762443943777,-0.0007901321467104422,0.5524162985220441,0.8335678642196443
2025-06-09T21:50:46.408559,-0.06430337933526907,1.0252584873290038,0.13869126686980426,0.00047387787605862597,-0.0007900608830876577,0.5524149993752602,0.8335687252463296
2025-06-09T21:50:46.460077,-0.06430744324607414,1.0252500438174867,0.1386912722103293,0.0004738334945494914,-0.000789863248962287,0.5524138743300054,0.8335694710374058
2025-06-09T21:50:46.510905,-0.06431161228328117,1.0252414960793936,0.13869127384193275,0.0004738176030803509,-0.0007898881169758837,0.5524126505757214,0.8335702820143889
2025-06-09T21:50:46.556479,-0.06431600809067387,1.0252328006804163,0.1386912704977786,0.00047384557930785226,-0.000790042670381802,0.5524112864227837,0.833571185883768
2025-06-09T21:50:46.614202,-0.06432102755082927,1.0252233633824062,0.13869126991596722,0.0004738893019847755,-0.0007908809156587203,0.5524106875799731,0.8335715819194701
2025-06-09T21:50:46.658374,-0.06432679206676047,1.025213400727162,0.13869123017560775,0.00047432064948166325,-0.0007917343433500769,0.552409943524776,0.83357207395138
2025-06-09T21:50:46.708453,-0.06433239064314226,1.0252037609875195,0.13869123238117725,0.0004743099215506751,-0.0007917482228178079,0.5524089801360169,0.8335727123832303
2025-06-09T21:50:46.757546,-0.06433796846477918,1.025194136737522,0.1386912316304685,0.00047431166891054316,-0.0007917570452350259,0.5524080063861248,0.8335733576774929
2025-06-09T21:50:46.807473,-0.06434353874403964,1.025184515832015,0.13869123032703476,0.0004743180769935517,-0.0007917691225255898,0.5524070403588144,0.8335739978466422
2025-06-09T21:50:46.866429,-0.06434910646569016,1.0251748976573851,0.13869122901219313,0.0004743248402197531,-0.0007917813064654573,0.5524060728199585,0.8335746390155709
2025-06-09T21:50:46.910496,-0.06435467318394435,1.025165282024234,0.13869122767849093,0.0004743317170790573,-0.0007917937178890436,0.5524050982204672,0.8335752848616413
2025-06-09T21:50:46.957423,-0.06436023908144659,1.0251556690675603,0.13869122633953995,0.0004743385743425367,-0.0007918061432998602,0.5524041150052938,0.8335759364156133
2025-06-09T21:50:47.007520,-0.06436580410718346,1.0251460588541599,0.1386912250031873,0.000474345382528385,-0.0007918185048206845,0.5524031229476897,0.8335765938277977
2025-06-09T21:50:47.060112,-0.06437136822062953,1.025136451402236,0.13869122367170922,0.00047435214138175086,-0.0007918307909263705,0.5524021220343095,0.833577257107004
2025-06-09T21:50:47.108396,-0.06437693140326496,1.0251268467170553,0.1386912223454716,0.00047435885280144863,-0.0007918430027200309,0.5524011122303646,0.8335779262762385
2025-06-09T21:50:47.163004,-0.06438249364440293,1.0251172448025012,0.1386912210244561,0.0004743655174301309,-0.0007918551412643615,0.552400093474902,0.8335786013758455
2025-06-09T21:50:47.207426,-0.06438805493460276,1.0251076456629076,0.1386912197086373,0.00047437213524526,-0.0007918672065940677,0.5523990656978504,0.833579282452213
2025-06-09T21:50:47.258514,-0.06439361526418291,1.0250980493028645,0.13869121839801676,0.0004743787060614846,-0.0007918791983370624,0.5523980288272249,0.8335799695529968
2025-06-09T21:50:47.308351,-0.06439917462315828,1.0250884557269917,0.1386912170926069,0.00047438522968634716,-0.000791891116043692,0.552396982790633,0.8335806627261212
2025-06-09T21:50:47.359935,-0.06440473300133245,1.0250788649398639,0.13869121579242144,0.0004743917059416569,-0.0007919029592695854,0.5523959275152853,0.8335813620197731
2025-06-09T21:50:47.408528,-0.06441029038833726,1.0250692769459968,0.1386912144974733,0.0004743981346583825,-0.0007919147275813622,0.5523948629278839,0.8335820674824757
2025-06-09T21:50:47.458695,-0.06441584677363818,1.0250596917498538,0.13869121320777447,0.00047440451567404285,-0.0007919264205504142,0.552393788954568,0.8335827791631233
2025-06-09T21:50:47.511974,-0.06442140214652997,1.0250501093558404,0.13869121192333597,0.00047441084883192975,-0.0007919380377535712,0.5523927055209147,0.8335834971109822
2025-06-09T21:50:47.569011,-0.06442695649613177,1.0250405297683094,0.1386912106441677,0.0004744171339829961,-0.0007919495787737133,0.5523916125519405,0.8335842213756897
2025-06-09T21:50:47.613449,-0.06443250981138174,1.0250309529915587,0.13869120937027876,0.0004744233709828015,-0.0007919610431956675,0.5523905099721028,0.8335849520072511
2025-06-09T21:50:47.669353,-0.0644380620810324,1.0250213790298317,0.1386912081016774,0.000474429559693179,-0.0007919724306078229,0.5523893977053045,0.8335856890560399
2025-06-09T21:50:47.710523,-0.06444361329364567,1.0250118078873176,0.13869120683837063,0.00047443569998323337,-0.0007919837406067904,0.5523882756748958,0.8335864325727937
2025-06-09T21:50:47.758708,-0.06444916343758758,1.0250022395681522,0.13869120558036463,0.00047444179172906337,-0.0007919949727911423,0.5523871438036821,0.8335871826086098
2025-06-09T21:50:47.807325,-0.06445471250102307,1.024992674076417,0.13869120432766446,0.0004744478348135961,-0.0007920061267651888,0.5523860020139265,0.8335879392149443
2025-06-09T21:50:47.865072,-0.06446026047191027,1.0249831114161396,0.13869120308027408,0.0004744538291271416,-0.0007920172021421448,0.5523848502273531,0.8335887024436094
2025-06-09T21:50:47.919164,-0.06446580733799592,1.024973551591294,0.13869120183819644,0.0004744597745670598,-0.000792028198534484,0.5523836883651563,0.8335894723467668
2025-06-09T21:50:47.958623,-0.06447135308680796,1.0249639946058025,0.13869120060143328,0.00047446567103914816,-0.0007920391155680355,0.5523825163480021,0.8335902489769274
2025-06-09T21:50:48.008614,-0.06447689770564959,1.0249544404635338,0.13869119936998514,0.0004744715184574199,-0.0007920499528689594,0.5523813340960444,0.8335910323869401
2025-06-09T21:50:48.061726,-0.06448244118159446,1.0249448891683062,0.1386911981438514,0.000474477316743549,-0.0007920607100740081,0.5523801415289169,0.8335918226299975
2025-06-09T21:50:48.112117,-0.06448798350147791,1.0249353407238888,0.1386911969230303,0.0004744830658271471,-0.0007920713868224982,0.5523789385657538,0.8335926197596221
2025-06-09T21:50:48.164065,-0.06449352465189097,1.0249257951340005,0.13869119570751887,0.00047448876564731835,-0.0007920819827610899,0.5523777251251931,0.8335934238296632
2025-06-09T21:50:48.215029,-0.06449906461917437,1.0249162524023117,0.1386911944973126,0.00047449441615154964,-0.0007920924975467344,0.5523765011253832,0.8335942348942945
2025-06-09T21:50:48.260138,-0.06450460338940987,1.0249067125324471,0.13869119329240603,0.0004745000172960423,-0.0007921029308401409,0.5523752664839959,0.8335950530080029
2025-06-09T21:50:48.312032,-0.06451014094841284,1.0248971755279865,0.13869119209279207,0.0004745055690472677,-0.0007921132823098854,0.5523740211182316,0.8335958782255876
2025-06-09T21:50:48.360929,-0.06451567728172593,1.0248876413924641,0.1386911908984625,0.0004745110713806899,-0.0007921235516345429,0.5523727649448349,0.8335967106021475
2025-06-09T21:50:48.409801,-0.06452121237460912,1.0248781101293738,0.13869118970940758,0.0004745165242810988,-0.0007921337384983651,0.5523714978801031,0.8335975501930772
2025-06-09T21:50:48.459938,-0.06452674621203344,1.0248685817421683,0.1386911885256162,0.00047452192774433133,-0.0007921438425945652,0.5523702198398968,0.8335983970540592
2025-06-09T21:50:48.510520,-0.06453227877867088,1.0248590562342614,0.13869118734707583,0.00047452728177582726,-0.0007921538636247268,0.5523689307396548,0.833599251241054
2025-06-09T21:50:48.558697,-0.06453781005888602,1.0248495336090329,0.1386911861737724,0.00047453258639162943,-0.0007921638012978163,0.5523676304944045,0.8336001128102931
2025-06-09T21:50:48.609947,-0.06454334003672649,1.024840013869829,0.13869118500569053,0.0004745378416178836,-0.0007921736553333058,0.5523663190187756,0.8336009818182708
2025-06-09T21:50:48.660038,-0.06454886869591278,1.0248304970199662,0.13869118384281315,0.00047454304749205983,-0.0007921834254560836,0.5523649962270143,0.8336018583217333
2025-06-09T21:50:48.708630,-0.06455439601983075,1.0248209830627322,0.13869118268512168,0.0004745482040615644,-0.0007921931114031286,0.5523636620329946,0.8336027423776724
2025-06-09T21:50:48.758728,-0.06455992199151885,1.024811472001391,0.13869118153259602,0.00047455331138701584,-0.0007922027129208138,0.5523623163502428,0.8336036340433087
2025-06-09T21:50:48.810903,-0.06456544659365976,1.0248019638391843,0.13869118038521458,0.0004745583695389133,-0.0007922122297624762,0.5523609590919429,0.8336045333760884
2025-06-09T21:50:48.860204,-0.06457096980856786,1.0247924585793382,0.138691179242954,0.00047456337859974607,-0.0007922216616913788,0.5523595901709577,0.8336054404336684
2025-06-09T21:50:48.908285,-0.06457649161817765,1.024782956225065,0.1386911781057894,0.00047456833866377224,-0.0007922310084828996,0.5523582094998489,0.833606355273904
2025-06-09T21:50:48.962663,-0.06458201200403432,1.0247734567795663,0.1386911769736942,0.00047457324983823934,-0.0007922402699194922,0.552356816990888,0.8336072779548412
2025-06-09T21:50:49.014451,-0.06458753094728117,1.024763960246038,0.13869117584664015,0.0004745781122403314,-0.0007922494457944352,0.55235541255608,0.8336082085347011
2025-06-09T21:50:49.068052,-0.06459304842864681,1.0247544666276753,0.13869117472459744,0.0004745829260016654,-0.0007922585359115095,0.5523539961071781,0.8336091470718698
2025-06-09T21:50:49.108474,-0.06459856442843113,1.0247449759276788,0.13869117360753433,0.00047458769126540457,-0.0007922675400829763,0.5523525675557053,0.8336100936248845
2025-06-09T21:50:49.160065,-0.06460407892649343,1.0247354881492585,0.13869117249541765,0.0004745924081873687,-0.0007922764581323163,0.5523511268129753,0.8336110482524189
2025-06-09T21:50:49.208611,-0.06460959190223903,1.0247260032956385,0.13869117138821233,0.0004745970769354791,-0.0007922852898918084,0.5523496737901075,0.8336120110132748
2025-06-09T21:50:49.262597,-0.06461510333460521,1.024716521370061,0.13869117028588168,0.00047460169769159005,-0.0007922940352065,0.5523482083980567,0.8336129819663604
2025-06-09T21:50:49.311069,-0.06462061320204615,1.0247070423757987,0.138691169188387,0.0004746062706501574,-0.000792302693928121,0.552346730547627,0.8336139611706826
2025-06-09T21:50:49.361824,-0.06462612148251765,1.024697566316154,0.1386911680956882,0.00047461079601834877,-0.0007923112659217783,0.5523452401495006,0.8336149486853273
2025-06-09T21:50:49.408417,-0.06463162815346313,1.024688093194469,0.13869116700774314,0.00047461527401726483,-0.0007923197510613071,0.5523437371142538,0.8336159445694485
2025-06-09T21:50:49.460006,-0.06463713319179695,1.024678623014133,0.1386911659245081,0.00047461970487983063,-0.0007923281492301397,0.5523422213523811,0.8336169488822531
2025-06-09T21:50:49.515306,-0.06464263657388751,1.0246691557785879,0.13869116484593752,0.00047462408885379226,-0.0007923364603223818,0.5523406927743227,0.8336179616829817
2025-06-09T21:50:49.558357,-0.06464813827554025,1.0246596914913368,0.13869116377198396,0.0004746284261994971,-0.000792344684239906,0.5523391512904883,0.8336189830308939
2025-06-09T21:50:49.607500,-0.06465363827198116,1.0246502301559528,0.13869116270259846,0.00047463271719000444,-0.000792352820896865,0.5523375968112731,0.8336200129852561
2025-06-09T21:50:49.658218,-0.06465913653783784,1.024640771776085,0.13869116163773007,0.0004746369621132507,-0.000792360870215897,0.5523360292470925,0.8336210516053206
2025-06-09T21:50:49.714681,-0.06466463304712193,1.0246313163554694,0.13869116057732614,0.0004746411612701062,-0.0007923688321293196,0.5523344485084014,0.833622098950311
2025-06-09T21:50:49.765307,-0.06467012777320924,1.0246218638979356,0.13869115952133243,0.0004746453149734875,-0.0007923767065776037,0.5523328545057185,0.8336231550794069
2025-06-09T21:50:49.808841,-0.06467562068881975,1.0246124144074187,0.13869115846969252,0.00047464942355179835,-0.0007923844935090113,0.552331247149654,0.8336242200517252
2025-06-09T21:50:49.858412,-0.06468111176599556,1.0246029678879702,0.13869115742234886,0.00047465348734404555,-0.000792392192880523,0.5523296263509355,0.8336252939263035
2025-06-09T21:50:49.913503,-0.06468660097608336,1.024593524343763,0.13869115637924168,0.00047465750670555573,-0.0007923998046591946,0.5523279920204383,0.833626376762079
2025-06-09T21:50:49.957570,-0.06469208828970938,1.0245840837791071,0.13869115534030976,0.0004746614820029249,-0.000792407328817805,0.5523263440692051,0.8336274686178767
2025-06-09T21:50:50.010007,-0.06469757367675917,1.024574646198458,0.13869115430549017,0.000474665413615738,-0.0007924147653365467,0.5523246824084713,0.8336285695523915
2025-06-09T21:50:50.057123,-0.06470305710635382,1.0245652116064277,0.1386911532747183,0.0004746693019366254,-0.0007924221141993937,0.5523230069496919,0.8336296796241706
2025-06-09T21:50:50.108582,-0.06470853854682579,1.0245557800077976,0.1386911522479279,0.00047467314737176247,-0.0007924293754016866,0.5523213176045726,0.833630798891594
2025-06-09T21:50:50.159973,-0.06471401796569379,1.0245463514075306,0.13869115122505105,0.0004746769503395365,-0.0007924365489410602,0.5523196142850951,0.8336319274128556
2025-06-09T21:50:50.208545,-0.06471949532963742,1.0245369258107853,0.13869115020601847,0.000474680711270159,-0.0007924436348182497,0.5523178969035407,0.8336330652459496
2025-06-09T21:50:50.259195,-0.06472497060447072,1.024527503222926,0.13869114919075914,0.00047468443060594273,-0.0007924506330389483,0.552316165372514,0.8336342124486539
2025-06-09T21:50:50.311061,-0.06473044375511708,1.0245180836495371,0.13869114817920067,0.00047468810880291196,-0.0007924575436144004,0.5523144196049765,0.8336353690785073
2025-06-09T21:50:50.360144,-0.06473591474557838,1.0245086670964387,0.138691147171269,0.0004746917463270828,-0.0007924643665563235,0.5523126595142668,0.833636535192797
2025-06-09T21:50:50.406709,-0.06474138353890577,1.0244992535697013,0.13869114616688896,0.00047469534365662813,-0.0007924711018756604,0.5523108850141286,0.8336377108485398
2025-06-09T21:50:50.457488,-0.06474685009717196,1.0244898430756568,0.13869114516598385,0.0004746989012805458,-0.0007924777495876625,0.5523090960187357,0.8336388961024651
2025-06-09T21:50:50.507576,-0.06475231438143847,1.0244804356209187,0.13869114416847556,0.00047470241969921334,-0.0007924843097035379,0.552307292442718,0.8336400910109985
2025-06-09T21:50:50.562107,-0.06475777635172449,1.024471031212395,0.13869114317428483,0.0004747058994229447,-0.0007924907822344223,0.5523054742011867,0.8336412956302438
2025-06-09T21:50:50.607607,-0.06476323596697249,1.0244616298573062,0.13869114218333128,0.0004747093409726011,-0.0007924971671884641,0.5523036412097563,0.8336425100159699
2025-06-09T21:50:50.666990,-0.06476869318501492,1.0244522315632003,0.13869114119553297,0.00047471274487947973,-0.0007925034645697502,0.5523017933845765,0.8336437342235886
2025-06-09T21:50:50.710056,-0.06477414796253736,1.0244428363379732,0.13869114021080745,0.0004747161116832599,-0.0007925096743756645,0.5522999306423488,0.8336449683081437
2025-06-09T21:50:50.758823,-0.0647796002550431,1.0244334441898837,0.13869113922907073,0.0004747194419326694,-0.0007925157965974718,0.5522980529003513,0.8336462123242956
2025-06-09T21:50:50.809236,-0.06478505001681259,1.0244240551275745,0.13869113825023816,0.00047472273618515137,-0.0007925218312162962,0.5522961600764653,0.8336474663263017
2025-06-09T21:50:50.858488,-0.06479049720086498,1.024414669160091,0.13869113727422405,0.00047472599500691937,-0.0007925277782048692,0.5522942520891984,0.8336487303680031
2025-06-09T21:50:50.908407,-0.06479594175891754,1.0244052862968993,0.13869113630094201,0.0004747292189708485,-0.0007925336375241136,0.5522923288577031,0.833650004502811
2025-06-09T21:50:50.957559,-0.06480138364134336,1.0243959065479067,0.1386911353303047,0.0004747324086578075,-0.0007925394091210037,0.5522903903018004,0.8336512887836918
2025-06-09T21:50:51.008462,-0.06480682279712427,1.024386529923486,0.1386911343622243,0.0004747355646543272,-0.0007925450929265939,0.5522884363419995,0.8336525832631533
2025-06-09T21:50:51.060054,-0.06481225917380527,1.0243771564344946,0.13869113339661243,0.0004747386875539328,-0.000792550688855884,0.5522864668995262,0.8336538879932264
2025-06-09T21:50:51.110378,-0.06481769271744725,1.0243677860922982,0.13869113243338016,0.00047474177795442385,-0.0007925561967999548,0.5522844818963355,0.8336552030254567
2025-06-09T21:50:51.158450,-0.06482312337257652,1.0243584189087929,0.1386911314724382,0.00047474483645820737,-0.0007925616166307675,0.5522824812551326,0.8336565284108909
2025-06-09T21:50:51.208541,-0.06482855108213459,1.0243490548964278,0.13869113051369683,0.00047474786367451843,-0.0007925669481994656,0.5522804648993966,0.8336578642000597
2025-06-09T21:50:51.259175,-0.0648339757874196,1.0243396940682332,0.13869112955706625,0.00047475086021320223,-0.0007925721913258559,0.5522784327533946,0.8336592104429702
2025-06-09T21:50:51.306585,-0.06483939742803299,1.0243303364378442,0.13869112860245653,0.0004747538266885454,-0.0007925773458018737,0.5522763847422079,0.833660567189088
2025-06-09T21:50:51.356578,-0.06484481594181776,1.0243209820195287,0.1386911276497777,0.00047475676371661063,-0.0007925824113866549,0.5522743207917379,0.8336619344873324
2025-06-09T21:50:51.408645,-0.06485023126479697,1.0243116308282136,0.13869112669894004,0.0004747596719147374,-0.0007925873878043496,0.5522722408287353,0.8336633123860581
2025-06-09T21:50:51.456714,-0.06485564333111052,1.0243022828795136,0.1386911257498539,0.00047476255190154193,-0.0007925922747419717,0.5522701447808116,0.8336647009330471
2025-06-09T21:50:51.507429,-0.06486105207294668,1.0242929381897594,0.1386911248024299,0.0004747654042959182,-0.0007925970718472578,0.5522680325764588,0.833666100175496
