t,ax,ay,az,gx,gy,gz
0.5810321999961161,0.0,0.0,0.0,-0.002411821841381574,-0.06318960780761253,0.0003396688722323699
0.6048187999986112,0.0,0.0,0.0,0.0009319942266373375,0.003659320687151988,1.8497851614715805e-05
0.7250402999998187,0.0,0.0,0.0,9.131814436195706e-05,0.00242479249905876,0.00018288568490954597
0.7463156000012532,0.0,0.0,0.0,-1.5513454182870406e-05,-0.00011712174349690935,0.00028791353851585804
0.7950214000011329,0.0,0.0,0.0,-2.3759054407640764e-05,-0.0005704969099568054,0.00040284279610374265
0.843496800000139,0.0,0.0,0.0,4.264350732768815e-05,0.0002912818958217801,0.00038942410553096383
0.8956462999994983,0.0,0.0,0.0,-1.2891689765491176e-05,-0.00036507163780961693,0.0003357034626715332
0.9432914999997593,0.0,0.0,0.0,9.310507546079143e-06,0.00012964692344217768,-3.739144550284227e-05
0.9965124000009382,0.0,0.0,0.0,4.109601076455252e-05,0.0004368345690676554,0.00017707527961097127
1.0442126999987522,0.0,0.0,0.0,2.681642206681785e-05,0.0004291526281001909,0.0002398373092782521
1.0956335000009858,0.0,0.0,0.0,8.031658793177076e-06,0.0003299520401476435,0.00019271590335825798
1.1431500999970012,0.0,0.0,0.0,-2.3407561950024824e-05,-0.0011600930743184497,-0.00012579686403810193
1.1928610999966622,0.0,0.0,0.0,9.826830721829102e-06,-3.268946924085827e-05,-0.00023668036853558602
1.2438556999986758,0.0,0.0,0.0,-4.409542342516524e-05,0.0004937915762510525,-0.00018570918593406306
1.2935617999974056,0.0,0.0,0.0,3.310126747547877e-05,0.0002492127943570432,-9.442671150511136e-05
1.343917500002135,0.0,0.0,0.0,-7.659378096304655e-05,-0.0010494041347176885,0.00010476108799200937
1.3947782999966876,0.0,0.0,0.0,-6.290977440570163e-06,-9.714837934979218e-05,0.0003049515454262038
1.4426926000014646,0.0,0.0,0.0,0.000110034311820252,0.001061925172625221,0.00045224234391131126
1.4922730999969644,0.0,0.0,0.0,-3.345365660022286e-05,0.0005031683423671306,0.0002544969901531403
1.5433053000015207,0.0,0.0,0.0,-1.0924696278148128e-05,-0.0004248634273655245,0.00048070625165743953
1.591875699996308,0.0,0.0,0.0,-2.738023366923234e-05,-0.00038271060272521953,0.0004087277329943741
1.6437863999963156,0.0,0.0,0.0,6.400727373743197e-05,0.0005380617792159052,0.00017755454728139703
1.6947765000004438,0.0,0.0,0.0,-8.174009994464106e-05,-0.0007735843292382297,0.0002880908329609403
1.7454833000010694,0.0,0.0,0.0,5.699599587771667e-05,0.00021296671898103135,0.0003133744968282383
1.7934607999995933,0.0,0.0,0.0,-3.121976101173358e-05,1.4057129364639793e-05,0.0003191964864812913
1.844122199996491,0.0,0.0,0.0,4.351163687070522e-05,0.0003606792677742136,0.0002663888423971182
1.8950256999960402,0.0,0.0,0.0,-5.052485510147563e-06,-0.00011729938245887942,0.0003613825423769587
1.9466490999984671,0.0,0.0,0.0,-2.7605157582223262e-05,0.0007010239425337676,0.00017406503380046763
1.9940007999975933,0.0,0.0,0.0,3.724989506853782e-07,-0.0001411400061146772,0.00012216305705100078
2.044394700002158,0.0,0.0,0.0,-2.5556858697463386e-05,-0.0008084262612380003,0.0002516268325829339
2.0929493000003276,0.0,0.0,0.0,2.2068441015591518e-05,-0.00016829450499877954,0.0004045131278777786
2.1437471000026562,0.0,0.0,0.0,2.9513501478978142e-05,-0.00014161848811593806,0.0001123741761270673
2.195239599997876,0.0,0.0,0.0,-5.026452319958913e-06,0.00043316907048321254,0.0001500109793795213
2.2437998999957927,0.0,0.0,0.0,-5.468322209950958e-05,0.0003146778117874049,0.0002686303627879315
2.3018251999965287,0.0,0.0,0.0,-7.324308247830284e-05,0.0006489833218720157,0.0002585167773785296
2.3514589999977034,0.0,0.0,0.0,0.00015110153681352202,-0.0009813051792906446,0.000309327789451899
2.398703899998509,0.0,0.0,0.0,-5.3942245123398595e-05,-0.00025741645909085203,0.00016214204954149666
2.445271299999149,0.0,0.0,0.0,-5.266967275303307e-05,-0.00018701100318413132,0.00045269532371267323
2.4961201999976765,0.0,0.0,0.0,6.031011548029382e-06,-0.00028108791426030517,0.000313063441974238
2.5485964999970747,0.0,0.0,0.0,-5.361583152956917e-05,0.00023344863161310368,0.0002834497939331924
2.5999058000015793,0.0,0.0,0.0,4.181838790148402e-05,-0.0002613334402492813,0.00023749630745838662
2.647294900001725,0.0,0.0,0.0,4.550795313910691e-05,0.0004215816042927576,0.00029919201285695415
2.7027072999990196,0.0,0.0,0.0,-4.75776124483259e-05,-0.0006130903076340771,0.00027259031300480894
2.751003400000627,0.0,0.0,0.0,-8.014670851364908e-05,0.0003823932280120288,0.00013988643891835602
2.7969054999994114,0.0,0.0,0.0,0.00010264637448850792,0.00011565428947249968,4.4648489334543016e-05
2.847725300001912,0.0,0.0,0.0,3.4272013162728225e-05,0.00017969995696886045,2.5302778257584594e-05
2.90408419999585,0.0,0.0,0.0,-2.5463217998111828e-05,0.00018007887952648457,0.0005601036756670789
2.9474390999967,0.0,0.0,0.0,-6.114120530382538e-05,0.00013314072067691692,0.00027697554128850214
3.000454599998193,0.0,0.0,0.0,8.739616921350972e-05,-3.813597653109993e-05,0.00017375120278997542
3.0505791999967187,0.0,0.0,0.0,-5.033675224584672e-05,-0.0007138801313605013,9.76394251328077e-05
3.096918299997924,0.0,0.0,0.0,-5.2236660555843e-06,-0.0001730793638733558,5.8512313463712816e-05
3.1470685999956913,0.0,0.0,0.0,5.2805400975131374e-05,-0.00028602284692902364,0.00016114078362294902
3.1971976999993785,0.0,0.0,0.0,-0.0001476404618915842,-0.00021091348227902294,0.00024895746397022764
3.245659899999737,0.0,0.0,0.0,-1.742121007185156e-05,-0.00027353016102537274,0.00016591529354019637
3.2941368999963743,0.0,0.0,0.0,6.416155268907658e-05,0.00036626989754330147,0.00017981017789731068
3.3422592999995686,0.0,0.0,0.0,8.555356102172743e-05,-0.00028325030550706157,0.00012904499649727243
3.392331600000034,0.0,0.0,0.0,-5.802690417232432e-05,-0.00015584495762512414,0.00011857329240571998
3.445145500001672,0.0,0.0,0.0,2.7162027999809523e-06,0.0014658513761241587,0.0003216225472110329
3.493195499999274,0.0,0.0,0.0,-4.576631226213882e-05,-7.167010113022028e-05,0.00031126936904044727
3.544941899999685,0.0,0.0,0.0,6.198309504874864e-05,-0.0006055108922650714,0.0002298487810521475
3.593186500002048,0.0,0.0,0.0,9.66809281827163e-06,-0.00032705309651524236,0.00041665316260557946
3.6434602000008454,0.0,0.0,0.0,2.4910486275863643e-06,-0.0003861947290448888,0.0003416431771741681
3.6945309000002453,0.0,0.0,0.0,4.66268537001042e-05,0.00035170212167607597,0.0003542902948471953
3.743850699996983,0.0,0.0,0.0,-8.620333705652969e-05,0.0009662860481802256,0.0003387190043573364
3.7929641000009724,0.0,0.0,0.0,-5.443108330430782e-05,-0.0013257259032965988,0.00026403895886346977
3.843566899995494,0.0,0.0,0.0,3.821752166318989e-05,0.00012977277603984507,0.00010178377578180064
3.901545399996394,0.0,0.0,0.0,3.872110874149954e-05,0.000203896624268425,-1.82020863853401e-05
3.94828779999807,0.0,0.0,0.0,4.270670365315625e-05,-0.00025711606624049366,-5.6890609734356544e-05
3.9963601999988896,0.0,0.0,0.0,-6.388306846641426e-05,-0.00011222211930718106,-6.937761409814e-05
4.0452049000014085,0.0,0.0,0.0,-2.9877030408478048e-05,2.9045428644930383e-05,7.725634424064651e-05
4.0995410999967135,0.0,0.0,0.0,7.803460917832994e-05,0.0008955616063436892,0.00024419934457462573
4.144777499997872,0.0,0.0,0.0,-1.1040507127080902e-05,-0.00035426750979425457,0.00041769683276137327
4.197209099998872,0.0,0.0,0.0,8.298765182546779e-07,-0.00057367544397965,-0.00013358793048194253
4.2530609000023105,0.0,0.0,0.0,-3.6204538488700524e-05,-0.00022597707697579386,-9.96550521543182e-05
4.301902899998822,0.0,0.0,0.0,-4.7579673477292055e-05,0.00010296950078378655,8.64604980133069e-05
4.3534617999976035,0.0,0.0,0.0,3.8368643447941036e-05,0.00024970171900731686,0.00017207138851333786
4.403518499995698,0.0,0.0,0.0,0.00010023313312078536,-0.0004853309695206444,0.00025524601628123107
4.452790299998014,0.0,0.0,0.0,-5.337635192268443e-05,-9.791846059524653e-05,0.0003318602888909396
4.504233400002704,0.0,0.0,0.0,3.333436297205606e-05,0.0004308009815441927,3.947812322909086e-05
4.544282800001383,0.0,0.0,0.0,-6.5388487515723015e-06,0.00010759168274791569,0.00023055584359786376
4.592373899999075,0.0,0.0,0.0,-7.046906508899401e-05,-0.00015477582771897301,2.080705602961347e-05
4.642246999996132,0.0,0.0,0.0,1.6174717098599805e-05,-6.549562181040229e-05,7.846600124022541e-05
4.693334899995534,0.0,0.0,0.0,8.670577880744349e-06,-0.0003233126012915916,0.00015960348521966607
4.744081600001664,0.0,0.0,0.0,-6.721008200969685e-05,0.00027468787235147455,0.00012842451804884197
4.792045700000017,0.0,0.0,0.0,6.287906844652904e-05,-8.299065823388979e-05,-3.5628642092527895e-05
4.843620400002692,0.0,0.0,0.0,-3.956109844198766e-05,-6.252948997784158e-05,0.00011542737186673217
4.892031499999575,0.0,0.0,0.0,-2.4226479991356147e-06,-5.799707317356418e-05,-0.00022646696278299207
4.944293299995479,0.0,0.0,0.0,4.208920560721583e-06,0.00030244415116125514,-0.000477219707717027
4.996003000000201,0.0,0.0,0.0,7.623196212892819e-05,-0.0008657292008943519,-0.00021729825218689213
5.049359799995727,0.0,0.0,0.0,4.164395437375203e-05,0.0005940596981414283,-0.000331638021598819
5.096311799999967,0.0,0.0,0.0,-0.00011368432789195159,0.00012433639377621038,-0.0001930615265647151
5.149345400001039,0.0,0.0,0.0,-1.9408465073512688e-05,7.1638924473897e-05,-0.00011643548212143185
5.1953123999992386,0.0,0.0,0.0,8.096174216003589e-05,0.0003973726211133219,0.00016675534002748657
5.246245000002091,0.0,0.0,0.0,-9.327677747280489e-06,-0.0006725082371207042,0.00033891894852815225
5.295187099996838,0.0,0.0,0.0,-6.959192939771132e-05,0.0007057478815643562,0.0002294839655814847
5.342937499997788,0.0,0.0,0.0,2.9535610923562817e-05,-0.0007594928644708373,0.0003634860304175045
5.398196499998448,0.0,0.0,0.0,-1.1257248224966637e-05,0.0005677590717175134,0.0003514181390564831
5.445549899995967,0.0,0.0,0.0,4.913620784665186e-05,3.985701371179966e-05,0.0003485976450054494
5.493673400000262,0.0,0.0,0.0,-5.398148812439153e-05,-0.000565120352218093,0.00034638836150760477
5.543691300001228,0.0,0.0,0.0,-2.0538259206617527e-06,9.082944439817349e-05,0.0003042114274243422
5.594711400000961,0.0,0.0,0.0,-2.4041384036474722e-05,-0.00012249685736571067,0.00018349578840653433
5.646194499997364,0.0,0.0,0.0,7.355875998370958e-06,2.9877417662505975e-05,0.0002279893280870902
5.693792599995504,0.0,0.0,0.0,3.993167707737164e-05,-0.00022660057788194426,0.00025234864963261946
5.741955400000734,0.0,0.0,0.0,-5.562466393681538e-05,0.0001210750964810228,0.00019009329203132586
5.7953684000021894,0.0,0.0,0.0,7.475785328634398e-05,0.00029683615647657543,0.00028821545503100753
5.8479662999961874,0.0,0.0,0.0,-4.453230705965138e-05,-0.0005786122428703159,0.00030021472989886523
5.897961499998928,0.0,0.0,0.0,2.5979023469514943e-05,1.4444686977417883e-05,0.000234744228319155
5.947586099995533,0.0,0.0,0.0,3.0099023738226097e-05,0.0005696478619053354,0.00030671710310094567
5.997603399999207,0.0,0.0,0.0,-9.043844103498077e-05,-0.00044520049131802476,0.0001053794118940257
6.058370500002638,0.0,0.0,0.0,-9.094090501848636e-06,-0.01932125113536197,-0.014066364352420395
6.096920099997078,0.0,0.0,0.0,-0.0002225115761897538,-0.0005944206384751674,-0.018541123924997575
6.149080199997115,0.0,0.0,0.0,1.8637436601771783e-05,0.011374693359441251,-0.022897005879865328
6.199646599998232,0.0,0.0,0.0,-9.188210265176919e-05,-0.002378490067247139,-0.020161302924483728
6.256579699998838,0.0,0.0,0.0,9.827017789403898e-05,0.0012263515987119336,-0.00478674257753931
6.301532600002247,0.0,0.0,0.0,0.0001542001902519346,0.01062328397485042,0.03257168354936023
6.3528441000016755,0.0,0.0,0.0,0.00029558019545901403,-0.0003731140713306283,0.10275841833374394
6.402706900000339,0.0,0.0,0.0,0.0005508796181192078,0.011694303501209629,0.22064787190419805
6.448202200001106,0.0,0.0,0.0,0.0004463746093388063,0.006834102344348702,0.26404577895549347
6.503323400000227,0.0,0.0,0.0,0.0005777304837285193,-0.004049164214439769,0.26960717322633726
6.554279999996652,0.0,0.0,0.0,0.0006662683414972543,0.0017002613489420148,0.2687764801157641
6.60102470000129,0.0,0.0,0.0,0.0005637089439220784,0.01740291682485677,0.2669344635973471
6.649305300001288,0.0,0.0,0.0,0.0002654298690904655,0.004836309001230006,0.2649203714037713
6.705192699999316,0.0,0.0,0.0,0.0002562224235851954,0.0009272065202495674,0.26418654662139973
6.74661819999892,0.0,0.0,0.0,0.00020421850313164387,0.0003527470210143498,0.278510645364785
6.803165299999819,0.0,0.0,0.0,0.00013128900079588987,-0.007547559815622708,0.2296000171964801
6.846240599996236,0.0,0.0,0.0,3.1729585955752764e-05,-0.003724747176695449,0.10602227678264466
6.903338999996777,0.0,0.0,0.0,8.099357440618631e-05,0.00027433842273204783,-0.015813088758924006
6.945546800001466,0.0,0.0,0.0,-0.0004614389656500973,0.00024084772721227912,-0.17275660310593907
7.002590500000224,0.0,0.0,0.0,-0.000634233552132706,-0.0008193489325777413,-0.3548084308259103
7.0514328999997815,0.0,0.0,0.0,-0.00011018476231937005,0.001470025244958838,-0.5387695062235812
7.111481499996444,0.0,0.0,0.0,-0.0008380138060273539,-0.005971365533691857,-0.6949303740909863
7.15677439999854,0.0,0.0,0.0,-0.001457061424287901,-0.0037885124598210093,-0.6741016552989858
7.201501099996676,0.0,0.0,0.0,-0.0014673470689254879,-0.00392283777005083,-0.6352072676762459
7.253216799996153,0.0,0.0,0.0,-0.0012019703156859883,0.005859806704875627,-0.5443090343362939
7.307413000002271,0.0,0.0,0.0,-0.0013816009895110078,-0.006554507054484107,-0.43770666754447085
7.352562399995804,0.0,0.0,0.0,-0.0006151269960990902,-0.0007615381746482389,-0.37960650106570676
7.403835999997682,0.0,0.0,0.0,-0.001598497078584369,0.00026773398677117305,-0.45987581835001284
7.446235399998841,0.0,0.0,0.0,-0.0007177706265439782,0.0040141829365777275,-0.6603081919910252
7.50180040000123,0.0,0.0,0.0,-0.0015280689832225893,0.0057540765053166925,-0.8935246422679112
7.553905200002191,0.0,0.0,0.0,-0.002237258167358031,-0.0022317999127919124,-1.1324621137549242
7.604807899995649,0.0,0.0,0.0,-0.0028503104984328293,-0.00018752054985019767,-1.3425429853118642
7.652443999999377,0.0,0.0,0.0,-0.002621747588039963,0.0036703492176362656,-1.4021570979026663
7.697976600000402,0.0,0.0,0.0,-0.0019209114075808102,0.00274593068302784,-1.2750345499606819
7.748474300002272,0.0,0.0,0.0,-0.0019398154146761683,0.0008249044615545507,-1.0985916873985009
7.801426099998935,0.0,0.0,0.0,-0.0012526488974406494,0.0024654160880524566,-0.8995645596728261
7.846884799997497,0.0,0.0,0.0,-0.0013024083307342392,-0.007884189627787842,-0.68087374540863
7.898592999998073,0.0,0.0,0.0,-0.0008218069205490952,0.0018199807830937594,-0.4660724350856465
7.949905800000124,0.0,0.0,0.0,-0.00026483809444840785,0.0002851676059853177,-0.2487460684156616
8.003352100000484,0.0,0.0,0.0,3.848861990182101e-05,-0.0002893504343059581,-0.0347444080733854
8.053774100000737,0.0,0.0,0.0,0.0006740592709911316,0.0024673265669284484,0.1868122616921734
8.099024099996313,0.0,0.0,0.0,0.0007640727604004499,-0.0016242196898174678,0.37164294695139855
8.153722600000037,0.0,0.0,0.0,0.00042519938903250865,0.0061511234493497385,0.3756644167516785
8.202790999996068,0.0,0.0,0.0,0.000588392172790156,-0.003664304988417305,0.3552132318228521
8.246199200002593,0.0,0.0,0.0,0.0003884824986117175,-0.0015422442955390866,0.33850786319286363
8.303142500000831,0.0,0.0,0.0,0.0010883955471377047,-0.000274222757183773,0.32200829592337726
8.35737369999697,0.0,0.0,0.0,0.0004435320928061407,0.00025646145895855463,0.30699216054703204
8.406108900002437,0.0,0.0,0.0,0.0003897044198785298,0.0016057898123923223,0.29472234948244685
8.454566899999918,0.0,0.0,0.0,0.00036134183798610753,0.002179348835582155,0.28215524470646935
8.499018800001068,0.0,0.0,0.0,0.0005185142413059306,-0.0025494620390454025,0.27006247189633664
8.553369599998405,0.0,0.0,0.0,0.00044399235472461664,-0.00048468774045118087,0.2589802518685309
8.599421599996276,0.0,0.0,0.0,0.00025821914386439226,0.00403888430986532,0.24920240416383943
8.653421600000001,0.0,0.0,0.0,0.0004012974646994493,-0.0014889636616608403,0.24093097712229558
8.703846399999748,0.0,0.0,0.0,0.0002627193825030925,0.002495903394208984,0.23386796038157076
8.753199999999197,0.0,0.0,0.0,0.00035989303606544763,-0.00130377504865074,0.22719682420518802
8.803662799997255,0.0,0.0,0.0,0.00047900518960070743,-0.005302481164570342,0.22199716710815498
8.852185600000666,0.0,0.0,0.0,0.000254106023317079,0.005447555915870388,0.2178129888260141
8.897963900002651,0.0,0.0,0.0,0.000279784969652711,0.0024339602371007928,0.21468424151057627
8.951752900000429,0.0,0.0,0.0,0.0004243028461997715,-0.007708326304107905,0.2130687348762853
9.00630000000092,0.0,0.0,0.0,0.0003031507800801368,0.005129386249866218,0.21221099004793165
9.054042999996454,0.0,0.0,0.0,0.0003646861592994745,0.0004351123986800217,0.21361250827883257
9.097655500001565,0.0,0.0,0.0,-0.0007495068254058733,-0.00018620403853544814,0.2190483562374509
9.143318000002182,0.0,0.0,0.0,0.0005530330811441674,-0.0013156272704984491,0.22612381870539047
9.19393239999772,0.0,0.0,0.0,0.0005332822621117879,-0.0009398501067847442,0.2352068549869371
9.246378899995761,0.0,0.0,0.0,0.000752055494322753,0.0022380238898802463,0.24675265938889723
9.293035800001235,0.0,0.0,0.0,0.0006743295653649289,-0.0027328934229612564,0.26124372135060053
9.3443941000005,0.0,0.0,0.0,0.0003380738244732179,0.002585887620152498,0.2911317815382852
9.393234900002426,0.0,0.0,0.0,0.00048715923990088727,0.001953234554403749,0.3364765358319264
9.44538879999891,0.0,0.0,0.0,0.0007156514267396556,-0.0032193484807409257,0.4082209516875143
9.49551159999828,0.0,0.0,0.0,0.00043729207351347627,0.008762091722808738,0.42866906180220316
9.544495000001916,0.0,0.0,0.0,0.00035971534099059593,0.0013352986730117916,0.42535651838344674
9.592955499996606,0.0,0.0,0.0,0.0003243079400894027,2.2060863722200406e-05,0.41228673389810455
9.643818099997588,0.0,0.0,0.0,0.0003198825964464034,0.0001506447440914505,0.39242966728073647
9.694748800000525,0.0,0.0,0.0,0.0004592694111648459,0.00022597824945102055,0.3673064332349666
9.744201299996348,0.0,0.0,0.0,0.0007599104815356021,-0.0005936128828840506,0.3375101844858509
9.795962299998791,0.0,0.0,0.0,0.0001086818852370271,-0.0009626129888374266,0.30072869430050103
9.8451694999967,0.0,0.0,0.0,-0.00010610897521765127,-0.000708227636411586,0.256765492286787
9.896469799998158,0.0,0.0,0.0,0.0004731742093503972,-0.005458161108061744,0.20628835160939812
9.946504400002596,0.0,0.0,0.0,4.596702631248289e-05,-0.005340542477705067,0.06333292504610276
9.994500000000698,0.0,0.0,0.0,-0.0001481692363434976,-0.004592368223578185,0.0070796263619533825
10.044245999997656,0.0,0.0,0.0,-0.00028804482584406175,-0.0006751934108193472,0.0039125390172971295
10.096627799997805,0.0,0.0,0.0,4.299857366752118e-05,-4.993612252138638e-05,0.0019628220269575225
10.144286299997475,0.0,0.0,0.0,-7.158386060818007e-05,5.878762208808273e-07,0.0007916108232530329
10.19536109999899,0.0,0.0,0.0,-2.5901574538921857e-06,0.00027017024585180606,0.0004904072411051869
10.2456086999955,0.0,0.0,0.0,-2.8322632839808515e-05,-0.00020317041654122146,0.0007436375749398339
10.29567120000138,0.0,0.0,0.0,5.3020277431656286e-05,2.1045443270438793e-05,0.0005267551904182152
10.345548699995561,0.0,0.0,0.0,-8.320507237720615e-06,-9.868424486694434e-05,-0.0003040377947895115
10.394944400002714,0.0,0.0,0.0,2.260989709567736e-05,0.0001634996758310089,-0.0003215659832276963
10.445770400001493,0.0,0.0,0.0,-2.0176850152040256e-05,0.00018150809070266276,-0.00028220922588371143
10.494929499996942,0.0,0.0,0.0,6.395948506637288e-06,-0.000297278898190194,-0.00022713478222691043
10.54541629999585,0.0,0.0,0.0,7.954109728543303e-06,-0.00018200904914937404,-0.00014287117271569318
10.595427899999777,0.0,0.0,0.0,-1.4635314703094438e-05,0.00016276901591117974,0.0003482636211896069
10.64580659999774,0.0,0.0,0.0,2.138329007137398e-05,1.9975070778493107e-05,-2.3420037162550002e-06
10.69493820000207,0.0,0.0,0.0,-2.8473804279978517e-05,5.540158582860532e-05,-0.00046288553636213213
10.745547599995916,0.0,0.0,0.0,2.814997610188647e-05,-8.002935336912357e-05,-0.0004601787456938431
10.79479700000229,0.0,0.0,0.0,4.257572836792542e-06,0.00038374811311988054,-0.0005132153282194018
10.844639399998414,0.0,0.0,0.0,-2.308473435815901e-06,-0.00045947676517035373,0.00018722104220192932
10.895570599997882,0.0,0.0,0.0,6.074020793138548e-05,0.0006255429690099635,0.00011434701224213726
10.944843299999775,0.0,0.0,0.0,-9.123172320045203e-05,-0.0005562783701944543,0.00018308013839592475
10.993845799996052,0.0,0.0,0.0,1.463659542882177e-05,4.434554439972786e-06,-0.0001555941902275234
11.043626799997583,0.0,0.0,0.0,-1.8758613343594913e-05,-4.072980361413276e-05,-0.0004793964853017264
11.095484600002237,0.0,0.0,0.0,1.489409993670408e-05,-5.8886991705402414e-05,-0.00044250053891964976
11.14735859999928,0.0,0.0,0.0,9.567636642205088e-06,1.1477131458954865e-05,-0.00042695843306943216
11.194712199998321,0.0,0.0,0.0,2.44743688985223e-05,0.00023239769898797066,-0.0003974470456565172
11.246599899997818,0.0,0.0,0.0,-4.8390144694338524e-06,-0.000497974287260264,-0.00039603461935823676
11.295029100001557,0.0,0.0,0.0,6.201062294330084e-05,0.00029090534619849445,-0.00041610206186891966
11.344943500000227,0.0,0.0,0.0,-9.568813813011655e-05,-0.00022032266085515669,-0.00042797756625490284
11.395428600000741,0.0,0.0,0.0,5.5607737239845396e-05,0.00029480468066135255,-0.0001271116585625148
11.444730499999423,0.0,0.0,0.0,-2.510965094459354e-05,0.00019463228112348048,-0.00037865436742952406
11.510693899996113,0.0,0.0,0.0,-3.750406267527993e-05,-0.0004552619504967834,-0.00041819616379101994
11.552955699997256,0.0,0.0,0.0,2.897350487809866e-06,8.394495117228091e-05,-0.0004195064639233304
11.599967399997695,0.0,0.0,0.0,2.4177439277937195e-05,7.010390685491464e-05,-0.00031416496895190745
11.650550899998052,0.0,0.0,0.0,-3.657830351466218e-05,-0.0003643500040252762,-0.00041185479752190704
11.699507999997877,0.0,0.0,0.0,5.582023771196154e-05,0.0005367163928052839,-0.00035873595081506053
11.754286299998057,0.0,0.0,0.0,1.4608416409391628e-05,-9.544995871916439e-05,-0.00020974045835200957
11.802542799996445,0.0,0.0,0.0,-5.079786753222972e-06,0.00019362763055755385,-9.636617666578392e-05
11.847954899996694,0.0,0.0,0.0,-1.7190980129355423e-05,0.00014394438973523366,0.0002457351592874127
11.895837199997914,0.0,0.0,0.0,-1.4816128379753089e-05,0.00021559712265137006,0.0002665869638924574
11.9517726999984,0.0,0.0,0.0,-5.997428566685553e-06,-8.019464686654904e-05,0.000282018592208337
12.000234699997236,0.0,0.0,0.0,-1.549355408902837e-05,-0.00032470299667899705,0.00038754380498440516
12.053591700001562,0.0,0.0,0.0,-5.738379554148414e-06,-8.161942351079239e-05,4.48717009943434e-05
12.099476199997298,0.0,0.0,0.0,4.821708154109717e-06,-0.00029665134190913007,0.0002233694771838716
12.147476300000562,0.0,0.0,0.0,1.5919693606658987e-05,0.0003236175104212995,0.00027363000596623615
12.198882099997718,0.0,0.0,0.0,4.4980873755207326e-05,0.0002845461411041885,0.00022834585239285427
12.250025699999242,0.0,0.0,0.0,1.1130998184027051e-05,-0.00012799356334219903,0.0002497084980988011
12.298993299998983,0.0,0.0,0.0,-6.592457634948988e-05,-0.0003905132500335596,0.00021305760576844062
12.347927299997536,0.0,0.0,0.0,-2.2456998501288674e-05,0.000199088389359417,0.00015800983455822979
12.399546499997086,0.0,0.0,0.0,8.153939203378924e-05,0.00012246494595369143,0.00016038912790799755
12.455033999998705,0.0,0.0,0.0,-1.4174249214516614e-05,-4.882286277047766e-05,-1.6296087440738245e-05
12.50308799999766,0.0,0.0,0.0,-2.2282865575652753e-05,0.0002633435614792115,-6.112177014187672e-05
12.548635599996487,0.0,0.0,0.0,-5.6013261550033815e-05,-0.00032572375894813566,-0.00020527107588194258
12.60391559999698,0.0,0.0,0.0,2.8927589253091958e-05,-4.0570442775901636e-05,-0.0005932338116227415
12.659813899997971,0.0,0.0,0.0,-2.4562116051136958e-05,0.00017681696758861808,0.00012023977096103569
12.700774500000989,0.0,0.0,0.0,2.5080859851505356e-05,5.716496634369124e-05,-0.0002754591442743591
12.754460500000278,0.0,0.0,0.0,9.984544675890934e-05,0.0002436852302300444,-0.0004730093995075054
12.798322099995858,0.0,0.0,0.0,-5.958635357569408e-05,-0.00033914591595551267,-0.0004200472147366803
12.849009899997327,0.0,0.0,0.0,6.359852044344501e-05,-9.815207734230044e-05,-0.00035939956757637137
12.905254199999035,0.0,0.0,0.0,-6.805295283552742e-05,2.0153212488665828e-05,-0.00042403862324681295
12.947114499998861,0.0,0.0,0.0,-1.8666870459079186e-05,0.00012617269122739148,0.00018591465787375414
12.997798199998215,0.0,0.0,0.0,-4.4759038729841145e-06,-8.771702306834724e-05,0.00028970939735849705
13.046520999996574,0.0,0.0,0.0,7.000099279024832e-05,9.003759173066808e-05,0.0002768169422565698
13.100096800000756,0.0,0.0,0.0,-6.84483896562071e-05,-0.00022289305782046046,-7.60601345855383e-05
13.148113499999454,0.0,0.0,0.0,5.045131174757075e-06,0.00025822034132071456,-6.875540642157104e-05
13.201689699999406,0.0,0.0,0.0,-2.2710781808398562e-05,-3.826191897897666e-05,3.89468330797274e-05
13.25575299999764,0.0,0.0,0.0,4.0075090980032114e-05,-0.00012626687702219783,6.29096996500772e-05
13.301349499997741,0.0,0.0,0.0,5.919817057900021e-05,0.0004521262909125632,4.379863667300352e-05
13.354357500000333,0.0,0.0,0.0,-4.680508701637566e-05,-0.00028466931331287703,0.00014766667510795808
13.399172099998395,0.0,0.0,0.0,3.2672920045758656e-05,0.0003197333625155037,0.00021027186607931375
13.451989599998342,0.0,0.0,0.0,-5.7314192384456754e-05,-0.0004777023604470308,0.00028526557354229096
13.505116699998325,0.0,0.0,0.0,2.9189790647892664e-05,0.00024364864725753447,0.00022670699344107847
13.551472099999955,0.0,0.0,0.0,-2.7580477582167136e-05,-0.0002126497631903468,0.00019370212004256483
13.601815100002568,0.0,0.0,0.0,2.6665212080942753e-05,0.00036529802279057293,0.0002554812678967177
13.647257700002228,0.0,0.0,0.0,8.149792378443204e-05,-6.119490410297013e-05,0.000237586221592778
13.70791520000057,0.0,0.0,0.0,-4.9731814876981554e-05,3.4820880371804905e-05,0.000315495947350804
13.75204909999593,0.0,0.0,0.0,-2.6696446442712446e-05,-0.00027781740243274736,0.0002518838472744467
13.804652999999234,0.0,0.0,0.0,2.199329642254251e-06,-0.00017636253210913584,0.0002209347390469051
13.846939999995811,0.0,0.0,0.0,2.5079724336859876e-05,0.0003330922068511057,0.00023499560568213836
13.902777900002548,0.0,0.0,0.0,-1.6605274534537852e-05,0.000266447431741741,0.00023744335168776845
13.953325099995709,0.0,0.0,0.0,-1.4270959162209478e-05,-0.0004548798280207175,0.0004101692182243901
14.00546100000065,0.0,0.0,0.0,-2.0218497979284445e-05,3.8092404187835735e-05,9.601931513278599e-05
14.048303999996278,0.0,0.0,0.0,-2.1885855954980148e-05,-0.00029115483515427203,0.00014577579835809828
14.09648659999948,0.0,0.0,0.0,4.2228660820503376e-05,0.00039421265783890863,0.00022418403864055023
14.151608599997417,0.0,0.0,0.0,-3.866885391201475e-05,-9.633426904090562e-05,0.00024355047025667202
14.198796700002276,0.0,0.0,0.0,5.130967895365441e-05,-5.566651241245187e-05,0.00027698395655868064
14.246589499998663,0.0,0.0,0.0,1.1539661634585172e-05,0.0001867385834864655,0.0002992023721629878
14.305425400001695,0.0,0.0,0.0,3.2826052796406355e-06,-0.0001427935585900218,-7.963127211379166e-05
14.347895899998548,0.0,0.0,0.0,8.470054303914085e-05,-0.00013822455472240635,-0.00010911032960990929
14.397377100001904,0.0,0.0,0.0,-0.00011779194841635981,-5.462903627518162e-05,-0.00013943702931726247
14.448236099997303,0.0,0.0,0.0,-1.626914456404892e-05,-0.00016992705161228527,0.00011905430491960671
14.501825499995903,0.0,0.0,0.0,5.666376515026839e-05,0.0005746805209217026,3.364560334458314e-05
14.55515849999938,0.0,0.0,0.0,2.678107138781778e-05,4.452092891530125e-06,0.00015646865375799608
14.602392599997984,0.0,0.0,0.0,-4.651678219251241e-05,-9.59078407858343e-05,0.00013956507996593329
14.653774300000805,0.0,0.0,0.0,-4.6764040023761305e-05,-0.00035709957314640956,-0.0008034487373492925
14.7024156999978,0.0,0.0,0.0,1.627834534346679e-05,0.00015081818587322807,-0.00047327617537408885
14.752575599995907,0.0,0.0,0.0,7.627269478259935e-05,-0.0001703170933040892,-0.0003844448344591368
14.797058600001037,0.0,0.0,0.0,-8.484527221319711e-05,7.169940067096833e-06,-0.000372099843095387
14.845651899995573,0.0,0.0,0.0,5.65314815754917e-05,0.00029844196175058215,-0.0002657304587026227
14.895823699996981,0.0,0.0,0.0,-4.665319583649947e-05,-0.00010104236993813241,-0.00044194612938075305
14.945340799997211,0.0,0.0,0.0,9.894457951249033e-05,-6.962302972992322e-05,-0.00032295857239002755
14.99710100000084,0.0,0.0,0.0,-0.00010546135288429702,-0.0003850670064478557,-0.0004156400778204498
15.045058700001391,0.0,0.0,0.0,4.822638176861626e-05,0.00015416973909388587,-0.0003845183233962885
15.1049903000021,0.0,0.0,0.0,4.578343503373632e-05,0.0006203437101621283,-0.0003815727170278216
15.155076000002737,0.0,0.0,0.0,-8.572198833058819e-05,-0.0007248023567635873,-0.0003587305811589882
15.205081699998118,0.0,0.0,0.0,-4.58733174522126e-09,-7.829338449854848e-06,-0.0003307553790247465
15.255416899999545,0.0,0.0,0.0,3.918394728980502e-05,-3.558892532607368e-05,-0.00025842088420655583
15.29820920000202,0.0,0.0,0.0,-2.7757467160094278e-05,-9.814370528943091e-05,-0.0002730575016173959
15.35458700000163,0.0,0.0,0.0,-1.8031546761367085e-05,0.00014843310786773282,-0.00028686491733639414
15.404264199998579,0.0,0.0,0.0,1.2260058004305797e-05,0.0005816217587243174,-0.0003017534542377424
15.455993299998227,0.0,0.0,0.0,-4.5547959033359206e-05,-5.8412160640172675e-05,0.00011589833038533994
15.499301500000001,0.0,0.0,0.0,4.087732832374652e-05,-0.00017462806279322786,9.753476016740647e-05
15.547461699999985,0.0,0.0,0.0,-2.3874452748732553e-05,-0.0002799615603454951,0.0001538641089514284
15.603297100002237,0.0,0.0,0.0,1.540612246229687e-05,-5.5875377636376755e-05,0.00016807255293963696
15.651497899998503,0.0,0.0,0.0,-1.3051186274540542e-05,0.0002126322127601772,0.00020000975569676362
15.698409899996477,0.0,0.0,0.0,2.528320030945214e-05,0.00019109374370378089,0.0003090652202717418
15.747594499996922,0.0,0.0,0.0,-2.266405993101266e-05,-0.00010623963422881822,0.00021676575424558212
15.803593399999954,0.0,0.0,0.0,5.000407588692492e-07,-3.9980970448832154e-05,0.0002847477714083465
15.850202000001445,0.0,0.0,0.0,-5.032862697079003e-05,-0.00016037634177143905,-0.0001287199792962082
15.898525500000687,0.0,0.0,0.0,1.8454315381571458e-05,0.00012648358738590341,-0.00016850622470735414
15.951763999997638,0.0,0.0,0.0,5.400668362033463e-05,-8.385655455148202e-05,-0.0003869461645579765
16.000384400002076,0.0,0.0,0.0,6.704652244459518e-05,0.0002855853750237749,-0.0004828783186540165
16.053155399997195,0.0,0.0,0.0,-6.3783922690922e-05,-0.0002281085242149478,-0.00037717450815160205
16.10701529999642,0.0,0.0,0.0,-7.808912975556006e-05,-0.00015717118603008267,-0.00019841658333840008
16.15279659999942,0.0,0.0,0.0,1.9662025667155015e-05,0.00013062343564510914,-0.0001102025197112071
16.200348500002292,0.0,0.0,0.0,3.139321969736387e-05,0.00016602794955497286,-0.0003311151690950657
16.249262600002112,0.0,0.0,0.0,2.1440183162059285e-05,7.34311987896236e-05,-0.0003995084441295712
16.302283799996076,0.0,0.0,0.0,1.5779934159538416e-05,-0.00015796678581434526,-0.0003342767602309482
16.34798430000228,0.0,0.0,0.0,-3.6821134667287825e-05,-0.00020996836067537422,-1.2700085255246573e-05
16.40418559999671,0.0,0.0,0.0,8.78221553981054e-05,0.0005890981890569281,-0.0003970701146385956
16.456727899996622,0.0,0.0,0.0,-8.331080899096542e-05,-4.336285237650238e-05,-0.0002489289145255846
16.499333499996283,0.0,0.0,0.0,-1.5905773430589591e-06,-4.432486306851133e-06,-0.0002503783290694914
16.556182100001024,0.0,0.0,0.0,-4.47650958913385e-05,-1.2721619786786129e-05,-0.0002814625380398855
16.60361379999813,0.0,0.0,0.0,3.905375180978582e-05,-0.0001643234581394457,-0.00021408703220046372
16.65421449999849,0.0,0.0,0.0,-1.1333004037681308e-05,-0.00017772685968355247,5.5246261359625185e-05
16.707254200002353,0.0,0.0,0.0,2.6297112422583323e-05,0.00035667179788526835,-0.0002516888226270531
16.748034299998835,0.0,0.0,0.0,-5.673646924833728e-06,-0.00016317171458973186,-0.00028665063581117086
16.802651799996966,0.0,0.0,0.0,-7.538854887897701e-06,-1.2461395764967848e-06,-0.0002328253508591877
16.852150300001085,0.0,0.0,0.0,-6.354140171906464e-05,2.9630322962351194e-05,-0.0002084433951867774
16.898532599996543,0.0,0.0,0.0,0.00011306994501020996,-0.0002062652978699632,-0.0004091140244516623
16.957181899997522,0.0,0.0,0.0,-3.273235550878281e-05,9.810759438818893e-06,-7.441587290408688e-07
17.002239399997052,0.0,0.0,0.0,0.00012952860731388734,0.0004839240359158976,-0.00017151257694763883
17.05264019999595,0.0,0.0,0.0,-6.266941033404831e-05,9.041677649401408e-05,-0.0001361916700138312
17.10596760000044,0.0,0.0,0.0,-0.0001067669340454841,-0.00043443657228807084,-0.00031433784169665815
17.15210610000213,0.0,0.0,0.0,-3.6502620106581254e-05,-0.0002613298483598225,-0.0003283465886498492
17.20252089999849,0.0,0.0,0.0,1.9974759011951548e-06,0.00031774364138726296,-0.0004306875243912711
17.24890890000097,0.0,0.0,0.0,6.273726699246026e-05,-0.0001935146156973027,6.278753357372944e-05
17.305004900001222,0.0,0.0,0.0,5.1896357747682504e-05,0.0005056130109305881,-0.00015563612853160434
17.353884500000277,0.0,0.0,0.0,-1.1601223800437542e-05,-0.0003324139310117084,-0.0002191601989802093
17.400949299997592,0.0,0.0,0.0,-8.700531089157236e-05,-0.000298719094525491,-0.00017436690677323648
17.453622499997437,0.0,0.0,0.0,-1.9067141405422537e-05,-0.0001043094614551391,0.00012876560210309064
17.502555799997936,0.0,0.0,0.0,4.501258410637547e-05,0.0001883990002559778,-0.00025967586151066224
17.552943499998946,0.0,0.0,0.0,1.3159241133081234e-05,1.191472403859145e-05,-0.0004407485253094238
17.605234000002383,0.0,0.0,0.0,1.8947486701151007e-05,-0.0002365658187400725,-0.0003270985355453245
17.654021299997112,0.0,0.0,0.0,-3.152136228813472e-05,-0.00015717441879096116,-0.0003416990305870894
17.701719500000763,0.0,0.0,0.0,0.00011077634710078625,0.00011919368544578891,-0.0002973104152691246
17.754128699998546,0.0,0.0,0.0,-7.550986368043648e-05,0.0001411888672565824,-0.000268190199221325
17.800816299997678,0.0,0.0,0.0,-2.760251702914838e-06,0.00010078899960337846,-0.00025798760091432703
17.855523500002164,0.0,0.0,0.0,2.543216126368044e-06,0.00031358973551735364,-0.0002679422962262965
17.904481400000805,0.0,0.0,0.0,-2.7302185017716558e-05,-0.0005528048699663208,-0.0003282196020164969
17.956672499996785,0.0,0.0,0.0,2.3896678688778513e-05,0.0003861329379626898,-0.00021401118291189397
18.00429450000229,0.0,0.0,0.0,5.781263876006871e-05,9.384096510337627e-05,-0.00022694653953893236
18.055766500001482,0.0,0.0,0.0,-2.42154238906561e-05,-9.371083590419886e-05,-0.00022277569643235128
18.10113899999851,0.0,0.0,0.0,-3.773550078445532e-05,-0.00014917763413014768,-0.0001609699549332741
18.152247899997747,0.0,0.0,0.0,4.41024301904444e-08,-9.703711393206283e-05,-7.77071913393833e-05
18.204494099998556,0.0,0.0,0.0,-1.5603870407712467e-06,0.0002688527244134864,-0.00022082161947549345
18.253511900002195,0.0,0.0,0.0,-3.434323675593562e-05,-0.000378503620539835,-0.00031478320210208996
18.30445250000048,0.0,0.0,0.0,0.00011911249316111365,0.0006459406968836448,-1.9253731850878253e-07
18.355525099999795,0.0,0.0,0.0,6.557731329395575e-05,7.973532286423607e-05,-0.00017102214617169912
18.407503700000234,0.0,0.0,0.0,-0.00013278368712940286,-0.0005194935052326218,-0.00011676332877974644
18.45598659999814,0.0,0.0,0.0,-7.984653403921448e-05,0.00015620695847710743,-0.0002709963307702212
18.50438530000247,0.0,0.0,0.0,-3.448749568482346e-05,-0.00011311276125635072,-5.679249113679431e-05
18.556642700001248,0.0,0.0,0.0,0.00012288755797387733,0.0002815076646263457,-5.37962113368819e-05
18.6063307000004,0.0,0.0,0.0,-0.00011602838775989508,-0.0001796763565702297,-8.388929936176278e-05
18.653494899997895,0.0,0.0,0.0,7.485126245001741e-05,9.466408814081764e-05,-4.5670187865817685e-05
18.704684399999678,0.0,0.0,0.0,-2.412689680162466e-05,-0.00018785702817809103,-0.00015807675791737865
18.753631100000348,0.0,0.0,0.0,0.00011940870391249152,4.464363201821844e-05,-0.0006940071619692398
18.8024987999961,0.0,0.0,0.0,0.00013824212531813413,0.00045723419560590977,-0.0005306154891815064
18.85693409999658,0.0,0.0,0.0,-0.0002139711456995023,-0.0009186005441356825,-0.00046220315793293724
18.90600640000048,0.0,0.0,0.0,4.802497996958727e-05,0.0003478515698143575,-0.0003113913810446793
18.954595499999414,0.0,0.0,0.0,-7.54929408154647e-05,0.00011812362246646803,-0.00029709797281534024
18.999068500001158,0.0,0.0,0.0,0.00020666414988787843,0.0002111118035295231,-0.00035790046610111156
19.04933699999674,0.0,0.0,0.0,-0.00011262492451524187,-0.00042168900454432254,-0.00033348241003082284
19.104807199997595,0.0,0.0,0.0,-4.389652246059743e-05,0.0007485788694180283,-0.0002548577053611638
19.1529709000024,0.0,0.0,0.0,3.7132322587463106e-05,-0.0005233658961060412,-0.00035154212761175535
19.201537900000403,0.0,0.0,0.0,0.0002807845914448898,0.0003185201765036952,-0.00024358530352591864
19.254752000000735,0.0,0.0,0.0,-0.0003028473610035714,-0.0005416130672260313,-0.00021288305901499488
19.306108500000846,0.0,0.0,0.0,-3.3170514080860085e-05,-0.0002512733973247844,-0.00031585117797570494
19.35229039999831,0.0,0.0,0.0,5.7438974414330475e-05,0.0006444307012784415,5.9929406196418943e-05
19.40215470000112,0.0,0.0,0.0,-1.7641491969011047e-06,-0.00019147057931711875,-0.00018010565322475083
19.45054540000274,0.0,0.0,0.0,4.288999975575749e-05,-0.00018921503112415643,-0.0005277382358542368
19.506732399997418,0.0,0.0,0.0,0.00011637530350801855,0.00039973488863875194,-0.0002900391713385398
19.554120299995702,0.0,0.0,0.0,0.00028871103715725224,0.0004401887176425325,-0.0003298160082449858
19.60244000000239,0.0,0.0,0.0,0.00010115734373706535,0.0006617719248391317,-0.00016311301765193742
19.653727199998684,0.0,0.0,0.0,-8.501367162146105e-05,-0.0006988558804217097,-0.0003275314539484422
19.70351110000047,0.0,0.0,0.0,3.0423171243500113e-05,0.00019485813646648016,-0.00038091465088900295
19.755406299998867,0.0,0.0,0.0,0.00014512008181863175,0.0001370626190642349,-0.00019700549002476614
19.80575400000089,0.0,0.0,0.0,-0.00048630012854241993,-0.000900652667918674,-0.00016539771144738642
19.854630499998166,0.0,0.0,0.0,-0.00017191608780219492,-1.8129683778990693e-05,-0.000261848886690959
19.929555099995923,0.0,0.0,0.0,0.0002379601719862543,0.0004266804246324119,-0.0004385451545178814
19.989950999995926,0.0,0.0,0.0,-0.00026812734440596577,-0.00044778471135844286,-0.00040095216411481667
20.03859519999969,0.0,0.0,0.0,0.00016195963167620224,0.0002704887474005328,-0.00027512635296030215
20.091259299995727,0.0,0.0,0.0,-0.00012951091907048492,-0.0006839654630508396,-0.00018224788699517438
20.14719889999833,0.0,0.0,0.0,-7.067646581413587e-05,7.205068841924304e-05,-0.0002107724711273563
20.190619900000456,0.0,0.0,0.0,-3.5108342948953846e-05,0.0001556620358618923,-7.024080665243535e-05
20.252780800001347,0.0,0.0,0.0,9.946302997805233e-05,4.141631202319429e-05,-0.00024396285382695236
20.29458909999812,0.0,0.0,0.0,-6.507664519817566e-05,5.290778368951615e-05,-0.00024708580740550885
20.341462199998205,0.0,0.0,0.0,-1.6134238790228955e-05,-4.511944987213146e-05,-0.00032187439244384184
20.399636900001497,0.0,0.0,0.0,-7.298854044371616e-06,0.00039847075801794523,-3.177434062160707e-05
20.437165399998776,0.0,0.0,0.0,-4.6391153958944663e-05,0.00018311117029752957,-0.0002358092780415595
20.489545999997063,0.0,0.0,0.0,5.660468102990275e-06,-0.00043626621735283244,-0.0001228344265154043
20.53341250000085,0.0,0.0,0.0,2.183855385299145e-05,-0.00020179621447687557,-0.0003809713713741106
20.588254000002053,0.0,0.0,0.0,2.802941084711629e-05,0.0003598575041093239,-0.00019877628046227407
20.633922100001655,0.0,0.0,0.0,-1.6984196227190288e-05,-0.0004232822544688016,-0.00022796990847855368
20.685699800000293,0.0,0.0,0.0,3.5879199847668755e-05,0.00030726771515271603,-6.547680383450256e-05
20.734846999999718,0.0,0.0,0.0,-5.910556851949333e-05,0.0003943497077987083,-4.061326395461352e-05
20.792241099996318,0.0,0.0,0.0,6.010425055627376e-05,-0.0001366483525348028,-0.0002634872524091368
20.834362800000235,0.0,0.0,0.0,-3.6618647933829664e-05,-0.00014224163009759257,-0.0001329331152990797
20.88149759999942,0.0,0.0,0.0,-2.7991270285173942e-05,-0.00024568198409808474,-0.00033972765240476005
20.934163400001125,0.0,0.0,0.0,1.1350840169534633e-05,0.00022214116959640297,-9.94492221352052e-05
20.983648299996275,0.0,0.0,0.0,-6.95663541151296e-06,-0.0006199391025191929,-0.0002540074718035577
21.036930199996277,0.0,0.0,0.0,-5.649466143998815e-06,0.00024259481331734192,-0.0003344014421269385
21.081812799995532,0.0,0.0,0.0,2.1720329025982372e-05,0.0003986564450278485,-0.0001827051952044561
21.13551290000032,0.0,0.0,0.0,-2.079324925395722e-05,-0.00017569273656249895,-0.0001728227180627239
21.183400599999004,0.0,0.0,0.0,2.7542007333894715e-06,0.0002038141758854989,-0.0001508690397746895
21.23773380000057,0.0,0.0,0.0,-1.182989544165715e-05,-0.00034679734904956327,-0.00015478359330445081
21.284851399999752,0.0,0.0,0.0,1.3296014655004726e-05,8.388841258696479e-05,-0.0002830810987430485
21.332805300000473,0.0,0.0,0.0,1.4800718748409176e-05,-3.960054840488652e-05,-0.00021698457350128616
21.380820999998832,0.0,0.0,0.0,-2.79928097338601e-05,5.531147985106139e-05,-0.0001267698911382307
21.43164650000108,0.0,0.0,0.0,-1.843300423730132e-05,-0.00022806503764891668,-9.992256908334337e-05
21.484228000001167,0.0,0.0,0.0,6.600600620378279e-05,0.00014664981952625615,-0.00010526299760900197
21.52852229999553,0.0,0.0,0.0,8.984333350135279e-06,0.00041921274677354754,-5.457276217590812e-05
21.584737299999688,0.0,0.0,0.0,-1.9508085490405977e-05,-0.0006177070677019402,-4.799198580621558e-06
21.63898789999803,0.0,0.0,0.0,-3.228347074146983e-05,0.0003376539340716375,-0.0003875665402360266
21.683702000002086,0.0,0.0,0.0,8.276291863936436e-06,-1.330480808021868e-05,-0.0002611437981550822
21.731507399999828,0.0,0.0,0.0,9.96189122320513e-06,-8.716600357481977e-05,-0.0004262292419743907
21.78196229999594,0.0,0.0,0.0,-6.089871848891937e-06,0.00014151828617535857,-0.00034057516296069623
21.833731899998384,0.0,0.0,0.0,4.8679512259015414e-06,9.085569272009039e-05,-0.0001683789356861797
21.885577200002444,0.0,0.0,0.0,2.938856907126838e-05,1.0935629215277774e-06,-0.00011299827235069082
21.933513399999356,0.0,0.0,0.0,-3.112119582847299e-05,-3.858966152931336e-05,-0.00020513278529467967
21.985532599996077,0.0,0.0,0.0,5.32618970885341e-06,-0.0001253026242630314,0.0003889653267325992
22.03539710000041,0.0,0.0,0.0,6.200586100391155e-05,-0.0002821497578139262,-0.0002444561499014078
22.086673300000257,0.0,0.0,0.0,-7.446775158213715e-05,-5.010315499004132e-06,-0.00023059618406191356
22.137375300000713,0.0,0.0,0.0,2.993104286949018e-05,0.00047521078772039504,-0.0003550929362593063
22.18101249999745,0.0,0.0,0.0,9.736451072526239e-06,-0.00042996525134368624,-0.0004097586045079811
22.234329899998556,0.0,0.0,0.0,2.251647718189942e-05,0.00043251645482404516,-0.000324780767542448
22.27872679999564,0.0,0.0,0.0,-9.672500794388763e-05,-0.00011876461602762625,-0.0002571032192076845
22.336784699997224,0.0,0.0,0.0,5.036343904818539e-05,-4.1033280047631737e-05,-0.00046016962182082353
22.384742099995492,0.0,0.0,0.0,1.2098174480821001e-05,-0.0003451079955156804,-0.0005029634437718212
22.43359220000275,0.0,0.0,0.0,-6.368763127783952e-06,4.359770995108722e-05,-0.00043858964247644436
22.482813000002352,0.0,0.0,0.0,1.3651573548523807e-06,0.0002686099845785432,-0.0004140282197536203
22.53734540000005,0.0,0.0,0.0,2.29250683841351e-05,-0.0002902765349141004,-0.0004760065769074124
22.581579600002442,0.0,0.0,0.0,-2.1061088636889787e-05,0.00022445811773614375,-0.00034591441449835665
22.634996200002206,0.0,0.0,0.0,-2.3540477007090526e-05,-0.00024114303192534708,-0.00039748770370765256
22.686869099998148,0.0,0.0,0.0,-7.266344007926781e-06,0.00021149295356332783,-0.00041508346000775824
22.73647859999619,0.0,0.0,0.0,1.5055383878666706e-05,5.500975812511753e-05,-0.00031761506779018166
22.781390199997986,0.0,0.0,0.0,2.203969098409868e-05,-0.00013679276709292285,-0.00034081153320124114
22.83036759999959,0.0,0.0,0.0,-5.8006260973184904e-06,-1.5008851778646828e-05,-0.00034840900575045815
22.88204229999974,0.0,0.0,0.0,-4.966760532730936e-05,-0.00023451071798282115,-0.000433068292107435
22.935736200000974,0.0,0.0,0.0,7.656256603335566e-05,0.0005644077059035037,-0.00022293330944971943
22.98300190000009,0.0,0.0,0.0,-5.415933718933369e-05,-0.0003676327812711051,-0.00036531911545472327
23.03549860000203,0.0,0.0,0.0,-1.352535020935345e-05,0.00010627978876889276,-0.0002622539326129535
23.076936899997236,0.0,0.0,0.0,5.986708512638576e-05,0.00016248150974320673,-0.0003633584646185995
23.12539200000174,0.0,0.0,0.0,-2.7510821325723188e-05,-0.00024210927935766526,-0.00018542033677555433
23.185135899999295,0.0,0.0,0.0,-3.3930809890695763e-06,0.00039425049456329577,0.00026206404324058364
23.230449199996656,0.0,0.0,0.0,-1.4363732708424046e-05,2.236410226492585e-05,0.00018846054655539084
23.2784032999989,0.0,0.0,0.0,2.2577908746480495e-05,-5.069797015234009e-05,0.00021314410120684094
23.334585600001446,0.0,0.0,0.0,-2.4966122443456532e-05,5.5160723600823175e-05,0.00026444839381384126
23.382521300001827,0.0,0.0,0.0,-1.2381969927228632e-05,0.00029357736225802696,0.0002637361670139558
23.43679610000254,0.0,0.0,0.0,1.2618864838061603e-05,-0.0003346111884493344,0.00036745097806515416
23.47780989999592,0.0,0.0,0.0,4.6334535607679106e-05,-0.0003607791961508086,-0.00023635134511706436
23.53505099999893,0.0,0.0,0.0,-3.496960448683637e-05,0.00016849236037240738,-0.00019423562327878905
23.585839499995927,0.0,0.0,0.0,3.5621000799314077e-06,0.00037723776572218606,-0.0002102007252834448
23.62599919999775,0.0,0.0,0.0,-2.55064704818328e-05,-0.0007711649078294379,-0.00012673590363225016
23.680501199996797,0.0,0.0,0.0,1.1660138274384801e-05,0.0002668466093106011,-0.00022779323105397246
23.731726300000446,0.0,0.0,0.0,1.3569344676393335e-05,0.00037909023593407187,0.0003294639428057827
23.7847363999972,0.0,0.0,0.0,1.1982045828049536e-05,-0.00017064324155459122,0.000356185183329149
23.82651690000057,0.0,0.0,0.0,-2.4705466063910523e-05,-0.00012329730899236012,0.00029659388437782894
23.8819599999988,0.0,0.0,0.0,7.431779021481542e-06,0.00020359546496182034,0.0002343813725281298
23.930238399996597,0.0,0.0,0.0,-1.1633181355134866e-05,0.0001897041365264082,0.00023210875399293424
23.985857699997723,0.0,0.0,0.0,-2.574296322709154e-05,0.0002605437943634879,-0.0005306632765554848
24.026837699995667,0.0,0.0,0.0,-1.744100436885194e-05,-0.0006727722192304083,-0.000247025407507764
24.07659959999728,0.0,0.0,0.0,5.587873808723935e-05,5.2178171232355004e-05,-0.0004897993354469953
24.125291399999696,0.0,0.0,0.0,-1.4169885404933218e-05,0.0004589303994990731,-0.00039685838988346925
24.176877400001104,0.0,0.0,0.0,1.8373388606120012e-05,-0.0005873031732392232,-0.0004111980323513618
24.23346959999617,0.0,0.0,0.0,-7.50531172947858e-06,2.342160688828516e-05,-0.00037527124143445624
24.27753059999668,0.0,0.0,0.0,1.606746827632734e-05,8.783665745698701e-05,-0.0003542889601704511
24.33316670000204,0.0,0.0,0.0,1.5061381784271603e-05,-5.730302182835379e-06,-0.0003861594128829847
24.384936800001014,0.0,0.0,0.0,3.624227966215701e-05,0.0002990638182766218,-0.00031523374461385814
24.43437450000056,0.0,0.0,0.0,-6.354586072593743e-05,-1.3514632702025362e-05,-0.00019104132985475072
24.48355789999914,0.0,0.0,0.0,1.6050752690621577e-06,-0.0002539741082970202,3.204961543536798e-05
24.532373199996073,0.0,0.0,0.0,5.042099578687675e-06,6.926590143566308e-08,0.00020332745545781263
24.577277600001253,0.0,0.0,0.0,-1.4307639523677562e-05,0.00018135724176601172,0.00017000160617418368
24.632072000000335,0.0,0.0,0.0,-4.524627701425099e-05,3.150455450967023e-05,0.0001509168955862346
24.67681040000025,0.0,0.0,0.0,2.5613339326100845e-05,-2.026497824612717e-05,-0.00039000302941077816
24.725255400000606,0.0,0.0,0.0,1.6301423721452624e-05,5.838614679492894e-05,-0.00027004064526517005
24.775700199999847,0.0,0.0,0.0,-4.071588430166528e-05,-0.00022443962379332932,-0.0003842977359853707
24.829465700000583,0.0,0.0,0.0,1.0480988322405694e-05,-0.0001852391438361051,-0.00019469600912390818
24.884756899999047,0.0,0.0,0.0,-2.881632712237451e-06,9.266054369827756e-05,-0.00020431501931008787
24.931548900000053,0.0,0.0,0.0,5.617531617406272e-05,-0.00012453158408128913,0.00010255155019575427
24.982972799996787,0.0,0.0,0.0,-2.9282992933423253e-05,0.0003915646574596577,0.0002299635927012912
25.03193669999746,0.0,0.0,0.0,2.4052660581695494e-05,-0.0003155479478032482,0.0003128167396520567
25.077113300001656,0.0,0.0,0.0,-6.036553050359226e-06,0.0005205895472291769,0.00029203947402383707
25.132477899998776,0.0,0.0,0.0,-6.107849506680019e-06,-0.0008156779883156937,0.00018954623394344645
25.18410479999875,0.0,0.0,0.0,3.167410777514472e-05,0.0005259451886417176,0.0002602170627859217
25.230970399999933,0.0,0.0,0.0,-3.8934267875264875e-05,-0.00027508375278352716,0.0003602085076539292
25.28395759999694,0.0,0.0,0.0,-4.892666286153816e-06,8.584076389294812e-05,0.00028539384436663385
25.33089949999703,0.0,0.0,0.0,5.602307506418562e-05,-0.0003444760920800858,0.0004277960281672394
25.383128100002068,0.0,0.0,0.0,-2.5572778564473144e-05,6.799823749623731e-05,0.00032955365923110895
25.43396589999611,0.0,0.0,0.0,1.2539874814211322e-05,0.00017711977130707246,0.00031638262146336355
25.482485799999267,0.0,0.0,0.0,-4.2656231586357295e-05,-0.000374404543272231,-0.00013840558295160984
25.52856459999748,0.0,0.0,0.0,-9.846424499817008e-06,0.00024357603217307008,-0.0002789781983751121
25.58152549999795,0.0,0.0,0.0,1.5391003055239386e-05,0.0003516563156993872,-0.00032609899348681905
25.624960100001772,0.0,0.0,0.0,3.6724348208016158e-06,7.060889222771123e-05,-0.00019903418907686184
25.678517300002568,0.0,0.0,0.0,0.0001011506545999364,-0.00016505814228884438,-6.63850676440083e-05
25.734687800002575,0.0,0.0,0.0,-6.939773601406426e-05,-5.313817307339519e-05,0.00015370532063235765
25.77679419999913,0.0,0.0,0.0,-2.5213119021477994e-05,-2.670812228191173e-05,8.106873388633841e-05
25.82967279999866,0.0,0.0,0.0,-1.716473963230124e-05,9.131316244229782e-05,-0.00017787725099122794
25.88389029999962,0.0,0.0,0.0,4.528291482954405e-05,-2.432874236225358e-06,-0.00014826214790500646
25.934427200001664,0.0,0.0,0.0,-2.623451283503502e-05,-0.0004385255508744833,-0.00011731186652377547
25.97919389999879,0.0,0.0,0.0,6.601907912858335e-06,0.00044206634587192666,-8.351363148074566e-05
26.026257199999236,0.0,0.0,0.0,-6.668143025068444e-06,-9.775048296798577e-05,3.22527211185589e-05
26.079109199999948,0.0,0.0,0.0,2.4270647213915263e-05,-0.0001805285583015036,7.337824802345769e-05
26.134772299999895,0.0,0.0,0.0,1.2843173774945875e-05,6.69229283391905e-05,0.00019352428627861313
26.185589799999434,0.0,0.0,0.0,-3.0323386295731786e-05,3.649264877850102e-05,0.00024227141330950195
26.232780799997272,0.0,0.0,0.0,-1.0674481046275796e-05,0.00040585018179212446,0.0002321153650870698
26.27542810000159,0.0,0.0,0.0,7.93655877364275e-08,-0.0003040223307411489,0.00031276079511398044
26.333155599997554,0.0,0.0,0.0,-6.155289366868999e-06,-0.0004543461314021247,0.00012928204500843238
26.381996999996773,0.0,0.0,0.0,3.888825916676921e-05,0.0004867687331443126,0.0003294337604824694
26.43433350000123,0.0,0.0,0.0,-2.2986031793522266e-05,-0.00033739017897165815,-0.00013755262257968872
26.47516039999755,0.0,0.0,0.0,-1.7784424887428302e-05,9.578764582440492e-05,-7.174281682965237e-05
26.53223579999758,0.0,0.0,0.0,1.6236780372882527e-05,3.918957611308241e-05,-9.640790356286813e-06
26.575540300000284,0.0,0.0,0.0,-5.998895506395315e-06,-0.0002001266761569044,-2.206375435507768e-05
26.631366199995682,0.0,0.0,0.0,-2.598440120087546e-07,0.0005729120165076768,2.643569096763667e-05
26.68324069999653,0.0,0.0,0.0,-1.1403737859964532e-05,-0.0006738738386345741,7.617866173436173e-05
26.72886660000222,0.0,0.0,0.0,3.4445997834891096e-06,0.00029713762488379694,0.0002113463149736719
26.783592200001294,0.0,0.0,0.0,7.168180475274198e-06,0.0002420782316727177,0.00018842755120950812
26.8273590999961,0.0,0.0,0.0,2.9765086658947803e-05,-0.00019817436564497284,0.0001980394937348224
26.877204199998232,0.0,0.0,0.0,1.042941629636566e-05,8.576622084588973e-05,0.00032889808613805827
26.927044899995963,0.0,0.0,0.0,-3.010326484062451e-06,-0.00023113516237119357,0.00013116453118816005
26.981682500001625,0.0,0.0,0.0,-9.521896011064795e-06,0.0001519940826982599,0.0002793576009708879
27.030960199997935,0.0,0.0,0.0,1.1833595578979807e-05,0.0001616365866164067,0.00022104835519592576
27.08291889999964,0.0,0.0,0.0,-3.7546711643832245e-05,5.426589568154746e-05,0.0002764178101993885
27.12590810000256,0.0,0.0,0.0,-8.820209004723739e-06,-0.0001611659568660241,0.00022164830680862816
27.183125600000494,0.0,0.0,0.0,-1.9694223275615934e-05,-1.721620058856058e-05,-3.5826231211115526e-05
27.22656950000237,0.0,0.0,0.0,6.572064040214687e-07,0.0002514623038240433,-0.00011989012099787843
27.27967279999575,0.0,0.0,0.0,-1.3497896855645867e-05,-0.0005872260821723077,-0.0005061145948990251
27.32651459999761,0.0,0.0,0.0,4.7485718304081e-05,8.579863241782067e-05,-5.060238860931557e-05
27.37602809999953,0.0,0.0,0.0,3.408445647284446e-05,0.0005064032866304153,0.0003203577611817207
27.432260299996415,0.0,0.0,0.0,-2.228446349359525e-05,-0.00039892325342291165,0.0003346798672550066
27.47579749999568,0.0,0.0,0.0,-3.5693293654759355e-06,5.936327888056265e-05,0.0005762212593152363
27.527797599999758,0.0,0.0,0.0,-3.48223970737642e-05,-0.00015108982904792133,-0.0002347926635609603
27.57976819999749,0.0,0.0,0.0,3.6524868845206675e-05,3.5255606517396193e-06,-0.00018814565333929057
27.625801800000772,0.0,0.0,0.0,-1.638328739794129e-05,0.0003372519226561401,-3.795949827676036e-06
27.68379090000235,0.0,0.0,0.0,1.0181595033513645e-05,-9.844630916752189e-05,4.575749973575891e-05
27.734139899999718,0.0,0.0,0.0,-1.4883333298370917e-05,6.595789940533635e-05,7.33630824405477e-05
27.781107199996768,0.0,0.0,0.0,1.7600522852012348e-05,0.0002143785066403109,8.518553425498097e-05
27.829582400001527,0.0,0.0,0.0,-1.2477607955139918e-05,-0.0004542843714829248,6.063618667720857e-05
27.88434089999646,0.0,0.0,0.0,9.560216642487607e-06,0.0003220622813372855,2.666959871931262e-05
27.93161659999896,0.0,0.0,0.0,3.9942863060974485e-05,-0.0005559746830554055,-0.0001633416418959436
27.983843800000614,0.0,0.0,0.0,2.296854046426219e-06,0.00021491565152067144,-0.00028732770636810787
28.026014900002338,0.0,0.0,0.0,-1.9150338126320066e-05,0.0004967443755538493,-0.0002836871393790931
28.076614699995844,0.0,0.0,0.0,-1.2426706930554296e-05,-0.0004978829708722353,-0.0003065000367541286
28.12484879999829,0.0,0.0,0.0,2.8637596552298554e-05,9.257734523055383e-05,-0.0002631075696105039
28.183613200002583,0.0,0.0,0.0,-3.835966630079283e-06,4.866512833639704e-06,-0.0002984290557313441
28.232988399999158,0.0,0.0,0.0,-3.201168806813235e-05,-0.00010187929313670312,-0.0003026208299273264
28.27836689999822,0.0,0.0,0.0,4.3842124016348695e-05,-0.0002631057497642859,-0.00040502015773791515
28.334436700002698,0.0,0.0,0.0,-5.1748313279446845e-05,-2.6145424930285107e-06,-0.00034781436610552995
28.381584299997485,0.0,0.0,0.0,3.526512482911115e-05,0.00030284254192073615,-0.0002490541926363222
28.431311399996048,0.0,0.0,0.0,-2.6360590807744184e-05,0.0001972940153034249,-0.0002573288351016684
28.476669600000605,0.0,0.0,0.0,8.635743663702661e-06,0.0002835430485965117,-0.0001682874123371849
28.527858699999342,0.0,0.0,0.0,-2.8741719315857046e-05,-0.00047930933545201244,-0.00031667324164775493
28.5829797999977,0.0,0.0,0.0,1.139241905162909e-05,5.9399704897283954e-05,-0.00033187200552010205
28.63229599999613,0.0,0.0,0.0,3.054525289734578e-05,-0.0002139956923228161,-0.0003736717764766637
28.681740499996522,0.0,0.0,0.0,1.9693025102432627e-06,-0.00017247844174328843,-0.00039763731582202565
28.738202900000033,0.0,0.0,0.0,-1.80274508395057e-05,0.0006111914527002663,-0.0002812987121564794
28.7813118999984,0.0,0.0,0.0,3.4015716501397634e-06,-0.00037367633001441535,-0.0002690912816140364
28.828385699998762,0.0,0.0,0.0,-9.19038641718548e-06,8.524511162942721e-06,-0.00030050598687416443
28.881348000002617,0.0,0.0,0.0,1.9612292078091694e-05,2.2420164870364593e-05,-0.0002488097363070332
28.928059300000314,0.0,0.0,0.0,-3.760852212120228e-05,0.00016630020108209203,-0.0002588024549554793
28.983319999999367,0.0,0.0,0.0,1.2509230037816488e-05,-4.7683775452837465e-05,-0.00020295598214302804
29.03317799999786,0.0,0.0,0.0,-3.078098347947477e-05,0.0004368184575389327,-0.0001930451959448375
29.076111900001706,0.0,0.0,0.0,5.671994688388534e-05,-0.00025437137114899227,-0.00029300314141321947
29.135102300002472,0.0,0.0,0.0,-3.6471166836229426e-05,-1.7393733672515733e-05,-0.00036706965690032833
29.175946499999554,0.0,0.0,0.0,1.1065822830928855e-05,-1.1340732129084935e-05,-9.857450213009008e-05
29.234319199997117,0.0,0.0,0.0,-7.441196172402644e-05,0.0006375097920511813,-6.462255732649902e-05
29.275485400001344,0.0,0.0,0.0,-3.5037556787047176e-05,0.0007476711128381848,2.1363207072584938e-05
29.336868200000026,0.0,0.0,0.0,7.595568140036689e-06,-1.9202515336699532e-05,1.6013535370849383e-06
29.383540599999833,0.0,0.0,0.0,-1.3455462131421581e-05,2.328556755269265e-07,8.971568281968411e-06
29.432225199998356,0.0,0.0,0.0,8.98360995325977e-06,-3.5024616279707063e-06,-3.360549592601672e-06
29.481977700001153,0.0,0.0,0.0,2.9819309687993843e-06,-1.163153152116941e-07,-1.654730948490718e-05
29.530755200001295,0.0,0.0,0.0,-4.89940109618048e-06,-1.1727550961919971e-06,-1.1633763266536456e-05
29.585441399998672,0.0,0.0,0.0,-6.400644292716122e-06,-4.0110051906372514e-07,1.2294990896742978e-06
29.632425399999192,0.0,0.0,0.0,6.449857480181836e-06,-2.8119653110333333e-06,-1.0311598721816511e-05
29.677056000000448,0.0,0.0,0.0,-6.742883824203499e-06,8.506890021632258e-07,-4.975984300491429e-06
29.732508000000962,0.0,0.0,0.0,3.918138134445986e-08,-8.109249117963139e-07,3.2291270780027117e-07
29.78586920000089,0.0,0.0,0.0,-5.203125613586098e-07,3.168424735928201e-06,-6.573200904343027e-06
29.82644640000217,0.0,0.0,0.0,4.406431261039249e-07,-2.9318949276773944e-06,6.229455812877015e-07
29.875987499995972,0.0,0.0,0.0,5.870628592932457e-06,2.7393628018494237e-06,-6.466331897791178e-06
29.92507160000241,0.0,0.0,0.0,-4.796167962280306e-06,-9.36185037901451e-06,-1.2397756502152219e-05
29.98115809999581,0.0,0.0,0.0,1.3831066662677953e-05,-7.466362325930701e-07,-7.353217958652818e-06
30.03402339999593,0.0,0.0,0.0,-3.3282320161226913e-06,3.855046134242281e-06,-5.270067491064414e-06
30.08292849999998,0.0,0.0,0.0,-1.0577937903491692e-05,1.6149443101206956e-06,-9.410809776568362e-06
30.126066199998604,0.0,0.0,0.0,1.184217957201008e-05,-1.6728555855297291e-06,4.780378565097944e-06
30.18254750000051,0.0,0.0,0.0,-1.1980883072670803e-05,5.143372568055921e-07,6.391506787075313e-06
30.233736399997724,0.0,0.0,0.0,-7.887368116976803e-07,-3.954382210260043e-06,-5.513175598558852e-06
30.276386799996544,0.0,0.0,0.0,2.804482888665559e-07,2.877267607341767e-06,-7.779514947143797e-06
30.32507120000082,0.0,0.0,0.0,-6.8260626847905e-07,4.968351718305325e-07,-3.7281744235340668e-06
30.378258999997342,0.0,0.0,0.0,5.901300639368692e-06,-2.2007627034317324e-06,-9.61730514315069e-06
30.435682800001814,0.0,0.0,0.0,-5.423854350644508e-06,4.3227421156565715e-07,-1.3089984199724034e-05
30.476845400000457,0.0,0.0,0.0,7.629428211848317e-06,-1.3570904132058215e-06,-6.950874981340143e-06
30.534104899998056,0.0,0.0,0.0,-1.639693541495363e-07,-1.8540769212299362e-06,-8.660243981835908e-06
30.582794900001318,0.0,0.0,0.0,-6.283651227118186e-06,7.186318755862794e-07,-1.5387969203269423e-05
30.62843569999677,0.0,0.0,0.0,6.295039594038346e-06,1.2966865628367711e-06,-9.93568200646192e-06
30.67484510000213,0.0,0.0,0.0,-8.621092790807211e-06,-4.207864980784869e-07,-1.577165118377657e-05
30.734295199996268,0.0,0.0,0.0,1.2057711665163491e-05,9.398310252017638e-07,-1.5487977806325566e-05
30.77987479999865,0.0,0.0,0.0,-1.155504454264994e-05,3.3917761072209537e-06,-1.3975151557758692e-06
30.83029389999865,0.0,0.0,0.0,6.704841540087833e-06,-5.980169323985696e-06,-9.613601812396294e-06
30.882349599996815,0.0,0.0,0.0,2.292784774268e-06,-1.7572906021571497e-06,-1.1900525589451694e-05
30.926534500002163,0.0,0.0,0.0,1.2402755531771722e-07,3.1027005693735364e-07,3.0832068213616602e-06
30.97534540000197,0.0,0.0,0.0,-8.827170087625083e-06,4.881365572112944e-06,3.408287134360078e-06
31.024597800002084,0.0,0.0,0.0,6.456472507563919e-06,-7.043234570026309e-06,-8.701264705736766e-07
31.084980300001916,0.0,0.0,0.0,-1.5720410372194432e-06,3.7503473492525772e-06,-2.648503497019946e-06
31.127133399997547,0.0,0.0,0.0,6.70286031750777e-06,-2.5214572772133624e-06,-6.163818885366678e-06
31.175916699998197,0.0,0.0,0.0,-5.575378686988561e-06,4.607019341609909e-07,-1.9561682579906803e-05
31.225464900002407,0.0,0.0,0.0,1.056135832330126e-06,1.0196345989495012e-06,-8.637590258541121e-06
31.28709119999985,0.0,0.0,0.0,-6.402415647547283e-06,-1.0732034462179546e-05,-4.351372180670307e-06
31.332426599998144,0.0,0.0,0.0,9.901347017723946e-08,9.495137418415256e-06,4.730140770359877e-06
31.374913300001936,0.0,0.0,0.0,6.030174423955728e-06,-7.5847829052494986e-06,-6.246455053346565e-06
31.425170599999547,0.0,0.0,0.0,-7.04385305243958e-08,-2.004783356642778e-06,-4.244692907068928e-06
31.476329899996927,0.0,0.0,0.0,8.357901366618827e-06,3.1275020504453536e-06,-1.019702761719939e-06
31.53353249999782,0.0,0.0,0.0,-1.5207024133497615e-05,2.221115097714072e-06,-2.6405398967961346e-06
31.57523019999644,0.0,0.0,0.0,6.452625679851176e-07,-5.8018670680076104e-06,2.162777225136541e-06
31.632707700002356,0.0,0.0,0.0,-8.205458474162645e-07,2.8132022806832073e-06,4.796336493701965e-06
31.679188100002648,0.0,0.0,0.0,1.6180499987370864e-07,-1.647903875732659e-06,3.0608087616410836e-06
31.733726899998146,0.0,0.0,0.0,1.554563823872592e-06,8.092267882207533e-07,-1.6813017110043534e-06
31.78464399999939,0.0,0.0,0.0,3.7493879284758156e-06,-7.367925406943112e-07,1.2350218211319212e-07
31.831696499997634,0.0,0.0,0.0,9.616422657686157e-06,-4.38237643368347e-06,-9.296640364938532e-06
31.88232070000231,0.0,0.0,0.0,-1.4283694917523289e-05,6.018984983141585e-06,5.0638536425614e-06
31.932467300001008,0.0,0.0,0.0,1.4164639510001004e-05,-2.375622602183428e-06,-8.830841334681682e-06
31.975246900001366,0.0,0.0,0.0,-1.5150167581474392e-05,1.6210211363670878e-06,-4.413661133903467e-06
32.02581810000265,0.0,0.0,0.0,1.4647075168759725e-06,-4.5050653255904576e-07,6.358864601470551e-06
32.08292619999702,0.0,0.0,0.0,6.211469302073113e-06,-6.913029317868833e-06,-4.355717677613746e-06
32.12733170000138,0.0,0.0,0.0,5.5404279384635835e-06,2.4029505847045493e-06,-1.2097136611099972e-05
32.176873700002034,0.0,0.0,0.0,-6.771799045137409e-06,-4.512759666502344e-06,-4.915312344913747e-06
32.227467899996554,0.0,0.0,0.0,-5.7267683688644695e-06,8.927668807017757e-06,3.171963908354148e-06
32.27643299999909,0.0,0.0,0.0,5.272168857148868e-07,-3.539706400715529e-06,4.936377979420896e-06
32.33468510000239,0.0,0.0,0.0,5.60933656581557e-06,-5.690291786155227e-07,-4.6511999104326665e-06
32.38247440000123,0.0,0.0,0.0,-4.9871426067893736e-06,-5.666307071653475e-07,-8.636673349239547e-06
32.43269370000053,0.0,0.0,0.0,5.608544510575619e-06,-4.2731721256992515e-06,2.9560513271779723e-06
32.47514249999949,0.0,0.0,0.0,-6.184385846203846e-06,1.4972521739195613e-06,1.6726101683683648e-06
32.52796919999673,0.0,0.0,0.0,8.689820283795063e-06,-7.739551135555489e-06,-3.407484250365732e-06
32.57794180000201,0.0,0.0,0.0,-7.509384120166612e-06,5.6736628753920396e-06,-7.507524446573551e-07
32.62607679999928,0.0,0.0,0.0,-1.177525675185376e-06,2.3484628898237556e-06,1.8734410318014266e-06
32.68211699999665,0.0,0.0,0.0,6.225950114447937e-06,-2.5458297477945057e-06,-2.858654163395123e-06
32.732698300002085,0.0,0.0,0.0,2.621935016679651e-06,-4.990410725219955e-06,-6.051715721894132e-06
32.77844280000136,0.0,0.0,0.0,-3.235011934333618e-06,1.97116119032473e-06,-9.365682969569729e-06
32.83314760000212,0.0,0.0,0.0,5.755137149257467e-06,-4.402622226300811e-07,-2.9078457663115545e-06
32.87456399999792,0.0,0.0,0.0,-1.1090723874590881e-05,3.370191636242235e-06,-4.476835300229861e-06
32.93177039999864,0.0,0.0,0.0,-1.9781093916920744e-07,-7.440785783810083e-06,3.543042028739232e-06
32.983621499995934,0.0,0.0,0.0,-1.0093316060544364e-06,6.106811641893518e-06,-5.375137723064116e-06
33.03210630000103,0.0,0.0,0.0,9.01869839960303e-06,-2.0252924338390097e-06,3.6959196313278655e-06
33.08078789999854,0.0,0.0,0.0,-8.066633075962686e-06,3.967409542840576e-06,4.1060740009775955e-06
33.1314452000006,0.0,0.0,0.0,8.130486720242196e-06,-7.2099151207796184e-06,1.321983829907476e-06
33.18325080000068,0.0,0.0,0.0,-7.711056613694533e-06,1.461826649908791e-06,-5.602487536275734e-06
33.23762259999785,0.0,0.0,0.0,1.2149807874292998e-05,5.611170084529419e-07,-2.1949847940987376e-06
33.275345100002596,0.0,0.0,0.0,-5.288976970913242e-07,4.923197952101995e-07,-7.244107994619243e-07
33.32948690000194,0.0,0.0,0.0,-6.886849223698678e-06,2.150691279131741e-06,6.254201208574705e-06
33.37554049999744,0.0,0.0,0.0,-5.034646736993129e-06,-7.697830441009205e-06,-5.247312235779446e-06
33.43428519999725,0.0,0.0,0.0,8.378877970309835e-07,1.4739215350250468e-06,7.567847801804015e-06
33.48215099999652,0.0,0.0,0.0,6.499174619045215e-06,-3.9604007420438625e-06,1.294751168323748e-06
33.53223530000105,0.0,0.0,0.0,-7.060240932153984e-06,4.754468560743047e-06,6.162915415237646e-06
33.57520569999906,0.0,0.0,0.0,5.7921390590186766e-06,-3.825084757619161e-07,1.900834454801665e-06
33.636247299997194,0.0,0.0,0.0,-6.306801779710962e-06,1.7351815249484419e-06,-3.5013716809046014e-06
33.68417760000011,0.0,0.0,0.0,4.915910813608364e-07,-1.2561973762446186e-06,-9.602336231012147e-06
33.731762600000366,0.0,0.0,0.0,8.764542356550088e-06,-3.81751826150237e-06,3.06606315760574e-06
33.77455380000174,0.0,0.0,0.0,-8.52722453751084e-06,4.002785557784601e-06,2.0728881669912523e-06
33.83186439999554,0.0,0.0,0.0,1.0265383828624338e-06,-4.440819450562701e-06,4.0767526137292975e-06
33.88302699999622,0.0,0.0,0.0,-9.143521539517967e-07,3.0528800357869996e-06,5.273200265560467e-06
33.925362199996016,0.0,0.0,0.0,-1.0238763714958798e-06,-5.09076238248243e-06,6.199925010132311e-06
33.974122100000386,0.0,0.0,0.0,9.77971711122119e-07,1.618951032214768e-06,3.0719511080282567e-06
34.032344100000046,0.0,0.0,0.0,-2.0403906876850841e-07,8.611502050637138e-07,-1.7022135157498831e-06
34.08401910000248,0.0,0.0,0.0,4.065092018444322e-07,-5.645816184071954e-06,5.151115456021625e-07
34.13171919999877,0.0,0.0,0.0,1.9186090572906053e-07,-5.943969019318479e-07,-1.51687280760272e-06
34.18535059999704,0.0,0.0,0.0,-7.021075675723437e-07,5.2381085827595386e-06,1.4496925793150968e-06
34.22449989999586,0.0,0.0,0.0,4.971920514522492e-07,-8.145231231098504e-06,4.6341044738946166e-06
34.281660399996326,0.0,0.0,0.0,8.870408469107296e-06,3.980936654516603e-06,4.900573912820626e-06
34.33208139999624,0.0,0.0,0.0,-9.735603598998836e-06,2.2692258610522983e-06,-1.0786199376631463e-05
34.37646230000246,0.0,0.0,0.0,1.3115287779080497e-05,-1.955648369398238e-06,-9.037987270828323e-07
34.43228729999828,0.0,0.0,0.0,-5.670297727075469e-06,5.6823636667271284e-08,-2.939579705321211e-06
34.480671500001336,0.0,0.0,0.0,-6.351110951767552e-07,-3.1530239499167316e-06,-5.0670567813070714e-06
34.53085319999809,0.0,0.0,0.0,-6.693386030571591e-06,2.3550130354544428e-06,9.687059769933316e-07
34.5814298999976,0.0,0.0,0.0,5.4318153226247274e-09,-5.926845134165872e-06,-8.311212685150669e-07
34.62518959999579,0.0,0.0,0.0,9.098140408009221e-07,1.3225858842436838e-06,3.2821409573211844e-06
34.67826929999865,0.0,0.0,0.0,7.993311578949495e-06,-1.7059490201624978e-06,5.585389371938737e-07
34.732925800002704,0.0,0.0,0.0,-3.3389286504169137e-06,1.7492006475608189e-07,1.2395569330371376e-06
34.77829909999855,0.0,0.0,0.0,7.96318325063381e-06,-2.537960638704452e-06,-9.247194219314869e-06
34.824594600002456,0.0,0.0,0.0,-1.2040489948851943e-05,4.161672834715295e-06,1.540917384254473e-06
34.88170089999767,0.0,0.0,0.0,5.720651002868803e-06,-4.1438517296580677e-07,-3.1098670512244575e-06
34.92515139999887,0.0,0.0,0.0,-1.6564275124900799e-07,-5.923432005224023e-07,-3.603105254612691e-06
34.97516419999738,0.0,0.0,0.0,-5.518397288931153e-06,-9.743504033205323e-08,-5.592411409094874e-06
35.02471030000015,0.0,0.0,0.0,9.939711844370786e-06,-1.4885745578512192e-06,-4.564966550852299e-06
35.0760164999956,0.0,0.0,0.0,-9.362376221557979e-06,-2.6033903381240037e-06,8.882475953146294e-06
35.13530879999598,0.0,0.0,0.0,-1.0685195857979845e-06,2.200409893552602e-06,-9.638520709258686e-07
35.183892399996694,0.0,0.0,0.0,6.538825207506931e-06,-2.113708902211026e-06,-4.73291772339104e-06
35.23285319999559,0.0,0.0,0.0,-5.7893205058610835e-06,-1.566377497555706e-06,-2.467547099778594e-06
35.27696840000135,0.0,0.0,0.0,-1.323411998780173e-07,-9.776292420970068e-07,9.49814611117885e-08
35.32899499999621,0.0,0.0,0.0,7.77912942884285e-06,9.634341356456894e-07,-1.4141266291054667e-07
35.37771999999677,0.0,0.0,0.0,-8.47784013887571e-06,-2.3799688598958554e-06,5.473141881401248e-07
35.42942410000251,0.0,0.0,0.0,5.607882950772242e-06,-3.931921431004042e-06,-1.3258227850150986e-06
35.48226530000102,0.0,0.0,0.0,5.739131361028347e-06,3.2297417516876537e-06,-5.568474995079624e-07
35.53259380000236,0.0,0.0,0.0,-1.0623064186055576e-05,3.1429582900035867e-06,3.225772554838332e-06
35.57751989999815,0.0,0.0,0.0,-1.1745146332807332e-06,-1.0962735636662733e-06,-2.663567045392769e-06
35.62791229999857,0.0,0.0,0.0,5.923256824504904e-06,-3.603442733700761e-06,1.2223212223044068e-07
35.68110049999814,0.0,0.0,0.0,3.3064597786353963e-06,-5.151288989100232e-06,-4.7311791728370294e-06
35.72502159999567,0.0,0.0,0.0,-3.4675193813243147e-06,4.593536153802417e-06,-9.983758328738358e-06
35.776786299997184,0.0,0.0,0.0,-5.071534919038037e-06,-1.8451013579344498e-06,4.614551715974119e-06
35.83434269999998,0.0,0.0,0.0,-7.469472408795288e-11,9.76364930513268e-07,-4.997705109712152e-07
35.88332970000192,0.0,0.0,0.0,5.187036237471875e-07,3.1110949463466413e-06,-5.640770373556781e-06
35.93239419999736,0.0,0.0,0.0,3.837679844947708e-10,-3.3315938419649996e-06,1.3985463637187763e-06
35.98213479999686,0.0,0.0,0.0,-3.8346285027801266e-07,-1.073464446817125e-06,9.036286572363317e-06
36.026315399998566,0.0,0.0,0.0,-4.379702434345653e-07,2.1895277761998866e-06,-1.6234129051136751e-06
36.08145559999684,0.0,0.0,0.0,1.4146756311851296e-05,-1.7444250420298215e-06,3.9176454427865225e-06
36.128219599995646,0.0,0.0,0.0,-1.2992869345214855e-05,1.1728525452306157e-06,1.110051273642041e-05
36.18509459999768,0.0,0.0,0.0,-7.560959716874648e-07,-3.5646694112941555e-06,1.0543155319228775e-06
36.225058800002444,0.0,0.0,0.0,-5.100933599004307e-07,5.62410683415195e-07,-3.639377687749977e-07
36.28104370000074,0.0,0.0,0.0,3.007457444868952e-07,-2.939856661707997e-06,-8.299220057660696e-07
36.32721389999642,0.0,0.0,0.0,5.278019688549241e-06,5.502288058702741e-07,2.134231113230998e-06
36.38385259999632,0.0,0.0,0.0,1.1523581485993004e-06,-4.443568128196938e-06,-2.694540912884704e-06
36.43475159999798,0.0,0.0,0.0,7.1727881468822654e-06,2.0898325762480327e-06,-8.726291209818631e-06
36.480192900002294,0.0,0.0,0.0,-5.976213635859618e-06,-2.200260062133631e-06,-1.3943185983978679e-05
36.53173539999989,0.0,0.0,0.0,-6.346194267450179e-06,3.239910942086195e-07,-8.545836483901195e-06
36.57542090000061,0.0,0.0,0.0,6.312120402142222e-08,-3.432583549187375e-07,-2.448310045615422e-06
36.62824530000216,0.0,0.0,0.0,-9.343221797048775e-07,2.4332166251527754e-06,2.77632751400178e-06
36.68328520000068,0.0,0.0,0.0,7.889528060908072e-06,-7.846913669570702e-08,8.24655324752077e-06
36.732457400001294,0.0,0.0,0.0,-7.557576299167001e-06,7.697011741220765e-07,4.8048937263580856e-06
36.77708379999967,0.0,0.0,0.0,-1.45878521115915e-07,-1.38404238429656e-06,3.306760000031678e-06
36.82643110000208,0.0,0.0,0.0,3.0528706467802345e-07,-3.6533079543059823e-06,3.937004515374843e-06
36.87812819999817,0.0,0.0,0.0,6.671111333039636e-06,-1.0469071460906024e-06,-3.795718651924806e-06
36.92853269999614,0.0,0.0,0.0,4.734919667217286e-06,-3.5655563474327084e-06,-2.2184420254250294e-06
36.982110299999476,0.0,0.0,0.0,-5.866429937445908e-06,1.8482630222692888e-06,-5.359852851026866e-06
37.03309900000022,0.0,0.0,0.0,-4.913543540496275e-06,1.4889176241230222e-06,-7.670602751032643e-06
37.08040489999985,0.0,0.0,0.0,-5.571219548601856e-07,-4.078591897728584e-06,1.6899719020979878e-06
37.131922399996256,0.0,0.0,0.0,1.3498399039902902e-05,4.6232830120676865e-06,1.5102652161360957e-06
37.17649800000072,0.0,0.0,0.0,-1.4278100518569467e-05,1.1993665938254168e-06,9.240514340852613e-06
37.23153060000186,0.0,0.0,0.0,5.243471373416894e-06,-2.7058350458127883e-07,-1.3000925256541122e-06
37.280341199999384,0.0,0.0,0.0,-5.899766779630093e-06,2.3769561758774683e-06,9.488267842059405e-06
37.325092699997185,0.0,0.0,0.0,1.2083278596005386e-06,-1.0502584545877118e-05,8.152790559268405e-06
37.3744852000018,0.0,0.0,0.0,7.376999105261956e-08,2.860292119214475e-06,7.429758174289168e-06
37.425272499996936,0.0,0.0,0.0,7.508587259627339e-06,1.3375219362546703e-06,7.234799280798681e-06
37.478759500001615,0.0,0.0,0.0,4.118367489721661e-06,-1.781353384032297e-06,-2.144954446770106e-06
37.52718900000036,0.0,0.0,0.0,-1.1135305046989922e-05,2.6888536282498075e-06,3.4792490732420923e-06
37.581300400001055,0.0,0.0,0.0,-8.828528478600077e-07,-2.132349557724884e-06,-4.946155434419307e-06
37.62524439999834,0.0,0.0,0.0,1.2138880791231801e-05,-3.7005322265468993e-06,5.058520577304406e-06
37.67718679999962,0.0,0.0,0.0,-1.2096481366961629e-05,1.410691927479368e-06,-3.712573435131408e-06
37.72471629999927,0.0,0.0,0.0,1.0581531755367328e-06,-4.626490144482158e-06,5.2876528893799365e-06
37.7811270999955,0.0,0.0,0.0,-6.642012011192768e-07,3.97687920257219e-07,4.970484249839567e-06
37.82843639999919,0.0,0.0,0.0,7.0918738123363865e-06,1.701401589635357e-06,6.604025560906164e-07
37.883207699997,0.0,0.0,0.0,-8.391867074959247e-07,-2.7518994455167014e-06,5.182135117719212e-06
37.92690810000204,0.0,0.0,0.0,2.472883577719742e-06,-2.1906395036965365e-06,-5.54178387957225e-06
37.974208100000396,0.0,0.0,0.0,-2.348264605571492e-06,-4.9531778449413636e-06,4.802378184979149e-06
38.025638499995694,0.0,0.0,0.0,5.7260875649389025e-06,4.293629847049934e-06,-8.65620190253324e-06
38.08539400000154,0.0,0.0,0.0,-1.2211843433290043e-05,6.129780675345764e-06,-3.4772314996339563e-06
38.13427309999679,0.0,0.0,0.0,-5.787070426206279e-08,-1.3573582737006705e-07,1.1490187549865443e-05
38.18087519999972,0.0,0.0,0.0,6.562669120103818e-06,-3.102158573245124e-06,-2.004863642382241e-06
38.23208650000015,0.0,0.0,0.0,-6.06158691976914e-06,7.927539213847274e-07,4.857367026220715e-06
38.27367249999952,0.0,0.0,0.0,1.3570063923042724e-05,-4.137029550445694e-06,1.1743603142234588e-05
38.33452820000093,0.0,0.0,0.0,-8.132889216146431e-06,-4.060515278721566e-07,-5.882000154066421e-06
38.38088920000155,0.0,0.0,0.0,8.36436959966312e-06,-3.5597868781287908e-06,-7.087045066799422e-06
38.42967769999814,0.0,0.0,0.0,-7.724745010596537e-06,3.830055259343929e-06,-9.269685170632667e-06
38.48288319999847,0.0,0.0,0.0,-5.709712959721888e-06,-3.1101130926152404e-06,2.0464449986704897e-06
38.53284110000095,0.0,0.0,0.0,-4.2692613091497157e-07,2.7551556798147336e-06,2.865289949439367e-06
38.58324970000103,0.0,0.0,0.0,4.088331194372095e-07,-1.5522374285795835e-06,-1.3868896498173087e-06
38.63081560000137,0.0,0.0,0.0,6.1370642371101455e-06,1.4800378570650888e-06,5.767428603216027e-07
38.677087299998675,0.0,0.0,0.0,4.882856828391454e-07,-5.007452218662011e-06,2.1618776006831453e-06
38.72496400000091,0.0,0.0,0.0,1.6963799578396553e-07,-1.4437393271507802e-06,-8.098479342975573e-06
38.775855100000626,0.0,0.0,0.0,-6.461989099041908e-06,2.27901656822063e-06,-7.118861153112889e-06
38.823062099996605,0.0,0.0,0.0,7.05013621236453e-07,-5.421903070843004e-06,-1.47663780111077e-06
38.882974399995874,0.0,0.0,0.0,-1.3277503026321114e-06,7.453418068512012e-06,-1.1010603861782556e-06
38.92451009999786,0.0,0.0,0.0,5.986551272569655e-07,-7.483890752528409e-07,1.2592771107256638e-05
38.98484549999557,0.0,0.0,0.0,-1.5113113342524e-07,-1.792574909462258e-07,5.946320403912813e-06
39.02823499999795,0.0,0.0,0.0,2.0064972314224443e-07,-2.573702961913362e-06,-3.0276527639341877e-06
39.07461759999569,0.0,0.0,0.0,-1.1088358349966299e-07,-2.137660925641528e-06,4.695898914433583e-06
39.12362269999721,0.0,0.0,0.0,5.409736715653966e-06,-5.069404586295784e-06,8.945485437273925e-06
39.185241599996516,0.0,0.0,0.0,2.901433001771992e-06,1.8758033660261822e-06,4.523646153670547e-06
39.2238234999968,0.0,0.0,0.0,-5.599981002310504e-07,1.799552211394543e-06,1.0999251212208192e-05
39.27457599999616,0.0,0.0,0.0,-3.1745906567103428e-09,-1.494613397719953e-06,1.113123385356405e-05
39.32562560000224,0.0,0.0,0.0,-1.7134284193810338e-06,-1.2594685955963786e-06,-3.766252329652212e-06
39.38316869999835,0.0,0.0,0.0,6.631126425653247e-06,-2.8614146654549757e-06,-3.6684172333335646e-06
39.4324134999988,0.0,0.0,0.0,-1.231055720793027e-05,2.2857345168600335e-06,-1.94521077002136e-06
39.48198129999946,0.0,0.0,0.0,7.82775173861651e-06,1.2457237145982058e-07,5.366658876357287e-06
39.53485279999586,0.0,0.0,0.0,2.2274227700977963e-07,-1.4185675714543367e-06,-1.914777647635113e-06
39.58203230000072,0.0,0.0,0.0,-8.341041574639914e-06,2.4834086532192792e-06,2.660485171012712e-07
39.628022700002475,0.0,0.0,0.0,-2.1704065839991329e-07,-4.4211413401401934e-07,6.200614747391212e-08
39.67680979999568,0.0,0.0,0.0,9.091344404626038e-07,-5.2117395236207395e-06,1.1811690049507032e-06
39.730299700000614,0.0,0.0,0.0,-2.1261910749746472e-07,-2.9641376349742777e-06,7.568487270302246e-08
39.77478919999703,0.0,0.0,0.0,5.83433301391878e-06,3.888821987345258e-06,3.968201106868812e-06
39.83211589999701,0.0,0.0,0.0,-5.771773634317605e-06,-1.1505487627033767e-06,3.7954882455009136e-06
39.880005499995605,0.0,0.0,0.0,-1.968446044634478e-07,1.4222435122613855e-06,9.321959372161628e-06
39.92338809999637,0.0,0.0,0.0,1.2025011533856324e-05,7.071727846805622e-07,3.1047854481810326e-06
39.97495859999617,0.0,0.0,0.0,-3.4944364821575354e-06,-2.7995156124102214e-06,1.3650352618866108e-05
40.029496900002414,0.0,0.0,0.0,2.4480786181737244e-06,-3.475501712468402e-06,-3.159810057559931e-06
40.08319250000204,0.0,0.0,0.0,-1.031883096392858e-05,-3.1696545043728847e-06,5.4307068427862155e-06
40.13135080000211,0.0,0.0,0.0,1.3207779960445602e-05,-3.990991206505316e-07,4.197197209133703e-07
40.18257319999975,0.0,0.0,0.0,-2.176446597705834e-06,7.417779572814588e-07,-5.0313121919547496e-06
40.231701099997736,0.0,0.0,0.0,-1.1190694339842788e-05,5.109981854101921e-06,1.8033169866715662e-06
40.283711199997924,0.0,0.0,0.0,-5.733907461434738e-07,-3.760505874402583e-07,1.2752616640968989e-05
40.33178159999807,0.0,0.0,0.0,3.9545904492016455e-07,-7.021731771592487e-06,5.646741444006638e-06
40.37936659999832,0.0,0.0,0.0,5.973302590441539e-07,1.0518203614382217e-06,-1.3340234713116945e-06
40.424158399997395,0.0,0.0,0.0,-6.147864413772114e-07,4.0074757559353035e-06,9.956462146519381e-06
40.476336899999296,0.0,0.0,0.0,-4.88816161015014e-07,-7.376376230022902e-06,8.513562635419904e-06
40.52439610000147,0.0,0.0,0.0,8.444073279970092e-07,3.668857371411545e-06,9.93698235972117e-06
40.58246060000238,0.0,0.0,0.0,-8.30294773230727e-07,4.17134436009691e-06,7.84088739070584e-06
40.63164710000274,0.0,0.0,0.0,7.578038272631926e-07,-7.305907285888615e-06,2.784905361229155e-06
40.67474979999679,0.0,0.0,0.0,1.3511389540489612e-05,-1.0582183601462554e-07,-2.3477088118050534e-06
40.72482869999658,0.0,0.0,0.0,-1.3844629967229212e-05,5.3242756667413245e-06,2.242730101096533e-06
40.775129499998,0.0,0.0,0.0,-9.538105740885767e-07,5.824023588028551e-07,2.51223181112185e-07
40.830720699996164,0.0,0.0,0.0,8.666602504601062e-06,-6.426243853177525e-06,3.792654412070589e-06
40.88267629999609,0.0,0.0,0.0,6.4362627649231335e-06,4.068123819973127e-07,-1.6669907434151612e-06
40.92519840000023,0.0,0.0,0.0,-1.3352037912023166e-05,-1.8496724196793315e-06,-3.4572570985854102e-06
40.97859849999804,0.0,0.0,0.0,4.935603334112052e-07,-3.4827656697043276e-06,6.974868890247997e-06
41.029916100000264,0.0,0.0,0.0,1.1600402830124015e-05,3.3332934548907963e-06,2.8109723146689337e-06
41.082347700001264,0.0,0.0,0.0,-1.1785154368858157e-05,-1.0426988472767358e-06,1.5520356567088945e-05
41.13252880000073,0.0,0.0,0.0,-1.8211517364543466e-06,-8.193600106156205e-07,4.087829889181723e-06
41.182218800000555,0.0,0.0,0.0,2.0848844466259902e-06,-7.124109498847584e-06,8.2983658459717e-06
41.225150599995686,0.0,0.0,0.0,5.083183324137055e-06,-1.1142481116544306e-06,3.048369835816107e-06
41.27330880000227,0.0,0.0,0.0,-1.4620759135828679e-06,8.949290492233646e-06,4.733864435933003e-06
41.325043700002425,0.0,0.0,0.0,-4.7027288276380305e-06,-1.7152893337754354e-06,-4.096194990606087e-06
41.38068460000068,0.0,0.0,0.0,7.373110218832891e-06,-2.914565711864481e-06,-2.322144198872065e-06
41.42653949999658,0.0,0.0,0.0,-2.3424029564257862e-07,1.1455312915663612e-07,-1.3094050680671304e-05
41.481854799996654,0.0,0.0,0.0,-7.625274140300709e-06,-1.3569494656346359e-06,-7.424959157835879e-06
41.526377900001535,0.0,0.0,0.0,4.2985784172255856e-07,1.1118745967084317e-06,5.6651991818213914e-06
41.577477899998485,0.0,0.0,0.0,-2.862546114843492e-08,1.2522800519650604e-06,1.8610897194044546e-06
41.63252400000056,0.0,0.0,0.0,9.424732614508316e-06,-3.939427732820601e-06,-1.0850664946695308e-06
41.681073300002026,0.0,0.0,0.0,-9.765155131989481e-06,1.0804057536872992e-07,-8.210633872634588e-06
41.72547659999691,0.0,0.0,0.0,5.948329325534934e-06,2.635720396543293e-06,-2.2682520688295138e-07
41.78175100000226,0.0,0.0,0.0,9.553546269142913e-06,-7.361549797350549e-06,-8.192567745595561e-06
41.825912499996775,0.0,0.0,0.0,-9.050634534460604e-06,4.775870266535477e-06,5.286949554887253e-06
41.873482299997704,0.0,0.0,0.0,-5.188715124970611e-06,-5.192088967534947e-06,5.20099623236093e-06
41.93636610000249,0.0,0.0,0.0,-9.317996001552272e-07,5.077739465250501e-06,4.667908387918086e-06
41.9750264999966,0.0,0.0,0.0,9.04461877040267e-07,-4.015152479249914e-06,6.206214682423793e-06
42.03377180000098,0.0,0.0,0.0,5.545818579347549e-06,-1.65775336944897e-06,1.1109268908621448e-05
42.081482399997185,0.0,0.0,0.0,3.4270022357969646e-07,5.752965903045715e-07,-5.063978424697633e-06
42.12358780000068,0.0,0.0,0.0,-6.561852746964036e-06,1.7313817718848853e-06,-2.253637923995052e-06
42.17682319999585,0.0,0.0,0.0,7.178168588858696e-07,-3.957844781694887e-06,1.1035398186865803e-05
42.23172689999774,0.0,0.0,0.0,5.978277725892499e-06,-2.0537303709121856e-06,1.1587706786849814e-05
42.27884199999971,0.0,0.0,0.0,8.047670377496881e-06,3.510814584886019e-06,1.7182582598050756e-06
42.32937780000066,0.0,0.0,0.0,-1.4517387973182637e-05,-8.955153363510334e-07,-6.293543117081528e-06
42.381074400000216,0.0,0.0,0.0,1.7854934709141583e-06,-2.876131557782992e-06,1.0739746308746857e-05
42.428249899996445,0.0,0.0,0.0,-1.96028107997934e-06,3.6035311201763384e-06,6.529902519622916e-06
42.48175220000121,0.0,0.0,0.0,1.7114536373652928e-07,-1.7479309823906814e-06,6.330123220875157e-06
42.531905700001516,0.0,0.0,0.0,-1.2877173273768948e-07,-2.7368807410800797e-06,2.857929918971521e-06
42.58086739999999,0.0,0.0,0.0,1.3022088364313464e-05,-4.719129210977141e-06,3.4243560133533883e-06
42.63535430000047,0.0,0.0,0.0,-1.1161607948147511e-05,3.238085152924859e-06,-3.5455925125842875e-06
42.67931040000258,0.0,0.0,0.0,-1.3303260852371411e-06,1.7535100102475248e-06,1.2996147053431575e-05
42.72555129999819,0.0,0.0,0.0,6.160113036718839e-07,-1.306170745512446e-06,1.583948690658592e-05
42.78070689999731,0.0,0.0,0.0,-9.15076618599019e-07,-1.0159915754972667e-06,1.418335896065e-05
42.834089299998595,0.0,0.0,0.0,-1.5125189961166588e-07,1.0468410886475502e-06,7.485473317777402e-06
42.886097299997346,0.0,0.0,0.0,2.968668646318064e-07,-5.9552145914276105e-06,5.450967233520958e-06
42.93066700000054,0.0,0.0,0.0,6.590157477033376e-06,2.1048465597543944e-06,4.083890556807778e-06
42.97976729999937,0.0,0.0,0.0,-7.08729321956034e-06,6.749499296794007e-07,-8.710185656114414e-06
43.0321896999958,0.0,0.0,0.0,1.2296458001481314e-06,-5.841598435071365e-06,5.223655746093565e-06
43.08424009999726,0.0,0.0,0.0,1.0195087600706967e-06,-1.0229167207629104e-06,6.311013099488048e-06
43.13349390000076,0.0,0.0,0.0,-1.0092966360782693e-06,1.1697115612694294e-06,7.3528544188903815e-06
43.17741730000125,0.0,0.0,0.0,-1.3138684704669027e-07,3.7845577008798504e-06,9.901886139238785e-06
43.2337383999984,0.0,0.0,0.0,8.39487924214685e-06,-5.768148054497811e-06,1.1942560105925025e-05
43.2844150000019,0.0,0.0,0.0,-7.44354806220659e-06,1.542958011540355e-07,8.703050532087193e-06
43.33122159999766,0.0,0.0,0.0,-6.298433984960361e-07,2.4509401019757644e-06,1.1578169921834893e-05
43.382285200001206,0.0,0.0,0.0,6.176872731151226e-06,-2.8104046593842555e-07,-5.572492856504802e-07
43.434628000002704,0.0,0.0,0.0,5.365369393153826e-07,-2.549190497611215e-08,1.7316409779434185e-06
43.48562959999981,0.0,0.0,0.0,-6.800606230435766e-06,4.368192308579084e-07,-5.907816495690147e-06
43.528636399998504,0.0,0.0,0.0,1.4630163549586e-05,-1.7401777675855892e-06,4.905867158666274e-06
43.583309100002225,0.0,0.0,0.0,-1.476528504232283e-05,-4.154481434048257e-06,-2.3110756969018755e-06
43.629564499999105,0.0,0.0,0.0,6.362673289196807e-06,5.3871078805485574e-06,-3.384353447299346e-06
43.682334099998116,0.0,0.0,0.0,5.821186390129775e-06,-8.714539218291356e-06,8.224502469137979e-07
43.73076649999712,0.0,0.0,0.0,-6.040735650339671e-06,-2.326295695812052e-06,2.9662784286333494e-06
43.780154799998854,0.0,0.0,0.0,-6.780137095606149e-06,8.631705497399627e-06,6.726941761965565e-06
43.829093399996054,0.0,0.0,0.0,1.624769603528376e-05,-6.311912347719084e-06,9.907039648068698e-06
43.87693030000082,0.0,0.0,0.0,-1.5420915413255812e-05,7.331675523069138e-06,6.28133020179404e-06
43.92584209999768,0.0,0.0,0.0,6.407700929359579e-07,-6.2776430868724495e-06,1.5616245387908704e-05
43.9800219999961,0.0,0.0,0.0,-1.8445776847109723e-07,1.211266133903549e-06,8.765193594399744e-06
44.03106339999795,0.0,0.0,0.0,-5.711148176381402e-07,-9.476582377574017e-07,7.231378804736033e-06
44.0804089000012,0.0,0.0,0.0,1.4828702276950984e-06,-3.6452366153009146e-06,5.482152316950371e-06
44.13340189999872,0.0,0.0,0.0,7.526075486654067e-06,3.2927237531642608e-06,9.713859651458787e-06
44.18209090000164,0.0,0.0,0.0,-1.2779256176950754e-06,-1.0362612447028846e-06,-5.904698138121964e-06
44.228441200000816,0.0,0.0,0.0,-1.6024939759521484e-06,-8.453724719623806e-06,3.2914136387523885e-06
44.27485069999966,0.0,0.0,0.0,8.673880967462659e-06,3.6297917749080494e-06,-2.0473639906539506e-06
44.32682100000238,0.0,0.0,0.0,-3.4102818064422964e-07,-1.7700722444173034e-06,7.333395127113561e-06
44.37715809999645,0.0,0.0,0.0,-5.075582808078751e-06,3.0696361496326417e-06,1.2487437337497276e-05
44.42542410000169,0.0,0.0,0.0,-9.26772612272966e-06,5.078297819880522e-07,9.397697898279745e-06
44.4824993000002,0.0,0.0,0.0,6.40419736492783e-06,-4.497538819472608e-06,1.2390988051009355e-05
44.53363430000172,0.0,0.0,0.0,-5.909920692693636e-06,4.8543673133675504e-06,1.2265112257812362e-05
44.58082509999804,0.0,0.0,0.0,-4.6227230517727126e-08,-1.3655801186258578e-06,1.0261195855572158e-05
44.62507740000001,0.0,0.0,0.0,8.26530211623897e-06,-9.527237266803033e-07,1.2651520947567608e-05
44.67498460000206,0.0,0.0,0.0,-7.756786721079433e-06,-2.4718446594577536e-06,1.2208481726113514e-05
44.728938899999775,0.0,0.0,0.0,4.767896170716124e-06,1.4894711430021842e-06,1.2946250341776927e-05
44.78214519999892,0.0,0.0,0.0,9.371297015308118e-06,-1.918487372643283e-06,5.111412782495925e-07
44.83433700000023,0.0,0.0,0.0,-8.843498565227014e-06,1.3941614589106244e-07,4.853891836580693e-06
44.88016619999689,0.0,0.0,0.0,6.675652269167109e-06,-7.444487806147371e-06,4.4742416811884345e-06
44.93293879999692,0.0,0.0,0.0,-1.2163938488694078e-05,8.018657306441911e-06,1.263817305807227e-06
44.98541750000004,0.0,0.0,0.0,5.442296198877834e-07,-2.5990326354404964e-06,1.7329472498688105e-06
45.03089809999801,0.0,0.0,0.0,6.575984835567976e-06,-3.1258284161319674e-08,-1.9533551043987602e-06
45.07486770000105,0.0,0.0,0.0,-6.81579962936529e-06,-6.782014960229829e-06,6.224497093220251e-06
45.12663199999952,0.0,0.0,0.0,1.0349475705355626e-06,-8.807237812576611e-07,5.270140975798272e-06
45.185261500002525,0.0,0.0,0.0,4.365879173029559e-06,4.049453567980501e-06,-8.528785625030053e-07
45.23032879999664,0.0,0.0,0.0,-6.71373941083227e-06,6.608661192627419e-06,6.552718557935775e-06
45.283268499995756,0.0,0.0,0.0,1.3263663397076851e-06,-7.324208920353558e-06,6.285777334394637e-06
45.33215339999879,0.0,0.0,0.0,1.2016698101454788e-05,-1.254991989282892e-06,7.262318995592891e-06
45.37711719999788,0.0,0.0,0.0,-1.2783661264974546e-05,2.4400516121608663e-06,-4.6673462455183205e-07
45.42765469999722,0.0,0.0,0.0,9.67735702432109e-06,-5.814777974298185e-06,6.347643175683085e-06
45.48083279999992,0.0,0.0,0.0,-9.993144535271953e-07,-4.237805353541585e-06,4.895088157270065e-06
45.531068099997356,0.0,0.0,0.0,-2.6616941441776823e-06,6.144697633119893e-06,6.050283767711616e-06
45.582219600000826,0.0,0.0,0.0,-5.190523644685378e-06,-1.6288670569750053e-06,8.166283571672203e-06
45.628281099998276,0.0,0.0,0.0,8.619718115814248e-07,-2.1303426463168124e-06,8.089467272716366e-06
45.67738880000252,0.0,0.0,0.0,-6.89175830327611e-07,6.680732395396966e-07,7.605776366362114e-07
45.732517099997494,0.0,0.0,0.0,7.840028160905975e-06,-8.277553424791961e-07,1.2663596295780215e-05
45.78339609999966,0.0,0.0,0.0,-7.245256734181658e-06,-2.9887094646625313e-06,1.2971963185817815e-05
45.833171599995694,0.0,0.0,0.0,-6.071895005318862e-07,3.958017249173356e-06,6.518670057851615e-06
45.88161399999808,0.0,0.0,0.0,1.4955784978951276e-05,-6.698553346751346e-06,8.255638133454318e-06
45.930576999999175,0.0,0.0,0.0,-7.657431583333844e-06,3.34083532922413e-06,-5.478202481381815e-06
45.97702120000031,0.0,0.0,0.0,1.2059148707306029e-06,-1.6412571625078772e-06,9.024459042917442e-07
46.034275300000445,0.0,0.0,0.0,-1.9584531624872495e-06,-2.324594703706041e-06,-9.221423130138597e-07
46.083621699996,0.0,0.0,0.0,-1.5872457166485135e-06,6.194362759133005e-06,1.0849408328141919e-06
46.128769800001464,0.0,0.0,0.0,-3.894287626788022e-06,-3.5920103918720193e-06,1.0993510026031486e-05
46.1768419,0.0,0.0,0.0,5.46738556843192e-06,-5.421893742727183e-06,3.892256060140237e-06
46.23319590000028,0.0,0.0,0.0,-6.254578120043899e-06,4.009848906481756e-06,3.6851212557309274e-06
46.285929300000134,0.0,0.0,0.0,7.092384018014263e-06,-1.768757124676533e-06,-3.079053423510649e-06
46.328718099997786,0.0,0.0,0.0,-6.841164125990766e-06,2.6759575128628508e-06,7.89421206918005e-06
46.381762199998775,0.0,0.0,0.0,1.1725151787421637e-05,-2.0316293979435684e-06,-2.6248923186230617e-06
46.430021000000124,0.0,0.0,0.0,-6.005482929729088e-06,-5.671012466095397e-07,-2.8016105484571193e-06
46.48111059999792,0.0,0.0,0.0,-5.474281455623065e-06,-1.9410131555249784e-06,5.831558983843944e-06
46.53066260000196,0.0,0.0,0.0,5.827003703770671e-06,7.917713201849712e-07,-1.470818595041869e-06
46.58074559999659,0.0,0.0,0.0,-4.821682925488706e-06,-5.655912909739312e-06,2.703360955645065e-06
46.62606860000233,0.0,0.0,0.0,3.442913984185101e-06,4.332891676648041e-06,1.6968837461985834e-06
46.68108940000093,0.0,0.0,0.0,-5.196816407212856e-06,2.541149492193857e-07,1.2078186314760183e-05
46.73208449999947,0.0,0.0,0.0,1.5629075060431014e-05,-6.6826538536314705e-06,1.0066720343483413e-05
46.78106129999651,0.0,0.0,0.0,-1.4277367292244312e-05,1.5845954629298777e-06,-2.6460795062701755e-06
46.82611989999714,0.0,0.0,0.0,-7.044983318550661e-07,3.270872249097877e-06,1.217560854849616e-05
46.87929109999823,0.0,0.0,0.0,3.908154897321892e-07,-4.849353156609318e-06,4.682339592194734e-06
46.9253669000027,0.0,0.0,0.0,4.4475427351308925e-07,1.4837875912919522e-06,1.389674994712278e-05
46.98343719999684,0.0,0.0,0.0,-1.0119401595515634e-06,-3.97149670136281e-06,-2.593619788583925e-06
47.028710699996736,0.0,0.0,0.0,5.136125403052999e-07,2.8798839017903665e-06,5.857393983254495e-06
47.0830169999972,0.0,0.0,0.0,7.757209275083354e-07,-3.914333758930086e-06,9.30583913331776e-06
47.13261629999761,0.0,0.0,0.0,5.08036519279847e-06,-8.629127985880986e-08,1.6126504664706315e-06
47.1793400999959,0.0,0.0,0.0,-4.505184205881465e-06,-6.386254953384366e-06,8.312464741485369e-07
47.233272500001476,0.0,0.0,0.0,-1.0837514088438301e-06,5.889353618345493e-06,1.0525825312715081e-05
47.281244500001776,0.0,0.0,0.0,6.1259010263805204e-06,5.885010467905916e-07,2.089160729417766e-06
47.33503969999583,0.0,0.0,0.0,-6.478925133594113e-06,-1.8523827748419326e-07,1.3216670902069563e-07
47.38026820000232,0.0,0.0,0.0,5.20508381661019e-07,-5.835260986003253e-07,-3.892654226467557e-06
47.429161300002306,0.0,0.0,0.0,8.693578010846212e-06,-2.374666805778998e-06,1.0832751188738617e-05
47.48312189999706,0.0,0.0,0.0,-8.444362921334089e-06,3.1721048271129526e-06,-1.662851755515047e-06
47.5324569000004,0.0,0.0,0.0,1.5458005067958138e-05,-9.314916624737455e-06,7.317754946529088e-06
47.58104260000255,0.0,0.0,0.0,-9.266881870609441e-06,5.0468850922549066e-06,-5.854126242055749e-06
47.63045659999625,0.0,0.0,0.0,4.4300475008457196e-07,-2.442059859109713e-07,-7.011467189696295e-06
47.68187939999916,0.0,0.0,0.0,-7.303719941978051e-06,1.8252649653360993e-07,2.6471016357919324e-07
47.73616269999911,0.0,0.0,0.0,5.567270656488902e-06,-9.345983043029914e-07,8.485007693771641e-06
47.78106459999981,0.0,0.0,0.0,-4.355377075990826e-06,-2.888528902325205e-06,1.0309136581268477e-05
47.83213429999887,0.0,0.0,0.0,-5.020030935312815e-07,1.6472779450973915e-06,1.0325071557811787e-05
47.87856330000068,0.0,0.0,0.0,5.12650048339768e-06,3.6544467758181644e-06,2.149683054327204e-06
47.931298499999684,0.0,0.0,0.0,-5.841736546934952e-06,-7.64606686275054e-06,4.851280188234989e-07
47.981709499996214,0.0,0.0,0.0,1.3245362501382027e-05,-1.0094419620593154e-06,2.8332514317537553e-06
48.02733199999784,0.0,0.0,0.0,-7.33518136630112e-06,3.1110292481150255e-06,1.2577517112217872e-05
48.08094859999983,0.0,0.0,0.0,-4.614167747635987e-06,-3.4316626610155304e-06,7.262145873453317e-06
48.13043489999836,0.0,0.0,0.0,-1.1376810351218839e-06,-4.6256841051267913e-07,3.7825617657061e-06
48.17623579999781,0.0,0.0,0.0,2.6363453202387205e-07,-2.1706325468060786e-06,4.097745773187811e-06
48.23304089999874,0.0,0.0,0.0,5.458367241040232e-06,3.811697267467356e-07,9.150907803043258e-06
48.274087199999485,0.0,0.0,0.0,2.0912626108960557e-06,3.0367030623509515e-06,1.0500022964258914e-05
48.32479369999783,0.0,0.0,0.0,2.1366552785066493e-07,-1.90884780272333e-06,1.0057944319844575e-05
48.384755699997186,0.0,0.0,0.0,-1.89477791618227e-06,3.213133381209199e-06,3.981499351197368e-06
48.424634900002275,0.0,0.0,0.0,-5.97258191692119e-06,-7.437991289109748e-07,1.5129032878572134e-05
48.47481759999937,0.0,0.0,0.0,6.46653012379601e-07,-8.164131584709183e-06,1.4427673342371781e-05
48.532046399996034,0.0,0.0,0.0,5.613677995899279e-07,-1.740315023250802e-07,5.557234470789207e-06
48.58159799999703,0.0,0.0,0.0,6.7392864212608165e-06,-1.0778407692673556e-07,4.926057018494758e-06
48.6297040999998,0.0,0.0,0.0,-6.942490517277065e-06,3.250235755708086e-06,-4.932232831715337e-07
48.68029779999779,0.0,0.0,0.0,1.2146574451671665e-05,-4.32409294205612e-06,7.567196089199565e-06
48.73151700000017,0.0,0.0,0.0,-1.2172111131682871e-05,1.74708566591057e-06,7.094520775746454e-06
48.78204790000018,0.0,0.0,0.0,6.12997194042882e-07,-3.42979031796603e-06,8.728990643421456e-06
48.82594199999585,0.0,0.0,0.0,-8.188048004053849e-07,3.7754448689110983e-06,1.3099499872247867e-05
48.88297430000239,0.0,0.0,0.0,6.5512105659670085e-06,-3.0628337337115445e-06,1.5532313784023046e-05
48.930356400000164,0.0,0.0,0.0,-6.733401224393138e-06,-4.579537832075764e-06,6.027231236217044e-06
48.97426370000176,0.0,0.0,0.0,1.342552460281189e-05,1.5377291991578038e-06,2.357621823403327e-06
49.025515900000755,0.0,0.0,0.0,2.971053857291293e-06,-4.903126912711121e-06,3.0756798597747674e-06
49.07621059999656,0.0,0.0,0.0,-1.5895825276981464e-05,9.132643397006574e-06,1.7575278587371874e-05
49.12477090000175,0.0,0.0,0.0,-5.559929097286808e-07,-5.436858276560881e-07,1.8829531294313088e-05
49.18168789999618,0.0,0.0,0.0,6.034759396432932e-07,-4.682560631024775e-06,1.5217801413887547e-05
49.22636819999752,0.0,0.0,0.0,-1.585565240980536e-08,1.4548895755320839e-06,8.700038249564377e-06
49.28078770000138,0.0,0.0,0.0,8.040933771964064e-06,-8.364689004517894e-06,1.0954627214375967e-05
49.3251087000026,0.0,0.0,0.0,3.3397539766696296e-07,2.9491664647957524e-07,5.9048532644054915e-06
49.379452900000615,0.0,0.0,0.0,6.378210127177479e-06,1.1570335509507117e-06,2.4666623857506667e-06
49.432564199996705,0.0,0.0,0.0,-1.4903363652911189e-05,4.749446852603803e-06,7.506134516823772e-06
49.48441740000271,0.0,0.0,0.0,6.010659968454389e-06,-4.206841355473494e-06,1.2704366176866378e-05
49.53178520000074,0.0,0.0,0.0,3.58652013969735e-07,2.743554591556454e-06,7.85084667205001e-06
49.574046399997314,0.0,0.0,0.0,2.1407089065726964e-08,-6.026397686762331e-06,-3.314534701350401e-06
49.63105209999776,0.0,0.0,0.0,-5.507386162483743e-06,1.3610192911785118e-08,4.32417111507105e-06
49.68537289999949,0.0,0.0,0.0,7.869461593669321e-06,-2.177881467074022e-06,1.609234414196698e-05
49.72586489999958,0.0,0.0,0.0,-8.063563770540804e-06,-6.174720060278652e-07,1.2357798058472937e-05
49.774464199996146,0.0,0.0,0.0,5.942527894146237e-06,-3.9443968147132995e-06,7.630024171574716e-06
49.83211379999557,0.0,0.0,0.0,-6.2168930933736e-06,5.406253734508616e-06,4.0387796836977166e-06
49.883190900000045,0.0,0.0,0.0,-3.226561516619424e-08,-1.4283200435913157e-06,6.454026006523893e-06
49.92542059999687,0.0,0.0,0.0,6.660883263084697e-06,-1.6362321491501763e-06,1.0678576890469855e-05
49.976645599999756,0.0,0.0,0.0,2.6440224962738405e-06,-3.953546447099852e-06,-2.008322032215327e-06
50.03203080000094,0.0,0.0,0.0,-9.36027012264613e-06,5.2195464866487265e-06,9.036135727071204e-06
50.08191919999808,0.0,0.0,0.0,5.7426984093741604e-06,-3.941978803714399e-06,1.4570988838570211e-05
50.13462419999996,0.0,0.0,0.0,-4.833633533757712e-06,3.304222147510145e-06,3.683760983094394e-06
50.18351099999563,0.0,0.0,0.0,8.43891154245279e-06,-3.7693739110251274e-06,7.352808194856576e-06
50.22810439999739,0.0,0.0,0.0,-7.70146692234967e-06,4.080739571522688e-07,1.706036333226343e-05
50.27572209999926,0.0,0.0,0.0,3.9034239732101025e-06,1.596124135815025e-06,1.7949008583483723e-05
50.3285831999965,0.0,0.0,0.0,2.1878756217366445e-06,1.1019812917705952e-06,8.876376083128406e-06
50.381052400000044,0.0,0.0,0.0,-6.91735321105092e-06,-5.202592756585458e-06,4.110447387580709e-06
50.42710079999961,0.0,0.0,0.0,-1.6133770587784478e-07,-1.9753419971144364e-06,2.901598778902132e-06
50.4792105000015,0.0,0.0,0.0,-3.3321519482469383e-07,2.4377505929162602e-06,1.1972988878365691e-05
50.53394390000176,0.0,0.0,0.0,-4.667555410857223e-07,8.637989828772577e-07,7.78621743096281e-06
50.57915549999598,0.0,0.0,0.0,6.30801856047324e-06,-5.313016074367293e-06,1.1031807867797927e-05
50.63159269999596,0.0,0.0,0.0,-6.379971462109057e-06,4.526678620008705e-06,1.1464473699386363e-05
50.68073960000038,0.0,0.0,0.0,3.7956278879161756e-07,1.1329561135002754e-06,1.1810592063868258e-05
50.73133539999981,0.0,0.0,0.0,5.575169796100849e-06,-5.613496748177387e-06,1.8814340140634096e-05
50.7823808999965,0.0,0.0,0.0,3.844464446413618e-06,-1.0955615890818014e-06,-4.141758684179274e-07
50.833246100002725,0.0,0.0,0.0,-9.16019124180457e-06,2.3233210922539427e-06,1.0037300313801812e-05
50.88132210000185,0.0,0.0,0.0,6.12251488742317e-06,-5.595037819444838e-06,1.2437212716675583e-05
50.92742849999922,0.0,0.0,0.0,-6.090919418309245e-06,7.356466805299993e-07,3.178599711859684e-06
50.97950029999629,0.0,0.0,0.0,8.848251898506231e-07,1.1013232807074268e-06,3.6819746602777083e-06
51.03338039999653,0.0,0.0,0.0,6.499941647907093e-06,-1.0935212783413292e-06,1.0054396326692238e-05
51.082763300000806,0.0,0.0,0.0,-2.763842744190766e-07,1.0702396666758618e-06,7.81911872832407e-06
51.132569800000056,0.0,0.0,0.0,-5.1386258951382974e-06,-3.982151559398444e-06,-1.393220860304498e-07
51.17635799999698,0.0,0.0,0.0,-1.4244947499312352e-06,7.830014695123319e-07,4.742244830577165e-06
51.22439830000076,0.0,0.0,0.0,8.56250874612831e-06,-3.3078351668619096e-06,9.77331239297325e-06
51.280832700002065,0.0,0.0,0.0,-7.960853422271869e-06,1.8537068823245433e-06,6.959208351892316e-07
51.32518749999872,0.0,0.0,0.0,6.197871188573231e-06,-5.433726138211132e-06,4.9043509896753605e-06
51.37630999999965,0.0,0.0,0.0,-6.492950054854994e-06,3.6874132892891744e-06,1.105362262126004e-05
51.42997199999809,0.0,0.0,0.0,8.904274146287744e-06,-3.3998541481224076e-06,1.6589650660402334e-05
51.4756675000026,0.0,0.0,0.0,-8.85059476344348e-06,8.53249966903997e-07,3.77028846523171e-06
51.52782019999722,0.0,0.0,0.0,7.323771396598905e-06,-2.092472346413437e-06,1.4338233160456214e-05
51.586542400000326,0.0,0.0,0.0,-6.0820971649490225e-06,1.1099006076420727e-06,1.1407705475106899e-05
51.63078249999671,0.0,0.0,0.0,-1.8222491224219624e-06,3.1826147922214696e-06,1.3913961523531142e-05
51.68001910000021,0.0,0.0,0.0,6.482409827736558e-06,-5.8695373511151354e-06,8.283531378720814e-06
51.73061199999938,0.0,0.0,0.0,-5.001382875764551e-06,4.189684667503582e-06,7.904899489875847e-06
51.77528999999777,0.0,0.0,0.0,1.7797983380997977e-07,-2.7343168962703074e-06,7.34959785781989e-06
51.825937699999486,0.0,0.0,0.0,6.419463986471639e-06,-3.1224893572620487e-06,1.6685694927186132e-05
51.87723299999925,0.0,0.0,0.0,-7.767799236390129e-06,2.689340723982182e-06,4.644718183999631e-06
51.92475600000034,0.0,0.0,0.0,7.072105030003121e-06,-6.4624467685727116e-06,6.12828753225062e-06
51.98154120000254,0.0,0.0,0.0,-6.840068685350716e-06,2.479091222169997e-06,1.067770762475276e-05
52.03322889999981,0.0,0.0,0.0,8.11594256537443e-06,2.8550144295283625e-06,5.801523245060802e-06
52.07675429999654,0.0,0.0,0.0,-7.359646540264113e-06,-4.0786445175300154e-06,1.6461385851462507e-06
52.13070829999924,0.0,0.0,0.0,5.508311752655856e-06,-3.914528800663585e-06,5.383631365558837e-06
52.17472529999941,0.0,0.0,0.0,-4.865378601094755e-06,-2.0527524786571543e-06,5.2906289545212145e-06
52.224881499998446,0.0,0.0,0.0,7.098894897928293e-06,4.4359541920308594e-08,1.2441630144142954e-05
52.273813300002075,0.0,0.0,0.0,1.1110771779933574e-06,3.3172519002998242e-06,1.097350414843151e-05
52.33034790000238,0.0,0.0,0.0,-7.950494192829153e-06,-4.642344491365498e-06,2.302574038170724e-06
52.382428199998685,0.0,0.0,0.0,5.252638409765964e-06,9.174682704738159e-07,1.3688035996176244e-05
52.432557799998904,0.0,0.0,0.0,2.2844601664890307e-06,-1.7934602873832944e-06,1.631231556520228e-05
52.48064589999558,0.0,0.0,0.0,-8.080668546669351e-06,5.8062297929252286e-06,1.450794874230504e-05
52.530469500001345,0.0,0.0,0.0,8.890742307461174e-06,-6.16240571780424e-06,1.5841252264472637e-05
52.577636499998334,0.0,0.0,0.0,-9.208891728636113e-06,4.814957486564877e-06,1.05847494168145e-05
52.630148099997314,0.0,0.0,0.0,3.925479092120939e-07,-3.971167844631728e-06,2.064207709508094e-05
52.67670720000024,0.0,0.0,0.0,-2.9289745294844656e-07,1.3573112445151454e-06,9.594676344430523e-06
52.731211500002246,0.0,0.0,0.0,8.65711861994218e-06,-5.5263899416949405e-06,1.339351624767133e-05
52.78117570000177,0.0,0.0,0.0,-8.45056886859823e-06,1.207010766719879e-06,1.416712623144358e-06
52.83429259999684,0.0,0.0,0.0,9.127714517831184e-07,6.467280218392787e-07,5.753595608613353e-06
52.88363360000221,0.0,0.0,0.0,4.386490332886814e-06,-2.1400645825477467e-06,1.6134166254468378e-05
52.93306989999837,0.0,0.0,0.0,7.230775168365768e-06,-6.266913028910452e-06,9.883459460020886e-06
52.98285780000151,0.0,0.0,0.0,-5.3969610348929625e-06,7.983542986397967e-06,-2.77228314156457e-06
53.02698489999602,0.0,0.0,0.0,-4.6795984118660996e-07,-6.7567716261945995e-06,6.080199180112861e-06
53.07768219999707,0.0,0.0,0.0,5.608290394328011e-06,4.329434432194325e-06,4.62429018569917e-06
53.13210930000059,0.0,0.0,0.0,-1.1384042630901259e-05,-3.1999438453154624e-06,8.369258193256276e-06
53.18032040000253,0.0,0.0,0.0,5.985440332219035e-06,6.706171054957758e-08,1.4723150153127299e-05
53.22989009999583,0.0,0.0,0.0,-6.408434889425471e-06,1.5926253578336962e-06,5.587740414857414e-06
53.284287599999516,0.0,0.0,0.0,7.400705594566812e-06,-3.3818609596664795e-06,-2.2860345229135305e-07
53.33017039999686,0.0,0.0,0.0,8.219781489840526e-06,-1.1865981071413493e-06,3.2778415071995796e-08
53.37544270000217,0.0,0.0,0.0,-8.352957749228518e-06,3.801304116028334e-06,1.625466543498238e-05
53.43200660000002,0.0,0.0,0.0,4.3457222601253605e-06,-3.5261196550477945e-06,4.612277618759992e-06
53.47632059999887,0.0,0.0,0.0,-1.153520880775763e-05,3.055821772684719e-06,2.836206433990739e-06
53.529568600002676,0.0,0.0,0.0,7.411138509545095e-06,-6.333717191582551e-06,2.969813968558862e-06
53.58169829999679,0.0,0.0,0.0,2.3724000286069035e-09,-3.4494133142720646e-06,3.9049786373207834e-06
53.63220690000162,0.0,0.0,0.0,-7.906678944492946e-07,3.1437879380238236e-06,3.151501957263407e-07
53.679426999995485,0.0,0.0,0.0,0.00015169134002911096,-0.0016439533274863177,0.11073421553862606
53.732234800001606,0.0,0.0,0.0,0.0005140091941862394,-0.0013599133442681343,0.2966247635479332
53.78217220000079,0.0,0.0,0.0,0.0010112485768454594,0.0009936693057039903,0.4828053757387992
53.83115019999968,0.0,0.0,0.0,0.0014982411435739726,0.0007743318346664259,0.6985654756680417
53.874816600000486,0.0,0.0,0.0,0.002173832932543392,0.000647721715657514,0.9402031838874253
53.9293508999981,0.0,0.0,0.0,0.0017374053430909294,0.0040214482860272,1.1254954898836984
53.98175479999918,0.0,0.0,0.0,0.0021897648163902075,-0.006555291678074283,1.1762283778964935
54.03431249999994,0.0,0.0,0.0,0.002425480079201707,0.0005544556071472254,1.1192894717213149
54.07977209999808,0.0,0.0,0.0,0.002495337072288928,-0.004888017382502649,1.0275318870361978
54.12899340000149,0.0,0.0,0.0,0.0013263161224357283,0.002739122672684743,0.9347307834157702
54.18646450000233,0.0,0.0,0.0,0.0017632096508795178,-0.0016538485098571332,0.852926597483614
54.230866899997636,0.0,0.0,0.0,0.0019408747324539191,-0.003562128916407042,0.7870335221467245
54.27714140000171,0.0,0.0,0.0,0.0017113059350270378,0.0004751819143157419,0.7240822492479727
54.326390599999286,0.0,0.0,0.0,0.0015494399877658675,0.00033399136054473074,0.6678947130051174
54.38318559999607,0.0,0.0,0.0,0.0018679471321395448,-0.00854624806807124,0.6595927488999915
54.434564399998635,0.0,0.0,0.0,0.001637131790695295,0.0028859302819326956,0.6492419897663987
54.48450269999739,0.0,0.0,0.0,0.0016047571028564701,0.0010843490828963851,0.6491304347650333
54.5290090999988,0.0,0.0,0.0,0.001543044608817625,0.002806284210154608,0.6637219551651268
54.58375900000101,0.0,0.0,0.0,0.0014105529060673984,0.003354734308319278,0.6867692626947288
54.63107930000115,0.0,0.0,0.0,0.001913670015397672,-0.004064969810393889,0.6987549075596899
54.677901800001564,0.0,0.0,0.0,0.002372954091837436,0.0013819758242104181,0.642122334549645
54.728528200001165,0.0,0.0,0.0,0.001275924250521333,0.0018517767258455612,0.49531025502172227
54.78571699999884,0.0,0.0,0.0,0.00016077599076407624,0.00451633941541128,0.32202802261110186
54.83367290000024,0.0,0.0,0.0,-0.0002132434900047362,0.0011045255684085686,0.16816559942458173
54.880403999995906,0.0,0.0,0.0,-0.00014518595449312507,0.009518538745582372,0.11991076583295608
54.92581849999988,0.0,0.0,0.0,0.00025327933333678425,0.0017001171560841878,0.20503467863207195
54.981074600000284,0.0,0.0,0.0,0.00028285894630784733,0.0004777143446597408,0.23653892261350787
55.036374199997226,0.0,0.0,0.0,0.0003120070605829897,0.0003885441698219197,0.22699473227306272
55.07491399999708,0.0,0.0,0.0,0.0004071869347373474,-0.0009695856202134586,0.20986656222288555
55.12584190000052,0.0,0.0,0.0,0.0003711299599120681,-0.004128522427216304,0.1943794297091484
55.17522669999744,0.0,0.0,0.0,0.00021314903251724735,0.0024620290447301177,0.18409000865178
55.232597299996996,0.0,0.0,0.0,0.00022301059479549334,0.0002024784254497709,0.1778679265904705
55.27534899999591,0.0,0.0,0.0,0.0001977247536381607,0.0015142239983199763,0.17082293729189263
55.32908049999969,0.0,0.0,0.0,0.00027430246075475323,-0.0039685466929955514,0.16233873545054125
55.37365019999561,0.0,0.0,0.0,0.0002719347307642607,0.0008305477007934719,0.15524447887972653
55.42561389999901,0.0,0.0,0.0,0.00026184344562183055,-0.0017379009703136898,0.14872372864000472
55.48508900000161,0.0,0.0,0.0,0.00017792127394554606,0.002731244314021601,0.14276832855794838
55.53179649999947,0.0,0.0,0.0,0.00022038314108863266,-0.0011202246807240123,0.1376164309234896
55.58254329999909,0.0,0.0,0.0,0.0001409504138150124,0.0016073715570440912,0.13279524609639518
55.63084649999655,0.0,0.0,0.0,0.00015724214665981318,0.000883933142949757,0.12821515470997902
55.67616799999814,0.0,0.0,0.0,0.00019348452160349705,-0.0013536866645404298,0.12763947928895275
55.72523799999908,0.0,0.0,0.0,1.3441379499352638e-05,0.0019395732562839084,0.13018224784405105
55.78282300000137,0.0,0.0,0.0,0.00023780723499240678,0.0008830276260167788,0.12703051330517626
55.82977540000138,0.0,0.0,0.0,0.0002924862646818573,-0.0033413349296296125,0.10643863815312059
55.88575249999849,0.0,0.0,0.0,3.439772402291e-05,0.002493641821138856,0.1077937908824935
55.93232100000023,0.0,0.0,0.0,9.086693090814885e-05,-0.00365592895933695,0.11551010272728549
55.98283509999601,0.0,0.0,0.0,0.0002175911664949874,-0.00021853961047667606,0.11833784344055749
56.02933800000028,0.0,0.0,0.0,0.00016914113451523615,-0.00020092422290986806,0.11917925365186868
56.08353039999929,0.0,0.0,0.0,0.00020523116879351524,0.001642114005644808,0.12158257844239885
56.125606900001,0.0,0.0,0.0,0.00018745100274544186,-0.0006208812245463911,0.12739025866820392
56.17616629999975,0.0,0.0,0.0,0.00022602942333551114,0.0019650785147950884,0.1348865168465505
56.23202299999684,0.0,0.0,0.0,0.0002848596101132338,0.0016977612386395858,0.14370690215636453
56.28380040000047,0.0,0.0,0.0,0.0003063161623727816,-0.0022744194610386584,0.16230710396795023
56.332881800000905,0.0,0.0,0.0,0.00033265351084174166,0.001099993848894831,0.1903852991152133
56.37665500000003,0.0,0.0,0.0,0.00039355979573810305,-0.0016279136746642675,0.23402411344763963
56.42447099999845,0.0,0.0,0.0,-7.710324447590578e-05,0.009133006577489437,0.2435453513253298
56.48488399999769,0.0,0.0,0.0,0.0001504868102974394,0.0006734537254391387,0.24740434516925328
56.52981549999822,0.0,0.0,0.0,0.0004484788378735731,0.0005474712263305927,0.2463865289970949
56.5810932999957,0.0,0.0,0.0,0.0007853755441812797,0.0005274541321747467,0.24750468279318594
56.62485359999846,0.0,0.0,0.0,-0.00019186122139216224,-0.00030800676562464234,0.23413810325653817
56.675371699995594,0.0,0.0,0.0,0.00018466514938608145,-0.0007408886199561998,0.2256670931436711
56.73200910000014,0.0,0.0,0.0,0.00025389829669657786,-0.0008034525117905698,0.21262852751191022
56.78131449999637,0.0,0.0,0.0,0.0005966972433900037,-0.0005790656516190323,0.19622475071128886
56.83277300000191,0.0,0.0,0.0,0.0010557465328888055,-0.0022597375155168666,0.15300750428848947
56.87810919999902,0.0,0.0,0.0,-0.0010923592441659286,-0.006453442160363941,0.034791610546221145
56.93126569999731,0.0,0.0,0.0,-0.00013803159171147162,0.0014382827954115935,0.003727511734381184
56.983220499998424,0.0,0.0,0.0,1.674422445686473e-05,0.0005422293313220402,0.0017439656052401684
57.03168300000107,0.0,0.0,0.0,3.6842262201777774e-06,-0.0008573147065060131,0.0008583307131226727
57.07477269999799,0.0,0.0,0.0,-6.614665182775039e-05,0.0015628631484443148,0.0003356297979804786
57.13290309999866,0.0,0.0,0.0,0.00011024031226313686,-0.0012907312859575173,0.00012193208775642737
57.1746284999972,0.0,0.0,0.0,-9.587292711789845e-05,0.0004245829066878464,3.5410234168706346e-06
57.22921150000184,0.0,0.0,0.0,1.632238811795782e-05,-0.00041850637497306016,5.1124550011225306e-05
57.28021769999759,0.0,0.0,0.0,5.460792947910713e-05,0.0006865929236577032,-4.155510236412693e-05
57.33251169999858,0.0,0.0,0.0,-4.661813257383098e-06,-0.0011812682473921192,7.44466112148363e-05
57.38122779999685,0.0,0.0,0.0,-7.220646376435357e-05,0.00042189465896468227,8.480967324424907e-05
57.425476600001275,0.0,0.0,0.0,9.213752924927933e-05,-0.0001973960040690131,7.121872840586786e-05
57.48009789999924,0.0,0.0,0.0,4.187912720741421e-06,0.0013903981705717101,5.878185750765576e-05
57.53188190000219,0.0,0.0,0.0,6.081846932303809e-05,-0.0008481172209101336,9.293841123351535e-05
57.582900000001246,0.0,0.0,0.0,-5.4431387148759294e-05,-0.00047826377684534807,8.83025239860956e-05
57.63191999999981,0.0,0.0,0.0,-8.280763867643019e-05,0.0012381035822683578,7.48981055633142e-05
57.68033199999627,0.0,0.0,0.0,1.591746824937061e-05,-0.000769608803283755,-2.967599154021217e-05
57.725105699995765,0.0,0.0,0.0,-5.7864326199099863e-05,0.0003161561128127847,-3.469455668171597e-05
57.77591440000106,0.0,0.0,0.0,9.890280502952866e-05,0.0005128001406011377,-0.00023131644878916674
57.83315919999586,0.0,0.0,0.0,-2.9132413798735207e-06,-0.00109963214615703,-1.9280650261182663e-05
57.874209900001006,0.0,0.0,0.0,-3.2860273355107546e-05,7.79005045943789e-05,-1.1676297950635326e-06
57.926553299999796,0.0,0.0,0.0,-3.47671056414117e-06,0.0002339885694572702,-0.00010453270264699951
57.97384439999587,0.0,0.0,0.0,-8.038569177031983e-06,-0.0009433256541203985,2.2329890487612775e-05
58.026300400000764,0.0,0.0,0.0,5.323311906398499e-05,0.00014474754128400807,-0.00015258192046646604
58.07421189999877,0.0,0.0,0.0,-4.043306482899613e-05,0.0001801472901458768,-0.00010749022823792601
58.12412449999829,0.0,0.0,0.0,-1.936022846410309e-05,0.0004793082941342247,-8.301911569540502e-05
58.175101499997254,0.0,0.0,0.0,-3.647388869706979e-05,-0.0006250821672415654,-0.00010104755654247779
58.23448900000221,0.0,0.0,0.0,2.2616031320848308e-05,0.00017362029428869238,-2.7569499684966598e-05
58.27719839999918,0.0,0.0,0.0,5.109008136789555e-05,0.0002575990887338232,-7.434693953690548e-05
58.331799200001115,0.0,0.0,0.0,2.3434283043250875e-05,-0.0006054262196263245,-0.0001615238484271127
58.383237199996074,0.0,0.0,0.0,-4.562103558252014e-05,-0.0003058371742306695,-0.00013035568251878056
58.429845300001034,0.0,0.0,0.0,-4.790927632435113e-05,0.0002877177802604357,-9.280100806429304e-05
58.475971499996376,0.0,0.0,0.0,3.779663024114637e-05,-0.001235716373966988,-0.00019382304099864895
58.533259899995755,0.0,0.0,0.0,0.00011152408075500052,0.0022318597306167976,-0.0005274307945854944
58.576183799996215,0.0,0.0,0.0,-0.0001338887125235872,-0.001656663224661732,-0.0003154761179216667
58.626693300000625,0.0,0.0,0.0,6.375436590786012e-05,0.0008148823372761204,-0.0002158618251502052
58.67422739999893,0.0,0.0,0.0,-2.7018239537141222e-05,-0.0013584849389197218,-0.00011421828220080161
58.732513000002655,0.0,0.0,0.0,3.64852291123257e-05,-0.0005467948822729143,-0.00014796849809465876
58.78511029999936,0.0,0.0,0.0,5.8804396228570545e-05,-0.0074940357948666695,-0.00032281034748957296
58.82694719999563,0.0,0.0,0.0,-2.847226235356406e-05,5.478246991479482e-05,-0.00035407706920805525
58.87713359999907,0.0,0.0,0.0,3.8405476393369884e-05,9.399080819924523e-05,1.5065756668674314e-05
58.92862590000004,0.0,0.0,0.0,-1.767803100653194e-05,0.0002049454230678892,-0.00017991784357556038
58.97453439999663,0.0,0.0,0.0,5.962860493503122e-07,-0.00011014829507959809,-5.9034220689362446e-05
59.03172790000099,0.0,0.0,0.0,2.4113770578827158e-05,0.0005547527284817806,5.1579201918492115e-05
59.08590639999602,0.0,0.0,0.0,-2.5003096138503687e-05,-0.0005571127152278724,0.000165236441668259
59.13184799999726,0.0,0.0,0.0,-7.630168927101421e-05,-6.421128888682856e-05,0.0001477872405215886
59.182224600001064,0.0,0.0,0.0,5.136498777159246e-05,-0.00013171011936593367,0.0002896957384138796
59.22894649999944,0.0,0.0,0.0,4.860799525251623e-05,0.00024876013052216046,0.00033756855382449094
59.28460079999786,0.0,0.0,0.0,-2.730910137019475e-05,-0.0005197977707935759,-8.824728070402888e-05
59.32514020000235,0.0,0.0,0.0,2.709663442213701e-05,0.0002804480566317688,3.8120760277215676e-05
59.382188399998995,0.0,0.0,0.0,4.062939839303754e-06,0.0003845270537837527,8.98162123170956e-05
59.42593530000158,0.0,0.0,0.0,-5.894286275876985e-05,-0.000498652205193528,0.00013381055381743684
59.48137929999939,0.0,0.0,0.0,-5.3334940120027705e-05,0.00031396027106708323,-6.237324332677254e-05
59.531059100001585,0.0,0.0,0.0,-1.589062737246092e-05,-0.00034637257386867286,-0.00010993872426005532
59.579730199999176,0.0,0.0,0.0,6.30575705741689e-05,-0.00011946752595345795,-7.490203016253086e-05
59.625337199999194,0.0,0.0,0.0,-3.6710292524305444e-05,0.0005080511855685446,0.00022704691077295202
59.68059849999554,0.0,0.0,0.0,-4.3499189171261905e-06,-6.244081828864773e-05,0.0003677376530089644
59.7339764999997,0.0,0.0,0.0,-1.0031890000208969e-05,-0.00020112750001213548,-6.310799819904842e-06
59.78084659999877,0.0,0.0,0.0,4.690938176455087e-05,7.371454790060431e-05,0.00047433254097618426
59.82975450000231,0.0,0.0,0.0,9.570540521877546e-06,-6.378075129246841e-05,-0.00035221139022650655
59.88192800000252,0.0,0.0,0.0,-5.0565476536663885e-06,-3.5206780913486614e-05,-0.00022697330323946728
59.92518810000183,0.0,0.0,0.0,-2.7508779948139345e-06,0.0004375034497094431,-0.00017610261579712383
59.98015299999679,0.0,0.0,0.0,1.0602544177473888e-05,-4.5429470339646214e-06,-4.251825780376741e-05
60.03142549999757,0.0,0.0,0.0,2.46891660669668e-05,-0.000518221555954889,-0.00017887297274321053
60.074186500001815,0.0,0.0,0.0,5.4516929042952e-06,-0.00023915277199216867,2.759456453976555e-05
60.13367589999689,0.0,0.0,0.0,5.706408346023003e-05,0.00045018219567233004,-4.116731572799879e-05
60.1817927000011,0.0,0.0,0.0,-6.059577833308192e-05,-0.0002158485937463381,-0.00011754679977378927
60.28790289999597,0.0,0.0,0.0,5.299525316434207e-05,5.527141504151926e-05,-0.00036689172000028514
60.309355600002164,0.0,0.0,0.0,-0.00011005581310983738,0.000301985458410841,-0.00015427046637766346
60.357874399996945,0.0,0.0,0.0,-3.669961830845158e-05,-0.00016951711009724547,-0.00020415565492964575
60.40946239999903,0.0,0.0,0.0,4.9793785527959454e-05,8.536875105829145e-05,-0.00018387176800175117
60.45607709999604,0.0,0.0,0.0,-6.0115786744524396e-05,-0.00025551465315614975,-0.00031019934358018523
60.50697109999601,0.0,0.0,0.0,0.00013958922900821186,2.960012457843722e-05,-5.788696086860165e-05
60.55643350000173,0.0,0.0,0.0,-4.600102165965869e-05,-0.00020765167364175278,7.656539969610482e-05
60.6076991000009,0.0,0.0,0.0,1.7726677303087624e-05,0.00046458991890723807,0.00026422880732871357
60.656806599996344,0.0,0.0,0.0,-3.878967324066482e-05,-0.00012207605465222422,-0.00011361241576033363
60.70888820000255,0.0,0.0,0.0,-5.734334935395556e-05,7.017640200135018e-05,-1.3569217806526053e-05
60.75596580000274,0.0,0.0,0.0,9.554874221773188e-05,-1.1216824067035436e-06,2.8266427107876173e-05
60.80834660000255,0.0,0.0,0.0,-5.720119266481687e-06,0.0001066823467305394,0.00026168272833186433
60.859821599995485,0.0,0.0,0.0,-4.681001477390599e-05,-0.0002040251810912186,0.00032626338377070654
60.90739010000107,0.0,0.0,0.0,-7.0603468733470456e-06,5.720026568520614e-05,0.00034459724660010815
60.95649389999744,0.0,0.0,0.0,-4.883456503612697e-05,9.78345859672893e-05,0.00038791342440523707
61.007789199997205,0.0,0.0,0.0,5.369819454346334e-06,0.00027177459049976233,0.00032868765302865457
61.0574209999977,0.0,0.0,0.0,0.00011365993430213027,-0.00037639579297841797,-6.559472394019075e-05
61.1065282999989,0.0,0.0,0.0,-1.7929436914853313e-05,-0.0003493213337884473,-3.158185126447384e-05
61.15714409999782,0.0,0.0,0.0,-4.087597575175242e-05,0.0008569759085172879,-7.576725501624343e-05
61.21358759999566,0.0,0.0,0.0,2.4859612949434766e-05,9.603886390115232e-07,4.993477931781825e-05
61.26318960000208,0.0,0.0,0.0,-1.0511637541758184e-05,-0.00015177909101083068,-0.0002840569615316257
61.30952149999939,0.0,0.0,0.0,-1.7539279113658424e-05,-4.9410952130506825e-05,-0.0002648740358466964
61.359286099999736,0.0,0.0,0.0,4.070961173506735e-05,0.0002599582908963037,-0.000296000825978913
61.40667150000081,0.0,0.0,0.0,-2.337078783883475e-05,0.00025977008171055454,-1.4484825913567335e-05
61.459854599997925,0.0,0.0,0.0,6.6285317488321376e-06,-0.0005998630111323862,1.3081835573999927e-05
61.50682879999658,0.0,0.0,0.0,-8.938100280035877e-05,-0.0002575979308678403,-6.869466858411966e-05
61.55722550000064,0.0,0.0,0.0,6.956187748207018e-05,0.00020112928136711866,-8.349586438171051e-05
61.61000690000219,0.0,0.0,0.0,-5.128552087281815e-05,0.0008740170167209408,6.0704224083855956e-05
61.659942400001455,0.0,0.0,0.0,-2.3577112815059214e-06,-0.0013449198629640286,0.000296438829786201
61.70678699999553,0.0,0.0,0.0,3.397782225126066e-05,5.991927856793728e-05,2.2327517641811273e-05
61.75808439999673,0.0,0.0,0.0,-6.707143392004251e-06,0.0003170117291604664,0.00020731474253852297
61.81144179999683,0.0,0.0,0.0,5.872006861522238e-06,0.00041660541545448246,0.00030058827117988276
61.85757990000275,0.0,0.0,0.0,6.532563002888527e-05,-0.0001754855282254564,0.00019526110348237223
61.908187900000485,0.0,0.0,0.0,5.8049490527966654e-05,-0.00013994475489720418,-0.00011882118289882515
61.958263599997736,0.0,0.0,0.0,-3.545670315213128e-05,-0.0001569565803744496,-0.000361758036311688
62.00764799999888,0.0,0.0,0.0,-2.1661044353996538e-05,0.0004117310714539526,-0.00033092308539509486
62.057817299995804,0.0,0.0,0.0,-7.946878125808208e-06,-0.0005264583247513531,-0.00030242878647486146
62.10890140000265,0.0,0.0,0.0,1.3086564223482188e-05,3.1344368150550786e-05,-0.00025744448606984373
62.15619429999788,0.0,0.0,0.0,-4.700889336491831e-05,0.00020160289935716497,-0.0003105265054606503
62.207340799999656,0.0,0.0,0.0,-3.694485280372585e-05,-0.00023478746243882673,-0.0001951112418470338
62.25696579999931,0.0,0.0,0.0,1.3369644992946612e-05,-5.361500783321015e-05,0.00010585329105928681
62.31949259999965,0.0,0.0,0.0,-6.750486412547123e-06,0.0002488120802148437,0.00022680443381608775
62.35824219999631,0.0,0.0,0.0,-2.7654127453870967e-05,0.0005419432845565446,0.00025141539386303025
62.406494299997576,0.0,0.0,0.0,4.173234955223686e-05,-0.00046076924704334957,0.0005445939831563055
62.45821959999739,0.0,0.0,0.0,8.791720812495323e-05,-0.00043543921546229463,0.00020131429430670253
62.50969339999574,0.0,0.0,0.0,-0.0001394673626064261,0.000116843195425832,0.00021634948118291885
62.55690329999925,0.0,0.0,0.0,-1.1926901906937396e-05,1.9543122461641172e-05,-2.8272119780577638e-05
62.607949299999746,0.0,0.0,0.0,-2.675135116353952e-05,0.00010738333662335236,3.521910354624495e-05
62.65681690000201,0.0,0.0,0.0,0.00010827159492463208,-0.0001090885727005776,-5.9527375233726037e-05
62.70872039999813,0.0,0.0,0.0,-4.765298250301414e-05,0.00019965718732615855,0.00014913021133669557
62.76075049999781,0.0,0.0,0.0,1.7062859148272352e-05,-0.00021718073095598018,3.353467362324401e-05
62.808860899996944,0.0,0.0,0.0,2.7457408815590306e-05,0.00011285385755822477,-0.0003126999846336133
62.85841729999811,0.0,0.0,0.0,-5.337263235750943e-05,-0.00034722797793085845,0.00011942705479982176
62.90769999999611,0.0,0.0,0.0,-5.351974485791543e-05,0.0004805293875828327,0.0001836142161924101
62.95841639999708,0.0,0.0,0.0,5.646479231679851e-05,-0.0003160034694751387,0.0001956518548949269
63.006112099996244,0.0,0.0,0.0,5.137325466477507e-05,0.000539643945256896,0.00017708010163147923
63.057337300000654,0.0,0.0,0.0,-9.987981217331258e-06,-0.0001324623293367867,0.0001738670052784
63.10778410000057,0.0,0.0,0.0,-4.976143730349607e-05,-5.482806048329003e-05,0.00030871775672402396
63.15953759999684,0.0,0.0,0.0,-3.075711144408467e-05,2.6301870732881405e-05,-8.700036544708346e-05
63.2080833,0.0,0.0,0.0,0.00011172164036289125,1.8437410852835995e-05,0.00011865699686135339
63.259537300000375,0.0,0.0,0.0,-7.814298821101433e-05,3.514850720730624e-05,0.0002728335838183628
63.30739499999618,0.0,0.0,0.0,0.00010986558935845785,-0.00013080204976369567,-1.7585231684297542e-05
63.36508859999594,0.0,0.0,0.0,-7.618641744786041e-05,-0.0003089305262722965,1.6357471720111533e-05
63.410231800000474,0.0,0.0,0.0,6.750854456247877e-05,-0.00019900771219266952,-1.884722233105122e-05
63.46105069999612,0.0,0.0,0.0,-4.6499895884008915e-05,9.800466952784513e-05,-0.0002706827599732928
63.50966579999658,0.0,0.0,0.0,0.00011227898203589314,0.00040245087348978695,-0.00029817093186045897
63.55669830000261,0.0,0.0,0.0,-6.550467793675384e-05,-0.0003689462493929036,-0.00034951188997560677
63.60982549999608,0.0,0.0,0.0,-7.232242990134422e-05,-1.785771988502486e-05,-0.0002540468272188437
63.65968129999965,0.0,0.0,0.0,-1.4059855968669846e-06,0.00043809871118304165,-0.0003056128455601342
63.70904529999825,0.0,0.0,0.0,-5.420293350342334e-05,6.248980537351445e-05,-0.00028202771258602254
63.759986400000344,0.0,0.0,0.0,-3.953499873544739e-05,0.00048555225021170253,-7.580030869119721e-05
63.8080340000015,0.0,0.0,0.0,6.288087125484561e-05,-0.0003745715456662874,-0.0002916178575646705
63.85857450000185,0.0,0.0,0.0,6.476413663010119e-05,-0.0004543461241969364,-0.0001443566267887679
63.907344100000046,0.0,0.0,0.0,-1.1369411896463684e-05,0.00026295515407147904,-0.00012117515524711493
63.95721780000167,0.0,0.0,0.0,-1.3592398398549373e-05,0.0008352019326765969,2.2612244660227823e-06
64.00836200000049,0.0,0.0,0.0,-7.338968170813491e-05,-0.0007583204356381366,-4.5224276751344795e-05
64.05695030000061,0.0,0.0,0.0,-2.003788306223859e-05,-0.0005733129998230495,-6.6013766387107e-05
64.10698820000107,0.0,0.0,0.0,3.624406020811295e-05,0.00011478523332564282,-8.711504082166085e-05
64.1582999999955,0.0,0.0,0.0,6.7974435605445236e-06,0.00013091780689903748,-0.00021349035369326813
64.20806530000118,0.0,0.0,0.0,5.1908534468391275e-05,3.8169171428728865e-05,-5.1602217588554296e-05
64.26071709999815,0.0,0.0,0.0,-4.158854558964052e-07,-0.00016016943304308107,5.442777922370144e-05
64.3081583000021,0.0,0.0,0.0,-8.075667385747709e-05,-1.4725309230931992e-05,-8.072939061159001e-05
64.3582482999991,0.0,0.0,0.0,3.558499403568661e-05,0.000545244066449412,-0.00011289787799738369
64.40718509999715,0.0,0.0,0.0,3.457997330299025e-05,-0.0007402496413473193,0.00011297146787843553
64.46747799999866,0.0,0.0,0.0,-1.4386877863719344e-05,0.0002017134641211092,0.00024402438804321742
64.50791590000154,0.0,0.0,0.0,-4.2494477088347097e-05,0.000882881178518099,-0.00019988902900881688
64.55752689999645,0.0,0.0,0.0,4.874830953282892e-05,-0.0007879555340777198,-0.00011122455126529554
64.60693100000208,0.0,0.0,0.0,7.063184089799824e-05,0.0001345000715497429,0.00045795852751287996
64.66094319999684,0.0,0.0,0.0,-2.770116081550041e-05,-0.00014742500916903252,0.00015847932004957283
64.71924220000074,0.0,0.0,0.0,-1.6500570025368363e-06,-0.00010423694069607477,-0.00011022770636911567
64.76916109999729,0.0,0.0,0.0,2.7734662095658483e-05,0.000538829760219917,-0.00036862938915504677
64.80892180000228,0.0,0.0,0.0,-7.950106250703646e-05,-0.0005068144647996689,-0.00014856149188636518
64.86574039999687,0.0,0.0,0.0,6.017191870249165e-05,3.753275360709485e-05,-0.00027400326046734874
64.91710759999842,0.0,0.0,0.0,-1.0505686410642476e-05,-9.219126297525332e-05,-6.377080175453374e-05
64.96913219999988,0.0,0.0,0.0,-0.00012896242258803294,0.000655020366018033,-9.150105786794506e-05
65.0079065999962,0.0,0.0,0.0,0.00011104108163872453,0.0004207652664932568,6.749180082837227e-05
65.07094540000253,0.0,0.0,0.0,-4.880709243360024e-05,-0.000454789365064662,-1.8555087660538487e-05
65.11681829999725,0.0,0.0,0.0,2.0948095144974002e-05,-0.00024374357760451298,0.00015697491076757487
65.16390870000032,0.0,0.0,0.0,3.9480660889636347e-05,-0.00017418321716102984,-0.0003055454087911498
65.21848569999565,0.0,0.0,0.0,1.9416219930840018e-05,-8.891700279811733e-05,-0.00017770726174355206
65.262888199999,0.0,0.0,0.0,-0.0001326572147964643,9.872116629660167e-05,1.015253537469642e-07
65.31902740000078,0.0,0.0,0.0,7.91087847014716e-05,0.000918120791014087,6.806610335784161e-06
65.3625882999986,0.0,0.0,0.0,1.2767120437284625e-05,-0.0005857953538366749,0.0001250797091096427
65.40993119999621,0.0,0.0,0.0,0.0008106119153548817,-0.0003947898331636243,0.09466139419573344
65.45880680000118,0.0,0.0,0.0,0.00031641558520622523,0.006858903050249467,0.24457590641400073
65.51295089999621,0.0,0.0,0.0,0.000502518368813904,-0.006321256379439956,0.4013794573780998
65.56369070000073,0.0,0.0,0.0,0.0016169549054843736,-0.0007201776265265978,0.5759993031168384
65.60831509999844,0.0,0.0,0.0,0.0008436614223690161,0.0009988211890602239,0.7760281152654246
65.65857909999613,0.0,0.0,0.0,0.0017624518385469003,0.001676450539445256,1.036435175072393
65.71104999999807,0.0,0.0,0.0,0.0020407082287680397,0.004455888640498364,1.3254540992106945
65.7622784999985,0.0,0.0,0.0,0.0026069454528360406,0.0016429713480928055,1.616481226695077
65.8072245000003,0.0,0.0,0.0,0.003785044489230241,-0.007465503242188674,1.8070781981327866
65.85792770000262,0.0,0.0,0.0,0.0030019747163398175,0.0007382566685849883,1.8147365457145237
65.90681490000134,0.0,0.0,0.0,0.004032489159073088,-0.00368070290035754,1.8423736924121517
65.96005889999651,0.0,0.0,0.0,0.0038042023381220586,1.4058810658369859e-05,1.8776227969109125
66.00860660000035,0.0,0.0,0.0,0.0035957641501925433,0.0028294945488436907,1.8829649180229935
66.05630579999706,0.0,0.0,0.0,0.003378455811922483,0.0007720009374962279,1.8842999314212083
66.11153770000237,0.0,0.0,0.0,0.003807355962105493,-0.0027671594461692985,1.8811950186845152
66.16640010000265,0.0,0.0,0.0,0.0031989640643261424,0.0038086237589673357,1.8831569674817494
66.21059760000207,0.0,0.0,0.0,0.0032985398989632876,-0.0013808951793706705,1.8824629337048875
66.25759960000141,0.0,0.0,0.0,0.0027363663227870233,0.0014698991448194667,1.8818212594505404
66.30775749999884,0.0,0.0,0.0,0.003825777921372283,-0.0005736371115829237,1.8820244496066731
66.35995559999719,0.0,0.0,0.0,0.003372457193532102,-0.001292046180197948,1.8381574564298433
66.41146760000265,0.0,0.0,0.0,0.0032999753945322278,0.0010158062162181475,1.7260284279418068
66.45727790000092,0.0,0.0,0.0,0.003184242611576184,-0.003071091605098535,1.5861926391606962
66.51003489999857,0.0,0.0,0.0,0.0031310883782570296,-0.0009629472205718254,1.462552337043398
66.55911599999672,0.0,0.0,0.0,0.0029793559026481797,0.0023610208154551593,1.3486963994864758
66.61999349999678,0.0,0.0,0.0,0.002834863180906965,-0.003433215777388569,1.2454932150806095
66.65873920000013,0.0,0.0,0.0,0.002321876810621887,0.0015649572790687085,1.1444649792998751
66.71428590000141,0.0,0.0,0.0,0.0022534614013954833,-0.0006813512518119167,1.054179303092201
66.75716020000255,0.0,0.0,0.0,0.0019587479349341924,0.0008596716078938716,0.9744386445449857
66.80857639999886,0.0,0.0,0.0,0.0017764110804674958,0.0006463652615134349,0.9001954675235964
66.85822989999724,0.0,0.0,0.0,0.0019135918536123697,-0.004486256045368228,0.8243103558274902
66.90745969999989,0.0,0.0,0.0,0.0017474383847983224,-0.0011563372997726335,0.7637940568837223
66.95763450000231,0.0,0.0,0.0,0.001596884648260401,-1.5019683926072795e-05,0.7046541920813943
67.00864400000137,0.0,0.0,0.0,0.0014849682881724697,0.00026718651454027664,0.6476271691681053
67.05768349999562,0.0,0.0,0.0,0.0014565957299589054,-0.006267074022739549,0.6524034338417277
67.10653839999577,0.0,0.0,0.0,0.0016265112563580394,0.0008552507140093027,0.6441025225247039
67.15891440000269,0.0,0.0,0.0,0.0019454984833666526,6.935088617351604e-05,0.6468770415597433
67.21171630000026,0.0,0.0,0.0,0.0011900761925546651,0.004641539068553685,0.6616695708067099
67.2572461000018,0.0,0.0,0.0,0.0015593058609795337,0.002592376721548999,0.6990298514936026
67.30741249999846,0.0,0.0,0.0,0.002007124395181837,-0.0033661837798996644,0.7116781993456656
67.3583948000014,0.0,0.0,0.0,0.001468368130406874,0.006481744165996424,0.667832152480007
67.40675109999574,0.0,0.0,0.0,0.0013595697402249587,-0.0039070404584757475,0.5594910811475988
67.4594098000016,0.0,0.0,0.0,0.0009598850670060946,1.8865790322408168e-05,0.39314660890027087
67.50765590000083,0.0,0.0,0.0,0.0003795534186867987,0.003672654835718706,0.22444839388871557
67.5616766000021,0.0,0.0,0.0,-9.510065243670677e-05,0.009563876076307648,0.15726664967462006
67.60987629999727,0.0,0.0,0.0,0.0001254903966288928,0.0001564844067426585,0.20475645383528068
67.66148119999707,0.0,0.0,0.0,0.0004079169758359196,0.002302637310039093,0.2078798249159226
67.71337889999995,0.0,0.0,0.0,0.00031864278617952334,-0.0018489070946179618,0.20044352377466518
67.7573068999991,0.0,0.0,0.0,0.0002132460699039652,-0.0013672529437269583,0.18553436975392373
67.8069400999957,0.0,0.0,0.0,0.0001573649571244845,0.0005148521843733548,0.17497620699519478
67.85885749999579,0.0,0.0,0.0,0.00014466360865298991,0.005265337501874,0.17144963683367823
67.90701319999789,0.0,0.0,0.0,0.00040388703427376174,-0.005496590714823163,0.16837240997781183
67.95720689999871,0.0,0.0,0.0,0.0003190261576579783,-0.00319663200886723,0.1647151095920913
68.00785739999992,0.0,0.0,0.0,0.00023350009060093006,0.0005332883184935896,0.16145240522515442
68.05923729999631,0.0,0.0,0.0,0.00019928472715373212,0.005247539760049973,0.15772565694471938
68.10856000000058,0.0,0.0,0.0,0.0003157761214105313,-0.003521705866771744,0.1542475173908329
68.1592698999957,0.0,0.0,0.0,0.00017609494324326286,0.0018199616340067724,0.15395162710145022
68.20922129999963,0.0,0.0,0.0,0.00012210910659672287,0.001969874300822784,0.15287538663259168
68.257265799999,0.0,0.0,0.0,0.00022107893616987105,0.0023133314721239823,0.15339637706285592
68.31250829999772,0.0,0.0,0.0,0.00031946702335748303,-0.0036754887316654615,0.15597492614697533
68.3616073000012,0.0,0.0,0.0,0.00015272368153475166,0.0024709800293272383,0.16016252496444186
68.41105239999888,0.0,0.0,0.0,0.0002597391681816791,-0.0019339252530639604,0.16720029452252666
68.46243210000102,0.0,0.0,0.0,0.0002847182750403703,0.0004911948363403766,0.17648766796855242
68.5099723999956,0.0,0.0,0.0,0.00028966859757287365,-0.0009316081240728835,0.1889521048062467
68.56287819999852,0.0,0.0,0.0,0.00020076693550493272,0.003479884471096516,0.209301511547042
68.61310619999858,0.0,0.0,0.0,0.000677565644222697,-0.0015212444994937837,0.24155236426903443
68.66494670000247,0.0,0.0,0.0,0.0006229809106469312,-0.002066274237000912,0.2932672520120699
68.71688429999631,0.0,0.0,0.0,-0.0001529782103503927,0.00945929343395122,0.2934947640217936
68.75760720000108,0.0,0.0,0.0,0.00022612916343354135,0.0009146077814540315,0.28572387441786895
68.81203500000265,0.0,0.0,0.0,0.00011146578959939432,0.0003023516181926359,0.2717938042540347
68.86332330000005,0.0,0.0,0.0,0.0002304790091912504,-0.00027494594765517766,0.2524312807014446
68.90766179999628,0.0,0.0,0.0,0.0002967069683688472,-0.0006725000090029634,0.24049532168578774
68.96595230000094,0.0,0.0,0.0,0.00026701122309054365,-0.00033161230870015605,0.2439277461072659
69.00934419999976,0.0,0.0,0.0,0.00019609661749213177,-0.0005206166512206568,0.24531091964296145
69.05858879999869,0.0,0.0,0.0,0.00022458468171572337,-0.00044917160360057463,0.24002524595481925
69.11143399999855,0.0,0.0,0.0,0.0002464103281356201,-0.00410040851868806,0.21234430694173548
69.15991049999866,0.0,0.0,0.0,-0.000139332538169502,-0.006017338291569491,0.088684424266043
69.2065231000015,0.0,0.0,0.0,0.0002465158968098537,-0.0044974604576178455,0.00669432930492338
69.25923650000186,0.0,0.0,0.0,4.267111863888122e-05,0.004751567849389672,0.0002407114077181757
69.30826800000068,0.0,0.0,0.0,6.4264029526551034e-06,0.004663730307140567,-1.456164104397687e-05
69.35900720000063,0.0,0.0,0.0,1.005020660442651e-06,0.0006576311100899896,4.108621122148844e-05
69.40907460000017,0.0,0.0,0.0,2.2419239028226419e-07,-0.0001912137196663441,2.845633513195986e-05
69.45834140000079,0.0,0.0,0.0,6.290618033197952e-07,8.980835065528793e-05,0.0001542694283366934
69.50718429999688,0.0,0.0,0.0,2.627518563874131e-06,0.000932378282064287,6.771856297747785e-05
69.55770150000171,0.0,0.0,0.0,-2.632717052168972e-07,-0.0006635248773121246,0.00014332074809098776
69.60954520000087,0.0,0.0,0.0,3.531522117028409e-06,0.0006677888345901048,0.00014219024060428817
69.65682119999838,0.0,0.0,0.0,-5.3058268215926e-06,-0.0007904184198252598,9.715080993015544e-05
69.71093439999822,0.0,0.0,0.0,-2.605141371376137e-06,-0.0008418430041455149,5.9041988699465715e-05
69.76725530000112,0.0,0.0,0.0,2.7678486816250047e-06,0.0005345619540097218,4.3002836059622506e-05
69.80987879999884,0.0,0.0,0.0,-2.2519080540320163e-07,-0.0003666976682432228,7.62844462179195e-05
69.8652191000001,0.0,0.0,0.0,1.1383508236383712e-06,0.00017545539762615236,0.00012138471779332841
69.90943849999894,0.0,0.0,0.0,1.7885460557460541e-06,-7.365218804920654e-05,0.00011738186016614773
69.96648940000159,0.0,0.0,0.0,-4.117012961748851e-06,-0.0010781460244613653,9.933786056083013e-05
70.01268829999754,0.0,0.0,0.0,1.0474357531497693e-06,0.000921873896958492,2.8247201693983634e-06
70.0664700999987,0.0,0.0,0.0,8.896393751225703e-08,-0.00019744239385641982,0.0001536938926192327
70.12100490000012,0.0,0.0,0.0,-1.7360308221232227e-06,3.9774526762359124e-05,7.10331774845194e-05
70.17509640000208,0.0,0.0,0.0,2.5052518255711954e-06,0.0006760563072253146,9.611455778372641e-05
70.21480870000232,0.0,0.0,0.0,-3.861635133447532e-06,-0.0018953080796085694,0.00012412561321008205
70.26094919999741,0.0,0.0,0.0,-2.8945266573109013e-06,-0.0008027069990853305,9.574688422095266e-05
70.30845179999596,0.0,0.0,0.0,1.0249408687882179e-06,0.0001575959835764361,-2.3791545596946725e-06
70.35788299999695,0.0,0.0,0.0,-4.5388504598755176e-07,-0.0006545757205625919,-7.000879821012179e-05
70.4171129000024,0.0,0.0,0.0,-4.214728265780419e-06,-0.001332051810293119,7.59921628048432e-05
70.46501239999634,0.0,0.0,0.0,6.734246304391192e-06,0.0025602517036909514,-1.2785756803168899e-05
70.51136609999958,0.0,0.0,0.0,-3.9718702226324076e-07,0.00036040529345192823,0.00020765317468809792
70.56608299999789,0.0,0.0,0.0,7.846839611567024e-07,-0.00044166248042331577,5.4222685536098236e-05
70.60814369999571,0.0,0.0,0.0,1.504203213824545e-08,0.0006717950772627556,0.00014291951074558822
70.6603099999993,0.0,0.0,0.0,-3.6709578763246095e-06,-0.002252108159586972,0.00016424152038880835
70.71534760000213,0.0,0.0,0.0,9.605361586110932e-07,0.000593286875406462,-7.797424995902945e-05
70.76372399999673,0.0,0.0,0.0,2.2083841493877123e-06,0.0008813661826186422,0.0001992300433385292
70.81715409999742,0.0,0.0,0.0,1.776627977000798e-06,0.0005843268752692392,9.223194949612169e-05
70.86300599999959,0.0,0.0,0.0,1.1294302616284139e-06,0.0005718626560602173,4.350758305774039e-05
70.91406989999814,0.0,0.0,0.0,-4.008523604750887e-06,-0.0013184822303699624,3.6378970908473244e-05
70.96201650000148,0.0,0.0,0.0,4.4728177261503914e-06,0.001077046250922239,5.722233797297268e-05
71.00945789999969,0.0,0.0,0.0,-2.00520503334176e-08,-0.00026590576394741003,0.00021082730873020958
71.06354740000097,0.0,0.0,0.0,-2.6768535730884804e-06,-0.001730116980065137,4.6724513664710866e-05
71.10950159999629,0.0,0.0,0.0,6.18827967410453e-06,0.002178441413732681,0.00024484332213764405
71.16089199999988,0.0,0.0,0.0,-5.861177542496611e-07,-0.001498916908785457,0.00014080223465624177
71.21069929999794,0.0,0.0,0.0,-2.6664178042526964e-06,-0.00010170464773005144,-0.00011255277832861737
71.25872920000256,0.0,0.0,0.0,-1.92285852497502e-07,-0.000756330358412304,0.0001318296429732805
71.31140500000038,0.0,0.0,0.0,3.109895388776686e-07,0.0006734612417326219,7.325628859540031e-05
71.35753000000113,0.0,0.0,0.0,-5.51573865251094e-07,0.0007693326991294524,0.000178145724129267
71.41013179999572,0.0,0.0,0.0,-1.2117592000366649e-06,-0.0005580849906561115,0.00022032535049011382
71.4591500999959,0.0,0.0,0.0,1.6436977234253142e-06,-0.00026095112750828934,0.00012910280451154449
71.51195390000066,0.0,0.0,0.0,-1.4018172816364798e-06,0.00017232396945545775,0.00018127510910195818
71.56760699999722,0.0,0.0,0.0,5.29075162347038e-07,-4.126406164444344e-06,0.0001653415978294506
71.60789690000092,0.0,0.0,0.0,1.0019358506576867e-06,0.000639133870123015,5.39224520864194e-06
71.6586982000008,0.0,0.0,0.0,1.3842963873151114e-06,0.0005126955771798015,0.00013593659273658377
71.7098960000003,0.0,0.0,0.0,-2.672527915542101e-06,-0.0017549708726451718,2.7973621285531537e-05
71.7573809999958,0.0,0.0,0.0,-7.060278779117608e-07,0.0003246091508084102,-5.478606993796072e-05
71.80739969999559,0.0,0.0,0.0,2.1189811158985946e-06,0.0008020795140513542,-8.27775057470799e-05
71.85724160000245,0.0,0.0,0.0,-1.3877935273712088e-06,-0.00043718488650998556,3.395462062195586e-05
71.9093337000013,0.0,0.0,0.0,1.5087912543875528e-06,-0.0006478886203619626,-3.9078079080237734e-05
71.95771100000275,0.0,0.0,0.0,5.005713647588969e-07,-0.00023583528826934654,-1.3677810493275809e-05
72.0090207999965,0.0,0.0,0.0,5.538337121618001e-06,0.0029639076713231594,0.0001799784718685263
72.0596372,0.0,0.0,0.0,-7.115685596215539e-06,-0.0027518262196188224,0.00012528132688017143
72.10743219999858,0.0,0.0,0.0,-1.6194040751189952e-06,-0.00043181866487784174,-4.2693395042533705e-05
72.15988749999815,0.0,0.0,0.0,4.606894996727503e-06,0.0021452044172636815,-2.5908009830879214e-05
72.20663849999983,0.0,0.0,0.0,-3.2936036300261504e-06,-0.0015266115258184465,0.00013533820777667074
72.25942689999647,0.0,0.0,0.0,1.72161416313546e-07,0.0003217525487101793,8.414522359237988e-05
72.31095590000041,0.0,0.0,0.0,1.9487044781425256e-06,0.0005936100342449164,4.3367759044018225e-05
72.35823959999834,0.0,0.0,0.0,2.6985511288956904e-06,0.0007834139429161097,0.0002931362205519522
72.40879100000166,0.0,0.0,0.0,-3.5933713839027942e-06,-0.0011891711723568566,7.190186700782297e-05
72.45918469999742,0.0,0.0,0.0,5.854060808926638e-07,0.00013871580419647976,8.70319017368853e-05
72.50794289999612,0.0,0.0,0.0,2.0187578725568845e-06,0.0007493481755393809,2.4549953444212008e-05
72.55982349999977,0.0,0.0,0.0,-1.1789510217990311e-07,-0.0004802477709640261,0.0001451436942859709
72.60658559999865,0.0,0.0,0.0,-2.533059484189608e-06,-0.0008219392113471926,4.126991916530837e-05
72.65720809999766,0.0,0.0,0.0,-1.264862939622847e-06,-0.0003551692213643638,-1.053469639586112e-05
72.70694669999648,0.0,0.0,0.0,4.04850602900572e-06,0.001649582915210742,7.529961721860485e-05
72.76422789999924,0.0,0.0,0.0,6.484054621743604e-07,-0.0003849520711751503,0.00024348538649234772
72.80879209999694,0.0,0.0,0.0,-4.7109066320089135e-08,-0.00015458601425020232,0.00010189216407358444
72.85845610000251,0.0,0.0,0.0,7.484189636414661e-07,0.0004229623968186779,9.92408706942848e-05
72.90817099999549,0.0,0.0,0.0,-1.1827119000308524e-06,7.414165011571279e-05,0.00013252705660295945
72.95764739999868,0.0,0.0,0.0,9.68945088356059e-07,0.0004393736383024742,-4.6775970940186367e-07
73.01043039999786,0.0,0.0,0.0,-2.4548192160645698e-06,-0.0017315201525025593,2.996655971572762e-06
73.05826279999746,0.0,0.0,0.0,2.2837218807103976e-06,0.0007404443712129436,0.00017370605667110762
73.11753529999987,0.0,0.0,0.0,-2.47080318160762e-08,-0.0003594152754715063,0.00021097586847327126
73.15816089999862,0.0,0.0,0.0,-3.676746301524128e-06,-0.0018391217718870538,0.00011855737104133032
73.20959739999671,0.0,0.0,0.0,4.301093713545211e-06,0.0030588663801843284,-2.289226011303912e-06
73.25664980000147,0.0,0.0,0.0,2.118529445745351e-06,0.00021768842174229943,0.00014588618143538044
73.30877099999634,0.0,0.0,0.0,-1.6578451567461674e-06,-0.00031295849674986656,5.796950967935372e-05
73.35871780000161,0.0,0.0,0.0,2.821207318200303e-07,0.00027438445540002826,-3.7882187582802435e-05
73.40941709999606,0.0,0.0,0.0,-4.518398389329212e-07,-0.0002415226942555661,9.972524258865124e-06
73.45930760000192,0.0,0.0,0.0,-1.956480615935686e-06,-0.0016411975092698705,-1.0953074392966556e-05
73.50885879999987,0.0,0.0,0.0,-1.406506436975312e-06,0.00029264239570995327,8.847153000597243e-06
73.55826589999924,0.0,0.0,0.0,2.4182508784150653e-06,0.00010369095852408915,5.49186347889639e-05
73.6071895999994,0.0,0.0,0.0,2.17222904430756e-06,0.0016098167329947294,7.43857145905158e-05
73.65769379999983,0.0,0.0,0.0,-1.0467492369238929e-06,-0.0004987189716355923,0.00010388362747094595
73.70830289999867,0.0,0.0,0.0,-2.119312873936896e-06,-0.0011475481770807606,-4.1712614746632725e-05
73.75732900000003,0.0,0.0,0.0,2.2556566572361973e-06,0.0010164458621377537,0.000108079099391403
73.80735869999626,0.0,0.0,0.0,-1.687617885505013e-06,-0.001235247974011995,6.163745847585336e-05
73.85891229999834,0.0,0.0,0.0,3.866199922963155e-06,0.002243872835672838,-3.503944556026182e-05
73.90768450000178,0.0,0.0,0.0,-3.578523243223442e-06,-0.001250532086002805,0.00011724711905092032
73.95700729999953,0.0,0.0,0.0,-3.8340158724751244e-07,-0.0009993654247242233,0.0001066847250025221
74.01165999999648,0.0,0.0,0.0,2.548709497046312e-07,0.0005821805067783681,0.00017333740805579572
74.05946689999837,0.0,0.0,0.0,4.145865771927996e-06,0.0015510481188259109,0.00012630630278420688
74.1060404000018,0.0,0.0,0.0,8.135703092538166e-07,-0.00022576607664976712,8.010039580039709e-05
74.16605939999863,0.0,0.0,0.0,8.657731978660768e-07,0.0006670038415086298,-2.2498311026026762e-06
74.21077330000116,0.0,0.0,0.0,-9.173911873511933e-07,-0.0004704790576066552,7.700738521111813e-05
74.26104369999666,0.0,0.0,0.0,2.1043717187369967e-07,-0.0007251904073517153,6.858105394647562e-05
74.30959099999745,0.0,0.0,0.0,-1.4559150856747487e-07,0.000331275877769313,4.081836119858267e-05
74.35861070000101,0.0,0.0,0.0,-2.706359647179709e-06,-0.0017594035069975942,9.71898210446488e-05
74.4075176999977,0.0,0.0,0.0,2.8745050996067527e-06,0.0017919614534048593,-3.065348717486209e-05
74.46135749999667,0.0,0.0,0.0,2.0311563768997475e-06,-0.0006541769466067611,3.175896530958814e-05
74.51200329999847,0.0,0.0,0.0,-9.823476782063816e-08,-0.0005140344547642725,1.1472721479242666e-05
74.55745410000236,0.0,0.0,0.0,-2.005146130209198e-06,0.001640212535290887,7.197852444684687e-05
74.60812350000197,0.0,0.0,0.0,-1.8419439706169582e-06,-0.0006163683122323849,4.449423355363928e-06
74.65701989999798,0.0,0.0,0.0,2.674462744605958e-06,0.00032041258677321824,1.4738501787914448e-05
74.708217899999,0.0,0.0,0.0,6.837797713506519e-07,0.0002838671206002553,2.681892995530397e-05
74.75845709999703,0.0,0.0,0.0,2.8715842910717077e-06,0.0008143055626326711,0.00024337938262567333
74.80792739999742,0.0,0.0,0.0,-5.818012975688206e-07,-0.0006303765455326054,7.484739929182092e-05
74.85826580000139,0.0,0.0,0.0,-1.272040431276143e-06,-0.0004990124768310206,6.028130113248938e-05
74.90911410000263,0.0,0.0,0.0,-3.484686763938089e-07,0.0005515962794287704,0.00010480878179849235
74.95946549999644,0.0,0.0,0.0,1.5511844786953343e-07,0.0003119263294677925,3.889824533747898e-05
75.00870530000248,0.0,0.0,0.0,-2.1475714187899237e-06,-0.0007332293414784338,6.816275591394749e-05
75.05852099999902,0.0,0.0,0.0,1.4753731559952504e-06,0.0004927443826903817,5.9397832542352726e-05
75.10769209999853,0.0,0.0,0.0,-7.483331095704575e-07,-0.0012867503919934407,0.00013922269417843396
75.15741239999625,0.0,0.0,0.0,2.2619667884049257e-06,0.0010894045005012487,7.562930433413227e-05
75.20597679999628,0.0,0.0,0.0,1.0934304184501466e-06,0.0002789810751603934,8.302424726715273e-05
75.2639921000009,0.0,0.0,0.0,7.639866442092547e-07,0.0005578636622256313,0.00015064470569799076
75.30864540000039,0.0,0.0,0.0,-1.8037158091643719e-06,-0.0008816687715140037,5.3271886853231584e-05
75.35958140000002,0.0,0.0,0.0,3.372556494299654e-06,0.0010782156213719602,0.00015249207597639112
75.4072251999969,0.0,0.0,0.0,-2.362223427970008e-06,-0.0010507443750655495,4.825825894201311e-05
75.45917339999869,0.0,0.0,0.0,-9.310425074188032e-07,0.0003822979097649828,0.00016557150444102835
75.50719029999891,0.0,0.0,0.0,1.7806647460719414e-06,0.00044005813933380015,9.599578182556047e-05
75.55754870000237,0.0,0.0,0.0,-2.2293889509121225e-06,-0.0013735888726875906,0.00012550367333069617
75.60698019999836,0.0,0.0,0.0,2.3257942567696312e-06,0.0011264731568871754,9.360444195960591e-05
75.65629590000026,0.0,0.0,0.0,-4.2962097871769326e-08,-3.114529210437728e-05,0.00014108591035399121
75.70665860000008,0.0,0.0,0.0,-2.0608117079475157e-06,-0.00019826901724288263,0.00015116354992659916
75.75955979999708,0.0,0.0,0.0,-3.382597555210515e-07,-0.0005836067084108189,3.746775962167768e-05
75.8079740999965,0.0,0.0,0.0,-3.2166306615597306e-07,-0.0010649545651790085,2.7166998264237576e-05
75.85731849999866,0.0,0.0,0.0,1.4137820130836329e-06,0.001134251452356714,0.00011975995436607189
75.90649080000003,0.0,0.0,0.0,2.14760062385055e-06,0.0009234284268924333,2.193927694270358e-05
75.95982820000063,0.0,0.0,0.0,-3.437868197451166e-06,-0.0018252050298946177,0.00013390013199593675
76.00805540000147,0.0,0.0,0.0,1.910688905460407e-06,0.0010873545225574836,7.42660387703157e-05
76.05705009999656,0.0,0.0,0.0,7.773561463779751e-07,0.00046733376916603583,0.0001567827797511308
76.10957849999977,0.0,0.0,0.0,2.2910971068534995e-06,0.0006971387625008855,0.00013019721419925992
76.15793169999961,0.0,0.0,0.0,-8.996622711069293e-07,-0.00057346153379326,9.677978643188286e-05
76.20818919999874,0.0,0.0,0.0,-1.5966488339027208e-06,-1.3664447750319143e-05,0.00015125990613057985
76.25803459999588,0.0,0.0,0.0,-4.03553221739911e-07,-0.001184260228426953,-2.75833966811398e-05
76.3168547000023,0.0,0.0,0.0,1.258198182613154e-06,0.0007390475024621901,5.119287534487176e-05
76.35948639999697,0.0,0.0,0.0,7.495394930699567e-07,0.0006950355436807255,4.3712891804550906e-05
76.42488530000264,0.0,0.0,0.0,5.976618892699917e-07,0.00020675483174033326,8.001089621963652e-05
76.468615400001,0.0,0.0,0.0,-8.183793123365875e-09,-0.0002464432028588872,0.00010845166716432762
76.51989170000161,0.0,0.0,0.0,-2.7229311419741938e-06,-0.0004958191067276555,6.335767017673154e-05
76.56594469999982,0.0,0.0,0.0,1.610132834502868e-06,0.00028688478677572606,-4.88685836742985e-06
76.6182095999975,0.0,0.0,0.0,-5.84182214097576e-07,-0.0008004948836909192,6.84667865598911e-05
76.6706303999963,0.0,0.0,0.0,1.6677399049689274e-06,0.0011553019833332062,7.693950883426815e-05
76.71732589999738,0.0,0.0,0.0,1.1168119745029217e-06,-0.0001641644736196883,9.794595276330454e-05
76.75884280000173,0.0,0.0,0.0,1.2359275934137933e-06,0.000645967283557187,5.123522408131647e-05
76.81936249999853,0.0,0.0,0.0,-5.854437477900712e-07,-0.0003877638955277141,8.430642751282081e-05
76.86773959999846,0.0,0.0,0.0,-9.748296464156883e-07,-0.0005260991408443898,4.457768926049387e-05
76.91694270000153,0.0,0.0,0.0,1.7031060750708003e-06,0.0004195348630489658,0.00017114746613065932
76.96951170000102,0.0,0.0,0.0,2.3416584450360483e-06,0.00017460528510995543,0.00010663360288162347
77.01797049999732,0.0,0.0,0.0,5.25472593614874e-07,-0.0002795450430520513,0.00011968727791744343
77.06059180000011,0.0,0.0,0.0,-1.1257083449725502e-06,-0.0002459447188916564,5.3799089985483824e-05
77.11418489999778,0.0,0.0,0.0,5.337901625107956e-07,0.0009816014863619515,6.324968679313799e-05
77.15901560000202,0.0,0.0,0.0,-2.0917692825865307e-06,-0.0014639192879779307,0.0001072201631394728
77.21042029999808,0.0,0.0,0.0,-0.0002822544172555996,-0.00018845058387341134,-0.12264972986760467
77.25891689999844,0.0,0.0,0.0,-0.0004555188772014329,-0.00395900889533499,-0.30788780774647595
77.30725689999963,0.0,0.0,0.0,-0.0008205327615257742,-0.0024165804469617655,-0.4618859004867584
77.35885530000087,0.0,0.0,0.0,-0.0011578245552070043,-0.0006733728530595991,-0.5967332772768784
77.42018989999633,0.0,0.0,0.0,-0.00133919445122544,-0.0015990294293661371,-0.7129981857562563
77.45876370000042,0.0,0.0,0.0,-0.001215540097602894,-0.0029251281286021627,-0.8232002736671438
77.50969259999692,0.0,0.0,0.0,-0.0019190104104732132,0.0003584887802015268,-0.9774294972273445
77.55903209999815,0.0,0.0,0.0,-0.002012204718776529,0.0026921799657909523,-1.2423294737521464
77.60647479999898,0.0,0.0,0.0,-0.001923648822962778,0.002368889820250402,-1.5169962764686478
77.65643660000205,0.0,0.0,0.0,-0.0030520321688168226,-0.0038568263315030323,-1.6010856429322986
77.70896709999943,0.0,0.0,0.0,-0.002967778152625389,-0.0003528375408863411,-1.5815055402061238
77.76081819999672,0.0,0.0,0.0,-0.002928213801907894,-0.0003283638674554076,-1.5472225126232337
77.80712250000215,0.0,0.0,0.0,-0.0029180570987305163,0.000474048778886096,-1.509579623579103
77.85686249999708,0.0,0.0,0.0,-0.003516975491679088,-0.009205742118638588,-1.5185514934969406
77.91321939999762,0.0,0.0,0.0,-0.0034705358860915424,0.0014332810048247268,-1.6367028253775802
77.95939379999618,0.0,0.0,0.0,-0.004013054557188926,0.0010606423595533256,-1.7888638244303001
78.00656689999596,0.0,0.0,0.0,-0.004479661702841315,0.003727924888286175,-1.8809734135922422
78.05627470000036,0.0,0.0,0.0,-0.003967825897379806,0.005372171348470667,-1.8840238014860828
78.10696430000098,0.0,0.0,0.0,-0.003744017208760541,-0.0014143893123384893,-1.8421925335630793
78.15711089999968,0.0,0.0,0.0,-0.0033822084656153677,-0.0001631893342869866,-1.7319975045132359
78.20787349999591,0.0,0.0,0.0,-0.00324959904413069,-0.001252481034987026,-1.5942358568332944
78.25788420000026,0.0,0.0,0.0,-0.002833440650156566,0.001432139716708222,-1.4610838073958825
78.30851869999606,0.0,0.0,0.0,-0.0027210911854554758,0.0005025255324273483,-1.3462820098673813
78.35893139999826,0.0,0.0,0.0,-0.0022852449906824303,-0.0008291205762118177,-1.2450572452242115
78.41006339999876,0.0,0.0,0.0,-0.002619080304783158,-0.002781990179886653,-1.1490410199269998
78.46115319999808,0.0,0.0,0.0,-0.0020994417177953853,0.002020167468317799,-1.0573249307522001
78.51424340000085,0.0,0.0,0.0,-0.0019337512718148615,0.0003690232561292724,-0.9804016635978157
78.55823480000254,0.0,0.0,0.0,-0.0018414416902095981,-8.19536537510028e-05,-0.9052717692784022
78.60863889999746,0.0,0.0,0.0,-0.0020002751866755185,-0.006471649778120595,-0.8349732202497777
78.66189350000059,0.0,0.0,0.0,-0.0018631211887505704,-0.0026086173220483747,-0.7723315806077845
78.7079173999955,0.0,0.0,0.0,-0.0016243453372220273,0.004976754137830329,-0.7126919539631161
78.75999299999967,0.0,0.0,0.0,-0.0012399888305989447,-0.0001343760217536193,-0.6631114049964271
78.80811559999711,0.0,0.0,0.0,-0.0017813114434159555,-0.00626847850170483,-0.6574020921283764
78.85939869999856,0.0,0.0,0.0,-0.0018073515938262202,0.0019999190397056357,-0.6692798974121061
78.9095914999998,0.0,0.0,0.0,-0.002206252390262085,-0.00026889136945371333,-0.6810044920090106
78.95693500000198,0.0,0.0,0.0,-0.0012587442654334936,0.002084496873905587,-0.7130906876550243
79.00784369999747,0.0,0.0,0.0,-0.002018320318456241,0.002002768065762051,-0.7577246752002454
79.05843569999706,0.0,0.0,0.0,-0.0024027999652683433,-0.0008182978639104304,-0.7770499073488226
79.1074959999969,0.0,0.0,0.0,-0.0019148487144124578,0.0003842327719536567,-0.7424415634470016
79.1580649000025,0.0,0.0,0.0,-0.0013089354899225463,0.002910330000924525,-0.6338756391048199
79.21051579999767,0.0,0.0,0.0,-0.0006436298421401807,0.00831083459651167,-0.4769988272839196
79.25701000000117,0.0,0.0,0.0,-0.0003928242150414499,0.0002926197438023678,-0.31855920462769993
79.30803600000218,0.0,0.0,0.0,-0.0010565205634139492,0.0007188776015049369,-0.19172005166978437
79.35986859999684,0.0,0.0,0.0,-0.0001564042677890145,0.004189178356941719,-0.16106008106593186
79.40861649999715,0.0,0.0,0.0,-0.00036056643165024267,0.0008150939844781912,-0.1716031048019051
79.45890839999629,0.0,0.0,0.0,-0.0003918222932945133,-0.0031093737522498695,-0.17835892245948282
79.50810379999893,0.0,0.0,0.0,-0.00023522570984656443,0.003692823047047429,-0.17395804264425857
79.56999910000013,0.0,0.0,0.0,-0.00027046036531573554,-0.0009732126682410245,-0.16930190125571193
79.60903909999615,0.0,0.0,0.0,-0.0002878661701259158,-0.000944179697084085,-0.1670997854069266
79.65693699999974,0.0,0.0,0.0,-0.00025400957008410603,0.0011607356816359657,-0.16614534790285518
79.70868840000185,0.0,0.0,0.0,-0.0010451568048365472,-0.004079599242490522,-0.16748572650418864
79.76057009999931,0.0,0.0,0.0,0.0014802103246771409,0.0037540022550325795,-0.16922234312641557
79.8075749999989,0.0,0.0,0.0,-0.0001977226697010861,-0.0014448656195733742,-0.1732605163547772
79.8619566999987,0.0,0.0,0.0,-0.00029719347615680676,-0.0005176287401398173,-0.179226870798528
79.90799759999936,0.0,0.0,0.0,-0.0002575287931358101,0.004042731392398963,-0.1883954263092427
79.95788419999735,0.0,0.0,0.0,-0.0003404212742775344,-0.002087298010662106,-0.20213526604308849
80.00823729999684,0.0,0.0,0.0,-0.00031124975354650367,0.0017948752996249468,-0.2216038232505535
80.0601211999965,0.0,0.0,0.0,-0.00036037739983371523,-0.0007904249135921214,-0.2538594713367192
80.10869219999586,0.0,0.0,0.0,-0.0005018789129996411,-0.0011909599444238526,-0.3046550786141804
80.15741369999887,0.0,0.0,0.0,-0.0003087549820877659,0.007401065464188632,-0.3121285976900095
80.2083655000024,0.0,0.0,0.0,-0.0003159082137458525,0.0012343877986090211,-0.31100084560327007
80.26035269999556,0.0,0.0,0.0,-0.0002467274287039397,0.0035630089560975825,-0.29949539374952944
80.30747279999923,0.0,0.0,0.0,-0.00025446936842173334,-0.0006917734690861697,-0.27709121649366497
80.35945479999646,0.0,0.0,0.0,-0.0002248941198127129,4.929650208991742e-06,-0.25226222012776056
80.40755509999872,0.0,0.0,0.0,-0.00018415400476356374,-0.0001415778775611992,-0.22639611493521813
80.45930209999642,0.0,0.0,0.0,0.00017740197652620077,-0.0008821723546682911,-0.1959159398929726
80.50980700000218,0.0,0.0,0.0,-0.00020845615054102288,0.0003293505572330679,-0.15306208639276614
80.55830279999645,0.0,0.0,0.0,-0.00029818250918069834,-0.0017055718080911195,-0.11329576570157367
80.60635719999846,0.0,0.0,0.0,-9.234601117805604e-05,-0.012025090838719586,-0.0210620859393058
80.66739380000217,0.0,0.0,0.0,-3.029895697695726e-05,-0.0017865475434089778,-0.004832639807069702
80.70944379999855,0.0,0.0,0.0,-7.067280115165518e-06,0.00016193950560923224,-0.0024277156109808206
80.75993729999755,0.0,0.0,0.0,-3.2485015037938286e-06,1.912532513187047e-05,-0.0011911883275057722
80.80944699999964,0.0,0.0,0.0,-1.5869884133189755e-06,5.734799242805178e-06,-0.0005979137458665166
80.85981480000191,0.0,0.0,0.0,-7.954170268548119e-07,2.8876688093876295e-06,-0.0003152349511674327
80.90760939999745,0.0,0.0,0.0,-4.432369558427605e-07,1.0772846423731591e-06,-0.00018410030451425802
80.95892199999798,0.0,0.0,0.0,-3.2798124279757306e-07,7.381298373912904e-08,-0.00012512505096422432
81.00825130000158,0.0,0.0,0.0,-2.9223289479669275e-07,-7.329573427435557e-07,-9.568236740548761e-05
81.05829549999908,0.0,0.0,0.0,-2.698309735677499e-07,-7.781310387119193e-07,-8.472572557414323e-05
81.1091557999971,0.0,0.0,0.0,-1.898926159713099e-07,-6.775390431641061e-07,-7.185663278846229e-05
81.15778599999612,0.0,0.0,0.0,-2.2990469838733415e-07,-7.226250247844986e-07,-7.398536041496636e-05
81.20811479999975,0.0,0.0,0.0,-1.915681230586116e-07,-6.483208138993765e-07,-7.091406971895013e-05
81.25647290000052,0.0,0.0,0.0,-1.9233970789077226e-07,-1.0328348488981572e-06,-6.641809243119081e-05
81.31039430000237,0.0,0.0,0.0,-2.1220472848322029e-07,-6.815455254368502e-07,-6.341103090311236e-05
81.35978109999996,0.0,0.0,0.0,-1.9534730557107997e-07,-8.814481958345431e-07,-6.64526540301465e-05
81.40694660000008,0.0,0.0,0.0,-1.9344620797413734e-07,-9.946919353792754e-07,-6.552554621397365e-05
81.4589233000006,0.0,0.0,0.0,-2.1847827287821981e-07,-1.0094418143860233e-06,-6.546497960180223e-05
81.50630789999559,0.0,0.0,0.0,-1.7993103801321255e-07,-2.5311610756766316e-07,-6.612760137053011e-05
81.55998900000122,0.0,0.0,0.0,-2.2658885753695616e-07,-1.26373520301937e-06,-6.687087713843438e-05
81.60679140000138,0.0,0.0,0.0,-1.9591070714021353e-07,-6.300639014338379e-07,-6.73718564508866e-05
81.65799239999615,0.0,0.0,0.0,-1.907214197074475e-07,-1.024666551910789e-06,-6.711313680212538e-05
81.71409739999945,0.0,0.0,0.0,-2.0273608570474445e-07,-8.462515926212319e-07,-6.67031844823092e-05
81.76501329999883,0.0,0.0,0.0,-2.1977416442652188e-07,-8.737342896763839e-07,-6.172109338363679e-05
81.80985079999664,0.0,0.0,0.0,-2.0359923554647583e-07,-1.1696342834286742e-06,-6.800492776806945e-05
81.85821399999986,0.0,0.0,0.0,-1.9693080336900528e-07,-5.06446621762919e-07,-6.611043366054225e-05
81.90748650000023,0.0,0.0,0.0,-1.712507428290101e-07,-8.693222868541236e-07,-6.41370156686667e-05
81.95781390000047,0.0,0.0,0.0,-1.9178171627348298e-07,-7.906270690142284e-07,-6.504438780099063e-05
82.00841219999711,0.0,0.0,0.0,-2.1121021529583707e-07,-7.194462580764084e-07,-6.707247518165617e-05
82.05852510000113,0.0,0.0,0.0,-2.046960228099505e-07,-1.1797936909925709e-06,-6.364989390467443e-05
82.10621929999616,0.0,0.0,0.0,-2.0175750879258084e-07,-1.002845725246432e-06,-6.435551652285171e-05
82.15900749999855,0.0,0.0,0.0,-1.7082307721022493e-07,-5.347184463371694e-07,-6.42804332847086e-05
82.20883959999628,0.0,0.0,0.0,-2.448795498897987e-07,-1.1787713308177894e-06,-6.770776533029531e-05
82.25751599999785,0.0,0.0,0.0,-1.794854623591938e-07,-8.401607605758166e-07,-6.292849323531315e-05
82.30868480000208,0.0,0.0,0.0,-1.983869338884609e-07,-8.035219710917236e-07,-6.643939674689322e-05
82.35802169999806,0.0,0.0,0.0,-2.4290618521150966e-07,-1.3099031715190808e-06,-6.491548886229662e-05
82.40876379999827,0.0,0.0,0.0,-1.5488084584947242e-07,-4.2944365644634585e-07,-6.758624505796311e-05
82.45606360000238,0.0,0.0,0.0,-2.218222374062112e-07,-1.1743896558318355e-06,-6.247002871478847e-05
82.50751569999557,0.0,0.0,0.0,-1.5109691316081542e-07,-5.330255324067734e-07,-6.321869855599475e-05
82.55843430000095,0.0,0.0,0.0,-2.1854665846907717e-07,-8.499446937825721e-07,-6.21093320342224e-05
82.60831979999784,0.0,0.0,0.0,-1.9044029958861596e-07,-9.188463688820397e-07,-6.457286856502682e-05
82.66289120000147,0.0,0.0,0.0,-2.199935141885606e-07,-9.949847027262191e-07,-6.553168380318302e-05
82.70627489999606,0.0,0.0,0.0,-1.9172887790405138e-07,-7.785596692729153e-07,-6.503497602936142e-05
82.75794170000154,0.0,0.0,0.0,-2.339256653860069e-07,-1.3539764393214336e-06,-6.551847178163673e-05
82.81559689999995,0.0,0.0,0.0,-1.6493914846701598e-07,-8.704121970034273e-07,-6.492551740865758e-05
82.85814689999825,0.0,0.0,0.0,-1.6190938396655108e-07,-2.655037539327626e-07,-6.584602688739405e-05
82.90719279999757,0.0,0.0,0.0,-2.7458129325592666e-07,-1.5069839347116156e-06,-6.554002713853309e-05
82.95925339999667,0.0,0.0,0.0,-2.017285228073192e-07,-1.0833745115608915e-06,-6.486237320794585e-05
83.01029520000156,0.0,0.0,0.0,-1.853581528909602e-07,-7.418128688153972e-07,-6.301531771279195e-05
83.0655728999991,0.0,0.0,0.0,-1.9072727460974305e-07,-5.983271208943313e-07,-6.43229006293393e-05
83.11534940000274,0.0,0.0,0.0,-1.931130404592985e-07,-1.0419612406889185e-06,-6.595583197514735e-05
83.16433900000266,0.0,0.0,0.0,-2.3038405560274628e-07,-1.3142858210193157e-06,-6.446237835599594e-05
83.21518890000152,0.0,0.0,0.0,-1.2126003399078013e-07,-9.8379771611899e-08,-6.428688781702979e-05
83.26824520000082,0.0,0.0,0.0,-2.2885807309980782e-07,-1.5575466665247835e-06,-6.476459940604499e-05
83.31449469999643,0.0,0.0,0.0,-1.9227762096692937e-07,-5.455526050669405e-07,-6.399778720509449e-05
83.36535100000037,0.0,0.0,0.0,-2.4898279181616385e-07,-1.4777238401184204e-06,-6.0723242158016696e-05
83.41539740000007,0.0,0.0,0.0,-1.6049618495246082e-07,-8.768442933075902e-07,-6.398097147245803e-05
83.46377850000135,0.0,0.0,0.0,-1.7730861356453154e-07,-5.460767807561433e-07,-6.319654564584926e-05
83.5133016999971,0.0,0.0,0.0,-1.7801342346080905e-07,-7.253721174324114e-07,-6.352234736562055e-05
83.56657070000074,0.0,0.0,0.0,-2.600085290719301e-07,-1.399779577308639e-06,-6.434291644699586e-05
83.61280709999846,0.0,0.0,0.0,-1.6811579777261284e-07,-9.219485599660814e-07,-6.367057313842464e-05
83.66554919999908,0.0,0.0,0.0,-1.9696457595599978e-07,-8.938232146572691e-07,-6.651680987106034e-05
83.71711689999938,0.0,0.0,0.0,-2.088275968583784e-07,-1.0947370240226284e-06,-5.922764375997978e-05
83.76595349999843,0.0,0.0,0.0,-1.8247381585783263e-07,-6.673906134040461e-07,-5.978849513331013e-05
83.81239780000033,0.0,0.0,0.0,-2.0630670112356807e-07,-1.1162475327809877e-06,-6.243229801210191e-05
83.86277999999584,0.0,0.0,0.0,-2.3859231782297457e-07,-1.2033027935545235e-06,-6.144167176077881e-05
83.91473489999771,0.0,0.0,0.0,-1.982295411957074e-07,-1.1635305964531037e-06,-6.0083668667974696e-05
83.9636995999972,0.0,0.0,0.0,-1.882460949584971e-07,-8.626201214843966e-07,-6.15704139666028e-05
84.0147330999971,0.0,0.0,0.0,-1.9150510346888798e-07,-9.415870296312059e-07,-6.344718621683398e-05
84.0632478999978,0.0,0.0,0.0,-1.660756834156218e-07,-6.865501005752097e-07,-6.219341760570579e-05
84.11437540000043,0.0,0.0,0.0,-1.9212204762346934e-07,-7.131549385072207e-07,-6.334300408007473e-05
84.16373369999928,0.0,0.0,0.0,-2.0080698374808046e-07,-1.0937219728716412e-06,-5.8499805304242395e-05
84.213276399998,0.0,0.0,0.0,-2.1341248253947249e-07,-1.2596048177584282e-06,-5.850877992315906e-05
84.26426199999696,0.0,0.0,0.0,-1.6878451975857138e-07,-8.921944545090864e-07,-6.003981674657102e-05
84.31520109999838,0.0,0.0,0.0,-1.995029483818369e-07,-9.984619346106248e-07,-5.988443808795795e-05
84.3636176,0.0,0.0,0.0,-1.626875439346351e-07,-9.669631477963887e-07,-5.977565391180523e-05
84.4156662000023,0.0,0.0,0.0,-1.823434422911883e-07,-6.46267793023758e-07,-6.201543100888811e-05
84.46411780000199,0.0,0.0,0.0,-2.488535806733759e-07,-1.7103733828242924e-06,-5.5521730952113316e-05
84.51462409999658,0.0,0.0,0.0,-1.8935948069822833e-07,-7.442341507762946e-07,-5.812807203243604e-05
84.56478029999562,0.0,0.0,0.0,-1.4207842866836133e-07,-5.628984981193331e-07,-5.866917801561793e-05
84.61267539999972,0.0,0.0,0.0,-2.2887130914227088e-07,-1.6744381882380076e-06,-5.8406651205674355e-05
84.66458669999702,0.0,0.0,0.0,-1.9017506612939987e-07,-7.324886862050426e-07,-5.598935031405171e-05
84.71599019999849,0.0,0.0,0.0,-1.4964113257356985e-07,-9.049716606104384e-07,-5.749121156750655e-05
84.76697319999948,0.0,0.0,0.0,-2.0860903241304955e-07,-8.301781551284515e-07,-5.310234516806509e-05
84.81322119999822,0.0,0.0,0.0,-1.567849196474984e-07,-1.0736392081139936e-06,-6.024322906596231e-05
84.86579840000195,0.0,0.0,0.0,-2.0116719611755662e-07,-1.269102835844848e-06,-5.775423388258974e-05
84.91363190000266,0.0,0.0,0.0,-2.093443427455518e-07,-1.0954063313020862e-06,-5.8604029194318034e-05
84.96718939999846,0.0,0.0,0.0,-2.1068695972265452e-07,-9.177338810919644e-07,-5.0538350515483896e-05
85.0148446000021,0.0,0.0,0.0,-1.3014153627494445e-07,-6.402833589858814e-07,-6.0071883620906115e-05
85.06691570000112,0.0,0.0,0.0,-2.068535137629544e-07,-1.2213722035387067e-06,-5.32857449644839e-05
85.11428209999576,0.0,0.0,0.0,-2.1399250357499164e-07,-1.2126252673784644e-06,-4.928705275951659e-05
85.16285129999596,0.0,0.0,0.0,-1.5417656066250754e-07,-8.625666496123308e-07,-5.625797239544487e-05
85.21860770000058,0.0,0.0,0.0,-2.1022722992610988e-07,-1.3201259341175099e-06,-5.198925056463803e-05
85.26316219999717,0.0,0.0,0.0,-1.83028928998043e-07,-1.0479185619455622e-06,-5.4575423891085154e-05
85.31447430000117,0.0,0.0,0.0,-2.022220604810401e-07,-1.2273827518891882e-06,-4.999602435733904e-05
85.36648219999915,0.0,0.0,0.0,-1.541798093699207e-07,-6.283883257425856e-07,-5.2889129779613334e-05
85.42000579999876,0.0,0.0,0.0,-1.452035747771409e-07,-8.462443440587105e-07,-5.884984632533436e-05
85.46265909999784,0.0,0.0,0.0,-1.5571033084003303e-07,-6.826152926825002e-07,-5.877697627100438e-05
85.51308810000046,0.0,0.0,0.0,-2.550651103797525e-07,-1.7861856888345165e-06,-5.506356635378734e-05
85.56584859999566,0.0,0.0,0.0,-1.699903578275519e-07,-9.55625809050031e-07,-5.5398466774876035e-05
85.61342149999837,0.0,0.0,0.0,-1.8822983256637955e-07,-7.902532069138816e-07,-5.590239184265553e-05
85.66594189999887,0.0,0.0,0.0,-1.7847535069632838e-07,-1.1845193593698422e-06,-5.513210680169283e-05
85.7169225999969,0.0,0.0,0.0,-1.7856832824198631e-07,-1.0334789611791006e-06,-5.986862063969616e-05
85.76503339999908,0.0,0.0,0.0,-2.152292145503684e-07,-8.152291253931134e-07,-5.596760284924473e-05
85.81917000000249,0.0,0.0,0.0,-1.657470258901978e-07,-1.4467757291507924e-06,-5.769025301545471e-05
85.86483179999777,0.0,0.0,0.0,-2.2044850459614194e-07,-8.885690593903028e-07,-4.90787899694988e-05
85.91356950000045,0.0,0.0,0.0,-1.46757717338359e-07,-1.1790967448688304e-06,-5.475115625356668e-05
85.96530150000035,0.0,0.0,0.0,-1.766497686908597e-07,-8.820585376159094e-07,-5.77338353058203e-05
86.01567529999738,0.0,0.0,0.0,-1.9684514811665605e-07,-1.1764277911084194e-06,-5.6254157516413054e-05
86.06888939999772,0.0,0.0,0.0,-2.071023590170179e-07,-8.000631734394681e-07,-5.517731804373638e-05
86.11663119999866,0.0,0.0,0.0,-2.138926912628564e-07,-1.537886663012156e-06,-5.7590012142459424e-05
86.1679460000014,0.0,0.0,0.0,-2.00133455989987e-07,-1.2772013352346162e-06,-5.0180531008291175e-05
86.21459809999942,0.0,0.0,0.0,-1.3038299618589355e-07,-9.950297424355142e-07,-5.354095013434947e-05
86.26417399999627,0.0,0.0,0.0,-1.9480685948620633e-07,-5.791044313520473e-07,-5.352327580760574e-05
86.31432420000056,0.0,0.0,0.0,-1.678383691651939e-07,-1.0995254737302442e-06,-4.8331039014088464e-05
86.36643660000118,0.0,0.0,0.0,-1.879991186630336e-07,-1.2372595790512464e-06,-5.412543640720825e-05
86.41525289999845,0.0,0.0,0.0,-1.6324559224303364e-07,-1.1213792942709563e-06,-4.976111143375208e-05
86.46678099999554,0.0,0.0,0.0,-2.3317254271669755e-07,-1.6056656872007346e-06,-4.918034235288366e-05
86.51330009999947,0.0,0.0,0.0,-1.492707397652499e-07,-6.342601072786564e-07,-4.988272983675886e-05
86.56289429999742,0.0,0.0,0.0,-1.8013852605971532e-07,-8.888876241273274e-07,-5.388879587203063e-05
86.61285969999881,0.0,0.0,0.0,-1.265119382977941e-07,-9.141478658297699e-07,-5.5959897271405726e-05
86.66623280000204,0.0,0.0,0.0,-2.666837643903993e-07,-1.5416808188107087e-06,-5.688477126260102e-05
86.71575650000159,0.0,0.0,0.0,-1.3558778917326976e-07,-1.3471999449966427e-06,-5.1204407006754105e-05
86.76339939999889,0.0,0.0,0.0,-2.3139221347236313e-07,-1.001009637377365e-06,-5.305215537131779e-05
86.81365419999929,0.0,0.0,0.0,-1.50258795609441e-07,-7.820723054721194e-07,-5.3086250124509646e-05
86.86385970000265,0.0,0.0,0.0,-1.4521316621212644e-07,-1.2840879559198546e-06,-4.984476655905432e-05
86.91556159999891,0.0,0.0,0.0,-1.7443691557648803e-07,-8.036462751113116e-07,-5.196759378818247e-05
86.96293680000235,0.0,0.0,0.0,-2.0635727373982199e-07,-1.3839872705841768e-06,-4.9899616729056975e-05
87.01667589999852,0.0,0.0,0.0,-2.2820586107295897e-07,-1.42546787771393e-06,-5.2880153550846167e-05
87.06365809999988,0.0,0.0,0.0,-1.2729842713872242e-07,-1.0953139246267762e-06,-4.8764566624471826e-05
87.12009060000128,0.0,0.0,0.0,-1.823196565759807e-07,-5.232743763973583e-07,-5.309076003812907e-05
87.16723649999767,0.0,0.0,0.0,-1.739022264855103e-07,-1.5179228827094042e-06,-4.875035483305162e-05
87.21189749999758,0.0,0.0,0.0,-1.5240825698861792e-07,-5.983235147904022e-07,-5.4354417001113315e-05
87.26429579999967,0.0,0.0,0.0,-2.2031502842365858e-07,-2.0746264604137805e-06,-4.9592842427990765e-05
87.3158798000004,0.0,0.0,0.0,-1.7715922711037716e-07,-6.929608167349972e-07,-5.170155841006241e-05
87.36293160000059,0.0,0.0,0.0,-1.664005668682951e-07,-1.2144692733925267e-06,-5.179501324730401e-05
87.4131841999988,0.0,0.0,0.0,-1.7951085317459638e-07,-1.2219513125595342e-06,-5.129904199019199e-05
87.46639660000073,0.0,0.0,0.0,-1.481719201518645e-07,-3.647165880615831e-07,-5.3957512494368014e-05
87.5167747000014,0.0,0.0,0.0,-2.3202827765777205e-07,-1.8504976170526442e-06,-4.818920543287251e-05
87.56545409999671,0.0,0.0,0.0,-2.3351379380002045e-07,-1.4807426262365584e-06,-5.114684171804103e-05
87.61657539999578,0.0,0.0,0.0,-1.223796853127664e-07,-7.976223485662297e-07,-4.881878794572896e-05
87.66421909999917,0.0,0.0,0.0,-1.6638088587420824e-07,-1.2801217996482358e-06,-4.7810589838780044e-05
87.71622149999894,0.0,0.0,0.0,-1.7765930236675958e-07,-1.0663954199699278e-06,-4.752752618525181e-05
87.76606119999633,0.0,0.0,0.0,-1.8995007935285677e-07,-1.055661840220717e-06,-4.4889997294249675e-05
87.81415130000096,0.0,0.0,0.0,-2.0152051297115424e-07,-1.4239752923881761e-06,-5.136164716961798e-05
87.86411930000031,0.0,0.0,0.0,-1.2460404844639334e-07,-9.869457668345532e-07,-4.9579075719664196e-05
87.91322199999559,0.0,0.0,0.0,-1.741495088139975e-07,-1.2255329063362785e-06,-4.994208310387243e-05
87.96426699999574,0.0,0.0,0.0,-2.2372072557085582e-07,-9.094541147923213e-07,-4.7775844292025205e-05
88.01786880000145,0.0,0.0,0.0,-1.688270263353534e-07,-1.7642388754520173e-06,-4.966228664763366e-05
88.06419710000046,0.0,0.0,0.0,-1.3087345701185798e-07,-6.972049417833686e-07,-5.224193102792168e-05
88.1167701000013,0.0,0.0,0.0,-2.3636593931489745e-07,-1.2543264638092654e-06,-4.757458072136897e-05
88.16401100000076,0.0,0.0,0.0,-1.1305075362888096e-07,-9.024129093816338e-07,-4.8752189156994765e-05
88.21566349999921,0.0,0.0,0.0,-1.7020718491168836e-07,-9.135425802973793e-07,-4.88146903342109e-05
88.2654188000015,0.0,0.0,0.0,-1.8587008641747237e-07,-1.4761852174415845e-06,-4.8658027788247256e-05
88.3154915999985,0.0,0.0,0.0,-1.7026802559711485e-07,-1.222479909507271e-06,-4.9847838182862065e-05
88.36643290000211,0.0,0.0,0.0,-2.614175379329491e-07,-1.7654518935591611e-06,-4.36953739478315e-05
88.41854339999554,0.0,0.0,0.0,-1.065364254602166e-07,-9.617406071309187e-07,-4.303029088868687e-05
88.46629060000123,0.0,0.0,0.0,-1.9112499192650976e-07,-1.2052748646029416e-06,-4.6020994152600496e-05
88.51469720000023,0.0,0.0,0.0,-2.0782828115389465e-07,-1.3895030924269196e-06,-4.6203782992085216e-05
88.56201349999901,0.0,0.0,0.0,-1.2615312687309547e-07,-1.0731859038858922e-06,-4.2090155880295974e-05
88.62048530000175,0.0,0.0,0.0,-1.8006351436676204e-07,-9.65527130052228e-07,-4.825498130051668e-05
88.66395639999973,0.0,0.0,0.0,-1.3128221838365486e-07,-9.724879909978839e-07,-4.7137858418073663e-05
88.7155724999975,0.0,0.0,0.0,-2.0669533280218464e-07,-1.7267907198288182e-06,-4.566279948975748e-05
88.76829469999939,0.0,0.0,0.0,0.00024723255147102895,0.002657594028329314,0.11859230779228172
88.81793219999963,0.0,0.0,0.0,0.0005810141721793704,0.0007807943839447974,0.2946000520713763
88.8672641000012,0.0,0.0,0.0,0.0004251263547687184,-0.0008643172523537816,0.4432260126846782
88.91400469999644,0.0,0.0,0.0,0.0007736919704598921,0.0052530245213868575,0.5725538636920927
88.96829989999969,0.0,0.0,0.0,0.0014642354122377074,-0.00720365686152211,0.701193014762576
89.02006399999664,0.0,0.0,0.0,0.0019194224256775707,-0.0005969117211089382,0.8541606530022396
89.0689837999962,0.0,0.0,0.0,0.0018362762617028395,-0.0010155689198381181,1.073888780570266
89.11458699999639,0.0,0.0,0.0,0.0021258454103242003,0.004796111768695864,1.3534479021680474
89.16400250000152,0.0,0.0,0.0,0.00283436860356157,-0.0020006902958853738,1.5952412858732132
89.21390570000221,0.0,0.0,0.0,0.0030073970307008735,-0.0033148951874047167,1.6296036494087498
89.26745859999937,0.0,0.0,0.0,0.0031085861924067294,-0.0009258653489122477,1.5999612798967213
89.31236899999931,0.0,0.0,0.0,0.0032461380163097252,-0.0010823028076005858,1.5703828540306013
89.36256989999674,0.0,0.0,0.0,0.0034128925130476684,-0.003677824582767599,1.550547200145333
89.41413559999637,0.0,0.0,0.0,0.0038509446265095728,-0.004236691779573844,1.6211843048255123
89.4677257000003,0.0,0.0,0.0,0.004063649866599285,0.0010688874697839363,1.7619301292896323
89.51349839999602,0.0,0.0,0.0,0.004397695129993245,0.0039034838067398708,1.8750905214285911
89.56717989999743,0.0,0.0,0.0,0.003226299532991864,0.00487810629302103,1.881014775275323
89.61497529999906,0.0,0.0,0.0,0.004009956255063608,-0.0006033882129203644,1.8836142076972464
89.6646064000015,0.0,0.0,0.0,0.0036381876676907033,0.0006485656725618292,1.8842251846644864
89.71279569999751,0.0,0.0,0.0,0.003821237344956332,1.6507619451050567e-05,1.883347931451751
89.76363570000103,0.0,0.0,0.0,0.0033547013111697183,0.0023193123985746373,1.8812680812253249
89.81391469999653,0.0,0.0,0.0,0.003720334966682768,-0.004578132598359877,1.8808064842622145
89.86601060000248,0.0,0.0,0.0,0.0034491614443506267,0.003079202408138685,1.8822208294848597
89.91422720000264,0.0,0.0,0.0,0.00341075569120418,-0.00011155030737790693,1.881640222627746
89.96362760000193,0.0,0.0,0.0,0.004007109513277794,0.001684879228441656,1.862495322861499
90.01422399999865,0.0,0.0,0.0,0.0029973513947059017,-0.001906398412710474,1.756117759781636
90.06454569999914,0.0,0.0,0.0,0.003043124778305075,-0.002301077703627709,1.6193360680537094
90.11370670000179,0.0,0.0,0.0,0.002899076583886576,0.0007106556335756537,1.49051867369155
90.16377990000183,0.0,0.0,0.0,0.0027756087931031202,0.0009212397077212854,1.3737770090466448
90.21406769999885,0.0,0.0,0.0,0.0025816993105415857,-0.0020839780285348366,1.2699446585765464
90.26753520000057,0.0,0.0,0.0,0.0022460314948208734,0.0014916219149889833,1.1710295285040433
90.3142910999959,0.0,0.0,0.0,0.0022072643457221076,-0.002230239690639994,1.0689067946735482
90.36522819999664,0.0,0.0,0.0,0.0019118192388945542,0.002537542965062782,0.9898293159730143
90.4136937000003,0.0,0.0,0.0,0.0018157231032648227,-0.000596616822443377,0.9149974506167899
90.46573530000023,0.0,0.0,0.0,0.0019451823092771514,-0.005031546575532642,0.8462872198004666
90.5153289000009,0.0,0.0,0.0,0.0018554530144072594,-0.0009472215529132455,0.7812655047867616
90.56356809999852,0.0,0.0,0.0,0.001721892240671987,0.00026927085270631853,0.7228338776058767
90.61428739999974,0.0,0.0,0.0,0.0015020604133620615,0.00020280398757040503,0.6651977996451608
90.66404219999822,0.0,0.0,0.0,0.0017471458458627554,-0.007861153255842253,0.6456503197875287
90.71382240000094,0.0,0.0,0.0,0.0015878277442109901,0.0028603855225408374,0.6324885619270226
90.76678140000149,0.0,0.0,0.0,0.0016248092803379309,0.000954754876340591,0.6325104737099536
90.81461459999991,0.0,0.0,0.0,0.0016293179696859994,0.0012688322017530614,0.6490462232991423
90.86375350000162,0.0,0.0,0.0,0.0014631951389559002,0.002085971618527375,0.6742420417513095
90.91285889999563,0.0,0.0,0.0,0.0019966837736082195,-0.0028391888479986005,0.6922059540898506
90.96438589999889,0.0,0.0,0.0,0.0017125873359446547,0.005585444328295972,0.6572857279255305
91.01663240000198,0.0,0.0,0.0,0.0009606642917469997,0.0026474323317615444,0.5439674582279791
91.0631527000005,0.0,0.0,0.0,0.0007292751615663039,-0.001849572102761128,0.3721344687085651
91.11379769999621,0.0,0.0,0.0,0.00026921138247391733,0.004292970474351739,0.20346255698749569
91.16673289999744,0.0,0.0,0.0,0.0003704754326075044,0.007339411273146091,0.13962314773103754
91.21369620000041,0.0,0.0,0.0,0.00023930264309712112,9.618175670156223e-05,0.21691043200342836
91.26268049999635,0.0,0.0,0.0,8.293306193978445e-05,0.002174132168343802,0.2791053929172331
91.31762979999621,0.0,0.0,0.0,0.0006047258288222923,-0.004268864055451825,0.29973089012044596
91.3623518999957,0.0,0.0,0.0,0.0002598978869951881,0.006563993158287578,0.28870232696735654
91.41344650000246,0.0,0.0,0.0,0.0004138554447186551,-0.0041720441019994225,0.2597367883893511
91.46144300000014,0.0,0.0,0.0,0.000426174615181832,-0.0018552524379726646,0.2387047257269105
91.51869859999715,0.0,0.0,0.0,0.00012910814389046542,0.002872713098637509,0.23515767097098222
91.5629850999976,0.0,0.0,0.0,-0.0003502057282375902,-3.694674419880826e-05,0.22706241926089338
91.6169160999998,0.0,0.0,0.0,0.0008782819216346129,0.00307093481134311,0.23615738384183588
91.6641021999967,0.0,0.0,0.0,0.00072836324398593,-0.004480660242822492,0.258135042736337
91.71182579999731,0.0,0.0,0.0,0.0004143322423451328,0.0028219776015962084,0.2677770882911812
91.76278710000042,0.0,0.0,0.0,0.0005146197824599768,-0.0037730760679319203,0.28105237319608073
91.81478029999562,0.0,0.0,0.0,0.0003913558455418883,0.002613493591858774,0.3010381062922777
91.86370069999975,0.0,0.0,0.0,0.00047611839926285334,0.0013576645108191606,0.3308419285500061
91.91489790000196,0.0,0.0,0.0,0.0005486044399851226,-0.0006374472298156966,0.3745059485864055
91.9610354999968,0.0,0.0,0.0,0.0006276822969844538,0.0010415409479984242,0.4449082180390345
92.01475909999863,0.0,0.0,0.0,0.0008785103550685787,-0.0003615773664888866,0.5548035011030613
92.06266270000197,0.0,0.0,0.0,0.0006910691178594186,0.005869040972686805,0.5978193811666191
92.1133531000014,0.0,0.0,0.0,0.0005900508323270967,0.001495569099110449,0.6097217861925237
92.16295900000114,0.0,0.0,0.0,0.0005161293267428305,0.0006859015960786837,0.6015457218498934
92.21431270000176,0.0,0.0,0.0,0.000526573369778867,0.00037543677350243066,0.5812137352936418
92.26614829999744,0.0,0.0,0.0,0.00041377048079775837,0.0007847065484369966,0.5550060980039899
92.31376959999761,0.0,0.0,0.0,0.0005107752398285847,-0.0010946277778851581,0.52706893891068
92.36277320000227,0.0,0.0,0.0,0.000371413603417035,-0.0013688879746749337,0.48339949078984124
92.41531559999567,0.0,0.0,0.0,0.0010710565959389697,-0.011353152692477402,0.5842382562327468
92.46798729999864,0.0,0.0,0.0,0.0014378747136719727,-0.0011616747960910005,0.8023137007687929
92.5140356999982,0.0,0.0,0.0,0.001203946123410861,0.004311428927622944,0.978581822385439
92.56370500000048,0.0,0.0,0.0,0.0018607408597326146,-0.0007536284940494204,1.146967507696752
92.61619100000098,0.0,0.0,0.0,0.001972002405937257,0.0003081107032833359,1.3354063203053639
92.66483180000068,0.0,0.0,0.0,0.002126301431931307,0.0007060789035904733,1.5374217192193695
92.71283840000251,0.0,0.0,0.0,0.0027128525974953795,-0.0025323612973992883,1.7489170553093558
92.76522210000257,0.0,0.0,0.0,0.003248036928696297,-0.005757264255647871,1.8692237890028076
92.81264740000188,0.0,0.0,0.0,0.00318356991680885,0.0013624198823108196,1.8757614155968376
92.86544380000123,0.0,0.0,0.0,0.0034739559197307503,-0.002153730164205053,1.8616301897744167
92.9145503999971,0.0,0.0,0.0,0.003574884902785753,0.0026682794044010387,1.8741806070710798
92.96549589999631,0.0,0.0,0.0,0.004098222917971999,-0.004739037880528163,1.8815516138856183
93.01430640000035,0.0,0.0,0.0,0.0033171485171922237,0.002276714083789883,1.8840925870870295
93.06220020000183,0.0,0.0,0.0,0.003881196389137903,-0.0008851176313420154,1.8833890961858655
93.11437289999594,0.0,0.0,0.0,0.0033068600876655736,-0.0005388066631519018,1.8827203282798215
93.16166969999904,0.0,0.0,0.0,0.0037254517045486432,-3.0688490684932615e-05,1.882197331643837
93.21417159999692,0.0,0.0,0.0,0.003942130650504114,0.0008596288494089489,1.8823842912955326
93.26603330000216,0.0,0.0,0.0,0.004196794933082905,-0.00025787097910898605,1.882018902979605
93.31586170000082,0.0,0.0,0.0,0.0036956857078536687,0.0004651288732248813,1.881595806150584
93.36480250000022,0.0,0.0,0.0,0.003548818462701656,-0.0010360127910744768,1.7995585427800695
93.41537689999677,0.0,0.0,0.0,0.003319107413727436,-0.001210491250270231,1.6766840473240836
93.46695739999996,0.0,0.0,0.0,0.003259465889483707,-0.0010022876005863417,1.557260294330427
93.51428080000187,0.0,0.0,0.0,0.0030291272117629444,0.00010241206212237324,1.4413168017281195
93.56425319999835,0.0,0.0,0.0,0.0026218283745770856,0.0033128010671624776,1.3482394685749244
93.61349350000091,0.0,0.0,0.0,0.0025925227503782867,-0.0036967661195257393,1.249011666558922
93.6637208999964,0.0,0.0,0.0,0.0022740411253034734,0.002849619828628044,1.1653233014880215
93.71845670000039,0.0,0.0,0.0,0.0021893037605495904,-0.0018794518009789024,1.0834205102661176
93.76793799999723,0.0,0.0,0.0,0.0019320411684444054,0.0019260104563197124,1.0130740411396506
93.81488710000122,0.0,0.0,0.0,0.0018306976560387347,0.001368795156453985,0.945427334696486
93.86357319999661,0.0,0.0,0.0,0.0018496435163257918,-0.0027306992334368333,0.886560747853663
93.91549469999882,0.0,0.0,0.0,0.001890185527055394,-0.003623212349295265,0.8318276360705301
93.966459700001,0.0,0.0,0.0,0.0017744478167455425,-0.0010380167618704952,0.7758632957871757
94.01422779999848,0.0,0.0,0.0,0.001634514094006367,-1.4230696245652333e-05,0.7252233469598567
94.0637515999988,0.0,0.0,0.0,0.001548651220235099,9.616262400495967e-05,0.6769856429455448
94.11500890000025,0.0,0.0,0.0,0.0014239612551452375,-0.0002677189581712829,0.6332086265882029
94.16362500000105,0.0,0.0,0.0,0.0017943512056683996,-0.00732343766200801,0.6172157288969378
94.21232289999898,0.0,0.0,0.0,0.0015220796479903432,0.0025269609264250816,0.6027394569692699
94.26280219999899,0.0,0.0,0.0,0.0014736454974169223,0.0005387885954674678,0.6007220470610607
94.31372209999972,0.0,0.0,0.0,0.001358589344107071,0.004168580292067853,0.6161829329175758
94.36659259999578,0.0,0.0,0.0,0.0012502110404825604,0.0021167947908645596,0.6430896212420492
94.41713069999969,0.0,0.0,0.0,0.001829796925733961,-0.005801065137057185,0.6545193851062912
94.4637567000027,0.0,0.0,0.0,0.0016657086151774165,0.004068283937251064,0.6108339722322822
94.5147805000015,0.0,0.0,0.0,0.0007309066175198941,0.006511439420723307,0.4744862215219827
94.56452339999669,0.0,0.0,0.0,0.0008492722305661275,-0.0032191315051457803,0.3080630936623486
94.61350410000159,0.0,0.0,0.0,-0.0003980800407487914,0.020609931273549355,0.18833443453296622
94.66353759999765,0.0,0.0,0.0,-4.9470253632641344e-05,0.0019285554898376006,0.1418507861793762
94.71183629999723,0.0,0.0,0.0,3.8074764532213102e-06,0.0012537228096770247,0.11041077039862307
94.76333259999956,0.0,0.0,0.0,9.078441833653427e-05,-0.0009419202231129117,0.0869941192235426
94.81732819999888,0.0,0.0,0.0,6.269239981161436e-05,-0.00046814232047014993,0.06315490437815931
94.86378139999579,0.0,0.0,0.0,3.866152163700047e-05,0.00016250370045881274,0.040667289938260034
94.91425159999926,0.0,0.0,0.0,4.101048574295874e-05,-0.0009282707843890268,0.021479257192570617
94.96621420000156,0.0,0.0,0.0,-2.0150701803511394e-05,-0.010480097980777921,0.00447321791212473
95.01665320000029,0.0,0.0,0.0,-2.6949812919434908e-05,-0.004965697723780971,-0.0002547000283017905
95.06568680000055,0.0,0.0,0.0,-1.067058659850556e-06,0.00013664226422367936,-0.00015297090385067204
95.11527170000045,0.0,0.0,0.0,-2.009433576843241e-06,2.495937254863509e-05,-0.0001115424381457018
95.16427970000223,0.0,0.0,0.0,-8.256707194071361e-07,-3.5121825324686585e-07,-9.736724744452932e-05
95.21328309999808,0.0,0.0,0.0,9.735527071467047e-08,2.3177451386193796e-06,-9.817479082484631e-05
95.27011610000045,0.0,0.0,0.0,1.2254048615276147e-07,7.5657643801919e-06,-0.00010186408974975828
95.31414139999833,0.0,0.0,0.0,-2.3900470403625764e-07,-1.0472087971683865e-07,-0.00010134338112987237
95.3674577999991,0.0,0.0,0.0,-2.6142687803232567e-07,-9.210469032120252e-07,-0.00010120380217295823
95.41358079999918,0.0,0.0,0.0,-2.5666107346397664e-07,-7.577773103709331e-07,-0.00010117033277623271
95.46595079999679,0.0,0.0,0.0,-2.547137358051056e-07,-7.503802008847364e-07,-0.00010116601453050579
95.5148898999978,0.0,0.0,0.0,-2.5417974213270956e-07,-7.550879866819062e-07,-0.00010116873849497789
95.56307260000176,0.0,0.0,0.0,-2.5405081299976274e-07,-7.553283901300681e-07,-0.00010117294327219606
95.61491150000074,0.0,0.0,0.0,-2.5403672169952537e-07,-7.564294411404672e-07,-0.00010117735288337546
95.66649830000097,0.0,0.0,0.0,-2.5402790705892166e-07,-7.582191453342829e-07,-0.00010118179541677866
95.7153737999979,0.0,0.0,0.0,-2.540541327478317e-07,-7.577626765585374e-07,-0.00010118623420202254
95.76428319999832,0.0,0.0,0.0,-2.540769081997741e-07,-7.620054289861749e-07,-0.00010119064413687235
95.81296229999862,0.0,0.0,0.0,-2.5411578964689047e-07,-7.618243279420054e-07,-0.00010119507137514234
95.86796219999815,0.0,0.0,0.0,-2.540759263491165e-07,-7.622718006012609e-07,-0.00010119946746153754
95.91329899999982,0.0,0.0,0.0,-2.541277125775971e-07,-7.636320117740142e-07,-0.00010120384680161045
95.96349319999717,0.0,0.0,0.0,-2.5417172438156834e-07,-7.666480661414946e-07,-0.00010120825539355602
96.01402539999981,0.0,0.0,0.0,-2.541852842949971e-07,-7.660213214986712e-07,-0.00010121263001921439
96.06438270000217,0.0,0.0,0.0,-2.542053616670497e-07,-7.68796064471527e-07,-0.00010121700120194995
96.11439280000195,0.0,0.0,0.0,-2.54202424646357e-07,-7.677853997829183e-07,-0.0001012213698722378
96.16268280000077,0.0,0.0,0.0,-2.542237759027767e-07,-7.703033943834174e-07,-0.000101225712122618
96.21435709999787,0.0,0.0,0.0,-2.542483758190368e-07,-7.71446699377371e-07,-0.00010123006210421795
96.26355470000271,0.0,0.0,0.0,-2.542701681763895e-07,-7.729792215170525e-07,-0.00010123436646202063
96.31835729999875,0.0,0.0,0.0,-2.542992590218264e-07,-7.732821281810595e-07,-0.00010123873848957519
96.36382389999926,0.0,0.0,0.0,-2.542940061390012e-07,-7.753426396442508e-07,-0.00010124302709997997
96.41714019999927,0.0,0.0,0.0,-2.5433483914477096e-07,-7.762316442644489e-07,-0.00010124732762350825
96.46518680000008,0.0,0.0,0.0,-2.543502653664819e-07,-7.775041116418365e-07,-0.00010125164980493097
96.51404509999702,0.0,0.0,0.0,-2.543819279936474e-07,-7.800000875046408e-07,-0.00010125596637028073
96.56394320000254,0.0,0.0,0.0,-2.543725414751934e-07,-7.790800288830999e-07,-0.0001012602511279616
96.61464100000012,0.0,0.0,0.0,-2.543963649008995e-07,-7.826360152319775e-07,-0.00010126451607358197
96.66533049999998,0.0,0.0,0.0,-2.544144475774238e-07,-7.819841820748825e-07,-0.00010126880480064913
96.71530989999883,0.0,0.0,0.0,-2.544379168767991e-07,-7.836119441723133e-07,-0.00010127306469174861
96.76356769999984,0.0,0.0,0.0,-2.5447550583501825e-07,-7.85138898829118e-07,-0.00010127731079740127
96.8133564000018,0.0,0.0,0.0,-2.5447936116979363e-07,-7.859282848617729e-07,-0.00010128157328930178
96.86802539999917,0.0,0.0,0.0,-2.545004746495678e-07,-7.878436461784788e-07,-0.0001012857992918046
96.91354809999757,0.0,0.0,0.0,-2.5451701204177296e-07,-7.89015579754626e-07,-0.00010129003387837461
96.96468930000265,0.0,0.0,0.0,-2.545305614458332e-07,-7.890587934561994e-07,-0.00010129423972032418
97.01340759999584,0.0,0.0,0.0,-2.5456249980602764e-07,-7.915035543673168e-07,-0.00010129849364688156
97.06497390000004,0.0,0.0,0.0,-2.5455986682400357e-07,-7.91831688873246e-07,-0.000101302670963709
97.11405840000225,0.0,0.0,0.0,-2.5458054235637154e-07,-7.948710490636515e-07,-0.00010130687897773804
97.16493829999672,0.0,0.0,0.0,-2.5461725604763537e-07,-7.94880839058794e-07,-0.00010131105100034614
97.21282319999591,0.0,0.0,0.0,-2.546296105106033e-07,-7.966607149805329e-07,-0.00010131523752143529
97.26762130000134,0.0,0.0,0.0,-2.546556778008723e-07,-7.972218600753434e-07,-0.00010131940903744975
97.31823620000068,0.0,0.0,0.0,-2.5468125682367104e-07,-7.977932868414351e-07,-0.00010132361410748319
97.36636880000151,0.0,0.0,0.0,-2.546513076348038e-07,-7.994134466234779e-07,-0.00010132771569685363
97.41263980000076,0.0,0.0,0.0,-2.547380342046454e-07,-8.020987838762644e-07,-0.00010133191867797904
97.46614240000054,0.0,0.0,0.0,-2.547176332082544e-07,-8.025325759067754e-07,-0.00010133605036229983
97.51380939999945,0.0,0.0,0.0,-2.5471936582648877e-07,-8.025704596512185e-07,-0.00010134014287846407
97.56446599999617,0.0,0.0,0.0,-2.5476328771038154e-07,-8.055577864477838e-07,-0.00010134428558201357
97.61513589999959,0.0,0.0,0.0,-2.5473666495084476e-07,-8.051298710862669e-07,-0.00010134840000349023
97.6629987999986,0.0,0.0,0.0,-2.5478567716332914e-07,-8.071372216399378e-07,-0.00010135248146247644
97.71517719999974,0.0,0.0,0.0,-2.54837549476419e-07,-8.088717254637532e-07,-0.00010135658936501961
97.76396039999963,0.0,0.0,0.0,-2.5485703355373305e-07,-8.106507609504805e-07,-0.0001013607386539573
97.81318289999763,0.0,0.0,0.0,-2.5481211075531243e-07,-8.101894589188874e-07,-0.00010136480076780311
97.86384250000265,0.0,0.0,0.0,-2.5490306303366414e-07,-8.123927459871726e-07,-0.000101368874516502
97.9157350999958,0.0,0.0,0.0,-2.5484467143373087e-07,-8.131895936439675e-07,-0.0001013729512126588
97.965618000002,0.0,0.0,0.0,-2.548905340173478e-07,-8.139791188037594e-07,-0.00010137697969417493
98.01484029999847,0.0,0.0,0.0,-2.5493765235989613e-07,-8.168514222742804e-07,-0.0001013810161975625
98.06472249999933,0.0,0.0,0.0,-2.5493373317472676e-07,-8.1689300957569e-07,-0.00010138507708640424
98.11412980000023,0.0,0.0,0.0,-2.549468125706664e-07,-8.184873511188911e-07,-0.00010138911754756348
98.16383040000073,0.0,0.0,0.0,-2.5496892940469566e-07,-8.205192306722871e-07,-0.00010139316486100138
98.21498659999634,0.0,0.0,0.0,-2.5499696044082186e-07,-8.193300295062229e-07,-0.00010139717653089683
98.26582469999994,0.0,0.0,0.0,-2.5500697906131587e-07,-8.220075749712573e-07,-0.00010140119410385356
98.31666119999863,0.0,0.0,0.0,-2.5501481052388393e-07,-8.252405582123908e-07,-0.00010140519217804543
98.36434970000118,0.0,0.0,0.0,-2.5505107699897905e-07,-8.223304349162743e-07,-0.00010140919006062135
98.41291759999876,0.0,0.0,0.0,-2.5501089385930276e-07,-8.261535328879703e-07,-0.00010141315993630237
98.46834249999665,0.0,0.0,0.0,-2.5508041075888163e-07,-8.256836222119281e-07,-0.00010141713172001411
98.51784269999916,0.0,0.0,0.0,-2.551198102177138e-07,-8.293434026121345e-07,-0.00010142111724818339
98.56197709999833,0.0,0.0,0.0,-2.551382403054023e-07,-8.288522895889294e-07,-0.00010142509719230259
98.61416189999727,0.0,0.0,0.0,-2.550912555801348e-07,-8.309374148371144e-07,-0.0001014290319971048
98.66547909999645,0.0,0.0,0.0,-2.5513708248650343e-07,-8.312139641408948e-07,-0.0001014329910609601
98.71359020000091,0.0,0.0,0.0,-2.5516639805862456e-07,-8.341465607069294e-07,-0.00010143693232982602
98.76452509999945,0.0,0.0,0.0,-2.5516972727406306e-07,-8.334031674855238e-07,-0.00010144088910282452
98.81489229999715,0.0,0.0,0.0,-2.5520592991747207e-07,-8.361168914926891e-07,-0.0001014447949875929
98.86681790000148,0.0,0.0,0.0,-2.5521585649869905e-07,-8.357346337708744e-07,-0.00010144870413562648
98.91389619999973,0.0,0.0,0.0,-2.5522162986320875e-07,-8.391550148157441e-07,-0.00010145261938960322
98.96527470000001,0.0,0.0,0.0,-2.552529026122884e-07,-8.399425276548059e-07,-0.00010145652684966014
99.01490129999729,0.0,0.0,0.0,-2.5527449371878186e-07,-8.400791957943723e-07,-0.00010146040184799511
99.06400500000018,0.0,0.0,0.0,-2.55296512419117e-07,-8.414156496851566e-07,-0.00010146431069643516
99.11316280000028,0.0,0.0,0.0,-2.5529326888496107e-07,-8.418356839364903e-07,-0.00010146817755215956
99.16231010000047,0.0,0.0,0.0,-2.5533236104803057e-07,-8.452450156973187e-07,-0.00010147205484637158
99.21261480000248,0.0,0.0,0.0,-2.552904277073793e-07,-8.458837577593656e-07,-0.00010147591660468374
99.26801500000147,0.0,0.0,0.0,-2.553585110038894e-07,-8.479180232075089e-07,-0.00010147977269678528
99.31355279999843,0.0,0.0,0.0,-2.553736803919579e-07,-8.461981916416867e-07,-0.00010148363272983905
99.36304949999612,0.0,0.0,0.0,-2.553883315699084e-07,-8.500388381048065e-07,-0.00010148746854903631
99.41447999999946,0.0,0.0,0.0,-2.554232095810294e-07,-8.503097086115393e-07,-0.0001014913127186881
99.46344690000114,0.0,0.0,0.0,-2.553811496723707e-07,-8.50084434348322e-07,-0.00010149512129728655
99.51388679999945,0.0,0.0,0.0,-2.5541211220008117e-07,-8.526560419357071e-07,-0.00010149892820926802
99.56309529999999,0.0,0.0,0.0,-2.554717576613545e-07,-8.550619404249827e-07,-0.00010150274148639865
99.61426409999694,0.0,0.0,0.0,-2.5544708603905186e-07,-8.544270847818769e-07,-0.00010150653560741256
99.6656204999963,0.0,0.0,0.0,-2.554963146124989e-07,-8.560892070517355e-07,-0.00010151030671651695
99.71442849999585,0.0,0.0,0.0,-2.5545476477703896e-07,-8.576861901107004e-07,-0.00010151409602506337
99.7652006999997,0.0,0.0,0.0,-2.555560931898481e-07,-8.588926882635606e-07,-0.0001015178732274227
99.81398719999561,0.0,0.0,0.0,-2.555427540344419e-07,-8.620161040538022e-07,-0.0001015216604538135
99.86690559999988,0.0,0.0,0.0,-2.555373680868516e-07,-8.606345070116473e-07,-0.00010152540865207316
99.91393190000235,0.0,0.0,0.0,-2.555542169128979e-07,-8.636256908405552e-07,-0.00010152915931121061
99.96758540000155,0.0,0.0,0.0,-2.5555049187118706e-07,-8.60876162025896e-07,-0.00010153290607171108
100.01403019999998,0.0,0.0,0.0,-2.5562023572099266e-07,-8.665104514528011e-07,-0.00010153663297614639
100.06445449999592,0.0,0.0,0.0,-2.5562234496055324e-07,-8.660957302233259e-07,-0.000101540393206657
100.1164357000016,0.0,0.0,0.0,-2.5560459242181973e-07,-8.666036543566238e-07,-0.00010154408802733438
100.16342179999629,0.0,0.0,0.0,-2.5563705785560153e-07,-8.700497407482171e-07,-0.00010154780556332686
100.2144014000005,0.0,0.0,0.0,-2.5567092956465026e-07,-8.692581548310102e-07,-0.00010155154401053577
100.26707499999611,0.0,0.0,0.0,-0.0006374291671586407,-0.0010320621110305682,-0.10622212092884707
100.31309959999635,0.0,0.0,0.0,-0.0006459455598360733,-0.0011028318964782073,-0.26709473494760955
100.36759860000166,0.0,0.0,0.0,-0.0008104573464555332,-0.0008184853711290317,-0.4183825162906684
100.41369190000114,0.0,0.0,0.0,-0.0010378907816784655,-0.00029135367533835295,-0.5916801887074873
100.46614959999715,0.0,0.0,0.0,-0.0010735129211072768,-0.00026786452205516823,-0.8006491439765335
100.51248699999996,0.0,0.0,0.0,-0.0016760430589858781,0.004148728641193864,-1.0417240748464
100.5669104999979,0.0,0.0,0.0,-0.0022256601121957323,0.0012917775339540975,-1.32321236047233
100.61179009999614,0.0,0.0,0.0,-0.0024868268071165456,0.0032263176013110247,-1.6187403190805403
100.6651264999964,0.0,0.0,0.0,-0.003915196797766402,-0.007369946049455038,-1.7981250988412132
100.71499739999854,0.0,0.0,0.0,-0.003497427536701272,0.0014963929301068017,-1.8246260226088318
100.76561509999738,0.0,0.0,0.0,-0.0036633629620052297,-0.0030035555300318034,-1.8574138901694828
100.81664889999956,0.0,0.0,0.0,-0.003562710667740769,0.0012816295113618449,-1.8131180761394017
100.86518980000255,0.0,0.0,0.0,-0.0034996432718794094,1.5026999128610765e-05,-1.6886681557239547
100.91217009999673,0.0,0.0,0.0,-0.0030922672553251956,0.0003382177565480971,-1.5605843932529548
100.96346600000106,0.0,0.0,0.0,-0.0030181846512261803,-0.002169456075619086,-1.425937226822799
101.01360259999637,0.0,0.0,0.0,-0.0026172161335721277,0.002188115430759095,-1.313799837165503
101.06413600000087,0.0,0.0,0.0,-0.0025058202436413915,-1.602229940866671e-05,-1.2132891443418437
101.1133461999998,0.0,0.0,0.0,-0.0022154898198285446,0.00024501708003941475,-1.1175240021099095
101.16368449999572,0.0,0.0,0.0,-0.002097593378749197,0.0007762459706628115,-1.0351467264701633
101.21882119999646,0.0,0.0,0.0,-0.0018863984779541472,-0.0007818918307927042,-0.9537018647243565
101.26349150000169,0.0,0.0,0.0,-0.0021189766988559053,-0.0044352387542767185,-0.881837708872515
101.31374910000159,0.0,0.0,0.0,-0.0018041596968613042,0.0011938252356732588,-0.820098161675324
101.362827500001,0.0,0.0,0.0,-0.0017167597155000281,-0.0014251603232843784,-0.7521206858171198
101.41415459999553,0.0,0.0,0.0,-0.0014918631023240702,-0.000653577626220801,-0.7036769185971109
101.4640173000007,0.0,0.0,0.0,-0.0017060103641195496,0.0017979315940697261,-0.6786780526993828
101.51479400000244,0.0,0.0,0.0,-0.0018357145322859894,-0.006859961287951721,-0.6886224304434568
101.56330280000111,0.0,0.0,0.0,-0.0016241803246217945,0.0020688613233943625,-0.7002196411795942
101.61252819999936,0.0,0.0,0.0,-0.0017557153470185744,0.0011549099166259424,-0.7247577123094844
101.66678649999812,0.0,0.0,0.0,-0.001840317812186424,0.0023909871528337303,-0.7631705535345702
101.71352749999642,0.0,0.0,0.0,-0.002208194211213058,-0.001800753230824338,-0.8095981137772637
101.76633140000195,0.0,0.0,0.0,-0.002011170864456513,-0.0006932825749998542,-0.8311057254916819
101.8131665999972,0.0,0.0,0.0,-0.002264090996046328,0.003361313957396728,-0.8119480230991389
101.86295399999653,0.0,0.0,0.0,-0.001310013720862758,0.006830572009028257,-0.7077635666952264
101.91376719999971,0.0,0.0,0.0,-0.0009068401859284451,0.0007343133028234294,-0.5578921083110164
101.96501929999795,0.0,0.0,0.0,-0.0007048676902932776,0.0010970322070421713,-0.41279205741339137
102.0152659000014,0.0,0.0,0.0,-0.00024801048458624614,0.00530892556638413,-0.2293262219860216
102.06803209999634,0.0,0.0,0.0,0.0005100838254797857,0.005005153049823953,-0.10728926059600631
102.11391030000232,0.0,0.0,0.0,-0.00015310602942777792,0.0025994241483763784,-0.09436053080612126
102.16330539999763,0.0,0.0,0.0,-0.0006099382541755851,-0.0026219703865337563,-0.10352387965697793
102.21717530000024,0.0,0.0,0.0,-0.00013546326378773444,0.0010294692719228019,-0.11849751241989497
102.26445879999665,0.0,0.0,0.0,7.549732917828374e-06,0.0008246549378220501,-0.12663842488865226
102.31985990000248,0.0,0.0,0.0,-0.00038881354457362063,-0.0044660894076440395,-0.12383287912064057
102.36313540000265,0.0,0.0,0.0,-0.00010121137424780948,-0.0020136493712205597,-0.11845269031748529
102.41293659999792,0.0,0.0,0.0,-4.4260100347670055e-07,0.003332069417109159,-0.11830212918128741
102.4645887000006,0.0,0.0,0.0,-0.000300888740248919,0.0009376226913166768,-0.12326219285030415
102.51429420000204,0.0,0.0,0.0,-0.00022024456535146264,1.6004997710056913e-05,-0.13281456036113556
102.56394539999746,0.0,0.0,0.0,-0.0004093176509785583,-0.004212382743961823,-0.14398539053964737
102.61464519999572,0.0,0.0,0.0,-0.0001610973725145533,0.004054522118085971,-0.1591791744565802
102.66704510000272,0.0,0.0,0.0,-0.00031630966951333856,8.466745809852539e-05,-0.18292006844180947
102.71571219999896,0.0,0.0,0.0,-0.0005886816100595354,-0.0013217290428756588,-0.22222368090681088
102.76579189999757,0.0,0.0,0.0,0.00014559747389069385,0.007823798569920206,-0.22480928254364263
102.81730599999719,0.0,0.0,0.0,-0.00014434594832880165,0.0009200481691468622,-0.2159234668881348
102.8651286999957,0.0,0.0,0.0,0.0007104108933531696,0.0008158107962508557,-0.20142958448367937
102.91322470000159,0.0,0.0,0.0,-0.000982465711806678,0.0006408003389298687,-0.17877522812692084
102.96309499999916,0.0,0.0,0.0,0.00010613977347218267,0.001700872932975309,-0.15910629123581513
103.01212110000051,0.0,0.0,0.0,-0.00026082528137689,-0.0019217981850263093,-0.1370699848160873
103.06298750000133,0.0,0.0,0.0,-0.0003318443871037278,-5.219883107321036e-06,-0.1139946540768588
103.11470030000055,0.0,0.0,0.0,8.688309540729395e-05,-0.0008972625989891166,-0.08643618408454498
103.16470870000194,0.0,0.0,0.0,-0.00017601077446537865,-0.0008807015776866445,-0.054568833959864546
103.21593059999577,0.0,0.0,0.0,-5.161717625096201e-05,-0.013098079175396172,-0.00862523338427145
103.26507110000239,0.0,0.0,0.0,-3.26000594352882e-05,-0.0013262815225835028,-0.0034885294341855328
103.31180850000237,0.0,0.0,0.0,-3.26832010877648e-06,0.0001296232475815436,-0.002085113004018014
103.36680229999911,0.0,0.0,0.0,-7.626410002507874e-06,-3.723085863151601e-05,-0.001239754217442477
103.41292709999834,0.0,0.0,0.0,-2.027572034340256e-05,-2.1865991687201658e-05,-0.0008098531308027323
103.46428909999668,0.0,0.0,0.0,2.3267767176264078e-05,5.20575508058908e-06,-0.0005699071195714073
103.51240130000224,0.0,0.0,0.0,-1.7970987594650573e-06,-4.663214454072417e-06,-0.0004491193895811093
103.56614160000026,0.0,0.0,0.0,-8.853452290940331e-06,1.626062799502189e-05,-0.0003565167889997959
103.61342339999828,0.0,0.0,0.0,-2.1868146161522763e-05,-4.5461384098470454e-05,-0.000344216920414643
103.66502539999783,0.0,0.0,0.0,2.0667196547599343e-05,4.996775008226916e-05,-0.00032823715901125067
103.71810959999857,0.0,0.0,0.0,-7.569525434852486e-06,-7.682226508589961e-06,-0.0003133367595783895
103.76613530000031,0.0,0.0,0.0,-6.8318742390002355e-06,-4.1342792416316346e-05,-0.00029444461027006277
103.81879320000007,0.0,0.0,0.0,1.830047083581565e-05,2.7292385573820497e-05,-0.00030620974385140305
103.8632288000008,0.0,0.0,0.0,3.213039421513376e-06,-4.9818432045162165e-06,-0.0003070656734184698
103.91405880000093,0.0,0.0,0.0,-2.2706240756475115e-06,4.652805831899543e-05,-0.00029143437487599876
103.96532989999832,0.0,0.0,0.0,1.3192024014075877e-05,-3.2947069515681895e-05,-0.00029388378527626425
104.01857529999688,0.0,0.0,0.0,1.5254942066436686e-06,1.2909103690727443e-05,-0.00029373920429733925
104.06443810000201,0.0,0.0,0.0,-1.630453205053637e-05,8.664607373956773e-06,-0.00029553573380861346
104.11170739999943,0.0,0.0,0.0,8.695857210915986e-06,-8.833217879510263e-06,-0.0002922916727909741
104.16748840000218,0.0,0.0,0.0,-4.0005514140872786e-07,1.5782982720499443e-06,-0.000280595488223139
104.2173571999956,0.0,0.0,0.0,-2.40094160153134e-05,-1.6491878060010384e-05,-0.00029413038735273705
104.2639302000025,0.0,0.0,0.0,1.2480575238591067e-05,2.334925613497795e-05,-0.00029735199398250563
104.3117751000027,0.0,0.0,0.0,-5.909232963435347e-06,-1.3926227335959873e-05,-0.0002795329194273703
104.36697730000014,0.0,0.0,0.0,1.3841922786271863e-05,-2.113764306328594e-05,-0.000280527782310004
104.41704829999799,0.0,0.0,0.0,-5.32469232083482e-06,3.155599507390559e-05,-0.0002918329809734977
104.46442759999627,0.0,0.0,0.0,-2.996414410204901e-06,8.877745066855443e-06,-0.0002872971084100635
104.51469129999896,0.0,0.0,0.0,-7.909355986840236e-07,-1.8896651923126597e-05,-0.00028461818232286735
104.56384660000185,0.0,0.0,0.0,-1.3760978331704564e-05,-4.9893656874217815e-06,-0.0002948855276972701
104.61409550000099,0.0,0.0,0.0,1.1311019216028305e-05,8.668686517727141e-06,-0.0002916654113907705
104.66671389999829,0.0,0.0,0.0,-1.2903004143904592e-05,-2.5652605568773884e-06,-0.0002945263348311584
104.71316639999714,0.0,0.0,0.0,3.36084350846545e-05,-1.5185206383904317e-05,-0.0003041458553536109
104.76321710000047,0.0,0.0,0.0,-9.313256387792211e-06,-1.2982781048774797e-05,-0.00031737581575734715
104.8138953000016,0.0,0.0,0.0,-1.1397702727612516e-05,4.709826646185329e-05,-0.00028553239432301154
104.86386559999664,0.0,0.0,0.0,-1.5025487711135933e-05,-2.58211153961941e-05,-0.0002797284387300448
104.9158707999959,0.0,0.0,0.0,1.6284007460860982e-05,1.7585681652567293e-05,-0.00027701322692422865
104.96529100000043,0.0,0.0,0.0,3.753257624672939e-05,0.0057594107343512954,-0.0004375911621923241
105.01748090000183,0.0,0.0,0.0,5.0535761682887135e-05,0.0033655274767348184,-0.00012238378469163765
105.06344349999563,0.0,0.0,0.0,-6.493460799971127e-06,-0.000641400847377813,-0.0001975470263314916
105.11406749999878,0.0,0.0,0.0,1.8998139793869487e-05,0.0013153134214825965,-0.00012102536144037206
105.165393700001,0.0,0.0,0.0,-6.090974242761426e-06,0.00014997775552616242,-0.00016776188741148527
105.21595759999764,0.0,0.0,0.0,4.027300693707808e-06,0.0002637668025214901,-0.00020479247606898558
105.26412690000143,0.0,0.0,0.0,-1.2193147963734896e-05,-0.0015727864983504816,-0.00014069593945262974
105.31399129999772,0.0,0.0,0.0,9.113975559666792e-07,0.001194236159086856,-5.616533513579344e-05
105.36267589999625,0.0,0.0,0.0,1.8719979717325528e-06,0.000584005311044623,0.00012690693449468325
105.4124273999987,0.0,0.0,0.0,-1.1626425071629236e-05,0.00011399976382493348,-3.888336917415793e-05
105.46474309999758,0.0,0.0,0.0,1.8279379045492143e-05,0.00045388106347312785,8.425223825509443e-06
105.51712930000213,0.0,0.0,0.0,-3.714533977197453e-06,-0.0002232175014205803,-5.836886526840113e-05
105.56536690000212,0.0,0.0,0.0,-1.0698597664634099e-05,-0.001183741571306908,-0.00012953808598565933
105.6152318999957,0.0,0.0,0.0,1.2667800321007056e-05,0.00020539329070796397,-8.940698793035575e-05
105.66483929999958,0.0,0.0,0.0,-1.579682099806834e-05,-0.0007960216169435421,-2.7975244840148517e-05
105.71716000000015,0.0,0.0,0.0,1.0710162184482946e-05,0.00047680850256305953,-0.00010643800154948512
105.76437939999596,0.0,0.0,0.0,1.7013387940856815e-05,0.0012419386059220588,-0.00014615439035677998
105.8120951000019,0.0,0.0,0.0,-4.72728571038852e-06,-0.0009551809747750693,-0.00027228755214080505
105.86533719999716,0.0,0.0,0.0,-1.7810767828944015e-05,0.000848634702992283,-0.00017662228607476802
105.91480059999594,0.0,0.0,0.0,-9.157721000066478e-06,-0.0003805646300022125,-0.00014109021833403235
105.96441310000228,0.0,0.0,0.0,-1.23996552690436e-05,-0.0005055125261465383,-0.0001917118835358717
106.01346580000245,0.0,0.0,0.0,1.6043656854128366e-05,0.00043557043958837084,-0.0001699637391396305
106.06343449999986,0.0,0.0,0.0,1.3688449795390334e-05,0.0006350533018666518,-5.8039488832096896e-05
106.1182484000019,0.0,0.0,0.0,3.014557935844384e-06,0.0005038491806685054,-0.00027061108646764866
106.16870200000267,0.0,0.0,0.0,-6.2113079042947175e-06,-0.0018909613739950802,-6.147640893888177e-05
106.21249259999604,0.0,0.0,0.0,3.2850662492162606e-06,0.0008395838465449682,-0.00018851967758464483
106.26249059999827,0.0,0.0,0.0,4.4126513746995375e-06,0.0004323921053421191,-0.00016137567908893047
106.31410440000036,0.0,0.0,0.0,1.9082149489292415e-06,-0.0016399658225806535,4.928271593912666e-05
106.36350379999931,0.0,0.0,0.0,8.606975122068827e-06,0.001262877536481109,1.77501838577397e-06
106.41318550000142,0.0,0.0,0.0,-1.966824947709377e-05,-0.00019219017876520553,2.178994899439888e-05
106.4674171000006,0.0,0.0,0.0,-1.5609469594598764e-05,-0.000763996533491525,1.9984818058411465e-05
106.51374999999825,0.0,0.0,0.0,9.183596234168849e-06,1.4384342973495312e-05,0.00013567826757533203
106.56735199999821,0.0,0.0,0.0,-1.2249786719327168e-05,0.0002059110571315686,-4.4141849316415424e-05
106.61785699999746,0.0,0.0,0.0,1.4950186054802831e-05,0.00024299177432565662,-6.59711976966498e-05
106.66664599999785,0.0,0.0,0.0,-3.7197837846441675e-07,0.0007831151699261645,0.00020905548048049972
106.71647030000167,0.0,0.0,0.0,7.541203779619045e-06,0.0003440840040941914,0.00017229652428271393
106.76806080000097,0.0,0.0,0.0,-6.703219818664663e-06,-0.0011936215903877675,0.00012059725260228367
106.81481469999562,0.0,0.0,0.0,1.1969828151694912e-05,-0.00010709520783614858,0.0001381044231003486
106.86359719999746,0.0,0.0,0.0,-1.3486633075495189e-05,-0.0010260478452075548,5.1678564149595016e-05
106.91444229999615,0.0,0.0,0.0,-1.9405752845724463e-06,0.0010096567045918463,0.00017101133654700223
106.96607389999554,0.0,0.0,0.0,-2.249735427703438e-05,0.0002832363657694683,0.00017836942363529557
107.01332079999702,0.0,0.0,0.0,2.3554029639103744e-05,-0.0001647030237975692,1.0937568429800385e-05
107.06386319999729,0.0,0.0,0.0,-4.960689838749431e-06,0.0006103995217685446,2.9482372213246685e-05
107.11857720000262,0.0,0.0,0.0,3.855819116127172e-06,0.0005708372021493999,8.751304828461081e-05
107.16291800000181,0.0,0.0,0.0,2.2246791013245787e-05,-0.0003294250749330167,1.6215699887836224e-05
107.21354109999811,0.0,0.0,0.0,-2.7536805373024607e-05,-0.0011656311212678804,4.2453789269810405e-05
107.26167970000097,0.0,0.0,0.0,4.138429793538357e-06,0.0009026888405402459,8.346504577835871e-05
107.3125441000011,0.0,0.0,0.0,5.29702313637288e-06,-0.0003474292266795022,0.0002344283933439499
107.36158949999663,0.0,0.0,0.0,1.0848622665145746e-05,-0.0006628496278304197,0.0002527542370469047
107.41740059999574,0.0,0.0,0.0,-7.352591729865937e-06,-0.000675764869812589,0.00012121250693287014
107.46424359999946,0.0,0.0,0.0,-7.496984510908835e-06,0.0014681354110053745,0.00012489683486049767
107.51247439999861,0.0,0.0,0.0,1.2010318678775973e-05,-0.0006341782345732745,0.0002775109954044306
107.56553929999791,0.0,0.0,0.0,-1.0429636463718542e-05,-0.0003266629233625018,0.00022372744416274094
107.61446609999985,0.0,0.0,0.0,3.6419484058958356e-06,0.0005886586243915865,0.0001916497168130351
107.66914169999654,0.0,0.0,0.0,-2.647343614100666e-05,-0.00024128542950106302,0.00021814178240655546
107.71301259999746,0.0,0.0,0.0,5.0590232941397964e-05,0.0006320825777852644,0.0002992202144966788
107.76442410000163,0.0,0.0,0.0,-1.0859409834970098e-05,0.00019140000470911728,0.00012146087901938128
107.81451119999838,0.0,0.0,0.0,-1.0395841348773878e-05,-0.0006633917414910885,0.00013752035557189658
107.86481239999557,0.0,0.0,0.0,1.6125856483716935e-05,0.0005830980537405377,0.0002519979251183096
107.91311499999574,0.0,0.0,0.0,-2.7784936288183245e-05,-8.448194279829358e-05,0.0001321146371640433
107.96231969999644,0.0,0.0,0.0,2.2725575910817614e-05,-0.0009765094514579128,0.0003066955847494198
108.01476869999897,0.0,0.0,0.0,-1.8082126818339945e-05,0.0007318438308057435,0.00032515352169246506
108.06979390000197,0.0,0.0,0.0,8.03960167837309e-06,-0.0005727542418128596,0.00011270359233765667
108.11386279999715,0.0,0.0,0.0,-6.217812815215976e-06,0.00034161381341790904,0.00027934034236561155
108.16533199999685,0.0,0.0,0.0,7.362153711435837e-06,3.7144229150713877e-06,0.00039102597278099847
108.21601809999993,0.0,0.0,0.0,1.8375301124998042e-06,-0.0011063328707913978,0.00036006451001515283
108.26543320000201,0.0,0.0,0.0,-1.3710131753158206e-05,0.0010611076741740353,0.0004044978153206484
108.31234279999626,0.0,0.0,0.0,1.1758858136614492e-05,-0.00036468175776094996,0.0004943828294316269
108.3626207999987,0.0,0.0,0.0,8.557090758621617e-06,0.0007915771054636194,0.00038982380623912697
108.41680520000227,0.0,0.0,0.0,6.7125462740853365e-06,-0.0004640984278712065,0.00047767678874812265
108.46380620000127,0.0,0.0,0.0,6.971594339260795e-06,-0.00022554971996904908,0.0003664958876078658
108.51460119999683,0.0,0.0,0.0,-1.4487920228399633e-05,-0.00019100474550348272,0.00036118852768809154
108.5630181000015,0.0,0.0,0.0,1.7930954103888678e-05,-0.0002462134475272076,0.00045329909090461196
108.61563780000142,0.0,0.0,0.0,-2.062872146298875e-05,0.000598276905794657,0.0004553303466340744
108.66316080000252,0.0,0.0,0.0,1.1757950131235861e-05,-0.001420817409327059,0.00026576410324194704
108.71552279999742,0.0,0.0,0.0,4.2603053691238735e-06,0.0009920025965275822,0.0005364662224147624
108.76605800000107,0.0,0.0,0.0,-3.356144181032629e-06,-0.0006093021418587947,0.0005443621447286645
108.81379210000159,0.0,0.0,0.0,1.5066475046673456e-05,0.0008847605145715791,0.0007585862631069331
108.86359950000042,0.0,0.0,0.0,-3.180995655209347e-05,-0.0007504210926957018,0.00046184086052170926
108.91678359999787,0.0,0.0,0.0,1.3471096339374106e-05,0.00043911643664364835,0.0007045563985985328
108.96495799999684,0.0,0.0,0.0,3.202729163292173e-05,0.00015264762327350657,0.0004900844307743077
109.01216600000043,0.0,0.0,0.0,-3.6553887520603173e-05,-0.000492137582827689,0.0007826191930552307
109.0649962000025,0.0,0.0,0.0,1.9491085303749484e-05,-5.75251876210403e-05,0.000599876158891784
109.11249970000063,0.0,0.0,0.0,-3.1021014340268204e-05,-0.0012877981399499192,0.0006168167880424055
109.16441610000038,0.0,0.0,0.0,1.1785041666727641e-05,0.0018723435607734267,0.0007029936898892451
109.21187149999605,0.0,0.0,0.0,1.4211120423087558e-05,-0.001061276005302742,0.0006019155062651104
109.2615678000002,0.0,0.0,0.0,-1.1016782549529247e-05,-4.810801910157244e-05,0.0006814175587038479
109.31648100000166,0.0,0.0,0.0,-2.1146976764771747e-05,-0.00047708573018544035,0.0006662520263334539
109.36449960000027,0.0,0.0,0.0,1.590073415759527e-05,0.0010692282577346999,0.0008752486603388041
109.41225819999818,0.0,0.0,0.0,-4.4421626975734715e-07,-0.002136450655076357,0.0005979899692797222
109.46481440000207,0.0,0.0,0.0,3.880420696144069e-06,0.0001823562000706575,0.0006381402750030634
109.51343829999678,0.0,0.0,0.0,-3.322744054613478e-07,0.00016650060887605624,0.0006588728887248472
109.56815869999991,0.0,0.0,0.0,-1.043995597323486e-06,-0.00018400923461315606,0.0004603166157596415
109.61549319999904,0.0,0.0,0.0,1.9357484545769232e-05,0.0009837484232023742,0.0006252727849788645
109.66504539999733,0.0,0.0,0.0,-1.6969337000208873e-05,-0.0013647745218355216,0.0007467808994108701
109.712798200002,0.0,0.0,0.0,-4.070907883299251e-06,-0.0018686711159553314,0.0007456469671217867
109.76352870000119,0.0,0.0,0.0,-4.567904440517262e-05,-0.0022415863128160108,0.0003624848734650135
109.8136824999965,0.0,0.0,0.0,5.573406294625592e-05,0.004770217026322108,0.0007636925972256568
109.86316259999876,0.0,0.0,0.0,3.232185911475571e-05,6.779750623444216e-05,0.0007596973852093485
109.9132185999988,0.0,0.0,0.0,-7.050183177606593e-05,-0.002692484940571798,0.0006636023288673796
109.96521239999856,0.0,0.0,0.0,3.2134965841122765e-05,0.001977824336514281,0.0009451748943537588
110.01355650000187,0.0,0.0,0.0,-7.188033693469623e-06,-0.0025802545448375697,0.000635263420715857
110.06530449999991,0.0,0.0,0.0,-2.7734068257477896e-05,-0.0038738427892001737,-9.003571148618983e-05
110.11472639999556,0.0,0.0,0.0,-5.0757704949455815e-06,2.2767197057409894e-05,-6.36898957245325e-05
110.16448420000233,0.0,0.0,0.0,7.06491538214816e-06,2.2367201888779408e-05,-2.1904412840869837e-05
110.21423810000124,0.0,0.0,0.0,1.4129273150765075e-05,9.319884306896605e-07,1.9635626366374572e-06
110.26613849999558,0.0,0.0,0.0,-3.1358650482701456e-05,5.913676744383642e-07,1.5748001688608074e-05
110.31501600000047,0.0,0.0,0.0,4.582832648615284e-07,-2.557925079003919e-06,1.3460373567887534e-05
110.36515379999764,0.0,0.0,0.0,-8.617855109235533e-06,-3.3763447390748713e-06,-1.0902807130831422e-05
110.41360229999555,0.0,0.0,0.0,1.084221006527574e-05,-1.4273871619033582e-05,-3.7318705501151115e-05
110.46239619999687,0.0,0.0,0.0,1.4160167438629657e-05,1.0471152143639186e-05,4.230052120340183e-05
110.5145177000013,0.0,0.0,0.0,5.562165748215095e-06,4.209557896163091e-06,1.2521284393738562e-05
110.56643140000233,0.0,0.0,0.0,-1.1458014478143403e-05,2.1742497585690263e-06,2.7075490446590235e-05
110.61572689999593,0.0,0.0,0.0,5.863376079568948e-06,-1.108291687343335e-05,-5.590742641511869e-05
110.66651909999928,0.0,0.0,0.0,-1.6123444950033295e-05,-7.132595223122225e-06,-1.3125917321746414e-05
110.71433139999863,0.0,0.0,0.0,7.463111674504385e-06,1.3667739378345883e-05,3.697188028337359e-05
110.76343679999991,0.0,0.0,0.0,4.657338959435777e-06,-1.9278339416139814e-05,1.2497385287010174e-05
110.81398900000204,0.0,0.0,0.0,-1.9670926609952192e-05,2.3053258906032617e-05,-2.9748794955068472e-05
110.86641290000262,0.0,0.0,0.0,2.5265564792421703e-05,1.2399681647276541e-05,-3.2091474596588674e-05
110.91440470000089,0.0,0.0,0.0,-1.4638239044887227e-06,-7.88378580040464e-06,-5.5799448592376664e-05
110.96471629999724,0.0,0.0,0.0,-7.221885699488236e-06,1.0518951496280962e-05,1.2249566056706355e-06
111.01510240000061,0.0,0.0,0.0,7.7211848447298e-06,-3.7853165769237814e-07,1.619529608756817e-05
111.06556860000273,0.0,0.0,0.0,-1.523700411089117e-06,-2.2388184687490954e-05,-4.6372746241898166e-05
111.1133600999965,0.0,0.0,0.0,-1.0778720505192287e-07,3.3529411924827104e-05,-2.6477046677402883e-05
111.16692450000119,0.0,0.0,0.0,1.2770843038360348e-05,-1.1324528292458294e-05,-1.985506531890479e-05
111.21240070000204,0.0,0.0,0.0,1.101529552186866e-06,-1.7534589903007666e-05,-2.134782060489086e-05
111.26614049999625,0.0,0.0,0.0,-2.8234103562044473e-05,1.693314913046111e-05,2.8046187491698537e-05
111.31366429999616,0.0,0.0,0.0,2.0540267144649328e-05,-4.906189265372829e-06,8.953273737551102e-06
111.3618118000013,0.0,0.0,0.0,-1.4409790446367303e-05,4.405820951650937e-06,-4.816338782150056e-05
111.4147598999989,0.0,0.0,0.0,-5.909144248036391e-06,-7.674693294832328e-06,7.021899874468514e-06
111.46421969999938,0.0,0.0,0.0,-2.995646895029567e-08,9.614771056921761e-06,4.374975694802837e-05
111.51986359999864,0.0,0.0,0.0,5.9194500377950494e-06,-1.4382447362509774e-05,-4.880903842689645e-06
111.5643362999981,0.0,0.0,0.0,1.5902577454746117e-05,-3.3712018541570507e-06,2.2906027659130263e-05
111.61197869999887,0.0,0.0,0.0,-2.933652138986522e-05,1.143118129106583e-05,1.2251818312128598e-05
111.66251979999652,0.0,0.0,0.0,1.817715899984904e-05,1.605361370314686e-05,9.837853556348596e-06
111.71670209999866,0.0,0.0,0.0,1.59416344142812e-05,-3.727741142764791e-05,9.067159933117043e-07
111.76491669999814,0.0,0.0,0.0,1.5506170361567223e-05,-3.06939472670992e-05,-6.086090665578761e-05
111.81320859999687,0.0,0.0,0.0,0.00029919756407677077,0.0013753303611744104,0.1054238442247899
111.86643860000186,0.0,0.0,0.0,0.0004367633617062973,-8.956667638832473e-05,0.26241951568618954
111.91598019999947,0.0,0.0,0.0,0.0008715499629258606,-0.0007011230581879525,0.3947922471502596
111.96347879999666,0.0,0.0,0.0,0.001019635885384675,-0.0015343935747114655,0.525089537323599
112.01931389999663,0.0,0.0,0.0,0.0011644026158113328,-0.0014510449123837019,0.6711560652229004
112.0645239000005,0.0,0.0,0.0,0.0020278253910303986,0.0007643005880095313,0.8684081466867987
112.11428509999678,0.0,0.0,0.0,0.001620063568006408,0.002434235225474184,1.1330463818747942
112.16410349999933,0.0,0.0,0.0,0.0023379024145628504,0.0039230156109659065,1.432459088765571
112.21384179999586,0.0,0.0,0.0,0.0031720240592385904,-0.00480894693727867,1.657599612621817
112.26351150000119,0.0,0.0,0.0,0.003193283635209935,-0.0006092930328314564,1.6672719136776517
112.31593609999982,0.0,0.0,0.0,0.003239496913423968,-0.003142102234443332,1.653088662700251
112.36859980000008,0.0,0.0,0.0,0.0032833588535694427,-0.002950189889147595,1.6559712041964296
112.41264480000245,0.0,0.0,0.0,0.0035461827210382345,-0.001135665530821042,1.7331167979433606
112.46413980000216,0.0,0.0,0.0,0.0038616084181114004,0.0033323899003774348,1.8452469044544209
112.5140551000004,0.0,0.0,0.0,0.003942185794233916,0.0022452957589923104,1.8797568011951378
112.56466479999654,0.0,0.0,0.0,0.003400510913968227,0.0014340523538760566,1.8782971783835802
112.61397620000207,0.0,0.0,0.0,0.0037080444005638544,-0.0029408640648596715,1.7828950730669981
112.66348419999849,0.0,0.0,0.0,0.003113136443117974,0.0008517420268186863,1.6636149041585004
112.7142548999982,0.0,0.0,0.0,0.0029331389182293706,-0.0005419547386417412,1.5308355695068923
112.76639250000153,0.0,0.0,0.0,0.0027034725190596197,3.911324012504435e-05,1.4110999545462892
112.81563129999995,0.0,0.0,0.0,0.002491788758090996,0.00038703205585141783,1.3039233536136374
112.86556259999634,0.0,0.0,0.0,0.0025709461819387568,-0.003221066206145873,1.203180181553343
112.91609679999965,0.0,0.0,0.0,0.002315073568264809,-0.0003693172795223307,1.1135049995757962
112.9704813999997,0.0,0.0,0.0,0.0021159726165496215,0.0018545503738533113,1.0242386514838324
113.01617399999668,0.0,0.0,0.0,0.0019488779254769025,-0.00015714401171169345,0.9482105972096684
113.06546040000103,0.0,0.0,0.0,0.002012954711902375,-0.0033158168114245223,0.8702455760029861
113.11283869999897,0.0,0.0,0.0,0.0018869438933615432,-0.0015137836876078308,0.8088634662535267
113.16517960000056,0.0,0.0,0.0,0.0017013274442666225,0.00028981645667220605,0.7420302778593252
113.21773050000047,0.0,0.0,0.0,0.0015830750782610584,0.00020979239412243777,0.6902546853783549
113.2645016000024,0.0,0.0,0.0,0.0014491919955432564,0.0005390841303632689,0.6370299705135187
113.31195309999748,0.0,0.0,0.0,0.0019184851308086917,-0.007530270524639948,0.6285285949016405
113.36417549999896,0.0,0.0,0.0,0.0015943949111230245,0.002575322557611283,0.6173755759313275
113.41399749999982,0.0,0.0,0.0,0.0014809680789445586,3.879736366273378e-05,0.6170618101819126
113.46572120000201,0.0,0.0,0.0,0.0014307505614738333,0.0026464511202697804,0.6332206720404582
113.51456329999928,0.0,0.0,0.0,0.0014099759616879163,0.004511061763709453,0.661901490156587
113.56322750000254,0.0,0.0,0.0,0.0021188594922124755,-0.006172353380450058,0.6672829527627662
113.61372159999883,0.0,0.0,0.0,0.0016823419327220207,0.004609444437379031,0.6248676830478936
113.66360069999791,0.0,0.0,0.0,0.0011176413878334164,0.0030098701417915685,0.48798619839804436
113.71428860000015,0.0,0.0,0.0,-0.00022432996098181065,0.002089978033010081,0.3093611584694035
113.7662902000011,0.0,0.0,0.0,-3.176940631032822e-05,0.004236141400832768,0.1444924390908603
113.81552959999681,0.0,0.0,0.0,-0.0004502817624888613,-0.0004972814755509574,0.08628844436655733
113.86350420000235,0.0,0.0,0.0,0.00033214838624619073,0.007922785794158902,0.17571674265566675
113.91285459999926,0.0,0.0,0.0,0.0009928201120143233,-0.003130803142605675,0.296710979417215
113.96932859999652,0.0,0.0,0.0,0.0005535596510399021,0.0004224537992578864,0.3255013060260189
114.0136274999968,0.0,0.0,0.0,0.0005147249344667959,0.0012120252823888723,0.31750397964418703
114.06466969999747,0.0,0.0,0.0,0.00048694963644873353,-0.0008034211068368823,0.3138389619567381
114.11463659999572,0.0,0.0,0.0,0.0003989471806939449,0.002337600396215117,0.32200378316027506
114.1643722000008,0.0,0.0,0.0,0.00048561804362432453,-0.0019963893350150685,0.3390558505955174
114.21151239999745,0.0,0.0,0.0,0.0004995606287164794,0.002790172416852271,0.35972827125739804
114.26852030000009,0.0,0.0,0.0,0.0006049069454496937,-0.002849211998005553,0.39012519338213314
114.31429260000004,0.0,0.0,0.0,6.051326700792543e-06,0.0005731959477531266,0.42941511102347346
114.36390060000122,0.0,0.0,0.0,0.0013958746532887853,0.0004918658270576826,0.49953316086463273
114.41268519999721,0.0,0.0,0.0,0.0008636754947791657,0.0013848090236399098,0.5923834917325947
114.46831170000223,0.0,0.0,0.0,0.0006096035084680629,0.006135440237332468,0.6236203199578048
114.51386410000123,0.0,0.0,0.0,0.0005630389363804752,0.0013303663152924579,0.6287293786754284
114.56292469999607,0.0,0.0,0.0,0.0004899197131260071,0.0010258407100694645,0.6221795152139082
114.61320729999716,0.0,0.0,0.0,0.0005681479741322789,-0.001007909265541956,0.6049505427590814
114.66840509999747,0.0,0.0,0.0,0.000466434248066715,-0.0001578302638803132,0.5746626635779317
114.71989459999895,0.0,0.0,0.0,0.0005002229946895517,-0.00028992694661438895,0.5460909862725184
114.76266319999559,0.0,0.0,0.0,0.0003702445786986608,-0.0007712607902716788,0.50471184373708
114.81383590000041,0.0,0.0,0.0,0.0008835577126419347,-0.0008371729620127765,0.45198529898211265
114.86730060000264,0.0,0.0,0.0,0.0007388924447070851,-0.007432578111339136,0.359835644809178
114.91593049999938,0.0,0.0,0.0,2.493691305376405e-05,-0.0042653880627293575,0.20143002483005495
114.96823120000045,0.0,0.0,0.0,-0.0001809331609718585,-0.0025780994856458624,0.05874137371540128
115.01238000000012,0.0,0.0,0.0,-5.6687639603221265e-05,0.0047604531076683955,0.0073111544529124144
115.06469049999578,0.0,0.0,0.0,7.039276628171092e-05,0.0021823141809831554,0.002181284041024492
115.11623059999692,0.0,0.0,0.0,9.589766968672287e-05,-0.001151396784837328,0.0015118982252823017
115.16303909999988,0.0,0.0,0.0,-2.829704150485718e-05,-0.0008235594053562926,0.0007606244484351835
115.21524099999806,0.0,0.0,0.0,-3.9115846990299546e-05,0.001817060055113736,0.000124098677398208
115.26611189999676,0.0,0.0,0.0,2.1218806826346726e-05,-0.0004509371955464578,0.00016121665018448952
115.31517449999956,0.0,0.0,0.0,-7.963279836884986e-06,-0.00022442086341073253,0.00015842843937230894
115.36779630000092,0.0,0.0,0.0,1.778418636272937e-05,9.606748373940357e-05,0.0002593180790217297
115.41820320000261,0.0,0.0,0.0,-5.168838143464811e-05,0.00017218994772371846,0.0002454839431264897
115.46440550000261,0.0,0.0,0.0,5.170092192595466e-05,-0.00013519283873834813,0.00034615516978623093
115.51368609999918,0.0,0.0,0.0,-3.907113354095419e-05,-0.0005344398463370307,0.0003278963654451463
115.56653989999904,0.0,0.0,0.0,3.397776148938356e-05,0.0013038005090391168,0.0002868031093833752
115.61263589999726,0.0,0.0,0.0,-1.910517870231464e-05,-0.0003859126088325292,0.00025849809178750535
115.66505699999834,0.0,0.0,0.0,4.7359197566443164e-05,-0.0004257686204185803,0.000264819276144976
115.71582079999644,0.0,0.0,0.0,-8.642522469241615e-05,0.00015671666402435435,-0.0003755729249761608
115.77056689999881,0.0,0.0,0.0,2.730334776595421e-05,0.00018538069770328327,-0.0003085886242692873
115.81526779999695,0.0,0.0,0.0,9.860813724869018e-06,-0.00026522067800730117,0.0001646987663195765
115.8633703000014,0.0,0.0,0.0,3.959243500713919e-05,3.0689351541714294e-05,0.0005040697463730657
115.91664370000217,0.0,0.0,0.0,-8.515795558538084e-06,-0.00011742063733475089,0.00021167511063670692
115.96619009999995,0.0,0.0,0.0,1.360823529463238e-05,-0.00023595836069607406,0.00015857757818819635
116.01510889999918,0.0,0.0,0.0,-5.668628127321475e-05,0.0005615730487936909,0.0002526703660058999
116.06518340000184,0.0,0.0,0.0,2.1143361314996786e-05,-0.0003355248220492766,0.00030492027092578964
116.11596989999816,0.0,0.0,0.0,2.369584542591828e-05,-0.0005101642957077491,0.00022360537336395657
116.16668930000014,0.0,0.0,0.0,-2.8072809295491938e-05,4.529203178464459e-05,0.00022475295932486086
116.21483769999759,0.0,0.0,0.0,1.3313771979598018e-05,0.0008143216730633887,0.00021538205420836983
116.2635369999989,0.0,0.0,0.0,8.739177806605592e-06,9.894802037189441e-05,0.00013506172831932858
116.31899169999815,0.0,0.0,0.0,-1.6426572588538183e-05,-0.0004362440889479514,8.194291445172614e-05
116.36504199999763,0.0,0.0,0.0,-2.00866647264619e-05,0.00021944780441554432,7.779895921084568e-05
116.42462510000041,0.0,0.0,0.0,1.6500449718308645e-05,-0.0004990930690676773,0.0001839833439689652
116.46727400000236,0.0,0.0,0.0,2.1341523980911768e-05,0.0008674919185763596,0.0002174048997540674
116.51589470000181,0.0,0.0,0.0,-9.980851906339511e-06,-0.00044220624130734097,0.00029216534633394025
116.56526139999914,0.0,0.0,0.0,-8.037347916595896e-06,-0.0009279971567238939,0.00026943329546893254
116.61463789999834,0.0,0.0,0.0,-2.1821614345501967e-05,0.00011363505789419587,0.00024569794890799907
116.66378099999565,0.0,0.0,0.0,2.000747335707095e-05,-0.0002966340897566844,0.0004208666047214258
116.71539119999943,0.0,0.0,0.0,-6.965256920112949e-06,0.00133492250588315,0.00019864886039237616
116.76255259999743,0.0,0.0,0.0,-1.795238662896362e-05,0.0004662877649419154,0.00021401527182147347
116.81431399999565,0.0,0.0,0.0,7.647612054264706e-06,-0.0010014133007197942,0.00021732990022163955
116.86669489999622,0.0,0.0,0.0,1.853913296707841e-05,-0.0006229093415030556,0.00017021225494122117
116.91481190000195,0.0,0.0,0.0,-2.469479573991004e-05,0.0003778257764690224,0.00019417269922298658
116.96532289999595,0.0,0.0,0.0,1.9534251000255756e-05,0.0002512674067211717,0.0001773649662597995
117.0138941999976,0.0,0.0,0.0,6.328466735017764e-06,-0.00037600649873768637,0.00018613901499346124
117.06593649999559,0.0,0.0,0.0,2.1231121459557087e-05,0.00016399744335114275,0.0001954119201928338
117.11538650000148,0.0,0.0,0.0,-3.896574724558308e-05,-0.00011096868477873652,0.00021253903732867501
117.16471839999576,0.0,0.0,0.0,-5.063087550061055e-06,-0.0006389171330838429,0.0002367568099308414
117.21234579999873,0.0,0.0,0.0,7.07430957627612e-05,-0.00024264237773087498,0.00022108815065226883
117.26362540000264,0.0,0.0,0.0,-4.532723335843788e-05,0.0005337490818146196,0.00015912151978806434
117.31448590000218,0.0,0.0,0.0,2.962878037913046e-05,-2.127800785520606e-06,0.00027936120915201347
117.36684019999666,0.0,0.0,0.0,-1.2757880639994379e-05,-6.441880748874253e-05,0.00023830961788424735
117.41358829999808,0.0,0.0,0.0,-1.1175784169242323e-05,-0.0002785890208493851,0.00019887725122410126
117.46616450000147,0.0,0.0,0.0,-1.6472284544432522e-05,0.00014739141943647999,0.0001808618932492686
117.51371279999876,0.0,0.0,0.0,6.65997873634377e-05,-0.0005936394069709842,0.00026365650890183796
117.56354049999936,0.0,0.0,0.0,-2.8399406649472088e-05,0.00026035902768994874,0.00017810937107221356
117.61318349999783,0.0,0.0,0.0,-2.3402018849606084e-05,0.0002618296390260627,0.00020162439509622006
117.66501430000062,0.0,0.0,0.0,-1.546275683506003e-05,7.136366168929612e-05,0.0002044624660118408
117.71343799999886,0.0,0.0,0.0,2.2067611725238522e-05,-0.00041849379337916665,0.00017198010894885102
117.76644710000255,0.0,0.0,0.0,1.3655004341817628e-05,-0.0020577279669295916,0.00024599216249471934
117.81563630000164,0.0,0.0,0.0,8.723270424976404e-05,-0.003896994539778627,0.00031829506670668544
117.86635139999999,0.0,0.0,0.0,5.341818787645564e-05,-0.003485327046643038,0.00015149303796528532
117.91864160000114,0.0,0.0,0.0,-2.58454621623551e-05,0.0005753444172544338,0.00020861250433974355
117.9644713000016,0.0,0.0,0.0,-7.37213237750905e-06,-0.00031493758910145224,0.00017564327379908964
118.01482350000151,0.0,0.0,0.0,-2.1062416731725946e-05,0.0008717458520980908,2.2101505719078922e-05
118.06347470000037,0.0,0.0,0.0,-7.685077070508631e-05,0.00016046907139990628,-2.515294434040687e-05
118.11549949999608,0.0,0.0,0.0,5.952539960748843e-06,-0.00040617043830514833,-8.266694783560517e-05
118.16405210000084,0.0,0.0,0.0,4.123511669397059e-05,-0.0006357077526045378,-1.039989201547889e-05
118.2142571000004,0.0,0.0,0.0,1.3439602739340871e-05,0.0003604978967606074,-8.917537180712633e-05
118.26912569999695,0.0,0.0,0.0,-9.77040012436622e-06,-0.0002471117481460478,-4.9813702761790166e-05
118.31586509999761,0.0,0.0,0.0,2.2894446118262064e-05,0.0004393961718962758,-2.2434260763394048e-05
118.36519029999909,0.0,0.0,0.0,-1.015854021214455e-06,-0.00045313455270994823,2.2394055569221516e-05
118.41488489999756,0.0,0.0,0.0,2.1229089551285935e-05,0.0001224769391797932,6.94413523776785e-05
118.46584040000016,0.0,0.0,0.0,-1.2017866595403473e-05,-0.0001401362468808004,0.00023787435044794655
118.51484609999898,0.0,0.0,0.0,-7.510255305077471e-06,0.00019811944596637564,-1.0936273064304883e-05
118.56472029999713,0.0,0.0,0.0,6.251156207098972e-06,-0.00013353677238908896,7.579261055405443e-05
118.61427749999712,0.0,0.0,0.0,-1.5208312294367797e-06,0.00026077990143535983,0.0001416005939850987
118.66317239999626,0.0,0.0,0.0,-2.9227425535060758e-05,-0.00048730998598027047,6.728607241183778e-05
118.71468260000256,0.0,0.0,0.0,2.3700469505380367e-07,0.00021991370278281165,0.0001883504952489002
118.76999500000238,0.0,0.0,0.0,5.113022352505449e-06,-0.0002909482290098312,0.00026962899372237137
118.81673320000118,0.0,0.0,0.0,-4.384874467893812e-05,-1.7380296294869526e-05,0.00017011403370755207
118.86523660000239,0.0,0.0,0.0,-4.535364831032933e-05,0.0004418939519259482,0.000270266765545677
118.91642249999859,0.0,0.0,0.0,4.989223751972672e-05,-0.0006675193762098556,0.00026677737561780666
118.96563969999988,0.0,0.0,0.0,-3.710537646985072e-06,0.0005191637104189238,0.0001530973927027381
119.01382429999649,0.0,0.0,0.0,2.6300005810725774e-05,-0.00030459209290613294,0.00041059982589680173
119.06481340000028,0.0,0.0,0.0,2.2147004673556677e-05,-0.00015698484547280962,0.00030435008718825894
119.11559419999685,0.0,0.0,0.0,-2.177148872136278e-05,-0.0001951633373999581,0.00035571079721717045
119.16438580000249,0.0,0.0,0.0,-1.869504650758667e-05,0.0003658111976659506,0.00030312479791605045
119.21692349999648,0.0,0.0,0.0,3.578199137149591e-05,0.00012905959489032157,0.0002944453354197706
119.26468239999667,0.0,0.0,0.0,1.5191419248150918e-05,0.0007173925855152531,0.00014081397106629294
119.31490089999716,0.0,0.0,0.0,-1.0438329878948245e-05,-0.0005179746151479776,0.00017487517964542257
119.36382880000019,0.0,0.0,0.0,-2.710325387551742e-06,-0.0002565414591680015,0.0002585637419473478
119.41311689999566,0.0,0.0,0.0,6.0035145895158995e-06,0.0001221878814723898,-0.0001315105961377879
119.46423520000099,0.0,0.0,0.0,-1.882096375365576e-05,0.0007745565027885794,-0.00030597067587269085
119.5140556999977,0.0,0.0,0.0,3.513233386685549e-05,-0.0008212516663318624,-0.00013314276546261852
119.56354560000182,0.0,0.0,0.0,2.300328890068267e-05,-8.259150773005258e-05,2.008661361888477e-05
119.61662310000247,0.0,0.0,0.0,-4.872537177596482e-05,-5.799216403335297e-05,0.0003094907600975695
119.66269589999865,0.0,0.0,0.0,-7.947296017254227e-06,0.00020294108578024572,0.00033878102443230836
119.71400960000028,0.0,0.0,0.0,2.4331790177905653e-05,0.0008752603083371371,0.0001266530280351314
119.76716920000035,0.0,0.0,0.0,-3.53826072088624e-05,-0.0005719242707465911,0.0003450079927863009
119.81804420000117,0.0,0.0,0.0,1.7514687083944954e-05,9.365157777258607e-05,0.00023357581041125882
119.86410610000166,0.0,0.0,0.0,7.99456740556175e-06,-0.0004011625324161479,0.00014468849696870197
119.91320239999914,0.0,0.0,0.0,6.414523632406105e-05,-0.0002236351196852266,0.0002404656709995454
119.96387200000026,0.0,0.0,0.0,-4.691180335779718e-05,0.0001909494844582269,0.0002496138014573706
120.01672339999641,0.0,0.0,0.0,6.3354257502484356e-06,0.0004493745285505477,0.00032711603353534585
120.06351159999758,0.0,0.0,0.0,-1.8067674336582828e-05,-0.00015141100629911634,0.0002763945846527755
120.11495969999669,0.0,0.0,0.0,3.19659339664535e-05,0.00019918579618859877,0.00029401054740604084
120.16401970000152,0.0,0.0,0.0,-1.7446428335645915e-05,-0.0007896973494284813,0.0004400392835227147
120.21402669999952,0.0,0.0,0.0,-1.9086885854899634e-05,0.0007659096698464455,0.0003151577157027318
120.2687506000002,0.0,0.0,0.0,-1.231014968610201e-05,-0.0005692183680394817,0.0002516090673723155
120.31225249999989,0.0,0.0,0.0,5.6183054361862506e-06,0.00013116756049764492,-4.6987161047671376e-05
120.3623351999995,0.0,0.0,0.0,1.8445272549636144e-08,-0.00019019903995838117,3.459758182473739e-05
120.41334369999822,0.0,0.0,0.0,-1.895040102966827e-05,0.0004768994319839749,0.00012239094143498338
120.46488629999658,0.0,0.0,0.0,1.292948842363322e-05,-0.00040146202468293224,5.579595339777463e-05
120.51600569999573,0.0,0.0,0.0,3.246993857614828e-05,-0.00023258703552127058,0.00011011957428751172
120.5642327999958,0.0,0.0,0.0,-3.963454266399724e-05,0.0004781782748583763,7.785684212467553e-05
120.61682199999632,0.0,0.0,0.0,6.214427758774365e-05,-0.000307292339033527,-0.00010112694639715652
120.66414970000187,0.0,0.0,0.0,3.1832050965116265e-05,-7.473702277592219e-05,-0.00036503819638859607
120.71391050000238,0.0,0.0,0.0,-5.544759957092437e-05,0.0003646698628874129,-0.00028554829146980077
120.76440860000002,0.0,0.0,0.0,-1.053748001883452e-05,-0.00036644472098644096,-4.0707050619539486e-05
120.81205749999936,0.0,0.0,0.0,-9.608399846072407e-06,0.00011869698225997226,0.00035736980344716244
120.86249769999995,0.0,0.0,0.0,-4.067049352688355e-05,0.0002991111080056838,4.253099902013422e-05
120.91275519999908,0.0,0.0,0.0,9.027549462839304e-05,-0.0003061116212558779,-0.00020590294025994146
120.96383190000051,0.0,0.0,0.0,2.5590751778411947e-05,-0.00038592264909335895,-0.00039154371885072553
121.01272800000152,0.0,0.0,0.0,-8.813356891634322e-06,0.00024403061803796435,-0.0002516305320588907
121.06390609999653,0.0,0.0,0.0,-1.3121862910184156e-05,0.00017356254555102047,-0.00034433086995583275
121.11405369999557,0.0,0.0,0.0,-6.138807295626828e-05,0.00042625544171504215,0.00013829395883781494
121.16374889999861,0.0,0.0,0.0,1.9471329246229676e-05,-0.00042249678075783036,-0.00020351845245915686
121.2165698999961,0.0,0.0,0.0,3.332077000643567e-05,-0.0004442631006637416,-4.6773689356821435e-06
121.2640773000021,0.0,0.0,0.0,2.0178516294311278e-05,0.0005322807891413811,0.0001579389426544853
121.31728360000125,0.0,0.0,0.0,-1.517281596079463e-05,-6.490554533214258e-05,8.311331887832315e-06
121.36418109999795,0.0,0.0,0.0,5.530734099586942e-06,0.0004938584199547562,0.0003551362378087403
121.4174536999999,0.0,0.0,0.0,-2.9265909080366586e-05,-0.000514831797915441,0.0002159763630204739
121.46328699999867,0.0,0.0,0.0,3.8085900408246027e-07,0.0005443229359477387,-0.00030794661562594445
121.51573169999756,0.0,0.0,0.0,4.29780026656619e-05,9.517020354775332e-05,0.00030613459829708614
121.56438479999633,0.0,0.0,0.0,2.3522998065114353e-05,0.0001641137587296631,0.00026853697999417055
121.61600429999817,0.0,0.0,0.0,-6.485249156306804e-05,-0.0002618023868491545,7.392671071687393e-05
121.66372769999725,0.0,0.0,0.0,5.866736236866776e-05,8.730705205880105e-05,0.00018295966738742672
121.71793949999847,0.0,0.0,0.0,1.048610046872028e-05,0.0001321250585536832,0.00018406462307814152
121.7645760000014,0.0,0.0,0.0,-6.048264282821944e-05,-8.972137263185216e-05,4.355328620202118e-05
121.81355600000097,0.0,0.0,0.0,-3.902414497413501e-05,-0.00016248581842251793,0.00033837128164396397
121.86472299999878,0.0,0.0,0.0,5.997758554102853e-05,-4.221828497238588e-05,0.0003316449939752073
121.91760249999788,0.0,0.0,0.0,-1.995249316068055e-05,7.344689715533966e-05,0.00020589129624889698
121.96671369999967,0.0,0.0,0.0,9.521099722830336e-06,-0.00016319301378695658,0.0002632485099067577
122.0123878000013,0.0,0.0,0.0,1.1276280582727335e-05,0.0003526189440549877,0.0002044970079082205
122.06316420000076,0.0,0.0,0.0,-4.125994392949943e-06,-7.153803674262734e-05,0.00029316345433300073
122.11214089999703,0.0,0.0,0.0,-8.756467009272773e-05,-4.470818531935205e-05,0.0001510707048377205
122.16544609999983,0.0,0.0,0.0,2.2332696269954133e-05,-0.0007742775997704563,0.00029619912201248966
122.21240209999814,0.0,0.0,0.0,2.9831895056512386e-05,-3.311810038525484e-05,0.0002620226287589551
122.26261990000057,0.0,0.0,0.0,4.405533022506639e-05,0.0005262621781152587,0.00020632610290380646
122.31648629999836,0.0,0.0,0.0,-3.4642134081229245e-06,0.00016489862902753667,-3.613938610377168e-05
122.36724909999612,0.0,0.0,0.0,-9.222542581332647e-05,0.00028142028897743063,-1.636535807820132e-05
122.41618619999645,0.0,0.0,0.0,5.0036972511248506e-05,-0.0011637004515134555,-0.00026686249059459856
122.46706959999574,0.0,0.0,0.0,3.65178005094068e-05,8.920934270694134e-05,-0.00013665732328087035
122.51410249999753,0.0,0.0,0.0,-3.913687366589252e-05,9.49079899631105e-07,6.993752086669005e-07
122.56637559999945,0.0,0.0,0.0,7.510250355323337e-05,0.0003774983816624049,0.00023292092176138072
122.6165250999984,0.0,0.0,0.0,-2.6945154085152105e-05,0.0009150439666432654,0.00043727287997808194
122.66684949999762,0.0,0.0,0.0,-7.570090414099723e-05,-0.0003356610774229833,0.00015279193048472984
122.7123924999978,0.0,0.0,0.0,4.273994866310394e-05,-0.00046058285323993093,0.0004039136529041946
122.76398779999727,0.0,0.0,0.0,-1.4995574006801749e-05,-0.00016940263362788928,0.0003991778990032509
122.81542849999823,0.0,0.0,0.0,1.7506790156832e-05,-2.649753599200844e-05,0.0002955984295599839
122.86383119999664,0.0,0.0,0.0,-4.975676115164542e-06,0.00013578014247679518,0.00039992383871775334
122.91237530000217,0.0,0.0,0.0,8.70426204777924e-05,-0.00035466687732420955,0.00017699764527957405
122.96470740000223,0.0,0.0,0.0,-3.474888933819313e-05,0.0008394042113928352,0.0003456692277021147
123.01927659999637,0.0,0.0,0.0,-1.6590557134829115e-05,6.960740943852815e-05,0.0004017595333843759
123.06563260000257,0.0,0.0,0.0,3.288629116207229e-06,4.698881990192927e-05,0.000401886342683594
123.11814819999563,0.0,0.0,0.0,-6.393484501374804e-05,2.2598986563127568e-05,0.00046287326880829446
123.1668845000022,0.0,0.0,0.0,1.4884033848989822e-05,1.7504464945552846e-07,0.00031757651074249216
123.2139795999974,0.0,0.0,0.0,-9.301536312786398e-06,-0.0003268586542616661,0.00012068210531752293
123.26716879999731,0.0,0.0,0.0,-1.901627916167429e-05,-0.00025167190513743286,5.00678969757057e-05
123.31584940000175,0.0,0.0,0.0,1.3746747070299208e-05,-0.00021989287483485713,0.00018699299910475675
123.3636794999984,0.0,0.0,0.0,1.3645732586787303e-05,0.0003000166311570818,0.00031927403605084317
123.41360359999817,0.0,0.0,0.0,1.2360424288739454e-05,-0.0003557392852918632,0.0001599269898757678
123.4649086999998,0.0,0.0,0.0,5.472009422678422e-05,-4.498858820743458e-05,0.0002453078587698456
123.51404750000074,0.0,0.0,0.0,-9.804434674940345e-06,0.0004196498948563342,0.0001567773046191137
123.56328380000195,0.0,0.0,0.0,0.0003750575174726507,-0.0004620271929818407,0.106709512570377
123.61507279999933,0.0,0.0,0.0,0.00045138493829653735,-0.0009333569979846639,0.2976560975607751
123.66764590000093,0.0,0.0,0.0,0.0010166169883787455,0.0006960500180328445,0.5028546825658163
123.71456609999586,0.0,0.0,0.0,0.0010103213775232058,0.003336800209735197,0.708629368347957
123.76654289999715,0.0,0.0,0.0,0.0023038994675071032,0.0010432965043978368,0.9604242847381839
123.8149035000024,0.0,0.0,0.0,0.002438573553581773,-0.002509515701365147,1.2369824802948965
123.86747949999699,0.0,0.0,0.0,0.0023892571715204217,0.005795498163757866,1.5166456258138674
123.91438619999826,0.0,0.0,0.0,0.0029329869727616094,-0.0037318373501901824,1.6353691535899426
123.9657378999982,0.0,0.0,0.0,0.002865371119429977,-0.0010878231517550392,1.551834362939295
124.01312399999733,0.0,0.0,0.0,0.002978031374443436,-0.002577718679703813,1.444291986127233
124.0658012999993,0.0,0.0,0.0,0.002844373111238198,2.8981290570862208e-05,1.3277178689359814
124.11168519999774,0.0,0.0,0.0,0.002497211205925524,-8.338817077443625e-05,1.220995063462411
124.15858660000231,0.0,0.0,0.0,0.002532006911515052,-0.0023673533748815685,1.1337729542747517
124.20695220000198,0.0,0.0,0.0,0.0020673167751771478,0.0006931053216797664,1.0559149241510004
124.25942789999681,0.0,0.0,0.0,0.0015626460881731264,0.0034398101608738977,0.9807308642067347
124.30931260000216,0.0,0.0,0.0,0.0016468509105841,0.0001216769898121083,0.9073232739088848
124.35758209999767,0.0,0.0,0.0,0.0019260719547560545,-0.006295355441759087,0.8473586848352134
124.40772019999713,0.0,0.0,0.0,0.0017549515374409405,-0.000307800284915688,0.7883691822282339
124.45884719999594,0.0,0.0,0.0,0.0019886099392457555,-0.0002653199231087556,0.7315347661779719
124.50793310000154,0.0,0.0,0.0,0.0015749176728686314,9.069852171262814e-05,0.6808288207112928
124.556362299998,0.0,0.0,0.0,0.0018124791974360845,-0.005591631019467705,0.6650682183766964
124.61046999999962,0.0,0.0,0.0,0.0014298710098729257,0.0018411093230358217,0.6566442262301898
124.65697150000051,0.0,0.0,0.0,0.0016251760786340993,0.0013444113795896325,0.66043136861951
124.70834369999648,0.0,0.0,0.0,0.0016092015936023047,0.001227004090680311,0.6758902202417691
124.75754919999599,0.0,0.0,0.0,0.001753046647978429,0.0004912419236101548,0.6994808363135578
124.8077570999958,0.0,0.0,0.0,0.0021805908391047653,-0.003659408800034084,0.7134101679890035
124.86280940000142,0.0,0.0,0.0,0.0018815843498913294,0.0063418849259860716,0.6641666552830933
124.91191439999966,0.0,0.0,0.0,0.0013359447712486964,0.002053539836285216,0.5546148526489849
124.95815959999891,0.0,0.0,0.0,0.0005346077587229501,0.003587541210457096,0.40454280550072097
125.00628970000253,0.0,0.0,0.0,0.0003535676645997007,-0.004462576552576563,0.25985370412155523
125.0569925000018,0.0,0.0,0.0,0.00026044146727659744,0.012537156440527815,0.26600760785399863
125.10794460000034,0.0,0.0,0.0,0.00044522928143917215,2.0057337898989928e-05,0.3875367788110223
125.16022469999734,0.0,0.0,0.0,0.0002766173621874147,0.010241702075362116,0.44455492331415264
125.20712110000022,0.0,0.0,0.0,0.0004722144953163557,0.0008574203540569354,0.4627871564260928
125.2561074999976,0.0,0.0,0.0,0.0004283561780295429,-0.0009249300297237618,0.4923672960623033
125.3067957999956,0.0,0.0,0.0,0.00035256259426172864,0.0002930837037852154,0.5173813273533218
125.35749000000214,0.0,0.0,0.0,0.00039698370746753427,-0.0009367826582633222,0.5081984294545048
125.40716309999698,0.0,0.0,0.0,0.0005259212239520937,-0.0007905061873659852,0.4788970104935476
125.45795879999787,0.0,0.0,0.0,0.0003291618304192222,0.00048692055045437604,0.43340393104001995
125.50645249999798,0.0,0.0,0.0,0.0008151154115967375,-0.002825268174331507,0.389225506648937
125.55690099999629,0.0,0.0,0.0,0.0005287068371017884,-0.008844830966348681,0.26844747710439615
125.60831940000207,0.0,0.0,0.0,8.176945750405578e-05,-0.0026245865176553335,0.0885776178606763
125.65695569999662,0.0,0.0,0.0,-0.0005059419433538126,-0.004770473970611441,0.00830114401445979
125.7076567999975,0.0,0.0,0.0,3.493111541977606e-05,-0.0003176747164146677,0.004109071729624438
125.75642119999975,0.0,0.0,0.0,-1.4800426867827597e-05,0.00021804036728760242,0.0018903771623681265
125.80849119999766,0.0,0.0,0.0,-3.359577341432812e-05,7.819562147962013e-05,0.0008695041252004289
125.85747450000054,0.0,0.0,0.0,-1.2726447504046289e-05,-0.00010937949642454207,0.00016142151239594352
125.90696300000127,0.0,0.0,0.0,1.7084608345269363e-05,-0.00030825659223610144,0.00013146431673890713
125.9644724000027,0.0,0.0,0.0,5.829181387614169e-06,0.00013915123205490267,0.00011219659316235212
126.00876289999724,0.0,0.0,0.0,-2.1220065402552016e-05,0.0005666634345099729,0.00015739174518168169
126.05912829999579,0.0,0.0,0.0,1.5605370964918306e-05,-0.0002984401002761283,2.9056904961026262e-05
126.10596790000272,0.0,0.0,0.0,1.5429129473591964e-05,-0.00013273562863237435,-0.0003999640184299613
126.15857690000121,0.0,0.0,0.0,-1.3263706916496587e-05,-6.884997567315635e-05,-1.3558680413961818e-05
126.20819979999942,0.0,0.0,0.0,-1.6302303518928246e-05,5.5776416906649336e-05,0.00020489909358702567
126.25702720000118,0.0,0.0,0.0,1.5339541381169952e-05,-0.0001587040584976826,0.0003763082568348099
126.30848729999707,0.0,0.0,0.0,-8.386851015850866e-05,8.357483546161511e-05,0.0003992219012877147
126.35720379999839,0.0,0.0,0.0,6.907565988547692e-05,-3.856569900467147e-05,0.00037581215491096556
126.4068408000021,0.0,0.0,0.0,-1.1663189724640393e-05,-8.795178228721989e-05,0.0002662730675343434
126.4593554000021,0.0,0.0,0.0,6.5435544410032955e-06,0.00024633412801139095,0.00015344795756446896
126.50674060000165,0.0,0.0,0.0,-1.2288035816473395e-05,-0.0002441318561794977,0.00015251992764853692
126.55997360000038,0.0,0.0,0.0,-1.6710521529226588e-05,0.00022643269813038306,0.0002777519974213314
126.60756599999877,0.0,0.0,0.0,5.072208765662112e-05,-0.00013792632588046548,0.00014510779050506031
126.6574832999977,0.0,0.0,0.0,3.5952096882659462e-06,0.0005479832932274481,0.00037036302785056665
126.70752509999875,0.0,0.0,0.0,1.5443074405532348e-05,-0.00035284686897743344,0.00012361802849594178
126.75774190000084,0.0,0.0,0.0,-3.266404173571866e-05,-0.00014663590851373556,-5.595975038173431e-05
126.81012480000209,0.0,0.0,0.0,2.6499994927831204e-05,0.0002144215256965802,1.921195509446746e-05
126.85820509999758,0.0,0.0,0.0,-3.1031815993722036e-05,5.412601309262902e-05,0.0001667688654856733
126.90606979999575,0.0,0.0,0.0,7.222643243374961e-06,-0.00023214550957997572,0.0003049047246173068
126.95777799999632,0.0,0.0,0.0,7.687773407565567e-06,0.0006758235784639392,0.00031781485657262395
127.0159793999992,0.0,0.0,0.0,1.4859327281588149e-05,0.0006904631652269929,0.0001149231571290377
127.06197830000019,0.0,0.0,0.0,3.585763846549738e-05,-0.0009495866034765447,0.00012394566977828853
127.10883489999833,0.0,0.0,0.0,-1.9050947347505796e-05,-0.0005211892516985253,-7.661092576385716e-05
127.15663540000241,0.0,0.0,0.0,2.6918756102255596e-05,-0.0001361074651877955,8.075687624149047e-05
127.20817069999612,0.0,0.0,0.0,-4.340574279821561e-05,0.0007632692637817074,-5.994356596093497e-05
127.25827040000149,0.0,0.0,0.0,-3.936056366149287e-05,-0.0005920322613103472,-0.00017179381415962023
127.30810219999694,0.0,0.0,0.0,3.1563055904873405e-05,0.00010798992549687945,-0.00024397072172603496
127.35700840000209,0.0,0.0,0.0,1.4545035187101856e-05,0.00023167366299924112,-4.129316148593226e-05
127.40755509999872,0.0,0.0,0.0,2.590342082407666e-05,-6.5358385434059e-05,-0.0002028925155539713
127.45621749999555,0.0,0.0,0.0,5.213622196266732e-06,-7.803755956841709e-05,0.00017842605797407788
127.50867879999714,0.0,0.0,0.0,-8.103644689800275e-05,-1.3356220153729589e-05,0.00016236948712775674
127.55786210000224,0.0,0.0,0.0,7.916644914019097e-07,-7.47167813459444e-05,-7.493831992505258e-05
127.60679849999724,0.0,0.0,0.0,1.3294921045463966e-05,7.529775432341197e-07,0.00023236869460374336
127.65711229999579,0.0,0.0,0.0,2.8106157892357763e-05,0.00016301573688482898,-7.665306667810222e-05
127.70883940000203,0.0,0.0,0.0,-2.7536083405282567e-06,-0.00013062969919409382,1.787751875058302e-05
127.7581280000013,0.0,0.0,0.0,-2.270432601725464e-05,-0.00015847303297097416,-0.000257555807413241
127.80682279999746,0.0,0.0,0.0,-3.4046295619264685e-06,5.0987194342618934e-05,-0.00019197892326707112
127.8567097999985,0.0,0.0,0.0,7.130231888234855e-05,-0.00035605759889690257,-1.0235708935713032e-05
127.90798989999894,0.0,0.0,0.0,6.682559624654994e-06,0.00040688465768020163,-2.403510214259439e-05
127.95811010000034,0.0,0.0,0.0,-6.594576422389289e-05,-0.00017064987596015243,4.688955162411964e-07
128.0099252,0.0,0.0,0.0,7.550722168838252e-05,-0.00011724138360152225,-0.00010511355627493014
128.05791640000098,0.0,0.0,0.0,-4.82759800337086e-05,0.00016684700990289775,-5.18080351619677e-06
128.11460069999885,0.0,0.0,0.0,7.474822518378924e-05,9.295942141317991e-05,0.00010266474617124971
128.15866470000037,0.0,0.0,0.0,-4.777853920982174e-05,0.00016368736377243043,0.00020824005292885276
128.20782569999574,0.0,0.0,0.0,1.1293905453545612e-05,0.0001265845101474747,0.00011616751898725026
128.25735719999648,0.0,0.0,0.0,-9.17352560923673e-06,-0.00023162782182413962,0.0004170308243383078
128.30885309999576,0.0,0.0,0.0,1.2980354952155282e-05,-6.547583622864094e-05,0.00017100786898496662
128.36517509999976,0.0,0.0,0.0,-1.2450675018667445e-05,0.00010550831269507717,0.0003391260180905618
128.41249219999736,0.0,0.0,0.0,-2.121113612560221e-05,0.00035423194390849736,0.00012573202617902808
128.4628270999965,0.0,0.0,0.0,1.9610528800474397e-05,-0.0004701422883109912,0.00011982059117518094
128.5098455999978,0.0,0.0,0.0,1.909884541411413e-05,-0.00036218421998706013,0.00010960100927926175
128.55842649999977,0.0,0.0,0.0,2.295704780923484e-05,0.00019410722832555497,0.00028982473241469134
128.60898409999936,0.0,0.0,0.0,-3.002445001918326e-05,9.532475870789898e-05,0.0005053759618272083
128.65727089999564,0.0,0.0,0.0,5.7432322221427764e-05,0.0005461553683738347,0.00047196379844485444
128.70759610000096,0.0,0.0,0.0,-3.7035092498421087e-05,-0.0003015726132349984,0.0003217733470428853
128.75688459999947,0.0,0.0,0.0,-1.9500429864719002e-05,6.989605826053365e-05,0.0003201330630629764
128.80725410000014,0.0,0.0,0.0,-2.35025492228005e-05,-0.00014799972017312527,0.0003265403821808239
128.85615049999615,0.0,0.0,0.0,1.7191138560405874e-05,5.0849207805784706e-05,-0.00031442936204238204
128.90684769999643,0.0,0.0,0.0,3.0216397687051188e-05,-0.0003741403468542181,9.623816561273053e-05
128.9575330000007,0.0,0.0,0.0,-2.4936290182643973e-05,-3.337056409747167e-05,-8.539615847055555e-05
129.01143020000018,0.0,0.0,0.0,3.0565298188178376e-05,-0.00015001928301268646,-0.00012293917157193225
129.05817910000042,0.0,0.0,0.0,-6.023935914111518e-05,0.00016260703227617725,0.00036622230898225144
129.10815159999765,0.0,0.0,0.0,2.0678367910616066e-07,0.00016529006109356766,0.00021002623078247628
129.16459079999913,0.0,0.0,0.0,6.756372620830844e-05,-0.00024847556784025795,-0.00019627974022661066
129.21038759999647,0.0,0.0,0.0,-6.270825241149563e-07,0.0002122950422424287,-0.00015927952032016238
129.25882479999564,0.0,0.0,0.0,-9.833300379767928e-05,0.00016212087466141009,-8.118539760960305e-05
129.30671910000092,0.0,0.0,0.0,-2.2482594379995532e-05,-0.0003092961297094712,-0.00012602165343020757
129.3583051999958,0.0,0.0,0.0,1.2663223626617384e-05,5.2024436145574e-05,-0.0001961101635024894
129.40934420000121,0.0,0.0,0.0,2.327449477308565e-05,0.00013622600786592997,-0.0003164557938392846
129.4586152999982,0.0,0.0,0.0,-2.5404810790527074e-07,-0.00018034734661487455,-0.00024396905454593772
129.5112833999956,0.0,0.0,0.0,1.8777819554631787e-06,-4.3466402351710414e-05,-6.824883647634866e-05
129.55869539999549,0.0,0.0,0.0,-1.7021711475487478e-05,0.00038219376031904174,3.9737119896510034e-05
129.6072626000023,0.0,0.0,0.0,2.9013449944018646e-05,-0.0004012262864802307,-0.00012863346355778944
129.65894309999567,0.0,0.0,0.0,-4.823820267440343e-05,9.201406364191775e-05,0.00020904098873334681
129.7077674999964,0.0,0.0,0.0,6.926753913272021e-06,0.0004466951700065558,-3.407756703441611e-05
129.75741019999987,0.0,0.0,0.0,4.0516858893353185e-05,-0.000503730696653083,0.00027966996655161004
129.8062837999969,0.0,0.0,0.0,-1.4264293256769892e-05,0.0003860588017114844,-1.2721181828106363e-05
129.858516100001,0.0,0.0,0.0,2.6132711559316223e-05,-0.00042612616783888686,0.00012326286092372225
129.90812539999752,0.0,0.0,0.0,-2.4876968944201604e-06,0.00023759938848644583,-0.0002973501130734557
129.9579909000022,0.0,0.0,0.0,-4.6009992015184556e-05,5.6128078978897304e-05,0.0001778926784301908
130.0094339999996,0.0,0.0,0.0,1.8684315354298253e-05,5.6865174975566403e-05,2.06850922734478e-06
130.06006809999963,0.0,0.0,0.0,4.47588999022785e-05,-0.0003822072270439292,-8.092573374562845e-06
130.10744359999808,0.0,0.0,0.0,-6.611054485583761e-05,1.3252043905757127e-06,-1.2068376216381079e-05
130.1583640999961,0.0,0.0,0.0,-1.648001239733969e-05,0.0003235666444125144,4.105416155722683e-05
130.2082589999991,0.0,0.0,0.0,1.724991188394806e-05,-0.0004046337112021418,7.834380864036264e-05
130.26734800000122,0.0,0.0,0.0,5.6308467541605106e-05,-1.4987057055421027e-05,5.379201868840129e-05
130.30934449999768,0.0,0.0,0.0,2.663515614680537e-05,0.000315572392414226,-0.0002443637878160599
130.3577815000026,0.0,0.0,0.0,-3.718282223234374e-05,5.5139102967131805e-06,-0.00011681621487514596
130.4087647999986,0.0,0.0,0.0,5.188676908848728e-05,-0.00040803980058746786,-1.1611520204402327e-05
130.460780100002,0.0,0.0,0.0,1.092328299485635e-05,0.00018822766709385963,-4.3383502740401915e-05
130.50969919999625,0.0,0.0,0.0,-3.509023733983907e-05,0.00013058929768232982,-0.0001855378846085131
130.5576465999984,0.0,0.0,0.0,-1.5662504887748725e-05,-0.0001201618263635716,-0.00016981272691787372
130.60642109999753,0.0,0.0,0.0,1.755546038778594e-05,-9.940401559005788e-05,-7.520263433714527e-05
130.65846050000255,0.0,0.0,0.0,7.052334973671064e-05,-9.966536134948533e-05,-0.0003936900663830892
130.70897040000273,0.0,0.0,0.0,-3.1548091900091034e-06,0.0007438400960290249,3.24725507940725e-05
130.75774889999593,0.0,0.0,0.0,-4.5379970951893445e-05,-0.0005098028616085271,-0.00014932786550010118
130.808474999998,0.0,0.0,0.0,-1.993859064649358e-05,-0.00014304658991532975,0.00012422051953857693
130.857371099999,0.0,0.0,0.0,-3.223712036685338e-05,0.0008036939866894876,0.00013362128051654933
130.9073645000026,0.0,0.0,0.0,-3.031184342415714e-05,-0.00017549506799875486,0.00018203104308833458
130.95983320000232,0.0,0.0,0.0,3.4871603625385236e-05,-0.0005687362861028408,-0.0001474546138127279
131.00582530000247,0.0,0.0,0.0,5.672226695463669e-05,0.0004944769452238552,-0.000391428087180656
131.05757679999806,0.0,0.0,0.0,-7.157798370938299e-05,-0.00034533491959492797,-0.0001143974040753116
131.1081673000008,0.0,0.0,0.0,2.0949473580333476e-05,6.595665119551509e-05,-0.0003128643687991345
131.1579625000013,0.0,0.0,0.0,-1.635068059970824e-05,-0.00012302093319503302,-0.00019752366601879332
131.20696560000215,0.0,0.0,0.0,3.733090587069013e-05,0.0004442376592060564,-0.00016560513925580853
131.25755840000056,0.0,0.0,0.0,-2.3953629937257314e-05,-0.0006443375524885161,-0.0001278582243996744
131.3148674999975,0.0,0.0,0.0,-7.640490135060728e-06,0.0002500936029633599,9.90941000668732e-05
131.36201209999854,0.0,0.0,0.0,5.306915460750885e-05,0.00028660773683233476,0.0003387020863843764
131.4065088999996,0.0,0.0,0.0,-2.3643404780306062e-05,0.0001290470547444534,0.0001242678841291146
131.45745840000018,0.0,0.0,0.0,8.755796345758235e-05,-0.00029848021829795,0.00015668177854130525
131.5072674999974,0.0,0.0,0.0,-5.141095797215995e-05,0.00023341286675600573,0.00035671519305575277
131.55938149999565,0.0,0.0,0.0,-2.0262919202335555e-05,0.00018041521057030096,0.0004469460202393184
131.60911990000022,0.0,0.0,0.0,-6.0131776157085194e-06,-0.00025094402128278946,0.0004751418345817618
131.6580346999981,0.0,0.0,0.0,-2.3696000930206255e-05,-0.00013280199652695865,-7.893630140724533e-05
131.70821920000162,0.0,0.0,0.0,2.2117850520838598e-05,0.0001207513051170101,-7.123702054753936e-05
131.75749070000165,0.0,0.0,0.0,2.822232768455942e-05,-0.00026907302544581276,-0.00031207347988227005
131.80885449999914,0.0,0.0,0.0,-2.5044368228960808e-05,-0.0003020028338323808,3.638839977155338e-05
131.85819800000172,0.0,0.0,0.0,1.4072511319031129e-05,0.00011912929222509101,0.00019075201821594127
131.90934919999563,0.0,0.0,0.0,-2.8438644610725777e-05,0.0002821567694049818,0.0001694155678616585
131.9583774999992,0.0,0.0,0.0,2.1062078928932417e-05,-8.373583708628929e-05,9.430726611463179e-05
132.00902289999794,0.0,0.0,0.0,1.0258340565324738e-05,0.00018009612658222488,0.0005740138472738871
132.0583293000018,0.0,0.0,0.0,-7.291142819311632e-05,-6.447811428759085e-06,0.0003726009737921459
132.10682090000046,0.0,0.0,0.0,5.946016810577572e-05,-0.00028806123827139853,0.0004427685189458977
132.15781569999672,0.0,0.0,0.0,3.48167462750083e-05,0.00010867981734023913,0.00039296028349309947
132.2081149000005,0.0,0.0,0.0,-3.802606074480452e-05,6.738585975796187e-05,0.0002102431583096425
132.25703169999906,0.0,0.0,0.0,1.2631132626550162e-05,0.0001696547641911248,0.0003111192407814878
132.30782789999648,0.0,0.0,0.0,-2.2502368407345323e-05,-0.0005478954240978255,0.00036811822067568916
132.3572039999999,0.0,0.0,0.0,-1.834827409470267e-05,0.0002387770626060161,0.00021047719284336675
132.41788110000198,0.0,0.0,0.0,-7.300359659102e-06,-0.0001528468563189921,0.00011451307943380161
132.45959249999578,0.0,0.0,0.0,4.0701838423404666e-05,9.180992027220825e-05,0.0002780844912926402
132.50753260000056,0.0,0.0,0.0,-0.00018017331865796178,6.688879339062748e-05,0.0003798021171661823
132.5566381000026,0.0,0.0,0.0,0.0001492788276091998,0.00014341558860491235,9.573611580236545e-05
132.60835799999768,0.0,0.0,0.0,6.909802447947842e-05,5.586401451113041e-05,4.83030300467437e-05
132.657881799998,0.0,0.0,0.0,-4.350125593352145e-05,0.0001376884228146891,-0.00021115845493854812
132.7087706999955,0.0,0.0,0.0,-6.483450385844376e-05,-0.00013102521430996048,-0.0002380590786717116
132.7571339999995,0.0,0.0,0.0,6.560599262232749e-05,-0.00040960253611457717,-0.00015875282250574265
132.80747189999965,0.0,0.0,0.0,-2.065525048847258e-05,-3.557171294512448e-05,-0.00010111000790355827
132.8585735000015,0.0,0.0,0.0,-2.7538461000679402e-05,-4.757944600149319e-05,2.3304315823169834e-05
132.908646099997,0.0,0.0,0.0,-5.705125081829683e-05,0.0008945999453592805,-0.0002057035814399439
132.95796210000117,0.0,0.0,0.0,4.4702526913587516e-05,-0.000579301028536606,-0.00031482494094321116
133.0067240999997,0.0,0.0,0.0,2.781719595216373e-05,-0.00017885162005435627,9.417698937650549e-05
133.06383800000185,0.0,0.0,0.0,4.249944209490657e-05,-8.112306804467875e-05,-0.00010512666326003493
133.10869459999958,0.0,0.0,0.0,3.257263290673401e-05,-7.081094028946091e-06,-0.00016376048080377648
133.15774809999857,0.0,0.0,0.0,6.526209261918575e-07,0.00022883787254848945,-6.519253161030616e-05
133.2065833000015,0.0,0.0,0.0,-4.798065893523709e-05,0.00015223690168825313,-0.00010696293122231754
133.25654919999943,0.0,0.0,0.0,-3.4814178636767944e-05,-0.0001956237661581307,0.00019140475419081613
133.30974720000086,0.0,0.0,0.0,6.510312523484613e-06,0.00015549199410384493,0.0001262800836314326
133.35858449999796,0.0,0.0,0.0,4.427882105984818e-05,9.961463101930849e-05,3.3083372810331354e-05
133.40761589999602,0.0,0.0,0.0,-6.498561838419352e-05,0.00011687216318578867,-2.6605147283375885e-05
133.46449910000229,0.0,0.0,0.0,4.4673389643485226e-05,-0.00015732612676232254,0.00015650743084642457
133.50934279999638,0.0,0.0,0.0,-2.0910656923299478e-05,-0.00010862239664112597,-0.0003378851953650697
133.55805529999634,0.0,0.0,0.0,1.2181933769781548e-05,0.0003326118399531057,-0.0001502169752780813
133.60720839999703,0.0,0.0,0.0,-1.2122380159350275e-05,-0.000478945403024652,-5.1769003688596675e-05
133.65746339999896,0.0,0.0,0.0,2.0289172920630338e-05,0.00013830880644830776,-9.892291653028529e-05
133.7086741000021,0.0,0.0,0.0,-3.328013048327667e-05,0.00012987477835914868,7.129515846040886e-05
133.757869699999,0.0,0.0,0.0,-1.0139764279808938e-07,7.381618214740577e-07,6.758872904689876e-05
133.8083082000012,0.0,0.0,0.0,-1.4065289520603521e-05,7.347288252669662e-05,-3.887890591048334e-05
133.86055839999608,0.0,0.0,0.0,6.562219398277189e-05,-0.00026574933920313923,2.7234675557320432e-05
133.90957250000065,0.0,0.0,0.0,-6.2128267155202515e-06,0.00012486117091197943,1.1662813716118215e-05
133.95707920000132,0.0,0.0,0.0,-5.1082175830809226e-05,7.82774735923929e-05,0.0001990814707880737
134.00712299999577,0.0,0.0,0.0,0.00011186856585307983,-0.00022381056359375208,-0.00014925403952022407
134.05666850000125,0.0,0.0,0.0,-6.669124670880714e-05,2.1423251740264805e-05,-8.878133226910492e-05
134.10815709999588,0.0,0.0,0.0,-7.234533384630523e-05,8.907939464942385e-05,1.5057684821704598e-05
134.15839759999653,0.0,0.0,0.0,5.512183999643088e-05,-1.5683453709403847e-05,9.995319650518212e-05
134.20807319999585,0.0,0.0,0.0,5.646933353366487e-05,-5.079095596829947e-06,-7.105877034861181e-05
134.25839699999779,0.0,0.0,0.0,-1.7351357572231285e-06,0.00018804333115450935,0.0002242053932603757
134.30822590000025,0.0,0.0,0.0,3.99118870721222e-05,0.0002777967896985488,0.0002705822232105679
134.36062759999913,0.0,0.0,0.0,-6.789495288600572e-05,-0.0005496924652812975,0.0004740484545484182
134.40751679999812,0.0,0.0,0.0,1.7147216251032266e-05,-0.00018838424774410403,0.00022788986692630483
134.4569233000002,0.0,0.0,0.0,6.0412998818449424e-06,-0.00011130875720725421,-9.450675650775247e-05
134.5127982999984,0.0,0.0,0.0,-8.00171703974949e-06,6.978067171803684e-05,0.0003064938934983866
134.55954719999863,0.0,0.0,0.0,1.3757263555497387e-05,0.0004891371575300783,1.8281411607531113e-05
134.60981049999828,0.0,0.0,0.0,-2.6899301805766987e-05,-0.0002035678892177229,0.00029171558811681106
134.65942260000156,0.0,0.0,0.0,3.5894806598257294e-05,-9.196813350426328e-06,8.037046783541582e-05
134.7156587999998,0.0,0.0,0.0,-4.852579712428393e-06,-0.0004339701074335351,-0.00016580395900474938
134.77085349999834,0.0,0.0,0.0,2.7683595006299933e-05,0.000338001078300971,-0.0002597744131243459
134.8126093999963,0.0,0.0,0.0,5.344902964250201e-06,-2.712963809791096e-05,1.84265916469438e-05
134.86801820000255,0.0,0.0,0.0,-3.561646656195506e-06,0.00013199175306665846,-1.6085318665423438e-05
134.91422949999833,0.0,0.0,0.0,1.809686812105753e-05,0.0006848490582890973,0.00014229139419885917
134.96766869999556,0.0,0.0,0.0,-5.872969696113232e-05,0.0011444267293637322,-4.9542524068279845e-06
135.01695309999923,0.0,0.0,0.0,-6.763750170644697e-06,-0.00010816706092223931,-0.00015374683586237274
135.06615910000255,0.0,0.0,0.0,-2.3580361979604993e-05,0.0004191681233372549,-6.308095830102932e-05
135.11326610000106,0.0,0.0,0.0,-5.939194644435391e-07,-5.424527747244494e-06,-0.00010093897561473177
135.16298570000072,0.0,0.0,0.0,-7.62773198838534e-06,0.00010070611541304102,2.7962592118828497e-05
135.21396919999825,0.0,0.0,0.0,1.1307372851743173e-05,-0.0005050821734472459,-5.325965883098672e-05
135.25649249999697,0.0,0.0,0.0,-2.7994854946028225e-06,-0.00020503469567988034,-0.0003309333694665578
135.30979629999638,0.0,0.0,0.0,0.00042829830210597297,-0.0011195063254087814,0.12131819639701218
135.35826729999826,0.0,0.0,0.0,0.00012870325601052452,0.001014211327970414,0.3357908048285501
135.40917839999747,0.0,0.0,0.0,0.0019674973919809984,-0.0011925578183961246,0.5356950539272214
135.4594930999956,0.0,0.0,0.0,0.0012754139142434433,0.001763373894405132,0.7405151953075445
135.50702889999957,0.0,0.0,0.0,0.001417140467638193,0.0019648643494557185,0.9837676216224123
135.5581233999983,0.0,0.0,0.0,0.002342428458645788,0.00032457255647868775,1.271870921459802
135.6182403999992,0.0,0.0,0.0,0.0027211288147330473,0.0011850308560615297,1.5608574929737236
135.65969929999846,0.0,0.0,0.0,0.003337288181474132,-0.0026357045273947147,1.8083192247419895
135.7086769000016,0.0,0.0,0.0,0.0030378345714846726,7.93476233585444e-05,1.8837949221628525
135.75829410000006,0.0,0.0,0.0,0.004080656982266181,-0.003604707008023454,1.8833734901178147
135.81117149999773,0.0,0.0,0.0,0.003819705726088543,0.0004862153942176603,1.8833499848484898
135.86011549999967,0.0,0.0,0.0,0.003655254928045044,0.001166141606254076,1.8815670909864088
135.9078445999985,0.0,0.0,0.0,0.003641721085721265,0.001610050609460649,1.8827487694305347
135.95780930000183,0.0,0.0,0.0,0.003732219828689389,-0.00032761609852223,1.8835566799660874
136.00782020000042,0.0,0.0,0.0,0.003649072876408406,-0.0004392293859733272,1.8829600099191082
136.0599041999958,0.0,0.0,0.0,0.0037304949742436077,-0.0005678916347827622,1.8822873113974299
136.10842989999946,0.0,0.0,0.0,0.003464720294748906,0.0027189012580850084,1.8824757398675516
136.15806879999582,0.0,0.0,0.0,0.0034636861986215976,8.9911248261667e-05,1.8817116648115868
136.2091744999998,0.0,0.0,0.0,0.003623083535919699,-0.00162399151020091,1.8824427711375644
136.26103819999844,0.0,0.0,0.0,0.003848851876368561,-0.0019350293562132225,1.8825103174437154
136.30884340000193,0.0,0.0,0.0,0.0035396061600197273,0.0025861851930354734,1.8820811597251887
136.35847120000108,0.0,0.0,0.0,0.003644277164588058,-0.0001942251469893327,1.8824141430949946
136.4090883999961,0.0,0.0,0.0,0.0035907821332801368,0.00012298519589988582,1.8816616543538214
136.4589042000007,0.0,0.0,0.0,0.0037768998942001347,-0.003891889134850706,1.7942769505768097
136.51005379999697,0.0,0.0,0.0,0.0026799780830833457,0.0017445386586535923,1.6754362756476353
136.5583295999968,0.0,0.0,0.0,0.0026338591524355287,0.0017567271280087083,1.5392791656014018
136.60856699999567,0.0,0.0,0.0,0.0027758642800763053,-0.0018288137742093257,1.4115388550877503
136.66432429999986,0.0,0.0,0.0,0.002613896325164255,0.0004092214791484935,1.3043815717307659
136.71086339999601,0.0,0.0,0.0,0.0023581525167961125,5.658672641336056e-05,1.203386075281042
136.7634168000004,0.0,0.0,0.0,0.0027309219846666987,-0.000997633542294843,1.1068437069387258
136.81456839999737,0.0,0.0,0.0,0.0022533004489258,-1.4683359442638929e-05,1.0262973042846961
136.86256409999623,0.0,0.0,0.0,0.0018055351551146172,-0.000538924786222146,0.9822086087392662
136.91303850000259,0.0,0.0,0.0,0.0020177160689032686,-0.0007094679517295674,0.9164311060069055
136.9626330999963,0.0,0.0,0.0,0.002122991618714543,-0.001974708222040788,0.8421178763804772
137.0082573999971,0.0,0.0,0.0,0.0016773552479331494,-0.0005333871680527994,0.7395603503364273
137.05720959999599,0.0,0.0,0.0,0.0014624371710353795,-0.0006799407920729259,0.6770736178300116
137.10921029999736,0.0,0.0,0.0,0.0017637256729399397,-0.005248709332924309,0.672982007911918
137.15805539999565,0.0,0.0,0.0,0.0017437161452429698,0.0012260925232126041,0.6650408489881512
137.20810209999763,0.0,0.0,0.0,0.001468838708026511,0.0011795098697448777,0.664438756469608
137.25884580000275,0.0,0.0,0.0,0.0010426395009690112,0.0005028525514804154,0.6740647677875911
137.30775849999918,0.0,0.0,0.0,0.0019308436016751218,0.0022917425878157638,0.6940089545373915
137.3577043999976,0.0,0.0,0.0,0.0019963579063525293,-0.002754599302678519,0.7076435625064212
137.406307199999,0.0,0.0,0.0,0.0016575209254964885,0.007361285047311366,0.6563494416704752
137.45750319999934,0.0,0.0,0.0,0.0017818658008590977,-0.002309512610176556,0.5272702273168751
137.50680389999616,0.0,0.0,0.0,0.0006552463459683249,0.0022125724487292776,0.3613671642886991
137.56111039999814,0.0,0.0,0.0,0.0007342778061306297,0.007671384041679246,0.24278578917115873
137.60735130000103,0.0,0.0,0.0,-0.0015780830865136084,0.00918697165050326,0.18091534431477196
137.65734929999599,0.0,0.0,0.0,0.001474407956592053,-0.0003209274450187173,0.21930050502741913
137.7082515000002,0.0,0.0,0.0,0.0018894487351675837,-0.004665071609113839,0.25021647544161524
137.7708130999963,0.0,0.0,0.0,0.0017040783632346916,0.005336348541746075,0.25100148227569075
137.8073938000016,0.0,0.0,0.0,-0.0037203874214905125,-0.004733277119583348,0.24347676615790806
137.85727600000246,0.0,0.0,0.0,0.0008879890543088678,0.0012183365894338613,0.2309512700342789
137.90814089999913,0.0,0.0,0.0,-0.001045836853456625,-0.0007207677335249297,0.226174740751835
137.9590315000023,0.0,0.0,0.0,0.0004593512289694325,0.0001779077647295503,0.21909760068540185
138.00992499999847,0.0,0.0,0.0,0.00024645644411513495,-0.0027699819173004313,0.21051432864508812
138.05953610000142,0.0,0.0,0.0,-0.0002065449076379272,-0.0006752532589682754,0.21175263690208374
138.10721059999923,0.0,0.0,0.0,0.000996083936491397,0.0014938332408650258,0.2134521291793564
138.15866870000173,0.0,0.0,0.0,0.0014456582701534984,-0.002453198358224286,0.2223505968507537
138.20936519999668,0.0,0.0,0.0,0.00027337221421950734,0.003750041442736139,0.23010398172471705
138.2599618999957,0.0,0.0,0.0,0.00028321907900840456,-0.002209401401084784,0.2386614003576443
138.30843520000053,0.0,0.0,0.0,0.0004223978082353738,-0.0004534348591977124,0.2507133523650399
138.35835550000047,0.0,0.0,0.0,0.00042348074379596303,0.00012843067343064135,0.26932352368836393
138.40944799999852,0.0,0.0,0.0,0.00035018895813086976,-0.0025669382928841457,0.2835480785235054
138.45672889999696,0.0,0.0,0.0,0.0006025148862614212,0.0011738189618626228,0.32056088820672735
138.50800139999774,0.0,0.0,0.0,0.0008257589123694454,0.0039956166155086835,0.3936564051328261
138.55894239999907,0.0,0.0,0.0,0.00035590568968906747,0.007406216141991515,0.41469284778314164
138.6083151999992,0.0,0.0,0.0,0.00031628573541352226,5.615434019760614e-06,0.41528241672879573
138.65938820000156,0.0,0.0,0.0,0.00040762304185275983,-0.0010886796772800467,0.40979578357298263
138.70950479999738,0.0,0.0,0.0,0.00042463165335508484,0.0015405608832071943,0.4136218379938271
138.76138669999636,0.0,0.0,0.0,0.00026066886599798836,0.001007202873289799,0.3955634766149775
138.81356470000173,0.0,0.0,0.0,0.0003251227223230766,-0.0009042375883489696,0.37861995730950815
138.86044559999573,0.0,0.0,0.0,-7.202090658163523e-05,-0.0007730597973345083,0.3584358468110801
138.9081279999955,0.0,0.0,0.0,0.0006246338863259275,-0.0004894831814233019,0.35045147307318436
138.95775429999776,0.0,0.0,0.0,0.00045632756098834787,-0.007282626545688369,0.2959816230700149
139.00752009999997,0.0,0.0,0.0,0.00012268536357778619,-0.0031530230203103086,0.1460314252518664
139.05715919999784,0.0,0.0,0.0,8.80528112597289e-05,-0.002466606370719333,0.019228306738705167
139.10716230000253,0.0,0.0,0.0,-1.98806721650319e-05,-0.002199041190213985,0.000673760460717447
139.15685880000092,0.0,0.0,0.0,-1.0999991702827568e-05,2.8455281934815813e-05,0.00011525063855726847
139.20799409999745,0.0,0.0,0.0,-4.834172513257443e-06,7.4966371064638014e-06,-8.504669989435634e-05
139.2612033999976,0.0,0.0,0.0,-1.986880587401016e-06,-7.222212420995845e-08,-0.0001551959991417973
139.30677930000093,0.0,0.0,0.0,-7.863034210758575e-07,-1.2053757564688578e-06,-0.00015666007924584029
139.35723970000254,0.0,0.0,0.0,-4.897139768985039e-07,-8.092052126178609e-08,-0.0001710725914987377
139.40618269999686,0.0,0.0,0.0,-3.574568292860971e-07,1.153620442236526e-06,-0.0001861323371717062
139.45847340000182,0.0,0.0,0.0,-3.502596045935799e-07,1.1164919208457563e-08,-0.00018630711753564927
139.50853549999738,0.0,0.0,0.0,-3.782100330220785e-07,5.312457441738144e-07,-0.00018247563677807575
139.55755019999924,0.0,0.0,0.0,-3.1931552400205246e-07,-1.2458951934916125e-06,-0.00017293033630208084
139.607748800001,0.0,0.0,0.0,-3.401213806579104e-07,7.810544007535711e-07,-0.00018071521248766464
139.65626699999848,0.0,0.0,0.0,-2.951485551856045e-07,-1.9337514658920567e-07,-0.0001671166120251769
139.70861829999922,0.0,0.0,0.0,-3.157570425756488e-07,3.3275443641202516e-07,-0.0001796194192895956
139.7595405999964,0.0,0.0,0.0,-3.4314411330048984e-07,-1.832602041503592e-07,-0.00017473648831530824
139.8076809999984,0.0,0.0,0.0,-2.9247440540454745e-07,4.656436229395031e-07,-0.0001792325460144886
139.8573292000001,0.0,0.0,0.0,-3.2213600688469866e-07,-7.370343284743857e-07,-0.00017247818566795245
139.91454530000192,0.0,0.0,0.0,-3.413645221761852e-07,1.4684141882823966e-06,-0.00018691554266093646
139.9586163999993,0.0,0.0,0.0,-3.501451610634538e-07,7.86330071187301e-08,-0.00018766916326048107
140.00821149999683,0.0,0.0,0.0,-3.193790220088563e-07,1.1036778443087962e-07,-0.0001789831012043654
140.0567130999989,0.0,0.0,0.0,-3.7626704708460663e-07,-5.069281889655577e-07,-0.00018106918548196324
140.10872910000035,0.0,0.0,0.0,-3.316619750001424e-07,-3.001960196054174e-08,-0.0001816185960155584
140.15802930000063,0.0,0.0,0.0,-3.210711554940385e-07,7.852833347160648e-07,-0.0001879220466160856
140.20775739999954,0.0,0.0,0.0,-3.3279775985738574e-07,5.276602192758121e-07,-0.00018092418364566923
140.2588470999981,0.0,0.0,0.0,-3.40174960907342e-07,-4.5263221838324005e-07,-0.00018711941539681246
140.30791229999886,0.0,0.0,0.0,-2.8689754982561674e-07,-1.0879411708387307e-07,-0.00017018409190344417
140.35804500000086,0.0,0.0,0.0,-3.0079550846339177e-07,-3.8311776199036234e-07,-0.0001687437653699645
140.40823319999618,0.0,0.0,0.0,-3.227663228228435e-07,-1.3552241802738756e-07,-0.00016382121536574022
140.4575724000024,0.0,0.0,0.0,-3.6033003298082784e-07,1.0392415252193626e-06,-0.00018894439292690726
140.50663039999927,0.0,0.0,0.0,-3.253616719747966e-07,7.382705425425379e-07,-0.00017942091973570102
140.5600256999969,0.0,0.0,0.0,-3.2824229016578073e-07,-1.2756140400643398e-06,-0.00016587283561316307
140.60798429999704,0.0,0.0,0.0,-3.062706059089816e-07,-1.2200607390443306e-08,-0.0001729776419689837
140.65973259999737,0.0,0.0,0.0,-3.0888396249986995e-07,9.047701044362303e-07,-0.00017976345831365915
140.70902829999977,0.0,0.0,0.0,-3.3504857336591636e-07,1.1304654716175954e-07,-0.0001869521816773076
140.75799879999977,0.0,0.0,0.0,-3.6970460291863656e-07,-2.0961666575678523e-07,-0.00018161970610916948
140.80804089999583,0.0,0.0,0.0,-3.261092220875527e-07,-8.198746739700729e-07,-0.0001670206474781795
140.85725660000026,0.0,0.0,0.0,-2.9450505903627215e-07,1.1289557419099052e-06,-0.00018017781208514108
140.90622879999864,0.0,0.0,0.0,-3.2433830236345653e-07,-7.483755051600507e-07,-0.00017339689277072015
140.9657359999983,0.0,0.0,0.0,-3.116197208135623e-07,1.263914504657013e-06,-0.00017285737243515905
141.00754159999633,0.0,0.0,0.0,-3.2580184760287405e-07,-2.5347552613622173e-07,-0.00017872813352249022
141.05771169999935,0.0,0.0,0.0,-2.925473724769296e-07,-2.6596305634190316e-07,-0.00017127514006217077
141.10806639999646,0.0,0.0,0.0,-3.545936002530328e-07,3.6269042068388203e-07,-0.0001806708695312253
141.1586540999997,0.0,0.0,0.0,-3.304475562996458e-07,9.724762581221488e-07,-0.00018120951380467198
141.21166559999983,0.0,0.0,0.0,-3.442071577153183e-07,-1.3238573605475296e-06,-0.00017381654461581675
141.2582786999992,0.0,0.0,0.0,-2.9952894233635224e-07,1.3193358696557325e-06,-0.00018645175586360675
141.30755489999865,0.0,0.0,0.0,-3.3320780228143223e-07,-6.908184023719002e-08,-0.00018707032141720368
141.35781459999998,0.0,0.0,0.0,-3.117691344243214e-07,1.6585088154371785e-07,-0.00017724233783400644
141.4096522999971,0.0,0.0,0.0,-3.839321945241037e-07,2.24352080695117e-07,-0.00018821864722041564
141.45914279999852,0.0,0.0,0.0,-3.506788462721202e-07,-3.825676251324011e-07,-0.00018098324713658416
141.5075072999971,0.0,0.0,0.0,-3.1098389649559283e-07,5.815451602260537e-07,-0.00018781190518579177
141.55824679999932,0.0,0.0,0.0,-3.5059356272962753e-07,-6.55378409287027e-07,-0.0001737152166899549
141.60955390000163,0.0,0.0,0.0,-3.0638120320778866e-07,6.012046502003813e-07,-0.0001868122785612654
141.65817579999566,0.0,0.0,0.0,-3.6068146737715624e-07,-3.146496944361295e-08,-0.00018068814722261244
141.70955529999628,0.0,0.0,0.0,-3.081582278513056e-07,-5.617238613368548e-07,-0.00017257932913493517
141.75628529999813,0.0,0.0,0.0,-3.775764954930202e-07,9.509709044366895e-07,-0.00018958102474936925
141.80836239999917,0.0,0.0,0.0,-3.115863902172704e-07,-4.815260118102726e-08,-0.00018069399337518205
141.85944200000085,0.0,0.0,0.0,-3.2226753130650404e-07,3.8011685720339646e-07,-0.00017449600884651361
141.90700970000034,0.0,0.0,0.0,-3.104369928127595e-07,1.514334961344839e-07,-0.00018601471194930165
141.9578232999993,0.0,0.0,0.0,-3.5584072657550296e-07,-5.690672128613155e-07,-0.00018151063923558787
142.01251039999624,0.0,0.0,0.0,-3.422044009897302e-07,8.81330374264643e-07,-0.0001818989166301349
142.06513299999642,0.0,0.0,0.0,-3.4811575386499033e-07,-9.144277078725583e-08,-0.00017451137085876858
142.10768210000242,0.0,0.0,0.0,-2.957453090579739e-07,-2.6487831329700003e-07,-0.00017967480676997472
142.15778609999688,0.0,0.0,0.0,-3.19022414323619e-07,-9.18542667391369e-08,-0.00017352376414071227
142.20887580000272,0.0,0.0,0.0,-3.44510425499334e-07,1.0808391623108364e-06,-0.00018141811678733745
142.25846730000194,0.0,0.0,0.0,-3.0386400753832676e-07,-4.531988019607828e-07,-0.00018539784655324158
142.30736639999668,0.0,0.0,0.0,-3.325136161126448e-07,-2.888024191282454e-07,-0.00017194823384593356
142.35886089999985,0.0,0.0,0.0,-3.1963782009034835e-07,3.2512080272756434e-07,-0.00017932786499371393
142.4078423999963,0.0,0.0,0.0,-3.758002690264976e-07,3.063006352567886e-07,-0.00018179221233451107
142.46782040000107,0.0,0.0,0.0,-2.6386370801419223e-07,-1.1606731770808594e-06,-0.00016361623530815187
142.51517420000164,0.0,0.0,0.0,-3.6120405918172005e-07,1.741752866440205e-06,-0.0001891460475832762
142.56414609999774,0.0,0.0,0.0,-3.285283599534454e-07,-5.669427549940914e-07,-0.00017410707697124243
142.61311969999952,0.0,0.0,0.0,-3.0660669495161085e-07,5.178345554840865e-07,-0.0001871200268354105
142.66677679999702,0.0,0.0,0.0,-3.715392653725492e-07,-9.444231270760672e-08,-0.00018128247758076598
142.71662800000195,0.0,0.0,0.0,-3.291125117846237e-07,2.792449283696841e-07,-0.00018002811827718762
142.75774029999593,0.0,0.0,0.0,-3.1357352480600833e-07,-1.869744429162094e-08,-0.00018085669013778255
142.80709059999936,0.0,0.0,0.0,-2.935297562365344e-07,3.131338221891682e-07,-0.00017795098731202303
142.85813490000146,0.0,0.0,0.0,-3.7568903804194523e-07,-2.779485045496079e-08,-0.00018157131396414776
142.90912440000102,0.0,0.0,0.0,-3.293882211396424e-07,-9.862442065059154e-07,-0.00016752320627498393
142.95788829999947,0.0,0.0,0.0,-2.8470773056130066e-07,2.698733902220714e-07,-0.00016604129959795456
143.0064693000022,0.0,0.0,0.0,-3.602690023352937e-07,1.1492532698785379e-06,-0.00018989842551853472
143.0570160999996,0.0,0.0,0.0,-3.182888423770482e-07,3.757354786295614e-07,-0.00018839867420984688
143.11680099999649,0.0,0.0,0.0,-3.384518856152861e-07,-1.359884815834077e-07,-0.00018128846425390956
143.15812690000166,0.0,0.0,0.0,-3.663393142494758e-07,-3.9934516802851435e-08,-0.00017652347308976424
143.2080711000017,0.0,0.0,0.0,-3.0432119757592043e-07,-5.840894896677659e-08,-0.0001882300778256145
143.25704779999796,0.0,0.0,0.0,-3.331628252657475e-07,-2.1713260416544622e-07,-0.00017367182878436966
143.3092340000003,0.0,0.0,0.0,-3.4372504172940176e-07,8.595972746284542e-07,-0.00018877039599798963
143.35752800000046,0.0,0.0,0.0,-3.1532088993983233e-07,-1.0334749549450128e-06,-0.00017422454690436528
143.40559159999975,0.0,0.0,0.0,-3.4722709753627014e-07,1.027060021509343e-06,-0.0001811135952046929
143.45623599999817,0.0,0.0,0.0,-2.8767459628044486e-07,-1.0118775997432398e-06,-0.00016622899946972327
143.5094379000002,0.0,0.0,0.0,-3.4302060084775696e-07,9.977282513761045e-07,-0.00016875575627761769
143.55779030000122,0.0,0.0,0.0,-3.1624120853315136e-07,-2.469204080509533e-07,-0.00016802809625511642
143.60657859999628,0.0,0.0,0.0,-2.7827044487663324e-07,3.3881864232229213e-07,-0.0001789288574738346
143.65954390000115,0.0,0.0,0.0,-3.3027193745480957e-07,9.114373040636834e-07,-0.0001872924103329012
143.7062700999959,0.0,0.0,0.0,-3.5878808652815653e-07,-9.385318087395975e-08,-0.00018910078990291084
143.75919720000093,0.0,0.0,0.0,-3.561855052376835e-07,2.8633177220363897e-07,-0.0001889467135261307
143.80720460000157,0.0,0.0,0.0,-3.1553969362099403e-07,-6.99282532568326e-07,-0.00018079847253329393
143.85894589999953,0.0,0.0,0.0,-3.392824343043413e-07,6.019175486397288e-07,-0.0001747345658997846
143.90881400000217,0.0,0.0,0.0,-3.407358153465981e-07,-3.296076068088826e-07,-0.00018181772867305793
143.95978520000062,0.0,0.0,0.0,-3.6833558890689595e-07,6.117027921740835e-07,-0.00019083952938570885
144.00649059999705,0.0,0.0,0.0,-2.8752056988911637e-07,3.919206117029511e-07,-0.00017985161385173195
144.05696689999604,0.0,0.0,0.0,-3.678275341011762e-07,1.4367718646458477e-07,-0.0001814911614987628
144.10771540000133,0.0,0.0,0.0,-3.3366448828909384e-07,-1.714056119851436e-07,-0.00018809300142894417
144.16832389999763,0.0,0.0,0.0,-3.228692092910369e-07,2.031731956476683e-07,-0.00017395430431565968
144.2078959999999,0.0,0.0,0.0,-3.2947146811452746e-07,-4.307439228847451e-07,-0.00018082087339070388
144.25608040000225,0.0,0.0,0.0,-3.077731623438158e-07,6.808910207141692e-07,-0.00017313067814731835
144.30615589999798,0.0,0.0,0.0,-3.41292891595878e-07,-7.993425676343032e-09,-0.00018800226090466654
144.35725020000245,0.0,0.0,0.0,-3.376372988373169e-07,2.9454156513496824e-07,-0.00018777456603581184
144.40893969999888,0.0,0.0,0.0,-3.414616350949548e-07,-2.5436360261773753e-07,-0.00018071673707775558
144.45853089999582,0.0,0.0,0.0,-3.4297826864578875e-07,3.653136908417445e-07,-0.00018890087399546252
144.508533799999,0.0,0.0,0.0,-3.2841184330537187e-07,-2.05478953028724e-07,-0.00016682173981904847
144.5592331000007,0.0,0.0,0.0,-3.1909032137006984e-07,3.1009631306678555e-07,-0.00018665975666287072
144.60828780000156,0.0,0.0,0.0,-3.4873912170858835e-07,3.8975147993696643e-07,-0.00018904813508351456
144.65839260000212,0.0,0.0,0.0,-3.444557835819205e-07,-1.848681370643593e-07,-0.0001895030367196461
144.7075541000013,0.0,0.0,0.0,-3.6543742330810277e-07,-3.500523352366939e-08,-0.0001897382704752617
144.75787059999857,0.0,0.0,0.0,-3.4318943245123324e-07,2.3044026058006694e-07,-0.0001893742648248037
144.809840599999,0.0,0.0,0.0,-3.1336942881394053e-07,1.6937247768336463e-07,-0.00018743663073725715
144.85734789999697,0.0,0.0,0.0,-3.4935752437172456e-07,3.40712142698621e-07,-0.00018769983540581277
144.90753939999558,0.0,0.0,0.0,-3.615920544368364e-07,-1.834082674807063e-07,-0.0001887802196511931
144.95691049999732,0.0,0.0,0.0,-3.491978484625882e-07,5.833874198359269e-07,-0.00018829987879697755
145.00670990000071,0.0,0.0,0.0,-3.287639352572061e-07,-9.803346979788227e-08,-0.00018855166557203086
145.06081119999726,0.0,0.0,0.0,-3.7905773448697665e-07,2.237396847604361e-07,-0.00019003553114483595
145.107691600002,0.0,0.0,0.0,-3.4112256705358814e-07,7.34128152355847e-08,-0.00018714683923869429
145.16067849999672,0.0,0.0,0.0,-3.3358269136656893e-07,1.6214108601879835e-07,-0.00018886001650936961
145.21597299999848,0.0,0.0,0.0,-3.5934984559491467e-07,1.2934702675867607e-07,-0.00018960433743524466
145.26925869999832,0.0,0.0,0.0,-3.437240354964359e-07,1.036417596133316e-07,-0.00018876409687110512
145.308105600001,0.0,0.0,0.0,-3.5153636942677474e-07,2.4262907843839544e-07,-0.00018875726740661569
145.35806610000145,0.0,0.0,0.0,-3.05952279053376e-07,1.4479727247842547e-07,-0.00018544758711028805
145.40726770000038,0.0,0.0,0.0,-3.7813743923880987e-07,-6.699973150038988e-08,-0.0001890255268070103
145.45818419999705,0.0,0.0,0.0,-3.759513955514595e-07,1.628938292371168e-07,-0.00019106079710996777
145.5071123000016,0.0,0.0,0.0,-3.6733456271944165e-07,6.816674236695662e-08,-0.0001904793697317726
145.55786310000258,0.0,0.0,0.0,-3.36435383154717e-07,1.6878984957162648e-07,-0.0001901249942964834
145.6102449999962,0.0,0.0,0.0,-3.1450662920328783e-07,5.132444633714442e-08,-0.00018810571017548297
145.65932489999977,0.0,0.0,0.0,-3.6532678264087823e-07,8.52306694407299e-08,-0.00018852965917458327
145.71097680000094,0.0,0.0,0.0,-3.5934082131749156e-07,2.0716995532105708e-07,-0.00019070930331930547
145.75853759999882,0.0,0.0,0.0,-3.308299000363038e-07,-7.842227212048367e-08,-0.00018693163777074292
145.80777559999842,0.0,0.0,0.0,-3.370365418247849e-07,4.146823682327999e-07,-0.00018940622347172619
145.8624443000008,0.0,0.0,0.0,-3.7674386474030675e-07,-3.8008598465027207e-08,-0.00019087828103727582
145.91766300000018,0.0,0.0,0.0,-3.589766463619484e-07,1.94041015951307e-07,-0.0001897983316231496
145.96397450000222,0.0,0.0,0.0,-3.303083786002779e-07,6.007739757723685e-08,-0.00018876804789772544
146.0112702999977,0.0,0.0,0.0,-3.5610573920657326e-07,1.4193297196192177e-07,-0.00018794620758719004
146.06438399999752,0.0,0.0,0.0,-3.088634644887153e-07,1.8130986397614587e-07,-0.0001881176244410599
146.11269309999625,0.0,0.0,0.0,-3.629589284973866e-07,-3.0469198110370726e-08,-0.0001870154536906595
146.15885310000158,0.0,0.0,0.0,-3.5088324465662194e-07,1.3641205095900735e-07,-0.0001892902050710667
146.2077156000014,0.0,0.0,0.0,-3.4618356967602385e-07,2.58198180846112e-07,-0.00018868391010191428
146.2653197999971,0.0,0.0,0.0,-3.293875957678382e-07,1.0162460336091391e-07,-0.00018880071871936889
146.3110710999972,0.0,0.0,0.0,-3.721790680736237e-07,2.7213461519659815e-07,-0.000190721184234145
146.37073370000144,0.0,0.0,0.0,-3.6805332409062406e-07,-9.742677537952335e-09,-0.00019091191780098554
146.41208069999993,0.0,0.0,0.0,-3.182833842549173e-07,1.3331094112193557e-07,-0.00018616921915349274
146.46435909999855,0.0,0.0,0.0,-3.2442213938107654e-07,-1.5225386755740438e-07,-0.00018377902764162626
146.5177229999972,0.0,0.0,0.0,-3.607539331073552e-07,2.553827675755852e-07,-0.00018793376603138288
146.5753487999973,0.0,0.0,0.0,-3.5117649095268493e-07,3.631969138063822e-07,-0.00019041113690942401
146.62054779999744,0.0,0.0,0.0,-3.5146774491386467e-07,2.910684740561809e-07,-0.00018900955286299062
146.66709779999655,0.0,0.0,0.0,-3.459457802638037e-07,-3.792498753591936e-07,-0.00018569924957611555
146.71574959999998,0.0,0.0,0.0,-2.9483575796313006e-07,4.3355759646963296e-08,-0.0001835930985509146
146.76639949999662,0.0,0.0,0.0,-3.973459499064193e-07,5.846690397091511e-07,-0.00019110790020046429
146.81871719999617,0.0,0.0,0.0,-3.166592887844296e-07,-3.883815049238188e-07,-0.0001846961420496987
146.8623959999968,0.0,0.0,0.0,-3.417788639786257e-07,3.36675914928537e-07,-0.0001874337236275879
146.9163619999963,0.0,0.0,0.0,-3.057546153445571e-07,-2.16985301909778e-07,-0.00018185109100251677
146.96839360000013,0.0,0.0,0.0,-3.9591877359864743e-07,7.817157858591468e-07,-0.0001909057476387227
147.0140412999972,0.0,0.0,0.0,-3.4823050819395787e-07,-2.49965464669852e-07,-0.00018495325727074943
147.0581788999989,0.0,0.0,0.0,-0.00028262111004111326,0.002775209827315659,-0.11353049256163547
147.10861679999653,0.0,0.0,0.0,-0.0005463812196352569,0.0009881987513956788,-0.2915452147459845
147.1595182000019,0.0,0.0,0.0,-0.0007251329594377921,0.00019530800439327938,-0.44663120724861105
147.20774079999683,0.0,0.0,0.0,-0.0007744384760211913,0.002591235604657553,-0.5793627774254733
147.25681479999912,0.0,0.0,0.0,-0.0012806987000702646,-0.00437459301470347,-0.6870986594008099
147.30615450000187,0.0,0.0,0.0,-0.0014862749304227455,-0.003195971311754284,-0.7867842043166546
147.35810369999672,0.0,0.0,0.0,-0.001516094401142441,0.0005446361905820402,-0.9432854612973885
147.41683409999678,0.0,0.0,0.0,-0.002037774649036851,0.002483408569107115,-1.1727003846992408
147.45679910000035,0.0,0.0,0.0,-0.0024421808348764297,0.0013304129744378162,-1.4312725212545012
147.50737759999902,0.0,0.0,0.0,-0.0029331783895566064,-0.004303886761928875,-1.5149471736777629
147.55873079999583,0.0,0.0,0.0,-0.0029127247630527722,-0.0006089264910973419,-1.4912420281269456
147.6089071000024,0.0,0.0,0.0,-0.0030940992956196376,-0.002590732667739978,-1.4570812677323832
147.65805569999793,0.0,0.0,0.0,-0.0035772861178688413,0.0018695079824370818,-1.4211840116371512
147.70716299999913,0.0,0.0,0.0,-0.0031460764095189884,-0.003377768301148654,-1.4363664187951537
147.7566255999991,0.0,0.0,0.0,-0.003336011274951628,-0.005886696789876258,-1.5436287939752207
147.80862979999802,0.0,0.0,0.0,-0.004004904653038638,0.004320102268561805,-1.6764396638129841
147.85769499999878,0.0,0.0,0.0,-0.005151356023968107,-0.0020483744292485563,-1.8263550918812754
147.9057845999996,0.0,0.0,0.0,-0.00322031675262357,0.011031190229088154,-1.8891031518588408
147.9566668999978,0.0,0.0,0.0,-0.003461319044424202,-0.00021364620495822642,-1.8890306498178753
148.00822479999624,0.0,0.0,0.0,-0.003713925680670964,-0.0014252623918365739,-1.883191935124837
148.05964490000042,0.0,0.0,0.0,-0.0033643044981103974,0.001385002949636979,-1.8813731329365389
148.1064641999983,0.0,0.0,0.0,-0.0034114251663258563,0.001250680299766307,-1.881346927442358
148.15785470000264,0.0,0.0,0.0,-0.0033575071373972325,0.0008856049436870757,-1.8819741957969573
148.20624410000164,0.0,0.0,0.0,-0.003261324856861292,0.001737080826806054,-1.8821680161633445
148.26475109999592,0.0,0.0,0.0,-0.004215171080365156,-0.004317816579382448,-1.8445312691462046
148.31294630000048,0.0,0.0,0.0,-0.0035396447126920735,-0.0006775143336918271,-1.732219870650401
148.36466429999564,0.0,0.0,0.0,-0.003158562197811708,0.0016853217115257177,-1.5941037893653127
148.40944599999784,0.0,0.0,0.0,-0.002914837586759569,9.320304408101069e-05,-1.4664657853493324
148.46708170000056,0.0,0.0,0.0,-0.002701733015402217,-0.0006221386416860574,-1.3498314570854637
148.50973389999854,0.0,0.0,0.0,-0.0025031842104774023,-0.0006758136962377076,-1.2475909150254647
148.5601569999999,0.0,0.0,0.0,-0.0022209697058437564,0.001457631292136469,-1.1463198222880588
148.60730709999916,0.0,0.0,0.0,-0.0020725684684075522,-0.0005372842367366757,-1.0542395658335797
148.65754339999694,0.0,0.0,0.0,-0.0019237597303700532,0.00030794595290005455,-0.9745087343053052
148.71173109999654,0.0,0.0,0.0,-0.002059793722090322,0.00018307415583324586,-0.8956168811971427
148.76306179999665,0.0,0.0,0.0,-0.001976855366598844,-0.00447634360263057,-0.8212759479240324
148.81424020000122,0.0,0.0,0.0,-0.001772972950090726,-0.0004623788381355947,-0.7588851688944425
148.85875459999806,0.0,0.0,0.0,-0.0016192834371965806,0.0005344643296602916,-0.7031083232012425
148.9089582000015,0.0,0.0,0.0,-0.0014104436514141645,-0.000603301390127124,-0.6954221599290039
148.95731910000177,0.0,0.0,0.0,-0.001802689117575106,-0.005138041051188628,-0.6524503801924187
149.00692590000108,0.0,0.0,0.0,-0.0017022522070674342,0.002878386257324061,-0.6656319343373795
149.05810629999905,0.0,0.0,0.0,-0.001967554823295674,0.00020739097976717023,-0.6881140118872803
149.10732350000035,0.0,0.0,0.0,-0.0018969337552219327,0.0002017567056579324,-0.7255000044485621
149.1563604999974,0.0,0.0,0.0,-0.0019965976110414875,0.0019342469972088664,-0.7682628584373667
149.20729949999804,0.0,0.0,0.0,-0.0018971888248521028,-0.002792077192360596,-0.7930774089952332
149.25774570000067,0.0,0.0,0.0,-0.002261671125776966,0.0020916757175261885,-0.7777471641086237
149.30822310000076,0.0,0.0,0.0,-0.0010787408038413545,0.0063826675367098795,-0.6752494848907371
149.35714870000083,0.0,0.0,0.0,-0.0006476363216915693,0.0013590042836128264,-0.513851235460039
149.40790150000248,0.0,0.0,0.0,-0.00033538521415270523,0.0029330765181030333,-0.3493981470285561
149.458375299997,0.0,0.0,0.0,-0.0003470617941129182,0.002678507647914036,-0.20168823846625272
149.5135317000022,0.0,0.0,0.0,-0.0003234561243345679,0.0054379201343118,-0.10984161060104192
149.56017260000226,0.0,0.0,0.0,-0.00020224825639793362,0.0032293276998729154,-0.10321252711407441
149.60650909999822,0.0,0.0,0.0,-0.0001687260012069437,-0.00454193652042068,-0.0978891499251929
149.65894780000235,0.0,0.0,0.0,-0.00020426691978245293,-0.001782472540951996,-0.09207858868014245
149.708375299997,0.0,0.0,0.0,-0.00023668630825968007,0.001559159041867215,-0.08790798747364664
149.76010410000163,0.0,0.0,0.0,-0.00021273578052568364,0.00013440613187473764,-0.08299408673703723
149.80854340000224,0.0,0.0,0.0,-0.00018065910544474666,0.0004435768311818846,-0.0796335213934799
149.85689149999962,0.0,0.0,0.0,-0.0001669526540554963,0.0029203498998075328,-0.07594576803870626
149.90850179999688,0.0,0.0,0.0,-0.00022520819653967827,-0.003174645623069594,-0.07260058898677484
149.95979739999893,0.0,0.0,0.0,-0.00022854995543838302,0.0007662310971746467,-0.06951237998123498
150.00722439999663,0.0,0.0,0.0,-0.00015045409962159657,0.0022350155942756876,-0.06651676478366747
150.05590169999778,0.0,0.0,0.0,0.0001149430662232306,-0.002389972721211556,-0.06384531250155727
150.10651890000008,0.0,0.0,0.0,-0.00037751789557766006,0.0033233756984703293,-0.0615797032238315
150.15726379999978,0.0,0.0,0.0,0.0006114037753015885,-0.0001394554789030892,-0.059470775910737225
150.2058657000016,0.0,0.0,0.0,-5.458897177547326e-05,-0.004523812270160476,-0.057637749403567445
150.2574530999991,0.0,0.0,0.0,-6.928016729695972e-05,0.0004969835346079492,-0.05660673206808689
150.30801799999608,0.0,0.0,0.0,-8.037940190177655e-05,0.0005788500145221802,-0.05465167060567182
150.3573228000023,0.0,0.0,0.0,-5.5526819891282264e-05,0.003809439817978779,-0.05384900127989935
150.40861949999817,0.0,0.0,0.0,-8.903336315875676e-05,-0.004234581960739756,-0.052435982541831426
150.45692289999715,0.0,0.0,0.0,-8.319767013718286e-05,0.000639443461521972,-0.05250448827754289
150.50818789999903,0.0,0.0,0.0,-7.155346170523379e-05,0.0001921039775936429,-0.05185252189391801
150.55920630000037,0.0,0.0,0.0,-7.49653204928711e-05,0.0018793179795505808,-0.052260035213499506
150.61918149999838,0.0,0.0,0.0,0.00019448498155311036,-0.00033466631318230264,-0.05267932518909526
150.65826789999846,0.0,0.0,0.0,-0.0003291945031896151,-0.003356916869646405,-0.05410523959089933
150.70735089999653,0.0,0.0,0.0,-8.950839374028554e-05,0.004089197323713568,-0.056101535618248474
150.75770170000033,0.0,0.0,0.0,-0.00011817380332303125,-0.002204046834365767,-0.05909060172743827
150.80930660000013,0.0,0.0,0.0,-6.983305001903435e-05,0.0002684142246428693,-0.0633537553945657
150.85572449999745,0.0,0.0,0.0,-0.00012815535819873835,-0.000537489428019629,-0.07070583739147955
150.90679459999956,0.0,0.0,0.0,-0.00015097570774653905,-0.000682228870744205,-0.0811647281586248
150.9597442000013,0.0,0.0,0.0,-0.00014702805500229463,0.001599197091687443,-0.09927386050156832
151.00832169999921,0.0,0.0,0.0,2.2693971771010802e-05,0.008709714893378092,-0.08725376075235526
151.05586590000166,0.0,0.0,0.0,-0.00012130323951432381,-0.00021664190369246006,-0.07023653535288726
151.10625269999582,0.0,0.0,0.0,-1.6352068340544434e-05,0.0014666334752738357,-0.0528919479086086
151.15872259999742,0.0,0.0,0.0,-1.3845897384753743e-05,-0.00022696394703244856,-0.03307900954109966
151.2083328000008,0.0,0.0,0.0,3.135581838542719e-05,0.00039879152454147645,-0.01222354767230915
151.25890960000106,0.0,0.0,0.0,-1.846046710173282e-05,-0.0008580828193461393,0.007757292771996759
151.3074723000027,0.0,0.0,0.0,3.0019305259057816e-05,-1.8760879007624426e-05,0.02932235956265796
151.35596259999875,0.0,0.0,0.0,3.567157387576667e-05,-0.0005190108597833416,0.05250769187501594
151.40768730000127,0.0,0.0,0.0,8.080041066047509e-05,-0.0016641804069112182,0.06664181253256447
151.45988429999852,0.0,0.0,0.0,-7.709814769728231e-05,-0.011528001747549536,0.007654847336375578
151.5075768999959,0.0,0.0,0.0,-1.2052293424419242e-05,-0.001720005738643297,4.799325921346032e-05
151.556591200002,0.0,0.0,0.0,4.422174101623562e-06,0.00010858359250898862,8.538159716872396e-05
151.6082122000007,0.0,0.0,0.0,2.9454214794177214e-06,7.707763787312789e-06,8.063630997786161e-05
151.6646993999966,0.0,0.0,0.0,1.5002797418504547e-06,9.864108281084849e-08,7.599759611694775e-05
151.70915889999742,0.0,0.0,0.0,7.588506667095906e-07,4.43281911235252e-07,7.343372727839461e-05
151.75791279999976,0.0,0.0,0.0,4.030551620663705e-07,2.1896009939054332e-07,7.211096103326383e-05
151.8138433999993,0.0,0.0,0.0,2.3752583668167737e-07,1.048264275126655e-07,7.146579381095551e-05
151.86841959999583,0.0,0.0,0.0,1.6133252113092526e-07,5.4702404035188646e-08,7.116002592014807e-05
151.92057119999663,0.0,0.0,0.0,1.263724919379478e-07,3.052408958390428e-08,7.101691129048701e-05
151.9615386000005,0.0,0.0,0.0,1.1034948208333604e-07,1.878688933515484e-08,7.095001539199736e-05
152.01311200000055,0.0,0.0,0.0,1.030730482997379e-07,1.4682640550350634e-08,7.091838185812763e-05
152.06276159999834,0.0,0.0,0.0,9.971012738132265e-08,1.1705916836122775e-08,7.090296371544778e-05
152.11090469999908,0.0,0.0,0.0,9.818403107676157e-08,1.0661243858438497e-08,7.089502637418904e-05
152.15693109999847,0.0,0.0,0.0,9.751092032900007e-08,1.0567029267088084e-08,7.08904101337685e-05
152.2080272000021,0.0,0.0,0.0,9.715189631077767e-08,9.460762203956544e-09,7.088743353715233e-05
152.25963149999734,0.0,0.0,0.0,9.699685803632589e-08,8.920550714513354e-09,7.088512970052408e-05
152.30773390000104,0.0,0.0,0.0,9.69460729350799e-08,9.442862834720499e-09,7.088307656696286e-05
152.35750230000122,0.0,0.0,0.0,9.690078722263574e-08,8.920225382448872e-09,7.088117384228649e-05
152.4101942999987,0.0,0.0,0.0,9.686073095755747e-08,8.456368728150864e-09,7.08793976030111e-05
152.4568935999996,0.0,0.0,0.0,9.686170693804177e-08,8.491396509065048e-09,7.087756393215117e-05
152.5102098999996,0.0,0.0,0.0,9.684726331612288e-08,8.670177193617351e-09,7.087589286595865e-05
152.55739170000015,0.0,0.0,0.0,9.684534043918097e-08,8.485558377068306e-09,7.087416398453029e-05
152.60755770000105,0.0,0.0,0.0,9.681427000216893e-08,7.404495522261892e-09,7.087249220611705e-05
152.6571083000017,0.0,0.0,0.0,9.680847327651848e-08,7.533622741976531e-09,7.087080070895575e-05
152.70964690000255,0.0,0.0,0.0,9.682635925261125e-08,7.780927758433427e-09,7.086905712803982e-05
152.76458309999725,0.0,0.0,0.0,9.679543766478853e-08,7.115818277997129e-09,7.086735481291039e-05
152.80756499999552,0.0,0.0,0.0,9.678442619351573e-08,7.099234480089161e-09,7.086565424100827e-05
152.85786109999754,0.0,0.0,0.0,9.678181312881927e-08,6.9481179040134985e-09,7.086388959447808e-05
152.9078298999957,0.0,0.0,0.0,9.681379832823111e-08,7.902168618775942e-09,7.086217062029872e-05
152.95790190000116,0.0,0.0,0.0,9.675609437583677e-08,6.268310936522183e-09,7.086056551797403e-05
153.00687140000082,0.0,0.0,0.0,9.675949053649037e-08,6.204612352122669e-09,7.085887902252777e-05
153.05764339999587,0.0,0.0,0.0,9.675292996321821e-08,6.245032269571324e-09,7.085724386767298e-05
153.10723529999814,0.0,0.0,0.0,9.673972312201194e-08,5.97647646989067e-09,7.08555706019458e-05
153.1606799000001,0.0,0.0,0.0,9.675996395831402e-08,6.538895888032935e-09,7.085393783893896e-05
153.20791939999617,0.0,0.0,0.0,9.671966847343895e-08,5.208878245147308e-09,7.08522538790217e-05
153.25655669999833,0.0,0.0,0.0,9.671904607545114e-08,5.469646088350563e-09,7.085060722308205e-05
153.3081607999993,0.0,0.0,0.0,9.670833848603741e-08,5.21762536949227e-09,7.084898871978273e-05
153.3598146000004,0.0,0.0,0.0,9.672670378341881e-08,5.4038223367856445e-09,7.084726032622644e-05
153.40784139999596,0.0,0.0,0.0,9.671157651093695e-08,5.51914762930333e-09,7.084570299291557e-05
153.45821389999765,0.0,0.0,0.0,9.667640173298329e-08,4.219858176138067e-09,7.084411165782651e-05
153.50795669999934,0.0,0.0,0.0,9.667964539667283e-08,4.138113753152108e-09,7.084240153960086e-05
153.55659960000048,0.0,0.0,0.0,9.671350780862593e-08,5.404617299815593e-09,7.084077412460759e-05
153.60741399999824,0.0,0.0,0.0,9.665201495237369e-08,3.5565411286371836e-09,7.083921595003789e-05
153.65558169999713,0.0,0.0,0.0,9.668334207997364e-08,4.452746659760727e-09,7.083757047442295e-05
153.70781089999946,0.0,0.0,0.0,9.665136509545365e-08,3.631528770232615e-09,7.08359500377872e-05
153.75746020000224,0.0,0.0,0.0,9.666729276534598e-08,4.0568126780942384e-09,7.083430498991138e-05
153.81248329999653,0.0,0.0,0.0,9.663988390896005e-08,3.3833859555649024e-09,7.083278990506296e-05
153.8585071999987,0.0,0.0,0.0,9.660874654170648e-08,2.239883203864779e-09,7.083119555690174e-05
153.90812030000234,0.0,0.0,0.0,9.666846745651627e-08,4.1438042674856215e-09,7.08295426456862e-05
153.95642809999845,0.0,0.0,0.0,9.660500792899718e-08,2.242794740824533e-09,7.082803694114144e-05
154.0082190999965,0.0,0.0,0.0,9.664457518114292e-08,3.3733619616549366e-09,7.082642909701126e-05
154.05731299999752,0.0,0.0,0.0,9.66087501134641e-08,2.523365762091455e-09,7.082492981919992e-05
154.1060559999969,0.0,0.0,0.0,9.659516854457315e-08,1.8273566678552607e-09,7.082334215926644e-05
154.1576516999994,0.0,0.0,0.0,1.413365268122339e-07,-3.807663624173941e-07,6.998806307777661e-05
154.2074072999967,0.0,0.0,0.0,1.7120087464392387e-06,1.8472874809022455e-05,0.00010629810557004503
154.25648469999578,0.0,0.0,0.0,1.802927776575745e-07,3.7772785892468343e-06,0.00010202170551431113
154.30769119999604,0.0,0.0,0.0,-7.724412700270922e-08,-5.368516135550447e-07,8.351297157813184e-05
154.35824349999893,0.0,0.0,0.0,4.4131798450645605e-09,-5.6625268779151494e-08,8.200006561409975e-05
154.40679850000015,0.0,0.0,0.0,4.584399528785597e-08,-1.139063994661618e-09,8.21427704062216e-05
154.45843759999843,0.0,0.0,0.0,6.040603350620642e-08,2.3695785198285553e-08,8.229555666698506e-05
154.50614900000073,0.0,0.0,0.0,6.506921675666152e-08,3.102523472190981e-08,8.236838616033682e-05
154.55780850000156,0.0,0.0,0.0,6.646316381211121e-08,3.2618870575027316e-08,8.240032700009167e-05
154.60645149999618,0.0,0.0,0.0,6.680917190585093e-08,3.1323642333513236e-08,8.241601454233327e-05
154.65900159999728,0.0,0.0,0.0,6.687992918532566e-08,3.1393874541032246e-08,8.24260172300576e-05
154.7055853999991,0.0,0.0,0.0,6.6799289601293e-08,2.985367479772476e-08,8.243439777384253e-05
154.7580311999991,0.0,0.0,0.0,6.67388009009428e-08,2.8964726084465398e-08,8.244256708206605e-05
154.80841620000137,0.0,0.0,0.0,6.666227328587473e-08,2.9135008995224457e-08,8.24511696825887e-05
154.86872819999553,0.0,0.0,0.0,6.655654210385222e-08,2.833167205532862e-08,8.246045908113925e-05
154.91266789999645,0.0,0.0,0.0,4.4664413657184095e-07,-2.206247122148269e-06,8.077035078025693e-05
154.95719850000023,0.0,0.0,0.0,3.316204864349462e-07,-1.542091764240165e-05,5.880576060888895e-05
155.0070479999995,0.0,0.0,0.0,2.1161934917021279e-07,-6.556088506260892e-07,6.889546133853921e-05
155.05811739999626,0.0,0.0,0.0,9.616106802241309e-08,-7.956352362018453e-08,7.042045325600825e-05
155.10663109999587,0.0,0.0,0.0,7.818938423399409e-08,-6.412575383136109e-09,7.055243223891362e-05
155.157947599997,0.0,0.0,0.0,7.610657164725574e-08,8.43035820064064e-09,7.05891905652884e-05
155.20798079999804,0.0,0.0,0.0,7.636371365788369e-08,8.55431803180894e-09,7.061049024239336e-05
155.25848849999602,0.0,0.0,0.0,7.668570242505304e-08,5.503331740477403e-09,7.062141822306626e-05
155.30909119999706,0.0,0.0,0.0,7.697129026529657e-08,5.137065712468987e-09,7.062528651100663e-05
155.3564957999988,0.0,0.0,0.0,7.711529380425841e-08,4.9102012288610895e-09,7.062532189573347e-05
155.40820689999964,0.0,0.0,0.0,7.718443848522397e-08,3.4907922166811442e-09,7.062319760311694e-05
155.45757919999596,0.0,0.0,0.0,7.724070821775622e-08,3.768676839434755e-09,7.06199772251326e-05
155.5079063000012,0.0,0.0,0.0,7.726512728724808e-08,3.526119421389082e-09,7.061635313053393e-05
155.56337869999697,0.0,0.0,0.0,7.726221541873892e-08,2.372078882319765e-09,7.061242293923333e-05
155.6110314999969,0.0,0.0,0.0,7.726841497687433e-08,1.8863051987089613e-09,7.060846092383927e-05
155.66118740000093,0.0,0.0,0.0,7.727794412855343e-08,1.778849605295919e-09,7.060449697131485e-05
155.7120509000015,0.0,0.0,0.0,7.729164101615712e-08,1.3071806808327518e-09,7.060048347762699e-05
155.75882969999657,0.0,0.0,0.0,7.72964831621153e-08,1.2167286910922597e-09,7.059646200807398e-05
155.81123669999943,0.0,0.0,0.0,7.726877772202494e-08,-4.332460277554134e-10,7.059240340371669e-05
155.85720199999923,0.0,0.0,0.0,7.730949827491971e-08,3.015960584496644e-10,7.058828414282409e-05
155.90974769999593,0.0,0.0,0.0,7.72794389332696e-08,-8.656998280320575e-10,7.058442139334547e-05
155.96673649999866,0.0,0.0,0.0,7.729475620019196e-08,-1.2013245615027123e-09,7.058044540449293e-05
156.00736170000164,0.0,0.0,0.0,7.730204674096774e-08,-1.4527102566617288e-09,7.05765270620697e-05
156.06281799999852,0.0,0.0,0.0,7.73064547040282e-08,-1.786673682048843e-09,7.057255652412481e-05
156.11477799999557,0.0,0.0,0.0,7.732011390365871e-08,-1.7707902685571356e-09,7.056860639266603e-05
156.16340839999611,0.0,0.0,0.0,7.731531308566155e-08,-2.6189879555108787e-09,7.05647111666142e-05
156.21333669999876,0.0,0.0,0.0,7.72837363112612e-08,-3.924089262718568e-09,7.056087545499706e-05
156.26733070000046,0.0,0.0,0.0,7.73238638925424e-08,-3.1406898167548078e-09,7.055698830653406e-05
156.3184390000024,0.0,0.0,0.0,7.728959180577099e-08,-4.707277555747149e-09,7.055320108423852e-05
156.36895740000182,0.0,0.0,0.0,7.731593904772806e-08,-4.463778463268093e-09,7.054938336211278e-05
156.4105955999985,0.0,0.0,0.0,7.733536322457463e-08,-4.402520207066424e-09,7.054553034299601e-05
156.4662520999991,0.0,0.0,0.0,7.730199860333296e-08,-5.849067612626383e-09,7.054173369639716e-05
156.51405710000108,0.0,0.0,0.0,7.732616196504943e-08,-5.707036043209196e-09,7.053795775676296e-05
156.5626706999974,0.0,0.0,0.0,7.729003911988558e-08,-6.924741291176999e-09,7.053427217359054e-05
156.61170689999562,0.0,0.0,0.0,7.731584935503623e-08,-6.865538866041011e-09,7.053049898495447e-05
156.65940039999987,0.0,0.0,0.0,7.735948331115913e-08,-5.973705513764321e-09,7.052675872011032e-05
156.71182399999816,0.0,0.0,0.0,7.730835381785008e-08,-7.972671300172832e-09,7.052308575508304e-05
156.76011819999985,0.0,0.0,0.0,7.729263119735075e-08,-8.885209136375475e-09,7.05194209032596e-05
156.8093841000009,0.0,0.0,0.0,7.730875325611616e-08,-8.775336721725832e-09,7.051576022852202e-05
156.86208749999787,0.0,0.0,0.0,7.733886956846868e-08,-8.439563903340481e-09,7.05120671302908e-05
156.91087929999776,0.0,0.0,0.0,7.72990141832243e-08,-9.901057940228706e-09,7.050848564468698e-05
156.9585589999988,0.0,0.0,0.0,7.73210312029687e-08,-9.914127831140742e-09,7.050487811762529e-05
157.01242230000207,0.0,0.0,0.0,7.733285236751482e-08,-9.694930309784929e-09,7.050133597831373e-05
157.0621661999976,0.0,0.0,0.0,7.732294426603674e-08,-1.0716226315955036e-08,7.04977702424751e-05
157.10929079999914,0.0,0.0,0.0,7.727146331068119e-08,-1.2613782427639512e-08,7.049429118105665e-05
157.1584006999983,0.0,0.0,0.0,7.732267753957262e-08,-1.1397277101260115e-08,7.049078653348533e-05
157.2111503999986,0.0,0.0,0.0,7.733088078561567e-08,-1.1494451627643958e-08,7.048727147046101e-05
157.25954079999792,0.0,0.0,0.0,7.732173746802923e-08,-1.241366444230036e-08,7.048379410162198e-05
157.30695150000247,0.0,0.0,0.0,7.730697454049382e-08,-1.2983251747215854e-08,7.048038538386519e-05
157.3574202000018,0.0,0.0,0.0,7.731037314057918e-08,-1.350219750665867e-08,7.047693464665091e-05
157.40867440000147,0.0,0.0,0.0,7.729209752802137e-08,-1.4493388372865125e-08,7.047348136613883e-05
157.45946689999982,0.0,0.0,0.0,7.732912384525279e-08,-1.3365967939181208e-08,7.047012326842288e-05
157.50794850000239,0.0,0.0,0.0,7.729020467399326e-08,-1.5384269030988224e-08,7.046677413526822e-05
157.5583184999996,0.0,0.0,0.0,7.730643513243094e-08,-1.5022884332303384e-08,7.046344581655749e-05
157.60819020000054,0.0,0.0,0.0,7.729793950260987e-08,-1.571697238719504e-08,7.04601604333268e-05
157.66151289999834,0.0,0.0,0.0,7.732249790414087e-08,-1.5520380588461394e-08,7.045680145331137e-05
157.72036619999562,0.0,0.0,0.0,7.72646720457774e-08,-1.7395771979859084e-08,7.045354054176005e-05
157.7655597999983,0.0,0.0,0.0,7.731210185614168e-08,-1.6546880802123205e-08,7.045020455888535e-05
157.81693419999647,0.0,0.0,0.0,7.729000148924754e-08,-1.7408524576844648e-08,7.044692379099906e-05
157.86503660000017,0.0,0.0,0.0,7.728849047758013e-08,-1.7801327394338137e-08,7.04436515202645e-05
157.91566369999782,0.0,0.0,0.0,7.728335838884005e-08,-1.828891280706883e-08,7.04403973691165e-05
157.96872969999822,0.0,0.0,0.0,7.727353959415116e-08,-1.883176682569504e-08,7.04372543645371e-05
158.01352799999586,0.0,0.0,0.0,7.729379930825274e-08,-1.891823491181768e-08,7.043407441456526e-05
158.06922730000224,0.0,0.0,0.0,7.726625215781533e-08,-1.9748068325561978e-08,7.043092158489606e-05
158.1192239000011,0.0,0.0,0.0,7.727235570308548e-08,-2.0222416971574227e-08,7.04277525207593e-05
158.16487570000027,0.0,0.0,0.0,7.727495299393045e-08,-2.0330445455003435e-08,7.042464213888505e-05
158.21969259999605,0.0,0.0,0.0,7.726130438976775e-08,-2.1155709170599547e-08,7.042150936329233e-05
158.2659990999964,0.0,0.0,0.0,7.723216746533267e-08,-2.1947733499323785e-08,7.041853750627602e-05
158.3184242999996,0.0,0.0,0.0,7.72760968759798e-08,-2.1428139936507492e-08,7.041542292380689e-05
158.36527650000062,0.0,0.0,0.0,7.726136998136674e-08,-2.1904666234599032e-08,7.041241872181247e-05
158.41716930000257,0.0,0.0,0.0,7.725525354163107e-08,-2.2386104972655814e-08,7.040934593349464e-05
158.46634520000225,0.0,0.0,0.0,7.720869688081497e-08,-2.4158951916514126e-08,7.040644081815715e-05
158.51712369999586,0.0,0.0,0.0,7.727550003607666e-08,-2.2549429077025547e-08,7.040340303637624e-05
158.56417510000028,0.0,0.0,0.0,7.720499610283992e-08,-2.4901319759707412e-08,7.040049337840882e-05
158.6156684000016,0.0,0.0,0.0,7.72353763890465e-08,-2.421868435739358e-08,7.039756726236231e-05
158.66414039999654,0.0,0.0,0.0,7.723480978647087e-08,-2.4712776657185655e-08,7.039462927093541e-05
158.71937819999584,0.0,0.0,0.0,7.721753460708631e-08,-2.525923615928997e-08,7.039178931951207e-05
158.76327740000124,0.0,0.0,0.0,7.720686618234612e-08,-2.6025483887027558e-08,7.038886022850973e-05
158.81492810000054,0.0,0.0,0.0,0.00030507530111980474,0.0011667856182848374,0.11479179262217248
158.86473229999683,0.0,0.0,0.0,0.0005712338266337222,-0.00016574653702364103,0.2779402155351086
158.91520930000115,0.0,0.0,0.0,0.0007292674957454094,-0.0008216582681771713,0.4164385742706794
158.96657840000262,0.0,0.0,0.0,0.0009821354937822244,-0.0014220675771675077,0.5566979528572148
159.0163900999978,0.0,0.0,0.0,0.0013905385686832695,-0.0012179301620330865,0.7202274151844497
159.06377509999584,0.0,0.0,0.0,0.0021286467330364238,0.000947956033636266,0.9180124938887292
159.11439119999704,0.0,0.0,0.0,0.0016820804456287354,0.003029614331203773,1.1693092301833201
159.16987140000128,0.0,0.0,0.0,0.0025035622745981975,-0.0008884906451312312,1.453746348491416
159.21645210000133,0.0,0.0,0.0,0.002985297154456893,-0.0028947567006102617,1.528000881183118
159.2639610999977,0.0,0.0,0.0,0.0028649580872251675,-0.0005442048958403838,1.4421161964313902
159.31413379999867,0.0,0.0,0.0,0.0028659665173289034,-0.006765938415973862,1.3366665386511096
159.36553619999904,0.0,0.0,0.0,0.0025513943054134712,-0.0003278303723111382,1.205751961642847
159.41392169999745,0.0,0.0,0.0,0.0022522996840436643,0.004201183083899121,1.095506800784394
159.46487180000258,0.0,0.0,0.0,0.002204931269160956,-0.0018467463656565244,1.0177267019344767
159.5132639000003,0.0,0.0,0.0,0.0016747661736732254,0.0018721012727298705,0.9435361429137901
159.56841249999707,0.0,0.0,0.0,0.002055632861048266,-0.0015468648893310507,0.8801346575750779
159.61220830000093,0.0,0.0,0.0,0.0018135441721563086,-0.002860908731433463,0.8174584955874965
159.6677966999996,0.0,0.0,0.0,0.0017039170843481171,-0.00012119381543789237,0.7602175547108553
159.71512860000075,0.0,0.0,0.0,0.0019391065916765408,-0.002929172127234058,0.7347164854621856
159.76607389999845,0.0,0.0,0.0,0.0015969024869391347,0.0024447876582462513,0.7411191805334629
159.81477879999875,0.0,0.0,0.0,0.0020425712215901555,-0.007292533118757822,0.7293238194448735
159.8689153000014,0.0,0.0,0.0,0.0024955549675922013,0.0013253890078449339,0.7079815498395012
159.91489600000205,0.0,0.0,0.0,0.001292834924251186,0.004527094031013412,0.728292145012269
159.96406679999927,0.0,0.0,0.0,0.00179235209004104,0.0038191621822410062,0.7603576511275857
160.01727769999707,0.0,0.0,0.0,0.001663082584071043,-0.002841898851583845,0.8017133542687677
160.06594609999593,0.0,0.0,0.0,0.002234709560220574,0.0009267652703748555,0.8069233844116073
160.1145355999979,0.0,0.0,0.0,0.001962878524042483,0.0024014492248374,0.7444671140823209
160.16656800000055,0.0,0.0,0.0,0.0015079162430953262,0.0008372082451667106,0.6206008636989797
160.217839500001,0.0,0.0,0.0,0.0005189602657085389,-0.0007340318177381945,0.45764956581049687
160.2673752999981,0.0,0.0,0.0,0.0013291091803819973,0.007016946275209512,0.35315364597890025
160.31600459999754,0.0,0.0,0.0,-0.00020232131991811163,0.0031494421611054993,0.3906385457260585
160.3679340000017,0.0,0.0,0.0,0.000821162208826527,-0.000983243483441385,0.5231517313663308
160.4170718999958,0.0,0.0,0.0,0.0006677106308338822,0.013238519328516933,0.6056267056203339
160.46409400000266,0.0,0.0,0.0,0.0006732449025260024,0.002087333809605014,0.6297428433729712
160.51690579999558,0.0,0.0,0.0,0.000496040025311186,0.00025242366369265,0.6665490388819866
160.56766329999664,0.0,0.0,0.0,0.0006951811319621519,-0.0002954486361858897,0.6956489620696169
160.61477049999667,0.0,0.0,0.0,0.0005455906252884886,-0.0008807615998234131,0.6818233779981675
160.67019559999608,0.0,0.0,0.0,0.0005473421445120063,-0.00047012867654056987,0.6445232632828164
160.71541179999622,0.0,0.0,0.0,0.00014387408237375107,-0.0019109111446635866,0.5925350381660245
160.7654576999994,0.0,0.0,0.0,0.000703496507455103,-0.0014599221227620993,0.5314884392495814
160.8137910000005,0.0,0.0,0.0,0.0011531164935172078,-0.011774041611955204,0.606526690718048
160.8642491999999,0.0,0.0,0.0,0.002004580561602507,-0.0022699969477574127,0.8281250186019329
160.91482600000018,0.0,0.0,0.0,0.001882845216783661,0.00257095441404619,1.069590826295846
160.96462279999832,0.0,0.0,0.0,0.0024497738436777172,0.004375793368504086,1.3447897192170122
161.01694029999635,0.0,0.0,0.0,0.0020257185459213057,-3.168880856914404e-05,1.5524659552284972
161.06618760000129,0.0,0.0,0.0,0.0025773274121489924,-0.0016966384962724941,1.770627467311931
161.11578059999738,0.0,0.0,0.0,0.0030110809796496814,-0.0020164613678510944,1.8853408364158515
161.16356899999664,0.0,0.0,0.0,0.0032371068384342396,0.00017831532437540188,1.87841847959918
161.2164616000009,0.0,0.0,0.0,0.004099967533320358,-0.00555954242471028,1.8682488865389149
161.2645596000002,0.0,0.0,0.0,0.00342445431446798,0.002331855713416396,1.8830386321867318
161.31665169999906,0.0,0.0,0.0,0.0034671267905447365,0.00017167116980385577,1.8828327816292336
161.36445979999553,0.0,0.0,0.0,0.0034088059415860366,1.6935689686360058e-05,1.8847640785084425
161.41362549999758,0.0,0.0,0.0,0.003176307532854546,0.0014991123528441802,1.8847124871893086
161.4677098999964,0.0,0.0,0.0,0.003419222484091828,-0.0018110592724839502,1.8823566868332304
161.51658709999901,0.0,0.0,0.0,0.004290125985886814,-0.0014000782479267032,1.8824871364627185
161.56546099999832,0.0,0.0,0.0,0.0034350897764441057,0.003265129601838562,1.8824544565195611
161.61735200000112,0.0,0.0,0.0,0.0033110360561467316,-0.0016860635896536855,1.8820542373051332
161.66535470000235,0.0,0.0,0.0,0.003496333806317962,-0.002957371539047661,1.8072497564914192
161.71698260000267,0.0,0.0,0.0,0.0033609648512526254,-0.0002391106453150758,1.6978931982595427
161.76324190000014,0.0,0.0,0.0,0.0032175954944496155,0.0004071169426949632,1.572699476699321
161.81482890000188,0.0,0.0,0.0,0.003045172614043507,0.001089934664962466,1.4619929470920636
161.86500030000025,0.0,0.0,0.0,0.0027416070782769588,-0.00039071828731015643,1.3661521042166822
161.91787779999868,0.0,0.0,0.0,0.0027163828981319653,-0.0024262784192327336,1.2710222269519236
161.96710119999625,0.0,0.0,0.0,0.002481336476607725,0.0006049111082029896,1.179164158019062
162.01544979999744,0.0,0.0,0.0,0.002212042264066375,0.0008154806542878009,1.1048518406946246
162.06505169999582,0.0,0.0,0.0,0.0020465203542565395,0.0020496263617779185,1.0324944723430136
162.12149079999654,0.0,0.0,0.0,0.001969609093204995,-0.0012041594796517005,0.9635815089128588
162.16706870000053,0.0,0.0,0.0,0.00178159149596338,0.00023193288201805903,0.9058985829409549
162.215999,0.0,0.0,0.0,0.0020027539763316686,-0.005236693130042169,0.8459578819027612
162.26562810000178,0.0,0.0,0.0,0.0018192231593116802,-1.195435969216748e-05,0.7865832323798007
162.31386719999864,0.0,0.0,0.0,0.0016551082166349226,-0.0001336155717051657,0.7425183274885194
162.36551560000225,0.0,0.0,0.0,0.0020357421643316365,-0.002501926059633313,0.7186229421824242
162.4150421000013,0.0,0.0,0.0,0.0013523600488255638,0.0023962324102308097,0.683436753848589
162.46643870000116,0.0,0.0,0.0,0.001967371703641374,-0.006124510295659727,0.6763080723165426
162.5141844000027,0.0,0.0,0.0,0.0016464292948314462,0.0025901443066207713,0.6583028331020471
162.56482200000028,0.0,0.0,0.0,0.0015878483427290246,0.0014984562640281114,0.6510370065556575
162.61585229999764,0.0,0.0,0.0,0.0013980644617881252,0.002226593244326063,0.6497468716650125
162.6657808000018,0.0,0.0,0.0,0.0014072155620747213,-0.002605984140528087,0.6575445267231234
162.7142287999959,0.0,0.0,0.0,0.0014770431327608394,-0.004599465840935599,0.6520522484133595
162.76755830000184,0.0,0.0,0.0,0.0012452401988014138,0.006889972902782101,0.5702087995558095
162.8151493999976,0.0,0.0,0.0,0.0005578982938851881,0.003809596639763509,0.43384870480812404
162.8645456000013,0.0,0.0,0.0,0.0005966825323691011,0.0028841535451915356,0.25869534759602525
162.91552159999992,0.0,0.0,0.0,0.0002878259241985393,0.01889875793771814,0.15820780104614768
162.96616160000121,0.0,0.0,0.0,0.00013573650580236217,0.000600587574273938,0.13443503640623122
163.01582469999994,0.0,0.0,0.0,5.536559907264225e-06,0.0010330426258703307,0.10672362672939431
163.06732299999567,0.0,0.0,0.0,6.211798218508469e-05,-7.387264260671269e-05,0.08327855972220076
163.1146688000008,0.0,0.0,0.0,0.00010137531794073718,-0.0015727692048556777,0.05849201637848017
163.1676402000012,0.0,0.0,0.0,2.1941027507034528e-05,0.00012304120470844508,0.034537994560245415
163.21720679999999,0.0,0.0,0.0,2.7874187835518364e-05,-0.00044752110976211323,0.013889440613326849
163.26460009999573,0.0,0.0,0.0,-4.239073597611226e-05,-0.007495018855851868,0.0013909916594868387
163.31467310000153,0.0,0.0,0.0,-1.3422548025168553e-06,-0.0007896729023296389,0.00013718153076115608
163.36585809999815,0.0,0.0,0.0,4.509004182799067e-05,0.002960432762392374,4.1599466984619105e-05
163.41820819999703,0.0,0.0,0.0,1.4698053279133611e-05,0.0011312717698078525,1.876700133023096e-05
163.46492379999836,0.0,0.0,0.0,-1.0442728417768361e-05,-0.001037858908056316,-3.621017195413419e-05
163.51419789999636,0.0,0.0,0.0,-7.641699737434081e-06,-0.00048680061719612246,-7.05326025534712e-05
163.56930750000174,0.0,0.0,0.0,1.8050761713387174e-05,0.0014144179739141514,-3.8332824770798294e-05
163.61714019999636,0.0,0.0,0.0,4.226898788540049e-06,0.00022423063412716464,-4.074653130077739e-05
163.66536869999982,0.0,0.0,0.0,-1.5234385751473856e-05,-0.000853045296304932,-6.937440634369597e-05
163.71677649999765,0.0,0.0,0.0,-2.5850848127104578e-06,-0.0002951168878805156,-5.6786993989878675e-05
163.76412600000185,0.0,0.0,0.0,-1.3885441033143809e-06,-1.2088370578485504e-05,-5.7060763873508785e-05
163.81389050000143,0.0,0.0,0.0,-1.1312006385316646e-05,-0.0008838217521185763,-7.779090874449694e-05
163.86741959999927,0.0,0.0,0.0,8.460308375337166e-06,0.0006916756004051405,-4.5538660739914554e-05
163.91642169999977,0.0,0.0,0.0,8.026688646345415e-06,0.0004968432572364172,-1.228978799145972e-05
163.9638627999957,0.0,0.0,0.0,-2.824964456367302e-06,-0.00037591896396322797,-1.3151273790288187e-05
164.01403199999913,0.0,0.0,0.0,-8.882059744301351e-06,-0.0003464787468823395,-2.51238483488088e-05
164.06655759999558,0.0,0.0,0.0,-7.271081726655324e-07,0.00026953674022138973,-3.259075399408003e-05
164.11330810000072,0.0,0.0,0.0,5.356928008818414e-06,0.0003487820286858655,-2.1616259551769245e-05
164.16421860000264,0.0,0.0,0.0,3.6701718657069497e-06,0.00032905645381801067,-3.572956700725373e-05
164.2145634999979,0.0,0.0,0.0,1.659651140685701e-06,-4.8089505581430325e-05,-1.1448891980231384e-05
164.26619380000193,0.0,0.0,0.0,-3.576636644018951e-06,-0.000382577875841197,1.821442758748899e-05
164.3151194999955,0.0,0.0,0.0,-4.0959907326902625e-06,-5.46758792450931e-05,-6.550429314679654e-05
164.36185309999564,0.0,0.0,0.0,-3.7440946424168123e-06,-0.00031117767985648485,-2.594978851040945e-05
164.41352449999977,0.0,0.0,0.0,-1.6814673010674803e-05,-0.0012978343887319332,-1.202649188486692e-05
164.4632750000019,0.0,0.0,0.0,1.4479734737915006e-05,0.0012149411687639368,-4.962040887925443e-05
164.51534130000073,0.0,0.0,0.0,-7.978378890995402e-06,-0.00076617574383888,-7.115192378613581e-05
164.56863779999549,0.0,0.0,0.0,1.1086295016661904e-05,0.0008962254944720321,-1.3956109284181134e-05
164.6153892000002,0.0,0.0,0.0,7.2895057520456965e-06,0.0006186041626860086,-3.978377824647696e-05
164.6642060000013,0.0,0.0,0.0,-4.332500672362405e-07,-0.0005463805163344732,-7.353340702362768e-06
164.71520710000186,0.0,0.0,0.0,5.497904336238642e-06,0.0004984564700243537,-4.490620561422589e-05
164.7640442999982,0.0,0.0,0.0,-6.751408762057866e-06,-0.0004742254998966892,-2.9958546706805796e-05
164.8145738000021,0.0,0.0,0.0,-2.3791742079736633e-06,-0.00031730252426207325,-4.398202110202932e-05
164.86339910000243,0.0,0.0,0.0,3.2494879692712613e-06,0.0002295281288061095,-2.390178547144394e-05
164.91515000000072,0.0,0.0,0.0,1.6521811647291566e-07,0.0003492839025230997,-1.7831835803491842e-05
164.96302460000152,0.0,0.0,0.0,-1.939259816613651e-05,-0.0014236053553044652,-5.909245158305769e-05
165.01398789999803,0.0,0.0,0.0,1.7596694002839713e-05,0.0016445212777414786,-8.324423833173688e-06
165.06655289999617,0.0,0.0,0.0,-1.9417727504685746e-05,-0.0015279083650035212,2.805614773058513e-06
165.11406120000174,0.0,0.0,0.0,1.1253694114700815e-05,0.0005974058284359163,-3.816332565751941e-06
165.16344099999696,0.0,0.0,0.0,1.725205161982495e-05,0.0011900861453616987,-1.534494024858615e-06
165.2147557999997,0.0,0.0,0.0,2.141304870710726e-06,-0.00018989999733368118,-3.8654180963211924e-05
165.26494229999662,0.0,0.0,0.0,-9.717552095219241e-06,-0.00032251231738413086,-5.8156891217041074e-05
165.3153420000017,0.0,0.0,0.0,-1.0167494558310114e-06,8.562625859227025e-05,-7.795885670951056e-05
165.36374519999663,0.0,0.0,0.0,2.1060499439859496e-06,-0.0001541024678983386,-5.8295992304009276e-05
165.41243579999718,0.0,0.0,0.0,5.961363916192668e-06,0.0007056488392983571,-7.033826613179716e-05
165.4638857999962,0.0,0.0,0.0,-5.415639345677826e-06,-0.0008489838854598875,-5.218043941518531e-05
165.51650179999706,0.0,0.0,0.0,1.644395966853059e-05,0.000922155515042741,-4.366449561399885e-05
165.56358529999852,0.0,0.0,0.0,-1.2526731854714875e-05,-0.0008496635954270896,-2.588272966523754e-05
165.61479159999726,0.0,0.0,0.0,-5.837329784315334e-07,0.00021007023411371027,-2.6986691294089397e-06
165.66524560000107,0.0,0.0,0.0,-6.642989438218598e-06,-0.00026095023658065397,3.9013681983886614e-05
165.71463909999875,0.0,0.0,0.0,-1.1102777527709981e-05,-0.0006476515452904241,2.2183864491295878e-05
165.76709979999578,0.0,0.0,0.0,6.085554956675649e-06,0.0005445476814023195,1.440613607802465e-05
165.81179829999746,0.0,0.0,0.0,-4.543966727891972e-06,-0.0005132188175034986,2.3912589687560955e-05
165.86599769999884,0.0,0.0,0.0,-3.175064410725432e-06,-0.0005335055365447211,5.230693078699619e-06
165.91506149999623,0.0,0.0,0.0,8.794784156124986e-06,0.0007828455981321316,4.395756019440747e-05
165.96405129999766,0.0,0.0,0.0,4.012873713021045e-06,0.0001400615425850999,3.870982759131871e-05
166.01739210000233,0.0,0.0,0.0,-1.411936199165265e-05,-0.0009051532633776947,-9.397619203260634e-07
166.06366049999633,0.0,0.0,0.0,2.035319762257827e-05,0.0012617734199076153,7.72536217692758e-05
166.1139378000007,0.0,0.0,0.0,-8.115549837312676e-06,-0.0005999348403491239,6.383198531753048e-05
166.16426949999732,0.0,0.0,0.0,-1.473169555968974e-05,-0.0005702847885456863,5.521583982871595e-05
166.2173408000017,0.0,0.0,0.0,4.835486589344821e-06,0.00023277733219795942,8.051186933089465e-05
166.26435700000002,0.0,0.0,0.0,7.926888987031787e-06,-7.946434092260724e-05,4.77147701666052e-05
166.31363099999726,0.0,0.0,0.0,1.4986632023329262e-06,-9.343238561033012e-05,8.785429537733772e-05
166.3646235999986,0.0,0.0,0.0,-9.130562791360775e-06,-0.0005070915220062339,9.175904018240925e-05
166.41477479999594,0.0,0.0,0.0,9.75426187826441e-07,0.00022639853510882967,8.715576292815305e-05
166.46315529999993,0.0,0.0,0.0,-1.624282022884955e-05,-0.0010650604526852548,0.00010784463671028853
166.5171302000017,0.0,0.0,0.0,2.3171894259650745e-05,0.0016834530220274208,-8.544215455874357e-05
166.56294759999582,0.0,0.0,0.0,2.9341269699228452e-06,0.00022134250583001627,-5.076573770928707e-05
166.61587249999866,0.0,0.0,0.0,2.04024945537177e-05,0.0015000846526491453,-8.775277975999318e-05
166.66410419999738,0.0,0.0,0.0,-6.426729687577556e-06,-0.0005601641538872264,-6.167428385903226e-05
166.71485450000182,0.0,0.0,0.0,-2.5414275307943836e-06,-0.00029771740415459995,-5.060696999100112e-05
166.76395709999633,0.0,0.0,0.0,-8.063554507134598e-06,-0.0003254983255944504,-7.314706681133715e-05
166.81327020000026,0.0,0.0,0.0,-4.6857349608190636e-06,-0.0004802318312512619,-6.363812545143103e-05
166.86705380000058,0.0,0.0,0.0,5.2939990292567774e-06,0.0005748270912844552,-6.7897970199435e-05
166.9127737000017,0.0,0.0,0.0,8.042030080777889e-06,0.0005714789821203018,-6.750244242908616e-05
166.96399250000104,0.0,0.0,0.0,-2.7570467444564777e-06,7.253505330857932e-05,-3.0204349182114132e-05
167.01902400000108,0.0,0.0,0.0,-2.524596345570368e-05,-0.0014705371423291281,-2.4623457749870914e-05
167.06462569999712,0.0,0.0,0.0,1.472771569845967e-05,0.0009988663893650766,-2.2068129848936846e-05
167.1136561999956,0.0,0.0,0.0,-1.3677336937267922e-06,9.385983181520261e-05,-1.1435619061666522e-05
167.16311629999836,0.0,0.0,0.0,-6.315669026337885e-06,-0.0005216243935209034,-2.7061571762124412e-05
167.2138307999994,0.0,0.0,0.0,-4.711354629786491e-06,-0.00043941970977722633,-3.1937354114536394e-07
167.2671515999973,0.0,0.0,0.0,6.174259890643911e-06,0.00033540338610278295,-2.3262590663925582e-05
167.31518669999787,0.0,0.0,0.0,9.626090795923618e-06,0.0005736201234539844,-4.6827123629711595e-05
167.36537410000165,0.0,0.0,0.0,-1.5163901401049578e-06,-0.0001492289137739311,-4.9402061248109204e-05
167.4149452999991,0.0,0.0,0.0,-4.386466225304748e-06,-0.00026098766578743025,-1.851900071532148e-05
167.46688590000122,0.0,0.0,0.0,1.2260952934152555e-05,0.0010968555845523582,-8.851966418702109e-06
167.51458969999658,0.0,0.0,0.0,-1.710291046953337e-05,-0.0011846309795094107,-2.7147562066167327e-05
167.5645869,0.0,0.0,0.0,5.9564506507455855e-06,0.00011122124645835894,1.5865772200443835e-05
167.61383789999672,0.0,0.0,0.0,8.963458829204515e-06,0.000660777758030288,-2.5506657976871504e-05
167.66439720000199,0.0,0.0,0.0,-9.955021310695088e-06,-0.0009354850707725187,-4.4189949155507276e-05
167.71841180000047,0.0,0.0,0.0,-1.568752211858984e-05,-0.0012031545956334951,-5.3515208188515315e-05
167.76462950000132,0.0,0.0,0.0,5.718333255981425e-06,0.0005430599389376063,-6.716658186206881e-05
167.81407030000264,0.0,0.0,0.0,8.616926105583997e-06,0.00073583162734577,-5.5411711817736903e-05
167.86588259999553,0.0,0.0,0.0,5.553156141261436e-07,0.0003402400607341279,-3.268645285117697e-05
167.91553739999654,0.0,0.0,0.0,6.047311608854837e-06,-0.00016333693943346183,-4.545062375019053e-05
167.96665270000085,0.0,0.0,0.0,-6.400066670693973e-06,-3.7012280254909324e-05,-3.354770523785695e-05
168.01269180000236,0.0,0.0,0.0,8.534372426709846e-06,0.0005661845320445222,-6.280061098262538e-05
168.06508729999769,0.0,0.0,0.0,3.911762689746171e-06,-3.491840505839586e-05,-4.1826753725569394e-05
168.11418070000218,0.0,0.0,0.0,-1.5114738979856441e-05,-0.001038825656361227,-5.438234713876445e-05
168.1637047999975,0.0,0.0,0.0,-1.4164950060837248e-06,-0.0001605503817945582,-7.766647787659341e-05
168.21349689999624,0.0,0.0,0.0,1.7338930221137758e-05,0.0013149060547021957,-6.0326036283456604e-05
168.26325519999955,0.0,0.0,0.0,-2.49307816840002e-06,-0.00027403047731608464,-6.136934388448393e-05
168.31527590000042,0.0,0.0,0.0,-1.3824443486285283e-06,0.00026378372118886055,-1.839404823163162e-05
168.36664349999774,0.0,0.0,0.0,-1.0405449246723331e-05,-0.0003076997487629756,-7.103737015894229e-06
168.4126047999962,0.0,0.0,0.0,4.222667100989279e-06,0.00015476572377659477,-9.908051514285754e-06
168.46637650000048,0.0,0.0,0.0,-3.1746355301326157e-06,-0.0005974292048558145,-5.2377516140664256e-05
168.51480669999728,0.0,0.0,0.0,3.632210793540148e-06,0.0004373028957846604,-5.690810430721438e-05
168.56478929999867,0.0,0.0,0.0,-9.712628284483251e-06,-0.0009840085497019105,-5.042059844603654e-05
168.61290220000228,0.0,0.0,0.0,6.23816860412486e-06,0.0004443884456858314,-1.4323715553552417e-05
168.66469849999703,0.0,0.0,0.0,-6.004625900690262e-06,-0.00023325444911275896,-7.141824798908707e-05
168.7156707999966,0.0,0.0,0.0,-8.050327767866533e-06,-0.0005802399155272789,-7.549411078371745e-05
168.76590150000266,0.0,0.0,0.0,-6.2443536960281076e-06,-0.00039437073326854105,-3.699625491964839e-05
168.81523059999745,0.0,0.0,0.0,1.4040841705614659e-05,0.0008176293664425684,-0.00011264080562126456
168.8649000000005,0.0,0.0,0.0,1.0433198283448578e-05,0.0005906569177029095,-2.2875006850486938e-05
168.91565869999613,0.0,0.0,0.0,3.889443029711525e-06,0.00044639027299644735,7.806819733019788e-06
168.9680479000017,0.0,0.0,0.0,-4.230161782295755e-06,2.5346475628482506e-05,5.617197156262145e-05
169.01377499999944,0.0,0.0,0.0,-6.176362065713254e-06,-0.0006774965844535658,6.40086902483127e-05
169.06455840000126,0.0,0.0,0.0,-2.2164807979413264e-05,-0.0011791038236388424,4.035277675959369e-05
169.1132548999958,0.0,0.0,0.0,3.324067629417411e-05,0.0022880938550446832,4.879512552891552e-05
169.16307740000047,0.0,0.0,0.0,-1.583076764544514e-05,-0.0011156671597938232,-9.006869100626107e-06
169.21457940000255,0.0,0.0,0.0,5.352137449397282e-06,0.0002172557013622669,3.599530358259381e-05
169.26349489999848,0.0,0.0,0.0,-3.5654149744022256e-06,-9.773100438474775e-05,5.994784038877871e-05
169.31582060000073,0.0,0.0,0.0,-1.8229220726851108e-05,-0.0013242571931408335,-9.741366354774648e-07
169.36459530000138,0.0,0.0,0.0,1.910818896780815e-05,0.0016056417510704043,-2.88828643214392e-06
169.41619209999772,0.0,0.0,0.0,-5.821971939316821e-07,-0.0005706887312480789,-1.0432916563565067e-05
169.46773759999633,0.0,0.0,0.0,2.729900991147631e-06,0.00017009770882276616,-0.00010529257469725029
169.5176702999961,0.0,0.0,0.0,1.2570669553066345e-06,0.0002072830116500078,-5.001680861247757e-05
169.56382119999762,0.0,0.0,0.0,-6.6659130650385945e-06,-0.0006983159139635387,-0.00011440369124614838
169.6164706999989,0.0,0.0,0.0,1.6532326096733731e-06,-6.477202311469916e-05,-5.510786008860701e-05
169.66483580000204,0.0,0.0,0.0,1.2045517077771822e-05,0.0012612288483146942,-8.023416658310166e-05
169.71269449999818,0.0,0.0,0.0,-1.5529616060693067e-05,-0.0012093430752238134,2.4034580074560706e-05
169.76535850000073,0.0,0.0,0.0,-4.476436056969412e-06,-0.0002049414880469381,1.8110129056090783e-05
169.81470009999612,0.0,0.0,0.0,4.171493710624728e-06,0.00013768742230236945,4.2902984686915757e-05
169.86535500000173,0.0,0.0,0.0,-1.2739012923874865e-05,-0.0012551229546421635,-6.744358443617022e-05
169.9162142999994,0.0,0.0,0.0,1.9997186643678708e-05,0.001143009958938027,-8.189679398698032e-05
169.96629050000047,0.0,0.0,0.0,-5.143641260871014e-06,0.0003193582131755975,-9.601420507324123e-05
170.01322570000048,0.0,0.0,0.0,1.9411770026163693e-06,-0.0003645723907830486,-2.5306189466681835e-06
170.06844380000257,0.0,0.0,0.0,-1.1814866909375571e-05,-0.001009155614514536,-4.66752081259922e-05
170.11483510000107,0.0,0.0,0.0,-2.9278360377939323e-05,-0.0011214374720979563,-0.00012381466023043925
170.16639659999782,0.0,0.0,0.0,3.33024879232451e-05,0.0018356277388240144,-0.00015873728376174085
170.21508360000007,0.0,0.0,0.0,1.0766269478406008e-05,0.0007705338929270729,-3.5051407600642434e-05
170.26815519999946,0.0,0.0,0.0,1.2406349673424293e-05,0.0013905590192621847,-7.12812152652698e-05
170.31547349999892,0.0,0.0,0.0,-1.992787378440986e-05,-0.0016600556331923641,-6.102014826154351e-05
170.36367230000178,0.0,0.0,0.0,1.7625002533291442e-05,0.001290428565138017,-7.815511800417097e-05
170.41508410000097,0.0,0.0,0.0,2.2407795758337027e-06,0.00020628224451154,-4.168925371101511e-05
170.4678946999993,0.0,0.0,0.0,-3.4865634840653156e-05,-0.0021446383854821305,-5.1917188751717826e-05
170.51262529999804,0.0,0.0,0.0,3.3285701499609626e-05,0.0020027124389384488,-4.109157253284205e-05
170.56468009999662,0.0,0.0,0.0,-0.00047993457031968807,-0.001475280746480968,-0.12184575492508304
170.614442099999,0.0,0.0,0.0,-0.0005145489226197218,-0.004722008172802309,-0.2941299190910154
170.66522429999895,0.0,0.0,0.0,-0.0009735813263227256,-0.00603026559372292,-0.4557563718230662
170.71557200000098,0.0,0.0,0.0,-0.0011883788764592458,0.0004653650775088419,-0.6059911626759428
170.7653008999987,0.0,0.0,0.0,-0.0009762149705022385,0.002959484439890646,-0.6984622957609239
170.81461870000203,0.0,0.0,0.0,-0.0013413652599581665,-0.003085398588954258,-0.755703658640851
170.8645667000019,0.0,0.0,0.0,-0.0013501768292143279,-0.0023359705759484466,-0.8009152920069034
170.91773459999968,0.0,0.0,0.0,-0.0012084200687656902,0.0002278734243527638,-0.8737246889372927
170.96544249999715,0.0,0.0,0.0,-0.0025863821818252913,0.0015286178259162175,-0.9324973413324344
171.01113030000124,0.0,0.0,0.0,-0.0018330008390712775,0.0001778994395302587,-0.9824723044514845
171.06373429999803,0.0,0.0,0.0,-0.0023764329211831666,-0.004171933677117446,-1.0356510169955806
171.11462310000206,0.0,0.0,0.0,-0.002668786554898571,-0.003223781148187403,-1.0931298071256554
171.16121610000118,0.0,0.0,0.0,-0.002881564888745943,-0.0015266283218289644,-1.1533524674822841
171.2098707999976,0.0,0.0,0.0,-0.002832773576202583,0.003069443916684322,-1.1803439626777572
171.25840400000016,0.0,0.0,0.0,-0.001736135224409734,0.0021879207642404677,-1.1657163949784262
171.30928290000156,0.0,0.0,0.0,-0.0048066775916800935,-0.00011432214016648479,-1.108296667316696
171.3580010000005,0.0,0.0,0.0,-0.00035022135891559034,0.006189054568120196,-0.9635797256386079
171.40875960000267,0.0,0.0,0.0,-0.0009275755929702769,0.0019038142893238606,-0.694058883745416
171.45764950000012,0.0,0.0,0.0,-0.00043466986593364363,0.002812886155014742,-0.455784459402738
171.50671599999623,0.0,0.0,0.0,-1.5765983896961973e-05,0.010824379477797089,-0.32702386642238157
171.55970349999552,0.0,0.0,0.0,-0.00018144785448427582,0.0012709978471911673,-0.26736333140718654
171.60539250000147,0.0,0.0,0.0,-0.00010987720572025221,0.0015846867706332103,-0.1918456940607101
171.65700909999578,0.0,0.0,0.0,-1.9992841417684484e-05,-0.00022838490196235275,-0.11983806487653303
171.7080902000016,0.0,0.0,0.0,-4.239269868491925e-05,-0.00037446036339241085,-0.048850291735667906
171.76070679999975,0.0,0.0,0.0,6.400420150253473e-06,-0.000633632333367959,0.020546234610147162
171.80650729999616,0.0,0.0,0.0,4.33981834284206e-05,-0.00026257324856505254,0.07321537130423503
171.85966989999724,0.0,0.0,0.0,5.7339226688933075e-05,-0.0007033588211930076,0.0785667371994575
171.90664549999929,0.0,0.0,0.0,-0.0001419797893520138,-0.012296685615806074,0.01688154638921714
171.95742769999924,0.0,0.0,0.0,-1.6793965019946094e-05,-0.0019904163413364926,0.0034613371402955357
172.00701309999567,0.0,0.0,0.0,1.2071252414640022e-05,9.885480831863959e-05,0.00142547346050836
172.05700439999782,0.0,0.0,0.0,4.304639104659986e-06,-1.1284737038783811e-05,0.0005037697878070625
172.11288390000118,0.0,0.0,0.0,1.4717340534477285e-06,-5.631150643348048e-06,0.00016709664107115107
172.15978779999568,0.0,0.0,0.0,5.34113920339772e-07,-2.621350520369288e-06,5.5243740024993866e-05
172.20814940000128,0.0,0.0,0.0,3.9255229316934074e-07,-8.001083653830674e-07,1.9960065036694558e-05
172.25652380000247,0.0,0.0,0.0,-4.1603804068174456e-08,5.08810748450704e-07,9.205885288810429e-06
172.30844259999867,0.0,0.0,0.0,-2.2219476617641625e-07,1.7228650170294825e-08,6.012858535438782e-06
172.35942179999984,0.0,0.0,0.0,1.8051493181931238e-07,4.6524022490075683e-07,5.17634297806257e-06
172.40877689999616,0.0,0.0,0.0,3.2543419677872904e-08,-5.49770105949269e-07,4.814612587445049e-06
172.45996239999658,0.0,0.0,0.0,-3.536990155375564e-07,5.148019911258475e-07,4.732832825065838e-06
172.5088246000014,0.0,0.0,0.0,2.3519768377272754e-07,4.2928844635671647e-07,4.552889009699823e-06
172.5579529999959,0.0,0.0,0.0,-2.5192985689810647e-08,2.6752058786936234e-07,4.608761477575945e-06
172.60879259999638,0.0,0.0,0.0,-2.970497090917269e-07,-2.2156700088816366e-07,4.539990582078597e-06
172.65785080000205,0.0,0.0,0.0,2.3377624183166718e-07,4.7045050379826916e-07,4.481153526594703e-06
172.70768020000105,0.0,0.0,0.0,-2.5919671144107423e-08,1.1218600766043337e-07,4.405194347786076e-06
172.7563846999983,0.0,0.0,0.0,-2.947609643740538e-07,-4.5311226225931957e-07,4.321913665207857e-06
172.80900370000018,0.0,0.0,0.0,2.9369165210812775e-08,2.25666061750883e-07,4.3768348111198725e-06
172.85802809999586,0.0,0.0,0.0,-8.788690435389192e-08,1.1859532693697198e-07,4.378060649867571e-06
172.90766759999678,0.0,0.0,0.0,2.9521455008262457e-07,7.427667642797915e-07,4.372708130261884e-06
172.95779670000047,0.0,0.0,0.0,-8.915812274629879e-08,1.4445314063660565e-07,4.255254231738426e-06
173.0068339999998,0.0,0.0,0.0,-2.40797635982934e-07,7.902288615183601e-07,4.22088399351742e-06
173.05917380000028,0.0,0.0,0.0,-8.244168235469449e-08,-1.5051079469583359e-06,4.181186066270523e-06
173.10613649999868,0.0,0.0,0.0,2.903944195479616e-07,1.5755762563255339e-06,4.0265620455745975e-06
173.1586823999969,0.0,0.0,0.0,-9.050672946028498e-08,1.2727483761110454e-06,4.087802777994691e-06
173.20858690000023,0.0,0.0,0.0,-2.6466208707228208e-08,-9.56957743743572e-07,4.041831254794726e-06
173.26381540000148,0.0,0.0,0.0,2.8084986323273332e-08,-3.5768646081340277e-07,4.000509194555301e-06
173.3086689999982,0.0,0.0,0.0,-2.965095131944713e-07,9.73596717481232e-07,3.968528724602412e-06
173.35801150000043,0.0,0.0,0.0,1.7607671849858432e-07,-4.3657468313394126e-07,3.873562802187309e-06
173.40803320000123,0.0,0.0,0.0,-3.1582117448168705e-08,3.2110570453166016e-07,3.8034676376876534e-06
173.4573326000027,0.0,0.0,0.0,-2.888386568151495e-08,-4.953337546883519e-08,3.90459950111528e-06
173.50539050000225,0.0,0.0,0.0,-2.9251744165213555e-07,-1.0052438918789881e-06,3.833298004704371e-06
173.55638129999716,0.0,0.0,0.0,2.9211151209600384e-07,1.0671530913577138e-06,3.7495633527996276e-06
173.60686759999953,0.0,0.0,0.0,-2.9839668338102603e-07,9.439100836164371e-08,3.837648827623794e-06
173.65805900000123,0.0,0.0,0.0,-9.0275616098926e-08,1.2106665356045353e-07,3.825634055799543e-06
173.70976769999834,0.0,0.0,0.0,-3.1113085257440986e-08,1.7527806632995408e-07,3.7569865154709445e-06
173.75822619999963,0.0,0.0,0.0,2.8985513995206167e-08,-3.304706407124467e-07,3.6180103939049554e-06
173.8090555000017,0.0,0.0,0.0,1.7917823138883355e-07,-1.6261432810624393e-07,3.6362204888884306e-06
173.85835439999937,0.0,0.0,0.0,-2.9881596946318463e-07,7.842541038509291e-08,3.5818162674352246e-06
173.90896649999922,0.0,0.0,0.0,2.7065501468392738e-08,5.610980739849078e-07,3.6389820226499665e-06
173.95847299999878,0.0,0.0,0.0,-3.2168739670495645e-08,5.30031936081997e-07,3.5120937083321723e-06
174.00698140000168,0.0,0.0,0.0,-8.599631591492713e-08,-9.302491536436959e-07,3.5452434446852827e-06
174.05589250000048,0.0,0.0,0.0,-3.173624373164589e-08,-2.9619868649699935e-07,3.3779633303462157e-06
174.10912119999557,0.0,0.0,0.0,2.2810807710920198e-07,3.0141148672522747e-06,3.3084391981506165e-06
174.1578886999996,0.0,0.0,0.0,-2.415754281878013e-07,-1.9424363028316622e-07,3.302142638984514e-06
174.20693010000105,0.0,0.0,0.0,1.762633147331467e-07,1.045174830035747e-07,3.368741186920747e-06
174.26388900000165,0.0,0.0,0.0,-2.9111529424176534e-07,-2.4755553666148525e-06,3.2882799195744773e-06
174.31018880000192,0.0,0.0,0.0,2.3259025913767619e-07,1.2977516673255823e-06,3.189951397291934e-06
174.35772039999574,0.0,0.0,0.0,-2.4026638314704744e-07,5.805961654686257e-07,3.186034504531816e-06
174.40664169999945,0.0,0.0,0.0,-9.241931480734467e-08,-7.691954785905853e-07,3.1828295649926624e-06
174.4583511000019,0.0,0.0,0.0,-2.886694297163093e-08,6.602903038423432e-07,3.1405315255831336e-06
174.50722949999908,0.0,0.0,0.0,2.3142569288217978e-07,8.949383808205476e-07,3.035397312815474e-06
174.55953859999863,0.0,0.0,0.0,-3.641343331214685e-08,9.121657061362119e-07,2.9560875927299487e-06
174.60831869999674,0.0,0.0,0.0,-2.9191785060363154e-07,-2.0806623412531035e-06,3.082163684173446e-06
174.65706969999883,0.0,0.0,0.0,2.296759613061602e-07,1.7895567493924597e-06,2.959819947290339e-06
174.7086225000021,0.0,0.0,0.0,2.4701627594870334e-08,-1.3608650197788414e-07,2.9045582446232026e-06
174.75911579999956,0.0,0.0,0.0,-9.297900374901656e-08,5.84555385383794e-07,2.830442083450879e-06
174.80961479999678,0.0,0.0,0.0,-2.8254913876075748e-08,-9.193740447597624e-07,2.821465986902889e-06
174.85640199999762,0.0,0.0,0.0,-2.988694265122014e-07,6.277795783963417e-07,2.7764177977766427e-06
174.9085533999969,0.0,0.0,0.0,2.8516565082703916e-07,6.958516513772661e-07,2.7082812099788816e-06
174.95813009999983,0.0,0.0,0.0,-9.088544417432075e-08,4.29897174431625e-07,2.650671603009856e-06
175.0083814000027,0.0,0.0,0.0,-2.3600421260271667e-07,-2.0750854959827253e-06,2.682064968676036e-06
175.0574940000006,0.0,0.0,0.0,1.741771572308662e-07,1.8689061000634778e-06,2.6068522689352832e-06
175.10762940000131,0.0,0.0,0.0,2.220367726067857e-08,-4.973632963950872e-07,2.5853742118634997e-06
175.15832819999923,0.0,0.0,0.0,-9.088624568082796e-08,1.0308225731464761e-06,2.6173727424642182e-06
175.21001049999904,0.0,0.0,0.0,2.2307611384062528e-08,-6.446495541163954e-07,2.535477684064056e-06
175.26033099999768,0.0,0.0,0.0,-8.91385467275762e-08,9.415722540400865e-07,2.5111166112452323e-06
175.31066689999716,0.0,0.0,0.0,-3.478096489809014e-08,-1.0171834439750907e-06,2.38112292900582e-06
175.35829319999903,0.0,0.0,0.0,-2.4292098206837093e-07,4.972748274672879e-07,2.348734151864628e-06
175.41144899999927,0.0,0.0,0.0,2.3253053560684748e-07,6.81208284238906e-07,2.4260173335787317e-06
175.45686359999672,0.0,0.0,0.0,-3.585299307133574e-07,-9.910399565844453e-07,2.3129134422516676e-06
175.50913140000193,0.0,0.0,0.0,2.3623098635028528e-07,1.2331900495608252e-07,2.2759693779769077e-06
175.55680980000034,0.0,0.0,0.0,-2.4618535709503747e-07,1.2282218333397528e-06,2.2762490444617646e-06
175.60998960000143,0.0,0.0,0.0,2.345227248096747e-07,-8.827301665796478e-07,2.2974746707942122e-06
175.65861700000096,0.0,0.0,0.0,-9.156930426427909e-08,2.170068517017584e-07,2.19722165257935e-06
175.70923890000267,0.0,0.0,0.0,2.0182255322937022e-08,4.4989835498494234e-07,2.048918340963655e-06
175.75832749999972,0.0,0.0,0.0,-9.193635711058061e-08,6.190080260067694e-08,2.1189149999499157e-06
175.80810039999778,0.0,0.0,0.0,-3.008940818035679e-07,-3.3371695956147663e-07,2.081586829467069e-06
175.85718020000058,0.0,0.0,0.0,2.35127671872421e-07,1.49658984686294e-07,2.1391846554468646e-06
175.90599539999675,0.0,0.0,0.0,1.6655445058263693e-08,1.9228479755393937e-06,2.0122043058147418e-06
175.96630030000233,0.0,0.0,0.0,-2.9836666339771417e-07,-1.9288304790136772e-06,2.044994834422006e-06
176.0134304999956,0.0,0.0,0.0,-3.443407568968632e-08,3.647864752003864e-07,1.9306075899131965e-06
176.06826189999992,0.0,0.0,0.0,2.3331023456081121e-07,6.043740190562146e-07,2.0186673601744282e-06
176.1061641999986,0.0,0.0,0.0,-3.571163406210036e-07,-1.5944282172842273e-06,1.9202831888972943e-06
176.15856189999613,0.0,0.0,0.0,2.835912364327272e-07,2.611761076621727e-06,1.6936178105299836e-06
176.20911279999564,0.0,0.0,0.0,-2.9801332494560815e-07,-2.1219321418059976e-06,1.8144188925257011e-06
176.2619881999999,0.0,0.0,0.0,1.726551052694102e-07,6.2644228094201e-07,1.7487146532984605e-06
176.30894719999924,0.0,0.0,0.0,-3.629220647444568e-08,8.408792229160893e-07,1.6196112008379378e-06
176.36124810000183,0.0,0.0,0.0,-3.0281552548780297e-07,-1.015461487068502e-06,1.6760674464467519e-06
176.41432540000096,0.0,0.0,0.0,2.88988718414481e-07,1.2105058878169186e-06,1.6293473322605674e-06
176.45877130000008,0.0,0.0,0.0,-9.657424768461901e-08,1.1106237513094722e-07,1.5742209180180253e-06
176.50625749999745,0.0,0.0,0.0,-3.930911802694524e-08,1.0246616674000228e-06,1.3819016995429381e-06
176.56008920000022,0.0,0.0,0.0,2.2323122109049142e-08,-3.9844780039907294e-07,1.385739094702699e-06
176.60916339999676,0.0,0.0,0.0,-2.98534588554598e-07,2.9837593999010654e-07,1.409698917963389e-06
176.66076710000198,0.0,0.0,0.0,2.2841987710310144e-07,-2.433578263220317e-07,1.4031053816336134e-06
176.70751419999579,0.0,0.0,0.0,-3.578706206309717e-07,-6.789983410452284e-07,1.4428414782773943e-06
176.7584738000005,0.0,0.0,0.0,2.8187071675645333e-07,1.6453528771821087e-06,1.2450964786504977e-06
176.80772730000172,0.0,0.0,0.0,-2.992110717462022e-07,-1.2579299858603752e-07,1.2796963335686136e-06
176.85742860000028,0.0,0.0,0.0,-9.296303762330641e-08,-6.155398365390051e-07,1.2583619189639123e-06
176.90982699999586,0.0,0.0,0.0,2.2939237409661364e-07,9.16499559085394e-08,1.1654529529243308e-06
176.95667289999983,0.0,0.0,0.0,-3.655495514795844e-08,-3.406991849589929e-07,1.0837572046218167e-06
177.00585860000137,0.0,0.0,0.0,-2.4352636345709874e-07,7.243067538160485e-07,1.069535407008948e-06
177.05930649999937,0.0,0.0,0.0,-3.894792368715764e-08,-4.113306853700763e-07,1.0803817350675947e-06
177.10930139999982,0.0,0.0,0.0,-3.821252608461372e-08,6.443342754145589e-07,1.0321258195019888e-06
177.15682209999795,0.0,0.0,0.0,-9.357828119906257e-08,-3.2023475415898056e-07,9.97975745434561e-07
177.2062322999991,0.0,0.0,0.0,2.834873630646462e-07,8.36681541732857e-07,9.476597189510793e-07
177.2600089999978,0.0,0.0,0.0,-9.435034383164767e-08,-2.0130608724224477e-07,8.284615529676949e-07
177.30790909999632,0.0,0.0,0.0,-2.478205222687614e-07,1.0031867406470194e-06,7.436153312165436e-07
177.358879899999,0.0,0.0,0.0,-9.048575638938806e-08,-1.3229710813930363e-06,8.077342297106026e-07
177.4066240999964,0.0,0.0,0.0,-3.918218783611357e-08,7.230349923251288e-08,7.611781252331271e-07
177.46649780000007,0.0,0.0,0.0,2.8238831345615593e-07,2.0958332862340993e-06,8.232602875067397e-07
177.51003879999917,0.0,0.0,0.0,-3.0020604459651936e-07,-9.11316842139581e-07,8.263896632458166e-07
177.55717529999674,0.0,0.0,0.0,-9.346834812865065e-08,-1.0627406104061497e-06,7.057264994051462e-07
177.60635049999837,0.0,0.0,0.0,2.21425206049583e-07,1.9976389467865385e-06,5.774500846036083e-07
177.65613189999567,0.0,0.0,0.0,-3.508323444972231e-08,-9.79373700113282e-07,5.124869756944424e-07
177.70775619999768,0.0,0.0,0.0,2.051447150631147e-08,4.4445092019282016e-07,5.181115210705553e-07
177.75968039999862,0.0,0.0,0.0,-3.6423265976210496e-07,3.7755287127138557e-07,5.120627420126613e-07
177.8079224999965,0.0,0.0,0.0,2.8390115557070703e-07,-7.096826661224394e-07,4.789832008593107e-07
177.85761210000055,0.0,0.0,0.0,-9.174662109837325e-08,2.1050747154600086e-07,4.5230271297158606e-07
177.90631179999764,0.0,0.0,0.0,-3.0807655706076884e-07,5.811968004987356e-07,3.655176000679906e-07
177.95910449999792,0.0,0.0,0.0,2.815052303933225e-07,1.891234191741458e-06,2.6554646766427605e-07
178.00578939999832,0.0,0.0,0.0,-2.993154138508544e-07,-1.8666004991627826e-06,3.0270855741387633e-07
178.0616555000015,0.0,0.0,0.0,2.2389840358991577e-07,1.1180180679411226e-06,3.1013634193545145e-07
178.10821990000113,0.0,0.0,0.0,-3.5765530052118804e-07,-2.211034690600724e-06,2.4412061953965953e-07
178.1579481000008,0.0,0.0,0.0,2.2301388514755065e-07,1.7839612681604468e-06,1.3307227501078512e-07
178.20793299999787,0.0,0.0,0.0,-3.0175925609221216e-07,-5.773735360098894e-07,6.6377034157502e-08
178.26242120000097,0.0,0.0,0.0,2.795431028669993e-07,1.2963255663067267e-06,4.837840866770265e-08
178.3165263999981,0.0,0.0,0.0,-3.683490959311755e-08,-5.304843739805609e-07,3.187313845683442e-08
178.36517040000035,0.0,0.0,0.0,-3.0672070646252324e-07,-7.019278180458365e-07,-4.885763827755888e-09
178.4077077999973,0.0,0.0,0.0,1.6791635793714148e-07,1.5099934038803887e-06,-4.2471979598731255e-08
178.45697690000088,0.0,0.0,0.0,-3.04816676368751e-07,-1.8873484949137754e-06,-1.1371174443316365e-07
178.50966859999608,0.0,0.0,0.0,2.8565844234833694e-07,1.3056466528422774e-06,-1.633789863080304e-07
178.5623990000022,0.0,0.0,0.0,-3.6409164800254975e-07,-2.8615432564311e-07,-1.3517316250111427e-07
178.60867729999882,0.0,0.0,0.0,-4.1657165762153036e-08,4.189704471470352e-07,-1.9827273149768161e-07
178.65859600000113,0.0,0.0,0.0,-3.846747134157704e-08,-8.497051708088872e-07,-2.1763233287746982e-07
178.71146050000243,0.0,0.0,0.0,2.0168452738358373e-08,4.794280468315466e-07,-3.257717233354479e-07
178.75930869999866,0.0,0.0,0.0,-4.3751026040474564e-08,5.672743118841721e-07,-3.3786731132451847e-07
178.81664340000134,0.0,0.0,0.0,-9.463281092104695e-08,4.0870847402111985e-07,-3.7564930147893526e-07
178.85945869999705,0.0,0.0,0.0,1.1911704143956554e-08,-1.6592695629226403e-07,-4.847692279256964e-07
178.90707300000213,0.0,0.0,0.0,2.257023925322799e-07,1.6621590679061285e-06,-5.177410054987494e-07
178.95775660000072,0.0,0.0,0.0,-3.658489177575639e-07,-1.4052094843148102e-06,-5.613823773515094e-07
179.00913279999804,0.0,0.0,0.0,2.2768164352973225e-07,3.268100246307557e-07,-6.921332853522237e-07
179.05810029999702,0.0,0.0,0.0,-3.061249739476551e-07,-3.6309714595534706e-07,-7.043541166482726e-07
179.10651599999983,0.0,0.0,0.0,-4.199553855718237e-08,4.4880671048712413e-07,-7.548623266566233e-07
179.15734299999895,0.0,0.0,0.0,-4.3292429849918665e-08,7.316040603292796e-07,-8.029498825411355e-07
179.20957590000035,0.0,0.0,0.0,2.1077821117120176e-08,-2.8317896614903294e-07,-7.251604120627845e-07
179.25746849999996,0.0,0.0,0.0,2.208279378604513e-07,1.466530500926026e-07,-8.119966410533666e-07
179.3063805999991,0.0,0.0,0.0,-9.86951852961663e-08,7.74802963740223e-07,-9.000866452192562e-07
179.35640199999762,0.0,0.0,0.0,-2.4851403371267876e-07,-1.5550591969615354e-06,-8.910659290432515e-07
179.40714009999647,0.0,0.0,0.0,1.6496867692408e-07,9.272845355557935e-07,-9.829818770354756e-07
179.4570851000026,0.0,0.0,0.0,1.6829825374558604e-08,6.226605111630839e-07,-9.546519072689953e-07
179.50834490000125,0.0,0.0,0.0,-9.795029672453118e-08,-6.846951507262519e-07,-1.0392115382060618e-06
179.55746019999788,0.0,0.0,0.0,-2.5131016425578463e-07,3.2100535674772445e-07,-1.0941250178677976e-06
179.61420630000066,0.0,0.0,0.0,-4.125977649582681e-08,5.3765699893952114e-08,-1.1713234442811902e-06
179.6614522000018,0.0,0.0,0.0,-1.0207416819623504e-07,7.049574580841104e-07,-1.153313977288065e-06
179.71448009999585,0.0,0.0,0.0,1.7755630397489684e-08,-2.6423320334890795e-08,-1.2170203569702433e-06
179.75892110000132,0.0,0.0,0.0,2.2301346977624192e-07,7.031471606772279e-07,-1.2306813451929214e-06
179.80753739999636,0.0,0.0,0.0,-4.727699190696635e-08,-1.1012115733514359e-07,-1.2713081180947527e-06
179.85743060000095,0.0,0.0,0.0,-9.600711859773908e-08,-4.4923683249159274e-07,-1.3265509949861291e-06
179.90782749999926,0.0,0.0,0.0,-2.47750223829137e-07,-4.753281113888341e-07,-1.3673886551359685e-06
179.95589969999855,0.0,0.0,0.0,2.2006168409841493e-07,1.2547609842530722e-06,-1.4044137746762413e-06
180.0070166000005,0.0,0.0,0.0,-3.067220711592281e-07,-1.237293249207714e-07,-1.3815684959364968e-06
180.0568295999983,0.0,0.0,0.0,1.62233090446996e-07,-7.003620442730456e-07,-1.4089735303815353e-06
180.10929239999678,0.0,0.0,0.0,1.5278655684625024e-08,4.5379315139964866e-07,-1.4587713858137947e-06
180.15941239999665,0.0,0.0,0.0,-9.735117553035471e-08,-1.060284811547141e-06,-1.5457863015280362e-06
180.20775599999615,0.0,0.0,0.0,-3.1043221906393596e-07,6.183908593362889e-07,-1.597061261125672e-06
180.2568833999976,0.0,0.0,0.0,2.2135149656971042e-07,5.55294574475052e-07,-1.6873890141475935e-06
180.307269799996,0.0,0.0,0.0,-4.5206525341780176e-08,2.05497685405988e-08,-1.7134825754535173e-06
180.35729749999882,0.0,0.0,0.0,1.580895384797769e-08,1.0222324191664582e-06,-1.7320099691079511e-06
180.40705719999823,0.0,0.0,0.0,-3.628663364883523e-07,-1.6437459209079219e-06,-1.7463434601171834e-06
180.45886169999721,0.0,0.0,0.0,1.2334542468067029e-08,1.0009798700516975e-06,-1.7617388237433768e-06
180.50974719999795,0.0,0.0,0.0,-1.0292387341624835e-07,3.799104927868917e-07,-1.777229626023504e-06
180.55676279999898,0.0,0.0,0.0,1.7246104509328956e-08,-1.3221893703071568e-06,-1.8589976678175749e-06
180.6070477999965,0.0,0.0,0.0,2.1785480349577327e-07,2.811722603696749e-06,-1.930189645454515e-06
180.66124429999763,0.0,0.0,0.0,-1.0039788392940617e-07,-1.2137504219037399e-06,-2.002895216665783e-06
180.71420899999794,0.0,0.0,0.0,-4.6424852065436445e-08,-2.534294124497642e-07,-2.0424694006291594e-06
180.75781909999932,0.0,0.0,0.0,-2.4883891126647113e-07,-3.17335206250548e-07,-2.1075748108490377e-06
180.8078067999959,0.0,0.0,0.0,-4.395217518882683e-08,3.936748672023615e-07,-2.1664985318669897e-06
180.85876389999612,0.0,0.0,0.0,2.1731030698780265e-07,5.855652491255567e-07,-2.1628422810389845e-06
180.90650540000206,0.0,0.0,0.0,-3.045713074144107e-07,-8.81304590881233e-07,-2.166249363050413e-06
180.9599453999981,0.0,0.0,0.0,-4.935710287201533e-08,9.800052575085605e-07,-2.267829405361295e-06
181.00716180000018,0.0,0.0,0.0,-1.0186506207572682e-07,-2.1438209396487915e-07,-2.2790727249544144e-06
181.05731630000082,0.0,0.0,0.0,1.5970148257639382e-08,-3.681584362310048e-07,-2.3653243559520595e-06
181.10800120000204,0.0,0.0,0.0,-1.0382951883578259e-07,4.048939486328291e-07,-2.3535219422029302e-06
181.1587223999959,0.0,0.0,0.0,2.7680202397958314e-07,5.899236776098745e-07,-2.4489090264540638e-06
181.20726399999694,0.0,0.0,0.0,-3.0740927897849055e-07,-1.3184424481074827e-06,-2.458717328623197e-06
181.25678750000225,0.0,0.0,0.0,2.1713300752110964e-07,2.228494536016233e-06,-2.5563362971933766e-06
181.30715100000089,0.0,0.0,0.0,-3.128086471919466e-07,-7.331483687190009e-07,-2.561550727930557e-06
181.35801309999806,0.0,0.0,0.0,1.658852197472332e-07,-5.24377296439522e-07,-2.6024944748235906e-06
181.4065217000025,0.0,0.0,0.0,1.0308337927172736e-08,8.333669030486201e-07,-2.739281356420193e-06
181.45732629999839,0.0,0.0,0.0,-4.701063314068238e-08,2.8638412104791223e-07,-2.7405697397256316e-06
181.50801890000002,0.0,0.0,0.0,-4.292607347247067e-08,-1.5307760554932092e-07,-2.768993068500915e-06
181.57153180000023,0.0,0.0,0.0,-3.137596316038925e-07,9.577500229118809e-07,-2.7708066296433055e-06
181.612054600002,0.0,0.0,0.0,-4.4622238095669616e-08,-1.0374092975818968e-06,-2.8442482640310768e-06
181.65924509999604,0.0,0.0,0.0,2.1553189898852022e-07,7.885504523775323e-07,-2.9427965880922587e-06
181.70683879999706,0.0,0.0,0.0,-3.066295751759589e-07,2.487062137073005e-07,-2.9690687673214147e-06
181.76047970000218,0.0,0.0,0.0,1.5822028583700704e-07,-3.920927295724512e-07,-3.011464381107759e-06
181.82008320000023,0.0,0.0,0.0,-3.0678722094857535e-07,-8.993849629442212e-07,-3.0849115909574706e-06
181.8709916000007,0.0,0.0,0.0,1.1008939907775372e-08,3.100212388145872e-07,-3.0358489311053467e-06
181.91665819999616,0.0,0.0,0.0,1.5967276229105094e-07,1.2669705136394635e-06,-3.117175641892472e-06
181.96744039999612,0.0,0.0,0.0,-4.5746105793912416e-08,-1.5081737444108852e-06,-3.1471440932401466e-06
182.01850939999713,0.0,0.0,0.0,-2.517460606638914e-07,-2.711078962993049e-07,-3.174619052724317e-06
182.06843110000045,0.0,0.0,0.0,1.5502525801063565e-07,1.7334442646808784e-06,-3.2747685815462624e-06
182.11099960000138,0.0,0.0,0.0,-3.0664397837402934e-07,-1.7089923954985984e-06,-3.2733659772526102e-06
182.1686966999987,0.0,0.0,0.0,9.176948092578585e-09,1.4836042185394246e-06,-3.3925017953699247e-06
182.2164832999988,0.0,0.0,0.0,1.6062479546202587e-07,-1.2245761571210108e-07,-3.3024289394372917e-06
182.26409079999576,0.0,0.0,0.0,7.2288318513089256e-09,8.65355163553142e-07,-3.408267201222399e-06
182.30544279999594,0.0,0.0,0.0,-4.4716250373932596e-08,-3.3771953641577443e-07,-3.4229133394820114e-06
182.3582366999981,0.0,0.0,0.0,0.0005388868401789678,0.00030650501635648663,0.1123955621727967
182.4080352000019,0.0,0.0,0.0,0.0005147435803642482,-0.0006704017006704126,0.2685883838728519
182.46046319999732,0.0,0.0,0.0,0.0007079510404302925,-0.0009237742131758773,0.4108059998128467
182.50691849999566,0.0,0.0,0.0,0.0010210822348737717,-0.0011298115494293407,0.555846950584755
182.5567865999983,0.0,0.0,0.0,0.0013346474594466433,0.0002041356976403799,0.7308481419024933
182.60818299999664,0.0,0.0,0.0,0.0016755878109612403,0.003244511786058314,0.8092197732668651
182.65900970000075,0.0,0.0,0.0,0.0014177204176410644,-0.004593337042563933,0.7637473099425863
182.70837980000215,0.0,0.0,0.0,0.0014112098659803181,-0.0013671680131049112,0.7099131775690742
182.75741949999792,0.0,0.0,0.0,0.0013840432293351613,-0.0018001851740318694,0.6612881261516772
182.81143419999717,0.0,0.0,0.0,0.0016291430331879559,-0.004594858247295809,0.6506727625116103
182.86902169999667,0.0,0.0,0.0,0.0015922711320333536,-0.0009682743102262942,0.6468345577074959
182.90807119999954,0.0,0.0,0.0,0.0014871998437480604,-0.0008101942590666714,0.641154054434437
182.95764090000011,0.0,0.0,0.0,0.0015757402781181888,-0.0006656404176239002,0.6459871758470463
183.00876509999944,0.0,0.0,0.0,0.001504265512588478,0.003216757828494037,0.6640566217946877
183.05774779999774,0.0,0.0,0.0,0.001535733573596829,0.0004594478380286743,0.6899056254881281
183.11205750000227,0.0,0.0,0.0,0.0017722350857702733,-0.0036753403754525467,0.706069232991623
183.1572965000014,0.0,0.0,0.0,0.0022545772944392918,0.006291031481666468,0.6653354627833294
183.2066175,0.0,0.0,0.0,0.0010410846934052818,0.003964197225204651,0.5378979483545961
183.2571070999984,0.0,0.0,0.0,0.001611989323315906,-0.002564664348143773,0.37231497801503355
183.312743399998,0.0,0.0,0.0,0.0006059381269270268,0.0031736535745264193,0.21403983367245533
183.35665580000204,0.0,0.0,0.0,-0.0012729614141315704,0.004977102488422931,0.1521425546873428
183.4087737000009,0.0,0.0,0.0,-0.00027073237204805527,0.005408455802922977,0.1836560123593407
183.45728679999593,0.0,0.0,0.0,-0.0001799682769054918,-0.0015869160091935535,0.1869406770712824
183.50876029999927,0.0,0.0,0.0,0.0007409949793255999,-0.0018380193611730418,0.187448159479542
183.55690329999925,0.0,0.0,0.0,0.00042047020645784343,-0.0016592901728529133,0.1827456484664064
183.60880909999833,0.0,0.0,0.0,0.00013512714619596454,0.003780160640668163,0.18024094026376833
183.6570847999974,0.0,0.0,0.0,0.00023226431948896971,0.0018024288133217641,0.1811874901243724
183.70744579999882,0.0,0.0,0.0,0.0002380404728634248,0.0011249398943976524,0.18509949349117022
183.75701039999694,0.0,0.0,0.0,0.00033095850867543317,-0.00216457077815003,0.18972744842222308
183.80680109999957,0.0,0.0,0.0,0.0003115198528013496,-0.0009596224081902707,0.19781673405285385
183.85767019999912,0.0,0.0,0.0,0.0004125920178055404,-0.0046510625806940615,0.20762792009299716
183.91252820000227,0.0,0.0,0.0,0.00034537382161908245,0.0020929267417135926,0.22472773927849315
183.96110490000137,0.0,0.0,0.0,0.00038085307949810515,0.0028123599842776893,0.24860152204921232
184.00629489999847,0.0,0.0,0.0,0.00038232104206492134,0.0007621148861144669,0.28570288712935493
184.0585824000009,0.0,0.0,0.0,0.0005563686861090849,-0.0023552772118366604,0.34501581431888306
184.108458900002,0.0,0.0,0.0,0.00043191996080393257,0.006447315441725622,0.354055593830495
184.1590802999999,0.0,0.0,0.0,0.0002698040416988354,0.0019871447354990962,0.35736021396553674
184.2067285000012,0.0,0.0,0.0,0.00041352483775514246,0.00039119197909348607,0.35091096917038933
184.25593970000045,0.0,0.0,0.0,0.0002714707200823447,0.002459185730504258,0.33325965165268967
184.30659519999608,0.0,0.0,0.0,0.0002463707345910411,0.0002597833067062616,0.3066393666386954
184.35863419999805,0.0,0.0,0.0,0.000380873695283011,-0.0006717723556723275,0.27255507472465257
184.40821739999956,0.0,0.0,0.0,-1.200433402689752e-05,-0.0005079140787376314,0.25980139899427085
184.45643720000226,0.0,0.0,0.0,0.00029866024719671564,-0.0006622295015498075,0.24145901618754634
184.50814089999767,0.0,0.0,0.0,0.00028303043016824215,-0.004344761416717095,0.20603256706166043
184.55880400000024,0.0,0.0,0.0,2.240528294654884e-05,-0.006213475918555523,0.07577789671876914
184.6084228999971,0.0,0.0,0.0,6.946926937560274e-05,-0.006120206337969776,0.006770599071492817
184.65818299999955,0.0,0.0,0.0,1.4429296457408149e-05,0.0001161653117395761,0.00437229733879544
184.70859219999693,0.0,0.0,0.0,3.7297582502851495e-05,0.00016333663103718164,0.0006003607721648832
184.75693930000125,0.0,0.0,0.0,1.5329235340095375e-05,0.00026005343782828285,0.00010234563492959975
184.8092519999991,0.0,0.0,0.0,-1.2814660174836359e-05,-0.0002459107260514978,-0.00017494055580171425
184.85714369999914,0.0,0.0,0.0,3.3334485570621414e-05,5.099618352956071e-05,-0.00015832920717678267
184.90795549999893,0.0,0.0,0.0,-3.381197177244779e-05,0.00010292490333558337,-0.00018476001825172922
184.9582401000007,0.0,0.0,0.0,9.329493599908627e-06,-0.0002335029225142049,-0.00024181238130813938
185.01672719999624,0.0,0.0,0.0,-1.1303723127605772e-05,0.00013267330719110885,-0.00024307183086980176
185.05876149999676,0.0,0.0,0.0,-2.492084296141423e-06,-0.00020059287701683142,7.096808460343979e-05
185.1081164999996,0.0,0.0,0.0,5.061335996653527e-06,-2.961743270090359e-05,0.00011525478210628542
185.1573028999992,0.0,0.0,0.0,-3.3923130474557265e-05,0.0002500175850016579,7.527078950322987e-05
185.20828439999605,0.0,0.0,0.0,-2.449428162108266e-05,-0.0003096691019859807,0.0002003031954091417
185.2561343999987,0.0,0.0,0.0,-1.5051836438638477e-05,-0.00012486121755848022,0.00013799067939725864
185.30687799999578,0.0,0.0,0.0,8.813660031100455e-06,-5.058217645231654e-05,7.624957462849735e-05
185.35850740000024,0.0,0.0,0.0,1.8003928398339533e-05,0.00016042965319673638,0.00013893540381541557
185.4071993999969,0.0,0.0,0.0,4.898800034367721e-06,-6.718442269436299e-05,-0.00015961390166310162
185.45798939999804,0.0,0.0,0.0,-7.002657142997058e-06,4.756547459238679e-05,1.1795893588436605e-05
185.50944129999698,0.0,0.0,0.0,-2.6786959002892584e-05,0.00017994826591537623,0.00010546061333836422
185.55784509999648,0.0,0.0,0.0,2.234891152187413e-05,-0.0002995163830843431,1.9081790808720705e-05
185.6075856000025,0.0,0.0,0.0,6.133521639493846e-05,0.00046100990110196997,-0.0003822428964053537
185.65728769999987,0.0,0.0,0.0,-8.204001901529339e-06,-0.00019030629807973665,-0.0002886959284936711
185.7082556999958,0.0,0.0,0.0,-9.223504209556224e-06,0.00021929131394170476,-0.00020826408987299855
185.75865740000154,0.0,0.0,0.0,5.06593415651928e-06,-0.00016576994139397172,-0.00026086672199287093
185.80813749999652,0.0,0.0,0.0,1.8686358225151352e-05,-0.000110092643952819,-0.0001968404850337247
185.859183200002,0.0,0.0,0.0,-2.4669179875526953e-05,3.812070053356544e-05,-0.00016312380557951975
185.90579869999783,0.0,0.0,0.0,4.066831477946138e-06,4.657528575852576e-05,-0.00020722654912252121
185.95662949999678,0.0,0.0,0.0,1.1645799474634604e-05,0.00028479186544016734,-0.00022597428451249995
186.0074736000024,0.0,0.0,0.0,4.470162516040317e-06,-0.0003230539776910399,-5.663038164144526e-05
186.06667609999568,0.0,0.0,0.0,-6.333759506547326e-06,7.824328310919694e-05,0.00011773784158211295
186.10582889999932,0.0,0.0,0.0,-3.542608775203124e-05,-0.0002771083705233067,-0.0002510979405725034
186.15707409999595,0.0,0.0,0.0,4.841091324187716e-05,0.0007493035280505846,4.9523508758669484e-05
186.2070074000003,0.0,0.0,0.0,-1.1763617929999575e-06,-0.00017801052475749756,6.695236884881215e-05
186.25898939999752,0.0,0.0,0.0,2.1866088482783482e-05,3.1768063786665394e-05,7.782886365504338e-05
186.30835809999553,0.0,0.0,0.0,-1.9698595807534077e-05,3.0258928985415477e-05,-5.94307814725502e-06
186.35744700000214,0.0,0.0,0.0,4.855144219280589e-06,-0.00014331859532267454,8.797430146420143e-05
186.40738749999582,0.0,0.0,0.0,-6.162553513229326e-05,-0.00038099790483816305,-0.0003660235777230047
186.45867220000218,0.0,0.0,0.0,-1.7454985279979633e-05,0.00013382894450493055,-0.00041708586082378273
186.5089175999965,0.0,0.0,0.0,2.8867309681620013e-06,0.0002773035366988418,-0.00030870847337384353
186.55724249999912,0.0,0.0,0.0,3.2966204160026866e-05,-0.00027955589445723437,-0.0002819600916315924
186.60805979999714,0.0,0.0,0.0,-1.61661444466432e-06,9.27184687485905e-05,-0.0003362853484950737
186.65750939999998,0.0,0.0,0.0,2.9246707468648898e-06,-0.0001378822812023508,-0.0002032622931804552
186.7086188999965,0.0,0.0,0.0,6.004768781653375e-05,4.616215840749738e-05,-8.819071534124964e-05
186.75821580000047,0.0,0.0,0.0,5.40947151543162e-05,0.0002954352327910715,-0.0001867809116765114
186.80580319999717,0.0,0.0,0.0,-8.004962340205394e-05,0.0002003189497648002,-0.00022534878509750198
186.85659470000246,0.0,0.0,0.0,-2.9666625810775295e-05,-0.0002929167520766412,-0.00010312056740153299
186.90900719999627,0.0,0.0,0.0,-3.774880972021628e-05,7.898209992940634e-05,5.1359544173378864e-05
186.9613685000004,0.0,0.0,0.0,8.44998367404685e-05,-5.298204386021301e-05,-0.000271044743253824
187.00750739999785,0.0,0.0,0.0,-1.926673800899135e-05,0.00037384716648714586,-0.0003114201126668657
187.0575284000006,0.0,0.0,0.0,-2.3029808965871852e-05,-0.0007673381978508439,-0.0003835930568768352
187.11260100000072,0.0,0.0,0.0,6.450912078768876e-06,0.00019473017146110386,-0.00027391684507355353
187.1663591999968,0.0,0.0,0.0,8.049230784066573e-05,0.00040955321321376663,-0.00028423716812997593
187.20656969999982,0.0,0.0,0.0,-6.247987146178386e-05,-0.00017194723169594386,-0.00028217541709968667
187.256186300001,0.0,0.0,0.0,-3.061142520745792e-05,-0.0002603205714932624,-0.00027859083824981803
187.30650900000182,0.0,0.0,0.0,2.834797828473688e-05,0.0003983212220421212,-0.0003085515197223118
187.35843629999727,0.0,0.0,0.0,-4.605146830942509e-05,-0.00027521256956826635,-8.191260854727625e-05
187.4074713000009,0.0,0.0,0.0,-5.072350778308584e-05,-0.00019801609253068393,-0.0003859246383429614
187.45828210000036,0.0,0.0,0.0,1.5895193314268164e-05,0.0003354024180192999,-0.00031637448809755924
187.50822789999802,0.0,0.0,0.0,-4.937618152219104e-06,-0.00018554090724503056,-0.00023178639555345348
187.55869649999659,0.0,0.0,0.0,1.7525940395670862e-05,4.128717830613905e-05,-0.0002666743532911435
187.60845010000048,0.0,0.0,0.0,-2.2626664852623923e-05,4.671770471257579e-06,-6.70983402144254e-05
187.65840839999873,0.0,0.0,0.0,1.4831661566516268e-05,-0.0004752588240185946,-0.00031864685210720577
187.70774820000224,0.0,0.0,0.0,-3.276911090333091e-05,0.0002316688402351572,-0.00022545594386804303
187.75766909999948,0.0,0.0,0.0,1.6194906700264237e-07,8.962245743211945e-05,-0.00021491643028623796
187.80781439999555,0.0,0.0,0.0,2.208623398933459e-05,-0.0001341873337641371,-0.00027731804724093174
187.85892369999783,0.0,0.0,0.0,9.219170209957818e-05,0.0006868380642181876,-0.0003299100879216836
187.9103610999955,0.0,0.0,0.0,-2.3378306238604352e-05,-0.00032852881886662964,-0.00010614334971816803
187.95679709999968,0.0,0.0,0.0,-1.2451263069638384e-06,8.096106028884335e-05,-4.1168633978978706e-05
188.0089994000009,0.0,0.0,0.0,-4.070840745059604e-05,-0.0005305072137186692,9.990913360513216e-05
188.05742699999973,0.0,0.0,0.0,1.1880153335666606e-05,0.00013090600434627597,-0.00011460976355506584
188.1062282999992,0.0,0.0,0.0,4.6306936305250414e-05,0.00043473244648012,-0.00034515813542939234
188.15768849999586,0.0,0.0,0.0,-1.537331029357522e-05,-0.00031259946251053567,-0.00019932326763379544
188.21896150000248,0.0,0.0,0.0,-1.3132428645817761e-05,5.357938483341106e-05,-0.000304396029584405
188.25787119999586,0.0,0.0,0.0,5.40909408265579e-06,0.00029205798137936425,-0.00035048059179350907
188.30728380000073,0.0,0.0,0.0,-1.7320637210728027e-05,-0.0001456379328032774,-0.00030913067890119965
188.3662581000026,0.0,0.0,0.0,-5.764797810342654e-06,6.679497216542666e-05,-0.0003430942633031041
188.41731040000013,0.0,0.0,0.0,1.6302647827134345e-05,-5.2736750854176806e-05,-0.0003616679404397976
188.4647752000019,0.0,0.0,0.0,-2.3523058914979022e-07,5.019803064800237e-05,-0.0003082928208294885
188.50922130000254,0.0,0.0,0.0,4.4477634434650636e-05,-0.00025757013564975677,-0.00024893983026510764
188.55758459999925,0.0,0.0,0.0,-2.680144967646114e-05,0.000518233393792773,-0.0002517730228282349
188.60949909999908,0.0,0.0,0.0,-1.76358403865328e-05,-0.0004578548075107084,-0.000255438646772196
188.6585277999984,0.0,0.0,0.0,4.4150928869210446e-05,0.00035642474215925656,-0.0002482515642641075
188.7096956000023,0.0,0.0,0.0,2.3683880581065958e-05,0.00011085933387987369,-0.00018646165319772233
188.75847310000245,0.0,0.0,0.0,-4.1960248181972055e-05,-0.0004385069804155988,-0.00015128913798141802
188.8086028999969,0.0,0.0,0.0,-1.7996600408801017e-05,3.2754815174005044e-05,-0.00013435807211704704
188.8584011999992,0.0,0.0,0.0,2.786361037645404e-05,-0.00011337367513994765,-0.0001008866206548617
188.9071436000013,0.0,0.0,0.0,-1.638686586219249e-05,5.1036270398140447e-05,-0.00019325701443968551
188.95658489999914,0.0,0.0,0.0,2.102373943117234e-05,0.00041179726675211626,9.917476235746902e-05
189.00812340000266,0.0,0.0,0.0,-1.8821617856233544e-05,-0.00015803465101728667,0.0001155354756629783
189.05878259999736,0.0,0.0,0.0,5.7503549270675235e-06,-9.575901925232325e-05,6.925885903277114e-05
189.10718020000058,0.0,0.0,0.0,7.96697823649755e-06,-0.00012075373897541859,0.00017140714218989616
189.1584081999972,0.0,0.0,0.0,-3.159681341507258e-05,-5.700258162376717e-05,-0.00016607111042007296
189.20681270000205,0.0,0.0,0.0,4.759548522483291e-05,0.0002789440250310133,-0.00014322499317651332
189.26584130000265,0.0,0.0,0.0,-4.450156977133198e-06,-4.887408000054442e-05,3.430729691153841e-05
189.3137360999972,0.0,0.0,0.0,-9.316095333002512e-05,-0.0005509051674637617,9.312517010635059e-06
189.35827360000258,0.0,0.0,0.0,1.1577297619703874e-07,0.00014695041746547904,0.00018828059574076133
189.40969480000058,0.0,0.0,0.0,6.765775083402417e-05,-4.714788094656433e-05,-0.00043701359486663315
189.4573906000005,0.0,0.0,0.0,5.854575034004318e-06,0.00046441764584906494,-0.0003016029876484972
189.50912529999914,0.0,0.0,0.0,-1.0833349965302602e-05,-0.0003667989898152038,-0.00027877098812446893
189.55666049999854,0.0,0.0,0.0,1.4305002470706864e-05,0.0001127265583971477,-0.00025192484729081785
189.6085327999972,0.0,0.0,0.0,-2.8719655925576455e-05,-6.5977701796008124e-06,-0.00025100587134195654
189.6590705999988,0.0,0.0,0.0,4.336178179411765e-05,0.0002384061545737302,-0.00023838709011169426
189.7078984999971,0.0,0.0,0.0,-4.747841838481664e-05,-0.0005378011256264395,-0.0002468092997955674
189.7561041000008,0.0,0.0,0.0,1.2051100863021123e-05,-5.543306984745843e-05,-0.000181185547631151
189.8080289999998,0.0,0.0,0.0,3.489151212073251e-05,0.00048598192252437375,-0.0002198839626611347
189.86044930000207,0.0,0.0,0.0,-4.122517538667608e-05,0.00011522042232205905,-0.00021466118829278235
189.90949589999946,0.0,0.0,0.0,3.457524592737025e-05,-0.00023437584986524571,-3.720801216642635e-05
189.95725279999897,0.0,0.0,0.0,-5.771467959332733e-05,-7.447534588905353e-05,-0.0003991457298882661
190.00688020000234,0.0,0.0,0.0,6.816287086155057e-05,0.0001126821733089771,-0.0004136211397394566
190.05680500000017,0.0,0.0,0.0,-4.378986798490996e-05,0.0003823703815154251,-0.00033941252962787393
190.10809409999638,0.0,0.0,0.0,-1.232424069603025e-05,-0.0003970713225505681,-0.00037677526287035725
190.1591738999996,0.0,0.0,0.0,-2.4582867213927898e-06,0.00026684436936995603,-0.0003688881872939997
190.20978350000223,0.0,0.0,0.0,-1.8528283758115867e-06,-0.00021033608473469668,-0.00045728849840607854
190.2646440000026,0.0,0.0,0.0,-1.5606078864787086e-05,-0.00019323191433358577,-0.00048747738337723105
190.31345989999681,0.0,0.0,0.0,3.70815011218454e-05,0.0003420418845413128,-0.0002039127539532626
190.36631730000227,0.0,0.0,0.0,2.7349516040077917e-06,-0.00010021974825311731,0.00010387691909669215
190.4100710999992,0.0,0.0,0.0,3.546064519539936e-05,8.684804741331006e-05,6.490853945544078e-05
190.46414769999683,0.0,0.0,0.0,1.000979278907572e-05,-0.00024365714853949075,2.8359791015032295e-05
190.51208410000254,0.0,0.0,0.0,-0.00010568470541640427,-0.00014504272576021772,-7.471163486937307e-05
190.5627811000013,0.0,0.0,0.0,-8.05849700191356e-06,-0.0001665087173493101,-2.8514870512721936e-05
190.6111133000013,0.0,0.0,0.0,3.479185370706527e-05,0.0002813365482835841,-0.0004395619824837971
190.66221519999817,0.0,0.0,0.0,3.6954058391757825e-05,-5.580895469003543e-05,-0.00040730436327325695
190.71172449999722,0.0,0.0,0.0,-2.4768473632850656e-05,0.00013529423212440563,-0.00035292362690949675
190.75994119999814,0.0,0.0,0.0,2.2565728724320313e-05,-0.00020264362935427761,-0.0003591581405600197
190.8076277,0.0,0.0,0.0,8.108502433305744e-06,0.00017111016653561552,-0.0002967425060309434
190.85750810000172,0.0,0.0,0.0,-9.593145606619958e-06,0.00021150842423777735,-0.00032751640515220527
190.9072337999969,0.0,0.0,0.0,-4.539705615176687e-06,-0.0002429258710405645,-0.0003804436989843557
190.95647879999888,0.0,0.0,0.0,3.475408733496233e-05,-9.225043872579786e-06,-0.0003360253772052504
191.00924769999983,0.0,0.0,0.0,-3.184990931439422e-05,-1.8538627114192326e-05,-0.00037843581494543177
191.0583129000006,0.0,0.0,0.0,3.7834865801286223e-06,0.00014621511823436226,-0.0003675850608803659
191.1066206999967,0.0,0.0,0.0,5.308708656062532e-06,-0.0002504602136867109,-0.00030466939911274354
191.15777959999832,0.0,0.0,0.0,5.588372867863887e-07,6.085581851666748e-05,-0.00031749730350506215
191.20712429999548,0.0,0.0,0.0,-3.216149116096637e-05,-0.00012645749247887592,-0.0003430006303906116
191.2584846999962,0.0,0.0,0.0,4.0244818960165365e-05,0.00013059293073720276,-0.0002918357913436346
191.3100265999965,0.0,0.0,0.0,-3.35889392280719e-05,5.5760129595721654e-05,-0.00026213318432729725
191.35862929999712,0.0,0.0,0.0,4.929891301882912e-05,0.00043776399104335424,-0.00031083766553742444
191.41470850000042,0.0,0.0,0.0,-9.17808378963047e-06,-0.00017710183844052836,-0.0003386041125197051
191.46449259999645,0.0,0.0,0.0,-2.355897606313584e-05,-0.00048118335447982797,-0.0003105265356304545
191.5095497000002,0.0,0.0,0.0,-8.643754896339471e-06,0.00013742228607882908,-0.0003038809196524041
191.55778570000257,0.0,0.0,0.0,1.620193473633308e-05,4.523224009605201e-05,-0.00032962806105550163
191.6077757000021,0.0,0.0,0.0,-3.3586720871610927e-06,-5.6702816972582386e-05,-0.00021776494320604564
191.65744009999617,0.0,0.0,0.0,-1.400272854847935e-06,0.0004799651296893275,-3.334463467215526e-05
191.70733199999813,0.0,0.0,0.0,-3.3980468068737637e-06,-0.0003347025647991371,0.00010939837677738945
191.75812009999936,0.0,0.0,0.0,-1.0193312656043722e-05,0.000154722654908481,5.77471090398656e-05
191.8096196999977,0.0,0.0,0.0,-8.446510833302152e-05,-0.00024847896724024325,-0.00022777694973170917
191.8583002000014,0.0,0.0,0.0,3.111610330245168e-05,-1.695632207907066e-05,-0.00041007858421499845
191.90808599999582,0.0,0.0,0.0,1.3247160668836307e-05,0.00028127106531703735,-0.0004069714911599135
191.9574358999962,0.0,0.0,0.0,-2.4140233425905086e-05,-0.0002857015273938853,-0.00046030688564641147
192.00623839999753,0.0,0.0,0.0,4.574085535957262e-05,-1.2172284940400979e-05,-0.00023235832910541824
192.05829639999865,0.0,0.0,0.0,-3.7355760540682857e-06,0.0003172799307461769,-0.00017058088788942315
192.10831280000275,0.0,0.0,0.0,1.768682244646029e-05,-0.0001591853699188055,-0.00019320511355192294
192.1583776999978,0.0,0.0,0.0,-1.1453643688133994e-05,-3.7711892228134486e-05,-7.930863316130964e-05
192.20723700000235,0.0,0.0,0.0,1.2202231462399741e-05,-5.457094152660929e-06,-0.00011731434876610438
192.25875780000206,0.0,0.0,0.0,1.3111138583665228e-05,0.00044636494430351747,-3.2168028766592496e-05
192.31014010000217,0.0,0.0,0.0,-1.8425703505329184e-05,-0.00045288220973702386,-6.340747197547912e-05
192.35805899999832,0.0,0.0,0.0,8.131927026576746e-06,5.713979363843421e-05,-3.445781109204634e-05
192.4165828999976,0.0,0.0,0.0,3.1216024067515254e-05,-0.00034568861116849074,-0.0005340318989400854
192.46268979999877,0.0,0.0,0.0,-3.3529356488429132e-06,0.00014368582930195413,-0.0003839974524945596
192.5194926999975,0.0,0.0,0.0,-8.826253151267564e-06,7.58127861258993e-05,-0.00028702750097212416
192.5640237999978,0.0,0.0,0.0,5.285920203541718e-05,0.0001290145928046814,-0.00031935028397867443
192.61800139999832,0.0,0.0,0.0,-5.388324921026949e-05,7.439704495476407e-05,-0.0002667377381334914
192.66503759999614,0.0,0.0,0.0,8.40292114159638e-05,-0.00027748899232523836,-0.00020871482330935147
192.7198344999997,0.0,0.0,0.0,-8.962625051715953e-05,0.00010592460189294286,-0.00023989098263204586
192.76176239999768,0.0,0.0,0.0,3.816917767401943e-05,0.0006839643731422244,-0.00018721580259954565
192.8082738000012,0.0,0.0,0.0,-6.5391066521399355e-06,-0.0003300696061957228,-0.00021463991891617097
192.86789080000017,0.0,0.0,0.0,-3.8732638258957596e-05,-0.0003310894869938358,-0.00020106070226853442
192.91493700000137,0.0,0.0,0.0,-1.919550667592125e-05,-0.0002034493770468931,-0.0002455645995488049
192.96705320000183,0.0,0.0,0.0,5.352710257344066e-05,0.00018532625818867019,-0.0001432331918966061
193.0120029000027,0.0,0.0,0.0,2.140800580567538e-07,0.00033173251779658073,-2.1161980148657735e-05
193.06608179999603,0.0,0.0,0.0,1.2730786818216438e-05,-0.00016526917457936304,0.00014136117818315365
193.1167779000025,0.0,0.0,0.0,2.4871328653036907e-05,0.0006950538382603116,3.024011483314249e-05
193.16608149999956,0.0,0.0,0.0,-4.4165902371677063e-05,-0.0005632623671942404,-0.00010046691749608384
193.21705959999963,0.0,0.0,0.0,1.0387525990423079e-07,-0.00021855354156281382,-8.242174281723944e-05
193.26954619999742,0.0,0.0,0.0,-7.716653614833967e-06,0.0002565745663894028,-2.883185552771976e-05
193.30721959999937,0.0,0.0,0.0,6.608255736766146e-06,0.00016544341719129365,8.042325248138975e-06
193.36883769999986,0.0,0.0,0.0,-2.6792328898841847e-05,-0.0003635902005667696,-5.28306514487037e-05
193.41639769999892,0.0,0.0,0.0,8.561053841128721e-05,-0.0001167017424337403,6.489368899833071e-06
193.46591339999577,0.0,0.0,0.0,-7.244082670712342e-05,0.0002280934946685408,4.511874631003384e-05
193.51557319999847,0.0,0.0,0.0,1.8252331236133886e-05,8.231965808723883e-05,-2.3666913425370413e-05
193.56874249999964,0.0,0.0,0.0,-1.2208059705481108e-05,-0.0003532856448276849,0.00016660150570087183
193.61152069999662,0.0,0.0,0.0,-2.1067644831597136e-05,0.00023714994212312732,2.816186308211289e-05
193.66644570000062,0.0,0.0,0.0,7.757225122816158e-06,-2.7248992575420633e-05,9.038779010112821e-05
193.70936159999837,0.0,0.0,0.0,3.0000129087351452e-05,3.9695672086281666e-05,0.00012923311528313647
193.76770489999763,0.0,0.0,0.0,-2.2894085518023962e-05,4.0117998361727574e-05,-0.00010269147309802493
193.81451679999736,0.0,0.0,0.0,1.5291464357264435e-05,-0.0004605297457122673,-0.0006851956503151277
193.85678650000045,0.0,0.0,0.0,3.896581103795484e-06,0.00021449933543798814,-0.0004543088840992006
193.9111761000022,0.0,0.0,0.0,-1.5886758705908947e-05,0.00010757229839832317,-0.00043613270335352667
193.9606883000015,0.0,0.0,0.0,3.2957370816298992e-06,-0.0001038634582933601,-0.0003613309400757554
194.0170702999967,0.0,0.0,0.0,0.0003425946988815719,0.0005001175367341004,0.11790839450640266
194.06678010000178,0.0,0.0,0.0,0.0010188246776270998,-0.0017237604878603437,0.29274508040568264
194.11097789999621,0.0,0.0,0.0,0.0004727904980708421,6.724251162043034e-05,0.45823430174975066
194.16372299999784,0.0,0.0,0.0,0.0009040727134698803,-0.0012016291989948955,0.6392683222527025
194.21689689999766,0.0,0.0,0.0,0.0011956389120425016,0.0005951277883498199,0.8450207133894544
194.26967680000234,0.0,0.0,0.0,0.002276174074057902,0.004726221380430563,1.0842250490054548
194.31395299999713,0.0,0.0,0.0,0.002120736865159568,0.002344406439907054,1.3824944107988175
194.36515459999646,0.0,0.0,0.0,0.002500561611737016,-0.0006788960627732744,1.675462059692011
194.41636679999647,0.0,0.0,0.0,0.003397582175975874,-0.004795209337105703,1.8203488998682222
194.46681749999698,0.0,0.0,0.0,0.004189762560788062,0.0005510025996834922,1.8394479002967665
194.50864739999815,0.0,0.0,0.0,0.004016118891633126,-0.0041243582915034835,1.872567760286771
194.56716849999793,0.0,0.0,0.0,0.003625235792021273,0.0032506388789052543,1.8798251087965754
194.61162360000162,0.0,0.0,0.0,0.003683472859187333,5.184992544349216e-05,1.8818012418292531
194.66779429999588,0.0,0.0,0.0,0.003664794835997296,-0.0012109467741539177,1.8828969885301947
194.71378879999975,0.0,0.0,0.0,0.0039780045239619635,-0.0029786944801080007,1.8804766584672727
194.7658569999985,0.0,0.0,0.0,0.00277299199475553,0.006809734020075028,1.8496328010353416
194.8138093000016,0.0,0.0,0.0,0.0035087973560274078,-0.005492530711057151,1.7472341446515656
194.8665800000017,0.0,0.0,0.0,0.0027073716839475393,0.001333089623841265,1.6129915280195624
194.9090425999966,0.0,0.0,0.0,0.0026636361557101744,-0.00032569469920674726,1.475112365408282
194.9656879999966,0.0,0.0,0.0,0.0025257782119528826,0.0008805625585586772,1.3624352804684912
195.0163653999989,0.0,0.0,0.0,0.002245937291227163,0.0020022598785847437,1.2569836453979182
195.07021489999897,0.0,0.0,0.0,0.0030213943131309775,-0.005670419976596389,1.1607198780311525
195.10885279999638,0.0,0.0,0.0,0.001648645637529287,0.004750543752624604,1.0748759924372466
195.16567869999562,0.0,0.0,0.0,0.0017277912181441104,-0.0017840924248775174,0.9895590921438767
195.21858369999973,0.0,0.0,0.0,0.0022584301534141083,-0.0008240326922452704,0.9168998978080155
195.26004190000094,0.0,0.0,0.0,0.002806960919877313,-0.000510548953753933,0.8552060219786439
195.31566459999885,0.0,0.0,0.0,0.0014664820152765806,-0.004662799253203112,0.7821418198788066
195.36086049999722,0.0,0.0,0.0,0.0016013242601568695,4.4090449079275595e-06,0.7234345657940442
195.4154817000017,0.0,0.0,0.0,0.0015101997363445926,8.351040565163642e-05,0.6693717472666415
195.46884560000035,0.0,0.0,0.0,0.0020072452561005344,-0.007465474079810018,0.6571367996456259
195.51830949999567,0.0,0.0,0.0,0.001721142004776697,0.003066525349285001,0.6476295468627238
195.56455909999931,0.0,0.0,0.0,0.0015433448712069645,-0.0002847895769388271,0.6464897379668094
195.61090469999908,0.0,0.0,0.0,0.00145332256460374,0.004147358022185661,0.6604770330470312
195.667655199999,0.0,0.0,0.0,0.0011429231050147128,0.00273963977292287,0.6877471479160885
195.71487949999573,0.0,0.0,0.0,0.0020171049047800847,-0.004503977794467735,0.7067566830853254
195.76924609999696,0.0,0.0,0.0,0.0018841934941348651,0.0019963251377517867,0.6727505600347471
195.81759379999858,0.0,0.0,0.0,0.0008968926249863448,0.005592788945021861,0.5549415226132921
195.85987059999752,0.0,0.0,0.0,9.231498095637295e-05,0.008626783851848632,0.3675990561867607
195.91926460000104,0.0,0.0,0.0,0.0004400772215662914,-0.008823638072749666,0.19120149136147113
195.96564809999836,0.0,0.0,0.0,0.0005432711923853176,0.0070722648910250974,0.13957571691195855
196.016701499997,0.0,0.0,0.0,0.0003757664680650674,0.0018366236126231453,0.24787582730068025
196.0682683999985,0.0,0.0,0.0,0.0003011691386205387,0.0022014206429956606,0.31466271612854857
196.1175155000019,0.0,0.0,0.0,0.00047224413861721,-0.001480808626442931,0.32229481935278725
196.16162330000225,0.0,0.0,0.0,0.0006295947102726364,-0.0031667463960117666,0.3266343133087724
196.2165776999973,0.0,0.0,0.0,0.0004665987328499413,0.005303613764083208,0.3316335576354943
196.26574029999756,0.0,0.0,0.0,0.0005472561375807867,-0.0016961259099964269,0.33976518987083587
196.31138069999724,0.0,0.0,0.0,0.000663371015525291,-0.0028032984151623104,0.35830435787532694
196.3613581000027,0.0,0.0,0.0,0.0005285826269275172,0.0026254557790200243,0.38975529231687117
196.41861400000198,0.0,0.0,0.0,0.00069603408060417,-0.000736843745986504,0.4344799177639291
196.46615349999774,0.0,0.0,0.0,0.0008106676411043286,-3.504948847742642e-06,0.4931918279570269
196.5177351999955,0.0,0.0,0.0,0.001223860684584151,0.0003826953223202762,0.5920119605385142
196.5649173999991,0.0,0.0,0.0,0.0005090839569019186,0.0075347411738699134,0.6101983505987478
196.61411919999955,0.0,0.0,0.0,0.000295068836835456,0.0021251275265534086,0.6094658286425509
196.66908010000043,0.0,0.0,0.0,0.0005538760853323771,-0.00014470999393326165,0.5992018506105471
196.7152098000006,0.0,0.0,0.0,0.0007424032232178971,6.513717590712155e-05,0.5805246695281936
196.76734710000164,0.0,0.0,0.0,0.00047284099909869953,0.00083150797412437,0.5547104987505226
196.8090613000022,0.0,0.0,0.0,0.00046706953586680733,-0.00019863848442397582,0.5212416449122367
196.86568109999644,0.0,0.0,0.0,0.00025499467197863054,-0.0010048912283807145,0.479278983486893
196.91511850000097,0.0,0.0,0.0,0.0010284229205228138,-0.0015804526594250324,0.4233140605960644
196.96933439999702,0.0,0.0,0.0,0.0010490312536865515,-0.006381612407936429,0.32573805933326566
197.01211630000034,0.0,0.0,0.0,-0.0002073814516358214,-0.004030244648587011,0.14870880710637854
197.0624114999955,0.0,0.0,0.0,-0.00034065966052098816,-0.00427653190884021,0.015323559226636757
197.11704989999998,0.0,0.0,0.0,0.00013574679091821716,-0.0017732019477987877,0.0009741869137197331
197.15984149999713,0.0,0.0,0.0,-7.881843210806304e-05,0.0004157496216222276,0.0007452074299039031
197.21731379999983,0.0,0.0,0.0,7.45913162118245e-05,-0.0007366671334878967,0.0004141048124042928
197.2594773000019,0.0,0.0,0.0,-4.542076214299599e-05,0.00045556966133701994,0.00015908621131651871
197.31444860000192,0.0,0.0,0.0,7.938532889357271e-05,-0.00028646723220147077,0.00023079597616071807
197.36659379999764,0.0,0.0,0.0,-9.305795584415052e-05,-0.0003115263639070622,1.7394048925385526e-05
197.41509999999835,0.0,0.0,0.0,-4.7570298964339755e-05,0.0004886011112105605,6.998680737241653e-05
197.46396919999825,0.0,0.0,0.0,7.444454336230321e-05,0.00012308989497405523,-9.23743093812018e-05
197.51512560000265,0.0,0.0,0.0,5.0451947893888085e-05,-0.00015848072945812483,5.823641071098311e-05
197.56547899999714,0.0,0.0,0.0,-9.057566206479022e-05,-0.0002259694631349085,0.00021984846558841892
197.62061579999863,0.0,0.0,0.0,4.0591663226120106e-05,-0.00013982900737893216,0.00036370240557766567
197.66446819999692,0.0,0.0,0.0,-3.536099196404188e-06,6.723613550379025e-05,0.00025164613680076495
197.7157395999966,0.0,0.0,0.0,6.0962448813608216e-05,-6.023340184398569e-05,0.00015500852156101263
197.76816680000047,0.0,0.0,0.0,-8.957161005346202e-05,-0.0002969790850166149,0.0002531926164780916
197.81756859999587,0.0,0.0,0.0,6.411746422686344e-05,0.0006739612718102476,0.0001422016572951948
197.86206429999584,0.0,0.0,0.0,-2.1243309743534406e-05,-0.0003554792793147399,0.0003276842626201456
197.91517580000072,0.0,0.0,0.0,-7.266214544762663e-06,5.718878433610563e-05,0.00025594467901770906
197.9658655999956,0.0,0.0,0.0,-4.469360489771014e-05,0.0007635102989573092,1.6302398549747933e-06
198.01544969999668,0.0,0.0,0.0,6.0781707265416236e-05,-0.00026617389461425743,-3.498773191222352e-05
198.06714810000267,0.0,0.0,0.0,-7.621220374196937e-07,-0.0002503729962830205,-5.535576467868676e-05
198.12086139999883,0.0,0.0,0.0,2.0055825133819575e-05,0.0004909994930214992,3.209584116556057e-05
198.16863459999877,0.0,0.0,0.0,-5.90386310404986e-05,-0.000557648272486743,-0.00014363231788212688
198.21461070000078,0.0,0.0,0.0,-2.8011520287313355e-05,-0.0005059315528984986,-0.00030404509863478515
198.26586300000054,0.0,0.0,0.0,3.203352250559088e-05,0.00027333340330762754,-3.2244097812894664e-05
198.31464640000195,0.0,0.0,0.0,1.7485489547370543e-05,0.0001853095026846544,0.0001634244036726777
198.36828149999928,0.0,0.0,0.0,-4.110863562475916e-05,0.00010201829201272967,-0.00012482046289291447
198.41207559999748,0.0,0.0,0.0,1.906422092161811e-05,-5.763369194464773e-05,7.687778317044206e-05
198.46642099999735,0.0,0.0,0.0,-3.977806324725578e-05,2.2713788648499578e-05,3.0417455911723847e-05
198.5158259000018,0.0,0.0,0.0,2.6284939156669863e-05,0.0007901101362367892,0.00017541375314165226
198.56383829999686,0.0,0.0,0.0,7.042662176444248e-05,-0.0007776378352294487,1.8379382649279095e-05
198.6149385000026,0.0,0.0,0.0,-0.00011753482975913365,-9.089186946008689e-05,0.00013422221648448618
198.66771680000238,0.0,0.0,0.0,5.007042763244134e-05,-0.00013347309987928773,8.362944814480057e-05
198.7171240000025,0.0,0.0,0.0,3.740760503458381e-05,0.0003386063813704538,-2.1060828476491235e-06
198.76523060000181,0.0,0.0,0.0,0.00011223392253482516,-5.075521221654259e-05,-0.00010691782521758585
198.81316040000092,0.0,0.0,0.0,-3.696399869450449e-05,-0.0002205819216313607,-0.0004479631090557884
198.86550210000132,0.0,0.0,0.0,-9.592371034458882e-05,0.00013797302372147693,-6.765905705351706e-05
198.91409700000077,0.0,0.0,0.0,6.581631758362697e-05,-0.00013071651776133783,4.218478270917661e-06
198.96668820000195,0.0,0.0,0.0,-3.8331823996751564e-05,-0.0001226673114816106,-0.0003171585408124699
199.01449979999597,0.0,0.0,0.0,-5.750379368156366e-05,0.0001598767578546502,-8.301243002951339e-05
199.06044770000153,0.0,0.0,0.0,-2.2838764149443236e-05,-0.0003299408072285855,-0.00035316264379010794
199.10936129999754,0.0,0.0,0.0,6.748452221576895e-05,-6.801143719576818e-05,-7.353698838881297e-05
199.16102769999998,0.0,0.0,0.0,1.619826165032737e-06,0.0005795107513296142,2.1024047779549418e-05
199.21599550000246,0.0,0.0,0.0,4.9277354927155e-05,0.0004080911801907511,-0.00010908439356466077
199.26745749999827,0.0,0.0,0.0,-0.00010949192084182793,0.0009262587537920224,-6.772653931626779e-05
199.31520779999846,0.0,0.0,0.0,-5.887042872310695e-05,-0.0016329458352911746,-3.8869505340396444e-05
199.36218849999568,0.0,0.0,0.0,7.965153517912161e-05,0.0002785455501118858,-0.00016310737481979495
199.4144473999986,0.0,0.0,0.0,3.313433772373246e-05,-0.00019953596281815548,-0.0003398059598652373
199.46094359999552,0.0,0.0,0.0,-6.883273037137099e-05,0.00023849955522002234,-0.0004818221163721653
199.5166207000002,0.0,0.0,0.0,-2.2838533163935674e-06,-0.0002664586003224711,-0.00021385402682133137
199.56978569999774,0.0,0.0,0.0,6.638933531725346e-05,0.0002907273279944716,-6.952423987292101e-05
199.61215580000135,0.0,0.0,0.0,-2.7551136594416924e-05,-6.948430407710777e-05,7.312263083915557e-05
199.66545580000093,0.0,0.0,0.0,1.038993664426824e-05,7.55626383970018e-05,-6.759841114867096e-05
199.71348510000098,0.0,0.0,0.0,3.59911726861875e-05,6.592669108607768e-06,5.819095255517139e-05
199.76030190000165,0.0,0.0,0.0,-2.698085424297563e-06,-4.4058061061191785e-05,-6.878514943344629e-05
199.81380699999863,0.0,0.0,0.0,1.8813187828943037e-05,-0.00014970020352748228,4.8637827364470665e-05
199.86655939999764,0.0,0.0,0.0,1.3327210857587282e-05,-7.38490927317663e-05,0.0002328223097957734
199.91265839999687,0.0,0.0,0.0,-4.4345443739663615e-05,0.0003362489304147739,0.000306824768433578
199.96253160000197,0.0,0.0,0.0,-9.48725112421886e-05,0.0005552640702325563,6.606069329493644e-05
200.01729099999648,0.0,0.0,0.0,3.0385672785989366e-05,-0.0009771030980717254,0.0003268536687158464
200.0613274999996,0.0,0.0,0.0,-1.6214446275527205e-05,-0.00014368915674578612,0.00031140896900759877
200.11831230000098,0.0,0.0,0.0,7.856295439137844e-05,-0.00022377471805048478,7.085784151408857e-05
200.1690923999995,0.0,0.0,0.0,2.2893780047336395e-05,0.0009060340150135617,0.00016841007378173758
200.21010730000125,0.0,0.0,0.0,-5.32386836951219e-06,-0.00047678177694385985,0.0003172026235208694
200.26002979999612,0.0,0.0,0.0,-3.663601526876205e-05,-7.229017844011929e-05,0.0003648921757575945
200.31734110000252,0.0,0.0,0.0,5.553512789012336e-05,0.00018267726942220892,0.00032907641425719883
200.3667690000002,0.0,0.0,0.0,-6.23568255189101e-05,-0.00013572584973707606,0.00020838575815106656
200.421016399996,0.0,0.0,0.0,-3.132221039073334e-05,0.0003783416734610373,0.00031628360933376416
200.4616440999962,0.0,0.0,0.0,3.000108813268242e-05,0.0005442178929779071,0.00017312300476896744
200.51957830000174,0.0,0.0,0.0,9.121655797519602e-05,-0.00032320961276289915,0.0001629560723882405
200.56689090000145,0.0,0.0,0.0,-9.939909293159798e-05,-0.00032731469305187364,6.459462919538e-05
200.61370039999747,0.0,0.0,0.0,1.3608325898268019e-05,-0.00028764828829632756,0.00011148326939235484
200.6624268000014,0.0,0.0,0.0,-3.0665707826636237e-06,4.1233316680609914e-05,2.289897503211251e-05
200.71765089999826,0.0,0.0,0.0,-4.400977648087964e-05,0.0003106526833421209,-3.0109429168195996e-05
200.75949039999978,0.0,0.0,0.0,-4.182209972463328e-05,-0.0006466324589876788,-4.2449147934982054e-05
200.81912010000087,0.0,0.0,0.0,-4.492695213825516e-05,0.0005382701343717074,-0.0002532291088960423
200.86442559999705,0.0,0.0,0.0,0.00010902478079934512,-0.00017058734342142588,-0.00024420766152118156
200.91434859999572,0.0,0.0,0.0,6.388702157755962e-06,-0.00021242765951238638,-0.00030969269778306785
200.96366000000125,0.0,0.0,0.0,-4.7863390190611645e-05,1.4994758350898798e-05,-0.00033421951596841916
201.0150414000018,0.0,0.0,0.0,5.031043956441876e-05,9.982470565365179e-05,-0.0002506966031885509
201.0662749999974,0.0,0.0,0.0,1.2550554123567852e-06,7.7605392846445e-05,0.00016197231733635313
201.11515079999663,0.0,0.0,0.0,4.994671328184107e-05,-9.973665639957236e-05,0.00027994111971728813
201.1654187000022,0.0,0.0,0.0,4.783126013994234e-05,2.665427330066751e-05,0.00020708382458959688
201.20983899999555,0.0,0.0,0.0,-0.00010105489697322036,0.0002249799485614633,-6.499355384273698e-05
201.26571120000153,0.0,0.0,0.0,-1.0238773626576104e-05,-9.427684780064077e-05,-8.950129423745173e-05
201.31411690000095,0.0,0.0,0.0,-5.066326939917252e-05,-0.00019103037765568742,-0.00036959610742449495
201.36247749999893,0.0,0.0,0.0,8.087528919851033e-05,-0.0003141039513867765,-0.0001743768969824052
201.41507550000097,0.0,0.0,0.0,-8.345478382720225e-05,0.00043094894250063836,0.00011376444636049691
201.46829869999783,0.0,0.0,0.0,0.00013147772443920043,7.716508784299624e-06,0.00023541595456456495
201.50694900000235,0.0,0.0,0.0,-9.160746933200866e-05,-0.00015738849305510895,8.573980647725199e-05
201.56313529999898,0.0,0.0,0.0,5.123336479641697e-05,-2.3569843753712683e-06,6.181363742475442e-05
201.6130140000023,0.0,0.0,0.0,3.0281496796850115e-05,0.001138266269476054,-0.00010364161163501548
201.6623905000015,0.0,0.0,0.0,1.7635858824379244e-05,-0.0004757600207985133,-0.0002061784614848613
201.71420059999946,0.0,0.0,0.0,-3.453430495348876e-05,-0.0004880113098239695,-0.00031272612659303135
201.76474649999727,0.0,0.0,0.0,2.028644603530626e-05,-0.00030707969605171906,7.534915725942677e-06
201.8153405999983,0.0,0.0,0.0,1.570352414158888e-05,0.0007920858423684271,0.00017618985335558917
201.86403260000225,0.0,0.0,0.0,-6.222380155642512e-05,-0.00013023181856168102,-0.00020571546642550762
201.91578959999606,0.0,0.0,0.0,-2.4207534115915588e-06,-0.0005446442951413287,-5.436690722016283e-05
201.96617459999834,0.0,0.0,0.0,-7.638418563560067e-05,0.0003001289531282893,0.00016995730542372118
202.01294390000112,0.0,0.0,0.0,9.137676198014387e-05,-1.762462977666362e-05,3.358336774505306e-05
202.06593399999838,0.0,0.0,0.0,-1.966512162115913e-05,-0.00016785052564190073,2.3193716298025332e-05
202.11475739999878,0.0,0.0,0.0,-4.291799932872918e-06,0.00047394588736283537,-8.366323193596276e-05
202.15811519999988,0.0,0.0,0.0,2.8958573433405072e-05,8.480208304492661e-05,-0.00020091229659545133
202.21611139999732,0.0,0.0,0.0,5.0130494616105434e-05,-0.0008508438320974126,7.208303427688829e-05
202.25735659999918,0.0,0.0,0.0,-6.715807734569079e-05,0.00018563215465206261,-6.0204707512994055e-05
202.31540439999662,0.0,0.0,0.0,-1.63978285472054e-05,-7.58102186401946e-05,9.18899379970707e-05
202.36161929999798,0.0,0.0,0.0,-1.0645094809687135e-06,-3.126917556689416e-05,8.726656059586942e-06
202.41492319999816,0.0,0.0,0.0,3.994278809979841e-05,-0.00012203551232247093,-1.5579970625813845e-05
202.4640806000025,0.0,0.0,0.0,-1.1466918045327294e-05,0.0001482045309948732,-0.00018466260353647193
202.51456540000072,0.0,0.0,0.0,-1.539968138054523e-05,0.00020158794626255034,-0.0002700477740359849
202.5639921999973,0.0,0.0,0.0,1.3329405157482561e-05,7.284616872386635e-05,-0.00023578984501564432
202.61216669999703,0.0,0.0,0.0,3.972843725657172e-05,-0.00039675527751527003,-0.0003135573859422717
202.66481170000043,0.0,0.0,0.0,1.8479144468065024e-05,0.00040272509549723777,-0.00017661550819145507
202.71353549999913,0.0,0.0,0.0,-7.217280900642426e-05,-0.0004924016683796554,-0.0001798063745220158
202.76552739999897,0.0,0.0,0.0,-5.061512053219675e-05,-0.00013291947224655006,-0.00014292359533639876
202.81271330000163,0.0,0.0,0.0,0.00011293080158162306,0.0002646431369968376,-0.00033044310128192505
202.86418969999795,0.0,0.0,0.0,5.6756391511385645e-05,0.0003781690758330879,-0.00029020158904002457
202.9155324999956,0.0,0.0,0.0,-7.764603234228871e-05,-0.0004521425438595455,-0.000307860649113442
202.9667391999974,0.0,0.0,0.0,-2.170557167263187e-05,0.00047741710633878847,-0.00032372131397647753
203.0125373999981,0.0,0.0,0.0,-0.00010309183546362495,-0.00021474039380719044,-0.00025145350303355313
203.06496850000258,0.0,0.0,0.0,5.384694233634285e-06,0.00012124347076241099,-0.0001319010128616177
203.1123074999996,0.0,0.0,0.0,0.00011032540549864707,0.0005679985542975152,0.00031674535010329163
203.16551539999637,0.0,0.0,0.0,-2.3968278602401394e-05,-0.0008304668309034584,0.0005313217491927588
203.21281359999557,0.0,0.0,0.0,-5.206670462076965e-05,0.000771347463658538,0.0003330560096832306
203.26423129999603,0.0,0.0,0.0,6.682771567925914e-05,-0.0003704829343361641,6.429872542155488e-05
203.31431570000132,0.0,0.0,0.0,-6.742334059248813e-05,0.00011957904368507149,9.011952183306552e-05
203.36381399999664,0.0,0.0,0.0,3.20274429651457e-05,-0.0006564966317190961,8.596797704750506e-05
203.41785150000214,0.0,0.0,0.0,3.9209760189492996e-05,0.0002715365423240752,0.00016546689642855315
203.46417089999886,0.0,0.0,0.0,4.084371522662401e-05,0.00024921369026592756,9.606624516968029e-05
203.5115941999975,0.0,0.0,0.0,-6.498265305072943e-05,-0.00019779831041803536,-0.0001551503990476343
203.56362380000064,0.0,0.0,0.0,-3.1918965567840976e-05,0.00016987276911176638,2.6318003847032513e-05
203.60935299999983,0.0,0.0,0.0,7.521497722629654e-05,1.714451909115355e-06,0.00026661304526679104
203.66316099999676,0.0,0.0,0.0,-1.9024093578102433e-05,-9.362003267180215e-05,0.00013458780880090456
203.71421869999904,0.0,0.0,0.0,3.6067421812368324e-05,0.0003171985732262825,-1.4607877560044009e-05
203.76546919999964,0.0,0.0,0.0,-0.00012649389043245974,-0.00042302314775651597,-0.00037576235853761905
203.8172523999965,0.0,0.0,0.0,7.72992398942524e-05,0.00014750281598723637,0.0005141506265785863
203.86280550000083,0.0,0.0,0.0,-4.7257866582783205e-05,-0.00016197551330150592,0.00012149442163108137
203.9165492999964,0.0,0.0,0.0,1.785216124488485e-05,0.00028505286316867976,-0.000198287438426826
203.96318639999663,0.0,0.0,0.0,2.1149047609243442e-05,-0.00022519570979174743,-4.8240102414758666e-05
204.01330900000175,0.0,0.0,0.0,-5.445700182228179e-05,-0.0002962413414443084,8.893424949402291e-05
204.0653581000006,0.0,0.0,0.0,-2.3893589585283898e-05,0.0006899594129245938,0.00015816691301734598
204.11373989999993,0.0,0.0,0.0,0.00010739335295652895,-0.000452401840013991,5.6136120725556396e-05
204.1639576000016,0.0,0.0,0.0,-7.302990105805645e-06,0.00039522408978361973,0.000197228508119405
204.21423009999853,0.0,0.0,0.0,-4.299628952914098e-05,-0.00034730438932006717,0.00011755919235759973
204.26451390000148,0.0,0.0,0.0,-6.369547536509883e-05,6.611522366005373e-05,0.00014392811557471373
204.30851529999927,0.0,0.0,0.0,8.623090892384064e-05,0.0008285073452714159,-0.00013482691411928466
204.36572960000194,0.0,0.0,0.0,-3.4373744638717845e-05,-0.000703803424389862,-4.084021635398449e-07
204.41571989999647,0.0,0.0,0.0,-3.1483435233834646e-05,-0.0004176225788444932,-5.1755078667092705e-05
204.45957929999713,0.0,0.0,0.0,4.787151918449974e-06,6.240717472757793e-05,3.6489653759008066e-05
204.51373149999563,0.0,0.0,0.0,2.011039896044285e-05,-0.00012669546518737415,-8.397149660852036e-05
204.5648921999964,0.0,0.0,0.0,-2.851762449419618e-05,4.86810814373326e-05,0.00018363761447962786
204.6132374000008,0.0,0.0,0.0,0.00014271219963984477,-0.00022482899433306418,8.581924028694927e-05
204.666647799997,0.0,0.0,0.0,-5.8441435608731546e-05,0.0001456021044461998,0.00011252244171342195
204.71319039999798,0.0,0.0,0.0,-8.052300448941547e-06,0.0003484689266598797,-0.00013309919941123692
204.76504120000027,0.0,0.0,0.0,-2.7660349836915255e-05,-0.0005275841959066059,9.097170324181155e-05
204.81368379999913,0.0,0.0,0.0,6.338278087417234e-05,0.000365510887120613,0.0001228362150636546
204.86438469999848,0.0,0.0,0.0,1.417861661810171e-05,-1.6149704761708428e-05,-0.00015692849908477522
204.91560709999612,0.0,0.0,0.0,-3.3705414320183654e-05,-0.00010748259779702331,-3.780989520715173e-05
204.96325549999892,0.0,0.0,0.0,-1.6889011569101082e-05,0.0001931070267011642,-0.0001536390886205808
205.01427970000077,0.0,0.0,0.0,-7.502545184819301e-05,-0.000512127857038179,-0.00015162269067050838
205.06612419999874,0.0,0.0,0.0,5.381527414036629e-05,7.412404084680432e-05,-0.00019737736579951383
205.10995689999982,0.0,0.0,0.0,9.672691449881971e-05,0.000624197365713515,-0.00019293415885156446
205.1637972000026,0.0,0.0,0.0,-6.778970376151645e-05,-0.00016643987973843097,-0.00016237681535456112
205.21121619999758,0.0,0.0,0.0,-5.141515234876565e-05,-0.00012636498841745038,0.00014021586492331422
205.26598730000114,0.0,0.0,0.0,5.236055335179327e-05,0.000641408009538559,-0.0001662124168283165
205.31588550000015,0.0,0.0,0.0,-6.79329116922155e-05,-0.0007662490134364081,-8.718603761023158e-05
205.3652058000007,0.0,0.0,0.0,-1.912640854950849e-05,0.0003761250481637589,1.7051680375444962e-05
205.41482600000018,0.0,0.0,0.0,6.219322204208141e-06,-7.67724022028371e-05,0.00016812513109524624
205.46510590000253,0.0,0.0,0.0,-1.3588253987981547e-05,0.0002602915061968275,0.00016707501501947742
205.51588510000147,0.0,0.0,0.0,-1.4194667983127897e-05,-0.00016147920093166477,3.392662470588903e-05
205.56442519999837,0.0,0.0,0.0,9.879959692135934e-06,-0.00029163771857931907,-0.0002090201320429126
205.6129815999957,0.0,0.0,0.0,2.6488756038219745e-05,0.00021733332442438856,-0.0003568814356971576
205.66064309999638,0.0,0.0,0.0,-6.135775188167884e-05,-0.00021784118804454058,-0.00024535560493539046
205.70699359999708,0.0,0.0,0.0,-9.758315395604208e-06,0.00011928693346642831,-0.00011062930250356384
205.76710520000051,0.0,0.0,0.0,0.0006292794368943609,0.0004197620166149787,0.11634479985446661
205.81504649999988,0.0,0.0,0.0,0.00026982209652595885,-2.203081678598254e-05,0.3023442589274127
205.86884329999884,0.0,0.0,0.0,0.0007156802647284269,-0.0011156168887015221,0.49244235774674694
205.9068441999989,0.0,0.0,0.0,0.001871383492275359,0.000400485791344766,0.6857428685183851
205.96557759999996,0.0,0.0,0.0,0.0016047144078869904,0.0019443098332745587,0.8977231807168435
206.01453100000072,0.0,0.0,0.0,0.0020098885249511074,0.001225346380655073,1.165116935340643
206.06237849999889,0.0,0.0,0.0,0.0023087478848808733,0.003935905269649774,1.4504366283070969
206.11289260000194,0.0,0.0,0.0,0.002803985279536,-0.003770454576280103,1.5599868735072187
206.16457329999685,0.0,0.0,0.0,0.003066493331211074,-0.003623110223288039,1.4739582965358313
206.21444740000152,0.0,0.0,0.0,0.002672926645365198,1.4385441724274534e-05,1.3653757266665145
206.26462100000208,0.0,0.0,0.0,0.002467565418415533,-0.0019111320609171568,1.258422692137713
206.31395039999916,0.0,0.0,0.0,0.0023437864146768394,-0.00025647052101629853,1.1607427722197092
206.36559119999583,0.0,0.0,0.0,0.002102371172462328,0.0007673703390385277,1.0715650368685423
206.41420520000247,0.0,0.0,0.0,0.001982663377443486,0.001075493100794331,0.9922105846009754
206.45856990000175,0.0,0.0,0.0,0.0020275638632472107,0.0005579103900529142,0.922839311477811
206.5120545000027,0.0,0.0,0.0,0.0022202337480471935,-0.004229084588989213,0.8548590494790754
206.56301130000065,0.0,0.0,0.0,0.001906581336591233,-0.0014963458113689387,0.7932568943188361
206.6162278999982,0.0,0.0,0.0,0.0016530672552835363,-8.367081641108497e-05,0.7353479197398559
206.6647277000011,0.0,0.0,0.0,0.0016595738133699874,0.0007574715591917193,0.6821190383709873
206.7150877000022,0.0,0.0,0.0,0.0014725296930244041,-0.006715979681906618,0.6746497312489484
206.76244089999818,0.0,0.0,0.0,0.0014752714680967807,0.002291024997402796,0.6619520708990284
206.8137652000005,0.0,0.0,0.0,0.0015276312800731801,0.0013856724457536132,0.6593133842639802
206.86327439999877,0.0,0.0,0.0,0.0017233658345348402,0.0004248288518459119,0.6698706432790429
206.9133221000011,0.0,0.0,0.0,0.0017175892062498948,-5.9773653136666596e-05,0.6934005884179593
206.96514110000135,0.0,0.0,0.0,0.0012708714733882895,-0.0006128090559365418,0.6944150316562552
207.01422060000186,0.0,0.0,0.0,0.0021036089592514503,0.003623722575878725,0.6282512144224274
207.05740920000244,0.0,0.0,0.0,0.0012658232919829232,0.002727506297849731,0.5129182466736497
207.10896720000164,0.0,0.0,0.0,0.0007406032464939729,0.004343900329493152,0.3417499549327807
207.16464219999762,0.0,0.0,0.0,9.168111350077145e-05,0.00331643080789319,0.17176288617645652
207.21388699999807,0.0,0.0,0.0,-0.00021562490530329796,0.004700081277392924,0.15464709949851776
207.26765010000236,0.0,0.0,0.0,-0.0006119754017784748,0.0004483469523831353,0.26765836721218134
207.31565509999928,0.0,0.0,0.0,-0.0010722611730504545,0.0011196743630406238,0.448272416743813
207.36457430000155,0.0,0.0,0.0,0.0009328497180594167,0.00018831999242315906,0.5829655781472896
207.41499209999893,0.0,0.0,0.0,0.00403325847740288,-0.003730787153522642,0.6757959826539467
207.4686001000009,0.0,0.0,0.0,0.0005102708612357504,0.009693137221008417,0.6900814562536918
207.51256640000065,0.0,0.0,0.0,0.0006329128855715486,0.001557734877720349,0.6705271613546914
207.56221150000056,0.0,0.0,0.0,0.0004904303056268957,0.00045641626153520605,0.6407746316594775
207.61163719999604,0.0,0.0,0.0,0.0008884887069054584,-0.0006574339215711628,0.6121806844594471
207.66702339999756,0.0,0.0,0.0,0.0005980747753664125,0.00021533783110979718,0.5916870466013976
207.71593340000254,0.0,0.0,0.0,0.00036626501282496516,-0.0003360914649763982,0.5575690572969981
207.76475909999863,0.0,0.0,0.0,0.00015967848547992144,-0.00115879555757592,0.5077785322364716
207.8175431999989,0.0,0.0,0.0,0.0016415836728913644,-0.0011468802532897868,0.45333629285949306
207.8664401999995,0.0,0.0,0.0,-0.0002839624366799211,-0.0075529383838922465,0.35669023557697915
207.91412010000204,0.0,0.0,0.0,0.0002517661761066603,-0.003387748892309711,0.16839850524366845
207.9591661000013,0.0,0.0,0.0,6.424570642838949e-05,-0.003911561486918053,0.026624198440740862
208.01416009999957,0.0,0.0,0.0,3.908541059751048e-05,-0.0024938937113888277,0.003495502662763014
208.06533720000152,0.0,0.0,0.0,2.4656789789767266e-05,-0.00042551901244373524,0.0022367352525697395
208.11487230000057,0.0,0.0,0.0,-2.7363652293120297e-05,0.0004269957656689068,0.0010440789330516443
208.1642697999996,0.0,0.0,0.0,-1.9509621264201988e-05,0.00012160380888922358,0.0002634871549186194
208.2130266000022,0.0,0.0,0.0,7.205042552973904e-05,0.0003484258234073502,2.7012555240262356e-05
208.26285749999806,0.0,0.0,0.0,-1.5538312271676724e-05,0.0001815502808192739,-0.0001521285929017368
208.3172842999993,0.0,0.0,0.0,-4.759294848344206e-05,0.0004908471382885106,-0.0001890410241934313
208.3616103000022,0.0,0.0,0.0,-1.7218984342104825e-05,-0.0007694890059866724,-7.686454252778027e-05
208.416387199999,0.0,0.0,0.0,3.8508317702436554e-05,0.0005598253989274153,3.0350732455223714e-05
208.46233989999746,0.0,0.0,0.0,9.292877032747735e-06,-0.00047320675689903325,-8.129873396625752e-05
208.51604270000098,0.0,0.0,0.0,8.661808116281907e-06,-0.00036240295346528075,-9.324440008911767e-05
208.5606753999964,0.0,0.0,0.0,-4.4106233198715066e-05,0.000529856362413048,5.3965853448970895e-06
208.6132851000002,0.0,0.0,0.0,6.234402561455977e-05,-0.00015145726398204482,-5.071661437343575e-05
208.65975790000084,0.0,0.0,0.0,-3.238877993417529e-05,-0.0004047164555244817,-4.350485594742603e-05
208.7151507000017,0.0,0.0,0.0,1.5452573161887842e-05,6.550247371879485e-06,3.437790779751739e-05
208.77034180000192,0.0,0.0,0.0,1.3050142731346845e-05,0.0006308495296586582,5.948098830237524e-07
208.81679659999645,0.0,0.0,0.0,-1.7308444951560407e-05,-0.000691046842536965,1.6575941059989632e-05
208.86070160000236,0.0,0.0,0.0,-7.252489474777343e-06,0.0007617320497037707,-7.854510537866802e-06
208.91480189999857,0.0,0.0,0.0,-1.989265499492924e-05,-0.0003748819104983415,0.0001933060399457028
208.9672860999999,0.0,0.0,0.0,-6.928931525423067e-06,4.2461012657283e-05,0.00024895218669812824
209.01294860000053,0.0,0.0,0.0,-5.10169361994383e-05,0.00026455755181461875,-4.505570133538556e-05
209.06586670000252,0.0,0.0,0.0,5.5852897694937774e-05,-0.00046367657024872557,-0.00041708552391884357
209.1147099000009,0.0,0.0,0.0,6.208040677658979e-05,-0.00017373003465075964,-0.00046625012841835774
209.16113790000236,0.0,0.0,0.0,-6.591295288910759e-05,0.00020814894096598434,-0.0003955814430315847
209.21543499999825,0.0,0.0,0.0,-1.2229085572688849e-05,-0.00017212431836803832,-0.0005385772841973412
209.26539729999786,0.0,0.0,0.0,-1.5168824278403775e-06,0.00016287503955365152,-0.00046820148288487354
209.31468969999696,0.0,0.0,0.0,1.2500045466709669e-05,1.107622692393073e-05,-0.0002015774385992849
209.36627220000082,0.0,0.0,0.0,3.140284695305331e-05,-5.31877709287466e-05,0.00013960194234947498
209.4140888999973,0.0,0.0,0.0,-1.6205181182721266e-05,-0.0007175307871147724,-0.00024112286205962575
209.4651345999955,0.0,0.0,0.0,1.3668824882961526e-05,1.5329465449682338e-05,0.00013167747642813836
209.51259059999575,0.0,0.0,0.0,9.341305614057794e-05,0.0005352016582788599,-1.2615601702364593e-06
209.56329559999722,0.0,0.0,0.0,-0.0001122744267391403,0.0006254276757691043,-0.00014183824769809867
209.61399289999827,0.0,0.0,0.0,-1.99426011505678e-07,-0.0005557870657286044,-3.344322505021835e-05
209.66514889999962,0.0,0.0,0.0,-6.538055719725752e-05,0.0002266761156365747,-6.03273716911148e-05
209.71461060000001,0.0,0.0,0.0,-2.1331514817377333e-05,-0.000373661232539438,4.165141622532812e-05
209.76434309999604,0.0,0.0,0.0,5.721374010078043e-05,-0.00018355013070378066,-0.00016191051449409875
209.81621989999985,0.0,0.0,0.0,7.033862869612245e-05,0.00034556530727434365,-0.00018347229337263958
209.8608669000023,0.0,0.0,0.0,-3.807255441963863e-05,-0.00018392201415704337,-0.00011917134368775388
209.9140602999978,0.0,0.0,0.0,2.1500508950886834e-05,-8.392870107619062e-05,0.0002668677516407523
209.96387729999697,0.0,0.0,0.0,2.3606422202950776e-05,1.0552303764747344e-06,0.00023601423234827888
210.01339970000117,0.0,0.0,0.0,-2.9893139371522224e-05,0.00036254734678907,-0.00017385786386126908
210.06243929999619,0.0,0.0,0.0,-2.1207749851923364e-05,-0.0002736734305686279,-2.5160307911135072e-05
210.11364109999704,0.0,0.0,0.0,-8.047759461549594e-06,-9.79910097044678e-07,2.2224740588507416e-05
210.1642279000007,0.0,0.0,0.0,2.9828002270093042e-05,-0.0003075954367688547,6.279482017677657e-05
210.21381180000026,0.0,0.0,0.0,7.954884876568923e-05,0.00019335495460185667,0.00020845915272433546
210.25850289999653,0.0,0.0,0.0,-0.00011046310958699658,-2.1035723338504583e-05,0.00033767914625938743
210.31327079999755,0.0,0.0,0.0,7.409416504307206e-05,0.0007618940133656776,7.881999248675706e-05
210.36243439999816,0.0,0.0,0.0,-1.8401223634147847e-06,-0.0004046955752483466,-8.601982331269233e-05
210.41428169999563,0.0,0.0,0.0,-2.590385154816932e-05,-0.0003497328915644728,-0.0002727426545486375
210.4658758000005,0.0,0.0,0.0,-0.00010037123591913092,0.00016006074030065057,-3.1987945232152495e-05
210.5133407999965,0.0,0.0,0.0,8.111001002752405e-05,-0.0002501008664992787,4.2679940036065694e-05
210.56375929999922,0.0,0.0,0.0,1.7958428807870478e-05,0.00021404195989267025,-3.504663688530814e-05
210.61136350000015,0.0,0.0,0.0,-7.007343594947328e-05,0.0006878537769835044,-4.964454258324709e-05
210.6590381999995,0.0,0.0,0.0,-1.486944200233594e-05,-0.0003724334567022417,9.523479303008662e-05
210.7165784999961,0.0,0.0,0.0,5.397522497018243e-05,0.000181132780764849,0.0003874363139987723
210.76010800000222,0.0,0.0,0.0,-1.5906800003602904e-05,-0.00041840709612703123,-0.00018591824730073027
210.81327779999992,0.0,0.0,0.0,-1.8743952618355777e-05,-6.253652767394569e-05,-9.007908639385853e-05
210.86535439999716,0.0,0.0,0.0,2.0657290395259687e-05,0.00012554037124731606,0.0003502004005474798
210.912917499998,0.0,0.0,0.0,-3.8524674338609945e-06,0.0005849849219220943,0.00048397974534386415
210.96253649999562,0.0,0.0,0.0,4.652565421191971e-05,-0.000649290450519469,0.0003766307057931946
211.0126461999971,0.0,0.0,0.0,-3.9094650673715925e-05,0.0005277254918964467,0.0003726449204560651
211.0623071000009,0.0,0.0,0.0,4.2222756868876454e-05,-0.0002985363842355799,-0.00017267698266346104
211.11601589999918,0.0,0.0,0.0,7.770473897015744e-06,-0.0010688555257828735,-0.00011243324261151681
211.16403600000194,0.0,0.0,0.0,-6.225033392201395e-05,0.0006846542771800179,-8.954482962147892e-05
211.21536639999977,0.0,0.0,0.0,5.698459967950836e-05,-4.103199449345771e-05,-0.0002298836704356728
211.26008010000078,0.0,0.0,0.0,-4.8666209505247194e-05,0.0004967874757939035,-0.00015562430291155856
211.3150100999992,0.0,0.0,0.0,-5.423266439214325e-06,0.00014945680179496063,0.0001544713058629593
211.3636542999957,0.0,0.0,0.0,9.313994721927641e-05,-0.00028273107092088504,2.5017102689371815e-05
211.41239219999989,0.0,0.0,0.0,8.378656457903963e-05,-2.7724949145179655e-05,3.5099525768591164e-05
211.46334860000206,0.0,0.0,0.0,-0.00013286310995911768,-7.894838507435022e-05,-0.00018745069735023577
211.51247650000005,0.0,0.0,0.0,1.8302362833751646e-05,0.00019799971418835236,-0.000227589969346806
211.56487699999707,0.0,0.0,0.0,-6.5973544750982e-05,-0.0005997472436624488,8.077903317245398e-05
211.61383729999943,0.0,0.0,0.0,-3.244449765476833e-05,0.00028537425922602245,0.00015530324468456954
211.66449979999743,0.0,0.0,0.0,2.4488005818679963e-05,0.0002021915136085858,9.015843850607452e-05
211.7138094999973,0.0,0.0,0.0,-3.525881928854914e-05,-6.108285125151005e-05,-0.00013771779447583786
211.7620420999956,0.0,0.0,0.0,8.372799753654591e-05,-0.0003839334463554817,-0.00016418689583434125
211.81075989999954,0.0,0.0,0.0,-0.00012186622716752649,8.865536941556293e-05,-0.0001385488647134517
211.86547340000106,0.0,0.0,0.0,5.503099866959522e-05,0.0002939718645067412,-0.000412890912377464
211.91217519999918,0.0,0.0,0.0,-2.0491521207745282e-05,-0.0003976002806653715,-0.00023343031678439425
211.965028300001,0.0,0.0,0.0,7.15867796059509e-06,0.0001618647227235413,-0.0004066356696176853
212.01108979999844,0.0,0.0,0.0,-2.2303766069380335e-05,0.00036846495931530123,-0.00032071648562760754
212.06350289999682,0.0,0.0,0.0,3.982977670403078e-05,0.0008723861519151786,-0.00017687819292396115
212.11100949999673,0.0,0.0,0.0,-5.8740663344012074e-05,-0.0013080226973598435,-0.00015865535136460896
212.16459290000057,0.0,0.0,0.0,8.878004088027806e-05,0.000250471617624318,-0.00017067711082751738
212.21230849999847,0.0,0.0,0.0,6.821866261561915e-06,0.00037296457194085475,1.0922664432917231e-05
212.25563669999974,0.0,0.0,0.0,1.1054474189426838e-05,9.172230653447654e-05,-9.791463974459318e-06
212.31192010000086,0.0,0.0,0.0,-2.70089593667332e-05,-0.0004889834320901236,-0.00010874084313406104
212.36458850000054,0.0,0.0,0.0,1.4575124530983382e-05,-9.489847687909821e-06,-0.0001235831629983466
212.40882160000183,0.0,0.0,0.0,-3.530390352196552e-05,2.4950583766221394e-05,0.00016770380348082905
212.45712500000081,0.0,0.0,0.0,-2.8023638453376317e-05,0.00048569619271138426,-0.00017350687947140925
212.51137809999636,0.0,0.0,0.0,9.780697578838136e-05,-0.0003208607278373873,-0.00038647691467638765
212.55785469999682,0.0,0.0,0.0,-8.381230067693149e-05,0.00019380266633193779,3.304935221878447e-05
212.60967309999978,0.0,0.0,0.0,-1.104020023417785e-05,-0.000207714475496706,0.00028917782376419986
212.65878220000013,0.0,0.0,0.0,3.306943812097054e-05,-0.00029446728818158653,0.0002394364887021595
212.71076999999786,0.0,0.0,0.0,1.4685306031316353e-05,-0.0001099089153810775,-0.00017256087176550182
212.76461109999946,0.0,0.0,0.0,-7.205845015294256e-06,0.00029316740252698315,-0.0001436035369684744
212.81456610000168,0.0,0.0,0.0,-6.225046886773314e-05,7.042039286826158e-05,-0.00022620104266864443
212.86323080000147,0.0,0.0,0.0,2.752360240189261e-05,-0.00052693532361819,-0.0002842406461812324
212.91813530000218,0.0,0.0,0.0,4.0864172355865833e-05,1.5486522500793168e-05,-0.00012684230508742234
212.95944790000067,0.0,0.0,0.0,-3.1183894100442564e-05,0.000520869620402811,-0.00026715479897154455
213.00932779999857,0.0,0.0,0.0,-4.216414619665855e-05,2.571209905811704e-05,1.5096316399301582e-05
213.05662360000133,0.0,0.0,0.0,0.00010636744978338308,-0.0004317337544145369,0.00011910514921348413
213.1133372999975,0.0,0.0,0.0,9.184133976216643e-06,0.0006589640672564858,0.00010096147436859608
213.15898970000126,0.0,0.0,0.0,-1.2776894097638386e-05,-3.0130420211076267e-05,0.00019413774908902387
213.20745799999713,0.0,0.0,0.0,2.1022026312083164e-05,0.00016653898000070546,0.0002733894362112723
213.25648640000145,0.0,0.0,0.0,-3.7653246439094765e-05,1.2263872471942084e-06,-0.00020235654824191123
213.30579389999912,0.0,0.0,0.0,8.1556981639979e-05,-0.0007056951100709638,0.0002038394990414389
213.3578761999961,0.0,0.0,0.0,-5.303948271385318e-05,-6.798985193112996e-05,-0.00010460925024234318
213.40862139999808,0.0,0.0,0.0,-2.562683841338111e-05,0.0005993612023181083,0.0001307397290504718
213.4644724999962,0.0,0.0,0.0,2.1564393496747795e-05,-0.00032536457295719,0.00014882750795369796
213.5070354999989,0.0,0.0,0.0,-1.811043967501876e-05,0.0004913250203953322,0.00039082829372738895
213.5564056000003,0.0,0.0,0.0,-3.719484419779402e-05,-0.00042244807662654904,0.00019383159378302041
213.60877620000247,0.0,0.0,0.0,2.9530568158706263e-05,-0.00010541038122882551,-1.1299451681737791e-05
213.65883899999608,0.0,0.0,0.0,-7.402885677343146e-05,5.6447649865737785e-05,6.1032522872097054e-05
213.70890739999595,0.0,0.0,0.0,5.679381918094585e-05,-0.00043899806876262473,7.694656785980904e-05
213.75586720000138,0.0,0.0,0.0,-8.803346955706381e-07,1.8421084923111626e-05,-0.00017069288971214802
213.8048603999996,0.0,0.0,0.0,3.895399546419777e-05,0.00015736119082355787,-8.720022376186343e-05
213.85927269999956,0.0,0.0,0.0,-3.243294812760292e-05,0.0003234135567961921,-0.00019061846953142544
213.90585389999615,0.0,0.0,0.0,1.639897273121559e-05,-7.432574501255025e-05,-0.0003480344962510923
213.9650877000022,0.0,0.0,0.0,1.1794407022117664e-05,0.0001860818860028447,-0.00043283537457803755
214.010600900001,0.0,0.0,0.0,-0.00011735222328177744,0.0005129248588556478,7.300051845906969e-05
214.05809910000244,0.0,0.0,0.0,5.722582859002367e-06,-0.0003843032028456026,-7.642286971519294e-05
214.10942839999916,0.0,0.0,0.0,0.00015749086526164357,0.00012318830988436872,0.00016293939387769957
214.15758780000033,0.0,0.0,0.0,-0.00017247780839216333,-0.0005279560919579213,-0.00021844024260821775
214.2067195999989,0.0,0.0,0.0,3.445264220623288e-05,0.00013313032806541313,-9.382173804427387e-05
214.2562592999966,0.0,0.0,0.0,5.8002631669698086e-05,-0.0001904596372312905,-0.00012579172955465596
214.30718669999624,0.0,0.0,0.0,-0.0001136799717235178,-1.5325731131752535e-05,-7.789248771730326e-05
214.3558292000016,0.0,0.0,0.0,8.528928544587386e-05,-0.0002830724289494197,-1.8439237366319435e-06
214.40572769999562,0.0,0.0,0.0,7.01372519235514e-05,0.00034247109752883387,-0.0001326222812243059
214.45736890000262,0.0,0.0,0.0,-8.362791070120407e-05,-4.00677367540918e-05,4.0965165631656365e-05
214.50609729999996,0.0,0.0,0.0,1.725216325435935e-05,1.435133634366688e-06,5.470694231718987e-05
214.55628889999934,0.0,0.0,0.0,1.5712864146989915e-05,0.000576615143719732,-3.410180159218244e-05
214.60760299999674,0.0,0.0,0.0,-4.6710490478077497e-05,-0.0003294762023095766,-7.902890082970004e-05
214.65471589999652,0.0,0.0,0.0,-1.836413238503526e-05,9.089398625058902e-05,-2.465273677427274e-05
214.70708639999793,0.0,0.0,0.0,8.68421946036416e-05,-2.2232376340373205e-05,2.4464938717958486e-05
214.75586739999562,0.0,0.0,0.0,-6.029661832362429e-06,4.477489254279918e-05,-7.514886925689736e-05
214.80755109999882,0.0,0.0,0.0,3.389117390917807e-06,-0.0003011486242460896,-2.4977434921215553e-05
214.85839750000014,0.0,0.0,0.0,-1.366548706853128e-05,-4.3332954666707196e-05,-0.00010345671707697566
214.90566650000255,0.0,0.0,0.0,1.8326337050645007e-05,-9.542835095118854e-05,-0.00012861236715642146
214.95942239999567,0.0,0.0,0.0,2.5799518741069232e-05,0.000465805044637339,-0.00025408569163143515
215.00599269999657,0.0,0.0,0.0,-2.8535777369234573e-05,0.00016011498280696097,-0.0002701743924992579
215.065731900002,0.0,0.0,0.0,-9.956396596390546e-06,-1.4065822447950769e-05,5.586088884078889e-05
215.10641860000032,0.0,0.0,0.0,1.513600931636334e-05,-0.0004518296898554804,-0.00010074210587372875
215.15628519999882,0.0,0.0,0.0,-3.558022718988857e-05,0.0003484568024630957,1.8857116617397653e-05
215.20600230000127,0.0,0.0,0.0,-1.4370209892204267e-05,0.00035540263518430717,0.00019063137117549886
215.25674530000106,0.0,0.0,0.0,2.1216626269205154e-05,-0.0006724049212242668,0.00039693886210834906
215.30788729999767,0.0,0.0,0.0,3.282104767559464e-05,-0.0003989304053355888,1.576087257069572e-07
215.35888429999613,0.0,0.0,0.0,-5.510466074594223e-05,0.00048529923245650084,-3.440661044430594e-05
215.40583009999682,0.0,0.0,0.0,0.0001052439872504681,-0.00017154919225438874,6.161414971729426e-05
215.45496550000098,0.0,0.0,0.0,-1.174401631299769e-05,0.00011678755166736128,0.00017619047179763054
215.50581349999993,0.0,0.0,0.0,-2.4778039385553852e-05,-0.00011740046302780226,0.00016844786131571836
215.56165450000117,0.0,0.0,0.0,-5.587673339438567e-06,-1.7004796126078773e-05,-0.00033372525218613606
215.60697989999608,0.0,0.0,0.0,3.910056607885593e-05,-8.603892693850724e-05,-0.00028139171023490743
215.65618079999695,0.0,0.0,0.0,5.589521300990429e-06,4.58674858432548e-05,-0.0001695453424423262
215.70668699999806,0.0,0.0,0.0,-0.00010020062406999522,0.0001304797504182135,1.3865423860575643e-05
215.75678830000106,0.0,0.0,0.0,-1.6516986342907915e-05,0.0002774516104032654,-0.00028910581023403097
215.80594449999626,0.0,0.0,0.0,1.3408961461423414e-05,0.000565118527146112,0.0003288596184735971
215.85539199999766,0.0,0.0,0.0,1.4235306527487388e-05,-0.0013599249021821616,-0.00022252545178137712
215.90628060000017,0.0,0.0,0.0,4.831028350631787e-05,0.0006824159759607795,-1.551508546898755e-05
215.95546479999757,0.0,0.0,0.0,1.4037058896771828e-05,-0.0002800864006684817,-1.7669418430231104e-05
216.00786379999772,0.0,0.0,0.0,-4.170101703723608e-05,-0.00036265188210749726,-0.00016822502914987239
216.05625619999773,0.0,0.0,0.0,3.777525431137155e-05,-4.079968770697942e-05,8.91890563784551e-05
216.1136955999973,0.0,0.0,0.0,2.3742082745848118e-05,5.232596605645401e-05,0.00014821292055722143
216.15656070000114,0.0,0.0,0.0,-5.687650449288969e-05,0.0011660384307874167,-0.00042321907565973847
216.20760029999656,0.0,0.0,0.0,-7.280099184540024e-05,-1.3007882013944006e-05,0.00010445347764950893
216.25644230000034,0.0,0.0,0.0,3.716368407712093e-05,-0.00018726880016598738,-8.154586292718234e-05
216.30435959999886,0.0,0.0,0.0,7.550093929992338e-05,-0.0007333162471522912,-0.0002592087797406333
216.3581092999957,0.0,0.0,0.0,4.0595430576710225e-05,-0.00031916485495935313,-0.000259237173931259
216.40589000000182,0.0,0.0,0.0,-6.670334625128614e-05,7.580568297811763e-05,-0.0002587980505747322
216.45579349999753,0.0,0.0,0.0,-8.03152697068562e-05,-0.00037432844466301306,-0.0005804990675112535
216.50694410000142,0.0,0.0,0.0,-2.6648153253694443e-05,0.00039522468220312955,-0.0002477361914079346
216.55626299999858,0.0,0.0,0.0,-7.368589827216794e-06,0.0006002993832556847,-9.901445784377735e-05
216.60564370000066,0.0,0.0,0.0,5.9343259514987236e-05,-4.174757321535008e-05,-0.0002318538080996335
216.6562664000012,0.0,0.0,0.0,9.693112754844567e-05,0.0001606784828112122,-0.00018166806159783776
216.7117483999973,0.0,0.0,0.0,-0.00013078753001279517,-0.00018892282384109626,-0.0001513338708684487
216.76550570000109,0.0,0.0,0.0,-8.99883878271101e-06,0.00012858542895628663,-0.0003608828604316842
216.81619599999976,0.0,0.0,0.0,6.836500740918863e-05,-0.00060284824074376,-0.00017625312314409266
216.8711426000009,0.0,0.0,0.0,-2.641486018049229e-05,0.000257247422144154,3.4653057539970606e-05
216.91315400000167,0.0,0.0,0.0,-3.098779809875945e-05,0.000893524248170806,0.00010218065558300092
216.9581853999989,0.0,0.0,0.0,6.242033931776178e-05,-0.0003578060462153181,3.340474929539239e-05
217.02100609999616,0.0,0.0,0.0,-3.5234481369971676e-05,-0.0006024498758462717,-1.5348250021290536e-05
217.0665433999966,0.0,0.0,0.0,-2.8329733935966485e-05,0.00033323937454319224,0.0002931447424335742
217.11364080000203,0.0,0.0,0.0,4.857605859834168e-05,0.0002927762729106362,0.00042744175655298094
217.15989519999857,0.0,0.0,0.0,4.4821057086070575e-05,-0.00019673886184088798,0.0002090711056590281
217.21429109999735,0.0,0.0,0.0,-5.1250829775648216e-05,0.0001882421270762961,-0.00012169015717909429
217.2676517,0.0,0.0,0.0,2.2488996330170017e-05,-4.817343590302609e-05,-0.0002941799172237267
217.31652129999566,0.0,0.0,0.0,3.320522572742277e-05,-0.0003870022051600167,-1.7737140291936806e-05
217.36316500000248,0.0,0.0,0.0,-2.3499857412870602e-05,-0.00016085495141149425,-0.00012166825585668233
217.41582799999742,0.0,0.0,0.0,4.309611721755979e-05,-0.0002624302362425862,1.721708076148627e-05
217.4617517000006,0.0,0.0,0.0,-8.150046313200334e-05,0.00027927386053966635,0.0001855768169414462
217.51104900000064,0.0,0.0,0.0,3.996079801177709e-05,0.00011394079264064757,0.00013136996966147004
217.55667240000184,0.0,0.0,0.0,0.0005294900875089622,-0.0009109335419542379,0.11408901936569973
217.60755799999606,0.0,0.0,0.0,0.00027392900239678894,0.00010561243831680354,0.3071917882815077
217.6567980999971,0.0,0.0,0.0,0.0007966650019738964,0.0011377762164875252,0.48388083776238605
217.7083818999963,0.0,0.0,0.0,0.0014554726380303566,-0.0006346811610429627,0.694424453836481
217.75486159999855,0.0,0.0,0.0,0.0020586869560133003,0.005172378250686997,0.9279031768134999
217.81191129999934,0.0,0.0,0.0,0.001950994955739301,-0.0007164329468157397,1.1940377078057414
217.86239280000154,0.0,0.0,0.0,0.002290936781679543,0.00389314555692672,1.4902051164104146
217.91057960000035,0.0,0.0,0.0,0.0027460093350942633,-0.0023348043798124165,1.7753029006337684
217.95548430000053,0.0,0.0,0.0,0.0032891750686135732,-0.0024269435964846225,1.888663149209738
218.00789449999866,0.0,0.0,0.0,0.003787453487320215,0.00042343590394441693,1.8770527072806096
218.05660080000234,0.0,0.0,0.0,0.002680480935078973,-0.002195994496513722,1.8748205260493003
218.10631250000006,0.0,0.0,0.0,0.0038711834876618625,0.00022287055003405467,1.8815719850598165
218.15628699999797,0.0,0.0,0.0,0.003967453053564143,-0.0016675390798075642,1.8825517225304895
218.20698760000232,0.0,0.0,0.0,0.004345172701633803,0.0024241260224079865,1.8836984394837044
218.2657087999978,0.0,0.0,0.0,0.003213913844635661,-0.0021646348981600896,1.882391448280329
218.30700290000095,0.0,0.0,0.0,0.0035207431429134795,0.0013469532632303894,1.8813215622560298
218.36117979999835,0.0,0.0,0.0,0.0034858478530018495,0.001000175826109082,1.8811281448671668
218.41076769999927,0.0,0.0,0.0,0.003610473175271311,-0.0009133203028018913,1.882436024443883
218.466794699998,0.0,0.0,0.0,0.00373983016680306,-0.0029043336156503474,1.8120987742630512
218.50982759999897,0.0,0.0,0.0,0.0035820701749085656,0.0004313045902668783,1.698094639681322
218.5578893999991,0.0,0.0,0.0,0.003185941532538838,-0.0005383549333669189,1.561457373115467
218.607024799996,0.0,0.0,0.0,0.003021240650268094,0.0006017179360455324,1.4452947689253763
218.65604829999938,0.0,0.0,0.0,0.0024872628957181473,0.0014826814497724684,1.3347940455351006
218.70526000000245,0.0,0.0,0.0,0.002308433445985846,-0.0005779728265352474,1.2331230927627526
218.75697270000092,0.0,0.0,0.0,0.0025545572975834894,-0.0019957722537399846,1.1421024904099535
218.80842190000112,0.0,0.0,0.0,0.001872771389258199,0.00211107434656121,1.056393449686308
218.85707040000125,0.0,0.0,0.0,0.0021766830309389177,-0.001266518874222576,0.9807388074777594
218.90556379999907,0.0,0.0,0.0,0.0019776054786465156,0.0014783972436701028,0.9491371270086114
218.9572227999961,0.0,0.0,0.0,0.0018609523249124669,-0.001530822738799134,0.8973956162976583
219.0070099000004,0.0,0.0,0.0,0.0019225145896979584,-0.003603355527252747,0.8327423882070651
219.05636190000223,0.0,0.0,0.0,0.0019351487660958858,-0.00010566550789157832,0.7693681417887109
219.1065982,0.0,0.0,0.0,0.001598731166405533,8.795540203539612e-05,0.7110732280171101
219.15524619999633,0.0,0.0,0.0,0.0020710654333838583,-0.007869588034291056,0.6943112562051756
219.20789220000006,0.0,0.0,0.0,0.0019944701653221157,0.0026965369790267826,0.6741548462824437
219.25549899999896,0.0,0.0,0.0,0.0018677185619695171,0.0005977049692809977,0.6666077697992532
219.31331730000238,0.0,0.0,0.0,0.0009558760239884095,0.007078502318659539,0.6882141539784338
219.36321479999606,0.0,0.0,0.0,0.00263008269034251,-0.00406174999374165,0.7304809839884797
219.40769629999704,0.0,0.0,0.0,0.0026601515017878946,-0.002977077594563272,0.7427013888562248
219.45678609999595,0.0,0.0,0.0,0.002478940770937071,0.0056886978866787785,0.6992770175362917
219.50557560000016,0.0,0.0,0.0,0.0016858620943169254,0.005596677620135855,0.5867241362227975
219.55498680000164,0.0,0.0,0.0,0.001295451094703645,-4.893407435054734e-05,0.43737309280893755
219.60602230000222,0.0,0.0,0.0,-0.0016653062237904407,0.003904551550704741,0.2888453241729316
219.65818600000057,0.0,0.0,0.0,-0.0006815502530021015,0.002987728480749,0.2716849307419314
219.70549989999563,0.0,0.0,0.0,-8.539295627341554e-05,0.0025175744813121194,0.38489504382624184
219.75607219999802,0.0,0.0,0.0,-0.00030018321909367764,0.0004558600026373946,0.5248841023651236
219.80598800000007,0.0,0.0,0.0,0.0023808017170650953,-0.005770510400522712,0.6605874036571715
219.8582510999986,0.0,0.0,0.0,0.0008549452861861849,0.011682163601544143,0.7054370903146487
219.91509989999759,0.0,0.0,0.0,0.0008646378521510446,0.0030286126734382973,0.7269358468866687
219.95721480000066,0.0,0.0,0.0,0.0006811839052383549,-0.00045053000741810474,0.7288746493974358
220.00703860000067,0.0,0.0,0.0,0.0006402611001142735,0.0008077207729431084,0.7156007076587492
220.05808080000133,0.0,0.0,0.0,0.0006109273930082012,3.1422729874410652e-06,0.6860275089853867
220.1065851999956,0.0,0.0,0.0,0.0005643985541290376,3.4658330586455074e-05,0.6469693589124103
220.1571533000024,0.0,0.0,0.0,0.00012930224221085752,-0.0019433167227262882,0.6009063525210334
220.2073212999967,0.0,0.0,0.0,0.00039796891248089624,-0.0012481857691855644,0.5465041998932082
220.25743209999928,0.0,0.0,0.0,0.0007118812335863793,-0.01034745359661353,0.43813458026430385
220.30649119999725,0.0,0.0,0.0,0.00048781840752360606,-0.00041912069877227007,0.2705396670421329
220.3574004999973,0.0,0.0,0.0,0.00016630904340874384,-4.916682316011193e-05,0.11315961433122623
220.41339409999637,0.0,0.0,0.0,8.077841466056855e-06,-0.005472513506629694,0.00977419538147364
220.4576722999991,0.0,0.0,0.0,4.219223046633627e-05,-0.0005519778051147467,0.003040203173417407
220.50767020000058,0.0,0.0,0.0,5.865136497271129e-05,0.0002685746325883584,0.0005701439257221775
220.5553190999999,0.0,0.0,0.0,-6.90972038104706e-05,4.309511584284412e-05,1.4414189148115723e-05
220.6073449999967,0.0,0.0,0.0,4.964115394262941e-05,-6.110982929102867e-05,-0.00020587206044816002
220.65568899999926,0.0,0.0,0.0,-1.3801766699404213e-05,-5.844078118139341e-05,0.00021973637339638285
220.7078715000025,0.0,0.0,0.0,-5.866531234350361e-05,0.0004273454166272878,6.049949552033774e-05
220.75521540000045,0.0,0.0,0.0,7.801770679195581e-05,-0.00046264375046602726,0.00010917556380288152
220.80601719999686,0.0,0.0,0.0,-3.3412224980082644e-05,0.0003147568223719257,-4.514228845392325e-07
220.85678619999817,0.0,0.0,0.0,-5.887623149322763e-06,-4.0391651878491196e-05,-0.00032586260298750845
220.9101728999958,0.0,0.0,0.0,-1.4443497958244057e-05,-0.00019740043107158324,-6.582177700492947e-05
220.95647559999634,0.0,0.0,0.0,-3.693050528858975e-05,3.7924468666672594e-05,-0.00019855204281310273
221.00681469999836,0.0,0.0,0.0,0.0001348606993417381,-7.62598203881049e-05,-0.00014192117481768478
221.05662379999558,0.0,0.0,0.0,-0.00010387354336940383,0.00012271969072314093,-0.00021928142446815433
221.10629999999946,0.0,0.0,0.0,2.9279269033280383e-05,-3.330743039925717e-05,-0.00016534894242511153
221.15790969999944,0.0,0.0,0.0,5.843276796598686e-06,-0.00036715031140125527,-0.0003432654610105952
221.20531559999654,0.0,0.0,0.0,1.4072088787523496e-05,8.58262279702877e-06,-8.347858739192553e-05
221.25674419999996,0.0,0.0,0.0,-6.514011356192012e-05,0.0002273478170037145,-0.00022435062529899458
221.30501599999843,0.0,0.0,0.0,3.5272738930366396e-05,0.00019638442813288103,-4.437622567546172e-05
221.35878100000264,0.0,0.0,0.0,3.528021242035848e-05,-0.0003991959184092051,-0.00019868726604191397
221.40693459999602,0.0,0.0,0.0,-1.3046940238481298e-05,7.679655714974698e-05,-3.851081646576824e-05
221.46148469999753,0.0,0.0,0.0,-2.990519532152571e-05,0.0003981296068155542,0.0001017245009942179
221.50788920000196,0.0,0.0,0.0,-5.585549277397564e-05,0.000143466168100751,-8.165544273749417e-05
221.5568934999974,0.0,0.0,0.0,8.834660376960545e-05,-0.000573433835482286,-0.00011570914246244485
221.60598319999553,0.0,0.0,0.0,-4.595602909662526e-06,9.551444947602768e-05,-0.00016228909766278197
221.6572049000024,0.0,0.0,0.0,-4.6951653736737885e-05,5.3818982021140836e-05,-2.5601222021475e-06
221.70687109999562,0.0,0.0,0.0,-1.5929196965229e-05,0.00017278914505346998,-8.428865788298118e-05
221.75789139999688,0.0,0.0,0.0,3.5814130808512445e-06,0.00011506869465043009,-0.00015878197234116192
221.80626920000213,0.0,0.0,0.0,-6.20423382162107e-05,-3.0155559949081262e-05,-3.612775696742664e-05
221.85877910000272,0.0,0.0,0.0,5.3611293244006774e-05,-0.0001133515826314163,-7.531063889856332e-05
221.9058382000003,0.0,0.0,0.0,7.828370302127571e-05,-0.0003643018613694285,-0.0003022466022449219
221.9565081999972,0.0,0.0,0.0,1.432779148954033e-05,0.0001425305331434791,-0.000109388890116922
222.00565130000177,0.0,0.0,0.0,-2.3135371977411053e-05,0.00022209229038157974,-8.56226944798918e-05
222.0564127999969,0.0,0.0,0.0,-1.0829365730717684e-05,0.0001498499143176688,-0.00012751406601216209
222.1056912999993,0.0,0.0,0.0,-2.1304247578451834e-05,-0.0002631516441940575,1.0770014085185489e-05
222.15700500000094,0.0,0.0,0.0,-9.474234880408791e-06,7.750234237474381e-07,-7.697869160881603e-05
222.20631819999835,0.0,0.0,0.0,9.693644159038327e-05,-0.0003338565450997082,-0.00014495168254192732
222.25605209999776,0.0,0.0,0.0,-5.338396426177541e-05,8.822091187491113e-05,-0.00022368602337836292
222.30482399999892,0.0,0.0,0.0,-5.750819972668512e-06,4.270146467729087e-05,-0.0002288216110738193
222.3566412,0.0,0.0,0.0,9.849236897993282e-06,3.3986992534424094e-06,-0.0001987274363907748
222.40736900000047,0.0,0.0,0.0,-2.0815274501880492e-05,0.0004491790905376408,-0.000230354147843545
222.4553242999973,0.0,0.0,0.0,2.055946265739856e-05,-0.00035236344194167647,-0.0003106066172552293
222.50514739999926,0.0,0.0,0.0,1.6288478615971946e-05,3.7664799541968484e-05,-0.0001993166024131827
222.562920700002,0.0,0.0,0.0,-1.2468217623706648e-05,-0.00020744777154598973,-0.00018820291781413995
222.6073180999956,0.0,0.0,0.0,-1.4938538790959694e-06,0.00010539694744117977,-3.0165506613619193e-05
222.65747279999778,0.0,0.0,0.0,-4.151128254232093e-05,0.00031601395902469535,7.690029463389265e-05
222.7057582999987,0.0,0.0,0.0,-7.969491944629197e-06,-0.00016172995597894027,-0.00014144155887934047
222.7549590999988,0.0,0.0,0.0,-3.1132204624476603e-06,6.006527427013471e-05,0.00016429201847438095
222.80759079999552,0.0,0.0,0.0,1.6383463163450025e-05,-5.136244895928805e-05,0.00014014438240241096
222.8583312999981,0.0,0.0,0.0,3.340333132589032e-05,-0.0001454799797361176,-0.0001565752225884802
222.90654060000088,0.0,0.0,0.0,-6.374574862348885e-05,-2.4315223358406786e-05,-6.35759649049359e-05
222.95621209999808,0.0,0.0,0.0,3.4324859122756245e-05,3.0254492520459548e-05,-0.00010267124323594054
223.00581560000137,0.0,0.0,0.0,-1.1267068765407824e-06,-5.351272694464449e-05,-0.0001833322715752047
223.05740520000109,0.0,0.0,0.0,1.6680728238322983e-05,5.228047059716067e-05,-0.00037669467422110864
223.1061281000002,0.0,0.0,0.0,3.297595061260517e-05,-0.00010953751435809094,-0.00025777761816104877
223.15630349999992,0.0,0.0,0.0,-1.0746049953941508e-05,-1.0623229382965255e-05,-0.00013440505197640328
223.20880079999915,0.0,0.0,0.0,-0.00010222996794568092,0.00020879020146462473,2.858220207840724e-05
223.25868459999765,0.0,0.0,0.0,7.25965572125285e-05,0.0001289844394594998,-0.00023669851035711188
223.30702349999774,0.0,0.0,0.0,-3.3020664331319304e-05,-0.000247309084221674,-0.0001696681506174111
223.35683289999724,0.0,0.0,0.0,-2.5842110777914756e-05,-2.7145377014347406e-05,-0.0001218685244371642
223.40557930000068,0.0,0.0,0.0,9.013531904577847e-05,-0.00013011471303902867,-8.097539553721601e-05
223.4565655999977,0.0,0.0,0.0,-2.7443285208331163e-05,1.814787511801895e-05,5.672774818245291e-05
223.51334309999947,0.0,0.0,0.0,-2.0399496340122752e-05,0.0003250535974599086,-8.238821400890945e-06
223.55651779999607,0.0,0.0,0.0,-2.9308631880052783e-05,5.270001876915491e-05,8.095455823597357e-05
223.61185799999657,0.0,0.0,0.0,7.840314633054287e-05,-0.0004333025319199435,1.5664674597675577e-05
223.65752169999905,0.0,0.0,0.0,-3.9751957099240756e-05,0.0002871355668417047,5.45142598577137e-05
223.70743539999967,0.0,0.0,0.0,-1.9451056359648503e-05,0.00016528492999673245,0.00010947251237789831
223.75753919999988,0.0,0.0,0.0,1.33585417432382e-05,0.0002526252063263529,3.467156320169984e-05
223.80739660000108,0.0,0.0,0.0,-5.6049193555175554e-05,6.379900815382007e-05,-0.00031935614341062774
223.85653759999695,0.0,0.0,0.0,7.660160392807288e-05,-0.0003951750033740962,-0.0001652070757680537
223.9062180999972,0.0,0.0,0.0,-9.890670327275624e-05,0.0003509785132592061,-6.941406461580379e-05
223.95545649999985,0.0,0.0,0.0,6.181132911316918e-05,-0.0002399170600073335,-1.849800620198757e-05
224.0065467999957,0.0,0.0,0.0,4.534445045224568e-05,-0.00023508155404814877,-0.00013960349377924687
224.05616880000161,0.0,0.0,0.0,-6.935371961020113e-06,0.00010495991972494423,-0.0002777183064645587
224.1082133000018,0.0,0.0,0.0,-2.9840153965339287e-05,0.0001273317563265528,-0.0003225766702536176
224.157091699999,0.0,0.0,0.0,6.658966877340941e-05,-0.00029348628500516766,-0.00041570982539441563
224.20659209999576,0.0,0.0,0.0,-5.810288009089954e-05,-5.56427104958624e-06,2.2019865367643422e-05
224.2579781999957,0.0,0.0,0.0,1.8205037239632303e-05,0.00010572924869876628,-7.327388549489193e-05
224.3051106999992,0.0,0.0,0.0,-4.249937566990076e-05,0.00010410159743259526,-1.5420168677627094e-05
224.36261379999632,0.0,0.0,0.0,2.5986537253887613e-05,-0.00014135256044733714,-5.420222817559078e-07
224.40682920000108,0.0,0.0,0.0,6.909892667714873e-06,0.00011025060356478932,0.00013685886950890168
224.45625830000063,0.0,0.0,0.0,-2.6762474176435014e-05,0.00021905584194385457,4.15631872554034e-05
224.5068831000026,0.0,0.0,0.0,2.9123813875013493e-06,-0.0003279535508905287,3.156870592506526e-05
224.5566034000003,0.0,0.0,0.0,2.2250558199982306e-05,-9.816246372079363e-05,5.8944552172271e-05
224.6056064000004,0.0,0.0,0.0,-4.077076528407479e-05,0.00019322367769813415,3.5785073777999745e-05
224.65498079999816,0.0,0.0,0.0,-1.1479581662072203e-05,0.00014418509000418365,0.00010766798540425072
224.7125853999969,0.0,0.0,0.0,7.562846409762365e-05,9.7057407137488e-05,-0.00013866138741886792
224.7612575000021,0.0,0.0,0.0,-4.691926079620086e-05,-9.747663517884252e-05,-0.00010870695006962386
224.8056357999958,0.0,0.0,0.0,1.8799807338391598e-07,-2.2747580169592524e-05,-0.00030376497481630606
224.85489979999693,0.0,0.0,0.0,1.408517036675822e-05,-2.0368168309294784e-05,-0.0002454884042279275
224.9050075999985,0.0,0.0,0.0,-3.282474856823962e-05,-0.00021170244132793183,-0.00021353389047285053
224.9583369999964,0.0,0.0,0.0,2.9633348219938093e-05,0.00013091515288378444,-2.4461884612952756e-05
225.00500040000043,0.0,0.0,0.0,2.8171038295103618e-05,-0.00014323413350450588,-0.00011914562493347622
225.05815179999627,0.0,0.0,0.0,-3.618502915680544e-05,0.00019260500977931583,-1.6125310317272894e-05
225.10555960000056,0.0,0.0,0.0,-2.600846062094983e-05,0.0002038061981968061,1.5903235970837136e-05
225.1563599000001,0.0,0.0,0.0,1.852515780226024e-05,-0.00024353445708242326,3.86475675251727e-06
225.20733050000126,0.0,0.0,0.0,4.071491850700568e-05,-5.768702007168941e-05,-8.20781230313986e-05
225.2576962999956,0.0,0.0,0.0,-5.6279830895576255e-05,0.00040621690403076256,-7.597969149389204e-05
225.30593090000184,0.0,0.0,0.0,3.839993925400498e-05,-0.0004072872731349872,-0.00020929259648205193
225.35485920000065,0.0,0.0,0.0,2.110028483756872e-05,1.562438247377075e-05,-2.8566908926919963e-05
225.4060290999987,0.0,0.0,0.0,-3.332901393796613e-05,4.483500458322014e-05,-0.0004414176893162752
225.4564457000015,0.0,0.0,0.0,6.994650175186157e-06,-0.0001315483276657566,-0.00032937563984293886
225.50546659999964,0.0,0.0,0.0,-1.573482017894328e-06,-7.269232508373497e-05,0.0002969356713489851
225.55597080000007,0.0,0.0,0.0,6.366828005093495e-06,3.168697954860931e-05,-0.00013300867119140876
225.60840930000268,0.0,0.0,0.0,-3.7186537375004587e-06,9.111771385620713e-05,-0.00036160923708708904
225.6577019999968,0.0,0.0,0.0,6.162356734364836e-05,-8.296506891606565e-05,-0.0003108181145976356
225.71024049999687,0.0,0.0,0.0,-7.762582276642036e-05,-0.00014590734464069036,0.00014754096651372334
225.76229330000206,0.0,0.0,0.0,2.6049665922620436e-05,-5.590767286573825e-05,0.00030708212379858474
225.8114432000002,0.0,0.0,0.0,-1.859370803366133e-05,5.288470140486113e-05,5.129276496788965e-06
225.85696800000005,0.0,0.0,0.0,-4.26549448314481e-05,7.335509633091406e-05,0.00013400050575435274
225.90432119999605,0.0,0.0,0.0,3.9077889824833695e-05,0.000370029253849843,0.00010893047824596212
225.95643310000014,0.0,0.0,0.0,-7.484657828563349e-06,-0.0004944146448486791,0.00023526329287496228
226.00554479999846,0.0,0.0,0.0,-3.3650180796015044e-06,0.00024082088063666674,1.3819699146694905e-05
226.0584267000013,0.0,0.0,0.0,-4.6968332082009035e-05,1.7387994408041948e-05,-6.694643232201411e-07
226.10536409999622,0.0,0.0,0.0,1.9378517734192838e-05,0.00014817963747261844,4.354103391520934e-05
226.15653649999877,0.0,0.0,0.0,5.205474229925604e-05,-0.00039637360912708823,0.00014061915792412487
226.2065300999966,0.0,0.0,0.0,-4.242049845805461e-05,0.0003398160804078626,0.0001229524791011346
226.25801389999833,0.0,0.0,0.0,4.098837255551169e-05,-5.403078656213719e-05,-6.575805518803287e-05
226.30448400000023,0.0,0.0,0.0,6.114540808480466e-05,-0.0003348977236152822,-0.0001863309914315893
226.35645239999576,0.0,0.0,0.0,-5.0091430035685974e-05,0.0002246827909627761,-0.00014010979182553577
226.40547220000008,0.0,0.0,0.0,2.237197048646782e-05,-0.00022207148767181096,-0.00012988262934312669
226.45649879999837,0.0,0.0,0.0,-6.128103192207834e-05,0.0002829081624367486,7.223534175104143e-06
226.50445700000273,0.0,0.0,0.0,4.950176832585817e-05,0.00015417435332782487,0.0001219003880264656
226.55540199999814,0.0,0.0,0.0,7.784194963801143e-06,-0.00022580749976006063,-0.00022563917118508116
226.60520939999697,0.0,0.0,0.0,2.3545736062187894e-05,-7.978799527201538e-05,-0.00010874348520659867
226.65621939999983,0.0,0.0,0.0,-4.688163286464882e-05,0.0005293718510088363,-0.0001377471696681267
226.71671310000238,0.0,0.0,0.0,-8.054479131499458e-06,-0.0002874515861159467,-0.0001452594266919448
226.76406850000058,0.0,0.0,0.0,-8.9738381273063e-06,0.00013642766714914555,-0.0001423211078388473
226.81459979999636,0.0,0.0,0.0,4.041348410432904e-05,-0.00022761619281667895,-9.228862500707635e-05
226.8651219999956,0.0,0.0,0.0,-5.020516004150567e-05,0.00011930833952753531,-9.567060505964679e-05
226.90716409999732,0.0,0.0,0.0,4.936092086847836e-05,-4.7177041343402123e-05,-0.00013599681801723125
226.9551124999998,0.0,0.0,0.0,1.99816678024365e-05,-1.0983415746109885e-05,-0.00022558727003935106
227.0064540999956,0.0,0.0,0.0,-8.48309829014737e-05,0.00018869776556876513,-0.00021221544486563492
227.0556878999996,0.0,0.0,0.0,5.096664071674177e-05,-0.00019391570134892998,-0.0001492287353647814
227.10590019999654,0.0,0.0,0.0,-2.4453181237741053e-05,-3.0340719342071875e-05,-0.00018819684389474901
227.1604720999967,0.0,0.0,0.0,3.942190394264015e-05,-2.552982267031422e-05,-0.00016806727617259075
227.20700999999826,0.0,0.0,0.0,-3.098807215138536e-05,0.00010006237099919652,-0.00022797467381149324
227.25669170000037,0.0,0.0,0.0,4.233880774354917e-05,-0.0001748343070147003,-0.00011530663012188038
227.30712109999877,0.0,0.0,0.0,-7.05006143465532e-05,0.00035588773425893007,-5.489064848251622e-05
227.35696189999726,0.0,0.0,0.0,3.3426238592134495e-05,-0.000229459093867468,-0.00020349176053091313
227.40648969999893,0.0,0.0,0.0,-3.322336965579386e-05,0.00013508758609284314,-0.0001644944169820276
227.45659989999695,0.0,0.0,0.0,-1.6075821536015683e-05,0.00022504519543432933,-8.953836237289193e-05
227.50634139999602,0.0,0.0,0.0,4.1022493952903836e-05,-0.0002497581937499486,-0.0001655420190825553
227.55671820000134,0.0,0.0,0.0,3.23103774098136e-05,-6.959474732376858e-05,-4.5178940968422464e-05
227.6063632000005,0.0,0.0,0.0,-7.824011444516271e-05,2.6444049433482196e-05,-0.0001343453436421009
227.65913480000017,0.0,0.0,0.0,2.6751060820703442e-05,-0.00011789999606168748,-4.3674141978603125e-05
227.70628649999708,0.0,0.0,0.0,4.440294224926197e-05,-0.00016179536256614026,-0.00011048328802259913
227.75927760000195,0.0,0.0,0.0,-5.735304449580135e-05,0.0002645613481147978,-0.0002698543127808285
227.80677090000245,0.0,0.0,0.0,1.9920432395711662e-05,-0.00014140689406446895,-0.0001192074525360245
227.85766519999743,0.0,0.0,0.0,4.374347408717141e-05,-0.00028467554723709133,-0.00012457799776147447
227.91122919999907,0.0,0.0,0.0,-4.995961619625167e-05,0.00033662036865013953,-0.00011532360740404097
227.96244139999908,0.0,0.0,0.0,8.581771550590232e-05,-0.00029863053044609523,-0.00010645878816960822
228.00515569999698,0.0,0.0,0.0,-9.004935726023153e-05,5.1023891112496865e-05,0.00012842043520961002
228.0566022999992,0.0,0.0,0.0,4.8844857000874734e-05,0.00013232190186007636,0.00014756940964286388
228.10742580000078,0.0,0.0,0.0,-3.074748231394343e-05,0.00011954358135010426,1.2745890111870845e-05
228.1561683999971,0.0,0.0,0.0,-8.528682827201592e-05,0.000291808529028837,-6.843097354803443e-05
228.20759079999698,0.0,0.0,0.0,8.120857175232701e-05,-0.0002907708119242416,-0.0001159254508966025
228.25694839999778,0.0,0.0,0.0,2.8422721766731075e-05,-0.0003675805384961716,9.401448088020034e-05
228.3050596999965,0.0,0.0,0.0,-1.2312648120688987e-05,0.00011744742764406201,-3.7965786029187925e-05
228.35630870000023,0.0,0.0,0.0,2.1732097508278247e-05,0.00015448771030845404,-2.0731366773948573e-05
228.4062408000027,0.0,0.0,0.0,-5.53535918053379e-05,1.6541827821290598e-05,-0.00016166070414113
228.456271199997,0.0,0.0,0.0,1.6036671166017366e-05,6.265294434000625e-05,-0.00010206224810753632
228.50891440000123,0.0,0.0,0.0,-3.0374752584942974e-05,0.0002513742287437135,-8.372748523307457e-05
228.56300580000243,0.0,0.0,0.0,-1.5827884863744258e-05,-0.0002161264805285091,-3.6663712500530737e-06
228.6170134999993,0.0,0.0,0.0,-1.886664365755013e-06,0.0003239122749643673,-0.0002269233236184387
228.66670819999854,0.0,0.0,0.0,4.155614910570973e-05,-0.0003121360238545802,-6.40325972062973e-05
228.7157167999976,0.0,0.0,0.0,6.266030534417582e-05,0.00016446874425326077,-0.00012504660872572374
228.76574619999883,0.0,0.0,0.0,-6.554408769429465e-05,0.0001295985704227926,-1.0299475723712631e-05
228.81671420000202,0.0,0.0,0.0,-3.4958534199271796e-06,-0.00043971826694307704,4.495310499800788e-05
228.8659037999969,0.0,0.0,0.0,1.4628514737965333e-05,0.0002494585442647413,-4.856168905548211e-06
228.91470100000151,0.0,0.0,0.0,5.0685453127907693e-05,-8.8664528212481e-05,-9.018549019051316e-05
228.96472709999944,0.0,0.0,0.0,-3.4651459205773224e-05,-0.00018302335960975402,-0.0003849521250724922
229.01516450000054,0.0,0.0,0.0,4.1854880324107376e-05,-4.377673699882948e-05,-0.00023073975947485723
229.0682966999957,0.0,0.0,0.0,-0.00016102706573575202,5.838238455631537e-05,0.0003079335003751358
229.11712599999737,0.0,0.0,0.0,5.348719544777054e-05,-5.249126931217562e-05,7.982576907693877e-05
229.1628578000018,0.0,0.0,0.0,2.2419792680187125e-05,-0.00010856283314028302,0.00024352886285084588
229.21405470000172,0.0,0.0,0.0,-1.2011374420159747e-05,0.00016972552668647955,0.0001256250598596527
229.257157,0.0,0.0,0.0,8.528605431139686e-05,-0.00020858345703143768,-0.00015036474788573197
229.3074387000015,0.0,0.0,0.0,-0.0003571431974294351,0.0028963741635786937,-0.1261561839067796
229.35655170000246,0.0,0.0,0.0,-0.0006366369643420662,0.003193065655128932,-0.3407870077346795
229.40579330000037,0.0,0.0,0.0,-0.0008958398232781239,0.0010825223236750788,-0.5384921884842322
229.45935559999634,0.0,0.0,0.0,-0.0013736020396367995,0.0007192076295538854,-0.7157656057885203
229.50764309999795,0.0,0.0,0.0,-0.0015831470433700851,0.0008464690902912926,-0.8579734179164301
229.5574736999988,0.0,0.0,0.0,-0.0014805729835152747,-0.0013785002765491347,-0.9548737441461985
229.60851790000015,0.0,0.0,0.0,-0.0020550769662144005,-0.0033202945122592377,-1.0605671324357908
229.65629049999552,0.0,0.0,0.0,-0.0019905884129385026,-0.0013018079750656373,-1.1499787275209792
229.7064962000004,0.0,0.0,0.0,-0.0019538745290289985,0.0019946464992545818,-1.341295869198503
229.75568560000102,0.0,0.0,0.0,-0.0026442633333475635,-0.0005028644031651351,-1.5065331641772761
229.8128405000025,0.0,0.0,0.0,-0.0030916193453580983,-0.003095393712042536,-1.5169137101247574
229.85674239999935,0.0,0.0,0.0,-0.003479673125158022,-0.006204250780379373,-1.4906158419649416
229.90724809999665,0.0,0.0,0.0,-0.0033459837956229524,-0.0017020300515608732,-1.427848567898493
229.95495729999675,0.0,0.0,0.0,-0.0031283403944224976,0.0015054712376394762,-1.3375440711910653
230.00590119999833,0.0,0.0,0.0,-0.0026262487801546517,0.0028509406196715993,-1.2478131616119807
230.0609403999988,0.0,0.0,0.0,-0.002890498076519791,-0.004407433998941781,-1.1766230722644153
230.11371359999612,0.0,0.0,0.0,-0.0030840609601767094,-0.0013637975082089987,-1.2330612535108934
230.1567436999976,0.0,0.0,0.0,-0.003043762251846297,0.0038733817463218316,-1.312785124368451
230.20562889999565,0.0,0.0,0.0,-0.0028581562712584737,0.00027003702232582895,-1.2719312306160604
230.25548439999693,0.0,0.0,0.0,-0.00254117709589967,0.006136519146253671,-1.1911700077176683
230.30782190000173,0.0,0.0,0.0,-0.002315473283307879,-0.002565251830248412,-1.0906977806743154
230.35536879999563,0.0,0.0,0.0,-0.0020908267398040176,0.002252481989803773,-0.9945199981460928
230.4076098000005,0.0,0.0,0.0,-0.001708236896823454,0.0006437773886446214,-0.9058293419709946
230.45698280000215,0.0,0.0,0.0,-0.00183637741683183,-0.0026279014483190765,-0.8355161394425767
230.51538810000056,0.0,0.0,0.0,-0.0018034376463182526,-0.00275073221045674,-0.7665071191131624
230.56916130000172,0.0,0.0,0.0,-0.0016700912750646489,0.0003911843622702284,-0.7126131171147536
230.6064006000015,0.0,0.0,0.0,-0.0014481580890751198,-0.0005700116336363793,-0.6652831285580364
230.65763490000245,0.0,0.0,0.0,-0.0016678364050271418,-0.008830881865416116,-0.6625670486559614
230.71088790000067,0.0,0.0,0.0,-0.0011504574079549835,0.003987678051788555,-0.6467878683345416
230.76688389999617,0.0,0.0,0.0,-0.0025215842926388367,0.0003618303809063059,-0.6482336763762641
230.81327279999823,0.0,0.0,0.0,-0.0017203680348849637,0.004401653025889512,-0.6699659825106343
230.86558949999744,0.0,0.0,0.0,-0.0018417759369807952,-0.00043879050549266193,-0.7232587900760951
230.91382989999693,0.0,0.0,0.0,-0.001719953336076785,-0.0013708147001167267,-0.7453337598181803
230.96383929999865,0.0,0.0,0.0,-0.0018422016253174705,0.0038710536747794903,-0.7171374853390554
231.02306559999852,0.0,0.0,0.0,-0.0009935638378893192,0.005425415777439024,-0.6062283890506103
231.06479019999824,0.0,0.0,0.0,-0.0007972313528203151,-0.0009907518118546408,-0.4551990051368809
231.11342670000158,0.0,0.0,0.0,-0.0004181058546167051,-0.002187004968886431,-0.3001171114892436
231.1666972000021,0.0,0.0,0.0,-0.0002044314692652149,0.013046516220228649,-0.19795590725208456
231.21553069999936,0.0,0.0,0.0,-0.0002608614846452296,-0.002180099569922463,-0.1915695824172017
231.25720359999832,0.0,0.0,0.0,-0.0006484408880978283,-0.000319039476699949,-0.21051747317647712
231.3075284000006,0.0,0.0,0.0,-0.0004925756319742562,0.0011302714317794238,-0.2184190245418037
231.3654308999976,0.0,0.0,0.0,-0.00031672507626128577,0.0008327513791254368,-0.21257441503223024
231.4156335000007,0.0,0.0,0.0,-0.00020637008167197172,0.0012104151320157883,-0.20019684141723315
231.46578059999592,0.0,0.0,0.0,-0.00023285570111449303,-0.001631814862153265,-0.19351690792144954
231.5161528000026,0.0,0.0,0.0,-0.0002576404683077606,0.002386444555888151,-0.19325244859093788
231.56577480000124,0.0,0.0,0.0,-0.00030062238976374353,0.0024883663314112423,-0.19787374979695863
231.61554690000048,0.0,0.0,0.0,-0.00035119969879588147,-0.002423878454503713,-0.20537279041827894
231.6640316999983,0.0,0.0,0.0,-0.0003544317407955976,-0.003007476111201295,-0.21195547977901102
231.71659579999687,0.0,0.0,0.0,-0.00026589491822534854,0.0020588099019873945,-0.2199494097856697
231.76505729999917,0.0,0.0,0.0,-0.0002486811252805887,0.004635434906744128,-0.23233870364935344
231.8157499000008,0.0,0.0,0.0,-0.00046108003596905293,-0.00530839119088904,-0.2532953436698426
231.86316670000087,0.0,0.0,0.0,-0.0005218647644891926,-0.0027139585373916284,-0.2848532935733505
231.9148350999967,0.0,0.0,0.0,-0.000578798429371542,-0.0010288919224677512,-0.3313410178236974
231.9658641999995,0.0,0.0,0.0,-0.0006343119388301001,0.0029471937629444197,-0.4065128806477791
232.01480309999897,0.0,0.0,0.0,-0.0005917534286345948,0.009258124947484762,-0.42714555353192624
232.06427740000072,0.0,0.0,0.0,-0.0004647329628685706,0.0019163240244574995,-0.4274266641012269
232.1115004999956,0.0,0.0,0.0,-0.00020704691782607855,0.0006809963370658591,-0.4128940229254319
232.1627126999956,0.0,0.0,0.0,-0.0003556426882587334,2.3041760444415865e-06,-0.3942036336346607
232.21079199999804,0.0,0.0,0.0,-0.00027771644504895093,-0.00028938061836457173,-0.3677606191224014
232.2669573000021,0.0,0.0,0.0,-0.0002746679470327086,-0.0002970926045124444,-0.3433116691460642
232.31198459999723,0.0,0.0,0.0,-0.00028680292365062816,-0.00035144108523237674,-0.31310566587337607
232.35660359999747,0.0,0.0,0.0,-0.0002064502005293157,-0.0007521851231044891,-0.27179579829783945
232.40661839999666,0.0,0.0,0.0,-0.0002831742239004673,-0.0030733776280460765,-0.21001435046012212
232.45969409999816,0.0,0.0,0.0,-6.493796206663974e-05,-0.00858132382921061,-0.0657471455391855
232.50619970000116,0.0,0.0,0.0,-5.6747341201213215e-05,-0.0034291456975123966,-0.00975206790406037
232.55707760000223,0.0,0.0,0.0,-4.085162038839326e-05,4.446160048085162e-05,-0.004665079022416334
232.60576939999737,0.0,0.0,0.0,-2.2306862354270335e-05,4.075707632837199e-05,-0.0023236677547359783
232.65596129999903,0.0,0.0,0.0,-1.0904158297156244e-05,8.011056178989178e-06,-0.0012662553991242926
232.70670840000093,0.0,0.0,0.0,-5.321837911450567e-06,3.6661461114777224e-06,-0.0007958489662058399
232.75574020000204,0.0,0.0,0.0,-2.799975286677866e-06,1.2590188348823304e-06,-0.0005864309035693257
232.80535650000093,0.0,0.0,0.0,-1.6456084738976462e-06,1.5512811652289637e-07,-0.0004916048504835761
232.85722879999958,0.0,0.0,0.0,-1.1766543767903677e-06,-3.1920595757867497e-07,-0.00045060027799382664
232.90765079999983,0.0,0.0,0.0,-9.654290227531393e-07,-5.49611021661389e-07,-0.00043240318435961523
232.96189530000265,0.0,0.0,0.0,-8.708662401262573e-07,-6.490457502926857e-07,-0.00042429829990098505
233.00711549999687,0.0,0.0,0.0,-8.287214059883646e-07,-6.935872290831807e-07,-0.0004206770528143266
233.05572270000266,0.0,0.0,0.0,-8.099620266387741e-07,-7.140401731182986e-07,-0.00041905066188194565
233.10971150000114,0.0,0.0,0.0,-8.016132325899422e-07,-7.237755001438205e-07,-0.0004183123732896854
233.15653839999868,0.0,0.0,0.0,-7.978971270924872e-07,-7.287390029078791e-07,-0.00041796956896434414
233.20572589999938,0.0,0.0,0.0,-7.962425312569061e-07,-7.315766456199631e-07,-0.00041780289402111603
233.25523049999902,0.0,0.0,0.0,-7.955053901003005e-07,-7.33467209243898e-07,-0.00041771465294369886
233.31021979999787,0.0,0.0,0.0,-7.951765400196632e-07,-7.349359179343634e-07,-0.00041766132892158794
233.35920690000057,0.0,0.0,0.0,-7.950293858380305e-07,-7.362171122318445e-07,-0.0004176235360854933
233.40812249999726,0.0,0.0,0.0,-7.949630824694397e-07,-7.374150995328577e-07,-0.00041759263789311105
233.4573356999972,0.0,0.0,0.0,-7.949327242844154e-07,-7.385765323515231e-07,-0.00041756478627339117
233.50676730000123,0.0,0.0,0.0,-7.949183129444471e-07,-7.397222553907302e-07,-0.00041753826650296695
233.5644702999998,0.0,0.0,0.0,-7.949109736619722e-07,-7.408613494496956e-07,-0.0004175123146524805
233.61051769999904,0.0,0.0,0.0,-7.949067284432622e-07,-7.419980248776116e-07,-0.0004174865902762156
233.66051919999882,0.0,0.0,0.0,-7.949038271308104e-07,-7.431341071065903e-07,-0.0004174609417220116
233.70765080000274,0.0,0.0,0.0,-7.94901459094549e-07,-7.442704802729567e-07,-0.00041743530122381593
233.7655900000027,0.0,0.0,0.0,-7.948992807964212e-07,-7.454075043629117e-07,-0.00041740963851905267
233.80798679999862,0.0,0.0,0.0,-7.94897173669414e-07,-7.465451882754276e-07,-0.0004173839405066319
233.85723499999585,0.0,0.0,0.0,-7.948950143059243e-07,-7.476837592347981e-07,-0.0004173582010865484
233.91255349999847,0.0,0.0,0.0,-7.948928210559163e-07,-7.488231421156345e-07,-0.00041733241775689334
233.9612053000019,0.0,0.0,0.0,-7.948905428437443e-07,-7.499633947920039e-07,-0.00041730658935808603
234.0134584999978,0.0,0.0,0.0,-7.948881940468666e-07,-7.511045176917465e-07,-0.00041728071530100117
234.0574756999995,0.0,0.0,0.0,-7.948857552278247e-07,-7.522465491158982e-07,-0.00041725479540746633
234.10577439999906,0.0,0.0,0.0,-7.948832351128029e-07,-7.533894490606794e-07,-0.0004172288296065572
234.1594827000008,0.0,0.0,0.0,-7.948806483080579e-07,-7.545331548555993e-07,-0.00041720281802357415
234.20607949999976,0.0,0.0,0.0,-7.948779783886764e-07,-7.556776866976011e-07,-0.0004171767607749679
234.25660749999952,0.0,0.0,0.0,-7.948752216286067e-07,-7.568231181618409e-07,-0.00041715065766548384
234.3067207999993,0.0,0.0,0.0,-7.948723857911733e-07,-7.579694133128431e-07,-0.00041712450892187665
234.3579585999978,0.0,0.0,0.0,-7.948694638334871e-07,-7.59116490035468e-07,-0.00041709831458217517
234.4196940999973,0.0,0.0,0.0,-7.948664409869699e-07,-7.602645198249395e-07,-0.0004170720744883308
234.45614889999706,0.0,0.0,0.0,-7.948633711622261e-07,-7.614132303618754e-07,-0.0004170457889368531
234.50674759999674,0.0,0.0,0.0,-7.948602088019162e-07,-7.62562871150733e-07,-0.00041701945799815316
234.5569183999978,0.0,0.0,0.0,-7.948569548002621e-07,-7.637133022364036e-07,-0.0004169930816866578
234.60861969999678,0.0,0.0,0.0,-7.948536306602399e-07,-7.648645364469787e-07,-0.0004169666600969947
234.65635649999604,0.0,0.0,0.0,-7.948502235702331e-07,-7.660165606205355e-07,-0.0004169401932762205
234.7075479999985,0.0,0.0,0.0,-7.948467230887529e-07,-7.671694327477122e-07,-0.0004169136811827136
234.75869599999714,0.0,0.0,0.0,-7.948431448368908e-07,-7.683231701179999e-07,-0.00041688712398230024
234.81081519999861,0.0,0.0,0.0,-7.948394969874923e-07,-7.694775901845884e-07,-0.000416860521881884
234.8565077999956,0.0,0.0,0.0,-7.948357699253767e-07,-7.706327908583699e-07,-0.0004168338749106206
234.9073716999992,0.0,0.0,0.0,-7.948319484896863e-07,-7.717888456861346e-07,-0.0004168071830556204
234.9570457000009,0.0,0.0,0.0,-7.948280612938818e-07,-7.729456517848463e-07,-0.00041678044649393433
235.00814179999725,0.0,0.0,0.0,-7.948240921554471e-07,-7.741031848765231e-07,-0.00041675366532799394
235.0572289999982,0.0,0.0,0.0,-7.948200175259881e-07,-7.752616477785276e-07,-0.0004167268393581269
235.10610520000046,0.0,0.0,0.0,-7.948158850523981e-07,-7.764207280988569e-07,-0.0004166999690473806
235.1571533000024,0.0,0.0,0.0,-7.948116686315353e-07,-7.775806063591383e-07,-0.000416673054262697
235.20637429999624,0.0,0.0,0.0,-7.94807379146601e-07,-7.787412154006954e-07,-0.00041664609531797986
235.26852939999662,0.0,0.0,0.0,-7.948030074867583e-07,-7.799026064387858e-07,-0.0004166190921914509
235.30699319999985,0.0,0.0,0.0,-7.94798548876404e-07,-7.810647573185534e-07,-0.00041659204496277257
235.35889959999622,0.0,0.0,0.0,-7.947940163226288e-07,-7.822275432163616e-07,-0.0004165649537723712
235.40659729999606,0.0,0.0,0.0,-7.947894043786943e-07,-7.833911618311961e-07,-0.00041653781869006504
235.46430439999676,0.0,0.0,0.0,-7.947847094013772e-07,-7.845554931566862e-07,-0.0004165106398285404
235.51246430000174,0.0,0.0,0.0,-7.947799358676539e-07,-7.857205146819722e-07,-0.0004164834173745874
235.55606319999788,0.0,0.0,0.0,-7.947750960770502e-07,-7.868862460978767e-07,-0.00041645615137413116
235.60588080000161,0.0,0.0,0.0,-7.947701607966467e-07,-7.880527544963945e-07,-0.0004164288419125495
235.6594017000025,0.0,0.0,0.0,-7.947651668816923e-07,-7.89219841227281e-07,-0.0004164014892379358
235.70840479999606,0.0,0.0,0.0,-7.947600879652753e-07,-7.903877087539122e-07,-0.0004163740934459405
235.7573790000024,0.0,0.0,0.0,-7.947549159037217e-07,-7.915562573504529e-07,-0.00041634665449645996
235.80793180000182,0.0,0.0,0.0,-7.947496713363213e-07,-7.927255663835496e-07,-0.00041631917254976713
235.86190469999565,0.0,0.0,0.0,-7.947443676319089e-07,-7.938954220167368e-07,-0.00041629164792919435
235.90663040000072,0.0,0.0,0.0,-7.947389695435247e-07,-7.950660114793826e-07,-0.0004162640806268706
235.96107929999562,0.0,0.0,0.0,-7.947335137351998e-07,-7.962372672112894e-07,-0.00041623647083552243
236.0141064999989,0.0,0.0,0.0,-7.947279568335956e-07,-7.974092187635398e-07,-0.00041620881867329067
236.05856559999665,0.0,0.0,0.0,-7.947223277461194e-07,-7.985818279308699e-07,-0.00041618112406645617
236.10935510000127,0.0,0.0,0.0,-7.947166310210104e-07,-7.997550564175296e-07,-0.00041615338740275923
236.15990610000154,0.0,0.0,0.0,-7.94710859722065e-07,-8.009289285444843e-07,-0.0004161256088434672
236.20730249999906,0.0,0.0,0.0,-7.947050108533817e-07,-8.021034465419712e-07,-0.0004160977884937764
236.25804989999597,0.0,0.0,0.0,-7.946990936850618e-07,-8.032786011519779e-07,-0.0004160699264712232
236.31180519999907,0.0,0.0,0.0,-7.946931152604835e-07,-8.044542874605673e-07,-0.00041604202312981944
236.36164439999993,0.0,0.0,0.0,-7.946870256589404e-07,-8.056307041956099e-07,-0.0004160140783429145
236.4074294999955,0.0,0.0,0.0,-7.94680858634901e-07,-8.06807812880916e-07,-0.0004159860921815297
236.4577821999992,0.0,0.0,0.0,-7.946746490132147e-07,-8.07985470293348e-07,-0.000415958065041146
236.5085007000016,0.0,0.0,0.0,-7.946683685554426e-07,-8.091636255752183e-07,-0.0004159299971729747
236.56543539999984,0.0,0.0,0.0,-7.946620102045376e-07,-8.103423986420687e-07,-0.0004159018886715349
236.60925329999736,0.0,0.0,0.0,-7.946555789391751e-07,-8.115217913352032e-07,-0.0004158737397970308
236.661563499998,0.0,0.0,0.0,-7.946490668113996e-07,-8.127017838415394e-07,-0.00041584555051241525
236.71408040000097,0.0,0.0,0.0,-7.946424804081449e-07,-8.138823890721652e-07,-0.00041581732107150756
236.76016289999825,0.0,0.0,0.0,-7.946358181753075e-07,-8.150635646438963e-07,-0.00041578905164777987
236.8085590999981,0.0,0.0,0.0,-7.946291124168376e-07,-8.162451941486343e-07,-0.00041576074253124476
236.8607129000011,0.0,0.0,0.0,-7.946223238931978e-07,-8.174274512694626e-07,-0.0004157323939398257
236.90759869999602,0.0,0.0,0.0,-7.946154493554307e-07,-8.186103093635001e-07,-0.00041570400589114947
236.95988639999996,0.0,0.0,0.0,-7.946085219467913e-07,-8.197936387173599e-07,-0.0004156755786699534
237.0123539999986,0.0,0.0,0.0,-7.946015264924042e-07,-8.209775458956335e-07,-0.00041564711253160697
237.06024089999846,0.0,0.0,0.0,-7.945944493671795e-07,-8.221619865477253e-07,-0.00041561860761795186
237.108951299997,0.0,0.0,0.0,-7.945873144256799e-07,-8.233469555681423e-07,-0.0004155900641114594
237.16268249999848,0.0,0.0,0.0,-7.945801076806509e-07,-8.245324174207616e-07,-0.0004155614822445939
237.21032620000187,0.0,0.0,0.0,-7.945728329626333e-07,-8.257184294700898e-07,-0.00041553286229282854
237.25946829999884,0.0,0.0,0.0,-7.94565495833087e-07,-8.26904904709563e-07,-0.00041550420446584825
237.3163104999985,0.0,0.0,0.0,-7.945580981837695e-07,-8.280918783730716e-07,-0.0004154755090029063
237.36433150000084,0.0,0.0,0.0,-7.945506415032621e-07,-8.292793344898212e-07,-0.0004154467762323491
237.40728919999674,0.0,0.0,0.0,-7.945430871886992e-07,-8.304673404599235e-07,-0.0004154180061009236
237.46724679999897,0.0,0.0,0.0,-7.945354958883766e-07,-8.316558103358464e-07,-0.0004153891989972888
237.51677960000234,0.0,0.0,0.0,-7.945278332457955e-07,-8.328446887963387e-07,-0.00041536035524718544
237.56595959999686,0.0,0.0,0.0,-7.945201015645093e-07,-8.340341356624544e-07,-0.0004153314749129291
237.6214809000012,0.0,0.0,0.0,-7.945123201184888e-07,-8.352239389903669e-07,-0.00041530255849645404
237.66185530000075,0.0,0.0,0.0,-7.945044841430674e-07,-8.364141897258805e-07,-0.00041527360615430976
237.71530199999688,0.0,0.0,0.0,-7.944965694321158e-07,-8.376049568801686e-07,-0.00041524461814048416
237.76556329999585,0.0,0.0,0.0,-7.944885951334317e-07,-8.387961465918746e-07,-0.0004152155946328703
237.8191977999959,0.0,0.0,0.0,-7.944805565475398e-07,-8.399877586296593e-07,-0.0004151865359011177
237.86769610000192,0.0,0.0,0.0,-7.944724695302697e-07,-8.411798366879985e-07,-0.00041515744232130196
237.91312109999853,0.0,0.0,0.0,-7.94464323501906e-07,-8.423722563238672e-07,-0.000415128314109228
237.9621160999959,0.0,0.0,0.0,-7.944561193205404e-07,-8.435650904071124e-07,-0.00041509915159935237
238.01623560000007,0.0,0.0,0.0,-7.944478577632791e-07,-8.447583652651711e-07,-0.00041506995507506033
238.06348949999665,0.0,0.0,0.0,-7.944395444986288e-07,-8.459520048846423e-07,-0.00041504072483152454
238.1245254000023,0.0,0.0,0.0,-7.944311607085428e-07,-8.471461049483318e-07,-0.0004150114610434871
238.17956910000066,0.0,0.0,0.0,-7.944227175222185e-07,-8.483405604903533e-07,-0.0004149821640083354
238.21691499999724,0.0,0.0,0.0,-7.944142434136617e-07,-8.495353326416457e-07,-0.0004149528342332756
238.26845409999805,0.0,0.0,0.0,-7.944057085994133e-07,-8.507305371968723e-07,-0.00041492347191221166
238.31073549999564,0.0,0.0,0.0,-7.943971169805199e-07,-8.519260515040646e-07,-0.0004148940774095666
238.3638831999997,0.0,0.0,0.0,-7.943884784008044e-07,-8.531219483179617e-07,-0.00041486465102856453
238.41504259999783,0.0,0.0,0.0,-7.943797773509581e-07,-8.54318220941834e-07,-0.000414835193043999
238.46756710000045,0.0,0.0,0.0,-7.943710155455419e-07,-8.55514806852605e-07,-0.0004148057036755521
238.51163280000037,0.0,0.0,0.0,-7.9436223429289e-07,-8.567117669382796e-07,-0.0004147761834408303
238.5633613999962,0.0,0.0,0.0,-7.943533898409995e-07,-8.579089727850545e-07,-0.00041474663262353094
238.6173282000018,0.0,0.0,0.0,-7.94344511264321e-07,-8.591064966242764e-07,-0.0004147170517001939
238.66956290000235,0.0,0.0,0.0,-7.943355847216571e-07,-8.603043249483411e-07,-0.00041468744102027413
238.71837080000114,0.0,0.0,0.0,-7.943266028845693e-07,-8.615025708958918e-07,-0.00041465780081165594
238.764119200001,0.0,0.0,0.0,-7.943175772480986e-07,-8.627009650477136e-07,-0.00041462813147344417
238.81306210000184,0.0,0.0,0.0,-7.943084926763405e-07,-8.638997783386067e-07,-0.00041459843324561036
238.86786479999864,0.0,0.0,0.0,-7.94299382244401e-07,-8.650988296812573e-07,-0.00041456870664159564
238.91682140000194,0.0,0.0,0.0,-7.94290230230976e-07,-8.662981611468349e-07,-0.0004145389520048919
238.966096199998,0.0,0.0,0.0,-7.942810318407685e-07,-8.67497732325344e-07,-0.00041450916976432556
239.01449850000063,0.0,0.0,0.0,-7.942718022338433e-07,-8.686975758044906e-07,-0.0004144793603165118
239.05976759999612,0.0,0.0,0.0,-7.942625410771302e-07,-8.698975909924345e-07,-0.0004144495242062895
239.11492700000235,0.0,0.0,0.0,-7.942532147350407e-07,-8.71097989301578e-07,-0.00041441966157636093
239.1670193999962,0.0,0.0,0.0,-7.942438623583491e-07,-8.722986096311294e-07,-0.00041438977283843857
239.21964060000028,0.0,0.0,0.0,-7.942344877447369e-07,-8.7349939798984e-07,-0.0004143598585454088
239.26635700000043,0.0,0.0,0.0,-7.942250770407813e-07,-8.747004162502573e-07,-0.0004143299191397106
239.31405529999756,0.0,0.0,0.0,-7.942156321795725e-07,-8.759016727941316e-07,-0.0004142999550436439
239.36267190000217,0.0,0.0,0.0,-7.942061431737669e-07,-8.771030939727564e-07,-0.0004142699666586997
239.4096247999987,0.0,0.0,0.0,-7.94196635684794e-07,-8.783047566060283e-07,-0.00041423995443297184
239.4626449999996,0.0,0.0,0.0,-7.941870912667517e-07,-8.795065848176485e-07,-0.00041420991889952024
239.5192442999978,0.0,0.0,0.0,-7.941775203485504e-07,-8.807086670103769e-07,-0.00041417986029634326
239.56465670000034,0.0,0.0,0.0,-7.941679322473971e-07,-8.819108822662559e-07,-0.00041414977929788896
239.61580919999687,0.0,0.0,0.0,-7.941583080445097e-07,-8.831132170536816e-07,-0.00041411967638628846
239.666782100001,0.0,0.0,0.0,-7.941486619023147e-07,-8.843157528074929e-07,-0.0004140895519391471
239.71826899999724,0.0,0.0,0.0,-7.941389858545831e-07,-8.855185491737956e-07,-0.00041405940636170615
239.7605618000016,0.0,0.0,0.0,-7.941293044559343e-07,-8.867213049511217e-07,-0.0004140292404637011
239.81311009999627,0.0,0.0,0.0,-7.941195831073029e-07,-8.879243336542927e-07,-0.00041399905442364427
239.8606729000021,0.0,0.0,0.0,-7.941098372862438e-07,-8.891275322843094e-07,-0.00041396884872807314
239.91588989999582,0.0,0.0,0.0,-7.941000931270014e-07,-8.903307907555219e-07,-0.00041393862405822066
239.97065889999794,0.0,0.0,0.0,-7.940903312630038e-07,-8.91534133171605e-07,-0.0004139083809597808
240.01403340000252,0.0,0.0,0.0,-7.940805585470561e-07,-8.927376343786467e-07,-0.00041387811993262824
240.06713540000055,0.0,0.0,0.0,-7.940707706744892e-07,-8.939411248424337e-07,-0.0004138478415975145
240.11693569999625,0.0,0.0,0.0,-7.940609656112495e-07,-8.951448441085173e-07,-0.0004138175463211021
240.17208350000146,0.0,0.0,0.0,-7.940511563155381e-07,-8.963486288536917e-07,-0.00041378723487331317
240.2095921,0.0,0.0,0.0,-7.940413274400784e-07,-8.975525189287318e-07,-0.0004137569076063817
240.26729989999876,0.0,0.0,0.0,-7.9403149465727e-07,-8.987564199917952e-07,-0.00041372656517504446
240.31708760000038,0.0,0.0,0.0,-7.940216595705783e-07,-8.999604290402764e-07,-0.00041369620816647355
240.36677670000063,0.0,0.0,0.0,-7.940118267419376e-07,-9.011644942644603e-07,-0.0004136658371477097
240.41435349999665,0.0,0.0,0.0,-7.940020011391531e-07,-9.023685347308133e-07,-0.00041363545284344366
240.46095780000178,0.0,0.0,0.0,-7.939921545943722e-07,-9.035727057438039e-07,-0.00041360505581034565
240.51175540000258,0.0,0.0,0.0,-7.939823217745211e-07,-9.047768328626454e-07,-0.0004135746465672683
240.56303739999566,0.0,0.0,0.0,-7.939724689617475e-07,-9.059811136610735e-07,-0.0004135442256821297
240.60963149999588,0.0,0.0,0.0,-7.93962634649812e-07,-9.0718541340746e-07,-0.00041351379381935835
240.668413899999,0.0,0.0,0.0,-7.939528114634886e-07,-9.083896180210603e-07,-0.00041348335181079233
240.7133135999975,0.0,0.0,0.0,-7.939430016161942e-07,-9.095938200449212e-07,-0.00041345290017837685
240.7621113999994,0.0,0.0,0.0,-7.939332155141418e-07,-9.107980872400882e-07,-0.0004134224397517198
240.81759030000103,0.0,0.0,0.0,-7.939234034449972e-07,-9.12002388941108e-07,-0.00041339197086448775
240.86548980000225,0.0,0.0,0.0,-7.93913629018944e-07,-9.132065830203371e-07,-0.0004133614944743242
240.91372959999717,0.0,0.0,0.0,-7.939038691927812e-07,-9.144107623877488e-07,-0.00041333101118077453
240.95967129999917,0.0,0.0,0.0,-7.938941224751429e-07,-9.156150263958087e-07,-0.0004133005215635196
241.020354100001,0.0,0.0,0.0,-7.938843892074616e-07,-9.168191807900532e-07,-0.0004132700264256601
241.06483099999605,0.0,0.0,0.0,-0.00025100530618877757,-0.0006220028977264825,-0.1179376017181013
241.1143796999968,0.0,0.0,0.0,-0.000611450553495925,-0.0012962262237559497,-0.29833129446853873
241.16545459999907,0.0,0.0,0.0,-0.0009037517245398709,-0.0005935124360209874,-0.46920527721053373
241.21684249999817,0.0,0.0,0.0,-0.0013140250346068702,-0.0003131541037583256,-0.6595311650323894
241.2623664999992,0.0,0.0,0.0,-0.0017791731293545466,0.000859680873839484,-0.8817731516287736
241.31631629999902,0.0,0.0,0.0,-0.001831688842078782,0.0018485539908710933,-1.1285089881706336
241.36253939999733,0.0,0.0,0.0,-0.002031045650876606,0.004774818808000686,-1.3947340938956285
241.4176443999968,0.0,0.0,0.0,-0.0025304634037655186,0.0015484738637059092,-1.6887255981057148
241.4624102000016,0.0,0.0,0.0,-0.003706400632186328,-0.003293208312799976,-1.8444486446763595
241.5136302999963,0.0,0.0,0.0,-0.004057326958631892,-0.002651761217958922,-1.8525425051891988
241.55938199999946,0.0,0.0,0.0,-0.0038492714999688324,-0.0030565450060912377,-1.8732822644531542
241.61536669999623,0.0,0.0,0.0,-0.0039205599797273736,0.0002829474839951786,-1.8835114528575356
241.6627526000011,0.0,0.0,0.0,-0.0030547058490589542,0.0023556510016048884,-1.8814951649018716
241.7155672000008,0.0,0.0,0.0,-0.004578025473907884,0.0004773219192034196,-1.8814644324307932
241.7637923000002,0.0,0.0,0.0,-0.0034703318966896636,-0.0056300494264263385,-1.879561829177898
241.81239970000024,0.0,0.0,0.0,-0.003352095858910364,0.006554551032749582,-1.8815766988846092
241.8618062999958,0.0,0.0,0.0,-0.0031722943522800554,0.0028275987569443646,-1.882371219753841
241.9086857000002,0.0,0.0,0.0,-0.003253035423554175,-0.0015426091115873976,-1.8560337622248946
241.96572359999846,0.0,0.0,0.0,-0.0032427817926544084,-0.0008519297105142036,-1.7560886635126156
242.0146478999959,0.0,0.0,0.0,-0.002997561262733618,0.000706639612035987,-1.6234774704121444
242.06318730000203,0.0,0.0,0.0,-0.0029654408267462185,1.1437871032761776e-05,-1.5173439243230842
242.1158243000027,0.0,0.0,0.0,-0.0024621781604141895,0.0007932668825627156,-1.4080572189037217
242.1637380999964,0.0,0.0,0.0,-0.0030475600024209046,-0.000656220842070485,-1.3095263426063883
242.21392539999943,0.0,0.0,0.0,-0.002542876958668433,0.00024895089158453966,-1.218861861081319
242.2583689000021,0.0,0.0,0.0,-0.0022024821698338475,-0.0016142586031687805,-1.1383412772676345
242.31067569999868,0.0,0.0,0.0,-0.0020520926610478564,0.0007017728828676776,-1.0617979537734998
242.36612179999793,0.0,0.0,0.0,-0.002060556402971179,-0.001132815934878874,-0.9886693214935928
242.41539809999813,0.0,0.0,0.0,-0.0017861633154730226,0.0023693268834140266,-0.923496855769981
242.4609072000021,0.0,0.0,0.0,-0.0021607645184261517,-0.006004411350374078,-0.8640356263650296
242.510306199998,0.0,0.0,0.0,-0.0019254558789652653,-0.0008433463040390328,-0.8117559474056545
242.55970440000237,0.0,0.0,0.0,-0.0017196427810676502,0.0004941228589971657,-0.7537610573671696
242.61443490000238,0.0,0.0,0.0,-0.0012507187133541904,-0.0003857443934260496,-0.7084664007204808
242.66490560000238,0.0,0.0,0.0,-0.0018230043821055558,0.00015117551225566446,-0.6628884413654086
242.71647569999914,0.0,0.0,0.0,-0.0015147274045585423,-0.007789791347137268,-0.6650408181395517
242.75755390000268,0.0,0.0,0.0,-0.0016882386440209595,0.0033009322813415567,-0.6637683611607994
242.8154263999968,0.0,0.0,0.0,-0.0019945758487568215,0.0011697861478841326,-0.6673546938266156
242.85982199999853,0.0,0.0,0.0,-0.0014548388361990637,0.0036840213803128728,-0.6896082523885072
242.90789850000147,0.0,0.0,0.0,-0.0022206158317555997,-0.002179821201062748,-0.736222533105241
242.96529960000044,0.0,0.0,0.0,-0.0019811987741723035,-0.0014832110123326435,-0.7572445826579745
243.01103639999928,0.0,0.0,0.0,-0.0019648420947097336,0.0047259727044162165,-0.7233603697426174
243.06289190000098,0.0,0.0,0.0,-0.0012746491326025365,-0.0005706819582813409,-0.6180740063075573
243.11754949999886,0.0,0.0,0.0,-0.0008627317504840923,0.001860752332669798,-0.4646856697473259
243.1687751999998,0.0,0.0,0.0,-0.00022212741197078197,0.020456723317595966,-0.3431225706475391
243.20850059999793,0.0,0.0,0.0,-0.00012854707945900013,0.004133052237833622,-0.2828528304561178
243.26482179999584,0.0,0.0,0.0,-6.536745458175505e-05,0.00047628230239997726,-0.2101512800189958
243.3143366000004,0.0,0.0,0.0,-3.510433382125887e-05,0.0009565745054370756,-0.13780945593907973
243.36369240000204,0.0,0.0,0.0,-7.331190125253163e-05,-0.001065970551545544,-0.06852690380319558
243.4120924000017,0.0,0.0,0.0,-1.7872962390586075e-05,-0.0010782804107251412,0.0010963300280177816
243.45760399999563,0.0,0.0,0.0,9.90765785253874e-05,-0.00039236330311038804,0.06945243349031982
243.5109295000002,0.0,0.0,0.0,0.00010998332068075468,-0.008191571651421453,0.07000093719556319
243.56706519999716,0.0,0.0,0.0,-6.008294919457112e-05,-0.006717889909856233,0.003758486374609073
243.61436349999713,0.0,0.0,0.0,-3.6603737255651373e-05,-0.00021034464226981682,0.0005139866265070598
243.66561089999595,0.0,0.0,0.0,-1.4770304978441824e-05,2.709175455102786e-05,8.695984033073068e-05
243.71489999999903,0.0,0.0,0.0,-4.348441855314682e-06,2.65268572895361e-07,2.346783028847032e-05
243.76310489999742,0.0,0.0,0.0,-1.0227416624941958e-06,2.759307175786836e-07,2.9689651415414336e-05
243.80895500000042,0.0,0.0,0.0,7.10793470149212e-07,7.939350941358559e-07,3.9817289026855836e-05
243.8660516000018,0.0,0.0,0.0,-2.907012067356646e-07,-1.1085629962636457e-06,4.212108899459383e-05
243.9150509999963,0.0,0.0,0.0,1.4625839260443332e-07,-1.5808129068076326e-06,4.2362171766304697e-05
243.9608487000005,0.0,0.0,0.0,9.924972108413918e-08,8.018718724473201e-07,4.2482353414693084e-05
244.00816199999826,0.0,0.0,0.0,6.034129345768907e-07,-2.890988007767725e-07,4.277916928582081e-05
244.06489470000088,0.0,0.0,0.0,-3.7220594970534026e-07,-6.833093198604026e-07,4.366286678890659e-05
244.11143369999627,0.0,0.0,0.0,9.83839606854414e-08,-1.3222999263516524e-08,4.248603687379652e-05
244.15868690000207,0.0,0.0,0.0,1.056180610191508e-07,6.851056763901985e-07,4.333702463767064e-05
244.21268740000232,0.0,0.0,0.0,1.1658983511702751e-07,-1.7796305015993036e-06,4.239374550855978e-05
244.26475679999567,0.0,0.0,0.0,5.774178294830241e-07,2.9344141801233997e-07,4.157971756792538e-05
244.31400589999976,0.0,0.0,0.0,-3.738656886966292e-07,4.7323938465714776e-07,4.412951284857504e-05
244.35861859999568,0.0,0.0,0.0,1.4433277718019777e-07,-1.6289925266282392e-06,4.438528309595948e-05
244.41447399999743,0.0,0.0,0.0,6.030419457924733e-07,-8.431145258549994e-07,4.2635324283487745e-05
244.4629836000022,0.0,0.0,0.0,9.674092132249027e-08,7.818971669772797e-07,4.297452477723583e-05
244.51634770000237,0.0,0.0,0.0,1.1658903884512571e-07,-1.0991823517870747e-06,4.2935045218845454e-05
244.56569209999725,0.0,0.0,0.0,9.877657337534813e-08,9.013233468079953e-09,4.257978382775257e-05
244.60841739999887,0.0,0.0,0.0,1.0810344869499074e-07,1.882478895128096e-07,4.324508245993826e-05
244.66453449999972,0.0,0.0,0.0,-3.765559082369353e-07,-6.27174455931493e-07,4.354298037673553e-05
244.7115621999983,0.0,0.0,0.0,1.124797006111967e-07,3.499606201998165e-07,4.3827385705715575e-05
244.76415570000245,0.0,0.0,0.0,5.98363455875758e-07,-9.140095998253919e-07,4.236067274904995e-05
244.81291059999785,0.0,0.0,0.0,-3.793188297733967e-07,-8.276836427679113e-07,4.314393900930718e-05
244.86663089999638,0.0,0.0,0.0,1.0443494193417726e-07,4.959475174547248e-07,4.321557549622641e-05
244.9072623999964,0.0,0.0,0.0,8.497953232531021e-08,-1.821767643470751e-07,4.2027032391898906e-05
244.96271680000063,0.0,0.0,0.0,1.2484595466710406e-07,-8.85929188133216e-07,4.337933828357702e-05
245.01455590000114,0.0,0.0,0.0,1.0799454818233378e-07,-1.0548112077264054e-06,4.2741439737958574e-05
245.070810899997,0.0,0.0,0.0,1.0659032056222932e-07,-8.032976914997183e-07,4.258578321085296e-05
245.11167469999782,0.0,0.0,0.0,1.0190796426677122e-07,4.7192361899287063e-07,4.307138483335823e-05
245.1643277999974,0.0,0.0,0.0,5.926560792536241e-07,2.969177042300375e-07,4.267789337495352e-05
245.21408240000164,0.0,0.0,0.0,-3.502816980640498e-07,-1.0171244586851603e-06,4.497481857413882e-05
245.26243550000072,0.0,0.0,0.0,1.192395857972907e-07,-4.544646888375693e-07,4.401127579956907e-05
245.31725020000158,0.0,0.0,0.0,8.750916292850165e-08,-3.9812202598956303e-07,4.188838785420408e-05
245.36521759999596,0.0,0.0,0.0,8.544873515409833e-08,5.053350050516663e-07,4.2153430907218044e-05
245.41343570000026,0.0,0.0,0.0,5.838562306152372e-07,1.1280858748771992e-06,4.2930918899059895e-05
245.46150050000142,0.0,0.0,0.0,-3.611066817448138e-07,-1.9158314309830586e-06,4.3896746856220085e-05
245.5168197000021,0.0,0.0,0.0,5.970761747358728e-07,6.166875637379748e-07,4.32054727109934e-05
245.56537650000246,0.0,0.0,0.0,-3.8739383260019617e-07,-1.3640083233633066e-06,4.2739393877838506e-05
245.61155799999688,0.0,0.0,0.0,6.061217584077656e-07,-8.637708342948283e-07,4.2947525084194414e-05
245.65666590000183,0.0,0.0,0.0,1.1032220089360725e-07,1.736665275365849e-06,4.454087787656215e-05
245.71534509999765,0.0,0.0,0.0,-3.8888109163049603e-07,-2.0529309264005225e-06,4.229989576007757e-05
245.75732459999563,0.0,0.0,0.0,1.0428153530061362e-07,-2.0253027312057365e-09,4.3150479842349006e-05
245.81669200000033,0.0,0.0,0.0,1.3003328722460468e-07,-1.1305646769410432e-06,4.4092471756962695e-05
245.8628630999956,0.0,0.0,0.0,5.93536448602409e-07,-3.152455712694055e-07,4.2591298670022775e-05
245.91156609999598,0.0,0.0,0.0,-4.171093649351976e-07,7.995702621226849e-07,4.230244185844439e-05
245.95756869999605,0.0,0.0,0.0,1.1618547287836042e-07,-5.770573489987311e-07,4.3501416571784435e-05
246.01627580000059,0.0,0.0,0.0,1.3270942113076878e-07,-1.7157555450006157e-06,4.389350326609814e-05
246.05761429999984,0.0,0.0,0.0,8.919409700578613e-08,1.4557939642717267e-06,4.3333903363945036e-05
246.10723000000144,0.0,0.0,0.0,6.051931956941627e-07,-1.2946985152863243e-06,4.307389211815207e-05
246.16125779999857,0.0,0.0,0.0,-3.7250576308986514e-07,-9.048751531101646e-07,4.36779848386826e-05
246.21534779999638,0.0,0.0,0.0,5.869799361816589e-07,2.098918294886359e-06,4.4085987122513594e-05
246.25937929999782,0.0,0.0,0.0,-3.6426131020008204e-07,-1.7298503876171095e-06,4.4021799877416314e-05
246.30999829999928,0.0,0.0,0.0,9.658594647975397e-08,-4.555235719553921e-07,4.266050761221763e-05
246.3595881000001,0.0,0.0,0.0,6.265713659863892e-07,-1.75335745685653e-07,4.4853918219867944e-05
246.41501450000214,0.0,0.0,0.0,-3.865783537627161e-07,-7.448569865037043e-07,4.3397104530602305e-05
246.4583885999964,0.0,0.0,0.0,5.960457579719048e-07,5.506929280118856e-07,4.349889366185484e-05
246.52174450000166,0.0,0.0,0.0,-3.7129553735363113e-07,-1.7847382465045306e-06,4.382910295155348e-05
246.56620329999714,0.0,0.0,0.0,9.389124411613766e-08,1.7228430137680724e-06,4.380398241469048e-05
246.61741069999698,0.0,0.0,0.0,6.079657426234127e-07,-7.558397070084824e-07,4.362845402427768e-05
246.66405619999568,0.0,0.0,0.0,1.0797283608498414e-07,-6.29124649357703e-08,4.359838895076994e-05
246.70743789999688,0.0,0.0,0.0,-3.8632266202675274e-07,-1.7867475100236646e-06,4.301824391292874e-05
246.76407019999897,0.0,0.0,0.0,1.1450142978700295e-07,-7.53702179960602e-07,4.341144284473333e-05
246.80915649999952,0.0,0.0,0.0,5.995770180751375e-07,8.840973823786095e-07,4.3991235952784884e-05
246.8667576000007,0.0,0.0,0.0,-3.801452862750298e-07,-1.2760021932595364e-06,4.356266137696456e-05
246.90823829999863,0.0,0.0,0.0,9.728299221210127e-08,2.270358098328726e-07,4.3124953847632446e-05
246.95883099999628,0.0,0.0,0.0,1.019433325982466e-07,2.1512082650288066e-08,4.348285212681102e-05
247.01795590000256,0.0,0.0,0.0,9.019671993422763e-08,-9.230912031371364e-07,4.2158151707348776e-05
247.06376789999922,0.0,0.0,0.0,1.0274433921107948e-07,-1.7400401612452796e-07,4.315932371333099e-05
247.1108385999978,0.0,0.0,0.0,1.1304023367694616e-07,-3.156920178480133e-07,4.3951306490337036e-05
247.16567239999858,0.0,0.0,0.0,1.0366641050556917e-07,-1.6881361136392163e-08,4.348214973256019e-05
247.21699850000005,0.0,0.0,0.0,1.125697410892138e-07,-1.291797805168249e-06,4.32729427580716e-05
247.26393010000174,0.0,0.0,0.0,6.211789584531566e-08,9.976594253223097e-07,4.18320287610876e-05
247.30983169999672,0.0,0.0,0.0,1.0459472475869422e-07,-3.422085392125661e-07,4.341239046029933e-05
247.36006949999864,0.0,0.0,0.0,5.924039522280354e-07,9.452105793300523e-07,4.3737689536598804e-05
247.41911199999595,0.0,0.0,0.0,1.093228891635028e-07,-9.538403066782544e-07,4.369715373330226e-05
247.46524160000263,0.0,0.0,0.0,-3.404567174044021e-07,-2.1327073699190946e-06,4.5032285809212274e-05
247.51640329999645,0.0,0.0,0.0,5.941670922770278e-07,6.342999036121768e-07,4.38927500025295e-05
247.5666127000004,0.0,0.0,0.0,1.1151098437214527e-07,9.337719841438856e-08,4.4596458652153154e-05
247.61441539999942,0.0,0.0,0.0,-3.702421156069963e-07,-4.434844598565099e-07,4.4518305525125405e-05
247.66544749999593,0.0,0.0,0.0,1.0217858960855172e-07,-6.716957442936376e-07,4.3493102809650636e-05
247.70791469999676,0.0,0.0,0.0,5.912166252739031e-07,7.22748449774298e-08,4.334407224456967e-05
247.75954659999843,0.0,0.0,0.0,1.0956169755176339e-07,2.4477691759993976e-07,4.413918616236538e-05
247.80679819999932,0.0,0.0,0.0,-4.171903089199765e-07,-6.303449683374336e-07,4.1950059995258534e-05
247.8610994999981,0.0,0.0,0.0,1.227968423799245e-07,-7.891185249904869e-07,4.408130025516672e-05
247.90925559999596,0.0,0.0,0.0,6.211861775704976e-07,-1.4507632696294857e-06,4.442920361745195e-05
247.9654742999992,0.0,0.0,0.0,8.531666706223441e-08,5.043325351900692e-07,4.288512362955301e-05
248.01471270000184,0.0,0.0,0.0,-3.768702076625105e-07,-1.6643632245611806e-07,4.4609458985250075e-05
248.06073969999852,0.0,0.0,0.0,8.371149430306714e-08,9.895437364895726e-07,4.3369247648509295e-05
248.1142456000016,0.0,0.0,0.0,1.3201184052758006e-07,-2.478564548476262e-06,4.3845743876674517e-05
248.16307349999988,0.0,0.0,0.0,7.508662326885821e-08,9.430464877621152e-07,4.28394899364655e-05
248.21306499999628,0.0,0.0,0.0,1.243742807548638e-07,-4.469490055772527e-07,4.481858559378078e-05
248.27098939999996,0.0,0.0,0.0,1.0150896811352493e-07,-1.1126397610293527e-06,4.315897223008229e-05
248.30913580000197,0.0,0.0,0.0,6.152058237952305e-07,-1.41179387807623e-09,4.4786171279884537e-05
248.36563739999838,0.0,0.0,0.0,-3.9633167176822307e-07,-2.3828399443590584e-07,4.3439345594922555e-05
248.41803049999726,0.0,0.0,0.0,9.30680431820217e-08,1.1147360067853703e-06,4.3996822537701474e-05
248.46190109999588,0.0,0.0,0.0,6.027445616652061e-07,-2.0833665604552434e-06,4.3061462729262086e-05
248.51574329999858,0.0,0.0,0.0,9.776865416752873e-08,4.803683963452923e-07,4.3821900664735866e-05
248.5671510999964,0.0,0.0,0.0,1.1660962613624503e-07,-9.82008166353831e-07,4.40746488010961e-05
248.61585449999984,0.0,0.0,0.0,9.716650453025481e-08,5.027177142319474e-07,4.3986279261068895e-05
248.66622300000017,0.0,0.0,0.0,1.1333147532715552e-07,-3.74821556056876e-07,4.4369982266338697e-05
248.7184866000025,0.0,0.0,0.0,-3.824750816124742e-07,-8.83641428853038e-07,4.386216145975009e-05
248.76503560000128,0.0,0.0,0.0,5.946484237961252e-07,6.407854972825417e-07,4.439619003783537e-05
248.8151740999965,0.0,0.0,0.0,-3.4933612331125766e-07,-2.4716085301968776e-06,4.4743284281504887e-05
248.85671069999808,0.0,0.0,0.0,5.894403736249415e-07,1.5380773387621783e-06,4.468159591060667e-05
248.91884299999947,0.0,0.0,0.0,-3.823395155594679e-07,-1.0650960591100374e-06,4.386624857463963e-05
248.9664797000005,0.0,0.0,0.0,9.747785467510005e-08,2.116347833339421e-07,4.381870060435765e-05
249.01457819999632,0.0,0.0,0.0,1.0603722080589718e-07,-5.983134612579839e-07,4.401226356814192e-05
249.06477330000052,0.0,0.0,0.0,1.2009396461369077e-07,-5.621222205504124e-07,4.463142893439854e-05
249.11795549999806,0.0,0.0,0.0,8.513982097114028e-08,-5.321301711500711e-07,4.275135022040819e-05
249.1629352000018,0.0,0.0,0.0,9.309162783819254e-08,-4.726310726369131e-07,4.316582147511635e-05
249.21134660000098,0.0,0.0,0.0,1.2683827125889296e-07,-8.927712979585148e-08,4.533643492573781e-05
249.2663534999956,0.0,0.0,0.0,5.71669336836805e-07,1.4986410977966934e-06,4.3835683944571865e-05
249.3110056000005,0.0,0.0,0.0,1.3468472860066972e-07,-1.4832362680155266e-06,4.5157688178149816e-05
249.36897399999725,0.0,0.0,0.0,-3.731216463403382e-07,-5.151968932089166e-07,4.47470230143674e-05
249.4186316999985,0.0,0.0,0.0,5.708920669530551e-07,4.071044158385818e-07,4.3240486247150515e-05
249.4652483000027,0.0,0.0,0.0,-3.6089635347730716e-07,-1.1223143856346507e-06,4.4965505141731653e-05
249.51042020000023,0.0,0.0,0.0,1.2647544826825301e-07,-1.4868757098245849e-06,4.4741713790153886e-05
249.56571419999818,0.0,0.0,0.0,5.649131454916039e-07,2.5512098580940874e-06,4.406475067096907e-05
249.6174802999958,0.0,0.0,0.0,-3.451374463080915e-07,-2.3177280843421624e-06,4.5422365631169e-05
249.66726560000097,0.0,0.0,0.0,1.160611765925531e-07,-3.97440348787687e-07,4.477248604291577e-05
249.71606919999613,0.0,0.0,0.0,1.0272091580961462e-07,-1.1680305246019775e-06,4.351798769345205e-05
249.76557660000253,0.0,0.0,0.0,1.0984534711425747e-07,-4.987888521779166e-07,4.431392102096734e-05
249.81307379999635,0.0,0.0,0.0,6.354634583184526e-08,1.5276265482840747e-06,4.3016529629744165e-05
249.86617660000047,0.0,0.0,0.0,5.954373660250658e-07,-4.184447354239043e-07,4.426212988951991e-05
249.91826800000126,0.0,0.0,0.0,-3.860073523271453e-07,-8.243623315212206e-07,4.383716271814133e-05
249.96423679999862,0.0,0.0,0.0,1.0461355902017357e-07,1.088346391159999e-07,4.4399810378366455e-05
250.0100603999963,0.0,0.0,0.0,1.1833311484556572e-07,-5.861156070409433e-07,4.4844558601485034e-05
250.06246999999712,0.0,0.0,0.0,1.2361668589682134e-07,-1.2286589895873106e-06,4.4815263316530984e-05
250.10540419999597,0.0,0.0,0.0,9.323715793823541e-08,1.3412080573396767e-08,4.396834932520732e-05
250.16204879999714,0.0,0.0,0.0,1.19654178586307e-07,2.772182004611093e-07,4.532879853638198e-05
250.21846799999912,0.0,0.0,0.0,9.463226267241351e-08,1.2478379821864715e-07,4.436434504954504e-05
250.26201720000245,0.0,0.0,0.0,1.1454211543299455e-07,-1.3646214499902315e-06,4.408801166811854e-05
250.3145943999989,0.0,0.0,0.0,5.559133884255098e-07,1.5059140599666214e-06,4.3341722954742814e-05
250.36728420000145,0.0,0.0,0.0,-3.657932721177732e-07,-1.1843604795950645e-06,4.5049175085530474e-05
250.4134791999968,0.0,0.0,0.0,1.0981831538809222e-07,-8.819021031514412e-07,4.418520569344454e-05
250.46330920000037,0.0,0.0,0.0,5.844154377251877e-07,-3.8931915820404797e-07,4.364396642223628e-05
250.50851030000194,0.0,0.0,0.0,8.979015781514357e-08,1.3007695967247999e-06,4.4523087843347526e-05
250.56395650000195,0.0,0.0,0.0,-3.938079075554882e-07,-6.24289576370713e-07,4.3984731597455805e-05
250.6182775999987,0.0,0.0,0.0,6.073937955849968e-07,-1.2786571824850888e-06,4.449230475644207e-05
250.6637838999959,0.0,0.0,0.0,-3.81505258569386e-07,-1.139889236111284e-06,4.404015914795084e-05
250.70802410000033,0.0,0.0,0.0,5.791667941352695e-07,2.1590687252949163e-06,4.5088923765600796e-05
250.76440169999842,0.0,0.0,0.0,1.0325341436630511e-07,1.9332303675920367e-07,4.47906569666832e-05
250.8155248999974,0.0,0.0,0.0,1.3573344813832516e-07,-2.487473189546923e-06,4.498310957543793e-05
250.8684387999965,0.0,0.0,0.0,9.018414022552518e-08,-1.5707200780086837e-07,4.371606873511124e-05
250.9113115,0.0,0.0,0.0,1.0986992534107671e-07,3.2998740357085125e-07,4.519282809955414e-05
250.9633501999997,0.0,0.0,0.0,-3.789108577743916e-07,-3.0623566334338733e-07,4.4956015125778744e-05
251.0139737999998,0.0,0.0,0.0,6.031557198483238e-07,-1.7237411873323892e-06,4.429415660205994e-05
251.066430400002,0.0,0.0,0.0,-4.123166462075602e-07,1.1546356471932742e-06,4.3971006331619416e-05
251.11042799999996,0.0,0.0,0.0,5.757187242041234e-07,-2.7852130104974803e-07,4.3628148580030105e-05
251.15905460000067,0.0,0.0,0.0,-3.7919604919314413e-07,-5.758615970911334e-08,4.497119099705854e-05
251.21366780000244,0.0,0.0,0.0,5.803152121322688e-07,-3.413082651391297e-07,4.385876272468403e-05
251.26596229999996,0.0,0.0,0.0,-3.885199605366605e-07,-2.7054609007953486e-07,4.441912385117864e-05
251.3090016999995,0.0,0.0,0.0,1.1339108060927801e-07,-3.166362025579592e-08,4.528333571832042e-05
251.356789999998,0.0,0.0,0.0,1.1838754256648795e-07,-5.541304828836642e-07,4.5276257354103216e-05
251.41276500000095,0.0,0.0,0.0,5.959967890370772e-07,-1.0200667101102815e-06,4.4507016989117164e-05
251.46474180000223,0.0,0.0,0.0,-3.7010479461815844e-07,-1.0498952088880985e-06,4.5008485647574307e-05
251.51456679999683,0.0,0.0,0.0,9.228338638116153e-08,1.4049545841739387e-06,4.490944910404101e-05
251.55721769999946,0.0,0.0,0.0,1.0745103100072786e-07,-8.095771700429379e-07,4.484546653994034e-05
251.61434799999552,0.0,0.0,0.0,6.05863652506001e-07,-6.799110287697118e-07,4.507903326366695e-05
251.66405300000042,0.0,0.0,0.0,-4.3093800159855707e-07,1.151460333407064e-06,4.32631432468361e-05
251.71050269999978,0.0,0.0,0.0,1.53836851267119e-07,-2.992911917508179e-06,4.5768130978305146e-05
251.76474510000116,0.0,0.0,0.0,9.329103092169788e-08,1.5550163720261284e-07,4.4434892016475945e-05
251.8083514999962,0.0,0.0,0.0,6.128478105838609e-07,7.122577644441318e-07,4.630910397700898e-05
251.86391999999614,0.0,0.0,0.0,9.469850295789209e-08,2.0971291255318638e-07,4.464232263723777e-05
251.92050010000094,0.0,0.0,0.0,1.0598209492631752e-07,7.265924854145493e-08,4.531731076930827e-05
251.9610137999989,0.0,0.0,0.0,-3.631383417744543e-07,-1.0820565803105424e-06,4.545399100620058e-05
252.01495109999814,0.0,0.0,0.0,6.100038870582207e-07,-1.6517310295707522e-06,4.507565949289656e-05
252.0562613000002,0.0,0.0,0.0,9.504705838057274e-08,1.7883739793576482e-07,4.452854411174456e-05
252.11066230000142,0.0,0.0,0.0,7.932875632298333e-08,4.797620650874477e-07,4.408430378334495e-05
252.16289139999571,0.0,0.0,0.0,-3.751129526652772e-07,-2.134942748781214e-07,4.536783651040596e-05
252.21407969999564,0.0,0.0,0.0,5.69873195683881e-07,2.2111248654824215e-07,4.4172137267851454e-05
252.2607394000006,0.0,0.0,0.0,9.458362564816934e-08,-9.927681757396811e-08,4.456410892394195e-05
252.31061159999808,0.0,0.0,0.0,-3.5742935142037665e-07,-2.817674377656596e-06,4.490137744896994e-05
252.36478750000242,0.0,0.0,0.0,9.127561614248701e-08,1.245312204426853e-06,4.50434625440046e-05
252.41182149999804,0.0,0.0,0.0,5.916209906056927e-07,-4.0817547634222364e-07,4.488670572607771e-05
252.46781100000226,0.0,0.0,0.0,9.98856292775673e-08,7.00166105003504e-07,4.5343698519453965e-05
252.51308649999555,0.0,0.0,0.0,1.262847152082034e-07,-1.9734870865436755e-06,4.5263861330457076e-05
252.56551480000053,0.0,0.0,0.0,-3.7301350347580766e-07,-3.760541715435101e-07,4.5440142881948574e-05
252.60809829999926,0.0,0.0,0.0,9.846035323059657e-08,-2.6032305739843796e-07,4.482869038033589e-05
252.6648492000022,0.0,0.0,0.0,1.1573886105033706e-07,-4.743298905128283e-07,4.552391554231282e-05
252.71264269999665,0.0,0.0,0.0,-9.316685279940727e-05,-0.01082765714138972,0.011583831284654544
252.76675090000208,0.0,0.0,0.0,0.00019558889319069142,-0.0006900768539192918,0.05501227753729113
252.8063242999997,0.0,0.0,0.0,0.00018720255791170932,0.002869328063045419,0.08722038273377736
252.86433360000228,0.0,0.0,0.0,0.0002429660610691298,-0.003589553890933573,0.08799168339395991
252.90914409999823,0.0,0.0,0.0,0.00011370406793459425,0.007482696871316006,0.05172033980301888
252.95782039999904,0.0,0.0,0.0,-7.822536405518211e-05,0.00176064420652898,-0.014321581211047105
253.00767590000032,0.0,0.0,0.0,-0.00019749216736497392,0.0003649415277572782,-0.09334600522681677
253.05551249999553,0.0,0.0,0.0,-0.0005169281084164141,-0.0046349922685976095,-0.172079008972979
253.1150162999984,0.0,0.0,0.0,-0.0005162949344351224,0.00614967615971986,-0.25705537273629037
253.15902659999847,0.0,0.0,0.0,-0.0007347766866830668,0.0074964887931913485,-0.413415019683088
253.21274989999802,0.0,0.0,0.0,-0.0012393351081875469,-0.0036407705560916916,-0.5875562406922546
253.2683526999972,0.0,0.0,0.0,-0.0011239875408261238,-0.00045297653562350996,-0.6506054776641185
253.30666239999846,0.0,0.0,0.0,-0.0014626537467034143,0.003568558220143513,-0.6390478642943874
253.35788840000168,0.0,0.0,0.0,-0.0010706535668319125,-0.0006454593001276518,-0.6082052482952236
253.41729459999624,0.0,0.0,0.0,-0.0011645056521794358,-0.001179079622820407,-0.5959580307548663
253.461501699996,0.0,0.0,0.0,-0.0008546777607530596,0.0036857717172845547,-0.6032985116837932
253.5131212999986,0.0,0.0,0.0,-0.00038422558753642443,0.0028829418646953175,-0.6199262527831735
253.55866909999895,0.0,0.0,0.0,7.607976583315643e-05,-0.0015746882634974301,-0.6381356688101874
253.61446659999638,0.0,0.0,0.0,-0.0015273921291960803,-0.003868802621858308,-0.6642062179866005
253.66455239999777,0.0,0.0,0.0,-0.0011865784487245774,0.0004875897513324463,-0.6996269685386263
253.70646940000006,0.0,0.0,0.0,-0.000566842553915861,0.010241592096344815,-0.700217765271262
253.7589009000003,0.0,0.0,0.0,-0.0006366227657692678,5.933178814662784e-05,-0.6843513405059581
253.80743860000075,0.0,0.0,0.0,-0.0006626925540042651,0.0004593247965592253,-0.6578825516262845
253.8696545999992,0.0,0.0,0.0,-0.0005586355644319393,0.00024225733789443114,-0.6306864804963642
253.91555089999747,0.0,0.0,0.0,-0.0005553554876415393,-0.0003967870427309542,-0.602624454555941
253.96338549999928,0.0,0.0,0.0,-0.0005498845415984406,-2.0026671002731444e-05,-0.5677345190434582
254.0139793999988,0.0,0.0,0.0,-0.00044337983772998633,-6.336608925474028e-05,-0.5250386254548828
254.06529530000262,0.0,0.0,0.0,-0.0007186266980471552,-0.009756111544508932,-0.5226675051827069
254.1057249000005,0.0,0.0,0.0,-0.0011388906045540583,-0.0017304459295634322,-0.6455393970821717
254.1606118999989,0.0,0.0,0.0,-0.0013560902153199868,-0.00011347688574151858,-0.771403493344381
254.21826560000045,0.0,0.0,0.0,-0.0011586728654537726,0.0010076583642355632,-0.7314906702974001
254.2653382999997,0.0,0.0,0.0,-0.0008356398244632442,-0.0005596227255933524,-0.5525997959354083
254.31379200000083,0.0,0.0,0.0,-0.000729312728160395,-0.0013355525246049028,-0.3656724608421674
254.36361549999856,0.0,0.0,0.0,-0.00029634237950845656,-0.0009291373795531793,-0.16889548813518823
254.41301949999615,0.0,0.0,0.0,-6.89901045733345e-05,-0.004560397081730604,-0.022560357423771805
254.4646208999984,0.0,0.0,0.0,3.914751023196643e-06,-0.0010014773238964578,-0.005710080463968655
254.506541499999,0.0,0.0,0.0,8.81579917103081e-06,0.00012790126134765793,-0.002761916818521605
254.55609980000008,0.0,0.0,0.0,2.6122021940737104e-06,9.776395721102055e-06,-0.0013500595337734723
254.61327750000055,0.0,0.0,0.0,7.935343222180722e-07,1.709643918504099e-07,-0.0007136636638587837
254.66198279999662,0.0,0.0,0.0,2.3819156384675162e-08,-1.1301870010680876e-06,-0.00043214129890833833
254.7109582999983,0.0,0.0,0.0,-2.0169999625427537e-07,-2.430943554793846e-06,-0.0003084722158706171
254.75492320000194,0.0,0.0,0.0,-3.035333457264331e-07,-2.9968730010050338e-06,-0.00025448947533352373
254.81448049999744,0.0,0.0,0.0,-3.489725929699002e-07,-3.2264112716235696e-06,-0.0002308647141106848
254.8640099999975,0.0,0.0,0.0,-3.6923386977549915e-07,-3.326114534058749e-06,-0.00022054211231060448
254.91547990000254,0.0,0.0,0.0,-3.7854064086522726e-07,-3.369256739986551e-06,-0.00021604906452887593
254.96254699999554,0.0,0.0,0.0,-3.830523279743008e-07,-3.3868482919713006e-06,-0.00021409733784638556
255.01160040000104,0.0,0.0,0.0,-3.8543454224362175e-07,-3.39315413023886e-06,-0.00021325354116049556
255.06402140000137,0.0,0.0,0.0,-3.868719775864537e-07,-3.3945801484595205e-06,-0.00021289230466334436
255.11392219999834,0.0,0.0,0.0,-3.8788517789765427e-07,-3.393880250286685e-06,-0.00021274089209947944
255.15733029999683,0.0,0.0,0.0,-3.8870230545070584e-07,-3.3922581458279965e-06,-0.00021268042832406312
255.20572510000056,0.0,0.0,0.0,-3.894235324238204e-07,-3.3902387200970124e-06,-0.00021265913296572206
255.2630921000018,0.0,0.0,0.0,-3.900934195035866e-07,-3.388050807829294e-06,-0.00021265446780975315
255.30531009999686,0.0,0.0,0.0,-3.907313024948489e-07,-3.385794025512521e-06,-0.00021265663268141968
255.36051710000174,0.0,0.0,0.0,-3.913463663223766e-07,-3.383511390092025e-06,-0.0002126613716701441
255.41236370000115,0.0,0.0,0.0,-3.919427623044947e-07,-3.381221809026085e-06,-0.00021266684142752707
255.4578349000003,0.0,0.0,0.0,-3.925226104820887e-07,-3.3789331097304724e-06,-0.00021267224703438282
255.5101794000002,0.0,0.0,0.0,-3.930872366285209e-07,-3.37664870639749e-06,-0.00021267724931693942
255.557919699997,0.0,0.0,0.0,-3.9363736296332023e-07,-3.3743700543102604e-06,-0.0002126817067560617
255.6051404999962,0.0,0.0,0.0,-3.9417364154319446e-07,-3.372097646257464e-06,-0.00021268556348470397
255.65677300000243,0.0,0.0,0.0,-3.946967062796626e-07,-3.369831388786389e-06,-0.00021268880071473396
255.70683380000264,0.0,0.0,0.0,-3.9520692916711175e-07,-3.367571324283093e-06,-0.00021269141466338538
255.75731749999977,0.0,0.0,0.0,-3.9570477097051015e-07,-3.3653173492948733e-06,-0.0002126934096012229
255.80564040000172,0.0,0.0,0.0,-3.961906457588125e-07,-3.3630694396114267e-06,-0.00021269479162906642
255.8558567,0.0,0.0,0.0,-3.9666496559373443e-07,-3.3608273199472418e-06,-0.0002126955685494234
255.9083515999955,0.0,0.0,0.0,-3.9712808951486073e-07,-3.35859076556693e-06,-0.00021269574778418868
255.96736650000094,0.0,0.0,0.0,-3.97580370145952e-07,-3.356359791369836e-06,-0.00021269533705628284
256.00725070000044,0.0,0.0,0.0,-3.9802210644995727e-07,-3.354134285030965e-06,-0.00021269434425833148
256.05609630000254,0.0,0.0,0.0,-3.984537130110652e-07,-3.3519138426350444e-06,-0.00021269277667470605
256.1043135,0.0,0.0,0.0,-3.988754187017463e-07,-3.349698555331849e-06,-0.00021269064154890777
256.1587421000004,0.0,0.0,0.0,-3.9928754358042917e-07,-3.3474882045271193e-06,-0.00021268794577280792
256.2072326999987,0.0,0.0,0.0,-3.9969031484515224e-07,-3.345282801460596e-06,-0.00021268469665152326
256.25640349999594,0.0,0.0,0.0,-4.0008416533311173e-07,-3.3430819447062433e-06,-0.00021268090047367423
256.30584239999735,0.0,0.0,0.0,-4.004691572024579e-07,-3.3408857699971153e-06,-0.00021267656407436948
256.35699999999633,0.0,0.0,0.0,-4.0084561244762304e-07,-3.3386940033579035e-06,-0.0002126716933899199
256.4068361000027,0.0,0.0,0.0,-4.012137458514291e-07,-3.3365067158590266e-06,-0.00021266629504766493
256.45524250000017,0.0,0.0,0.0,-4.0203154943368766e-07,-3.334188283213803e-06,-0.0002126603180284261
256.50515989999985,0.0,0.0,0.0,-4.046044977728952e-07,-3.3308659082930837e-06,-0.00021265101219688256
256.5557129000008,0.0,0.0,0.0,-4.049355590145395e-07,-3.328688854170188e-06,-0.00021263865559511042
256.60579719999805,0.0,0.0,0.0,-4.0524838818561693e-07,-3.3265249233359702e-06,-0.0002126254637649684
256.65503960000206,0.0,0.0,0.0,-4.055528828947173e-07,-3.324343139237917e-06,-0.00021261168299493814
256.7042147999964,0.0,0.0,0.0,-4.0585073816236227e-07,-3.3221674118633538e-06,-0.00021259740363891507
256.7567565999998,0.0,0.0,0.0,-4.0614211392382103e-07,-3.3199958801129483e-06,-0.00021258266557445648
256.8110932999989,0.0,0.0,0.0,-4.064270223857319e-07,-3.3178281055958e-06,-0.0002125674880238152
256.86257959999784,0.0,0.0,0.0,-4.067057860103186e-07,-3.3156640939045714e-06,-0.00021255188166896554
256.91266899999755,0.0,0.0,0.0,-4.069784554849934e-07,-3.313503503298404e-06,-0.00021253585306099836
256.96309779999865,0.0,0.0,0.0,-4.0724529897354943e-07,-3.3113461813109776e-06,-0.00021251940719120498
257.0081626999963,0.0,0.0,0.0,-4.0750623574654787e-07,-3.3091923975707434e-06,-0.0002125025487147793
257.0681914000015,0.0,0.0,0.0,-4.0776155072125237e-07,-3.3070419377423933e-06,-0.00021248528136975838
257.11607589999767,0.0,0.0,0.0,-4.080113877549958e-07,-3.3048945213116643e-06,-0.00021246760893019263
257.15722590000223,0.0,0.0,0.0,-4.0825584876536373e-07,-3.302750213789814e-06,-0.0002124495347258224
257.2060010999994,0.0,0.0,0.0,-4.0849506066890876e-07,-3.3006089653548704e-06,-0.00021243106265201702
257.26378719999775,0.0,0.0,0.0,-4.087291125569901e-07,-3.298470770273064e-06,-0.0002124121959747581
257.31542310000077,0.0,0.0,0.0,-4.0895811807574087e-07,-3.2963354209407252e-06,-0.00021239293822839092
257.3574079999962,0.0,0.0,0.0,-4.091821837646069e-07,-3.2942028652027935e-06,-0.00021237329265167703
257.4131952000025,0.0,0.0,0.0,-4.0940149071772093e-07,-3.2920730673836877e-06,-0.00021235326224064985
257.4671178999997,0.0,0.0,0.0,-4.096160083431624e-07,-3.2899461000990546e-06,-0.0002123328506227238
257.51407800000015,0.0,0.0,0.0,-4.0982603726755757e-07,-3.2878217293157256e-06,-0.00021231206063816353
257.5651020000005,0.0,0.0,0.0,-4.100315204129893e-07,-3.2856998275404685e-06,-0.00021229089539891117
257.6172254999983,0.0,0.0,0.0,-4.1023253401475115e-07,-3.2835804221641348e-06,-0.00021226935770161544
257.6638705000005,0.0,0.0,0.0,-4.104292592773162e-07,-3.2814636351888284e-06,-0.0002122474505782593
257.71633830000064,0.0,0.0,0.0,-4.106217451909617e-07,-3.2793491183945447e-06,-0.0002122251767926131
257.7575364000004,0.0,0.0,0.0,-4.1081015028889925e-07,-3.277237037862837e-06,-0.00021220253920564092
257.81350329999987,0.0,0.0,0.0,-4.109944259640557e-07,-3.275127164116037e-06,-0.00021217954062139282
257.8647979000016,0.0,0.0,0.0,-4.1117477047340135e-07,-3.273019552724929e-06,-0.00021215618380086777
257.91395969999576,0.0,0.0,0.0,-4.113511172538031e-07,-3.270914273720623e-06,-0.00021213247146307563
257.9650202999983,0.0,0.0,0.0,-4.1152373677458005e-07,-3.2688110083722405e-06,-0.00021210840594162924
258.0155969999978,0.0,0.0,0.0,-4.1169251027521075e-07,-3.2667098571295436e-06,-0.00021208399007292933
258.06827099999646,0.0,0.0,0.0,-4.1185766856837726e-07,-3.2646107472109567e-06,-0.00021205922628299563
258.11791020000237,0.0,0.0,0.0,-4.120191492878453e-07,-3.262513595540878e-06,-0.0002120341167085842
258.1661882999979,0.0,0.0,0.0,-4.1217709972979495e-07,-3.260418548104148e-06,-0.00021200866449329084
258.20944769999915,0.0,0.0,0.0,-4.1233161102206945e-07,-3.258325230598977e-06,-0.00021198287141905678
258.2637762000013,0.0,0.0,0.0,-4.124826790202239e-07,-3.256233884915197e-06,-0.00021195674009304996
258.31549229999655,0.0,0.0,0.0,-4.1263041559235913e-07,-3.254144236879149e-06,-0.0002119302725923755
258.35816859999613,0.0,0.0,0.0,-4.127747849157254e-07,-3.252056514667845e-06,-0.000211903471379418
258.41368379999767,0.0,0.0,0.0,-4.129159265176384e-07,-3.2499705177638326e-06,-0.00021187633871284873
258.4603508,0.0,0.0,0.0,-4.1305395703246075e-07,-3.2478861475734617e-06,-0.00021184887658227546
258.51528629999666,0.0,0.0,0.0,-4.131888747351208e-07,-3.245803388397468e-06,-0.00021182108744830378
258.5660029999999,0.0,0.0,0.0,-4.1332059020898936e-07,-3.2437224010451657e-06,-0.00021179297314768871
258.614934600002,0.0,0.0,0.0,-4.1344934208831656e-07,-3.241643039633697e-06,-0.0002117645358940393
258.6630042999968,0.0,0.0,0.0,-4.1357513445972724e-07,-3.2395651596865674e-06,-0.0002117357778128699
258.7120511999965,0.0,0.0,0.0,-4.136979860057694e-07,-3.2374887458166622e-06,-0.00021170670078619942
258.75879919999716,0.0,0.0,0.0,-4.138180076649261e-07,-3.2354137992550206e-06,-0.0002116773067133706
258.8083727999983,0.0,0.0,0.0,-4.1393518074286833e-07,-3.2333403862247862e-06,-0.00021164759772957463
258.86498639999627,0.0,0.0,0.0,-4.1404954985810794e-07,-3.2312684295131576e-06,-0.00021161757582144038
258.9129787999991,0.0,0.0,0.0,-4.141611841064579e-07,-3.2291977699068286e-06,-0.0002115872426533255
258.961398499996,0.0,0.0,0.0,-4.1427014391949075e-07,-3.2271284791449426e-06,-0.00021155660018381576
259.01503380000213,0.0,0.0,0.0,-4.143764715364235e-07,-3.2250605309808875e-06,-0.0002115256502729786
259.0583235000013,0.0,0.0,0.0,-4.1448015507335075e-07,-3.222993894033557e-06,-0.0002114943948490765
259.10644989999855,0.0,0.0,0.0,-4.145813062278061e-07,-3.220928494108218e-06,-0.0002114628354196778
259.1658791000009,0.0,0.0,0.0,-4.1467994012813877e-07,-3.218864382361759e-06,-0.00021143097399642616
259.2071907999998,0.0,0.0,0.0,-4.147760733165799e-07,-3.2168013234788337e-06,-0.00021139881222194162
259.2562290999995,0.0,0.0,0.0,-4.1486969216449634e-07,-3.214739652495309e-06,-0.00021136635186844738
259.3081792000012,0.0,0.0,0.0,-4.149609591690015e-07,-3.2126791070940963e-06,-0.0002113335945802876
259.36199759999727,0.0,0.0,0.0,-4.150498390117836e-07,-3.2106195734861757e-06,-0.00021130054199937663
259.41132220000145,0.0,0.0,0.0,-4.1513637097147846e-07,-3.2085612030259404e-06,-0.00021126719575326948
259.4625243999981,0.0,0.0,0.0,-4.152206133553321e-07,-3.206503903122199e-06,-0.0002112335572477248
259.51612909999676,0.0,0.0,0.0,-4.1530255959320246e-07,-3.204447609156514e-06,-0.0002111996283650628
259.55729540000175,0.0,0.0,0.0,-4.1538222305144436e-07,-3.2023925010543107e-06,-0.00021116541074896425
259.6140634999974,0.0,0.0,0.0,-4.1545973524653575e-07,-3.200338302803027e-06,-0.00021113090569977342
259.66259709999576,0.0,0.0,0.0,-4.155350315882012e-07,-3.1982850312731694e-06,-0.00021109611478047492
259.7120627999975,0.0,0.0,0.0,-4.1560816931466255e-07,-3.1962328469523555e-06,-0.00021106103964497398
259.7576502000011,0.0,0.0,0.0,-4.15679174787977e-07,-3.1941815080633446e-06,-0.00021102568158449413
259.8156830000007,0.0,0.0,0.0,-4.157481037284321e-07,-3.192131166142592e-06,-0.00021099004221075332
259.8618129000024,0.0,0.0,0.0,-4.1581503349825687e-07,-3.1900816000904906e-06,-0.0002109541228851457
259.9108462000004,0.0,0.0,0.0,-4.158798465864445e-07,-3.188032981463119e-06,-0.00021091792503096673
259.9617780999979,0.0,0.0,0.0,-4.1594264633376277e-07,-3.1859852360310945e-06,-0.0002108814501243598
260.01331840000057,0.0,0.0,0.0,-4.160034738253501e-07,-3.1839384063729697e-06,-0.00021084469963085029
260.06605059999856,0.0,0.0,0.0,-4.16062378731881e-07,-3.1818922843216497e-06,-0.00021080767472638444
260.111831000002,0.0,0.0,0.0,-4.1611932646330853e-07,-3.179846953707807e-06,-0.00021077037702665479
260.16354919999867,0.0,0.0,0.0,-4.161743919941448e-07,-3.1778023976521726e-06,-0.0002107328075842159
260.2136917000025,0.0,0.0,0.0,-4.162275622460729e-07,-3.1757586158685667e-06,-0.00021069496772219102
260.2640257999956,0.0,0.0,0.0,-4.162788129259806e-07,-3.1737156923697565e-06,-0.00021065685900644083
260.30881319999753,0.0,0.0,0.0,-4.163282605206954e-07,-3.171673475323437e-06,-0.0002106184826155521
260.3568374000024,0.0,0.0,0.0,-4.163759432966403e-07,-3.1696318474534143e-06,-0.00021057983963118654
260.4066517999963,0.0,0.0,0.0,-4.16421809117506e-07,-3.1675909833945543e-06,-0.00021054093153728855
260.4603369999968,0.0,0.0,0.0,-4.164659054714948e-07,-3.1655507837816286e-06,-0.0002105017594695653
260.51478099999804,0.0,0.0,0.0,-4.165082556469659e-07,-3.1635113687094024e-06,-0.00021046232482299483
260.55848010000045,0.0,0.0,0.0,-4.1654888513983713e-07,-3.1614724742308762e-06,-0.00021042262868271536
260.6127675000025,0.0,0.0,0.0,-4.1658782785021706e-07,-3.1594341961112655e-06,-0.00021038267216724735
260.6654997000005,0.0,0.0,0.0,-4.166250540750745e-07,-3.15739661830265e-06,-0.0002103424566116693
260.7129749000014,0.0,0.0,0.0,-4.1666064079634683e-07,-3.155359572961439e-06,-0.00021030198316983532
260.76181820000056,0.0,0.0,0.0,-4.1669456306857705e-07,-3.1533231662528253e-06,-0.00021026125290897843
260.8156627999997,0.0,0.0,0.0,-4.1672682532746344e-07,-3.151287364852731e-06,-0.00021022026701848995
260.8566576000012,0.0,0.0,0.0,-4.167575539657746e-07,-3.1492520948265616e-06,-0.00021017902655829428
260.91689939999924,0.0,0.0,0.0,-4.167866297080704e-07,-3.147217396732759e-06,-0.00021013753281727662
260.9604735999965,0.0,0.0,0.0,-4.1681417158867633e-07,-3.145183307572338e-06,-0.00021009578680270747
261.01227199999994,0.0,0.0,0.0,-4.168401621078218e-07,-3.143149609403387e-06,-0.00021005378965902844
261.06292029999895,0.0,0.0,0.0,-4.168646123092105e-07,-3.1411164910678347e-06,-0.00021001154234692742
261.10910599999625,0.0,0.0,0.0,-4.168875333071323e-07,-3.1390838482566806e-06,-0.00020996904617839624
261.1557395999989,0.0,0.0,0.0,-4.1690898267363567e-07,-3.137051632805015e-06,-0.00020992630172916448
261.2079556000026,0.0,0.0,0.0,-4.169288627549476e-07,-3.1350201320182284e-06,-0.00020988331063345468
261.2629573000013,0.0,0.0,0.0,-4.1694731278099643e-07,-3.1329889523822334e-06,-0.00020984007377651299
261.3107591000007,0.0,0.0,0.0,-4.169643395108429e-07,-3.1309582071744243e-06,-0.0002097965918754033
261.36204870000074,0.0,0.0,0.0,-4.169799063921583e-07,-3.128927909171214e-06,-0.00020975286607452704
261.41278059999604,0.0,0.0,0.0,-4.169940600174681e-07,-3.1268980899703303e-06,-0.0002097088975370062
261.4639849000014,0.0,0.0,0.0,-4.170067909289772e-07,-3.1248686739118467e-06,-0.00020966468705089854
261.50991729999805,0.0,0.0,0.0,-4.170181159904521e-07,-3.12283970555203e-06,-0.00020962023574556428
261.56630759999825,0.0,0.0,0.0,-4.170280964655747e-07,-3.120811114521485e-06,-0.00020957554474108512
261.61295029999746,0.0,0.0,0.0,-4.1703670331445096e-07,-3.118782871564244e-06,-0.00020953061451398398
261.66182979999576,0.0,0.0,0.0,-4.1704395879989714e-07,-3.1167550701470735e-06,-0.00020948544631109323
261.70632260000275,0.0,0.0,0.0,-4.17049853950426e-07,-3.1147276923069445e-06,-0.00020944004108353667
261.7649012999973,0.0,0.0,0.0,-4.170544406062599e-07,-3.1127006476384555e-06,-0.00020939439981429174
261.8057547999997,0.0,0.0,0.0,-4.170577180290711e-07,-3.110673920511743e-06,-0.0002093485232807242
261.85644180000236,0.0,0.0,0.0,-4.170596914759985e-07,-3.1086476152790527e-06,-0.00020930241245469529
261.90919349999604,0.0,0.0,0.0,-4.1706036331072604e-07,-3.106621632002938e-06,-0.00020925606823319048
261.9676142000026,0.0,0.0,0.0,-4.1705978075634505e-07,-3.1045960756078886e-06,-0.00020920949167962206
262.011642999998,0.0,0.0,0.0,-4.17057923880245e-07,-3.102570803621154e-06,-0.00020916268373936053
262.0610727000021,0.0,0.0,0.0,-4.17054858811759e-07,-3.1005457080818623e-06,-0.00020911564487932201
262.11159419999603,0.0,0.0,0.0,-4.1705057944130536e-07,-3.0985210064376207e-06,-0.00020906837615298604
262.16158839999844,0.0,0.0,0.0,-4.170450135312003e-07,-3.096496677715985e-06,-0.000209020878500369
262.2066698999988,0.0,0.0,0.0,-4.1703822657567e-07,-3.094472651651621e-06,-0.00020897315289118202
262.26096490000054,0.0,0.0,0.0,-4.1703022992456373e-07,-3.092448941636527e-06,-0.0002089251999245884
262.31180270000186,0.0,0.0,0.0,-4.170210914312493e-07,-3.0904254619142798e-06,-0.00020887702054934093
262.36329699999624,0.0,0.0,0.0,-4.170107896140834e-07,-3.0884022321393915e-06,-0.0002088286155518479
262.41434630000003,0.0,0.0,0.0,-4.169992486229613e-07,-3.086379311214786e-06,-0.00020877998579962162
262.4654029000012,0.0,0.0,0.0,-4.1698654751936344e-07,-3.0843567533935105e-06,-0.00020873113204621744
262.5121977000017,0.0,0.0,0.0,-4.169727163107552e-07,-3.0823343835984296e-06,-0.0002086820551917815
262.56350940000266,0.0,0.0,0.0,-4.169577812605226e-07,-3.080312226549205e-06,-0.00020863275591831277
262.6138183000003,0.0,0.0,0.0,-4.169416807964018e-07,-3.078290390206658e-06,-0.00020858323508297149
262.6592823999963,0.0,0.0,0.0,-4.1692451093223033e-07,-3.0762687269453073e-06,-0.00020853349359236008
262.70501169999625,0.0,0.0,0.0,-4.1690618959906435e-07,-3.074247277895866e-06,-0.00020848353189530276
262.7556384999989,0.0,0.0,0.0,-4.1688673570559235e-07,-3.0722263207701005e-06,-0.00020843335101014494
262.80654089999734,0.0,0.0,0.0,-4.168662288587735e-07,-3.0702054124584926e-06,-0.00020838295178652507
262.8658269000007,0.0,0.0,0.0,-4.168446760069365e-07,-3.0681846840280262e-06,-0.0002083323348225748
262.91471369999635,0.0,0.0,0.0,-4.168220579920447e-07,-3.0661642883686427e-06,-0.0002082815010504227
262.9579775999955,0.0,0.0,0.0,-4.167983205261573e-07,-3.0641439937996176e-06,-0.00020823045111820803
263.0069644999967,0.0,0.0,0.0,-4.16773537345211e-07,-3.062124025487666e-06,-0.00020817918554753164
263.064524100002,0.0,0.0,0.0,-4.167477254864685e-07,-3.0601042792798856e-06,-0.00020812770536130458
263.1132929000014,0.0,0.0,0.0,-4.167208735312894e-07,-3.058084617257135e-06,-0.00020807601120616923
263.1553142999983,0.0,0.0,0.0,-4.1669301213763436e-07,-3.056065228573491e-06,-0.00020802410366503908
263.2147870999979,0.0,0.0,0.0,-4.166640997435621e-07,-3.054045966029199e-06,-0.00020797198347625
263.2631446000014,0.0,0.0,0.0,-4.1663419089465515e-07,-3.052027003521318e-06,-0.0002079196514510496
263.3109867000021,0.0,0.0,0.0,-4.1660331260909473e-07,-3.0500081925660354e-06,-0.0002078671084029905
263.3652519000025,0.0,0.0,0.0,-4.16571407741256e-07,-3.0479895634519122e-06,-0.00020781435490119165
263.41677779999736,0.0,0.0,0.0,-4.1653848684322644e-07,-3.0459711695649948e-06,-0.00020776139163724487
263.45747409999603,0.0,0.0,0.0,-4.165046731380353e-07,-3.043952774886834e-06,-0.0002077082191205382
263.5133111999967,0.0,0.0,0.0,-4.1646985941682903e-07,-3.041934733258192e-06,-0.00020765483824291387
263.5630378999995,0.0,0.0,0.0,-4.1643401916836214e-07,-3.039916911001404e-06,-0.00020760124977544452
263.6073677999957,0.0,0.0,0.0,-4.163972431180124e-07,-3.037899167204397e-06,-0.00020754745425662885
263.6627671000024,0.0,0.0,0.0,-4.1635957570976834e-07,-3.035881560127624e-06,-0.00020749345220656424
263.7069709999996,0.0,0.0,0.0,-4.163209454693292e-07,-3.033864090985747e-06,-0.00020743924447249421
263.76210600000195,0.0,0.0,0.0,-4.162813838942907e-07,-3.0318468290027315e-06,-0.00020738483170178906
263.81544849999773,0.0,0.0,0.0,-4.162408877904787e-07,-3.0298297385560376e-06,-0.00020733021441688045
263.8593097999983,0.0,0.0,0.0,-4.161994186893989e-07,-3.0278129234690517e-06,-0.00020727539337387472
263.9152399000013,0.0,0.0,0.0,-4.1615712265489197e-07,-3.025796079166934e-06,-0.00020722036917837617
263.96028300000035,0.0,0.0,0.0,-4.1611390961542267e-07,-3.0237793843093105e-06,-0.00020716514240231925
264.01191090000066,0.0,0.0,0.0,-4.1606980257480277e-07,-3.0217629346354395e-06,-0.00020710971357630205
264.0594673000014,0.0,0.0,0.0,-4.1602473411308965e-07,-3.0197466203723533e-06,-0.0002070540837794577
264.11612649999734,0.0,0.0,0.0,-4.159788111707624e-07,-3.0177304695699717e-06,-0.00020699825331428362
264.16205569999875,0.0,0.0,0.0,-4.159320246839398e-07,-3.0157144265610532e-06,-0.00020694222266428946
264.21438739999576,0.0,0.0,0.0,-4.1588438047927204e-07,-3.013698502447787e-06,-0.00020688599262994126
264.26169690000097,0.0,0.0,0.0,-4.158358137523046e-07,-3.011682778528313e-06,-0.0002068295635830258
264.31457809999847,0.0,0.0,0.0,-4.157864193837955e-07,-3.009667193826601e-06,-0.0002067729364798324
264.3600235999984,0.0,0.0,0.0,0.00015355392967239426,0.0021701360720857883,0.12233275148945749
264.41421000000264,0.0,0.0,0.0,0.0006765539621412577,0.0019853848404590003,0.36365808352180207
264.4629633000004,0.0,0.0,0.0,0.001062597696416473,0.0012376631259413608,0.5956501222941512
264.51511200000095,0.0,0.0,0.0,0.001521584613707416,0.0035489338107648196,0.8136107768394735
264.5614329000018,0.0,0.0,0.0,0.0016262368790163288,0.002259461759299961,1.010862883792875
264.606048499998,0.0,0.0,0.0,0.0016897987008600713,0.00045577733148599657,1.1668169613906756
264.6610522999981,0.0,0.0,0.0,0.0020533175100089663,-0.0043977411855774745,1.22150181858294
264.7060218999977,0.0,0.0,0.0,0.002648509139736077,-0.0022561482873236726,1.2139231831637798
264.7575677999994,0.0,0.0,0.0,0.002781536462209649,-0.003559079352573629,1.2098710671200164
264.8125074999989,0.0,0.0,0.0,0.0017217417047135574,0.0017385810292615189,1.295532928510473
264.8665733000016,0.0,0.0,0.0,0.002817618429248073,-0.0032483144776891343,1.4405964631285062
264.91369300000224,0.0,0.0,0.0,0.0032597600502755923,-0.0014478589594355254,1.4548999865083627
264.9684167000014,0.0,0.0,0.0,0.003441402779599237,-0.0045061929091318965,1.4282467922461732
265.0079839999962,0.0,0.0,0.0,0.003218964011456286,-0.0020310831899493934,1.3754484973329513
265.0632916999966,0.0,0.0,0.0,0.003296680125002207,-0.0012917289731058002,1.3296953645546132
265.11413419999735,0.0,0.0,0.0,0.0032870449820818002,0.0005925577117346687,1.2977361032708814
265.1641449000017,0.0,0.0,0.0,0.0028963120195130234,0.0025179462496288103,1.2651191385984681
265.2071749000024,0.0,0.0,0.0,0.0024973581176587966,0.0014879269848836786,1.2355507738782392
265.26441650000197,0.0,0.0,0.0,0.0035554402109933764,-0.004644211431115407,1.3336753116668962
265.31254179999814,0.0,0.0,0.0,0.004026221473603591,-0.00010233480348478726,1.5152501224442327
265.3669335000013,0.0,0.0,0.0,0.004264092825399646,-0.0028442969317782323,1.706173900290365
265.4147521999985,0.0,0.0,0.0,0.00405263833333152,0.009436834161374735,1.8786779084406025
265.4614078000013,0.0,0.0,0.0,0.004306285569509327,0.004847696533339656,1.890329113556134
265.51306739999563,0.0,0.0,0.0,0.00323441182527422,0.005457176799503279,1.8845850285226793
265.5658731000003,0.0,0.0,0.0,0.003383065483260623,-0.003226273013525708,1.8821721130874356
265.6179190999974,0.0,0.0,0.0,0.003492045211738373,-0.000410199063605245,1.8821585529041716
265.66458129999955,0.0,0.0,0.0,0.003564088855380357,-0.00021489071891192538,1.8832648892150057
265.70629180000105,0.0,0.0,0.0,0.0035913365598025044,-0.0004926400969542051,1.8836523908666658
265.7628474000012,0.0,0.0,0.0,0.003440891980009016,0.0010061634649004372,1.8167776148620332
265.81750199999806,0.0,0.0,0.0,0.003371931008754699,-0.0014410871590285498,1.704208700643943
265.86862649999966,0.0,0.0,0.0,0.003022165326475575,0.000276332901760383,1.5752952697613367
265.9157322999963,0.0,0.0,0.0,0.0029676181620288296,-0.002055529031139611,1.4444317021955464
265.96414599999844,0.0,0.0,0.0,0.002816682564184948,-0.0012192046764966293,1.3301240632990408
266.01867579999816,0.0,0.0,0.0,0.0024636479289709247,0.003433191083283895,1.2265351254041217
266.0634971999971,0.0,0.0,0.0,0.0023205310965814557,-0.0027951453439680226,1.1306656383966325
266.11646810000093,0.0,0.0,0.0,0.002184012580897049,-0.00025345399887069807,1.045590886109555
266.1658486000015,0.0,0.0,0.0,0.0019213269351952334,0.0011850000403800338,0.9642028405424901
266.21633389999624,0.0,0.0,0.0,0.0019450591469180828,-0.0020730995863041074,0.8848087955550052
266.2639952000027,0.0,0.0,0.0,0.00191749855211644,-0.003216318297665874,0.8219248886378595
266.31553780000104,0.0,0.0,0.0,0.001661856097912552,9.750319604550026e-05,0.7535347194129012
266.3643577999974,0.0,0.0,0.0,0.001608922342524484,0.0004006102553372645,0.7030716823742529
266.41320599999744,0.0,0.0,0.0,0.0016728526421436354,-0.0016676022992868284,0.6767841968326362
266.46066869999777,0.0,0.0,0.0,0.0016864151753700955,-0.006358387874543192,0.6603383981971063
266.51420430000144,0.0,0.0,0.0,0.0016123886350105903,0.0032101592697811104,0.6457827169732575
266.56501859999844,0.0,0.0,0.0,0.0016290311457640076,0.0013497218520322422,0.6496830874011237
266.6145940999995,0.0,0.0,0.0,0.0014604392201915972,0.0049549151553766446,0.6696338889032685
266.65857649999816,0.0,0.0,0.0,0.00135853968909537,0.000650318853847159,0.6912462644206295
266.71548110000003,0.0,0.0,0.0,0.001002961534005097,-0.002728479388816919,0.68974992209757
266.7637220999968,0.0,0.0,0.0,0.00042195789912038376,0.003965477877221042,0.6323103178339149
266.8140379999968,0.0,0.0,0.0,0.0009821477738564649,0.003139990612563537,0.4756123707846207
266.8589334999997,0.0,0.0,0.0,0.000834578246421329,-0.0008079757756697875,0.28159404671639066
266.9151497999992,0.0,0.0,0.0,0.0025049277267781165,0.0035924192367986496,0.11206011362103258
266.95672589999594,0.0,0.0,0.0,-0.00011620610199529565,0.0012900756574421714,0.09893053408738706
267.013764299998,0.0,0.0,0.0,8.741901490816453e-05,0.003442445672669012,0.20683575241729946
267.0566189000019,0.0,0.0,0.0,0.0005606086047729457,0.0008495750180910316,0.2475100371705285
267.1097251999963,0.0,0.0,0.0,0.0004707405541657997,-0.0039468978617019325,0.24703375830225863
267.1570656999975,0.0,0.0,0.0,0.00045942614804517874,-0.0007193795525421439,0.22851394315473195
267.21401109999715,0.0,0.0,0.0,4.053134813915002e-05,0.0021519746764815254,0.21346471884046841
267.26737039999716,0.0,0.0,0.0,0.00035817000740317605,-0.0013787578516880248,0.20099102525148632
267.3148380999992,0.0,0.0,0.0,0.00031180641742190133,0.0048595321080391295,0.19874088125770073
267.3638584,0.0,0.0,0.0,-0.00047156480087574615,-0.0008245096612809282,0.20566313775350686
267.41477009999653,0.0,0.0,0.0,0.00033494822644959937,-0.0004955809698351274,0.21036473831680708
267.4591722999976,0.0,0.0,0.0,0.000320827078798619,-0.0009157473515598001,0.20942470428683083
267.51830340000015,0.0,0.0,0.0,0.00035331407789787573,-0.0018065624224617059,0.20941314047444431
267.55943729999854,0.0,0.0,0.0,0.00025032227284657924,0.004629219904055046,0.2109504617658105
267.60838669999794,0.0,0.0,0.0,0.0003141724533222794,-0.0004553211304868593,0.21574461425488467
267.66403680000076,0.0,0.0,0.0,0.0003817274330212457,-0.00328112296712122,0.22307508438050344
267.7116237000009,0.0,0.0,0.0,0.0003359755154741709,0.001920545210175402,0.23463128011520648
267.76796459999605,0.0,0.0,0.0,0.00036836284707992965,8.967409250583459e-05,0.25060070135536616
267.81247070000245,0.0,0.0,0.0,0.00037131630872951494,0.002601902806502317,0.2748946472563009
267.8618465999971,0.0,0.0,0.0,0.0005037764265306797,-0.0009320883782295505,0.3114295463798468
267.91024079999625,0.0,0.0,0.0,0.0005162762178469468,-0.0001220763990339741,0.3533585479479556
267.9596894999995,0.0,0.0,0.0,0.0007764007765342077,-0.0037178387474706763,0.44418820831569095
268.01453369999945,0.0,0.0,0.0,0.00060577960665043,0.010397871868987574,0.48760011188113517
268.0635131000017,0.0,0.0,0.0,0.00037665964581403593,0.0021667460596635443,0.49862944670635545
268.10833499999717,0.0,0.0,0.0,0.0006816440905729706,0.0004789813258801489,0.48721308228464605
268.16357309999876,0.0,0.0,0.0,0.00045226372599576644,-0.0007035979149429502,0.47400857301450045
268.2153343999962,0.0,0.0,0.0,0.00014536042526685014,0.0005612711137353194,0.46154903611116105
268.2623292999997,0.0,0.0,0.0,0.00019129664043743088,-0.000668112865170314,0.44251473354806176
268.3160684999966,0.0,0.0,0.0,0.0013651131047142829,0.0005159252705391387,0.4265997149257789
268.3663540999987,0.0,0.0,0.0,0.0004895247624063109,-0.013486444629208243,0.5281118018239482
268.40921289999824,0.0,0.0,0.0,0.0008945798644587592,-0.0022050078696706885,0.7365012477695109
268.46501369999896,0.0,0.0,0.0,0.0015408471425575753,0.005879616256598534,0.9228073341995767
268.51377910000156,0.0,0.0,0.0,0.001738979935189337,-0.0001510198520278671,1.089081530033522
268.55990380000003,0.0,0.0,0.0,0.002061978825016249,-0.0007937363476803218,1.271557498498506
268.6118401999993,0.0,0.0,0.0,0.0022523116716432956,0.0005272123074927075,1.4661887673728682
268.6568724999961,0.0,0.0,0.0,0.0026150831403906815,-9.13491942637921e-05,1.6848482812577157
268.71656559999974,0.0,0.0,0.0,0.003215460981751918,-0.00705561946574283,1.8797584827736336
268.7634706999961,0.0,0.0,0.0,0.0031154190438881903,0.00213012017657937,1.9076760260601602
268.81698329999927,0.0,0.0,0.0,0.0036167854061695116,-0.003939283022133502,1.8994408963952403
268.86023289999866,0.0,0.0,0.0,0.003989980155930654,-0.0009832363342161946,1.8812655997635708
268.91241199999786,0.0,0.0,0.0,0.003460630753095537,0.0013940196692157495,1.880605980046721
268.95704780000233,0.0,0.0,0.0,0.0031730096809461116,0.001391302905464957,1.8814269718922794
269.01329489999625,0.0,0.0,0.0,0.003565097996125852,-0.003584450204040762,1.8840100119439853
269.0625729000021,0.0,0.0,0.0,0.0036418640621083955,0.0018809374891622795,1.8820469548557228
269.1111433999977,0.0,0.0,0.0,0.0033490426411398244,0.0009133767737027998,1.881909817183586
269.1641286000013,0.0,0.0,0.0,0.00295274227805585,0.002823985756944184,1.882513192398725
269.21705900000234,0.0,0.0,0.0,0.0025043884309211934,-0.00022557936328930034,1.8808478575984686
269.26315149999573,0.0,0.0,0.0,0.005058932209545266,-0.0047675497098663465,1.8816866714865634
269.31383800000185,0.0,0.0,0.0,0.003955348911226776,0.00023893148937758826,1.8819742979288367
269.3557454999973,0.0,0.0,0.0,0.0035476605136714958,-0.0013454933991714987,1.7875216887810117
269.41362110000046,0.0,0.0,0.0,0.002683800371401891,0.0018018525028954762,1.6591007680441214
269.46541050000087,0.0,0.0,0.0,0.003468288426133137,0.00035408449702139285,1.5381876434669377
269.5135289999962,0.0,0.0,0.0,0.002989895873942942,-0.0012146081996521642,1.4249530764777896
269.56263359999866,0.0,0.0,0.0,0.002499253132312237,0.0017859863958364787,1.3270546477893952
269.60596559999976,0.0,0.0,0.0,0.0026136900672218007,-0.0018593261900052792,1.2413664305146148
269.66961789999914,0.0,0.0,0.0,0.002476422946622828,-0.0029463570523458847,1.1531684847365793
269.7069711000004,0.0,0.0,0.0,0.002548640037576439,-0.0007064557568810493,1.0803854157047765
269.76130539999576,0.0,0.0,0.0,0.0022938926966823746,0.0020402553418928547,1.0039908221581741
269.8058514000004,0.0,0.0,0.0,0.0019102858601775373,0.0013341150284731716,0.9397734623602837
269.86692760000005,0.0,0.0,0.0,0.0018865924593548852,0.0003184322661376678,0.8875621730335891
269.9144565999959,0.0,0.0,0.0,0.0018822753695590393,-0.006438914107566459,0.8277821463531594
269.96028529999603,0.0,0.0,0.0,0.0018325050494030905,-0.0003586612626043295,0.7998746799235144
270.00919469999644,0.0,0.0,0.0,0.0020974671936148086,-0.0011506436066163102,0.7896757678695059
270.0657818999971,0.0,0.0,0.0,0.001474712978071258,0.0024943916649562883,0.7502434660293671
270.11447639999824,0.0,0.0,0.0,0.0020383477317050935,-0.009057063364958725,0.7178004406326876
270.1665361999985,0.0,0.0,0.0,0.0017598185874175558,0.003754144714231596,0.7113034213685397
270.21379349999916,0.0,0.0,0.0,0.0016563648987870383,0.004174308101248101,0.7208856863743064
270.2566755000007,0.0,0.0,0.0,0.0011609276205910757,0.0022856551950353353,0.7464287840842152
270.31468360000144,0.0,0.0,0.0,0.0020327685263173403,-0.001105086793401358,0.7856244633043769
270.36271280000074,0.0,0.0,0.0,0.002497629266159501,-0.0015290266974550596,0.7929538653136179
270.40855320000264,0.0,0.0,0.0,0.0019138614187307066,0.003700693346236329,0.7242241771069964
270.4562283999985,0.0,0.0,0.0,0.0013657762911945125,0.003110658102464482,0.5997762917290403
270.51290219999646,0.0,0.0,0.0,0.0009387237932243626,0.004204264183398264,0.43710211063211457
270.5561529999977,0.0,0.0,0.0,-0.0007332481708980409,0.013316646828760452,0.3342040663417534
270.6079755999963,0.0,0.0,0.0,1.4523760865344975e-05,0.0023388117326872773,0.2713682977599375
270.65763129999686,0.0,0.0,0.0,0.0002049763021491685,0.0008348754735469106,0.2031145381080178
270.7112588000018,0.0,0.0,0.0,0.00013344464902545751,0.000771999064940024,0.14930023385361818
270.75835099999676,0.0,0.0,0.0,0.00010619350212399435,-0.0010865745636991306,0.10239214767659864
270.8068779000023,0.0,0.0,0.0,5.026868234546428e-05,-0.0008553207749418308,0.054569996171125845
270.85688420000224,0.0,0.0,0.0,5.835857861749356e-05,-0.00039901160171798767,0.017310620435046234
270.9126657000015,0.0,0.0,0.0,3.4977826405372635e-05,-0.000762357781325828,0.014669201397742727
270.9566036999968,0.0,0.0,0.0,-2.636985400990395e-05,-0.013315840542477905,0.005203129243855799
271.0152900999965,0.0,0.0,0.0,-3.10179351219246e-06,-0.0008836212993603831,0.0017735532445508728
271.0660723999972,0.0,0.0,0.0,-3.35733881125583e-06,0.00011978235665511627,0.000531339561591489
271.1181501999963,0.0,0.0,0.0,-1.7000725622996233e-06,1.0531428361198049e-06,0.00016092719652944967
271.1677095999985,0.0,0.0,0.0,-4.468068854613443e-07,-4.895998557614832e-07,9.285855765794063e-05
271.2079582000006,0.0,0.0,0.0,1.2357461930441487e-08,-1.5081055829361555e-07,9.151838610240989e-05
271.26376309999614,0.0,0.0,0.0,1.2403814855066104e-07,-1.7428855827868452e-07,9.665987893656966e-05
271.3108904999972,0.0,0.0,0.0,1.4007326488470333e-07,-1.6750466800029162e-07,9.919311391375782e-05
271.3652284999989,0.0,0.0,0.0,1.385867248407678e-07,-1.4785835844076844e-07,0.00010007992659240807
271.41270729999815,0.0,0.0,0.0,1.366007723495635e-07,-1.318062539707505e-07,0.00010042568020917467
271.45679559999553,0.0,0.0,0.0,1.3597562205150945e-07,-1.2139193167592702e-07,0.00010063850664245861
271.5142549000011,0.0,0.0,0.0,1.3612991684788837e-07,-1.1444587627360752e-07,0.00010082657940288158
271.56231169999955,0.0,0.0,0.0,1.365997573862158e-07,-1.0948984267999804e-07,0.0001010100064815815
271.61551920000056,0.0,0.0,0.0,1.3719209181685328e-07,-1.0575036751170422e-07,0.00010119029798688022
271.6642322999978,0.0,0.0,0.0,1.3783962539947586e-07,-1.0281607600343506e-07,0.00010136700648709867
271.70706970000174,0.0,0.0,0.0,1.3851744289650924e-07,-1.0044883603474258e-07,0.0001015401013516106
271.7624211000002,0.0,0.0,0.0,1.3921360731634285e-07,-9.849904462271145e-08,0.00010170980902046264
271.8140992999979,0.0,0.0,0.0,1.3992078481209759e-07,-9.686719619033652e-08,0.00010187638412055745
271.86074969999754,0.0,0.0,0.0,1.4063398626057652e-07,-9.548383676280448e-08,0.00010204003607342248
271.9126227000015,0.0,0.0,0.0,1.4134967476667164e-07,-9.429915428880629e-08,0.00010220092595527588
271.95720070000243,0.0,0.0,0.0,1.420653028395601e-07,-9.32761750128118e-08,0.00010235917806732637
272.0151638000025,0.0,0.0,0.0,1.4277903669118083e-07,-9.238692742097914e-08,0.0001025148913128976
272.0573330999978,0.0,0.0,0.0,1.434895242850802e-07,-9.16095353005308e-08,0.00010266814635701804
272.1061819000024,0.0,0.0,0.0,1.4419575612930786e-07,-9.092715102392341e-08,0.00010281901108694148
272.15855960000044,0.0,0.0,0.0,1.4489696164735157e-07,-9.032582906868258e-08,0.00010296754343339458
272.21535779999977,0.0,0.0,0.0,1.4559255944648408e-07,-8.979455970151067e-08,0.00010311379408900319
272.2631324999966,0.0,0.0,0.0,1.4628214291631754e-07,-8.932419822024986e-08,0.00010325780794747127
272.30524209999567,0.0,0.0,0.0,1.4696534394994263e-07,-8.890721174531387e-08,0.0001033996255961297
272.35647510000126,0.0,0.0,0.0,1.476419077624072e-07,-8.85371907994238e-08,0.00010353928380993688
272.4096806000016,0.0,0.0,0.0,1.4831166120097162e-07,-8.820878447239449e-08,0.00010367681663703065
272.459047999997,0.0,0.0,0.0,1.4897445783890684e-07,-8.791746939947646e-08,0.00010381225554200436
272.5125283000016,0.0,0.0,0.0,1.4963018041459808e-07,-8.765919877040837e-08,0.00010394563021693592
272.5644869000025,0.0,0.0,0.0,1.5027879265396926e-07,-8.743071077612711e-08,0.00010407696844976898
272.60986939999566,0.0,0.0,0.0,1.5092024765826983e-07,-8.722895970643862e-08,0.00010420629672254787
272.66338720000203,0.0,0.0,0.0,1.51554504697608e-07,-8.705144631504994e-08,0.00010433364033795663
272.7145593000023,0.0,0.0,0.0,1.5218158477330514e-07,-8.689589278428558e-08,0.00010445902357721039
272.7555878999992,0.0,0.0,0.0,1.5280146647588308e-07,-8.676021897699468e-08,0.00010458246969071198
272.8125213000021,0.0,0.0,0.0,1.5341419661557404e-07,-8.664280368995371e-08,0.00010470400109833965
272.8665159000011,0.0,0.0,0.0,1.5401980970904963e-07,-8.654190847868404e-08,0.00010482363948723894
272.9130368999977,0.0,0.0,0.0,1.5461832521898489e-07,-8.645627579878645e-08,0.00010494140611184182
272.9612197000024,0.0,0.0,0.0,1.5520979409791155e-07,-8.638455977365971e-08,0.00010505732130312658
273.00630329999694,0.0,0.0,0.0,1.557942651700714e-07,-8.632562800611344e-08,0.00010517140509757906
273.0607660999958,0.0,0.0,0.0,1.5637178570954773e-07,-8.627845042162452e-08,0.00010528367680309806
273.10607439999876,0.0,0.0,0.0,1.5694244016597908e-07,-8.624216625891773e-08,0.00010539415544526903
273.16012699999555,0.0,0.0,0.0,1.5750626165995572e-07,-8.621584167295116e-08,0.00010550285954512883
273.2110001999972,0.0,0.0,0.0,1.5806330878714037e-07,-8.619879714208548e-08,0.0001056098073669433
273.2660321000003,0.0,0.0,0.0,1.586136515385378e-07,-8.619029484926718e-08,0.00010571501673115821
273.31701720000274,0.0,0.0,0.0,1.591573681448932e-07,-8.618973202564222e-08,0.00010581850491031162
273.36703390000184,0.0,0.0,0.0,1.596945095934624e-07,-8.619643396344338e-08,0.00010592028899239378
273.4117791999961,0.0,0.0,0.0,1.6022515671582045e-07,-8.620994451263282e-08,0.00010602038586663032
273.4647122000024,0.0,0.0,0.0,1.607493601678116e-07,-8.622972893594077e-08,0.00010611881200788562
273.51334230000066,0.0,0.0,0.0,1.6126720300216134e-07,-8.625539764465948e-08,0.00010621558363619345
273.56082310000056,0.0,0.0,0.0,1.617787353869512e-07,-8.628646921824248e-08,0.00010631071670044811
273.6149423999959,0.0,0.0,0.0,1.622840377982822e-07,-8.632255191692816e-08,0.00010640422680007065
273.66619389999687,0.0,0.0,0.0,1.6278315691622394e-07,-8.636332232312655e-08,0.0001064961293763029
273.71434220000083,0.0,0.0,0.0,1.632761881394181e-07,-8.640843904304433e-08,0.00010658643957308145
273.75792619999993,0.0,0.0,0.0,1.637631755746073e-07,-8.645759209452775e-08,0.00010667517240671169
273.81130680000206,0.0,0.0,0.0,1.6424419809283074e-07,-8.651043418576429e-08,0.00010676234250100533
273.86098859999765,0.0,0.0,0.0,1.6471932196718879e-07,-8.656680314598767e-08,0.00010684796452141188
273.9132027000014,0.0,0.0,0.0,1.651886025628196e-07,-8.662640840022863e-08,0.00010693205262241475
273.9658651999998,0.0,0.0,0.0,1.6565210389452654e-07,-8.668892333027563e-08,0.00010701462087744451
274.01855459999933,0.0,0.0,0.0,1.6610989414653266e-07,-8.675427012061869e-08,0.00010709568318533651
274.06254679999984,0.0,0.0,0.0,1.6656204885890567e-07,-8.682219716245489e-08,0.00010717525327006534
274.11353589999635,0.0,0.0,0.0,1.6700861252878994e-07,-8.689243656234633e-08,0.00010725334466134485
274.1673903999981,0.0,0.0,0.0,1.6744963896601537e-07,-8.696489782398807e-08,0.00010732997069097645
274.2129679999998,0.0,0.0,0.0,1.6788521309137257e-07,-8.703940884959844e-08,0.00010740514440596483
274.25801579999825,0.0,0.0,0.0,1.683153809591459e-07,-8.711578833878987e-08,0.00010747887881032807
274.312777799998,0.0,0.0,0.0,1.6874021275044937e-07,-8.719388493243577e-08,0.00010755118673125873
274.3674594999975,0.0,0.0,0.0,1.6915974702077568e-07,-8.727355321725798e-08,0.00010762208080335329
274.41495739999664,0.0,0.0,0.0,1.6957405808641163e-07,-8.735465269348531e-08,0.00010769157345189915
274.46616789999825,0.0,0.0,0.0,1.6998318935215005e-07,-8.743711554200516e-08,0.00010775967694511195
274.5142338000005,0.0,0.0,0.0,1.7038721236182646e-07,-8.752074800704004e-08,0.00010782640344682558
274.56804620000185,0.0,0.0,0.0,1.7078618331330942e-07,-8.760549495026815e-08,0.00010789176510728264
274.60649379999813,0.0,0.0,0.0,1.711801392654093e-07,-8.769123541367372e-08,0.00010795577365180663
274.6626815999989,0.0,0.0,0.0,1.7156915671326652e-07,-8.777788657702859e-08,0.00010801844076460658
274.70518979999906,0.0,0.0,0.0,1.7195325432156367e-07,-8.786529276621015e-08,0.00010807977800948601
274.76356130000204,0.0,0.0,0.0,1.7233252785754512e-07,-8.795352361277103e-08,0.00010813979695239241
274.8135131000017,0.0,0.0,0.0,1.7270699774838344e-07,-8.804226774681352e-08,0.00010819850873941181
274.85599619999994,0.0,0.0,0.0,1.730767172916271e-07,-8.813164347200735e-08,0.00010825592449299313
274.91520409999794,0.0,0.0,0.0,1.7344174827816362e-07,-8.822145745326196e-08,0.00010831205533447878
274.9669112999982,0.0,0.0,0.0,1.7380214684959563e-07,-8.831169892213702e-08,0.00010836691212014372
275.00659129999985,0.0,0.0,0.0,1.7415794563042452e-07,-8.840227817600017e-08,0.00010842050554003068
275.0655179000023,0.0,0.0,0.0,1.745092080792966e-07,-8.849309738061744e-08,0.00010847284632578852
275.1067378000007,0.0,0.0,0.0,1.748559692067757e-07,-8.858416897386595e-08,0.00010852394498759774
275.1633825999961,0.0,0.0,0.0,1.7519826969251294e-07,-8.867542953414935e-08,0.0001085738118785401
275.2099320999987,0.0,0.0,0.0,1.7553616211513089e-07,-8.87667616856008e-08,0.00010862245726897677
275.2574711999987,0.0,0.0,0.0,1.758697137856487e-07,-8.885814295469728e-08,0.00010866989130574014
275.3088232000009,0.0,0.0,0.0,1.761989373838314e-07,-8.894957571363985e-08,0.00010871612410212594
275.3645993999962,0.0,0.0,0.0,1.7652389159827237e-07,-8.904092447602987e-08,0.00010876116549633598
275.41758839999966,0.0,0.0,0.0,1.7684461572590792e-07,-8.913219477119124e-08,0.00010880502539236506
275.464873500001,0.0,0.0,0.0,1.7716116702615495e-07,-8.922337789932921e-08,0.00010884771350711978
275.51670419999573,0.0,0.0,0.0,1.7747356876084066e-07,-8.931436897899815e-08,0.00010888923933854869
275.564438399997,0.0,0.0,0.0,1.777818734926788e-07,-8.940518175339906e-08,0.00010892961250169877
275.61521679999714,0.0,0.0,0.0,1.7808613075376516e-07,-8.949573006301683e-08,0.00010896884219639938
275.66696899999806,0.0,0.0,0.0,1.7838634387475898e-07,-8.958600555948135e-08,0.00010900693792838508
275.71247729999595,0.0,0.0,0.0,1.7868260550772416e-07,-8.967598224336809e-08,0.00010904390884332129
275.7638489000019,0.0,0.0,0.0,1.7897492094143032e-07,-8.97656671879927e-08,0.00010907976407695796
275.81102020000253,0.0,0.0,0.0,1.7926334487030964e-07,-8.985494067126059e-08,0.0001091145125071564
275.8631804999968,0.0,0.0,0.0,1.7954790075498415e-07,-8.994383995929871e-08,0.00010914816309173591
275.91716109999834,0.0,0.0,0.0,1.798286374083321e-07,-9.003233449047661e-08,0.00010918072462140708
275.9630440999972,0.0,0.0,0.0,1.8010558646288762e-07,-9.012036562671015e-08,0.00010921220592214636
276.01152790000197,0.0,0.0,0.0,-3.46089684190356e-05,0.000711206484566031,-0.09573317062186482
276.0646590999968,0.0,0.0,0.0,-0.0003838540851875934,-0.0006606675359230347,-0.2510087763980264
276.11271889999625,0.0,0.0,0.0,-0.001012348206761188,0.00023058146537121747,-0.4214692334656695
276.16444369999954,0.0,0.0,0.0,-0.0012801948865292653,-0.001821154021409236,-0.5741932713038224
276.2111281999969,0.0,0.0,0.0,-0.0012379933573591403,-0.0009751162567762792,-0.74641752649545
276.26498100000026,0.0,0.0,0.0,-0.001590998615111477,0.0019098081400329928,-0.952130657870426
276.31334739999875,0.0,0.0,0.0,-0.0016116200456478622,0.0012967953993130682,-1.0481837529481772
276.364665699999,0.0,0.0,0.0,-0.0018666054239751726,-7.249876529835988e-05,-1.0061465501849791
276.41378619999887,0.0,0.0,0.0,-0.0018351639410434904,-0.0028900055525700394,-0.9450271000308694
276.4653055000017,0.0,0.0,0.0,-0.001837853788117376,-0.0016832197620034292,-0.8647381985609253
276.507938499999,0.0,0.0,0.0,-0.0012964149484198174,-0.003612534734197096,-0.7822822210835905
276.5625347999958,0.0,0.0,0.0,-0.0020217895295710432,-0.0029105157572195243,-0.714955776514727
276.6067949999997,0.0,0.0,0.0,-0.0013065358136291419,-0.0008039693239560368,-0.665110999747493
276.6640286999973,0.0,0.0,0.0,-0.0017437086302452452,-0.00724027000629273,-0.6622106720393616
276.70718990000023,0.0,0.0,0.0,-0.0015695705023412452,0.0039003252700756264,-0.657235145867709
276.75676609999937,0.0,0.0,0.0,-0.0019971440904103903,0.0009132515978796646,-0.6633784531161734
276.81284949999826,0.0,0.0,0.0,-0.0017733671325590565,0.002324796152737588,-0.686642773190212
276.86657630000263,0.0,0.0,0.0,-0.0021378144894796565,0.0004914954749174217,-0.731710907338799
276.91582200000266,0.0,0.0,0.0,-0.0022526575553315714,-0.0020450405043345816,-0.7461058417300859
276.96323680000205,0.0,0.0,0.0,-0.0012294728618108253,0.008187223192149281,-0.7029433350886717
277.0068428000013,0.0,0.0,0.0,-0.0010692270345675373,0.0017476094378330261,-0.575673035527803
277.05610290000186,0.0,0.0,0.0,-0.0008468935366835971,-0.003277709558536682,-0.41054116519619827
277.10604729999613,0.0,0.0,0.0,-0.000881414661073725,0.004302416556465574,-0.25038611495960045
277.1570492999963,0.0,0.0,0.0,0.0007984268809804853,0.008165589231585644,-0.20621690772995485
277.20613030000095,0.0,0.0,0.0,-0.001027929068413685,-0.00015203179956044775,-0.29442672849909557
277.2555231000006,0.0,0.0,0.0,-0.0007181139165025583,8.102211594249849e-05,-0.322378081465631
277.31436749999557,0.0,0.0,0.0,-0.0005943303016840889,-0.00031708338724620213,-0.3364468370798101
277.37061150000227,0.0,0.0,0.0,-0.0006019608469847275,-0.0024702586762328648,-0.3536007438102783
277.41246610000235,0.0,0.0,0.0,-0.0003568537877718474,0.008923604070328956,-0.37852686408892605
277.46490330000233,0.0,0.0,0.0,-0.0009033768101553792,-0.0009499811405739146,-0.4166172830896697
277.5140055000011,0.0,0.0,0.0,-0.0008015392347230434,-0.002684021152068612,-0.48475949195766255
277.55971780000255,0.0,0.0,0.0,-0.0006624635291673887,-0.0011782668534271556,-0.5950228602972313
277.61394239999936,0.0,0.0,0.0,-0.0007655182964600093,0.008624775877558883,-0.6347671262679193
277.6582544999983,0.0,0.0,0.0,-0.0007250568418733529,0.0019781463510515533,-0.6442778529284028
277.7115713999956,0.0,0.0,0.0,-0.0005893376114803573,0.00022253272247376745,-0.6426685600663176
277.7650036999985,0.0,0.0,0.0,-0.0010887218859956561,0.0014600715167182603,-0.6259394977139044
277.8085043999963,0.0,0.0,0.0,-4.86008677000947e-05,-0.0010983227919133722,-0.5941050899421781
277.8638176000022,0.0,0.0,0.0,-0.001311057233346686,-0.0001767341369829256,-0.5608205837304694
277.9110734999995,0.0,0.0,0.0,0.0005045946051222937,0.0004048885437253069,-0.5210382001232703
277.9632868999979,0.0,0.0,0.0,-0.0007136943349759498,-0.0019132397927022237,-0.47153849443141965
278.0134453999999,0.0,0.0,0.0,-0.00042770170570261066,-0.00606968235029928,-0.36927408478061424
278.06285950000165,0.0,0.0,0.0,-0.001129704736672349,-0.010444994245809223,-0.4017899268444928
278.11576120000245,0.0,0.0,0.0,-0.0013784185600534387,-0.0003744504360937,-0.5970754368905121
278.15749060000235,0.0,0.0,0.0,-0.000796305762366284,0.0030057375950854875,-0.8251652965385101
278.219955499997,0.0,0.0,0.0,-0.0015737719806495228,0.00017485937914392717,-1.0837783908811196
278.26706710000144,0.0,0.0,0.0,-0.0022567895369720913,0.002791042544257903,-1.3600697284486212
278.3133149999994,0.0,0.0,0.0,-0.0017198392614462316,0.0023000771274645725,-1.6526879435199637
278.36340599999676,0.0,0.0,0.0,-0.0031388304366887325,-0.00271821720606979,-1.8504493507192745
278.4146594999984,0.0,0.0,0.0,-0.004017180318621567,-0.005164600582781608,-1.8755245241549825
278.46460909999587,0.0,0.0,0.0,-0.004203944293366745,-0.0023482699084997095,-1.8885810553776592
278.51217539999925,0.0,0.0,0.0,-0.003921728512793248,-0.000833589806588211,-1.8821884698381415
278.5615517999977,0.0,0.0,0.0,-0.0036839668275315297,0.0034874127646913845,-1.8815172912345988
278.60914709999633,0.0,0.0,0.0,-0.0035406954935376755,0.0022345046869048065,-1.882527189996175
278.6660239999983,0.0,0.0,0.0,-0.0035372209578271073,-0.00023473390985302066,-1.8809127392547733
278.71121960000164,0.0,0.0,0.0,-0.003704009615944106,-0.0008045294054566111,-1.8812384382912848
278.7632536000019,0.0,0.0,0.0,-0.0035278983470271286,0.0017301773405512522,-1.8821811861941913
278.81287870000233,0.0,0.0,0.0,-0.0036080558123306387,1.1346583866637263e-05,-1.882412146870587
278.8662477999969,0.0,0.0,0.0,-0.0031648855485304195,0.0015805653962640649,-1.8821246712473483
278.91411869999865,0.0,0.0,0.0,-0.0035072438906804206,-0.00254894392522554,-1.8170048522852678
278.96134139999776,0.0,0.0,0.0,-0.0034026775120941724,-0.0015045639133505922,-1.7037474484410278
279.0122986999995,0.0,0.0,0.0,-0.0032363337687622575,0.00042327325229657886,-1.5817538178132093
279.0675121000022,0.0,0.0,0.0,-0.0030173348617763846,0.000313897928574526,-1.4746707136916144
279.1103720999963,0.0,0.0,0.0,-0.0027205002851843478,0.000628218301530441,-1.3696115275329879
279.15885490000073,0.0,0.0,0.0,-0.002678177599485115,-0.0014092376080002528,-1.2820878136604685
279.2145090999984,0.0,0.0,0.0,-0.0023671208311917416,0.002668346214376318,-1.201324143022104
279.27089479999995,0.0,0.0,0.0,-0.002406803754496839,-0.0012639073479668787,-1.1193603125925722
279.31333469999663,0.0,0.0,0.0,-0.001746138073372139,0.0017099236989220259,-1.051986442204083
279.359623700002,0.0,0.0,0.0,-0.0022492607852201045,-0.0013006103195019104,-0.9848803827338084
279.40991299999587,0.0,0.0,0.0,-0.0012108119655661177,0.0012793211587394425,-0.9274728253471989
279.4623530000026,0.0,0.0,0.0,-0.002147721438123125,-0.004914090384537932,-0.8671798883816457
279.50857720000204,0.0,0.0,0.0,-0.0022612066062294312,0.0008365998666638985,-0.831740730778142
279.56532300000254,0.0,0.0,0.0,-0.002281454100842481,-0.002040757418722918,-0.794581174192397
279.60796119999577,0.0,0.0,0.0,-0.001552832830994461,-0.0003817391161542683,-0.7612823377407989
279.66136279999773,0.0,0.0,0.0,-0.00160672000742057,0.0004551322376312337,-0.6865426949121335
279.7111193000019,0.0,0.0,0.0,-0.0028594473213597294,-0.008929427163676822,-0.7209355262961239
279.7631728999986,0.0,0.0,0.0,-0.0019251583192305228,0.003914170303893112,-0.7291076504230304
279.8123245999959,0.0,0.0,0.0,-0.001961739443844914,0.0016463275312700856,-0.7430760355197342
279.85738339999807,0.0,0.0,0.0,-0.001987680491456363,0.0003760974577052053,-0.7738033084255559
279.9173607999983,0.0,0.0,0.0,-0.0015591957526678846,0.004809008817765714,-0.8106498659481849
279.9631298000022,0.0,0.0,0.0,-0.0022409738976395784,-0.004238316788640357,-0.8364698354922994
280.0135297000015,0.0,0.0,0.0,-0.0021805214693079154,0.0047308828743951,-0.8173661641522167
280.05835990000196,0.0,0.0,0.0,-0.0012329129782571036,0.004679582575749257,-0.7191648354170612
280.11666069999774,0.0,0.0,0.0,-0.0007106944289766292,0.0006050104678805832,-0.544106976585681
280.1648162999991,0.0,0.0,0.0,2.7073073654829113e-05,0.018193580395916058,-0.44096141519292475
280.21662710000237,0.0,0.0,0.0,-0.00019410369761836785,0.0027599495527251766,-0.37977265686007045
280.2603739999977,0.0,0.0,0.0,-0.00022196381836214117,-0.0004047338236404246,-0.30804266264804747
280.3127616999991,0.0,0.0,0.0,-0.0002640700950659585,0.0016877880311217015,-0.23466524613782072
280.36711939999805,0.0,0.0,0.0,-0.00014863917724286822,-0.0014716900320041221,-0.16592063199935192
280.4077021999983,0.0,0.0,0.0,5.597730074249341e-05,-0.0014219410904247405,-0.09648183348458325
280.46563120000064,0.0,0.0,0.0,1.5494562640047446e-07,-0.0003447191844031789,-0.028615662395957697
280.51378880000266,0.0,0.0,0.0,-0.00014847804152861208,-0.012065424625570118,0.01314706752951679
280.5653278999962,0.0,0.0,0.0,-4.035489961301383e-06,0.0006142999752618143,0.005452366576942258
280.6116478999975,0.0,0.0,0.0,1.9880408808523362e-05,0.0015536641203535407,0.0016874018513622037
280.6653871000017,0.0,0.0,0.0,7.008614323901101e-06,0.002168136385832178,0.0004535060406755025
280.7131412000017,0.0,0.0,0.0,3.4487886197316605e-06,0.0006879369641915557,0.00034463483299573957
280.7600231999968,0.0,0.0,0.0,1.3815800572506534e-05,0.00101253685823602,-9.838322258723824e-05
280.8142166999969,0.0,0.0,0.0,-1.5042162124703574e-05,-0.0016096569099968152,0.00011088538016732806
280.8642596999998,0.0,0.0,0.0,-3.1333711294788948e-06,0.00013253814536242603,0.00021296694745248336
280.90639640000154,0.0,0.0,0.0,1.6813948426408326e-06,-0.00013555509908941477,0.00038288189172074955
280.96327310000197,0.0,0.0,0.0,3.879664913094267e-06,0.000323138278895799,-4.311974648026142e-05
281.0133838999973,0.0,0.0,0.0,1.8556391694467935e-06,0.0011534151130794144,0.00021685815668717265
281.0632962000018,0.0,0.0,0.0,1.7054251867685455e-06,0.00017249501854131656,-0.00015490629353845896
281.1083110999971,0.0,0.0,0.0,-8.508904977920234e-06,-0.0015107218287305326,2.4941717912329167e-05
281.1587849999996,0.0,0.0,0.0,2.1070888643646057e-06,4.8090214908938425e-05,-7.513968955315485e-05
281.21788509999897,0.0,0.0,0.0,-6.315644019827535e-06,-0.00106734149868144,-0.00022393178208405243
281.2628055000023,0.0,0.0,0.0,1.0153103075001631e-05,0.0012789585899659435,-7.096744589750632e-05
281.31139560000156,0.0,0.0,0.0,-5.937019602915541e-06,-0.0005125046452146569,0.00022872010159772494
281.3619034000003,0.0,0.0,0.0,-7.910805728379172e-06,-0.0006601551430617046,0.00037310498585620464
281.41497259999596,0.0,0.0,0.0,1.131943400500368e-05,0.001770910734459688,0.0002122095651598662
281.45614589999605,0.0,0.0,0.0,2.0235959635717505e-06,0.0005369752236439434,-9.110535986254538e-05
281.51285749999806,0.0,0.0,0.0,-1.026206219865501e-06,-0.00023121238144503884,-0.00011989140669598717
281.555271600002,0.0,0.0,0.0,6.488899336228133e-06,-0.00016032888557273008,7.675571322481672e-05
281.60670329999994,0.0,0.0,0.0,-8.086238566587787e-06,-0.0018949511130733508,-2.0029585603420245e-05
281.6634346999999,0.0,0.0,0.0,2.6307859360945815e-06,0.0002982562788450101,-0.00019909681175364608
281.709142300002,0.0,0.0,0.0,6.7243936762504e-06,0.002280635668019604,-4.898732642712044e-06
281.76253700000234,0.0,0.0,0.0,-9.607903907628097e-06,-0.0017066263078410078,8.310433371905597e-06
281.8124214999989,0.0,0.0,0.0,-2.879309614460078e-06,-0.0007430613360557344,0.00014727056846053146
281.86784980000084,0.0,0.0,0.0,-4.547058163142858e-06,-0.0006958944562742817,3.7165266711945004e-05
281.90613909999956,0.0,0.0,0.0,4.335094407434108e-06,0.0015701813122638117,0.00019708669443948873
281.9603389999975,0.0,0.0,0.0,1.2835509829764807e-05,0.0007124555888561199,-8.777599013926828e-05
282.00548790000175,0.0,0.0,0.0,-1.038716823060411e-05,-0.0007629855542190215,0.0002921683464157547
282.05884890000016,0.0,0.0,0.0,2.829741947709218e-06,0.0005587154957965964,4.242491155779085e-05
282.11216330000025,0.0,0.0,0.0,-3.4212615704808906e-06,-0.000524446094057763,-0.00010096663492764187
282.1645611999993,0.0,0.0,0.0,2.640009891838295e-06,-0.0006705878097541297,-0.00019073060094750618
282.20683519999875,0.0,0.0,0.0,-4.433051631021208e-06,0.0002308301649090233,-0.0003102726224731164
282.2584321999966,0.0,0.0,0.0,6.944690343944945e-07,0.0001919572744443947,6.996582630350599e-05
282.3061710999973,0.0,0.0,0.0,1.9033394542485358e-05,0.0018542753329050293,-0.00019680295693028674
282.3571505,0.0,0.0,0.0,-3.236171279577805e-06,0.0001551533901401654,-0.0001651648129742535
282.40643550000095,0.0,0.0,0.0,-7.986574074705823e-07,-0.00121986825179261,5.052850510286263e-05
282.4642335000026,0.0,0.0,0.0,-1.6672140329996063e-05,-0.0015495724566532971,8.411648257244242e-06
282.5155031999966,0.0,0.0,0.0,4.911532148301772e-06,0.0003497396156958705,-0.00010054062738539644
282.5629905999958,0.0,0.0,0.0,2.1331848248815154e-06,0.0014927967429303613,-0.00019249194959105993
282.6074998999975,0.0,0.0,0.0,5.493760369984873e-06,-0.0007233540922924639,-9.86164995573592e-05
282.6594724999959,0.0,0.0,0.0,-8.339488569947834e-07,-0.00024531964101007637,-0.00015054513307031
282.7088554000002,0.0,0.0,0.0,-9.597092818048056e-06,-0.0006515601617586837,4.197079120355955e-05
282.7646852999969,0.0,0.0,0.0,-8.10170760901482e-06,-7.279247742198827e-05,0.00027271499411743563
282.8127405999985,0.0,0.0,0.0,3.4434326667886284e-06,-3.259296109729774e-05,5.534788002610507e-05
282.8620532999994,0.0,0.0,0.0,7.99901036676703e-06,0.0010968753725722328,-0.00010107790204365312
282.9152627000003,0.0,0.0,0.0,8.799074418798082e-06,0.0004752059522081464,-8.388311713604937e-06
282.96378189999814,0.0,0.0,0.0,-6.198265355474054e-06,-0.0006507987247390144,-0.00010793687918861295
283.01367010000104,0.0,0.0,0.0,3.092180801646681e-06,3.539451484681895e-05,-0.00023552510570580397
283.05844480000087,0.0,0.0,0.0,-1.3553516295415084e-05,-0.0012313243102679608,0.0001729809647557058
283.1167118000012,0.0,0.0,0.0,3.6776649913368067e-06,0.0012656826899476185,-7.283900536463667e-05
283.158471499999,0.0,0.0,0.0,6.846953820018474e-07,-0.00024210574895730947,2.085360099411166e-05
283.21394119999604,0.0,0.0,0.0,-2.8254020094298634e-06,-1.1763653910532091e-06,-0.00014989270838789505
283.25621339999634,0.0,0.0,0.0,8.06433302908687e-06,-0.00019193470568294567,-0.00017754934803426443
283.3071312999964,0.0,0.0,0.0,-1.0112883346263782e-05,-0.0007259436093496485,0.00018913079077756883
283.35848579999583,0.0,0.0,0.0,1.534247923736306e-06,0.0006830836451933246,-5.2221277867830914e-06
283.40642880000087,0.0,0.0,0.0,-1.0481531033372338e-05,-0.0008206024177160786,0.00014249961602967246
283.4557330000025,0.0,0.0,0.0,1.646592391183242e-05,0.0005030475345229251,-9.093170125163478e-05
283.51171339999564,0.0,0.0,0.0,-5.6887220552676755e-06,0.00034853945092567525,2.674224129377408e-05
283.5617990999963,0.0,0.0,0.0,-5.23242187857416e-07,0.0007564502870929811,0.00017154393635344096
283.61441580000246,0.0,0.0,0.0,2.4875479331309564e-06,0.00016580224716694202,-6.42757221621049e-05
283.6643754999968,0.0,0.0,0.0,-1.989282309218326e-06,-0.0003816454790498485,0.00021305788911565925
283.7134309999965,0.0,0.0,0.0,1.1725433762651213e-05,0.0007676466764605141,9.70541711925273e-06
283.76449480000156,0.0,0.0,0.0,-4.865811395480677e-06,-0.0013296953694120846,-0.00011689944736937892
283.8067929999961,0.0,0.0,0.0,-8.389073084308229e-06,8.351024150868766e-05,9.028061033529012e-07
283.86545430000115,0.0,0.0,0.0,-2.876972139328101e-08,-0.0001314169276531662,0.0004599047243367946
283.9130092999985,0.0,0.0,0.0,9.379982517594377e-06,0.00011557259766364897,-8.129019335209326e-05
283.9624620999966,0.0,0.0,0.0,-1.6774200680916646e-06,0.0009653609723608868,-3.218492388324782e-05
284.005891599998,0.0,0.0,0.0,2.262785740497563e-07,-0.0009846338997395437,-6.441827376032255e-05
284.0564302999992,0.0,0.0,0.0,-9.781150929978923e-06,0.00013009252866184913,0.00010187933331345063
284.1109107000011,0.0,0.0,0.0,1.0196915402937029e-05,0.00010727170665449109,-0.0001847530195227609
284.1575881000026,0.0,0.0,0.0,3.0316968591528563e-06,0.000559296745314308,-0.00012442940877318984
284.2074014999962,0.0,0.0,0.0,-5.566611454604357e-06,-0.0014702423372547218,-5.428362019918427e-05
284.2655317999961,0.0,0.0,0.0,-5.1299622777122085e-06,0.0006514065235294305,9.782013746618497e-05
284.3060489999989,0.0,0.0,0.0,1.8243066372835378e-07,-0.00018452824743913805,-5.80908118090876e-05
284.35487119999743,0.0,0.0,0.0,8.081852599002435e-06,0.0013735446418879714,-0.00020667369553340137
284.4116198999982,0.0,0.0,0.0,1.639173605513466e-05,0.0006749276922297541,-1.5937459371229623e-05
284.461994199999,0.0,0.0,0.0,-1.5641650749844488e-05,-0.0009318443954356026,1.4199302924233543e-05
284.5070590999967,0.0,0.0,0.0,-5.474389993031398e-06,-0.0007777086418446558,-5.69690003298089e-05
284.5655273000011,0.0,0.0,0.0,3.4030427586099287e-06,0.0009141446356770419,0.00024529969801980107
284.6164415000021,0.0,0.0,0.0,2.081568631146657e-06,-0.0006606784522339638,0.00032278327498298044
284.6556397000022,0.0,0.0,0.0,-1.0615620817242819e-05,-0.0005777941955979461,-7.539715434737082e-05
284.7147569000008,0.0,0.0,0.0,5.8395285021847066e-06,0.000556430747486097,0.00023864343892497105
284.7641936,0.0,0.0,0.0,-3.023243563878412e-06,0.00012226223248444152,-0.0001919815412005964
284.80704649999825,0.0,0.0,0.0,1.6418779738346895e-06,-0.0003843623716197539,-0.00021985931665306264
284.86411229999794,0.0,0.0,0.0,-3.607784683234658e-06,-0.0004689706665589196,-0.00029579312190132923
284.9131427999964,0.0,0.0,0.0,-2.4940578466399153e-06,0.00033755880465100144,-0.00014242881815803543
284.958921999998,0.0,0.0,0.0,8.051577465883156e-06,0.0004949182414859953,-0.00017325063220917467
285.01345249999576,0.0,0.0,0.0,1.3952796579805832e-06,0.0005027860382794014,-0.00021556624225281727
285.05934349999734,0.0,0.0,0.0,-1.441526484923099e-06,3.125593214120393e-05,-8.476311800790546e-05
285.10679739999614,0.0,0.0,0.0,2.4801288901965453e-06,-0.0009385984814324127,0.0002768133364788046
285.1657215000014,0.0,0.0,0.0,-3.561267420955702e-06,0.00011932166043027723,-0.00011855844068624483
285.20542320000095,0.0,0.0,0.0,-3.861204082438835e-06,-0.0002422922732581246,-1.4819663610209044e-05
285.2650133999996,0.0,0.0,0.0,8.254546896389746e-06,0.0013832228297150058,-0.00018575874800335092
285.3060802999971,0.0,0.0,0.0,-4.209027897844027e-06,-0.0008538252615954151,-3.21951510545843e-05
285.3549722000025,0.0,0.0,0.0,-4.098583221368139e-06,-0.0001657748585585891,-9.337335104078241e-05
285.4149008999957,0.0,0.0,0.0,-9.247537293435356e-06,-0.0015205203660507089,2.725640086420844e-06
285.4653704000011,0.0,0.0,0.0,4.5586089860404975e-06,0.00022812017389101767,-0.00022052906928981945
285.511579500002,0.0,0.0,0.0,1.512854393890223e-06,0.000550365185326913,2.6761200660184574e-05
285.5576050000018,0.0,0.0,0.0,4.724887815996232e-06,0.0011300707416072996,0.0002643491557336421
285.61168899999757,0.0,0.0,0.0,-4.256366915696992e-06,-0.00043841769988353966,0.00017451608967515033
285.6624595999965,0.0,0.0,0.0,6.401226679745632e-06,0.0005067513339229933,0.00013820758791842981
285.70750450000196,0.0,0.0,0.0,1.8346178733288715e-06,0.00015573405895440964,-0.00030446536413716635
285.75998940000136,0.0,0.0,0.0,-2.967555071476143e-06,2.2837603923636392e-05,0.0002107811667710225
285.80563619999884,0.0,0.0,0.0,8.31150564651227e-06,0.0008911341996937275,-0.00017373920088743663
285.8624150999967,0.0,0.0,0.0,-2.4786451461510073e-06,-0.001316152704046569,0.00040278958529863245
285.91568030000053,0.0,0.0,0.0,5.515910295511778e-06,-0.0003445591014258131,-0.00039379798515947866
285.962160199997,0.0,0.0,0.0,-1.1119287666357995e-05,9.914263810353642e-05,7.770943632365963e-05
286.0139433000004,0.0,0.0,0.0,-5.47360054226955e-07,-0.0003502701414574143,-0.00014533427009870553
286.0608210999999,0.0,0.0,0.0,4.82074279752569e-06,0.000950402004746456,-0.00017981519587849414
286.1165041999993,0.0,0.0,0.0,-7.758135140502968e-06,-0.0012096246692598395,4.046151420095501e-05
286.1634161999973,0.0,0.0,0.0,-4.3393072858113667e-07,3.26143238312746e-06,-0.00012983866449281333
286.2125335000019,0.0,0.0,0.0,1.784608781406312e-05,0.0014161811275881467,-0.000263226835885102
286.26178580000123,0.0,0.0,0.0,-3.820832221818307e-06,0.0004517795490221988,-0.00023987852434741448
286.30728269999963,0.0,0.0,0.0,3.77879884760883e-06,-0.0002973189707322974,-0.0003117371667511322
286.36457710000104,0.0,0.0,0.0,-6.742497326677064e-06,-0.0006667726498576952,-2.1494255881844337e-05
286.4066049999965,0.0,0.0,0.0,-5.111447162916533e-06,-0.0004908816707037121,0.0002733274020572028
286.4570489999969,0.0,0.0,0.0,-2.0227990600759178e-06,-0.0008184781914490356,-0.00016209166814118813
286.5060392000014,0.0,0.0,0.0,9.423137545646965e-06,0.0016843486112302903,0.00011129579597874498
286.56618570000137,0.0,0.0,0.0,-5.403651150781895e-06,-0.00047991967355291953,0.00012286667977360168
286.606855500002,0.0,0.0,0.0,-1.8235007145108719e-06,-0.0003307668927095332,3.8819606658525914e-05
286.65581609999936,0.0,0.0,0.0,3.1692168064932216e-06,0.0004261306592911176,-0.00018066270392893717
286.7112760000018,0.0,0.0,0.0,-1.233361430279242e-06,0.0003119641146339299,0.00012871968465310918
286.76075480000145,0.0,0.0,0.0,-2.8241967758097786e-06,-0.0001808086716505459,0.00011648451950965007
286.81319149999763,0.0,0.0,0.0,1.382792552308769e-06,-0.00031081448342719776,-8.647733294973827e-05
286.86332499999844,0.0,0.0,0.0,8.420185976594844e-07,-0.00013064738570665237,-0.00014315009358427212
286.90812220000225,0.0,0.0,0.0,-5.005992773725472e-07,5.113697349187263e-05,-0.0001407340991932727
286.96546639999724,0.0,0.0,0.0,-2.827264720965936e-06,-0.0005073339482157017,0.000185629088521344
287.0158173000018,0.0,0.0,0.0,4.619905976945233e-06,0.000945005206511706,-8.274682486474449e-05
287.0579840999999,0.0,0.0,0.0,-6.040229499497508e-06,-0.0013854323995122078,5.909375987812192e-05
287.10694440000225,0.0,0.0,0.0,6.597374035681391e-06,0.0008062582340164627,-0.00012337053014958827
287.16392839999753,0.0,0.0,0.0,-1.7716481938001257e-06,0.000842668944768955,-2.781389805612864e-05
287.2134223999965,0.0,0.0,0.0,-7.121601479438493e-07,-0.00033855913651799195,-0.0002053776179744442
287.26273930000025,0.0,0.0,0.0,5.302925660772996e-06,0.0010836971791976107,0.00017619711448054913
287.3113295000003,0.0,0.0,0.0,-1.8801012559879246e-06,-0.0005236306284148891,3.852824580890956e-05
287.36203479999676,0.0,0.0,0.0,1.5901322583972734e-06,0.0005810404573487339,0.0001038131634959747
287.41238809999777,0.0,0.0,0.0,-7.481973813773854e-06,-0.0018455950727980213,0.00038130001222133717
287.46442039999965,0.0,0.0,0.0,-1.1225615073567648e-05,-0.001199254859494032,-3.221032040162556e-05
287.5160715999955,0.0,0.0,0.0,1.230474843429404e-05,0.0017557362469904007,9.961871221081332e-05
287.5588779000027,0.0,0.0,0.0,1.4543826710348022e-05,0.0009730124776360608,-0.00015340702742862485
287.6123305000001,0.0,0.0,0.0,-1.0907429615328329e-05,-0.000685100031599726,-7.421445365646452e-05
287.66399719999754,0.0,0.0,0.0,8.250269073818696e-06,0.0009700551477134636,2.9320360742257054e-05
287.7106558000014,0.0,0.0,0.0,-0.000459518854964573,-0.0012899745345326778,-0.11384026293740337
287.7629839000001,0.0,0.0,0.0,-0.0005877287804442777,-0.004383647984356361,-0.29142632177329136
287.80857300000207,0.0,0.0,0.0,-0.0007451318344926764,-0.001105217222898092,-0.4473015354481081
287.8566734999986,0.0,0.0,0.0,-0.0010384106076968638,-0.0006967465107736746,-0.582691892812857
287.90992169999663,0.0,0.0,0.0,-0.0009189811965924225,0.0036890638435373947,-0.699610513155332
287.95717680000234,0.0,0.0,0.0,-0.0017537644339240945,-0.007445276667178447,-0.8193203626706903
288.01757550000184,0.0,0.0,0.0,-0.0009450508874422799,-0.0002482978249031147,-0.9837380588589105
288.0630394999971,0.0,0.0,0.0,-0.0027007587444656915,0.00439339621680332,-1.242523767891662
288.1122194999989,0.0,0.0,0.0,-0.0023891630438299897,-5.953334325271448e-05,-1.520624916156168
288.165971800001,0.0,0.0,0.0,-0.0028888364787522346,-0.0020102628522090395,-1.604799583394123
288.20681180000247,0.0,0.0,0.0,-0.0027282671401187212,-0.0011679626325017854,-1.5634973076429457
288.2604122999983,0.0,0.0,0.0,-0.0028082573595113796,-0.000859896991417752,-1.470514790937094
288.3077721000009,0.0,0.0,0.0,-0.002876223613100392,-0.003970976579225583,-1.3703585994757106
288.36183080000046,0.0,0.0,0.0,-0.003362290437081516,-0.004293214771836292,-1.3645840261280204
288.4165509000013,0.0,0.0,0.0,-0.002991564345969897,0.0008556874776938512,-1.3619119838279192
288.46972619999724,0.0,0.0,0.0,-0.0033958874856708766,0.004821959707141615,-1.2951092892980256
288.5167481999961,0.0,0.0,0.0,-0.0024748986088478876,0.0005828861933062321,-1.1964089117627916
288.56685289999587,0.0,0.0,0.0,-0.00215352532973497,0.0005931134488243782,-1.0952289683194654
288.61209589999635,0.0,0.0,0.0,-0.0019199654850918096,0.0010106640704390809,-0.9931234883948731
288.6592918000024,0.0,0.0,0.0,-0.0017409875684474213,0.001541872060462449,-0.9128491064870636
288.7127113000024,0.0,0.0,0.0,-0.0018695212878657537,-0.005083070850621664,-0.836505041846569
288.76372529999935,0.0,0.0,0.0,-0.0018928187729569132,-0.0014580589617490133,-0.7735978623273936
288.8153097999966,0.0,0.0,0.0,-0.0016478551122974165,0.00017740702793936724,-0.7110571607758807
288.8595437999975,0.0,0.0,0.0,-0.0014813522866538656,0.00010884398454415707,-0.6561010296822456
288.9202057000002,0.0,0.0,0.0,-0.0013695090604485959,-0.007906009425372297,-0.6582891350596463
288.96081609999965,0.0,0.0,0.0,-0.0015862126038232829,0.0023290119781276585,-0.6592098573702067
289.0159201999995,0.0,0.0,0.0,-0.0020107600624897338,0.0006351596777436052,-0.6636751543755924
289.05918640000164,0.0,0.0,0.0,-0.0021391893646230814,0.0038122368253692557,-0.6955268622400536
289.1133953999961,0.0,0.0,0.0,-0.001954845135068854,-0.0024868325312226484,-0.7446747715076167
289.1585769000012,0.0,0.0,0.0,-0.0015185041466183335,0.0030741667088706745,-0.7567346060788365
289.2151670000021,0.0,0.0,0.0,-0.0021543854252947265,-4.006199041564385e-05,-0.7348237894432017
289.26473709999846,0.0,0.0,0.0,-0.0011185854820167636,0.007703898678600093,-0.6232478262804172
289.30864859999565,0.0,0.0,0.0,-0.0008897627565625189,-0.0006176589237559608,-0.45336125482115197
289.36388140000054,0.0,0.0,0.0,-0.00045123625806639897,0.003212940275156037,-0.2994658469886442
289.40657980000105,0.0,0.0,0.0,-1.8904145827396342e-05,0.011638913243467795,-0.1748905570917828
289.4588369999983,0.0,0.0,0.0,-0.00018251862140355782,-0.006332220521863514,-0.13942173612659348
289.51531539999996,0.0,0.0,0.0,-0.00020983662928973382,0.0022677938852335754,-0.1375169543069724
289.5629314999969,0.0,0.0,0.0,-0.0001797628536786817,-0.002343670684481379,-0.13442641925474255
289.6110058999984,0.0,0.0,0.0,-0.0001614704691717813,0.0019807103440163823,-0.12391331432945349
289.66261710000254,0.0,0.0,0.0,-0.0001650651967806057,0.0008585669201128359,-0.11319515550927543
289.71597720000136,0.0,0.0,0.0,-0.0001963912180770997,-0.0020520924142845096,-0.10662626806532527
289.7591001999972,0.0,0.0,0.0,-9.829837882676713e-05,0.0034119432730514926,-0.1020497262922472
289.80994729999657,0.0,0.0,0.0,-0.0001474401058393606,-0.002002425542660968,-0.09581690540311667
289.8621423000004,0.0,0.0,0.0,-0.0001517985293028746,0.0001470929440358044,-0.08972822688599842
289.9086901999981,0.0,0.0,0.0,-0.00010919581645891258,0.0009908670637882586,-0.08449109613712333
289.9720157999982,0.0,0.0,0.0,-0.00011061009885454234,-0.0008496162716212988,-0.08015537914054433
290.01540089999617,0.0,0.0,0.0,-7.663743532490555e-05,-0.0013183866235270394,-0.0762684247296551
290.06467890000204,0.0,0.0,0.0,-8.883570627703688e-05,0.0009247300374311839,-0.07196976230325292
290.10665380000137,0.0,0.0,0.0,-5.112646150422144e-05,0.0011763373922347921,-0.06816379388864618
290.15895119999914,0.0,0.0,0.0,-8.03829508730334e-05,0.00011819643040441326,-0.0644713732240047
290.20595270000194,0.0,0.0,0.0,-0.00015013973694046122,-0.0011889727892722508,-0.06078075302790312
290.25749540000106,0.0,0.0,0.0,-2.817825043814233e-05,-0.00023991176570913226,-0.05810238216209778
290.31519509999634,0.0,0.0,0.0,-0.0001444462937930211,-0.0006934300719287478,-0.05640455452715688
290.3650789999956,0.0,0.0,0.0,-0.00015133049437819943,-0.003546929784375905,-0.053435825432798956
290.4149716999964,0.0,0.0,0.0,-5.102431192657775e-05,0.0010487350861411557,-0.051333273479253566
290.45698889999767,0.0,0.0,0.0,-7.029471079932698e-05,0.0024130892609911395,-0.04883906097457913
290.5148150000023,0.0,0.0,0.0,-5.441401493828042e-05,0.0015586109442951809,-0.047378421351559494
290.5640851999997,0.0,0.0,0.0,-2.0984139540072176e-05,-0.0024431288631787335,-0.045971799809556194
290.60692669999844,0.0,0.0,0.0,-0.00021392981859268557,-0.006846548357207447,-0.04533154764106566
290.6629069999981,0.0,0.0,0.0,-4.1498656931913986e-05,0.004411432968080044,-0.04438530423939921
290.70691929999884,0.0,0.0,0.0,-8.852428097268317e-05,-0.0005065335665988499,-0.04343204442339629
290.76635220000026,0.0,0.0,0.0,3.422083618597824e-05,0.004280644277578413,-0.041853325522335935
290.8068607000023,0.0,0.0,0.0,-0.00011613234768926547,-0.007100737199704925,-0.04102279680390972
290.8636442999996,0.0,0.0,0.0,-6.215937025460811e-05,0.008095279052149379,-0.041566218239684476
290.90832869999576,0.0,0.0,0.0,-6.0280926336399635e-05,-0.003587486425517531,-0.041994100973713394
290.95987869999954,0.0,0.0,0.0,-0.00012982319828798214,-0.0006389104692314066,-0.042363152665235194
291.006713099996,0.0,0.0,0.0,5.494637297015308e-05,0.002749805066984887,-0.0431959901379112
291.0643956999993,0.0,0.0,0.0,-0.00012421628947696163,0.001392326778081155,-0.04475389515684053
291.114582299997,0.0,0.0,0.0,1.3984498210976215e-05,0.0031536509047477004,-0.046492287932597326
291.15662039999734,0.0,0.0,0.0,-7.026486063229041e-05,-0.0055881567080288234,-0.04904838274866602
291.21478059999936,0.0,0.0,0.0,-3.544193027666909e-05,0.0029768208971022244,-0.05482519512264416
291.26536040000065,0.0,0.0,0.0,-0.00012602545817776584,-0.000780641623163922,-0.0620080827526142
291.30554380000103,0.0,0.0,0.0,9.967865619951533e-05,-0.0022924644077755353,-0.07386180040374299
291.36555470000167,0.0,0.0,0.0,-0.00022513084764667714,0.002536487993647602,-0.09416625609790974
291.4145248999994,0.0,0.0,0.0,-7.794328145700334e-05,0.007194590172637957,-0.08882110708663976
291.4670498999985,0.0,0.0,0.0,0.00021106227927491033,0.0013492600768804475,-0.07438183827147658
291.5137625999996,0.0,0.0,0.0,-0.00020234132158389393,0.0001446054899681622,-0.059217107103281895
291.5625560999979,0.0,0.0,0.0,-3.433062584107171e-05,7.912373312863542e-05,-0.04125240947207704
291.6137729999973,0.0,0.0,0.0,-2.2580870994780586e-05,0.00037643941577937556,-0.020684202660649798
291.6595856999993,0.0,0.0,0.0,-8.54241873808661e-05,-0.0005813220568468124,0.0011292169295565254
291.7135761000027,0.0,0.0,0.0,1.8358182052301026e-05,0.0005682265897231908,0.023484182466443595
291.75692459999846,0.0,0.0,0.0,4.9374854836599624e-05,-0.0006162841022822098,0.04218581669248222
291.8056921000025,0.0,0.0,0.0,-0.0006058324428371833,-0.01241500627477081,-0.0555297212731331
291.8588865999991,0.0,0.0,0.0,-0.00039361521703726624,-0.001138919405545703,-0.21364023507882113
291.91728839999996,0.0,0.0,0.0,-0.0004024213931439529,0.002267761320080443,-0.36623871705157807
291.9617577999961,0.0,0.0,0.0,-0.000833582336813612,-0.0025646152119042703,-0.5311610922262083
292.0129472999979,0.0,0.0,0.0,-0.0013080692144877065,-0.001724404691468393,-0.7228567272251158
292.06452210000134,0.0,0.0,0.0,-0.0017263624378379915,0.0018457929056136784,-0.9507116832509215
292.1155968999956,0.0,0.0,0.0,-0.0017649640890065892,0.0029327184762501543,-1.211417847234811
292.1619946999999,0.0,0.0,0.0,-0.002291974150950387,0.001839990742116323,-1.491563545393855
292.2144313000026,0.0,0.0,0.0,-0.002595333755230073,2.6717603899137984e-05,-1.7346964106250071
292.26244869999937,0.0,0.0,0.0,-0.0032351638319704705,-0.005155555132558685,-1.863220901944711
292.31454069999745,0.0,0.0,0.0,-0.003960085711173378,-0.0006920658570351286,-1.858647943347767
292.3643080999973,0.0,0.0,0.0,-0.0038271061877361116,-0.003799376392065919,-1.866338694206728
292.41100749999896,0.0,0.0,0.0,-0.004012221669641811,-0.0019870393393043102,-1.8828335752959284
292.4595207999955,0.0,0.0,0.0,-0.00396215687408789,0.0020282519571363116,-1.8821092734215226
292.509928200001,0.0,0.0,0.0,-0.003684783276969583,0.0015717754369426683,-1.8805410708841561
292.5640996000002,0.0,0.0,0.0,-0.003520026904942652,7.716127342251078e-05,-1.882429547550815
292.61370149999857,0.0,0.0,0.0,-0.0033129834485094182,0.004392399854394723,-1.882826365757235
292.6622667999982,0.0,0.0,0.0,-0.0034546534943418116,-0.0017006140188900987,-1.8824301010477582
292.7157259000014,0.0,0.0,0.0,-0.0035468606865851474,-0.0005606368424492809,-1.8820570892165747
292.7589841000008,0.0,0.0,0.0,-0.003537820858029079,-0.0008399684144977528,-1.8819906716696906
292.8120498999997,0.0,0.0,0.0,-0.0038037695885000493,0.0014651106898145095,-1.8819924475972556
292.86335519999557,0.0,0.0,0.0,-0.0037744643800319707,0.0006670072168092074,-1.8815188726928203
292.90526169999794,0.0,0.0,0.0,-0.0032630622788922224,0.0006224474935639944,-1.881835910655294
292.9638791999969,0.0,0.0,0.0,-0.0036971313860434175,-0.0004323350494971428,-1.8820361438274726
293.00587919999816,0.0,0.0,0.0,-0.0035714593410921844,-0.0002385017021324912,-1.7782580601064493
293.0633020999958,0.0,0.0,0.0,-0.003446135488571188,-0.000751379129037677,-1.6523743803881237
293.1109348999962,0.0,0.0,0.0,-0.003604702124840385,0.001325340776963945,-1.5371137855914134
293.1571081000002,0.0,0.0,0.0,-0.0029449290316708523,-5.8135542457820204e-05,-1.429726506135875
293.2127612999975,0.0,0.0,0.0,-0.0027388156672722955,-0.0015561315659033076,-1.332568024107883
293.2649703999996,0.0,0.0,0.0,-0.0024006115675004646,0.0013162394929886803,-1.2416664395339774
293.3137014000022,0.0,0.0,0.0,-0.0024003510551421497,-0.0020273928836365787,-1.1566930577985066
293.357273499998,0.0,0.0,0.0,-0.00217528779509612,0.0032464774946574706,-1.106248429923253
293.41481249999924,0.0,0.0,0.0,-0.0022012752718322077,-0.0005978972014457658,-1.055613683260243
293.45885519999865,0.0,0.0,0.0,-0.0020299445907223912,-0.001266513888139155,-0.9811815719209704
293.51096079999843,0.0,0.0,0.0,-0.0018456113195379404,0.0012917256486074734,-0.9082676201165021
293.5566439999966,0.0,0.0,0.0,-0.0019921416974352244,-0.004729484839839007,-0.8492539480640069
293.6168059999982,0.0,0.0,0.0,-0.0008517627939261001,0.0010368613531286188,-0.8015368372687584
293.6563696000012,0.0,0.0,0.0,-0.0028286195718170305,-0.0016605383997050395,-0.7783412063541724
293.70557089999784,0.0,0.0,0.0,-0.0017407562388699798,-0.0006310708289035431,-0.7207003609893926
293.764231299996,0.0,0.0,0.0,-0.0022146890502145623,-0.00898777743232086,-0.7238196635831063
293.8174024999971,0.0,0.0,0.0,-0.0018529128715862604,0.003964084910904272,-0.7259462310853813
293.86485600000015,0.0,0.0,0.0,-0.0018778380367955286,0.0012349850378298827,-0.7350431909006432
293.9133717000004,0.0,0.0,0.0,-0.0018505387535253824,0.0017523017125605077,-0.76004939384142
293.9636404999983,0.0,0.0,0.0,-0.0017314532602778839,0.00434891501774935,-0.7977167917066272
294.01619019999634,0.0,0.0,0.0,-0.0021337077252446468,-0.0037885250089535,-0.8293568086727952
294.0637731999959,0.0,0.0,0.0,-0.002146738640143942,0.0035387155788113253,-0.8186062714498815
294.1122907999961,0.0,0.0,0.0,-0.0016573525382312499,0.005047217066538454,-0.7340248369413199
294.1569948999968,0.0,0.0,0.0,-0.0012625023328209375,0.0013167139623731104,-0.5708795877056558
294.2127620999963,0.0,0.0,0.0,-0.0006740112763965288,-8.62800381712526e-05,-0.3920165120632254
294.2583577999976,0.0,0.0,0.0,0.00039830655167966914,0.016317042933843708,-0.27748238374728956
294.3068359999961,0.0,0.0,0.0,3.4641506981374006e-05,0.0022996138609537456,-0.2163222961102587
294.3637260999967,0.0,0.0,0.0,-0.0001261137631006284,0.0007168614143803463,-0.14466750769332046
294.40829929999745,0.0,0.0,0.0,0.00022833365868025232,0.0019828496360183357,-0.07274217741812095
294.46291180000117,0.0,0.0,0.0,-8.362096066248946e-05,-0.0008653229255340227,-0.005752398746399534
294.505788399998,0.0,0.0,0.0,3.374517830685131e-05,-0.00023982718683839417,0.05175969117600358
294.56359019999945,0.0,0.0,0.0,-6.340178540764785e-05,-0.0012725084752590184,0.07039372270559367
294.6061403999993,0.0,0.0,0.0,-3.699860575971315e-06,-0.00036183193883989164,0.07436594637957107
294.6631406000015,0.0,0.0,0.0,-1.7694560406039205e-05,-0.009799846031964956,0.03596392010754644
294.71217030000116,0.0,0.0,0.0,-1.793122910083508e-05,-0.004942864314894152,0.0004743443452649382
294.75861520000035,0.0,0.0,0.0,2.1251276475026545e-05,8.847637300987077e-07,0.00015597421819571873
294.8137324999989,0.0,0.0,0.0,8.390969298064665e-06,-0.00021052762539831897,2.8241058989062285e-05
294.8609271999958,0.0,0.0,0.0,3.919454428205252e-06,-4.758733139124314e-05,-2.2967998517687678e-05
294.9155649999957,0.0,0.0,0.0,3.7425470609740152e-06,0.0002007688310588007,-4.813582267930163e-05
294.9649664000026,0.0,0.0,0.0,9.501096999277986e-07,5.282308974251864e-05,-4.6668700132003474e-05
295.0127993999995,0.0,0.0,0.0,-1.5782907917429338e-06,-0.00018087279789625156,-4.800218384195581e-05
295.060730600002,0.0,0.0,0.0,2.4740451006462396e-06,0.0003152906377546747,-5.667584415218528e-05
295.1146260000023,0.0,0.0,0.0,-1.8459749592593955e-06,-0.0002154067367757801,-5.0433626962410614e-05
295.1598293999996,0.0,0.0,0.0,-6.898780267330033e-07,-0.0001107347616012816,-5.025606086750769e-05
295.2143530999965,0.0,0.0,0.0,-1.3105871066376026e-06,-0.00014446392111783902,-5.0843420714638245e-05
295.2642876999962,0.0,0.0,0.0,3.7751347765918867e-06,0.0005021530113052553,-5.639011385570911e-05
295.31018709999626,0.0,0.0,0.0,-2.165251004620225e-06,-0.0002848635638499352,-4.940306062378549e-05
295.36261979999836,0.0,0.0,0.0,4.658484929897139e-07,1.8686205458499952e-05,-6.18355015601711e-05
295.4115047000014,0.0,0.0,0.0,-5.915875913752139e-07,8.127529711526216e-05,-5.105692333934895e-05
295.4577386000019,0.0,0.0,0.0,9.146879239486375e-07,0.00011812313566045614,-5.089744591285593e-05
295.51966679999896,0.0,0.0,0.0,-1.125045071196135e-06,-0.0001445453789619365,-5.2678479982561204e-05
295.5632830999966,0.0,0.0,0.0,-9.560853235901085e-08,4.1320926213691787e-05,-5.053733367924583e-05
295.6133809000021,0.0,0.0,0.0,1.544201350352186e-06,0.00018499732854524603,-5.391006604243555e-05
295.6616847999976,0.0,0.0,0.0,-1.716190731106753e-06,-0.0002520533859188993,-5.207239998457461e-05
295.71025859999645,0.0,0.0,0.0,-3.5034463507534737e-07,-1.8742921838205265e-05,-5.2957852469423395e-05
295.760941499997,0.0,0.0,0.0,-4.5169836632412865e-07,1.8185994447220198e-05,-5.3164964254937e-05
295.8127583000023,0.0,0.0,0.0,1.212827411707671e-06,9.450675703639801e-05,-5.089184430680958e-05
295.86432120000245,0.0,0.0,0.0,-2.392922929568748e-07,1.7510085913650753e-05,-5.962165039250742e-05
295.91549819999636,0.0,0.0,0.0,7.059434295746193e-08,-3.19672817683602e-05,-5.2869808824456065e-05
295.9634479000015,0.0,0.0,0.0,-2.2141297842339803e-06,-0.00021408960507532878,-5.105116556220204e-05
296.0106789999991,0.0,0.0,0.0,2.7638618298134814e-06,0.00036747690064114656,-5.627966625619168e-05
296.06185829999595,0.0,0.0,0.0,-1.9498196028833166e-06,-0.0002280355483203253,-5.3062130124094017e-05
296.11450440000044,0.0,0.0,0.0,-3.79990654674625e-06,-0.0005883970242417022,-5.953387665131366e-05
296.1626075999957,0.0,0.0,0.0,3.5631699416605935e-06,0.0006327976456563941,-5.613228861372276e-05
296.21411459999945,0.0,0.0,0.0,1.3096252967836687e-06,0.00014185022249550483,-5.588777813729102e-05
296.2643390000012,0.0,0.0,0.0,-2.7974022697675437e-06,-0.0004090991080473715,-5.796993787900063e-05
296.3059749000022,0.0,0.0,0.0,-3.5761810908914395e-06,-0.00032859269986003386,-4.877244708218709e-05
296.36523950000264,0.0,0.0,0.0,4.794126101627026e-06,0.0005660802681307805,-5.98370505237851e-05
296.40743819999625,0.0,0.0,0.0,8.612447360687946e-07,0.00015168879707131973,-5.2463914107763756e-05
296.4612030999997,0.0,0.0,0.0,-4.51875195498775e-06,-0.0005444257917206553,-4.429768299947064e-05
296.50746190000064,0.0,0.0,0.0,9.714295027540768e-07,4.96982765227039e-05,-6.218175386712231e-05
296.55765170000086,0.0,0.0,0.0,1.2448080970085772e-06,0.00029485666054425885,-4.838968865857339e-05
296.6143327999962,0.0,0.0,0.0,-5.998108631849057e-07,-0.00014424733626378615,-5.86817676439227e-05
296.66483799999696,0.0,0.0,0.0,4.3321110105859633e-07,0.00011638017186914924,-5.4331561818089486e-05
296.7069905000026,0.0,0.0,0.0,-3.774018377813068e-07,2.809413799484844e-05,-5.038990263161371e-05
296.7580031999969,0.0,0.0,0.0,-1.7514879054483737e-06,-0.0003743958821551894,-5.844548477595478e-05
296.8180747000006,0.0,0.0,0.0,-9.04072222464334e-07,-1.851323403127085e-05,-5.867551493896117e-05
296.86015220000263,0.0,0.0,0.0,2.7444299812028633e-06,0.00039614228224022847,-5.8603982723695505e-05
296.9131234000015,0.0,0.0,0.0,-1.5824432646593602e-06,-0.00016158386629022066,-5.679262112593133e-05
296.9659554999962,0.0,0.0,0.0,8.660615622618903e-07,9.914931185320428e-05,-5.265273128904999e-05
297.01415180000186,0.0,0.0,0.0,-9.705859521856573e-07,-0.00014886976532521934,-5.6376817312707656e-05
297.06045939999603,0.0,0.0,0.0,3.603684050655155e-07,9.548595805508757e-05,-5.729207546209585e-05
297.1167165000006,0.0,0.0,0.0,-2.689685058857807e-07,-4.136398181735067e-05,-4.893358712352468e-05
297.16381839999667,0.0,0.0,0.0,7.922742246678483e-07,0.00020331975950457922,-6.017576004596309e-05
297.21424889999616,0.0,0.0,0.0,-5.059396004856766e-07,-0.00019284324655355738,-5.866363067694311e-05
297.2644011000011,0.0,0.0,0.0,2.188145895190055e-07,0.00017907729172628298,-5.8761850380503104e-05
297.3130850000016,0.0,0.0,0.0,-1.1249150372794021e-06,-0.00010354288462925507,-4.85563191420878e-05
297.3654142000014,0.0,0.0,0.0,5.155766721162277e-07,-9.502607367614922e-06,-5.942800379086805e-05
297.41288370000257,0.0,0.0,0.0,-3.978750557824518e-06,-0.0003999519393728476,-4.314893040087677e-05
297.461212299997,0.0,0.0,0.0,3.791072209617926e-06,0.0004409662764279649,-6.671876147806061e-05
297.5139684999958,0.0,0.0,0.0,-9.576364307262085e-07,7.456054495193795e-06,-4.269269129553711e-05
297.5648693999974,0.0,0.0,0.0,-2.191504597601936e-06,-0.00035171666461137534,-4.7723676939655003e-05
297.6078048999989,0.0,0.0,0.0,-3.548848959215203e-07,-7.785233765107093e-05,-6.729159050215931e-05
297.665911899996,0.0,0.0,0.0,6.061653826262825e-07,0.00026783802940076205,-3.896529638017366e-05
297.7138827000017,0.0,0.0,0.0,-2.5795298397230756e-06,-0.0004030566905561186,-4.525832377890401e-05
297.7626170000003,0.0,0.0,0.0,1.167891655590838e-06,0.0001060514805208695,-5.230392763693384e-05
297.8111226999972,0.0,0.0,0.0,3.188323585315501e-06,0.0003514467915984463,-5.9684382465848285e-05
297.8641916999986,0.0,0.0,0.0,-4.989014894308117e-06,-0.0005252777242396873,-4.5036687830063774e-05
297.91277329999866,0.0,0.0,0.0,3.900466751096827e-06,0.000475241014536379,-5.9969229589026896e-05
297.9640670000008,0.0,0.0,0.0,2.819122217680486e-06,0.00041494781888076526,-5.828837410545267e-05
298.0156633000006,0.0,0.0,0.0,2.944497560698446e-07,6.474403018353619e-05,-5.160613100166834e-05
298.0653714,0.0,0.0,0.0,-1.8678384702040186e-07,-4.581811903857136e-06,-5.2091983619870903e-05
298.10972870000114,0.0,0.0,0.0,-1.477249396996273e-07,-1.5634180995526706e-07,-5.1825025507938385e-05
298.15678379999736,0.0,0.0,0.0,-1.3310377848312275e-07,9.336680822240263e-08,-5.170440821289153e-05
298.2076199000003,0.0,0.0,0.0,-1.274671086652418e-07,5.888916555463105e-08,-5.165944059635844e-05
298.26151910000044,0.0,0.0,0.0,-1.2509139925538198e-07,6.271689350031339e-08,-5.164030231146637e-05
298.3149082000018,0.0,0.0,0.0,-1.2406725424735283e-07,5.8888304948089135e-08,-5.163127582729393e-05
298.3603523999991,0.0,0.0,0.0,-1.2362702757997965e-07,5.7267316862305574e-08,-5.16261394131286e-05
298.4091552999962,0.0,0.0,0.0,-1.2356829239970716e-07,6.183629401256226e-08,-5.1622589935331706e-05
298.45668529999966,0.0,0.0,0.0,-1.234446751262316e-07,5.7152289623734486e-08,-5.1619465953969034e-05
298.51742679999734,0.0,0.0,0.0,-1.2348619297134219e-07,5.98530625196306e-08,-5.161671645132099e-05
298.56393659999594,0.0,0.0,0.0,-1.2343665680384988e-07,6.077209469169296e-08,-5.16141285821927e-05
298.6146738000025,0.0,0.0,0.0,-1.2346323055271053e-07,5.801305059123425e-08,-5.16114637690986e-05
298.6581322999991,0.0,0.0,0.0,-1.2343607297974632e-07,5.809318454878813e-08,-5.16088814493052e-05
298.70965389999765,0.0,0.0,0.0,-1.2339709006835173e-07,5.819146406564457e-08,-5.160629732962286e-05
298.7647195000027,0.0,0.0,0.0,-1.2340836581246195e-07,5.365749335690062e-08,-5.160383425074018e-05
298.8135423999993,0.0,0.0,0.0,-1.2343518138535554e-07,5.859820638230306e-08,-5.160125200594118e-05
298.86383829999977,0.0,0.0,0.0,-1.2348402158568026e-07,5.946190539633011e-08,-5.159872711262672e-05
298.90739929999836,0.0,0.0,0.0,-1.2344476875796787e-07,5.87883706255033e-08,-5.1596300795920864e-05
298.9654193999959,0.0,0.0,0.0,-1.2346124642534245e-07,5.6970934686618625e-08,-5.1593718643860687e-05
299.0133624000009,0.0,0.0,0.0,-1.234254368801112e-07,5.8298314352598876e-08,-5.1591241372271116e-05
299.0610680999962,0.0,0.0,0.0,-1.233680286561905e-07,4.9516956395260876e-08,-5.15887342192491e-05
299.1092043000026,0.0,0.0,0.0,-1.2353849589086844e-07,6.240323733609021e-08,-5.158630493702561e-05
299.1655793000027,0.0,0.0,0.0,-1.233955286958771e-07,5.568964267492198e-08,-5.158370586699288e-05
299.2122468000016,0.0,0.0,0.0,-1.2343268382665416e-07,5.486032713012238e-08,-5.158133197106783e-05
299.2602886999957,0.0,0.0,0.0,-1.2346057235154136e-07,5.555742988714985e-08,-5.157884759235675e-05
299.3151809999981,0.0,0.0,0.0,-1.2338476218844995e-07,5.3222338237418644e-08,-5.1576423212998794e-05
299.3581931000008,0.0,0.0,0.0,-1.2347836739896866e-07,5.665045575178589e-08,-5.157406374757649e-05
299.4149679999973,0.0,0.0,0.0,-2.490577951899495e-05,-0.001509377511853432,-0.015859442665063082
299.46461019999697,0.0,0.0,0.0,-0.00015943620370946368,-0.0075921078920777535,-0.024891636501133168
299.5066676999995,0.0,0.0,0.0,1.7710149290873396e-06,0.001692127106814593,-0.027548246902421667
299.564292199997,0.0,0.0,0.0,-5.338817780071625e-05,-0.0027463594436576604,-0.03874680775848787
299.610059599996,0.0,0.0,0.0,-7.582153887651994e-05,0.003890466521352431,-0.06257798997767368
299.6651769000018,0.0,0.0,0.0,-0.0001676242426281199,0.001914011161561321,-0.0983071043204273
299.7122593999957,0.0,0.0,0.0,-0.00034026408757810867,0.0004895397867940577,-0.14361723254123018
299.75655220000044,0.0,0.0,0.0,-0.00021230816840718558,0.005762039344705933,-0.16772697649467314
299.80671540000185,0.0,0.0,0.0,0.00011326236821123119,0.005181572227904696,-0.059533040698178885
299.86428349999915,0.0,0.0,0.0,5.352922781318459e-05,-0.005330610770359741,0.08194389892676181
299.9128363999989,0.0,0.0,0.0,0.0004438790628233962,0.0034691105649167,0.2583306520440181
299.9615505999973,0.0,0.0,0.0,0.0012502245560069851,-0.005438997709047856,0.47808472871453833
300.0112631000011,0.0,0.0,0.0,0.0012407740615915004,0.0007976751560148539,0.6374433370579533
300.0657554999998,0.0,0.0,0.0,0.0008161230366353723,0.006111957741412886,0.6382238430001786
300.1139406000002,0.0,0.0,0.0,0.001125498514292162,0.000900905821470653,0.5930667797943769
300.16584709999734,0.0,0.0,0.0,0.0005977167193241639,-0.002716113594565245,0.557321314087713
300.21006929999567,0.0,0.0,0.0,0.0011003318274572021,0.005844121797808805,0.5373362135138781
300.26426479999645,0.0,0.0,0.0,0.00015299221859033424,-0.0018167241868655292,0.5195261384587062
300.30753829999594,0.0,0.0,0.0,0.001484435488265406,-0.0002868455825979522,0.5042206129083298
300.35780469999736,0.0,0.0,0.0,0.0004344865407517316,-0.0037535526796571676,0.49271459931908096
300.406860199997,0.0,0.0,0.0,0.0009659055031824038,0.000173637889060861,0.4781231959298605
300.4591438999996,0.0,0.0,0.0,0.000831415858234362,0.0022123900775540125,0.4657691088958876
300.5092422000016,0.0,0.0,0.0,0.000870414936382471,-0.0022937789646759713,0.46020253385537746
300.5676162000018,0.0,0.0,0.0,2.535718632746973e-05,0.0011338644771617052,0.4567882844903412
300.60639419999643,0.0,0.0,0.0,0.0012948275320751397,0.0008628286314788185,0.45293184334609654
300.66843069999595,0.0,0.0,0.0,7.430073735136003e-05,-0.0008053225567223666,0.4529260131133133
300.71713979999913,0.0,0.0,0.0,0.001248332756872613,-0.0002752225003633702,0.456548513328345
300.75985729999957,0.0,0.0,0.0,0.00012468745133033612,-0.0019023460890251807,0.4641689644866564
300.8156525000013,0.0,0.0,0.0,0.00018546939621692625,0.0024408686443701897,0.4783702671235359
300.86798609999823,0.0,0.0,0.0,0.00041920468742678954,0.0009250815205275294,0.4995728613825373
300.90804039999784,0.0,0.0,0.0,0.0005497224481288083,-0.0005767419246619245,0.5298625503212524
300.9652012000006,0.0,0.0,0.0,0.0006235044840868238,-0.00020256118142615394,0.5774094139851802
301.01712340000086,0.0,0.0,0.0,0.0008846020793290375,-0.0024138484919386896,0.6375504165247785
301.0661869999967,0.0,0.0,0.0,0.0004119207631772672,0.009532649734468782,0.6488100456096951
301.11892369999987,0.0,0.0,0.0,0.0004943726372717812,0.0015200822202102737,0.6395125682731674
301.15792350000265,0.0,0.0,0.0,0.0009914274249790056,0.0006078905872788367,0.6220490161584351
301.2138206000018,0.0,0.0,0.0,0.001174617067920937,-0.0004892975059484468,0.6038715919532963
301.2614556999979,0.0,0.0,0.0,0.000509250467142659,0.000845816724124504,0.5772087708409861
301.31585579999955,0.0,0.0,0.0,0.0005516037180225041,-0.00139431174852893,0.5414555398127785
301.3603088000018,0.0,0.0,0.0,0.000400103101463751,-0.0014410664322223985,0.4920658388363019
301.4120275000023,0.0,0.0,0.0,0.0003645849202063085,0.00040339544141909666,0.4469892329877082
301.4614863999959,0.0,0.0,0.0,0.0006299328648960049,-0.007180789865062537,0.3620875863525317
301.5150919000007,0.0,0.0,0.0,0.00022670701498645878,-0.002853957159988218,0.19457060396263803
301.5602340999976,0.0,0.0,0.0,0.00011658491385271638,-0.0029807492482921763,0.04774050095133944
301.6106327000016,0.0,0.0,0.0,0.0001116766034258212,-0.002909059451914003,0.01071908118406748
301.6649943000011,0.0,0.0,0.0,5.722447408000424e-05,9.805956470150788e-05,0.004733124797326095
301.70747629999823,0.0,0.0,0.0,2.7143421732834172e-05,2.8630243588418115e-05,0.0019380761349149338
301.76496880000195,0.0,0.0,0.0,1.1977212697747323e-05,2.4664082825888217e-06,0.0006982054028781832
301.8087452999971,0.0,0.0,0.0,5.002305360289772e-06,2.125919409070586e-06,0.00014975049546534972
301.8624854000009,0.0,0.0,0.0,1.8691891954222444e-06,-3.7418466106657e-07,-8.862048538001164e-05
301.9126565999977,0.0,0.0,0.0,6.195025818878551e-07,-2.171050335505855e-06,-0.00019545414640539805
301.9686941999971,0.0,0.0,0.0,-1.708008298569835e-07,-2.3003879981759613e-06,-0.0002415487708987276
302.0111429999961,0.0,0.0,0.0,-3.2750894883069337e-10,-2.424521598493464e-07,-0.000266958657152742
302.06514369999786,0.0,0.0,0.0,-6.108844177310081e-07,-2.566532196551196e-06,-0.00027447225416703626
302.110769400002,0.0,0.0,0.0,-3.0934298282856234e-07,-1.2765926425348347e-07,-0.0002775624351862297
302.16229290000047,0.0,0.0,0.0,-7.731925993199349e-07,2.1781998044283156e-06,-0.00028538603097675
302.20520540000143,0.0,0.0,0.0,-3.5189481329362916e-07,-8.57477052739452e-06,-0.00028117252010229326
302.2597354000027,0.0,0.0,0.0,-5.604412007574174e-07,5.577972986829033e-06,-0.0002798380171501263
302.3124753000011,0.0,0.0,0.0,-6.898163834755053e-07,-5.855666229987257e-07,-0.0002832822758774734
302.3670321999962,0.0,0.0,0.0,-3.5468338954439973e-07,1.012206880600526e-06,-0.00029723539901158497
302.4080146999986,0.0,0.0,0.0,-7.123839791389894e-07,4.732727697745583e-08,-0.0003032948875148217
302.4669916999992,0.0,0.0,0.0,-4.660618372081336e-08,-5.724572018751283e-06,-0.0003090491389181342
302.51320549999946,0.0,0.0,0.0,-4.955421541938141e-07,-1.8272531820777647e-06,-0.0003067602364998307
302.5591679999998,0.0,0.0,0.0,-9.859727403036708e-07,2.855913732010917e-06,-0.0003121069217102234
302.61695619999955,0.0,0.0,0.0,-6.202878578620013e-07,-5.2697348915572984e-08,-0.0003147700357175592
302.6616534999994,0.0,0.0,0.0,-4.2149341195918713e-07,-3.5851781301979555e-06,-0.0003068473544341337
302.7130690999984,0.0,0.0,0.0,-5.7981484824812e-07,-3.4762549398116924e-06,-0.0003127713602362367
302.7566999999981,0.0,0.0,0.0,-1.5920796792647378e-07,-6.085737027008737e-06,-0.00031028490041477185
302.8150420999955,0.0,0.0,0.0,-1.2409620710575695e-06,1.1788853934629152e-05,-0.0003147503692111671
302.85902180000267,0.0,0.0,0.0,9.078095796511665e-08,-1.2578694755173422e-05,-0.0003088006046462303
302.9074383999978,0.0,0.0,0.0,-9.67118643520886e-07,3.751495075536721e-06,-0.0003169636061708617
302.9643749999959,0.0,0.0,0.0,-1.153028953808671e-07,-7.183680038761911e-06,-0.00031394369010588873
303.01297180000256,0.0,0.0,0.0,-9.320576732862845e-07,1.1619539927776184e-06,-0.00032042414126344954
303.0565365000002,0.0,0.0,0.0,-1.1616532740507508e-06,5.380060040155847e-06,-0.00032081742415826834
303.10987359999854,0.0,0.0,0.0,-2.0443269708891072e-07,-7.385122604890382e-06,-0.0003183762355399546
303.16405549999763,0.0,0.0,0.0,-1.0959254844751128e-07,-6.547340989144128e-06,-0.00031927726171420735
303.21622809999826,0.0,0.0,0.0,-5.722726647421879e-07,-1.1042502572241972e-06,-0.00031219359358304545
303.2632336999959,0.0,0.0,0.0,-1.1513341726923384e-06,6.39127660140369e-06,-0.000314883512082321
303.31272019999597,0.0,0.0,0.0,-2.7151284420368863e-07,-8.497572343991294e-06,-0.0003116780067552233
303.35697880000225,0.0,0.0,0.0,-9.804623643096473e-07,9.34016587013431e-06,-0.0003215010907591983
303.4163716999974,0.0,0.0,0.0,-1.5598408205071619e-07,-8.97990960874004e-06,-0.00031287201109518224
303.4689423000018,0.0,0.0,0.0,-8.07902271012013e-07,4.800661986024587e-06,-0.000317877749665822
303.51109010000073,0.0,0.0,0.0,-3.125411628737029e-07,-1.0168552087830159e-05,-0.0003104325831488359
303.56404199999815,0.0,0.0,0.0,-6.022158594929515e-07,1.7375699855158286e-06,-0.0003120338614583134
303.606915700002,0.0,0.0,0.0,-3.375677901669555e-07,-5.698271936743723e-06,-0.0003155406335828231
303.66694789999747,0.0,0.0,0.0,-1.0459072640110268e-06,4.949368855916056e-06,-0.0003146492846915463
303.712177100002,0.0,0.0,0.0,-1.06240183390504e-06,8.130314419149952e-06,-0.0003223651165780579
303.7586401000008,0.0,0.0,0.0,-6.084600887504676e-07,-7.163697017509766e-06,-0.0003238760608870959
303.8091276999985,0.0,0.0,0.0,-9.117090886140883e-07,5.78038414891351e-06,-0.00032267710064508434
303.8674056000018,0.0,0.0,0.0,4.5916946484761503e-07,-1.81535813903477e-05,-0.00031966887243755384
303.9183684000018,0.0,0.0,0.0,-8.618840587356976e-07,2.0378985760055438e-06,-0.0003248137874970863
303.95956119999755,0.0,0.0,0.0,-8.413850952302602e-07,5.715191650483998e-06,-0.0003263251499555224
304.00786150000204,0.0,0.0,0.0,-3.535971005819032e-07,-7.968605686704971e-06,-0.00032409836130789727
304.0654871000006,0.0,0.0,0.0,-2.3804903822067262e-07,-6.84065811011541e-06,-0.00033511583003113197
304.10693940000056,0.0,0.0,0.0,-1.2559445080800357e-06,1.062381834021175e-05,-0.00032059280817594465
304.15655909999623,0.0,0.0,0.0,-1.4150397194934187e-07,-2.612197018231916e-06,-0.00032610062375203127
304.21414650000224,0.0,0.0,0.0,-2.3598331903007665e-07,-1.4125003631159539e-05,-0.0003207039622757426
304.2595481000026,0.0,0.0,0.0,-1.161381669019378e-06,8.275215368070465e-06,-0.0003213148319758469
304.31600179999805,0.0,0.0,0.0,-4.0819684328700727e-07,-7.873341510852701e-06,-0.0003322184587365221
304.3655510000026,0.0,0.0,0.0,-1.0820003754504066e-06,6.655837103231265e-06,-0.0003172079180405774
304.41312359999574,0.0,0.0,0.0,-3.7526604095816554e-08,-9.896078627980401e-06,-0.0003256396755166063
304.4634425999975,0.0,0.0,0.0,-2.4514030463361005e-07,-7.06035317687039e-07,-0.00031550175115037854
304.5147680000009,0.0,0.0,0.0,-6.294627630084839e-07,-1.414092371307686e-06,-0.0003191694624288412
304.56386029999703,0.0,0.0,0.0,-1.0614142373354212e-06,7.162887548710673e-06,-0.00031976291588158907
304.6136220999979,0.0,0.0,0.0,-1.086089027610276e-06,-2.347877101662495e-06,-0.00033017312325646966
304.6599908999997,0.0,0.0,0.0,-7.119792478894486e-07,2.5595941392886837e-06,-0.0003334548318223464
304.7160128999967,0.0,0.0,0.0,4.578323512767854e-07,-2.0120582537296962e-05,-0.0003200467972132751
304.7605020999981,0.0,0.0,0.0,4.149461326558224e-08,-1.1844866878291427e-05,-0.0003195224978268614
304.8128069000013,0.0,0.0,0.0,-1.3386012369572603e-06,3.050814280084668e-06,-0.0003141204148761782
304.8598688999991,0.0,0.0,0.0,-6.081874785395175e-07,6.067785467696004e-06,-0.00032333059404496863
304.91166800000065,0.0,0.0,0.0,-3.245263751306558e-07,-2.8175293036242754e-06,-0.0003124275146720664
304.95636060000106,0.0,0.0,0.0,-4.2093116535318583e-07,-5.813345572807351e-06,-0.0003172687451570797
305.0063802000004,0.0,0.0,0.0,-7.463321462318367e-07,8.991497174601731e-06,-0.0003281210813118428
305.06246290000126,0.0,0.0,0.0,-7.420578424370493e-07,-6.745480867081337e-06,-0.00032710257345845034
305.1113370000021,0.0,0.0,0.0,-7.400769411716942e-07,5.360924415372374e-07,-0.00032345702873056294
305.16963419999956,0.0,0.0,0.0,-7.818682961135181e-07,-7.623077813173728e-06,-0.00030986201716127614
305.2135644000009,0.0,0.0,0.0,-4.751596678548914e-08,-4.073296806664517e-06,-0.0003157478574053172
305.2629304000002,0.0,0.0,0.0,1.44274013064147e-07,-1.1451384830210268e-05,-0.00030812126168752176
305.31434499999887,0.0,0.0,0.0,-1.351502357879269e-06,1.2329630198002012e-05,-0.0003070473154903548
305.3631230999963,0.0,0.0,0.0,-8.689008969588788e-07,8.141647993713452e-06,-0.0003095134734729555
305.4116420999999,0.0,0.0,0.0,1.997766802779828e-07,-2.0638788411567336e-05,-0.0003063841914757319
305.4628518000027,0.0,0.0,0.0,-3.74414743590388e-07,-7.613915040026544e-06,-0.00030396402346844766
305.50642060000246,0.0,0.0,0.0,-7.705430674471033e-07,8.238547812624659e-06,-0.0003199994270133626
305.56402060000255,0.0,0.0,0.0,-1.1584799309864616e-06,-2.553566197489244e-07,-0.00030741177025017755
305.60565700000006,0.0,0.0,0.0,-5.065422846043274e-08,-8.776433340982112e-06,-0.00032012639994993076
305.6562363999983,0.0,0.0,0.0,-1.926809036974247e-06,1.2817461600474511e-05,-0.0003172262467353679
305.7146399999983,0.0,0.0,0.0,1.6874694433453831e-07,-7.038655973384284e-06,-0.0003161398158249348
305.7650788999963,0.0,0.0,0.0,4.85811004054094e-08,-1.3221159561594437e-05,-0.0003108702200916666
305.8138648999957,0.0,0.0,0.0,1.508482836398147e-07,-1.2219627530496963e-05,-0.00030847302992060454
305.863654599998,0.0,0.0,0.0,-9.016991973393285e-07,5.846237472843356e-06,-0.0003079295528786672
305.91341409999586,0.0,0.0,0.0,-1.812117492663609e-07,-1.0988155431015998e-05,-0.00030918680066243504
305.95976159999555,0.0,0.0,0.0,-2.099260295172104e-06,3.069762761985022e-05,-0.0003205877742861205
306.02213440000196,0.0,0.0,0.0,3.2121031628475796e-07,-2.309546625953711e-05,-0.0003119894233648841
306.0623334999982,0.0,0.0,0.0,-1.761800047183971e-06,2.154300103601276e-05,-0.0003174444095872903
306.1148908999967,0.0,0.0,0.0,6.342253123961417e-07,-2.0748360597912284e-05,-0.00033277498454881523
306.1687013999981,0.0,0.0,0.0,-1.2402180319880924e-06,6.16172665517729e-06,-0.0003237688090254246
306.21443010000075,0.0,0.0,0.0,-1.9461448678770583e-06,8.114717432844065e-06,-0.0003221711809308199
306.2623145999969,0.0,0.0,0.0,7.900022677652913e-07,-2.02613625807646e-05,-0.0003230994195938925
306.31596629999694,0.0,0.0,0.0,-3.489119004629399e-07,3.103146879875331e-06,-0.00032785794092198836
306.3634103000004,0.0,0.0,0.0,-7.508495930346874e-07,3.163018785425289e-06,-0.0003255772390884159
306.41704120000213,0.0,0.0,0.0,1.6446783400372442e-07,-2.3116831960690945e-05,-0.0003220151637323409
306.4636870999966,0.0,0.0,0.0,-1.0743199330435947e-06,1.4672594578710827e-05,-0.0003227155577041459
306.5115317000018,0.0,0.0,0.0,-1.8961460656579274e-06,2.9284292978460513e-06,-0.0003189415344066461
306.561893099999,0.0,0.0,0.0,5.124554935831928e-07,-7.606811509838626e-06,-0.0003311788866748163
306.6151489999975,0.0,0.0,0.0,-9.396983860699903e-07,-7.25222493189333e-06,-0.0003193413481937731
306.6673817999981,0.0,0.0,0.0,-1.4085872643069367e-06,1.3958200358187905e-05,-0.00033429962978738406
306.71276509999734,0.0,0.0,0.0,7.761477536854519e-07,-1.8219923763421218e-05,-0.00032536971158392535
306.7655691999971,0.0,0.0,0.0,-2.277648830674827e-06,1.2363483711185405e-05,-0.00032493301841777486
306.8173652999976,0.0,0.0,0.0,-7.983369832419e-07,2.7442392058246154e-07,-0.0003329375986946989
306.8640247000003,0.0,0.0,0.0,1.9962228589683587e-06,-3.092147346219428e-05,-0.00032187235082024716
306.9155363000027,0.0,0.0,0.0,-3.259185099389307e-06,4.697435301370997e-05,-0.00033222689499236285
306.9610732000001,0.0,0.0,0.0,4.887122349342655e-07,-3.326055924762226e-05,-0.00031555034788420696
307.0114186999999,0.0,0.0,0.0,-1.7260164143227301e-07,-1.0298799667796487e-05,-0.0003126160747199591
307.0618117999984,0.0,0.0,0.0,-7.734721538333478e-07,2.0812489626734895e-05,-0.00032546363487122396
307.116302800001,0.0,0.0,0.0,-1.733824730609244e-07,-2.8263552419622975e-05,-0.0003141505505337507
307.1625550999961,0.0,0.0,0.0,-6.743063902188959e-07,-1.7046419986553725e-06,-0.0003252505819802675
307.21573329999956,0.0,0.0,0.0,1.0744101969200294e-06,-1.4302510392228293e-05,-0.0003317054974616134
307.26589629999944,0.0,0.0,0.0,-1.6240619120684493e-06,1.02101430045099e-05,-0.00033593493472024475
307.3126826000007,0.0,0.0,0.0,-2.055796984974574e-07,-3.5259241317025054e-06,-0.0003237913871789248
307.35838030000014,0.0,0.0,0.0,-4.118575700020364e-07,-8.687429065048475e-06,-0.0003216068404952599
307.41189479999593,0.0,0.0,0.0,-1.0113518530602193e-06,7.989648354032503e-06,-0.0003257757104093427
307.46494600000005,0.0,0.0,0.0,-1.3255524541053757e-06,4.352135388420117e-06,-0.00033103235884994963
307.5161755000008,0.0,0.0,0.0,-1.5526772039249275e-06,2.4389222223005276e-05,-0.00032377496592887896
307.56403309999587,0.0,0.0,0.0,1.1555777748501553e-07,-2.2092006934094013e-05,-0.00032327483657288017
307.61082760000136,0.0,0.0,0.0,-2.679919724324184e-07,-4.901475363466095e-06,-0.0003211307422582371
307.6631884000017,0.0,0.0,0.0,7.484414694182716e-07,-2.7982094180581676e-05,-0.00032392062693345643
307.7171632000027,0.0,0.0,0.0,-2.310035137690373e-06,1.7329724977510075e-05,-0.0003281190569816225
307.76625429999694,0.0,0.0,0.0,-4.5647069587722124e-07,9.559760445028705e-06,-0.0003386081046834278
307.8152037999971,0.0,0.0,0.0,-3.1129867330471257e-06,2.125213005685622e-05,-0.00033528228590432203
307.85595060000196,0.0,0.0,0.0,2.885179330218543e-06,-4.491795712620772e-05,-0.0003305546290322159
307.9120984999972,0.0,0.0,0.0,-2.5881572221321004e-06,3.4116998691968435e-05,-0.00033192326127624524
307.96601279999595,0.0,0.0,0.0,4.9353057075993315e-08,-3.145231130393786e-05,-0.00033228986901109056
308.0064779999957,0.0,0.0,0.0,-8.141342050314898e-07,5.487586767859781e-06,-0.0003395386690393733
308.05637549999665,0.0,0.0,0.0,8.967443783134188e-07,-1.8283041556585817e-05,-0.0003456994465045337
308.108123799997,0.0,0.0,0.0,-1.9539016278140737e-06,1.120778547261594e-05,-0.000334887667738086
308.1642062999963,0.0,0.0,0.0,-6.341664546357825e-07,1.1364204928882137e-05,-0.0003537135574119274
308.214527600001,0.0,0.0,0.0,-1.699540238858758e-06,1.2783033357882318e-05,-0.0003297589017098464
308.25856550000026,0.0,0.0,0.0,1.4599306867469707e-06,-3.064608989226551e-05,-0.000335579546997476
308.3138121000011,0.0,0.0,0.0,-1.6471237650475386e-07,-1.580516152082433e-05,-0.0003323286341014737
308.3627333999975,0.0,0.0,0.0,-1.4633522764899348e-06,1.5707299476832175e-05,-0.00034105281335810027
308.41309580000234,0.0,0.0,0.0,-2.1265781261193382e-06,2.0793493676081814e-05,-0.0003306513296277857
308.4609924999968,0.0,0.0,0.0,1.9233474719440265e-06,-4.471703774338527e-05,-0.0003335251542859041
308.5117276000019,0.0,0.0,0.0,-1.6320013888356604e-06,1.5186116013469544e-05,-0.0003318067848452524
308.5662517000019,0.0,0.0,0.0,-8.719175360831669e-07,1.2803858881647748e-05,-0.00034181796136174326
308.6133316999985,0.0,0.0,0.0,1.8983401565179595e-06,-4.6622967862253317e-05,-0.0003353171537994314
308.6629423999984,0.0,0.0,0.0,-3.164695230227673e-06,4.472100195732938e-05,-0.00034386365082374323
308.71494240000175,0.0,0.0,0.0,-2.402999467794163e-06,7.740228217738365e-06,-0.00033005614052499936
308.7664059000017,0.0,0.0,0.0,1.9420564055642355e-06,-3.478403237603959e-05,-0.0003303818232927849
308.8137921000016,0.0,0.0,0.0,-3.8335017564268667e-07,-1.3176081959061886e-05,-0.0003473516456471869
308.86368439999933,0.0,0.0,0.0,-1.3483131392097694e-06,1.9849577190084996e-05,-0.0003511996505528773
308.9082731000017,0.0,0.0,0.0,-2.036868913523969e-06,1.2035120042509086e-05,-0.00034046732334081355
308.9605489999958,0.0,0.0,0.0,-1.4544158695488726e-07,7.124413894776527e-06,-0.00035411118119787815
309.0158661000023,0.0,0.0,0.0,1.7058760292403492e-06,-5.392562841811245e-05,-0.0003444745234370038
309.05719410000165,0.0,0.0,0.0,-1.3337180486939731e-06,1.1325189918593487e-05,-0.00034924329292217334
309.11076219999813,0.0,0.0,0.0,-3.6181965027491335e-06,3.117276316539766e-05,-0.0003453909557667482
309.1630337999959,0.0,0.0,0.0,8.312719048228242e-07,-1.591232538309688e-05,-0.0003439239504580445
309.21771140000055,0.0,0.0,0.0,-1.6892511536931925e-06,1.3350274941517035e-05,-0.00035011078748228863
309.2567340999958,0.0,0.0,0.0,2.2531956525364215e-06,-5.309998587153668e-05,-0.0003429741069252097
309.31249430000025,0.0,0.0,0.0,-8.994361778614811e-07,9.184396603250348e-06,-0.0003539135540006087
309.36272949999693,0.0,0.0,0.0,-1.288752854041864e-06,1.6390289609829212e-05,-0.0003469217845447904
309.4130695999993,0.0,0.0,0.0,-1.1132976434448598e-06,-4.453737060520016e-06,-0.0003498439927804675
309.4570700999975,0.0,0.0,0.0,1.5634181394750792e-08,-1.1062104188214925e-05,-0.00035370500162552795
309.50618419999955,0.0,0.0,0.0,-2.1136810145348125e-06,2.859567417314903e-05,-0.00035420079208189003
309.56426120000106,0.0,0.0,0.0,1.2513756710204967e-06,-3.8422691777458355e-05,-0.00035779792553722203
309.60983169999963,0.0,0.0,0.0,-2.880238933171753e-06,3.4425857883630016e-05,-0.0003507021843755753
309.6646885000009,0.0,0.0,0.0,-3.483419729140284e-06,1.9204752197715493e-05,-0.00034720927388567175
309.7131554000007,0.0,0.0,0.0,1.1535604725932096e-06,1.7424893978870133e-06,-0.00035832454656067864
309.75540470000124,0.0,0.0,0.0,-3.3490841041875623e-07,-4.562717828971627e-05,-0.00035605726313192793
309.81239169999753,0.0,0.0,0.0,5.1798653239808776e-08,2.7809738413226876e-05,-0.0003619385493333696
309.8591410000008,0.0,0.0,0.0,8.82619032826023e-08,-2.4029502474278728e-05,-0.00036939472700457627
309.91435320000164,0.0,0.0,0.0,-2.0967639892104524e-08,-1.0457599562019278e-05,-0.0003648375761321142
309.96508639999956,0.0,0.0,0.0,-6.358369614317778e-07,-3.5099138376237845e-06,-0.0003665194486465762
310.01538309999887,0.0,0.0,0.0,-6.442693197734013e-07,-8.365603547109738e-06,-0.00035495385487800625
310.0638670999979,0.0,0.0,0.0,-2.8753359663326073e-07,-1.039045787060988e-05,-0.0003672472119236751
310.1137215999988,0.0,0.0,0.0,-4.897655648699741e-06,6.10589305539636e-05,-0.00037535799146065163
310.1570814000006,0.0,0.0,0.0,-2.1798838397214328e-07,-2.3042777022220767e-05,-0.0003577911252431511
310.21480529999826,0.0,0.0,0.0,3.6432151667030886e-07,1.3247821264553952e-05,-0.00037995125600263566
310.2634290999995,0.0,0.0,0.0,-7.658742545793731e-07,-2.897617305308449e-05,-0.0003793464120379605
310.3080115999983,0.0,0.0,0.0,4.0307617051646543e-07,-2.132601787711304e-06,-0.0003722048741268909
310.3627820999973,0.0,0.0,0.0,-1.295911527747337e-06,-9.864813474838627e-06,-0.00038265649396743617
310.4099215000024,0.0,0.0,0.0,-1.3418890874361037e-08,4.8507133737057e-06,-0.000380330170858588
310.45739129999856,0.0,0.0,0.0,-4.250709361066083e-06,3.868118250231155e-05,-0.0003720050638320006
310.5160539999997,0.0,0.0,0.0,4.088040529934427e-06,-6.384835362624641e-05,-0.000380002356192137
310.56271469999774,0.0,0.0,0.0,-1.8668815508904324e-06,3.457850494273706e-05,-0.0003996970132313436
310.6066647999978,0.0,0.0,0.0,-1.8465144540728958e-06,-2.5761879421657925e-05,-0.00037531468390841137
310.66240649999963,0.0,0.0,0.0,2.575594018574914e-06,-3.213866706596011e-05,-0.0003782675074788525
310.71595179999713,0.0,0.0,0.0,-8.164779292164553e-07,-6.635817354736355e-06,-0.0003725380795092147
310.75736199999665,0.0,0.0,0.0,-5.220347819507784e-07,-2.776747212484938e-06,-0.0003759148105440181
310.80716419999953,0.0,0.0,0.0,-3.22567738789632e-06,2.377065177108722e-05,-0.0003883450871759373
310.8564735999971,0.0,0.0,0.0,3.3189571911575243e-07,1.5097008766527409e-05,-0.00038945910886139065
310.91462429999956,0.0,0.0,0.0,-2.099030435287328e-06,9.700847561110087e-06,-0.00036748298177188306
310.96221700000024,0.0,0.0,0.0,-1.4199221299077913e-06,-1.4783004351202562e-05,-0.00036648562952198613
311.00715160000254,0.0,0.0,0.0,2.9953807188274587e-06,-4.3199924246914677e-05,-0.00037009649703779383
311.06463449999865,0.0,0.0,0.0,-0.00013946183083890707,0.0033152732456417956,-0.12506394177325356
311.1107004000005,0.0,0.0,0.0,-0.0003678732941895747,0.002070072208350473,-0.3301527241791389
311.1690119999985,0.0,0.0,0.0,-0.0006427807328494687,0.0005564981836589344,-0.51700255367092
311.21314410000195,0.0,0.0,0.0,-0.00157338192200017,0.0010504752302882908,-0.6802662080140348
311.26412249999703,0.0,0.0,0.0,-0.0018044219662493302,-0.001435369712560449,-0.8221541582885106
311.30722940000123,0.0,0.0,0.0,-0.0013589032201560011,-0.002411666863824303,-0.9379314611829291
311.3663596999977,0.0,0.0,0.0,-0.002095402934249642,-0.006387646859924669,-0.9866417695297375
311.4074374999982,0.0,0.0,0.0,-0.0018361395896395263,-0.000787860207827934,-1.0762414982549242
311.4566111999957,0.0,0.0,0.0,-0.0025170033936640205,0.0019540946946404766,-1.210026076456607
311.50544129999616,0.0,0.0,0.0,-0.0023382840135691483,-0.0003477864378083844,-1.247871485429877
311.56338179999875,0.0,0.0,0.0,-0.0024398367236346963,-0.00022557281652547067,-1.1640241658953097
311.60455840000213,0.0,0.0,0.0,-0.002124798070339103,-0.002887399384157989,-1.0452896929518647
311.6560251999981,0.0,0.0,0.0,-0.002255029103074461,0.0010244807775364848,-0.9360926456385321
311.71529400000145,0.0,0.0,0.0,-0.002112670839700603,-0.0007246557286871888,-0.8708854894246163
311.7653680000003,0.0,0.0,0.0,-0.0019519067263651362,-0.004792057318500013,-0.8201048388038075
311.81346119999944,0.0,0.0,0.0,-0.0018928570885868225,0.0007755497401076692,-0.762860179381692
311.85795620000135,0.0,0.0,0.0,-0.001638653281600168,0.0015987638753232035,-0.7145543065780352
311.91461159999744,0.0,0.0,0.0,-0.0011881856957506273,3.3377699715630024e-05,-0.6619282666386599
311.96540780000214,0.0,0.0,0.0,-0.0024188550872766006,-0.010378275748537539,-0.6799332047409172
312.01420789999975,0.0,0.0,0.0,-0.0016752649180990411,0.006189729105981301,-0.670263392558173
312.05687529999705,0.0,0.0,0.0,-0.0018893772162305452,0.001565826623817259,-0.674288695176119
312.11297529999865,0.0,0.0,0.0,-0.0008089849120785195,0.004827363975282102,-0.69196215110971
312.1651083999968,0.0,0.0,0.0,-0.002265090131462277,-0.0027236599922193664,-0.7246105269153534
312.2072379000019,0.0,0.0,0.0,-0.0023652696880944344,-0.0021501145178327227,-0.7329851454265058
312.264179400001,0.0,0.0,0.0,-0.0015925040849150876,0.005443666458480798,-0.676457073408374
312.31091559999913,0.0,0.0,0.0,-0.0013432135323940943,0.0029894918859627202,-0.533782475362805
312.3619899999976,0.0,0.0,0.0,-0.0003267959064902078,-0.0009542530681072555,-0.3537996172393987
312.4156421000007,0.0,0.0,0.0,-0.00018222734407785912,0.006017175430690637,-0.20391944120985
312.4560934999972,0.0,0.0,0.0,-4.2521300970512715e-05,0.006559811246537576,-0.19724985620485383
312.5130728000004,0.0,0.0,0.0,-0.0005085053411241813,0.001704030573667981,-0.2897002831653192
312.5553712999972,0.0,0.0,0.0,-0.0006834673570893077,0.0002619392814500836,-0.3255425346779982
312.6073124999966,0.0,0.0,0.0,-0.0006445898529797815,-0.0037916910068975817,-0.338733586076143
312.66573029999563,0.0,0.0,0.0,-0.00042274977466554486,-0.00030084260852954734,-0.349044294473857
312.7137833000015,0.0,0.0,0.0,-0.00048019750436470963,0.0013340533653505445,-0.37301566024895977
312.76365899999655,0.0,0.0,0.0,-0.0006975993630248872,0.0010637220987478161,-0.4174532051827805
312.80854179999733,0.0,0.0,0.0,-0.0007748391721750056,0.0022016322504616803,-0.48187468688756535
312.86842289999913,0.0,0.0,0.0,-0.0009603652136312295,-0.0019136975222271103,-0.583046153885025
312.909281799999,0.0,0.0,0.0,-0.0006414742992690985,0.008809559287884584,-0.6112117350501606
312.9569341999959,0.0,0.0,0.0,-0.0005209866959690166,0.0009862920263277505,-0.6152983474876346
313.0065496000025,0.0,0.0,0.0,-0.0006312113483663812,-0.001881609988164318,-0.6099022190897314
313.0666205000016,0.0,0.0,0.0,-0.0005249219856558054,0.0014234458667399094,-0.5924026507754855
313.1135967000009,0.0,0.0,0.0,-0.0004885285457221905,0.001156400085820944,-0.5648524262918974
313.1625316999998,0.0,0.0,0.0,-0.0004291991367098855,-2.6233898764259513e-05,-0.529383217300163
313.2121549000003,0.0,0.0,0.0,-0.00046946318458714113,-0.0016148053187372048,-0.4859632150187606
313.26583599999867,0.0,0.0,0.0,-0.00044082320453254966,-0.0009854779124323701,-0.432795929745965
313.30675809999957,0.0,0.0,0.0,-0.0003680831193399912,-0.004411571277657986,-0.3365243517621357
313.36077079999814,0.0,0.0,0.0,-0.00021292576988268892,-0.005765572657575003,-0.16653490490350065
313.40574309999647,0.0,0.0,0.0,-0.00019492191207497446,-0.0017535204693834672,-0.023407858769632577
313.45745650000026,0.0,0.0,0.0,-0.00011255012030036907,-0.002572288648211758,-5.256041247613511e-05
313.5159910000002,0.0,0.0,0.0,-1.4833867063549914e-05,-3.931863040891591e-05,9.343712042290387e-05
313.55559650000214,0.0,0.0,0.0,-2.147941168743009e-06,1.1042552949173237e-05,2.3160475583119596e-05
313.61269889999676,0.0,0.0,0.0,-8.39310218191018e-07,5.0539343199321035e-06,-2.609043271719746e-05
313.65632560000086,0.0,0.0,0.0,2.2537222757272492e-07,4.467812208500588e-06,-4.375838172578068e-05
313.7133487999963,0.0,0.0,0.0,1.7921558672646915e-07,3.1094095207481377e-06,-4.8000357404604286e-05
313.75663789999817,0.0,0.0,0.0,7.47804488200528e-08,2.6974314134126864e-06,-4.8174672380212444e-05
313.813541800002,0.0,0.0,0.0,-1.5123136363776166e-08,2.279453108340606e-06,-4.77781989874719e-05
313.8643641000017,0.0,0.0,0.0,-5.9619274415423395e-09,2.5041141087480654e-06,-4.738087898019519e-05
313.9152271999992,0.0,0.0,0.0,-1.1880963608789317e-08,2.474503482541459e-06,-4.738239411105775e-05
313.96177760000137,0.0,0.0,0.0,2.8441479433505457e-08,2.6737247285914664e-06,-4.7634940843044875e-05
314.01288999999815,0.0,0.0,0.0,1.1330420973705892e-08,2.5328322090930165e-06,-4.7880083612587674e-05
314.0569292,0.0,0.0,0.0,-3.5820229476777405e-08,2.2746884385162736e-06,-4.755728582593812e-05
314.1189974000008,0.0,0.0,0.0,7.246026920876959e-10,2.556559846117242e-06,-4.739391258171355e-05
314.15648769999825,0.0,0.0,0.0,1.0587779996156507e-08,2.508320787166569e-06,-4.7712710860505984e-05
314.205913400001,0.0,0.0,0.0,-3.5885346443003695e-09,2.516462435809856e-06,-4.7690853020779845e-05
314.2634953000015,0.0,0.0,0.0,-1.6527048574645606e-08,2.4552767628563094e-06,-4.740388008128633e-05
314.3123445000019,0.0,0.0,0.0,-5.344846330636834e-10,2.4646205460236507e-06,-4.743561180363483e-05
314.3606370999987,0.0,0.0,0.0,1.8185611117813012e-08,2.602965451419474e-06,-4.768641361938099e-05
314.4105330999955,0.0,0.0,0.0,-4.211750434549346e-09,2.5080674245147294e-06,-4.7637976219025205e-05
314.4615705999968,0.0,0.0,0.0,-1.75787106835717e-08,2.3354126280664813e-06,-4.754993711359793e-05
314.50585390000197,0.0,0.0,0.0,1.1426742966080095e-08,2.632442781354417e-06,-4.7648536444408034e-05
314.5565045999974,0.0,0.0,0.0,-3.162107933694079e-09,2.370930105127554e-06,-4.7700625808191733e-05
314.60625179999624,0.0,0.0,0.0,-1.8671282605628894e-08,2.4548518951079e-06,-4.737184622438534e-05
314.65662480000174,0.0,0.0,0.0,-4.58378532881683e-09,2.389988013506278e-06,-4.742141771841835e-05
314.7061085000023,0.0,0.0,0.0,-1.1123067506229527e-08,2.510661957595407e-06,-4.722630988732198e-05
314.7564435999957,0.0,0.0,0.0,-3.3265065691738163e-09,2.4340243209998653e-06,-4.731331625072065e-05
314.8129912000004,0.0,0.0,0.0,1.05683311645306e-08,2.625992366517873e-06,-4.734608068983494e-05
314.8653536999991,0.0,0.0,0.0,5.761411345747397e-10,2.4805135953612554e-06,-4.7479070458053716e-05
314.9075987999968,0.0,0.0,0.0,-2.896850305608806e-09,2.459075724125828e-06,-4.747520232415558e-05
314.96360280000226,0.0,0.0,0.0,-3.349717514123882e-09,2.3630425614802933e-06,-4.740528992847952e-05
315.0124427999981,0.0,0.0,0.0,-7.058677269633404e-09,2.4803748253249274e-06,-4.7251970470349256e-05
315.0569800000012,0.0,0.0,0.0,2.6427724747243742e-09,2.5838520507121432e-06,-4.723116034140652e-05
315.1072265999974,0.0,0.0,0.0,-1.619579908851754e-08,2.2713872833394744e-06,-4.722941234980467e-05
315.15595349999785,0.0,0.0,0.0,1.3065287271729773e-08,2.6867140208084943e-06,-4.7162520880064755e-05
315.21525819999806,0.0,0.0,0.0,1.0058357059428578e-09,2.464216068532485e-06,-4.7387366782812834e-05
315.2564091999957,0.0,0.0,0.0,1.9190537399875476e-09,2.426357526687098e-06,-4.7391586449309905e-05
315.30607690000033,0.0,0.0,0.0,-2.28388902730169e-08,2.4162715599121748e-06,-4.702799341082538e-05
315.35586599999806,0.0,0.0,0.0,-1.4596740255141161e-08,2.3761845594674836e-06,-4.7004638314853474e-05
315.40641830000095,0.0,0.0,0.0,-1.2345129765201589e-09,2.4385261505329767e-06,-4.6857560696686185e-05
315.4654789999986,0.0,0.0,0.0,1.7006080418985045e-08,2.610075034206656e-06,-4.696215534936996e-05
315.51125879999745,0.0,0.0,0.0,1.274736231126823e-08,2.5207868239769566e-06,-4.718313607113106e-05
315.5626846000014,0.0,0.0,0.0,-4.360742323400475e-09,2.442405063536037e-06,-4.7253199626221305e-05
315.6132127000019,0.0,0.0,0.0,-1.0741307229859235e-08,2.350204478286373e-06,-4.697319689849859e-05
315.662728700001,0.0,0.0,0.0,3.998277073352078e-09,2.5923947561937613e-06,-4.692073630796149e-05
315.71087109999644,0.0,0.0,0.0,-7.73859221819832e-10,2.4878162996645216e-06,-4.7105016817679814e-05
315.7619857999962,0.0,0.0,0.0,-8.936387613944721e-09,2.4961667436913602e-06,-4.6894998412443e-05
315.8115934000016,0.0,0.0,0.0,9.206528931293213e-10,2.3983534767672018e-06,-4.7118223224027504e-05
315.85585020000144,0.0,0.0,0.0,-3.4544697260320577e-08,2.28236479302831e-06,-4.636278049513299e-05
315.91120399999636,0.0,0.0,0.0,5.182700965506628e-08,2.7220521958367738e-06,-4.705846037349385e-05
315.96169109999755,0.0,0.0,0.0,-8.430448067941888e-10,2.5309798015686766e-06,-4.6783869651699275e-05
316.0045509999982,0.0,0.0,0.0,-3.515107208049659e-08,2.214397498489913e-06,-4.684076437066253e-05
316.0622734999997,0.0,0.0,0.0,2.097107813384995e-09,2.531905608560977e-06,-4.6256742365514356e-05
316.10687779999716,0.0,0.0,0.0,1.6565228071787243e-08,2.671729344019756e-06,-4.67857846127462e-05
316.1615496000013,0.0,0.0,0.0,2.387595749990733e-08,2.4547232563387218e-06,-4.71810044608207e-05
316.20646139999735,0.0,0.0,0.0,-5.447748113695566e-08,2.1837403898858968e-06,-4.662113880772612e-05
316.2654448999965,0.0,0.0,0.0,1.7809827969208122e-08,2.5545155038089388e-06,-4.6551810153684666e-05
316.3127544000017,0.0,0.0,0.0,4.4038709565213525e-09,2.458537956770214e-06,-4.629633518161736e-05
316.3552744999979,0.0,0.0,0.0,-1.4838154077959076e-08,2.3991864777678085e-06,-4.616471182744662e-05
316.4132688999962,0.0,0.0,0.0,3.69080773172039e-08,2.7958282955994116e-06,-4.675427588854385e-05
316.457642399997,0.0,0.0,0.0,-2.655896341194086e-08,2.264507277745281e-06,-4.622542245705945e-05
316.5125024000008,0.0,0.0,0.0,3.87567497991836e-08,2.6988581764090216e-06,-4.6651620756687675e-05
316.55848089999927,0.0,0.0,0.0,-3.7880678750695645e-08,2.1466473353413037e-06,-4.6813326509074674e-05
316.6117651999957,0.0,0.0,0.0,-2.7583703766102343e-08,2.5194139586532106e-06,-4.584645489385106e-05
316.664678299996,0.0,0.0,0.0,4.280256792471684e-09,2.3739811178300555e-06,-4.6177880898512455e-05
316.7126352999985,0.0,0.0,0.0,1.8352381784234577e-08,2.595087055763582e-06,-4.593311493209848e-05
316.7616024000017,0.0,0.0,0.0,6.016477890820089e-08,2.5771776211012417e-06,-4.6723570916450806e-05
316.80347020000045,0.0,0.0,0.0,1.852679605718452e-08,2.5145943656278613e-06,-4.685521515746488e-05
316.85547550000047,0.0,0.0,0.0,-2.557643111438844e-07,-9.622533369249619e-06,-4.5819653982001714e-05
316.9099489,0.0,0.0,0.0,-3.756531972597277e-07,-1.4814050484739723e-05,-4.410736718615925e-05
316.96226970000134,0.0,0.0,0.0,4.280669824679773e-07,2.6602597069273343e-05,-4.6386285531682356e-05
317.00433429999975,0.0,0.0,0.0,-1.3216510022636708e-07,-6.703497390759072e-06,-4.4038266799529756e-05
317.06442779999634,0.0,0.0,0.0,-4.2726582397269434e-07,-2.2179004670450786e-05,-4.1298269481221385e-05
317.1062010999958,0.0,0.0,0.0,-1.391678823087487e-07,-6.770811249569076e-06,-4.073202771206142e-05
317.15857179999875,0.0,0.0,0.0,8.996946350427424e-07,2.9865949289195258e-05,-5.072157622911978e-05
317.21256139999605,0.0,0.0,0.0,-3.4024516806219936e-07,1.2246865917466037e-06,-4.3568626580185456e-05
317.25579570000264,0.0,0.0,0.0,2.5463172750104277e-08,-4.133084917587583e-06,-5.095440616944505e-05
317.31052790000103,0.0,0.0,0.0,-1.045829203112709e-06,-6.818219343540431e-05,-4.113450302239523e-05
317.36421880000125,0.0,0.0,0.0,1.628357998355278e-08,-1.9737362304265688e-05,-5.254277969746024e-05
317.4043482999987,0.0,0.0,0.0,-4.4966793445494907e-07,2.3797924615769893e-05,-4.110673956405394e-05
317.4546981999956,0.0,0.0,0.0,1.2852408260740013e-06,3.077091703336126e-05,-5.801690012746939e-05
317.515292600001,0.0,0.0,0.0,-1.4569065517007666e-06,-3.745870194767474e-05,-3.998304761652707e-05
317.55734819999634,0.0,0.0,0.0,-6.169760854211823e-07,-8.786285268553047e-05,-4.739067249018707e-05
317.61399769999844,0.0,0.0,0.0,1.3663267054572082e-06,0.0001458392500720495,-3.875477673413044e-05
317.6613408999983,0.0,0.0,0.0,1.314939982323577e-06,6.49195727894002e-05,-4.656321755883121e-05
317.71133890000056,0.0,0.0,0.0,-1.1925179380270105e-06,-9.352283128986132e-05,-6.195602710450937e-05
317.75659689999884,0.0,0.0,0.0,-3.6378275622300025e-07,-5.435280012559538e-07,-6.060079360305301e-05
317.81142669999826,0.0,0.0,0.0,-2.8931644713834417e-06,-0.00015913753557919347,-4.5074054293982324e-05
317.85799840000254,0.0,0.0,0.0,2.5011651358546225e-06,0.00016650580701121475,-3.0914974099614524e-05
317.9045688999977,0.0,0.0,0.0,-7.416991581362106e-09,-9.822313333621678e-06,-4.687149166257353e-05
317.96576249999634,0.0,0.0,0.0,8.161442136959728e-07,4.357557777248631e-05,-5.580372712544449e-05
318.0115724999996,0.0,0.0,0.0,-3.1582794825231705e-06,-0.0002639630424465437,-3.899699555733785e-05
318.06295690000115,0.0,0.0,0.0,1.63775831161348e-06,0.0001835698642004428,-4.7558932498792966e-05
318.1114121999999,0.0,0.0,0.0,1.7575101954112844e-06,5.258881354634535e-07,-6.941833029407316e-05
318.16251219999685,0.0,0.0,0.0,-1.885017176992542e-06,-9.806636406375185e-06,-5.836480325401425e-05
318.2137495999996,0.0,0.0,0.0,6.160900651598265e-07,4.963220460409181e-05,-4.652260283757645e-05
318.25540139999794,0.0,0.0,0.0,2.1650063814850464e-06,0.00012105426385033416,-4.754138282467403e-05
318.3116689000017,0.0,0.0,0.0,3.5227519313065037e-08,1.6068387110900298e-06,-4.671271078671572e-05
318.36342819999845,0.0,0.0,0.0,-5.255174331690076e-09,1.6608116049769498e-06,-4.658943814479643e-05
318.40597149999667,0.0,0.0,0.0,6.332499323456107e-09,2.468327059296536e-06,-4.655755173427614e-05
318.46161649999704,0.0,0.0,0.0,5.424035513743845e-09,2.4259636685879722e-06,-4.654283152038989e-05
318.5074564999959,0.0,0.0,0.0,5.544486750398113e-09,2.4222849304482903e-06,-4.653547010527171e-05
318.55856369999674,0.0,0.0,0.0,5.70250424665289e-09,2.421546818920333e-06,-4.6529571663929506e-05
318.605587799997,0.0,0.0,0.0,5.809621342146766e-09,2.4205804014296144e-06,-4.6523797081053235e-05
318.65537049999693,0.0,0.0,0.0,5.88702867140514e-09,2.4192122200514093e-06,-4.651791450668388e-05
318.7042228999999,0.0,0.0,0.0,5.95564622687702e-09,2.417903803503356e-06,-4.651204370076175e-05
318.76301149999927,0.0,0.0,0.0,6.028492958171933e-09,2.416691170925988e-06,-4.650611248091466e-05
318.81137760000274,0.0,0.0,0.0,6.093616741037185e-09,2.4152389960309232e-06,-4.65002055347684e-05
318.8572492000021,0.0,0.0,0.0,6.176165866029942e-09,2.414275419245105e-06,-4.649439049873271e-05
318.91167249999853,0.0,0.0,0.0,6.249260221621052e-09,2.4130564219077047e-06,-4.6488565922466664e-05
318.95854110000073,0.0,0.0,0.0,6.309333613318539e-09,2.411426041513758e-06,-4.6482798425737044e-05
319.0122494000025,0.0,0.0,0.0,6.390519533745471e-09,2.4104696894490995e-06,-4.647701167331705e-05
319.0594990999962,0.0,0.0,0.0,6.460570709311585e-09,2.409146889971291e-06,-4.6471323462780875e-05
319.1123789999983,0.0,0.0,0.0,6.519514884927814e-09,2.4074989541497805e-06,-4.646564852784838e-05
319.15510399999766,0.0,0.0,0.0,6.5966876433470525e-09,2.4064010499831785e-06,-4.6460008064412804e-05
319.2135560999959,0.0,0.0,0.0,6.668143912753478e-09,2.4050981432859886e-06,-4.64543822955615e-05
319.264551799999,0.0,0.0,0.0,6.75242853614902e-09,2.4042007777203917e-06,-4.6448764811100166e-05
319.3117360999968,0.0,0.0,0.0,6.810473392354548e-09,2.402540373747908e-06,-4.644320896343529e-05
319.3564976999987,0.0,0.0,0.0,6.875320089153335e-09,2.4010941978837135e-06,-4.643769495107083e-05
319.41187219999847,0.0,0.0,0.0,6.948719313303143e-09,2.3998653220935792e-06,-4.643220155078164e-05
319.4586460999999,0.0,0.0,0.0,7.015600843364262e-09,2.398459852376383e-06,-4.6426771382191825e-05
319.5056437000021,0.0,0.0,0.0,7.091694170862827e-09,2.397285954541643e-06,-4.642133691006199e-05
319.5615145999982,0.0,0.0,0.0,7.162785336736735e-09,2.3960626199992823e-06,-4.641594500020377e-05
319.6115176999956,0.0,0.0,0.0,7.222223468536005e-09,2.39438888262315e-06,-4.6410568188471395e-05
319.66400409999915,0.0,0.0,0.0,7.291702162132573e-09,2.393068421151079e-06,-4.640524140176516e-05
319.71365920000244,0.0,0.0,0.0,7.3642019047854785e-09,2.391805279839702e-06,-4.639996515013714e-05
319.76138840000203,0.0,0.0,0.0,7.43483356170708e-09,2.390546790145058e-06,-4.639471151630714e-05
319.8124228000015,0.0,0.0,0.0,7.50761264507336e-09,2.389245912293927e-06,-4.6389482177285044e-05
319.86178619999555,0.0,0.0,0.0,7.566563762476014e-09,2.3876835432842525e-06,-4.638426017800065e-05
319.9074894000005,0.0,0.0,0.0,7.63794243180582e-09,2.3863430782957243e-06,-4.6379116443645176e-05
319.9648237000001,0.0,0.0,0.0,7.71158353714745e-09,2.3851325406512075e-06,-4.637399369103664e-05
320.01231410000037,0.0,0.0,0.0,7.775633815569669e-09,2.3836739098515653e-06,-4.636888898129257e-05
320.05469649999577,0.0,0.0,0.0,7.838592696322956e-09,2.38219403139894e-06,-4.63638060795246e-05
320.11246299999766,0.0,0.0,0.0,7.90444242869439e-09,2.380660611882663e-06,-4.635879393323356e-05
320.16105219999736,0.0,0.0,0.0,7.980873792179725e-09,2.379557648090826e-06,-4.635377462339735e-05
320.20510099999956,0.0,0.0,0.0,8.029788915444796e-09,2.377671378800437e-06,-4.6348815974111756e-05
320.26265710000007,0.0,0.0,0.0,8.112804851504533e-09,2.3766892153030934e-06,-4.634386175176679e-05
320.3126063000018,0.0,0.0,0.0,8.17590180048314e-09,2.3752143169424457e-06,-4.633898822092201e-05
320.3608105999956,0.0,0.0,0.0,8.242469072189367e-09,2.3737352390240992e-06,-4.6334149300761154e-05
320.4118828999999,0.0,0.0,0.0,8.315146746502123e-09,2.3725454823733244e-06,-4.632928747620736e-05
320.4569186000008,0.0,0.0,0.0,8.37247016417231e-09,2.370859964534877e-06,-4.632449247964603e-05
320.5051797999986,0.0,0.0,0.0,8.44486120532924e-09,2.369536547657205e-06,-4.631974497494461e-05
320.56303269999626,0.0,0.0,0.0,8.50570837426026e-09,2.368036578284513e-06,-4.6314987052299396e-05
320.6121717999995,0.0,0.0,0.0,8.57265097264209e-09,2.3665723311892183e-06,-4.631030023308977e-05
320.66258849999576,0.0,0.0,0.0,8.638719178010985e-09,2.3651857223212503e-06,-4.6305633216909e-05
320.7059922999979,0.0,0.0,0.0,8.703606145646428e-09,2.3637829074193762e-06,-4.6300993640586126e-05
320.76326849999896,0.0,0.0,0.0,8.764692624485061e-09,2.3621320859908715e-06,-4.629640441771869e-05
320.81355359999725,0.0,0.0,0.0,8.836255383597858e-09,2.3608089658797806e-06,-4.629184109447491e-05
320.8619953000016,0.0,0.0,0.0,8.901026512336457e-09,2.359461226816703e-06,-4.628728934840989e-05
320.9068028999973,0.0,0.0,0.0,8.959969404319493e-09,2.35774194191286e-06,-4.6282813789369674e-05
320.96527120000246,0.0,0.0,0.0,9.023277803585706e-09,2.356256160211997e-06,-4.6278352084987175e-05
321.01393400000234,0.0,0.0,0.0,9.09524381296497e-09,2.3549961612692894e-06,-4.627393062952178e-05
321.0634446999975,0.0,0.0,0.0,9.165617009492726e-09,2.353718639582894e-06,-4.626952551135124e-05
321.11239950000163,0.0,0.0,0.0,9.205580008390923e-09,2.3515387375491226e-06,-4.626518043468501e-05
321.1553187000027,0.0,0.0,0.0,9.28424045793742e-09,2.3504482753307476e-06,-4.626083306987469e-05
321.2064352000016,0.0,0.0,0.0,9.345782403374265e-09,2.3488908130696707e-06,-4.62565627476775e-05
321.26245200000267,0.0,0.0,0.0,9.411321989037889e-09,2.34748510392082e-06,-4.625231377986814e-05
321.3124070999984,0.0,0.0,0.0,9.478161606180997e-09,2.34602864028586e-06,-4.6248050929704324e-05
321.3635836999965,0.0,0.0,0.0,9.529411388510423e-09,2.344261135985147e-06,-4.624387560558481e-05
321.4125638999976,0.0,0.0,0.0,9.602283141357656e-09,2.3429730744223495e-06,-4.623972427450261e-05
321.4626038999995,0.0,0.0,0.0,9.658945314560076e-09,2.3412780457021164e-06,-4.623562419006935e-05
321.5072522999981,0.0,0.0,0.0,9.714822360044787e-09,2.3395518326084998e-06,-4.623152260735905e-05
321.5588343999989,0.0,0.0,0.0,9.799209560508263e-09,2.338684240173107e-06,-4.622748708127748e-05
321.61421580000024,0.0,0.0,0.0,9.844584272777233e-09,2.3366631167437174e-06,-4.622343388932859e-05
321.6635991000003,0.0,0.0,0.0,9.905427271418857e-09,2.335025461944309e-06,-4.621947245948369e-05
321.7108961999984,0.0,0.0,0.0,9.980980981135938e-09,2.333931074703685e-06,-4.621550882639441e-05
321.7593519000002,0.0,0.0,0.0,1.0030320473177745e-08,2.3320373768169873e-06,-4.621159708824127e-05
321.8148232999956,0.0,0.0,0.0,1.0090358395458027e-08,2.330432941155585e-06,-4.620771672930286e-05
321.86147150000033,0.0,0.0,0.0,1.0158575280344488e-08,2.329095486448383e-06,-4.620389732953203e-05
321.91259770000033,0.0,0.0,0.0,1.021053850382987e-08,2.327252027529206e-06,-4.620009106801417e-05
321.9657984000005,0.0,0.0,0.0,1.0285905643433803e-08,2.3261043590715945e-06,-4.6196295226112115e-05
322.0106515000007,0.0,0.0,0.0,1.0336008584201545e-08,2.324214676471284e-06,-4.6192576449269626e-05
322.0665493999986,0.0,0.0,0.0,1.0389516955870924e-08,2.322446937209585e-06,-4.6188865444989963e-05
322.1106585000016,0.0,0.0,0.0,1.0459444607495663e-08,2.3211591845689606e-06,-4.618519727946436e-05
322.1566498999964,0.0,0.0,0.0,1.0529459687824004e-08,2.319833866791e-06,-4.618154837457115e-05
322.2064223999987,0.0,0.0,0.0,1.0577281969587924e-08,2.3178687514832227e-06,-4.6177960410220606e-05
322.26369010000053,0.0,0.0,0.0,1.062690257724239e-08,2.316013634842547e-06,-4.6174399251678405e-05
322.3067699999956,0.0,0.0,0.0,1.07067996803331e-08,2.3150099370837692e-06,-4.617085476224906e-05
322.3646019000007,0.0,0.0,0.0,1.0756160795555825e-08,2.313044299428518e-06,-4.616735157766963e-05
322.4148830999984,0.0,0.0,0.0,1.0812705200927088e-08,2.3114784195932826e-06,-4.616390285455498e-05
322.46455050000077,0.0,0.0,0.0,1.08712999247631e-08,2.309776921684129e-06,-4.616046540806294e-05
322.5099248999977,0.0,0.0,0.0,1.0945404761206857e-08,2.3085793236069456e-06,-4.615708087715207e-05
322.56170179999754,0.0,0.0,0.0,1.0988331107022075e-08,2.30649878102078e-06,-4.6153726603942714e-05
322.61209360000066,0.0,0.0,0.0,1.1041110815401602e-08,2.3048035322483586e-06,-4.6150391904208355e-05
322.6648830999984,0.0,0.0,0.0,1.1107398412166261e-08,2.303336417565186e-06,-4.6147132282674646e-05
322.70701910000207,0.0,0.0,0.0,1.117744811271595e-08,2.302040087828679e-06,-4.614385096673219e-05
322.763005599998,0.0,0.0,0.0,0.000357787000921323,0.0033736030234155483,0.11153710540762828
322.80667879999964,0.0,0.0,0.0,0.0004110220188197737,0.004465865319544334,0.2852356448952905
322.8667733999973,0.0,0.0,0.0,0.0007242709848928429,-0.0033743693382582833,0.4453225152895436
322.9085135999994,0.0,0.0,0.0,0.001121921822688621,-0.0008330354072960043,0.5841329335122382
322.9583979000017,0.0,0.0,0.0,0.001274549597876357,-0.0017365156174575561,0.6925180664051322
323.0067182999992,0.0,0.0,0.0,0.0014053312091916598,-0.0030587907043295856,0.7987408913000127
323.0627802000017,0.0,0.0,0.0,0.00168879223541664,0.0037249972026327715,0.9453073465776575
323.10661809999874,0.0,0.0,0.0,0.002106492992940048,0.0032469968385965436,1.145962871217169
323.15961799999786,0.0,0.0,0.0,0.0018731274484551396,-0.0022741414773849084,1.4059885734948154
323.209990299998,0.0,0.0,0.0,0.0029400428257261657,-0.0051992620991196765,1.4950617054106141
323.26299930000096,0.0,0.0,0.0,0.0029118217876236917,-0.0003125556122473411,1.4803663018137443
323.3138187000004,0.0,0.0,0.0,0.002933093481420587,-0.0015765413335061716,1.4461659682200578
323.3622338999994,0.0,0.0,0.0,0.0028701443655867677,5.858425741225647e-05,1.4062609493582887
323.40417799999705,0.0,0.0,0.0,0.0032176461845803087,-0.00895687186012772,1.4054643200075545
323.4627116999982,0.0,0.0,0.0,0.0038825081438317263,-0.0017095566222507152,1.5303706616425146
323.5100487000018,0.0,0.0,0.0,0.0038450134303176457,0.005311415020749145,1.6719039287278759
323.56603670000186,0.0,0.0,0.0,0.0043502663571992175,-0.0013620622493667478,1.8224909688111093
323.60696279999684,0.0,0.0,0.0,0.00351023409105982,0.00633816841458064,1.8762226125144623
323.65896580000117,0.0,0.0,0.0,0.0030531380458681152,0.0043077086778524065,1.883344916171107
323.7071952999977,0.0,0.0,0.0,0.003231191295957636,0.0005283163131505385,1.8824958305025075
323.7586711999975,0.0,0.0,0.0,0.0031553195190243554,0.0006767603165935044,1.8824177000665925
323.8179211000024,0.0,0.0,0.0,0.0031355890407507216,-0.0015572773772584202,1.8822626574231125
323.8640518999964,0.0,0.0,0.0,0.0034760827202741196,-0.002367515206810598,1.8819935387764803
323.9076977000004,0.0,0.0,0.0,0.005307231670093611,-0.0012708182558322286,1.8810707858075713
323.96679140000197,0.0,0.0,0.0,0.0034842819849075215,0.004934850358931301,1.8824041395949107
324.00817809999717,0.0,0.0,0.0,0.00396796367682275,-0.005545856696702556,1.7910104179144963
324.06308909999643,0.0,0.0,0.0,0.0033648926993247023,-0.0002427135299387866,1.660764849682475
324.114104100001,0.0,0.0,0.0,0.0030961844984424146,-4.6235889533538456e-05,1.5319070570236515
324.15804899999785,0.0,0.0,0.0,0.002534540676099818,0.0015803429995899236,1.4012198516257248
324.2124395999999,0.0,0.0,0.0,0.0026491036340005325,0.00016336230134945392,1.2903647250253
324.2553756999987,0.0,0.0,0.0,0.002206276996544648,0.00019819410340025538,1.1945470824918896
324.3147267000022,0.0,0.0,0.0,0.002061461947192835,-0.001077836110701719,1.1023451684816041
324.3613528999995,0.0,0.0,0.0,0.002200704522495847,-0.0013376576549831373,1.0109698379379393
324.4131764999984,0.0,0.0,0.0,0.0018060971336830854,-5.464963348442501e-05,0.9303738759433948
324.4618241999997,0.0,0.0,0.0,0.0019237569007668578,-0.0021972870416031858,0.8623827219720144
324.5070240999994,0.0,0.0,0.0,0.0017932146207980538,0.00037678472754404114,0.7922239927582275
324.5630850000016,0.0,0.0,0.0,0.001759993075318467,-0.0018673782919098614,0.7325044428872997
324.61585229999764,0.0,0.0,0.0,0.0014957753686818801,0.0002516438954828413,0.6776712078000549
324.66406090000237,0.0,0.0,0.0,0.0021400633595637774,-0.006218602329177047,0.6563142475706136
324.7122780999998,0.0,0.0,0.0,0.001447774708515161,0.00022403183288223076,0.6466408155599905
324.7627977000011,0.0,0.0,0.0,0.001677304034683979,0.000865091889554917,0.6460841223056513
324.8129579000015,0.0,0.0,0.0,0.001418017769793506,0.005020042093034383,0.6594174986055608
324.8572287999996,0.0,0.0,0.0,0.0014891902885811438,-0.00033733648668841617,0.6864962115555626
324.9148206000027,0.0,0.0,0.0,0.001482208009974522,-0.0013584629236696316,0.6991371050192553
324.96150769999804,0.0,0.0,0.0,0.002493486252650717,0.0018092245280200425,0.6558540440626492
325.01319610000064,0.0,0.0,0.0,0.0007788629957441399,0.004495240809018519,0.5351942144696256
325.05733229999896,0.0,0.0,0.0,0.000660720136777612,-0.00035404272955357293,0.385646494825182
325.1076233999993,0.0,0.0,0.0,-0.0005977106531174141,0.004971754959536456,0.22435035566489597
325.162668799996,0.0,0.0,0.0,0.0006198330223926259,0.0065146321542773646,0.1464102883918144
325.21314690000145,0.0,0.0,0.0,0.0005224019045923561,0.0015588042438990759,0.20366664922110128
325.2680728999985,0.0,0.0,0.0,0.0002087079228574281,-0.0025924256641143657,0.23184814005198845
325.30978219999815,0.0,0.0,0.0,0.000655131055511329,0.0008491652833319916,0.2249692725924663
325.3559389000002,0.0,0.0,0.0,0.000263758324069057,0.0017281724043782024,0.20477209717696693
325.4136068000007,0.0,0.0,0.0,0.00043038515301360003,-0.0010915768416694485,0.1899738955914165
325.45851740000217,0.0,0.0,0.0,0.00023684305354710458,-0.0031733843348466955,0.18287208178896364
325.51425010000094,0.0,0.0,0.0,0.00019972310909095956,0.001622544846195962,0.176636592679923
325.55547719999595,0.0,0.0,0.0,0.0007030580505383364,-0.0009629397952755706,0.17073330775431408
325.61206200000015,0.0,0.0,0.0,-0.00010089030323785445,-8.681550754233814e-05,0.1604196737405604
325.65783389999706,0.0,0.0,0.0,0.0004617189858762825,-0.0005225842113190133,0.1539100773000806
325.7146003000016,0.0,0.0,0.0,0.0002639951166460974,0.0015351993023017345,0.14887788788357606
325.7647333999994,0.0,0.0,0.0,0.0006275224261613733,0.0027899250435965434,0.14489034079402485
325.80738649999694,0.0,0.0,0.0,-6.453137350254932e-05,-0.004427052950413637,0.13977094312464697
325.8608641999963,0.0,0.0,0.0,0.0005001546795648132,0.0019346273014065254,0.1365202763349136
325.91277550000086,0.0,0.0,0.0,0.00031479787322581025,-0.0007794048942535267,0.1330329416856699
325.95843259999674,0.0,0.0,0.0,0.00014157050258919318,0.0005730157100858175,0.12927877763273984
326.01172640000004,0.0,0.0,0.0,0.00016024754228912192,-0.001695604082503924,0.12773055688356305
326.0566980000003,0.0,0.0,0.0,0.0006175162985409615,0.004177099819823354,0.12669786676226621
326.1165785999983,0.0,0.0,0.0,-0.0004389397359953344,0.001169435511764495,0.12597515692510458
326.16205269999773,0.0,0.0,0.0,6.879573718812731e-05,0.0004571567749729711,0.12843890651135786
326.2055651999981,0.0,0.0,0.0,8.061369906370929e-05,0.002688034669316633,0.12914139291141324
326.2575241000013,0.0,0.0,0.0,0.00014340953365325312,-0.0017722298229136744,0.13289517777552315
326.31483899999876,0.0,0.0,0.0,0.00023304218103737144,-0.0024548409000134472,0.1384012229690701
326.35988820000057,0.0,0.0,0.0,0.00015532564275073398,0.0028924228961748327,0.14590329296277493
326.40857710000273,0.0,0.0,0.0,0.00016873960178408046,0.0010683251883432997,0.15482592455133914
326.45877330000076,0.0,0.0,0.0,0.0002482378165374243,0.00027651987520162545,0.1708762758779472
326.5147738000014,0.0,0.0,0.0,0.0015013561753742482,-0.0063499987312925455,0.1952492508273698
326.5567741999985,0.0,0.0,0.0,0.000247684157652329,0.0006307469383866377,0.24036232716681175
326.61268249999557,0.0,0.0,0.0,7.56810838592211e-05,0.007337324038457929,0.24786881950262993
326.66207530000247,0.0,0.0,0.0,-1.1492151374550726e-05,0.0004930891458947529,0.23901200245061066
326.7084309999991,0.0,0.0,0.0,-3.167050093740692e-05,0.0005339749282682364,0.22590968426370878
326.75880669999606,0.0,0.0,0.0,0.00024348758429359514,0.0023410723347058165,0.21734158751294497
326.8115880999976,0.0,0.0,0.0,-0.0008042613260130132,-0.001233610383362806,0.20387914522634848
326.85807609999756,0.0,0.0,0.0,0.0009566473173389586,-0.0003158494038505938,0.2002110458346435
326.91206769999553,0.0,0.0,0.0,-0.00046498608098027026,-0.00015832137777873354,0.19714583865390098
326.9673466999957,0.0,0.0,0.0,0.0008111851949425054,-0.0004656468363582652,0.1816186698269368
327.01361960000213,0.0,0.0,0.0,-0.00034172475958167627,-0.0032196513964612003,0.16407303318573552
327.0669890999998,0.0,0.0,0.0,-0.00029194048101824333,-0.009718069415592398,0.05067914731598149
327.1137983000008,0.0,0.0,0.0,-0.00011531005100035332,-0.00252860730202474,-0.0006968714781164663
327.1674578999955,0.0,0.0,0.0,8.943697138448662e-06,-2.1887604971900614e-05,-0.00015976403831130873
327.2138068999993,0.0,0.0,0.0,-6.816946745576223e-05,0.0007679018126564254,0.00016017523899247227
327.2618208999993,0.0,0.0,0.0,4.413874825837185e-05,-0.000493333052303151,2.26575498734485e-05
327.3130779999992,0.0,0.0,0.0,6.749446049623036e-05,-0.00022831259612566372,0.0002113342088737559
327.35915369999566,0.0,0.0,0.0,1.9589939524604723e-05,-1.8311215235533153e-05,2.483894656457272e-05
327.4094755999977,0.0,0.0,0.0,5.131025542435907e-05,-0.00039384146914650303,0.00024176492981051672
327.4640511999969,0.0,0.0,0.0,-4.742653746703883e-05,0.0004934077207361771,0.00017469416817110213
327.5131896000021,0.0,0.0,0.0,4.591431582343523e-06,-5.7858359756839106e-05,0.0002200545780582371
327.56408609999926,0.0,0.0,0.0,-2.9594710910315504e-05,2.7932073333020896e-05,6.282777983177369e-05
327.6081293000025,0.0,0.0,0.0,6.266086244684986e-06,-0.00018115456940092048,-0.00011183539602442372
327.6639692999961,0.0,0.0,0.0,-2.1049068183830673e-05,0.00029093165712158753,-0.00011349716083019708
327.71326150000095,0.0,0.0,0.0,2.45849125506116e-05,-0.00015377563624728772,0.00017769254028147382
327.7600405999983,0.0,0.0,0.0,4.219058155118993e-05,-0.00020046498756298004,0.00021959969269765969
327.81001059999835,0.0,0.0,0.0,-9.321736852558316e-05,9.256720501422829e-05,-0.0001926419866610951
327.8628869999957,0.0,0.0,0.0,1.9605768081247634e-06,-0.00013017708932239124,0.00025641752499213017
327.91407980000076,0.0,0.0,0.0,0.00010176153787516765,-9.655595545985971e-05,9.124688619735936e-05
327.9653601999962,0.0,0.0,0.0,-3.5071676418757564e-05,0.0002692012195916659,0.0002283689250770585
328.00812980000046,0.0,0.0,0.0,-5.0719427514967495e-06,-5.3606964342155095e-05,4.9320893432800935e-05
328.06476739999925,0.0,0.0,0.0,7.350751373165971e-06,0.00011645888477684892,3.866775553238096e-05
328.1142519999994,0.0,0.0,0.0,-4.0858600800567785e-05,0.00032082710344799126,0.0005388376505227511
328.16195580000203,0.0,0.0,0.0,6.255919861523173e-05,-0.0004956636444965847,0.0007414962905675654
328.2138011999996,0.0,0.0,0.0,-2.1129504034308786e-06,0.00022795326273617023,0.0005578497698073303
328.2651049999986,0.0,0.0,0.0,-1.0334767083961246e-05,-0.00031405973288917827,0.0006773659068428227
328.31049340000027,0.0,0.0,0.0,2.8608422054538035e-05,5.509529409253597e-05,0.0002665100038470822
328.3590680999987,0.0,0.0,0.0,2.9503861186667102e-05,-3.324087024309014e-05,8.817454235631097e-05
328.4128012000001,0.0,0.0,0.0,2.556486660553339e-06,-0.0001470328708446979,8.919389014412948e-05
328.4662255000003,0.0,0.0,0.0,-6.364739936043854e-05,0.00043165476321398627,0.00016719645767174595
328.507695100001,0.0,0.0,0.0,3.197706492117274e-05,-0.0002727093621731565,0.0001950673419933296
328.56479789999867,0.0,0.0,0.0,-3.7416683902369405e-06,0.00011715125513685047,3.5192811235371865e-05
328.61161719999654,0.0,0.0,0.0,-4.679878451852785e-06,-7.922385676455485e-05,0.0003398697749810552
328.6601187999986,0.0,0.0,0.0,-8.404712208678979e-05,0.0010912159324639832,0.0002190214905993499
328.7068655999974,0.0,0.0,0.0,3.800173805174849e-05,-0.0010077589634612766,0.000309057174268594
328.7637326999975,0.0,0.0,0.0,2.175037593845758e-05,-0.00025350908587584963,5.004281701310178e-05
328.80701659999613,0.0,0.0,0.0,4.97167789337502e-05,0.000501002669880379,0.00025766404863217886
328.86626930000057,0.0,0.0,0.0,5.83414410975218e-06,-6.411381844319656e-05,9.817462564646882e-05
328.91239730000234,0.0,0.0,0.0,7.84910008979317e-06,-0.000302854670799662,0.00016513475395109114
328.9562050000022,0.0,0.0,0.0,-1.1688744350954348e-05,-3.941695599602718e-05,0.0002604365866186601
329.0075982999988,0.0,0.0,0.0,-1.3600162742223115e-05,-2.631662073046061e-05,0.00023027193545664776
329.0552067000026,0.0,0.0,0.0,-6.15352225016238e-05,0.00015411791269015067,0.0002636855654660732
329.1090597000002,0.0,0.0,0.0,-3.986494478571388e-05,0.0002650465317384815,0.00026013943502212265
329.16415289999713,0.0,0.0,0.0,6.283398413571931e-05,-0.00021417495013397177,0.00043719527204146415
329.2123339999962,0.0,0.0,0.0,6.895050434940178e-05,-8.9695844019888e-05,7.524029037519872e-06
329.25622609999846,0.0,0.0,0.0,-2.6393082123729427e-05,-2.0095273250969293e-05,9.131427252321873e-05
329.3101652999976,0.0,0.0,0.0,-4.6211357885990864e-05,0.0006213139044452993,-0.00014501154081427586
329.36275749999913,0.0,0.0,0.0,4.1212954537278685e-05,-0.0005671072513171982,0.00011254199149152456
329.4098363000012,0.0,0.0,0.0,2.7983932048013496e-06,3.6689950505806334e-05,0.000408746704447853
329.4637255999987,0.0,0.0,0.0,-4.056292030577136e-05,-9.455050523743539e-05,0.000733778589871511
329.51492169999983,0.0,0.0,0.0,0.00010138260350875019,1.5478636221458136e-05,0.0005169846438571832
329.55577959999937,0.0,0.0,0.0,1.4326183654720958e-05,-2.7977916826648745e-06,0.000329945153165231
329.6149377999973,0.0,0.0,0.0,-4.653782801284199e-05,0.00018057471391235298,0.00026760943138644483
329.65578419999656,0.0,0.0,0.0,-5.503699235156689e-06,-0.00019213646039949514,0.00041055831431909896
329.71235539999907,0.0,0.0,0.0,-2.750252731767654e-05,8.317041553080458e-05,0.0003315190530040428
329.76467389999743,0.0,0.0,0.0,-1.0615147013617064e-05,2.748950020105887e-05,0.00017713864855322436
329.8110377999983,0.0,0.0,0.0,-1.25300132377097e-05,-0.0001684575170508775,0.00032086326390303664
329.8644600999978,0.0,0.0,0.0,-6.277785820779544e-05,0.0006334504531175745,0.0003267949616021156
329.9047262999957,0.0,0.0,0.0,5.986948591537183e-05,-0.0004522177265806148,0.0005743260057717293
329.9586435000019,0.0,0.0,0.0,1.3194844798693414e-05,-0.00013399289191196178,1.1448828596342297e-05
330.0121894999975,0.0,0.0,0.0,-7.251015165371844e-05,0.0003343822570818432,-4.225893028360861e-05
330.0645583000005,0.0,0.0,0.0,4.214873915607463e-05,-0.00024539199610275597,-9.773257363237419e-05
330.107751800002,0.0,0.0,0.0,-0.0001150863824154233,0.0002612386051930687,-0.00018294346433031034
330.1650187999985,0.0,0.0,0.0,0.00015345194094457283,-1.6020526459003805e-05,-0.0001316098750357157
330.20594100000017,0.0,0.0,0.0,-3.295145576120869e-05,-4.410514273413317e-05,-0.00014521296301110107
330.26385239999945,0.0,0.0,0.0,1.8272107581729387e-05,-0.0002299187758698283,-9.050418533596007e-05
330.31612529999984,0.0,0.0,0.0,3.638374638811888e-05,-2.185372483269559e-05,-1.9066157919406406e-05
330.36474830000225,0.0,0.0,0.0,1.6050346931559195e-05,3.450095573646355e-06,0.00023736882098675407
330.4074935000026,0.0,0.0,0.0,1.419579599058144e-05,-0.00015342982007597264,0.00018546538613548833
330.45610419999866,0.0,0.0,0.0,-9.513468545307181e-06,4.9519771281080234e-05,0.00012935968739428115
330.5137427000009,0.0,0.0,0.0,-5.2630534741866126e-05,0.0003290450574209374,0.0001438302142784505
330.56134989999555,0.0,0.0,0.0,2.462111039950042e-05,-0.0003203478781539664,0.0006100600079662598
330.61527779999597,0.0,0.0,0.0,2.2075346271139493e-05,-0.0001399853224988061,0.0003452499811463795
330.6618129999988,0.0,0.0,0.0,-8.336538667554636e-05,0.0006804322444754157,0.00026582755143590286
330.7127574999977,0.0,0.0,0.0,4.869701531207648e-05,-0.00042431329417084643,5.350467303498537e-05
330.76180600000225,0.0,0.0,0.0,-0.00010207663490889269,0.00026917392918323507,5.7335406492202514e-05
330.80629919999774,0.0,0.0,0.0,5.551193627403472e-05,8.464249469251652e-05,-4.605361325960688e-05
330.8625678000026,0.0,0.0,0.0,2.2050801561733865e-05,-0.00032988392638893084,-5.7672598593202776e-05
330.9143890999985,0.0,0.0,0.0,-3.508987222228674e-05,0.00012937393213638385,0.0002661446774487699
330.96457669999654,0.0,0.0,0.0,6.241719171247421e-06,0.00037826256706504166,0.00018846514804588254
331.01333149999846,0.0,0.0,0.0,-4.324104886407321e-05,7.58610982152118e-05,0.00020878146316893529
331.06037990000186,0.0,0.0,0.0,3.849259145242085e-05,-0.0003303359882925639,9.364751831472012e-05
331.11185059999843,0.0,0.0,0.0,7.728427836647478e-05,-0.00034596512706297895,0.000505291391528124
331.16163579999557,0.0,0.0,0.0,9.01238209163204e-06,0.0002535695953589416,0.0006622923171127977
331.21445790000143,0.0,0.0,0.0,-2.834343829336969e-05,-0.00021444583262093467,0.00072288998196588
331.26347949999763,0.0,0.0,0.0,4.941428588097263e-05,-8.570452455893507e-05,0.0006255635272491816
331.3134637999974,0.0,0.0,0.0,-4.193822060101218e-05,0.0001719334394642512,0.0006381435877756482
331.36038859999826,0.0,0.0,0.0,-4.825960799817606e-05,0.00018839240536111008,0.00012269980253818818
331.4099008999983,0.0,0.0,0.0,2.6121370165241113e-05,0.000213466559887315,0.00013935716817709234
331.46363839999685,0.0,0.0,0.0,2.1379325209609547e-05,9.833563023110846e-05,0.00021942576251609026
331.51220340000145,0.0,0.0,0.0,1.2226639587292607e-05,-0.0008064825046705851,0.00041519035630916367
331.5626594999994,0.0,0.0,0.0,-1.3722469130822653e-05,0.0003056393819416425,0.00016197826405868295
331.6078525999983,0.0,0.0,0.0,2.5031356522112544e-05,-0.00018755141183774207,0.0002582464901630529
331.6631042000008,0.0,0.0,0.0,-5.1721501311047756e-05,3.723994283772392e-05,0.0003022922022915478
331.71066289999726,0.0,0.0,0.0,4.507402641211175e-05,-3.719853712279209e-06,0.00032170574883889295
331.75819059999776,0.0,0.0,0.0,-4.396365069783216e-05,2.6661619712826e-06,0.0002743949325372095
331.81041939999704,0.0,0.0,0.0,2.2542442966379135e-05,6.723414829313806e-05,0.00021081178592377808
331.86731839999993,0.0,0.0,0.0,4.118630407608104e-05,-6.11664732151209e-05,0.0002411367065579966
331.91554709999764,0.0,0.0,0.0,-0.0001000408263903401,0.0009837524836858302,0.0001367658228120498
331.95879109999805,0.0,0.0,0.0,8.786958059731267e-05,-0.0010190725023112232,0.00015692649232009332
332.0103756999961,0.0,0.0,0.0,-2.87295122371913e-06,-3.0034362317930633e-05,0.00016394129604624318
332.0644086999964,0.0,0.0,0.0,-4.564190368990738e-05,0.00024068466006175576,0.00041720272134661756
332.1180361000006,0.0,0.0,0.0,-2.1726194280752952e-05,5.367767134450692e-05,0.0004545910703963139
332.1655280999985,0.0,0.0,0.0,1.5181529933843233e-05,9.722058746111398e-05,0.00047622324055747044
332.2117552999989,0.0,0.0,0.0,5.909571455362572e-05,-0.0003520858018557607,0.00027711844097346464
332.2633494999973,0.0,0.0,0.0,-1.638019204890048e-05,0.00014985059508414096,0.0004201305043047124
332.309342499997,0.0,0.0,0.0,-4.914975050829702e-05,6.177569977480521e-05,-1.4760720409093089e-05
332.36480070000107,0.0,0.0,0.0,1.4448480704778428e-05,-0.00016143572212068405,-4.4876774375572395e-05
332.4146516999972,0.0,0.0,0.0,2.2907040125018586e-05,6.660438587563895e-05,-0.00018905618851718125
332.4574100000027,0.0,0.0,0.0,-4.940490729277318e-05,0.0001057594145800908,0.0006233419163019444
332.5165620999978,0.0,0.0,0.0,7.342780674537439e-05,0.0001021196439768136,0.000596531424266573
332.5664223999993,0.0,0.0,0.0,6.580605351928406e-06,-0.00024905757096805816,0.0007073221940147459
332.6135800999982,0.0,0.0,0.0,-1.7468153273302626e-05,0.00011110038104190668,0.0005539922052200813
332.6562367000006,0.0,0.0,0.0,-1.656828830574219e-05,-0.00013928403677055773,0.0005386205808484305
332.7070558999985,0.0,0.0,0.0,-2.3892623465608165e-05,0.0007603432604979974,0.00043258565180395454
332.76097429999936,0.0,0.0,0.0,-2.1635225258560417e-08,-4.9969980679651644e-05,0.00045519075491972445
332.8080684000015,0.0,0.0,0.0,6.195110443254424e-05,-0.0005192360019799547,0.000501745863084569
332.8562445999996,0.0,0.0,0.0,-3.2319575391151554e-05,3.0052601166792466e-05,0.00013985604213837184
332.91055349999806,0.0,0.0,0.0,-4.0267170945926006e-05,2.997259878994655e-05,0.0001784516831984119
332.9646814000007,0.0,0.0,0.0,-8.834378987843553e-06,-0.00024287038803003704,0.00019346863142253988
333.0130205999958,0.0,0.0,0.0,8.673499388972867e-05,0.00018603127573033025,0.00017330338877723299
333.0612108999994,0.0,0.0,0.0,-3.2606760814028354e-05,-7.416041821505577e-05,0.0003949046451227304
333.10779329999787,0.0,0.0,0.0,1.249694091777556e-05,-3.450365157334377e-05,-7.406290887063961e-05
333.16671929999575,0.0,0.0,0.0,-1.4802857324903555e-05,0.00041842316888901244,-7.204255860294413e-05
333.2099696000005,0.0,0.0,0.0,6.860490085310054e-05,-0.0006161312581637133,7.940526765348922e-05
333.2610519000009,0.0,0.0,0.0,-4.254855219187727e-05,0.00019316031369679998,0.00013871578606257444
333.3105263999969,0.0,0.0,0.0,5.335204936121087e-05,-0.00011072183623004993,9.484200243534421e-05
333.3586615999957,0.0,0.0,0.0,-9.097780761494877e-05,5.977551161680915e-05,0.0006083660005239473
333.40559770000255,0.0,0.0,0.0,-1.2726273644241173e-06,0.00016368241475330945,-7.358366577444183e-05
333.4593547999975,0.0,0.0,0.0,-1.430455639384675e-05,4.64453021279105e-05,0.0002759759352184049
333.51259530000243,0.0,0.0,0.0,4.362120382709238e-05,-0.00021818879849989494,0.0004880618719285626
333.5572573000027,0.0,0.0,0.0,-1.8598262217619248e-05,0.00021355993407596343,-7.496502289304722e-06
333.60548169999674,0.0,0.0,0.0,1.2125752112737793e-06,-4.361031959289693e-05,-0.00014569713790899385
333.65406280000025,0.0,0.0,0.0,-1.4105557131768575e-05,0.0002784212733844577,1.1203070389505086e-05
333.7147511000003,0.0,0.0,0.0,9.094730980469605e-06,-0.00024048030155814114,0.00025056208337758665
333.7656872000007,0.0,0.0,0.0,4.4475652239455584e-05,-0.00020955538871581642,0.0002822643878580797
333.81515919999947,0.0,0.0,0.0,-4.545617295800672e-05,0.00013505964266869044,0.0002097062248665729
333.86151729999983,0.0,0.0,0.0,3.3219155926711137e-06,0.00012012704130936852,0.00019110325451379283
333.91048659999797,0.0,0.0,0.0,1.8769183408618516e-05,7.870922872329586e-05,0.00019221913465962805
333.96055049999995,0.0,0.0,0.0,4.933577296134381e-05,-0.0005096454324119309,0.0001749210554819097
334.0102530000004,0.0,0.0,0.0,1.2193977562667519e-06,-5.512445783659605e-05,0.00021989119952441007
334.06081489999633,0.0,0.0,0.0,-8.067885564933845e-06,0.00012255535946927406,0.00019774279873846582
334.11060120000184,0.0,0.0,0.0,-3.999883671614898e-05,0.0002379552872786209,0.00014938708284120401
334.16344769999705,0.0,0.0,0.0,-1.132376639738097e-05,-0.00020676785963466527,6.348979651153341e-05
334.2110057000027,0.0,0.0,0.0,4.7683539742938715e-05,-3.984560192795292e-06,4.9757360286057144e-05
334.26093409999885,0.0,0.0,0.0,-1.2513807590199816e-05,9.952400599209913e-05,5.7399866995995725e-05
334.3058682999981,0.0,0.0,0.0,-3.0696281100092956e-05,0.00022378522312931987,0.00016276887850835827
334.36267190000217,0.0,0.0,0.0,-2.0505025249310703e-05,7.015335852962057e-05,0.00011464935444193554
334.4062799000021,0.0,0.0,0.0,3.7994159482168705e-05,-0.00014790156834413568,0.0002594463566022204
334.46726079999644,0.0,0.0,0.0,1.7579929107759894e-05,0.0003896259952966967,0.10545015098388591
334.51214929999696,0.0,0.0,0.0,0.0011734456651932967,0.00019751090575805298,0.27181399220224867
334.5640743999975,0.0,0.0,0.0,0.0009665378120935965,-0.0009155324770349007,0.42813423292673225
334.61242109999876,0.0,0.0,0.0,0.0010139545017112642,-0.0015434512806269975,0.5989034264207066
334.6628531000024,0.0,0.0,0.0,0.0013183166153315528,-0.0006189534752168704,0.8034416946678955
334.7141122999965,0.0,0.0,0.0,0.0020011463305429273,0.0025327471229248835,1.061853835951536
334.7561108000009,0.0,0.0,0.0,0.002380769232283082,0.0034898423554026023,1.3538005819277106
334.80546189999586,0.0,0.0,0.0,0.0026234546166154366,0.0019100387378739783,1.651667528016751
334.8591274999999,0.0,0.0,0.0,0.0034795014368028806,-0.006300745168573775,1.8144612565794696
334.9138383000027,0.0,0.0,0.0,0.0038531409486743315,-0.0018820232866095152,1.8354162948666426
334.9576947000023,0.0,0.0,0.0,0.003441274453360407,-0.0001414772551523386,1.8495882373534855
335.00718100000086,0.0,0.0,0.0,0.0035687789860042304,-0.0024744826572177135,1.883168030143485
335.06355359999725,0.0,0.0,0.0,0.0035873961762560233,0.0030043580699215594,1.879887291010895
335.1090884000005,0.0,0.0,0.0,0.003713664328512983,-0.0011143249053532788,1.8789049301622265
335.16246800000226,0.0,0.0,0.0,0.003232044527242271,0.0033329045753014925,1.8837759774230962
335.2054563999991,0.0,0.0,0.0,0.003674814404726558,-0.003709671136797417,1.8848752582977981
335.2553079999998,0.0,0.0,0.0,0.0031648371752262395,0.0036271302885448895,1.881426558014852
335.3088394000006,0.0,0.0,0.0,0.003603071402677963,-0.001574326693636833,1.8804059565377884
335.3596988999998,0.0,0.0,0.0,0.0035752351152563756,-0.0013956005649365549,1.8805315729640073
335.40889739999693,0.0,0.0,0.0,0.003103719347167342,0.003479244563323147,1.8816499208970825
335.4619470999969,0.0,0.0,0.0,0.003759838039771846,-0.0039330286226142005,1.8824592901088857
335.50621580000006,0.0,0.0,0.0,0.0048738750306431804,-0.0005909523286940808,1.8821326846891813
335.562153400002,0.0,0.0,0.0,0.0034824055298917646,0.0035487103071322086,1.812531069293314
335.61195520000183,0.0,0.0,0.0,0.0036785678474124794,-0.004504040369955618,1.692754808350184
335.6629010999968,0.0,0.0,0.0,0.0030366803428860936,0.0024045938975039162,1.559229819920684
335.7164283999955,0.0,0.0,0.0,0.0029087952951241847,-6.465491069531272e-05,1.4400480347598956
335.76167039999564,0.0,0.0,0.0,0.002858291148452984,7.08671668567029e-05,1.3170203240456122
335.8066614999989,0.0,0.0,0.0,0.002490758721506231,-0.0014504407007774414,1.2170520681785366
335.8645658000023,0.0,0.0,0.0,0.0021889559091614486,-0.0007889966556228827,1.1205760976421646
335.9162490000017,0.0,0.0,0.0,0.002001887328080956,0.0035906567389855735,1.032527213793124
335.96331369999825,0.0,0.0,0.0,0.0018110273510043497,-0.00010164852033495827,0.945812465608779
336.0131629000025,0.0,0.0,0.0,0.0019576706518944927,-0.0038791722218786424,0.8732746935375082
336.0610419000004,0.0,0.0,0.0,0.0018900927627628979,-0.0032212394149298794,0.8021550871108374
336.11542629999894,0.0,0.0,0.0,0.0017703488525191936,-4.124097113440099e-05,0.7423655715401088
336.15887289999955,0.0,0.0,0.0,0.0016392347331190904,-0.00013670285215285926,0.6869008573799611
336.2130956999972,0.0,0.0,0.0,0.001812231357821521,-0.008411789942518214,0.6816423489967515
336.25998190000246,0.0,0.0,0.0,0.0014635822430877474,0.00454405753282003,0.6684437868041269
336.30550969999604,0.0,0.0,0.0,0.0015176182405211,0.0016157828944205373,0.6649630775701885
336.3589884999965,0.0,0.0,0.0,0.0016461811350564235,8.558949373277698e-05,0.6771349822926251
336.41473199999746,0.0,0.0,0.0,0.0017920276396455543,-0.0003289894323386337,0.6991227999879536
336.4609741000022,0.0,0.0,0.0,0.0021870474432090486,-0.0032692281125586975,0.7045168741802936
336.5134040999983,0.0,0.0,0.0,0.0015817727149446434,0.0048007456978062715,0.6495560801327827
336.55726960000175,0.0,0.0,0.0,0.001325223678880125,0.0019185812320658005,0.5310231924617479
336.61191939999844,0.0,0.0,0.0,-0.00019552802561288574,0.0030193400917773367,0.37137167100433266
336.66314330000023,0.0,0.0,0.0,0.0008020771004171657,0.0027239011492256344,0.20573438558730844
336.71423259999574,0.0,0.0,0.0,0.0008641523535726987,0.007790814216330568,0.13611732568393717
336.7561893999955,0.0,0.0,0.0,-0.000119000156863226,0.0021459692711942933,0.20330474950200958
336.8128613000008,0.0,0.0,0.0,0.0003600092206173259,-0.0027646527866004873,0.2215428435125573
336.8635056999992,0.0,0.0,0.0,5.052278601482458e-05,0.0021883960486285396,0.2112696380350395
336.912972099999,0.0,0.0,0.0,0.00022732726040362023,0.001899850341603233,0.19429786505692645
336.9545978000024,0.0,0.0,0.0,0.00023903974066346003,-0.0011397079498507668,0.18424243336740104
337.0057334000012,0.0,0.0,0.0,0.0004695150375096945,-0.0015120885065419832,0.17399381059394425
337.0559196999966,0.0,0.0,0.0,0.00016070954608176345,0.001790691486168185,0.16355640518675563
337.10586740000144,0.0,0.0,0.0,0.00022515035778819469,-0.0004215247121819255,0.1553115385938527
337.1563107999973,0.0,0.0,0.0,0.0001855969465404606,-0.002131779129261167,0.14670049524676299
337.21666379999806,0.0,0.0,0.0,6.391836085652909e-05,0.003507869279520718,0.13892391473338642
337.2556934999957,0.0,0.0,0.0,0.00030713671711729557,-0.00300553516516972,0.12915459968533233
337.3135712000003,0.0,0.0,0.0,0.00021791823213809423,0.0008679416835578392,0.12525329021225415
337.35897609999665,0.0,0.0,0.0,0.00029556845987501184,-0.0005554571307598794,0.11933923510986523
337.4071507999979,0.0,0.0,0.0,0.0001441658513712414,0.0017753626289242447,0.11394819381006902
337.46026580000034,0.0,0.0,0.0,0.000332078645498696,-0.0037913408202394504,0.10889032437089827
337.51410490000126,0.0,0.0,0.0,0.00027250539539970834,0.0011239249550851747,0.10479650279676023
337.5610757999966,0.0,0.0,0.0,0.00016340920352338428,0.0006164107969956556,0.09938224160851537
337.6054790999988,0.0,0.0,0.0,-0.00010226958068362374,-0.0008928180969615147,0.09495195590737932
337.6686544999975,0.0,0.0,0.0,0.001292748424850306,0.00129081887723123,0.09290232704963562
337.7126680000001,0.0,0.0,0.0,-0.0013014738858029735,0.002695951110561366,0.09237666558242716
337.7623464999997,0.0,0.0,0.0,0.0010316274145975978,-0.0013236766976311993,0.09329945718533422
337.8073118999964,0.0,0.0,0.0,-0.000325813758304993,-0.00020331417688923081,0.09038716821698768
337.8568834999969,0.0,0.0,0.0,-0.00046642413629084596,-0.0008507222926091959,0.08628810178497154
337.9119776000007,0.0,0.0,0.0,-0.00017290146434302488,-0.0009526944090012358,0.08301541240015303
337.9603999999963,0.0,0.0,0.0,0.00010121074843572896,0.0006887099249551585,0.08201383244984653
338.0053717999981,0.0,0.0,0.0,-0.0006840024527048266,0.0018139045191366697,0.08150184513533638
338.05816259999847,0.0,0.0,0.0,-0.00036574802795319954,-0.001782944535850289,0.083328421579737
338.1080617999978,0.0,0.0,0.0,0.0017958982075263164,-0.0005143792394438544,0.08304303902835057
338.1642980999968,0.0,0.0,0.0,0.00014678150390528747,-0.0008829011747625518,0.08481589979231917
338.2125473999986,0.0,0.0,0.0,0.00016631032478478237,0.0012089968970363481,0.08815082719607535
338.2574258999957,0.0,0.0,0.0,6.305244242326295e-05,0.002722579727691514,0.09358810385580972
338.3157405999955,0.0,0.0,0.0,4.031153104386583e-05,-0.0015435624205279597,0.10094318248025028
338.36291569999594,0.0,0.0,0.0,0.0002987922510250312,-0.0021852325470010595,0.11249529234424421
338.41237340000225,0.0,0.0,0.0,0.0002951678924309296,-0.0030117428706517156,0.13012446234541603
338.45971879999706,0.0,0.0,0.0,0.00036071356445226436,0.003841649526822397,0.15436198720007444
338.51405610000074,0.0,0.0,0.0,8.391835025999022e-05,0.008412781132975567,0.16703645801881636
338.56163789999846,0.0,0.0,0.0,0.0003431344069729716,0.0008805613220008768,0.17964555648151817
338.6067882999996,0.0,0.0,0.0,0.00020902487509442385,0.0010789427779387222,0.18485512823288192
338.6593267999997,0.0,0.0,0.0,0.00018285520514770584,-0.0007019390946349459,0.18365122219499908
338.71615819999715,0.0,0.0,0.0,2.4325426702860086e-05,0.0010969371991788397,0.1913283643213175
338.76691249999567,0.0,0.0,0.0,0.00014980693565580543,-0.001333429612255578,0.19327497136501004
338.8140816000014,0.0,0.0,0.0,0.00012811805867715426,0.0005479815627460732,0.1981865578831747
338.8574818999987,0.0,0.0,0.0,0.00016331146382246985,-0.0009723639654137413,0.19818614270920687
338.9073602999997,0.0,0.0,0.0,0.00017537147412609088,-0.002823140469245411,0.18315442853687133
338.95558339999843,0.0,0.0,0.0,4.5926887194135046e-05,-0.008512223817776584,0.0685954642906281
339.01329350000015,0.0,0.0,0.0,0.0001356550277540999,-0.00362312589354783,-9.364899080924969e-05
339.06234830000176,0.0,0.0,0.0,-1.0297410613975516e-05,-8.524126737479459e-05,-0.0007880721773978039
339.10615269999835,0.0,0.0,0.0,-1.5391050264946365e-05,7.416740282196197e-05,-0.00020443482870606802
339.16240039999684,0.0,0.0,0.0,-6.636043573810383e-06,1.3285697343276528e-05,2.6356798933274155e-05
339.2125124000013,0.0,0.0,0.0,-2.0642689487040833e-06,3.0838288839953538e-06,0.00010219569788410467
339.25572519999696,0.0,0.0,0.0,-4.0168679980466703e-07,9.491502187992379e-08,0.00012462029555195884
339.3061891999969,0.0,0.0,0.0,1.584560552774713e-07,-2.2160252018792895e-06,0.00013084045821697425
339.36047159999725,0.0,0.0,0.0,1.1628384900657086e-07,9.436222615132405e-07,0.00013194481220225166
339.4105512000024,0.0,0.0,0.0,2.797084478385847e-07,-5.80565203770808e-07,0.00013136710832024266
339.4546862999996,0.0,0.0,0.0,3.049892112081121e-07,-1.1289515910484759e-06,0.00013154928412905374
339.50941189999867,0.0,0.0,0.0,3.1473562516665356e-07,-1.0901181050613126e-06,0.00013165725775890605
339.5559754999995,0.0,0.0,0.0,3.1855263916514977e-07,-1.0972785268868715e-06,0.00013166806161965793
339.61177950000274,0.0,0.0,0.0,3.198896858605918e-07,-1.1023647891158054e-06,0.00013163985705764818
339.6551561000015,0.0,0.0,0.0,3.203164279916371e-07,-1.1054944018355304e-06,0.0001315989970564157
339.7077253000025,0.0,0.0,0.0,3.2044564965991477e-07,-1.1081305658034574e-06,0.00013155437485294811
339.76509179999994,0.0,0.0,0.0,3.204857934736391e-07,-1.110628850436627e-06,0.00013150865940199434
339.80633549999766,0.0,0.0,0.0,3.2050105073633415e-07,-1.1130928735303782e-06,0.00013146259288843255
339.8633533999964,0.0,0.0,0.0,3.2050980198172804e-07,-1.1155514380758158e-06,0.0001314163697307961
339.9059494999965,0.0,0.0,0.0,3.205170141631918e-07,-1.1180116897545516e-06,0.00013137003829961558
339.9645689999961,0.0,0.0,0.0,3.2052396285078217e-07,-1.1204754295189786e-06,0.00013132360979695447
340.01607499999955,0.0,0.0,0.0,3.2053094680011464e-07,-1.1229431975119098e-06,0.00013127708660284616
340.0559396000026,0.0,0.0,0.0,3.2053802587996836e-07,-1.1254148181497366e-06,0.0001312304692179543
340.1100778999971,0.0,0.0,0.0,3.205452638937125e-07,-1.1278905414724997e-06,0.00013118375737353866
340.16256469999644,0.0,0.0,0.0,3.205526370347702e-07,-1.1303702308541002e-06,0.00013113695110959358
340.2146868999989,0.0,0.0,0.0,3.2056013936461913e-07,-1.1328538731727128e-06,0.00013109005038365864
340.26393870000175,0.0,0.0,0.0,3.205677883157892e-07,-1.1353415362960864e-06,0.00013104305499198976
340.31145480000123,0.0,0.0,0.0,3.205755809271648e-07,-1.137833182357777e-06,0.0001309959648094132
340.3594044999991,0.0,0.0,0.0,3.2058350952718034e-07,-1.1403287317197553e-06,0.00013094877981512196
340.40730910000275,0.0,0.0,0.0,3.205915972845943e-07,-1.14282841414343e-06,0.00013090149976067455
340.4625031999967,0.0,0.0,0.0,3.205998395906708e-07,-1.1453319719486215e-06,0.00013085412460389571
340.5132538999969,0.0,0.0,0.0,3.206082155817714e-07,-1.1478394792638605e-06,0.0001308066541829864
340.5604123000012,0.0,0.0,0.0,3.2061677724266507e-07,-1.1503510246968072e-06,0.00013075908844682654
340.60722440000245,0.0,0.0,0.0,3.2062546778353856e-07,-1.1528664174556625e-06,0.0001307114272988843
340.66525230000116,0.0,0.0,0.0,3.206343271926525e-07,-1.155385804420197e-06,0.00013066367064280672
340.7119743000003,0.0,0.0,0.0,3.206433600338812e-07,-1.1579091740821184e-06,0.00013061581829679105
340.7567829999971,0.0,0.0,0.0,3.2065255779640585e-07,-1.160436422291045e-06,0.00013056787022393352
340.8116799999989,0.0,0.0,0.0,3.2066191717763984e-07,-1.1629676092074543e-06,0.00013051982641202256
340.86416830000235,0.0,0.0,0.0,3.206714469724477e-07,-1.1655026897983036e-06,0.00013047168672754753
340.9071743999957,0.0,0.0,0.0,3.206811568280445e-07,-1.1680417544487724e-06,0.0001304234509170878
340.96218360000057,0.0,0.0,0.0,3.2069103595519984e-07,-1.1705846259927394e-06,0.00013037511913747857
341.00501839999924,0.0,0.0,0.0,3.2070110323488926e-07,-1.1731314411745337e-06,0.00013032669120218037
341.0582940000022,0.0,0.0,0.0,3.2071134252353324e-07,-1.17568210281927e-06,0.00013027816703571596
341.1068155999965,0.0,0.0,0.0,3.207217873586763e-07,-1.1782366803164236e-06,0.00013022954650649128
341.15713649999816,0.0,0.0,0.0,3.207324233629475e-07,-1.180795172196947e-06,0.000130180829645883
341.2073014999987,0.0,0.0,0.0,3.207432367968228e-07,-1.1833574321022518e-06,0.00013013201626322778
341.25959149999835,0.0,0.0,0.0,3.2075426182433486e-07,-1.1859235562817662e-06,0.00013008310635238525
341.3130093,0.0,0.0,0.0,3.2076548037749494e-07,-1.1884935455128053e-06,0.00013003409989588563
341.36200760000065,0.0,0.0,0.0,3.2077689894423793e-07,-1.1910673483400105e-06,0.00012998499683543801
341.4080096999969,0.0,0.0,0.0,3.207885332631819e-07,-1.1936449971415756e-06,0.0001299357970167062
341.4642088999972,0.0,0.0,0.0,3.2080040268150586e-07,-1.196226459868964e-06,0.0001298865004221879
341.5128382999974,0.0,0.0,0.0,3.208124635793915e-07,-1.1988116872939497e-06,0.00012983710692369304
341.5594149999961,0.0,0.0,0.0,3.208247515751793e-07,-1.201400728987818e-06,0.00012978761660778542
341.6164088000005,0.0,0.0,0.0,3.2083726220865643e-07,-1.203993489375843e-06,0.00012973802933402906
341.6677703000023,0.0,0.0,0.0,3.208499896670436e-07,-1.206590031015866e-06,0.00012968834511630477
341.70897310000146,0.0,0.0,0.0,3.2086295391763414e-07,-1.2091903082443802e-06,0.00012963856376030703
341.76201939999737,0.0,0.0,0.0,3.2087618167826996e-07,-1.2117943666666544e-06,0.0001295886853875799
341.8121533000012,0.0,0.0,0.0,3.208896358552784e-07,-1.214402176642655e-06,0.0001295387098088645
341.86150120000093,0.0,0.0,0.0,3.2090335476975227e-07,-1.2170136541826221e-06,0.00012948863707131376
341.91085049999674,0.0,0.0,0.0,3.209172991764994e-07,-1.2196287922882106e-06,0.00012943846717329793
341.9633310999998,0.0,0.0,0.0,3.209315194893655e-07,-1.222247623953158e-06,0.00012938820001845872
342.0111795999983,0.0,0.0,0.0,3.209459970935028e-07,-1.2248701878696846e-06,0.00012933783556573302
342.06392960000085,0.0,0.0,0.0,3.209607419083363e-07,-1.2274963456138917e-06,0.00012928737372740927
342.1132011000009,0.0,0.0,0.0,3.209757645519106e-07,-1.2301261633866058e-06,0.00012923681453428425
342.1652256000016,0.0,0.0,0.0,3.209910605736943e-07,-1.232759603705481e-06,0.00012918615803743347
342.20795830000134,0.0,0.0,0.0,3.210066381248426e-07,-1.2353966326189407e-06,0.0001291354040617132
342.260351799996,0.0,0.0,0.0,3.210225198262237e-07,-1.2380372824989363e-06,0.00012908455269619736
342.3127797999987,0.0,0.0,0.0,3.2103869431833377e-07,-1.2406814650127587e-06,0.00012903360394783813
342.36574429999746,0.0,0.0,0.0,3.210551712186724e-07,-1.2433292173461424e-06,0.00012898255772170143
342.412937299996,0.0,0.0,0.0,3.210719660844179e-07,-1.2459805386735705e-06,0.00012893141393589426
342.4615386000005,0.0,0.0,0.0,3.210890807162397e-07,-1.2486353800321477e-06,0.0001288801725954128
342.51381070000207,0.0,0.0,0.0,3.211064908351987e-07,-1.251293711446203e-06,0.00012882883371915366
342.5657868999988,0.0,0.0,0.0,3.211242538439885e-07,-1.2539555057910663e-06,0.00012877739733870768
342.6122080999994,0.0,0.0,0.0,3.2114234531320744e-07,-1.2566207242509572e-06,0.0001287258634424407
342.6630342999997,0.0,0.0,0.0,3.2116078549909006e-07,-1.259289488023149e-06,0.00012867423199702362
342.707797199997,0.0,0.0,0.0,3.2117959595750773e-07,-1.2619616494536377e-06,0.00012862250302714473
342.76473270000133,0.0,0.0,0.0,3.211987411913869e-07,-1.2646372123330115e-06,0.0001285706764490139
342.8116607999982,0.0,0.0,0.0,3.212182572454854e-07,-1.267316075025876e-06,0.00012851875234725691
342.86139320000075,0.0,0.0,0.0,3.212381544864663e-07,-1.2699983525616452e-06,0.00012846673066163069
342.907498499997,0.0,0.0,0.0,3.212584468118338e-07,-1.2726840332021958e-06,0.00012841461139933967
342.9625756000023,0.0,0.0,0.0,3.2127913380918143e-07,-1.2753729991911625e-06,0.00012836239460896058
343.014485599997,0.0,0.0,0.0,3.213002139919135e-07,-1.2780652127812588e-06,0.00012831008024747498
343.06212219999725,0.0,0.0,0.0,3.2132171388506175e-07,-1.2807607771496697e-06,0.0001282576682768301
343.108138399999,0.0,0.0,0.0,3.213436264605472e-07,-1.2834595303374698e-06,0.00012820515869537278
343.1563341000001,0.0,0.0,0.0,3.21365972366068e-07,-1.286161529278981e-06,0.0001281525515685856
343.2069918999987,0.0,0.0,0.0,3.2138877926922144e-07,-1.2888667348660292e-06,0.00012809984689672252
343.2627407999971,0.0,0.0,0.0,3.214120087529557e-07,-1.2915750800725817e-06,0.00012804704473033578
343.31277509999927,0.0,0.0,0.0,3.2143571023514376e-07,-1.2942865558554227e-06,0.00012799414504412356
343.36309549999714,0.0,0.0,0.0,3.2145988685244483e-07,-1.297001191099401e-06,0.00012794114790830376
343.41373739999835,0.0,0.0,0.0,3.2148456220697125e-07,-1.2997188624058879e-06,0.00012788805331841857
343.4567790000001,0.0,0.0,0.0,3.2150972207423235e-07,-1.3024397414617849e-06,0.00012783486116428497
343.5122526999985,0.0,0.0,0.0,3.2153541646223716e-07,-1.3051635815725008e-06,0.0001277815715874202
343.55495820000215,0.0,0.0,0.0,3.215616011184393e-07,-1.30789038695305e-06,0.00012772818447850687
343.6109149999975,0.0,0.0,0.0,3.2158833452483776e-07,-1.3106202083007948e-06,0.0001276746999565622
343.6620805999992,0.0,0.0,0.0,3.2161560129818717e-07,-1.3133529574546324e-06,0.00012762111801050078
343.7095945999972,0.0,0.0,0.0,3.216434398864746e-07,-1.3160886480665297e-06,0.00012756743857200874
343.76360379999824,0.0,0.0,0.0,3.21671855921091e-07,-1.3188272177866803e-06,0.00012751366177181218
343.80580010000267,0.0,0.0,0.0,3.217008657118356e-07,-1.3215686370130636e-06,0.00012745978763626522
343.85870969999814,0.0,0.0,0.0,3.2173047087155764e-07,-1.3243128612244217e-06,0.0001274058161906256
343.9138043999992,0.0,0.0,0.0,3.217607181333006e-07,-1.3270599436908331e-06,0.000127351747338815
343.95592329999636,0.0,0.0,0.0,3.2179157705749255e-07,-1.329809705941369e-06,0.00012729758119216705
344.0081752999977,0.0,0.0,0.0,3.218231089577497e-07,-1.3325622696192037e-06,0.00012724331778698206
344.0575936999958,0.0,0.0,0.0,3.218553019978244e-07,-1.3353173861550213e-06,0.0001271889570069835
344.1138673999958,0.0,0.0,0.0,3.2188817922463435e-07,-1.3380752436991791e-06,0.00012713449905753542
344.1554682999995,0.0,0.0,0.0,3.2192177309476254e-07,-1.3408357383506723e-06,0.0001270799438389697
344.20552039999893,0.0,0.0,0.0,3.219560935055597e-07,-1.3435987762268803e-06,0.0001270252913082596
344.26576560000103,0.0,0.0,0.0,3.2199117332423273e-07,-1.3463644159628134e-06,0.00012697054159526968
344.31263829999807,0.0,0.0,0.0,3.2202699491655035e-07,-1.3491324250647897e-06,0.0001269156947463756
344.3545129999984,0.0,0.0,0.0,3.2206360626324663e-07,-1.3519029566957855e-06,0.00012686075062108565
344.40920180000103,0.0,0.0,0.0,3.2210103510480863e-07,-1.3546759629466349e-06,0.00012680570926767125
344.4563563999982,0.0,0.0,0.0,3.2213928645079787e-07,-1.3574511970133878e-06,0.0001267505708251922
344.5050721000007,0.0,0.0,0.0,3.2217840331257064e-07,-1.360228916869672e-06,0.00012669533521755014
344.5549420000025,0.0,0.0,0.0,3.2221840399986015e-07,-1.363008874906375e-06,0.00012664000242614123
344.6066967000006,0.0,0.0,0.0,3.2225929159657377e-07,-1.3657910465734443e-06,0.00012658457249231934
344.66282879999926,0.0,0.0,0.0,3.223011143668594e-07,-1.3685754651477068e-06,0.0001265290453935578
344.70632789999945,0.0,0.0,0.0,3.2234390948927043e-07,-1.3713620244244169e-06,0.00012647342113676573
344.7608020999978,0.0,0.0,0.0,3.223876821771501e-07,-1.3741507197770504e-06,0.00012641769974941662
344.8131214000023,0.0,0.0,0.0,3.2243244774847436e-07,-1.3769414193071364e-06,0.00012636188122706055
344.8580062999972,0.0,0.0,0.0,3.2247826331675036e-07,-1.3797341025464541e-06,0.00012630596554799725
344.9145458999992,0.0,0.0,0.0,3.2252516055803704e-07,-1.382528867922968e-06,0.00012624995262337695
344.9591553999999,0.0,0.0,0.0,3.2257316358880293e-07,-1.3853254720958638e-06,0.00012619384249232179
345.01124829999753,0.0,0.0,0.0,3.226223132926806e-07,-1.3881239220471455e-06,0.00012613763517949723
345.06412999999884,0.0,0.0,0.0,3.2267263604564936e-07,-1.390924243189265e-06,0.00012608133065823327
345.11364820000017,0.0,0.0,0.0,3.2272416717700114e-07,-1.3937262804276393e-06,0.0001260249288455142
345.1599948000003,0.0,0.0,0.0,3.2277695682454523e-07,-1.3965300313512746e-06,0.00012596842971603745
345.2124318999995,0.0,0.0,0.0,3.2283103242307805e-07,-1.399335465673971e-06,0.0001259118331723572
345.26249839999946,0.0,0.0,0.0,3.2288641704251256e-07,-1.4021424156601825e-06,0.00012585513925970012
345.3062945999991,0.0,0.0,0.0,3.2294320807691106e-07,-1.4049509478619705e-06,0.00012579834794244904
345.3592917999995,0.0,0.0,0.0,3.230013848182367e-07,-1.4077608852340208e-06,0.00012574145908296095
345.4057055000012,0.0,0.0,0.0,3.2306105640351046e-07,-1.4105722826795548e-06,0.00012568447268835223
345.4578637000013,0.0,0.0,0.0,3.2312222139060777e-07,-1.4133850202010354e-06,0.00012562738867341855
345.5130716999993,0.0,0.0,0.0,3.231849538019768e-07,-1.4161990762788427e-06,0.00012557020686434397
345.56422929999826,0.0,0.0,0.0,3.232492966988268e-07,-1.4190142711084034e-06,0.00012551292726775736
345.61388140000054,0.0,0.0,0.0,3.2331531383550774e-07,-1.4218307037840465e-06,0.00012545554974565247
345.66271089999645,0.0,0.0,0.0,3.233830579185424e-07,-1.424648189417229e-06,0.0001253980741619859
345.7067982000008,0.0,0.0,0.0,3.234525881230632e-07,-1.4274667117692545e-06,0.00012534050040679268
345.7626511999988,0.0,0.0,0.0,3.2352395726724655e-07,-1.4302861659396638e-06,0.00012528282834319384
345.80557659999613,0.0,0.0,0.0,3.2359726241948405e-07,-1.4331064873222808e-06,0.00012522505791975625
345.8612572999991,0.0,0.0,0.0,3.236725575225943e-07,-1.435927675367343e-06,0.0001251671889166071
345.91210699999647,0.0,0.0,0.0,3.2374988551565257e-07,-1.4387495876596723e-06,0.00012510922103867053
345.9561266000019,0.0,0.0,0.0,3.238293542652748e-07,-1.4415721080102808e-06,0.00012505115428224534
346.0088706000024,0.0,0.0,0.0,3.23911046864391e-07,-1.4443952299863485e-06,0.00012499298838441136
346.06354859999556,0.0,0.0,0.0,3.2399501663147144e-07,-1.4472189152269714e-06,0.00012493472307839037
346.11099580000155,0.0,0.0,0.0,-0.00024635091651075997,0.0024351786387876006,-0.11355811548921654
346.1621842999957,0.0,0.0,0.0,-0.0005856546071487676,0.0009393713428188781,-0.2886368950874447
346.2149324999991,0.0,0.0,0.0,-0.0007608841192070369,2.335542095157338e-05,-0.4354878563978949
346.2560796999969,0.0,0.0,0.0,-0.0009656902782415141,-0.0006855276811991092,-0.5621339290593264
346.31291059999785,0.0,0.0,0.0,-0.000716365051456957,0.0009235838056463018,-0.6625173706052362
346.36323149999953,0.0,0.0,0.0,-0.001326874293213947,-0.0016874963445870814,-0.7954272096898942
346.407003100001,0.0,0.0,0.0,-0.0017064509880238732,-0.0036282090034051007,-0.9884024644133351
346.46316379999917,0.0,0.0,0.0,-0.002479236622671463,0.001497653642688526,-1.1883270681762255
346.506034500002,0.0,0.0,0.0,-0.002349305485025289,-0.0023721458065001774,-1.1953410874863697
346.565694799996,0.0,0.0,0.0,-0.002399865509353579,0.0008331617461671252,-1.1187804829164536
346.6069772999981,0.0,0.0,0.0,-0.001987416053159075,-0.00027552463850024874,-1.0184530847802802
346.6557018999956,0.0,0.0,0.0,-0.0020858980913367937,-0.004541129521793446,-0.9053244966493773
346.7052840999968,0.0,0.0,0.0,-0.0019762819070166947,-0.0008834000222025051,-0.8241072779154064
346.7550169000024,0.0,0.0,0.0,-0.00206839138515694,-0.002699491114157143,-0.7941196677958147
346.8151136000015,0.0,0.0,0.0,-0.00145695132209986,0.00241733435156591,-0.7713116030320265
346.8570419000025,0.0,0.0,0.0,-0.0015995604015576167,-0.0014738935343222481,-0.7163656206302532
346.9048161999963,0.0,0.0,0.0,-0.0015221209306191526,-0.00915658873455416,-0.7080879373163024
346.9616290999984,0.0,0.0,0.0,-0.0019998365953849922,0.004357400587966426,-0.7107300702353415
347.00557149999804,0.0,0.0,0.0,-0.0018266970425679253,0.005511701202156397,-0.7224428186463089
347.06871110000066,0.0,0.0,0.0,-0.0009841083625690224,0.0038655673263668375,-0.7492831250783931
347.1112353999997,0.0,0.0,0.0,-0.002684419617975499,-0.0020105082372200754,-0.7987472456350069
347.1581598999983,0.0,0.0,0.0,-0.0021955389178201067,-0.005057316069640795,-0.820860129050976
347.2082698000013,0.0,0.0,0.0,-0.002243439955171389,0.003138902140797337,-0.7907493885935166
347.2650566000011,0.0,0.0,0.0,-0.0017454037898997348,0.0010962761177979955,-0.689838356927774
347.312943500001,0.0,0.0,0.0,-0.0010552661194674837,0.005508779032151575,-0.5277600903556308
347.3557978000026,0.0,0.0,0.0,-0.0008681583055799494,-0.0034533802535114035,-0.3580812504570619
347.4148406999957,0.0,0.0,0.0,4.156802074793914e-05,0.012424431681842308,-0.30445705402016643
347.4621771999955,0.0,0.0,0.0,-0.0004786172642137611,0.0025796433166140895,-0.4194672426703505
347.5142730000007,0.0,0.0,0.0,-0.00039630145434644035,0.0074268726618064536,-0.48129354639334465
347.5644706000021,0.0,0.0,0.0,-0.0005417739677234833,0.0006309280946811351,-0.5000837484777034
347.60547999999835,0.0,0.0,0.0,-0.0005881438514586673,0.0008685423044525807,-0.5247892883105233
347.66542910000135,0.0,0.0,0.0,-0.0004783051088762805,8.329171173720946e-05,-0.5271621486979876
347.7139685000002,0.0,0.0,0.0,-0.00047611288332627475,-0.0013061918391248616,-0.5075546124402922
347.75522510000155,0.0,0.0,0.0,-0.00018397334985642612,0.0011039391516938053,-0.48157562563244194
347.80526259999897,0.0,0.0,0.0,-0.0003505021034232966,-0.0010286341610298935,-0.44124871184986825
347.86397549999674,0.0,0.0,0.0,-0.0012102491135982875,-0.011932444417583675,-0.5173242308370323
347.9150834999964,0.0,0.0,0.0,-0.0013964746476134164,-0.00225814994385259,-0.710140149138504
347.96408579999843,0.0,0.0,0.0,-0.0015298315077180488,0.004194639861990498,-0.9083767521988777
348.0169300999987,0.0,0.0,0.0,-0.0016641608924134834,0.0021346631059625267,-1.0731964842571764
348.06216770000174,0.0,0.0,0.0,-0.0015193877767280645,-0.002822744174810686,-1.2496311291259168
348.11432179999974,0.0,0.0,0.0,-0.002313331104400081,0.0007734623034176335,-1.410167100394657
348.1617855000004,0.0,0.0,0.0,-0.0029642549312619906,0.0011231748254938504,-1.616321429834735
348.2113578999997,0.0,0.0,0.0,-0.002714539661299979,-0.002302050409912147,-1.830513094238061
348.258155800002,0.0,0.0,0.0,-0.0032905588367661775,-0.0014194413757332254,-1.8848708481465495
348.31845059999614,0.0,0.0,0.0,-0.0039483134893966475,-0.0023864461991330967,-1.8771494160807354
348.36304129999917,0.0,0.0,0.0,-0.003411094569480238,-0.00035345078020945466,-1.8841961745299338
348.41192449999653,0.0,0.0,0.0,-0.003405714335949057,0.0002830066303579184,-1.8820407722402157
348.4645743000001,0.0,0.0,0.0,-0.0033427196495095174,0.0006874203659764033,-1.881170398630188
348.5152789999993,0.0,0.0,0.0,-0.004188527771464402,-0.0034033037640486103,-1.8843427962472539
348.5667601000023,0.0,0.0,0.0,-0.003669792295666283,0.0035855088335601665,-1.8830094646112983
348.60637270000007,0.0,0.0,0.0,-0.003710248888742127,-0.000629758907012318,-1.881634218678943
348.6615837999998,0.0,0.0,0.0,-0.0037802036103415787,-0.00039474989513851297,-1.8824204178737112
348.71358370000235,0.0,0.0,0.0,-0.0028484940125022336,0.0037827968863771723,-1.8820507596751703
348.76772569999594,0.0,0.0,0.0,-0.0024371619723559815,-0.0011332472313383896,-1.8811778121958884
348.8128321999975,0.0,0.0,0.0,-0.0032518942798399567,0.0015451552638640973,-1.8637570824214085
348.85522160000255,0.0,0.0,0.0,-0.0050492254160141685,-0.002259653912319952,-1.7667580015432822
348.90674659999786,0.0,0.0,0.0,-0.0039401118974553735,-0.002116315156345404,-1.6438787973688582
348.9689397999973,0.0,0.0,0.0,-0.0032710476391715586,9.459361720224274e-06,-1.5248679695062357
349.0134644999998,0.0,0.0,0.0,-0.0029692055224411606,-0.00023598619880816005,-1.4172159138578548
349.06164819999685,0.0,0.0,0.0,-0.0028018129375340416,-0.00024163477138854235,-1.3150027572305258
349.10983269999997,0.0,0.0,0.0,-0.0025504978261530926,0.000977050855232421,-1.2213419341587
349.1581511999975,0.0,0.0,0.0,-0.002379153136144756,-0.0007325962578004214,-1.1339378516951233
349.2128823000021,0.0,0.0,0.0,-0.002249580011525516,0.0007998530002636268,-1.0615329441857622
349.25611509999726,0.0,0.0,0.0,-0.001979890685815995,0.0025287251662442665,-0.9886096266340821
349.310126999997,0.0,0.0,0.0,-0.0019345927857723076,-0.0019104408502826128,-0.9289850322572193
349.3622849000021,0.0,0.0,0.0,-0.002022994448512934,-0.0033360060264335345,-0.8651365770270032
349.40959889999795,0.0,0.0,0.0,-0.0018833653442746783,-0.000814755129613501,-0.8086437122760158
349.4645208000002,0.0,0.0,0.0,-0.0017232445351657438,0.00018144975946665388,-0.7545036055468844
349.50640179999755,0.0,0.0,0.0,-0.0016774053836440947,0.00010245126553241562,-0.7035065981278409
349.55678149999585,0.0,0.0,0.0,-0.0009573801777305333,0.0016355343514523318,-0.6956569718683103
349.6057260000016,0.0,0.0,0.0,-0.00286693107259962,-0.007870641025697121,-0.7203476187265148
349.662802699997,0.0,0.0,0.0,-0.0020254944913197155,0.001484109427153422,-0.7320689660732532
349.7131995000018,0.0,0.0,0.0,-0.0015934338722042207,0.006663332709812681,-0.7551882400846441
349.7655314000003,0.0,0.0,0.0,-0.0019371027438621759,-0.00187235557238335,-0.7941022931098203
349.81678609999653,0.0,0.0,0.0,-0.0017354416726043436,0.0021018941323691365,-0.8423376052158136
349.8590811999966,0.0,0.0,0.0,-0.0015624173687357181,-0.004802196820031011,-0.86634637713188
349.91343159999815,0.0,0.0,0.0,-0.0028749539486781573,0.005285672323420725,-0.8422898554878168
349.9635916999978,0.0,0.0,0.0,-0.0018955232961094565,0.0016826803481184943,-0.7347943670572693
350.0073493000018,0.0,0.0,0.0,-0.0012725394098240216,0.002395037616104985,-0.5851379127597303
350.065952500001,0.0,0.0,0.0,-0.0012408743577608907,-0.0006859674122435792,-0.4424543726670219
350.11228259999916,0.0,0.0,0.0,0.0010758990485682976,0.018436146727171053,-0.3641788487670208
350.162232900002,0.0,0.0,0.0,-0.00019537299617625788,0.0026446677761241735,-0.31008088479009943
350.20920710000064,0.0,0.0,0.0,-0.00031082185925426054,0.00032146597382163775,-0.23859468448289842
350.2633586000011,0.0,0.0,0.0,-9.042700567252943e-05,0.0019656012084782724,-0.16780257417556843
350.3052998999992,0.0,0.0,0.0,-0.0002588081653638176,-0.0017202042141333353,-0.1016881472829595
350.3594388999991,0.0,0.0,0.0,-3.495167534860583e-05,-0.0007679329536601468,-0.04775802148790105
350.4132576999982,0.0,0.0,0.0,2.27116863677959e-05,0.0003462640715193075,-0.029332369794280014
350.4663900000014,0.0,0.0,0.0,6.843490360024414e-05,-0.0003551929040115955,-0.014093825559821953
350.5137867000012,0.0,0.0,0.0,-5.938430085329986e-05,-0.007599169598413321,-0.0026110348462104545
350.5554888999977,0.0,0.0,0.0,-9.685964643861014e-05,-0.007369286058641071,-0.00028034005655723087
350.6139189999958,0.0,0.0,0.0,1.3615674205450668e-06,3.38772738932778e-05,-0.00018123897300007706
350.6630019000004,0.0,0.0,0.0,-1.0298211212801103e-06,4.654292658253804e-05,-0.00016629572228878098
350.71203519999835,0.0,0.0,0.0,2.2857147699785904e-06,-9.336965289136905e-06,-0.00015281185556920133
350.76153650000197,0.0,0.0,0.0,-2.5073830572831442e-06,7.226607023808458e-06,-0.00015426253659175669
350.81309789999796,0.0,0.0,0.0,1.2143206071676782e-05,-3.880464776220834e-06,-0.0001514795664304967
350.86286950000067,0.0,0.0,0.0,-3.9081139108509096e-06,2.829279474297508e-07,-0.00014815401734947248
350.919993800002,0.0,0.0,0.0,-9.194078552444397e-06,-1.0604399622929247e-06,-0.000152916235763865
350.9627146999992,0.0,0.0,0.0,-3.066309725519982e-07,4.267910848427328e-06,-0.00015086685607517916
351.0072413000016,0.0,0.0,0.0,-5.748060667916503e-06,-2.9964937048743168e-06,-0.0001487880903661728
351.0607472999982,0.0,0.0,0.0,2.0896855039776426e-06,-1.5893269022244355e-06,-0.00015066218552978482
351.11247159999766,0.0,0.0,0.0,8.025653695190357e-06,-4.212204349601916e-06,-0.00014984864332947268
351.15762579999864,0.0,0.0,0.0,-5.147080253482637e-06,1.1840001579188218e-05,-0.00015301276204563645
351.21313750000263,0.0,0.0,0.0,-5.819094925431323e-07,-9.285670781484882e-06,-0.00015147138115423141
351.2620039999965,0.0,0.0,0.0,3.2476214351263847e-07,4.885850511219355e-06,-0.00014761175253283205
351.31459390000236,0.0,0.0,0.0,2.021873885217811e-06,-4.181591245933642e-06,-0.00015097828754801246
351.35743260000163,0.0,0.0,0.0,-1.7217073044986106e-06,5.328145342092247e-06,-0.00015423675178801179
351.41425049999816,0.0,0.0,0.0,8.70688791871543e-07,-4.572739133912267e-07,-0.0001494485721660125
351.4588115000006,0.0,0.0,0.0,3.988201038459999e-06,-2.836799031673709e-06,-0.00014839095276822232
351.5110459999996,0.0,0.0,0.0,-9.736775327391605e-06,-1.4431415390397315e-08,-0.0001508633495497521
351.55780129999766,0.0,0.0,0.0,-5.662215538413801e-06,3.773795039189992e-06,-0.000148477031055166
351.6115213000012,0.0,0.0,0.0,1.0394385837852329e-05,-2.705646300434399e-07,-0.00015334336488185944
351.6642326000001,0.0,0.0,0.0,-6.592808883518521e-06,-2.714410739617244e-07,-0.00014865705066374193
351.7105542999998,0.0,0.0,0.0,5.787490069725478e-06,1.8087849457871753e-06,-0.00015240257829182504
351.7645728999996,0.0,0.0,0.0,-6.680274503947314e-06,-9.85000198628343e-06,-0.00014980055703578952
351.8125962999984,0.0,0.0,0.0,-2.824392768715145e-06,5.720431883152765e-06,-0.00014751022846918465
351.86433509999915,0.0,0.0,0.0,5.308057613679599e-06,-5.083129358187595e-07,-0.00015095107744564294
351.9126907999962,0.0,0.0,0.0,-7.085335196985935e-07,2.3997292022633753e-07,-0.00014840648520619335
351.9639219000019,0.0,0.0,0.0,-8.93987640855176e-06,7.73017420047161e-06,-0.00014687532514181154
352.01231250000274,0.0,0.0,0.0,1.8533270835176867e-05,-6.698534013172832e-06,-0.00015065136096039305
352.0642076000004,0.0,0.0,0.0,-1.3480787194290809e-05,1.6818573570723216e-07,-0.00015632556239417376
352.1049725999983,0.0,0.0,0.0,2.905509912701144e-06,-7.2266294158142105e-06,-0.00014882931972099245
352.15791739999986,0.0,0.0,0.0,5.3765955782060596e-06,2.934740768886593e-06,-0.0001515118171884501
352.211367099997,0.0,0.0,0.0,-9.43163599242962e-06,6.1613209916916916e-06,-0.00014828872654760707
352.26175859999785,0.0,0.0,0.0,-9.486948517880494e-08,4.834403271775691e-06,-0.00015056077093354383
352.30636960000265,0.0,0.0,0.0,-6.120494126277408e-06,-7.822421573825473e-06,-0.00015027866719801466
352.3657622999963,0.0,0.0,0.0,8.995226260911317e-06,2.076708898158516e-06,-0.00015296266921983087
352.40473740000016,0.0,0.0,0.0,2.6497344047507224e-06,5.821297665745133e-07,-0.00014579624257670426
352.45610750000196,0.0,0.0,0.0,-6.828714151484917e-06,-7.611191219802239e-06,-0.00014924828236702114
352.51320309999574,0.0,0.0,0.0,1.3777849097158985e-05,7.512092151554999e-06,-0.00014814680316775104
352.56113840000035,0.0,0.0,0.0,-5.628594735140733e-06,-7.552920513313965e-06,-0.00014819836124646283
352.6138377000025,0.0,0.0,0.0,3.264631345980672e-06,8.985809008467159e-06,-0.00015261863892828672
352.6624540999983,0.0,0.0,0.0,-9.446755142339692e-06,3.0004896991802045e-06,-0.00014609033910582226
352.71192729999893,0.0,0.0,0.0,3.0859027908988643e-06,-1.0701189441856868e-05,-0.00014797431302661368
352.76279760000034,0.0,0.0,0.0,-5.066948885138024e-07,3.494892531574413e-06,-0.00014682884953155494
352.8176456000001,0.0,0.0,0.0,-3.4967260976712122e-06,-1.224777007224179e-06,-0.00014765595724085357
352.85874319999857,0.0,0.0,0.0,-3.694314027117751e-06,6.649156370563844e-06,-0.0001490728474069514
352.91052969999873,0.0,0.0,0.0,8.892618806154086e-06,-2.307222920365388e-06,-0.00015197303787264533
352.962846800001,0.0,0.0,0.0,-1.3141676264831987e-05,1.9591507635183177e-06,-0.00015014648692435162
353.01293579999765,0.0,0.0,0.0,9.828054172352049e-06,-1.4188171831716692e-05,-0.00014974112227811374
353.05883860000176,0.0,0.0,0.0,1.8557855979323514e-06,6.703391890298125e-06,-0.00014545699670001554
353.11311679999926,0.0,0.0,0.0,-1.4906525553416347e-05,-2.1760183414161964e-06,-0.00014746313504621392
353.15624189999653,0.0,0.0,0.0,1.634931269347154e-05,2.128963115329938e-06,-0.0001517118376222441
353.2127823999981,0.0,0.0,0.0,-1.6722706646625174e-05,-7.69423741921358e-07,-0.00015026536294767868
353.25772609999694,0.0,0.0,0.0,1.6192078129383168e-05,9.966600564353308e-06,-0.0001502371110838871
353.3143256999974,0.0,0.0,0.0,-4.827810149774518e-06,-4.517035349367996e-06,-0.0001465594589926355
353.362570199999,0.0,0.0,0.0,-8.604252981560289e-06,4.563926473763754e-06,-0.0001477217186430747
353.41135470000154,0.0,0.0,0.0,-6.989164584259409e-07,-3.7417090269800074e-06,-0.00014766185344408452
353.45711660000234,0.0,0.0,0.0,5.799972034272296e-06,-4.8616051613500225e-06,-0.00015199368978672942
353.5115325000006,0.0,0.0,0.0,-4.091153568930924e-06,2.0985771163196438e-07,-0.00014959875499047796
353.55546080000204,0.0,0.0,0.0,-5.98584072026026e-07,4.408237464780364e-06,-0.00014922574606148956
353.6098595000003,0.0,0.0,0.0,2.75553812703491e-06,-3.4144702939115767e-06,-0.00015073671486423676
353.66670840000006,0.0,0.0,0.0,8.919940838153288e-06,5.0775868834816274e-06,-0.00015023367298863983
353.7097979999962,0.0,0.0,0.0,-1.2015699814835737e-05,-6.7607330948417325e-06,-0.00014507383470774475
353.76304259999597,0.0,0.0,0.0,-7.634890281553512e-06,1.3685802054172184e-06,-0.00015078948234359093
353.8185078000024,0.0,0.0,0.0,1.3355849249929376e-05,-2.2826482512973616e-07,-0.00014904222533226302
353.8573039999974,0.0,0.0,0.0,-8.929619411730088e-06,1.3014356319702942e-06,-0.000149357508076831
353.91295700000046,0.0,0.0,0.0,7.1542235510440165e-06,-3.965713983918853e-06,-0.00015006529719399663
353.95481550000113,0.0,0.0,0.0,-1.0212475272661585e-05,1.4112632095583391e-06,-0.00014789977865967453
354.0129442999969,0.0,0.0,0.0,-1.7278999552939079e-06,-5.582221662397946e-07,-0.0001472911342099831
354.05993560000206,0.0,0.0,0.0,5.152101411069731e-06,-5.954989128812566e-06,-0.0001488486704454792
354.11331219999556,0.0,0.0,0.0,-2.35833984928062e-06,1.3494924547388683e-05,-0.00014464728022108332
354.1552386999974,0.0,0.0,0.0,2.3602596638029855e-06,-7.486070240108589e-06,-0.00015349430361458785
354.2039278000011,0.0,0.0,0.0,2.456477319140414e-06,2.7927944619006826e-06,-0.00014562248804735428
354.26601200000005,0.0,0.0,0.0,1.3704285463627571e-06,-5.630083658138477e-06,-0.00014588842655376637
354.30522599999676,0.0,0.0,0.0,-1.6091917747899548e-06,7.469967889876009e-06,-0.00014797242516073573
354.36285739999585,0.0,0.0,0.0,-1.113440259161121e-06,-5.351109470777354e-06,-0.00014993781195999503
354.4119792999991,0.0,0.0,0.0,3.293148810797609e-07,2.3867031994028957e-06,-0.00014717861117559674
354.4603266999984,0.0,0.0,0.0,-3.813976711905963e-06,8.396379300147025e-07,-0.00014814766197505073
354.51109059999726,0.0,0.0,0.0,-1.541511151782318e-07,-1.1547716623967114e-07,-0.00015090627244397363
354.5554424000002,0.0,0.0,0.0,2.8186374885615422e-06,-4.191002674674799e-06,-0.00014833859928604603
354.60601889999816,0.0,0.0,0.0,-9.396160541782098e-06,4.03292808782236e-06,-0.0001476534305563804
354.6637494000024,0.0,0.0,0.0,1.2254820375516643e-05,-1.8422807740726253e-06,-0.00014789050049680616
354.7128453999976,0.0,0.0,0.0,-3.049366069433821e-09,-1.7951593005943536e-06,-0.0001478396199777821
354.76913010000135,0.0,0.0,0.0,-7.056472262721974e-06,-1.776317324677017e-06,-0.0001441306190117177
354.80893880000076,0.0,0.0,0.0,-2.8948604807820575e-07,7.714345083788955e-06,-0.00014675011580132978
354.86453469999833,0.0,0.0,0.0,3.1869200965734133e-06,-6.881321640785479e-06,-0.00014853027209776328
354.907197200002,0.0,0.0,0.0,9.376526899434683e-06,-2.1819082028038496e-06,-0.00014724224953577565
354.9671507000021,0.0,0.0,0.0,-7.302080831456923e-06,3.25092286421793e-06,-0.00014473935967954926
355.0114084000015,0.0,0.0,0.0,-3.2464863767656812e-06,-2.1401591498355566e-07,-0.00014761331383227253
355.0629867000025,0.0,0.0,0.0,-3.455140891834833e-06,-3.080667743546803e-06,-0.00014690124070210954
355.1134583999956,0.0,0.0,0.0,3.0315973915285463e-06,3.2882465484634775e-07,-0.0001525619595790725
355.1666430999976,0.0,0.0,0.0,-1.0058150071031734e-05,1.1574850319028073e-06,-0.0001461386565160295
355.2051997000017,0.0,0.0,0.0,9.166485038878165e-06,-1.997697466928434e-06,-0.000148931696739049
355.2570807000011,0.0,0.0,0.0,3.3446837602560224e-06,5.624357971656963e-06,-0.0001478060252716382
355.30971000000136,0.0,0.0,0.0,-2.2148862503983287e-06,-2.643561783786784e-06,-0.0001491413518562511
355.3596694000007,0.0,0.0,0.0,7.945725931803467e-07,9.707636858875878e-07,-0.00014467936124648202
355.4155233999991,0.0,0.0,0.0,-3.4608315311060702e-06,1.684897414406043e-06,-0.00014334613804870548
355.46139109999785,0.0,0.0,0.0,-2.6612813126111034e-08,3.2046460631182497e-06,-0.00014826350354579673
355.5113956999994,0.0,0.0,0.0,-4.6073086894795766e-07,-1.8611984285140754e-06,-0.0001470500516281798
355.55584819999785,0.0,0.0,0.0,1.1335885347204929e-05,-1.993586886838315e-06,-0.00014683166467379443
355.61432849999983,0.0,0.0,0.0,-1.4587191542552897e-05,6.272908803805357e-06,-0.00014590852426355438
355.6599886999975,0.0,0.0,0.0,2.5799286339963577e-06,-5.825210022620595e-06,-0.0001480919200946425
355.71552469999733,0.0,0.0,0.0,-3.7475904595584867e-06,-3.674348547870368e-06,-0.00014589005575313987
355.7637969999996,0.0,0.0,0.0,-3.215078365090374e-06,4.11626203457136e-06,-0.00014601858251808768
355.81342289999884,0.0,0.0,0.0,6.046577089971299e-06,-7.232105690798667e-06,-0.00014686208640466114
355.8561082000015,0.0,0.0,0.0,6.32267856008091e-08,9.373623553096517e-06,-0.00015093263241564716
355.90937719999783,0.0,0.0,0.0,6.793164020416247e-07,-6.7503333787754995e-06,-0.00014484653125895161
355.9622438000006,0.0,0.0,0.0,-4.446572331299001e-06,4.522354014891351e-06,-0.00014574556254424645
356.01141729999654,0.0,0.0,0.0,2.3901219502856453e-06,-3.027660798011541e-06,-0.00014684619947326674
356.0591973999981,0.0,0.0,0.0,-2.268633505343255e-07,-2.111271026427501e-06,-0.00014613175607326265
356.11155110000254,0.0,0.0,0.0,4.7141184004020155e-06,-3.041381603857849e-06,-0.00014778184427709614
356.1642264999973,0.0,0.0,0.0,-8.955780496182473e-06,5.596565446971162e-06,-0.00014302003280847533
356.2075599000018,0.0,0.0,0.0,-4.702030648385404e-08,-4.399723950379185e-06,-0.00014880019964505687
356.26505409999663,0.0,0.0,0.0,-3.000660703479849e-07,7.167385711203417e-06,-0.00014730654851667315
356.31566739999835,0.0,0.0,0.0,2.207019561584759e-06,5.085296061891444e-06,-0.00014475932791006838
356.35854370000015,0.0,0.0,0.0,4.4998874933556066e-07,-7.485879660391142e-07,-0.00014675361042364475
356.4127690999958,0.0,0.0,0.0,5.095151188608045e-06,-1.1865000219913113e-05,-0.00014834736830750592
356.4595324999973,0.0,0.0,0.0,-5.779088219098115e-06,-2.8517696487624914e-06,-0.00014500901158502713
356.50586949999706,0.0,0.0,0.0,4.584676890722653e-06,8.076790423865508e-06,-0.00014613296189769183
356.56592210000235,0.0,0.0,0.0,-1.1038031220848427e-05,-2.334481746068748e-06,-0.0001463463412031376
356.6078531999956,0.0,0.0,0.0,5.632290020479508e-06,5.083876481956779e-07,-0.0001450660653562887
356.66585399999894,0.0,0.0,0.0,-7.057497647054848e-07,-3.4371028576968453e-06,-0.00014419269251117397
356.7129679999998,0.0,0.0,0.0,2.963383572259798e-06,3.562907505529556e-06,-0.00014492147595724628
356.7643537999975,0.0,0.0,0.0,-4.022586080768204e-06,3.05952318469699e-06,-0.00014681890750654794
356.8135641999979,0.0,0.0,0.0,3.287754559941049e-07,-9.076491616983077e-06,-0.0001447488891328898
356.8686239000017,0.0,0.0,0.0,2.7805610366705378e-06,-4.952203674469075e-07,-0.00014687741270111193
356.9112247000012,0.0,0.0,0.0,-3.592160857105306e-07,4.712731693098983e-06,-0.00014281141894410417
356.96344390000013,0.0,0.0,0.0,-6.9091136153796296e-06,-1.305017760837012e-06,-0.00014648376405648292
357.0102809000018,0.0,0.0,0.0,8.588328171251812e-06,1.5869857079097989e-06,-0.00014807318836895377
357.06574620000174,0.0,0.0,0.0,-2.8882957323292984e-07,-2.8540904825200074e-06,-0.00014559863862047268
357.1170945999984,0.0,0.0,0.0,-8.9044675664591e-06,4.3759108766445615e-06,-0.00014656836166475456
357.16222910000215,0.0,0.0,0.0,-3.0074135072838164e-07,-4.6674134085866854e-06,-0.00014252127766425777
357.2150466000021,0.0,0.0,0.0,5.936155489743421e-06,4.141476685827684e-06,-0.00014426719030659249
357.2639627999961,0.0,0.0,0.0,-6.489201202516166e-06,-9.189140200320183e-06,-0.00014532804824806612
357.3139413000026,0.0,0.0,0.0,-8.131743187483702e-07,6.732779979961681e-06,-0.00014541196172191746
357.35754359999555,0.0,0.0,0.0,3.2408010857774187e-06,7.836089902068298e-07,-0.000144747533012712
357.40957720000006,0.0,0.0,0.0,8.543464890266014e-06,-1.2131438308680549e-06,-0.0001469529897307542
357.46491740000056,0.0,0.0,0.0,-6.138900315740297e-06,4.6694058863191045e-06,-0.00014263177072867982
357.5152978999977,0.0,0.0,0.0,-9.436886125913781e-08,-6.239315702271479e-06,-0.00014456891668238113
357.5640321999963,0.0,0.0,0.0,-3.581987032978901e-06,-1.9620250107985178e-06,-0.00014318642863419764
357.6110608000017,0.0,0.0,0.0,2.526394116966404e-06,2.697895842462255e-06,-0.00014497082001189098
357.6609421999965,0.0,0.0,0.0,-2.9538183082187894e-06,-1.98838186690485e-06,-0.0001454557059841448
357.7102933999995,0.0,0.0,0.0,-5.809450130912885e-07,5.63443406442965e-06,-0.00014243870278965595
357.7585168000005,0.0,0.0,0.0,7.059412869167599e-06,-2.794273511390454e-06,-0.00014494672210510227
357.8071684999959,0.0,0.0,0.0,0.0006528104349815718,-5.8209730529742884e-05,0.1032199045982427
357.8570483000003,0.0,0.0,0.0,0.0009974587284469275,-2.454665595202396e-05,0.2714191923603062
357.9125649999987,0.0,0.0,0.0,0.0003999318630509564,-0.0010193747110613658,0.4133533189658086
357.9654193999959,0.0,0.0,0.0,0.0006744421653496261,-0.0007867080648566581,0.5566823287018866
358.01437109999824,0.0,0.0,0.0,0.0007032339495233668,-0.0001506290017975732,0.7030053454959491
358.05691220000153,0.0,0.0,0.0,0.0014361069518833774,0.00032235423911865853,0.9158493276028813
358.1082358999993,0.0,0.0,0.0,0.002010023052725806,0.003061488525937996,1.1741783792038798
358.16303809999954,0.0,0.0,0.0,0.0027076105017984943,0.0040648416013523625,1.4578750067708388
358.2130442999987,0.0,0.0,0.0,0.002947492327301331,-0.005840997880684645,1.65697859508837
358.26274759999797,0.0,0.0,0.0,0.003195426954338636,-0.004164853042073013,1.651514984927572
358.3106345999986,0.0,0.0,0.0,0.0031305111474157275,0.0005943722729368947,1.5751140312382848
358.364992099996,0.0,0.0,0.0,0.0034509295650861803,-0.002767193326498243,1.4755096459234516
358.4163599999956,0.0,0.0,0.0,0.0029432714348786816,0.00029218586717387994,1.3621169958934156
358.45745689999603,0.0,0.0,0.0,0.0025012083984742046,0.00035734609716238884,1.258012334134273
358.51594450000266,0.0,0.0,0.0,0.0024989115198223296,-0.001280505419641759,1.1625329672879718
358.55928819999826,0.0,0.0,0.0,0.0022021295052291378,0.0013869399172973637,1.070980946164704
358.61729419999756,0.0,0.0,0.0,0.001974406545004313,0.0016945517446681582,0.9840447919845269
358.6636295999997,0.0,0.0,0.0,0.001838987249187551,-0.0006340611559430068,0.911466561394031
358.7098879999976,0.0,0.0,0.0,0.0019128489091149597,-0.00426382352576882,0.835349466183629
358.76438629999757,0.0,0.0,0.0,0.0018002707394250254,-0.0010878020361972346,0.7743540594556065
358.81381020000117,0.0,0.0,0.0,0.0016193232001758973,0.0001239321402080843,0.7150085288047735
358.85951809999824,0.0,0.0,0.0,0.0014792464828457799,-3.243549113762154e-05,0.6595878430772852
358.91314469999634,0.0,0.0,0.0,0.0014399027080895003,-0.0056812573920943235,0.6500616940946466
358.96494789999997,0.0,0.0,0.0,0.0018952323833562018,0.00012612912524332875,0.6534195606506955
359.016063199997,0.0,0.0,0.0,0.001797025563951861,0.0015054155302867364,0.6684477228018636
359.0589344999971,0.0,0.0,0.0,0.0014087993759363067,0.0061736795366548304,0.6930391629974741
359.10491499999625,0.0,0.0,0.0,0.0012549942321087616,-0.00015377524369206025,0.7294971495838787
359.16385289999744,0.0,0.0,0.0,0.001751646079316224,-0.003261680859503986,0.7407712698197253
359.21352900000056,0.0,0.0,0.0,0.002210522309106869,0.0017591763690921,0.7013540906574178
359.25682889999734,0.0,0.0,0.0,0.001098602814840277,0.006168100531768968,0.5993984122972214
359.3104682999983,0.0,0.0,0.0,0.0018640680189474046,-0.004484183194506566,0.4450031375414573
359.361587899999,0.0,0.0,0.0,0.0006316411683000681,0.0014467623813994154,0.2792233516072122
359.4084387999974,0.0,0.0,0.0,-0.0010614679998277525,0.012047618507144336,0.1875440398816961
359.4608236999993,0.0,0.0,0.0,0.0001048449308976428,0.00026579900529019406,0.2072791818550852
359.51019870000164,0.0,0.0,0.0,0.00027194356687271394,0.001732907821013669,0.2256758206183394
359.5587855999984,0.0,0.0,0.0,0.0003810284456557755,0.0003051365059719641,0.2340986038821113
359.6106292999975,0.0,0.0,0.0,0.00026938988398697057,-0.0032216215941346933,0.2255227564886098
359.66445810000005,0.0,0.0,0.0,0.00044222675834315167,-0.0027304526770164806,0.2113013808902756
359.70909969999775,0.0,0.0,0.0,0.00020729368284072434,0.0037247859999420497,0.20340180602008165
359.7571536999967,0.0,0.0,0.0,0.0003653281560410728,-0.0013318307694568337,0.20440799720615915
359.81630069999665,0.0,0.0,0.0,0.0004808715107306971,-0.0028224547173861577,0.21155233492103842
359.8657314000011,0.0,0.0,0.0,0.00023754517715768466,0.0053606016871104575,0.21804405719347614
359.91182039999694,0.0,0.0,0.0,0.00030549690958837586,0.000648964266601801,0.22570284916122538
359.96328840000206,0.0,0.0,0.0,0.0006176795507839306,-0.0036882539845538055,0.23559440178200777
360.0171718999991,0.0,0.0,0.0,0.0005594903213169091,-0.002491234365883381,0.2526257213114217
360.0600246999966,0.0,0.0,0.0,0.00042195261239213116,0.00267571471433699,0.2806412978690025
360.1162048999977,0.0,0.0,0.0,0.0004692009127627063,-0.0008165513934365672,0.32304466803642623
360.15789629999927,0.0,0.0,0.0,0.0006078544847645962,1.9805944519244566e-05,0.3896434045816887
360.2070741999996,0.0,0.0,0.0,0.0004062826797252897,0.00944880361934807,0.4068003090257237
360.26231140000164,0.0,0.0,0.0,0.0003426749262137026,0.0009974413614109124,0.3992936050562692
360.30950740000117,0.0,0.0,0.0,0.0002643656447767712,0.0014441385055965906,0.38585524077008027
360.3593586999996,0.0,0.0,0.0,0.00031284683656638125,0.000715401193789228,0.36714147056905655
360.4130315000002,0.0,0.0,0.0,0.00023060054577950188,-0.000226454435534867,0.34267579154268585
360.46219559999736,0.0,0.0,0.0,0.00037547693226848915,-0.0008645765424767386,0.3186856666028915
360.5181584999955,0.0,0.0,0.0,0.00031536883633033887,-0.0003866152402229789,0.31746737339882247
360.56241189999855,0.0,0.0,0.0,0.0003265005453252306,-0.0005325604561834533,0.3066922030758713
360.60608549999597,0.0,0.0,0.0,0.00029269088742161093,-0.006058711584589264,0.2615742531504217
360.6601819999996,0.0,0.0,0.0,0.0001513561646000442,-0.003991511270472946,0.11765526055149503
360.71248139999807,0.0,0.0,0.0,7.425510308859182e-05,-0.004287721716345779,0.015903941902405547
360.7646999999997,0.0,0.0,0.0,-4.308065167960256e-05,-0.0007642612732377432,0.005781859417930382
360.8096869000001,0.0,0.0,0.0,-2.4937235651899096e-05,5.29666105489088e-05,0.002475337314678536
360.8568446999998,0.0,0.0,0.0,-1.2222569657163508e-05,-3.6137587492824637e-06,0.001013187179003449
360.9136402000004,0.0,0.0,0.0,-5.3081957474401016e-06,-3.0404651269808047e-06,0.0004014268556290871
360.96136359999946,0.0,0.0,0.0,-2.2105420566406804e-06,-1.3657099329471208e-06,0.00015069588838820873
361.0132081999982,0.0,0.0,0.0,-9.188212373063007e-07,-8.700069731071262e-07,4.856801481909731e-05
361.05665469999803,0.0,0.0,0.0,-3.832615482115884e-07,-6.579874212991408e-07,7.244346530297779e-06
361.11299229999713,0.0,0.0,0.0,-1.6545694775163765e-07,-5.694447501724683e-07,-9.452919298833347e-06
361.1637593999985,0.0,0.0,0.0,-7.724690428771392e-08,-5.342601034294943e-07,-1.619261771428911e-05
361.2098769000004,0.0,0.0,0.0,-4.1537033634447454e-08,-5.205794255515522e-07,-1.8906915716926282e-05
361.25509500000044,0.0,0.0,0.0,-2.7067105238239495e-08,-5.155697271245987e-07,-1.999450927723755e-05
361.3121439999959,0.0,0.0,0.0,-2.118588502429073e-08,-5.140605414675644e-07,-2.042488317959631e-05
361.3595903000023,0.0,0.0,0.0,-1.877667014877472e-08,-5.13964014079994e-07,-2.058976942854621e-05
361.4145070000013,0.0,0.0,0.0,-1.7770758597659307e-08,-5.144376112592072e-07,-2.064742695629752e-05
361.4612613999998,0.0,0.0,0.0,-1.7332035160637453e-08,-5.151419908554556e-07,-2.0661785231312956e-05
361.5103608999998,0.0,0.0,0.0,-1.712253918011576e-08,-5.15940096331522e-07,-2.065866692585143e-05
361.5579469000004,0.0,0.0,0.0,-1.700566260585313e-08,-5.1677654323248e-07,-2.0648501769202857e-05
361.61233619999985,0.0,0.0,0.0,-1.6926213420713632e-08,-5.176290597261866e-07,-2.0635502250911838e-05
361.66480919999594,0.0,0.0,0.0,-1.686194387417048e-08,-5.184888880892916e-07,-2.0621369369280006e-05
361.71300509999855,0.0,0.0,0.0,-1.6803799358424465e-08,-5.193522590886559e-07,-2.0606790154460422e-05
361.7626418,0.0,0.0,0.0,-1.6748129794654233e-08,-5.202174983492631e-07,-2.0592042374393994e-05
361.817996699996,0.0,0.0,0.0,-1.6693482769622422e-08,-5.210844002246847e-07,-2.0577238020893437e-05
361.8651161000016,0.0,0.0,0.0,-1.6639284762482144e-08,-5.219526418397907e-07,-2.0562422293901776e-05
361.9099094999983,0.0,0.0,0.0,-1.65852999572449e-08,-5.228220556160705e-07,-2.0547613612240946e-05
361.96983139999793,0.0,0.0,0.0,-1.6531372027151436e-08,-5.236924769977322e-07,-2.0532819652134447e-05
362.01295799999934,0.0,0.0,0.0,-1.647752391410529e-08,-5.245641942350899e-07,-2.0518043300154216e-05
362.0643368000019,0.0,0.0,0.0,-1.642370556690174e-08,-5.254369862766928e-07,-2.0503285924133355e-05
362.1127439999982,0.0,0.0,0.0,-1.6369904690651593e-08,-5.263107626133496e-07,-2.0488548265709262e-05
362.1596095999994,0.0,0.0,0.0,-1.6316144637017204e-08,-5.271857435636033e-07,-2.0473830551354497e-05
362.21485109999776,0.0,0.0,0.0,-1.6262446109973663e-08,-5.280620260811392e-07,-2.045913284322642e-05
362.2634462999995,0.0,0.0,0.0,-1.6208745217288688e-08,-5.289392102038076e-07,-2.0444455618764548e-05
362.31047989999934,0.0,0.0,0.0,-1.6155081363345937e-08,-5.298175695365122e-07,-2.042979886240005e-05
362.3572009999989,0.0,0.0,0.0,-1.6101465336006763e-08,-5.306972001959386e-07,-2.0415162620756074e-05
362.4096506999995,0.0,0.0,0.0,-1.6047870884449543e-08,-5.315778640696193e-07,-2.0400547109231157e-05
362.4663118999961,0.0,0.0,0.0,-1.5994288129468096e-08,-5.324596440469837e-07,-2.03859524433005e-05
362.51416240000253,0.0,0.0,0.0,-1.594076191368563e-08,-5.333425772597651e-07,-2.037137879389944e-05
362.5636150999999,0.0,0.0,0.0,-1.5887272437454933e-08,-5.342267672709651e-07,-2.035682616327004e-05
362.6145402999973,0.0,0.0,0.0,-1.5833803699995765e-08,-5.351119623115003e-07,-2.0342294808989608e-05
362.6567167999965,0.0,0.0,0.0,-1.578034345642778e-08,-5.359983538167863e-07,-2.0327784833216737e-05
362.7136363999962,0.0,0.0,0.0,-1.5726967624755552e-08,-5.368859401604811e-07,-2.0313296293614406e-05
362.76307819999784,0.0,0.0,0.0,-1.5673593061828136e-08,-5.377746709445731e-07,-2.0298829361230406e-05
362.805741199998,0.0,0.0,0.0,-1.5620242288646512e-08,-5.386644487339704e-07,-2.0284384233660725e-05
362.85765159999573,0.0,0.0,0.0,-1.5566914427034366e-08,-5.395553217886805e-07,-2.026996110852775e-05
362.9149045000013,0.0,0.0,0.0,-1.551365578342273e-08,-5.404475991843617e-07,-2.0255559945832772e-05
362.96168000000034,0.0,0.0,0.0,-1.5460410586243026e-08,-5.41340863273355e-07,-2.024118093434914e-05
363.01195169999846,0.0,0.0,0.0,-1.5407207640717413e-08,-5.422353847549077e-07,-2.022682418730345e-05
363.05687919999764,0.0,0.0,0.0,-1.535404249072893e-08,-5.431310674255949e-07,-2.0212489884552532e-05
363.1140233999977,0.0,0.0,0.0,-1.5300907050310696e-08,-5.44027936052935e-07,-2.0198178037206836e-05
363.1629967999979,0.0,0.0,0.0,-1.524780059297601e-08,-5.449258403621707e-07,-2.0183888965006052e-05
363.2129442000005,0.0,0.0,0.0,-1.5194721967376978e-08,-5.458249243353511e-07,-2.0169622798962856e-05
363.26159879999614,0.0,0.0,0.0,-1.5141704100811376e-08,-5.46725339851837e-07,-2.0155379610107352e-05
363.30768089999765,0.0,0.0,0.0,-1.5088711867194046e-08,-5.476268809349172e-07,-2.0141159429550063e-05
363.36201849999634,0.0,0.0,0.0,-1.5035739513745225e-08,-5.485295356236764e-07,-2.012696244825428e-05
363.41230319999886,0.0,0.0,0.0,-1.4982809756712045e-08,-5.494333810005406e-07,-2.0112788963742265e-05
363.4626156000013,0.0,0.0,0.0,-1.492993897843868e-08,-5.503385157409102e-07,-2.0098638933814297e-05
363.5144089000023,0.0,0.0,0.0,-1.4877062022607159e-08,-5.512447267990912e-07,-2.0084512542818713e-05
363.5546392999968,0.0,0.0,0.0,-1.4824243646466182e-08,-5.521520505435287e-07,-2.0070409981656808e-05
363.60669439999765,0.0,0.0,0.0,-1.4771473630431572e-08,-5.53060691957827e-07,-2.0056331414658394e-05
363.66096370000014,0.0,0.0,0.0,-1.471872590153509e-08,-5.539705012876587e-07,-2.0042276870707424e-05
363.7165096000026,0.0,0.0,0.0,-1.4666023312619014e-08,-5.548815292303064e-07,-2.002824657182988e-05
363.75664759999927,0.0,0.0,0.0,-1.461334842100928e-08,-5.557937134441534e-07,-2.0014240613518505e-05
363.8150373000026,0.0,0.0,0.0,-1.4560731163750481e-08,-5.56707159166185e-07,-2.0000259075686195e-05
363.86240050000197,0.0,0.0,0.0,-1.4508137663786742e-08,-5.576217078600395e-07,-1.9986302251456927e-05
363.91391419999854,0.0,0.0,0.0,-1.445555950777222e-08,-5.585374824742472e-07,-1.9972370218558444e-05
363.96159479999915,0.0,0.0,0.0,-1.4403056131692679e-08,-5.594545238571802e-07,-1.9958463110165367e-05
364.01319749999675,0.0,0.0,0.0,-1.4350582484763975e-08,-5.603727998080562e-07,-1.9944580939639938e-05
364.0638149000006,0.0,0.0,0.0,-1.4298145100295844e-08,-5.612921117747595e-07,-1.993072413107461e-05
364.1118401999993,0.0,0.0,0.0,-1.4245738169289255e-08,-5.622127729312596e-07,-1.9916892655620134e-05
364.16580650000105,0.0,0.0,0.0,-1.4193384585703509e-08,-5.631346689722784e-07,-1.990308670865112e-05
364.2121281,0.0,0.0,0.0,-1.4141080066915017e-08,-5.640577466201234e-07,-1.9889306361223803e-05
364.2622399999964,0.0,0.0,0.0,-1.4088781435673538e-08,-5.649820351526112e-07,-1.9875551753266504e-05
364.3112648000024,0.0,0.0,0.0,-1.403653212942395e-08,-5.659074622968036e-07,-1.9861823195600043e-05
364.3616639999964,0.0,0.0,0.0,-1.398435275028371e-08,-5.668342422389983e-07,-1.984812074816564e-05
364.41117490000033,0.0,0.0,0.0,-1.3932183005700686e-08,-5.677622317170874e-07,-1.983444450205097e-05
364.46261989999766,0.0,0.0,0.0,-1.3880080111199015e-08,-5.686914389839887e-07,-1.98207946281791e-05
364.5074726000021,0.0,0.0,0.0,-1.3827999055035952e-08,-5.696218462674829e-07,-1.9807171326430384e-05
364.56475689999934,0.0,0.0,0.0,-1.3775972803499712e-08,-5.705535240623792e-07,-1.979357469891816e-05
364.6095492000022,0.0,0.0,0.0,-1.3723975307491578e-08,-5.714863489864835e-07,-1.978000496326542e-05
364.663962300001,0.0,0.0,0.0,-1.3672021767613831e-08,-5.724204943299895e-07,-1.976646222382571e-05
364.71400880000147,0.0,0.0,0.0,-1.3620110438261741e-08,-5.733558771080644e-07,-1.975294656275422e-05
364.7563579999987,0.0,0.0,0.0,-1.3568242392778486e-08,-5.742924539612941e-07,-1.973945824428168e-05
364.81393399999797,0.0,0.0,0.0,-1.3516423717923634e-08,-5.752303181093787e-07,-1.9725997399412368e-05
364.8612195999958,0.0,0.0,0.0,-1.3464652290811425e-08,-5.761694274505804e-07,-1.9712564181357618e-05
364.90726189999987,0.0,0.0,0.0,-1.3412925678521284e-08,-5.771098355835191e-07,-1.969915873000975e-05
364.9624263000005,0.0,0.0,0.0,-1.336122488143392e-08,-5.780514162420196e-07,-1.968578111865617e-05
365.01377520000096,0.0,0.0,0.0,-1.3309571241040545e-08,-5.789942733316707e-07,-1.967243160707374e-05
365.0641888999962,0.0,0.0,0.0,-1.3257981831338847e-08,-5.79938361871084e-07,-1.965911042173106e-05
365.1047971000007,0.0,0.0,0.0,-1.3206404398153004e-08,-5.808837457718358e-07,-1.964581755601638e-05
365.16231759999937,0.0,0.0,0.0,-1.3154911741327116e-08,-5.818304271198947e-07,-1.96325532363496e-05
365.21311609999975,0.0,0.0,0.0,-1.3103428348283031e-08,-5.827782663220998e-07,-1.961931763376843e-05
365.26175169999624,0.0,0.0,0.0,-1.3052008563680165e-08,-5.837274808997382e-07,-1.960611089922208e-05
365.3079903999969,0.0,0.0,0.0,-1.300064649158298e-08,-5.84677977520353e-07,-1.9592933094885014e-05
365.364642200002,0.0,0.0,0.0,-1.294930190587437e-08,-5.856296480456394e-07,-1.9579784496125254e-05
365.41096149999794,0.0,0.0,0.0,-1.2898009910922899e-08,-5.865826314876462e-07,-1.956666521837936e-05
365.463467900001,0.0,0.0,0.0,-1.2846769526582008e-08,-5.87536861402128e-07,-1.955357552587912e-05
365.5092439,0.0,0.0,0.0,-1.2795576997210244e-08,-5.884924062369378e-07,-1.954051545637801e-05
365.5616246999998,0.0,0.0,0.0,-1.2744432810695788e-08,-5.89449251537493e-07,-1.9527485240801643e-05
365.6113710999998,0.0,0.0,0.0,-1.2693341364555936e-08,-5.904073811882094e-07,-1.9514484899129486e-05
365.6626888999963,0.0,0.0,0.0,-1.2642287430090876e-08,-5.913667918367422e-07,-1.9501514744458353e-05
365.7126990999968,0.0,0.0,0.0,-1.2591282747029262e-08,-5.923274524965877e-07,-1.948857489223977e-05
365.76265859999694,0.0,0.0,0.0,-1.2540343823486262e-08,-5.932894642544113e-07,-1.9475665524539208e-05
365.8114476999981,0.0,0.0,0.0,-1.2489429136627549e-08,-5.942526978993557e-07,-1.946278680570268e-05
365.86738630000036,0.0,0.0,0.0,-1.2438579318092898e-08,-5.952173093830411e-07,-1.944993889113042e-05
365.9119206999967,0.0,0.0,0.0,-1.2387759861979973e-08,-5.961831212519472e-07,-1.943712186966516e-05
365.9616651999968,0.0,0.0,0.0,-1.2337010723405075e-08,-5.971503232631184e-07,-1.9424336049919837e-05
366.01355350000085,0.0,0.0,0.0,-1.2286307783181668e-08,-5.981188605385892e-07,-1.9411581478543722e-05
366.0631945999994,0.0,0.0,0.0,-1.2235631261051421e-08,-5.990885712633636e-07,-1.939885839535719e-05
366.10548310000013,0.0,0.0,0.0,-1.2185054171658021e-08,-6.000597227973257e-07,-1.9386166922428527e-05
366.1618574000022,0.0,0.0,0.0,-1.2134477770092871e-08,-6.010320749333634e-07,-1.937350731741029e-05
366.21130280000216,0.0,0.0,0.0,-1.2083970385008058e-08,-6.020057510536511e-07,-1.9360879704590238e-05
366.262496299998,0.0,0.0,0.0,-1.2033516987210534e-08,-6.029807787402991e-07,-1.934828428604372e-05
366.31343280000146,0.0,0.0,0.0,-1.1983120382613879e-08,-6.039571497230123e-07,-1.9335721146144885e-05
366.36392689999775,0.0,0.0,0.0,-1.1932762458536952e-08,-6.049348569761695e-07,-1.932319046032527e-05
366.4065427000023,0.0,0.0,0.0,-1.1882481756157725e-08,-6.059138038583069e-07,-1.931069253718876e-05
366.46220639999956,0.0,0.0,0.0,-1.1832213960658928e-08,-6.068941021897319e-07,-1.9298227403442953e-05
366.511284799999,0.0,0.0,0.0,-1.1782024872293571e-08,-6.078757902947905e-07,-1.9285795292176728e-05
366.55973500000255,0.0,0.0,0.0,-1.1731872916174893e-08,-6.0885871509283e-07,-1.9273396358853518e-05
366.6137106000024,0.0,0.0,0.0,-1.1681791869623221e-08,-6.098430448606848e-07,-1.9261030834375432e-05
366.66325679999863,0.0,0.0,0.0,-1.163175227046544e-08,-6.108286384222361e-07,-1.924869894747015e-05
366.7142393999966,0.0,0.0,0.0,-1.1581781375649138e-08,-6.118157120367727e-07,-1.923640067591631e-05
366.7558289000008,0.0,0.0,0.0,-1.153186227586884e-08,-6.128040716971668e-07,-1.9224136261751073e-05
366.8130022999976,0.0,0.0,0.0,-1.1481981058631689e-08,-6.137936847689394e-07,-1.921190595145553e-05
366.86480070000107,0.0,0.0,0.0,-1.1432162695381993e-08,-6.147847517384076e-07,-1.919970989156389e-05
366.91526449999947,0.0,0.0,0.0,-1.1382410865851694e-08,-6.157771612059653e-07,-1.9187548210854785e-05
366.96005879999575,0.0,0.0,0.0,-1.1332675397433107e-08,-6.167707587465522e-07,-1.9175421218010272e-05
367.0043525000001,0.0,0.0,0.0,-1.1283030787970302e-08,-6.177658398138984e-07,-1.9163328999571075e-05
367.06277399999817,0.0,0.0,0.0,-1.123346307291295e-08,-6.187623383540781e-07,-1.9151271815339883e-05
367.11090429999604,0.0,0.0,0.0,-1.1183928875455998e-08,-6.197601569407047e-07,-1.9139249714202232e-05
367.1640805999996,0.0,0.0,0.0,-1.1134440876443126e-08,-6.207593144952683e-07,-1.912726299146691e-05
367.2054110999961,0.0,0.0,0.0,-1.108501553190228e-08,-6.217598188543753e-07,-1.9115311787007544e-05
367.26121550000244,0.0,0.0,0.0,-1.1035655409260174e-08,-6.22761735998231e-07,-1.910339629400313e-05
367.31287970000267,0.0,0.0,0.0,-1.0986332774574187e-08,-6.237649503335504e-07,-1.9091516685669534e-05
367.3638334999996,0.0,0.0,0.0,-1.0937078159009755e-08,-6.247695167079385e-07,-1.907967325285979e-05
367.405070599998,0.0,0.0,0.0,-1.0887902907752305e-08,-6.257756290548016e-07,-1.906786599112973e-05
367.46116959999927,0.0,0.0,0.0,-1.0838769457406332e-08,-6.2678300836557e-07,-1.9056095189161473e-05
367.505599899996,0.0,0.0,0.0,-1.0789706799577875e-08,-6.277917268307473e-07,-1.9044361097842026e-05
367.56496389999666,0.0,0.0,0.0,-1.0740681751237979e-08,-6.288019077414839e-07,-1.9032663874857645e-05
367.6121239999993,0.0,0.0,0.0,-1.069172904367363e-08,-6.298134488011208e-07,-1.9021003628975172e-05
367.6610778999966,0.0,0.0,0.0,-1.0642840055357152e-08,-6.308264419673528e-07,-1.90093805311802e-05
367.71297870000126,0.0,0.0,0.0,-1.0593993737481787e-08,-6.318406494920009e-07,-1.89977949345344e-05
367.7563717000012,0.0,0.0,0.0,-1.0545222338691488e-08,-6.328563478249203e-07,-1.8986246934497844e-05
367.816559400002,0.0,0.0,0.0,-1.0496510784223982e-08,-6.338734952590286e-07,-1.8974736717600267e-05
367.8581705999968,0.0,0.0,0.0,-1.044787284992025e-08,-6.348920145991252e-07,-1.896326448144629e-05
367.9034912999996,0.0,0.0,0.0,-1.0399280519988018e-08,-6.359118764806915e-07,-1.895183048141169e-05
367.9588048000005,0.0,0.0,0.0,-1.0350751486500763e-08,-6.369332030065683e-07,-1.894043489512072e-05
368.01283030000195,0.0,0.0,0.0,-1.0302307878052848e-08,-6.379560499047366e-07,-1.8929077720334906e-05
368.05382929999905,0.0,0.0,0.0,-1.0253888619256926e-08,-6.38980169088085e-07,-1.8917759276845053e-05
368.11396879999666,0.0,0.0,0.0,-1.020554410383802e-08,-6.400055596848905e-07,-1.8906479975388375e-05
368.15637649999553,0.0,0.0,0.0,-1.0157278857410248e-08,-6.410325427013934e-07,-1.8895239858160868e-05
368.2060590999972,0.0,0.0,0.0,-1.0109069897015933e-08,-6.420610269258451e-07,-1.8884039009557084e-05
368.2552194000018,0.0,0.0,0.0,-1.006094127667792e-08,-6.43090816317134e-07,-1.887287768934055e-05
368.314790299999,0.0,0.0,0.0,-1.0012845417328366e-08,-6.441220279951382e-07,-1.8861756090737523e-05
368.3639162999971,0.0,0.0,0.0,-9.96483217709799e-09,-6.451546660451076e-07,-1.885067457341558e-05
368.41164220000064,0.0,0.0,0.0,-9.916898446532431e-09,-6.461888035075768e-07,-1.8839633208434512e-05
368.45902390000265,0.0,0.0,0.0,-9.869009639485229e-09,-6.472242199295653e-07,-1.882863228891677e-05
368.51384159999725,0.0,0.0,0.0,-9.821161740181532e-09,-6.482611393419386e-07,-1.881767197030542e-05
368.5589133999965,0.0,0.0,0.0,-9.773430779406342e-09,-6.492996055377554e-07,-1.88067523102649e-05
368.6054711999968,0.0,0.0,0.0,-9.72574201868425e-09,-6.503394260928497e-07,-1.8795873657466195e-05
368.66005539999605,0.0,0.0,0.0,-9.678120958481781e-09,-6.513806554688526e-07,-1.8785036242814777e-05
368.70646249999845,0.0,0.0,0.0,-9.630587420253717e-09,-6.524234364118132e-07,-1.877424016399757e-05
368.75737279999885,0.0,0.0,0.0,-9.583112984858042e-09,-6.53467684683573e-07,-1.876348559645262e-05
368.8137581999981,0.0,0.0,0.0,-9.53568198766868e-09,-6.545132273365458e-07,-1.875277290212087e-05
368.865154799998,0.0,0.0,0.0,-9.488317858343898e-09,-6.555601555261028e-07,-1.874210234743816e-05
368.9083698999966,0.0,0.0,0.0,-9.441054478327659e-09,-6.566087283375156e-07,-1.873147408781451e-05
368.9620412000004,0.0,0.0,0.0,-9.393851814471833e-09,-6.576587968100988e-07,-1.872088815880795e-05
369.0145190999974,0.0,0.0,0.0,-9.346714639364878e-09,-6.587101941545249e-07,-1.871034494676606e-05
369.05934479999996,0.0,0.0,0.0,-9.299628574390832e-09,-6.597630672585107e-07,-1.8699844589374937e-05
369.11221439999645,0.0,0.0,0.0,-9.252657114814459e-09,-6.608175056077377e-07,-1.8689387370797657e-05
369.1547591999988,0.0,0.0,0.0,-9.205735941399984e-09,-6.618734464486142e-07,-1.8678973353262695e-05
369.2049323999963,0.0,0.0,0.0,-9.158888481524301e-09,-6.629307370690846e-07,-1.8668602860928748e-05
369.26386939999793,0.0,0.0,0.0,-9.112079977870463e-09,-6.639894392426688e-07,-1.8658276200251306e-05
369.3133155999967,0.0,0.0,0.0,-9.065370889998675e-09,-6.650497799925997e-07,-1.8647993493308454e-05
369.3596647000013,0.0,0.0,0.0,-9.018759396388327e-09,-6.661116189363817e-07,-1.8637754873323654e-05
369.4099836999958,0.0,0.0,0.0,-8.972187886827865e-09,-6.67174842948386e-07,-1.862756066453036e-05
369.4568244999973,0.0,0.0,0.0,-5.3712979497976993e-05,-0.0041947699226471775,0.005136519510943973
369.5143867000006,0.0,0.0,0.0,0.000128610763749414,-0.0010913215588934104,0.05500962512220536
369.5548476999975,0.0,0.0,0.0,0.00021567131054786633,0.0006598777876455999,0.11093066681638335
369.6064053000009,0.0,0.0,0.0,0.0002831796746369129,-0.002108202865851268,0.1354643823386089
369.6603314000022,0.0,0.0,0.0,0.00033879619167642537,-0.000955169414535797,0.11336270851750692
369.7083233000012,0.0,0.0,0.0,0.00014792881723322632,0.00678320964033312,0.04041177596370489
369.76513700000214,0.0,0.0,0.0,-0.00011132157208558037,0.0030625868841009495,-0.059669407431936945
369.81264309999824,0.0,0.0,0.0,-0.00048162401295174,-0.0048384282544473075,-0.16080009448455226
369.8555064999964,0.0,0.0,0.0,-0.0004142659075892168,0.004420357978815722,-0.19529931884972915
369.9112943,0.0,0.0,0.0,-0.00019593184113026816,0.0016474506253303894,-0.08035123355897014
369.9618206000014,0.0,0.0,0.0,0.00026065054558623783,0.0003430685593268806,0.08072234496756026
370.0051456000001,0.0,0.0,0.0,0.000829338370798516,0.0003336111337972588,0.28512993059543545
370.0568007999973,0.0,0.0,0.0,0.0011285753044933734,9.938803889194167e-05,0.5250106220824968
370.1122297999973,0.0,0.0,0.0,0.0008829141458585273,0.011810702273815046,0.6579302701713816
370.15584890000173,0.0,0.0,0.0,0.0004562493387606207,0.0011226630904771935,0.6869146459680473
370.21166249999806,0.0,0.0,0.0,0.0005972074164832142,0.0003549520939696702,0.7244615679235817
370.26449319999665,0.0,0.0,0.0,0.0005787156339902773,-0.00039426326522965687,0.756268073601208
370.31371429999854,0.0,0.0,0.0,0.000539930275967095,-0.000640714552932821,0.7421685991277688
370.365426700002,0.0,0.0,0.0,0.000615235433647657,-0.00023130624480292272,0.7061908766949458
370.4114866000018,0.0,0.0,0.0,0.000891320665517457,-0.002120005939939413,0.6585092903473293
370.46280950000073,0.0,0.0,0.0,0.0007136268729511343,-0.0026209661609475007,0.5868843673298364
370.50561590000143,0.0,0.0,0.0,0.0008681239361603191,-0.008420861237851344,0.44221465269668386
370.5632251999996,0.0,0.0,0.0,0.0007354356838475824,-0.00020391908218747666,0.25333841145602126
370.61295249999966,0.0,0.0,0.0,-0.0002925556741030087,-0.0023705000005895256,0.0645886306744525
370.65514119999716,0.0,0.0,0.0,0.0001877328317218057,0.002996111318808256,0.0007397097953406645
370.7119221999965,0.0,0.0,0.0,-8.327291508147851e-05,0.003992551084918292,0.0008811010933587331
370.7670724999989,0.0,0.0,0.0,2.8314229572982305e-05,-0.0011486383645885063,0.00016030981953596933
370.8096332999994,0.0,0.0,0.0,-0.00011153523063857056,0.0005900144913628707,8.852353684201541e-05
370.8633179000026,0.0,0.0,0.0,1.5634072283139736e-05,-0.0006673379422557183,-6.65574827910043e-05
370.90812780000124,0.0,0.0,0.0,-2.957003064333068e-05,0.000530750985229807,-0.0002940585764412173
370.9552521000005,0.0,0.0,0.0,0.00013658666632324784,1.0383965890849005e-05,-9.159787860720618e-05
371.0116732000024,0.0,0.0,0.0,-0.00014613586559430173,0.00020079782063441313,1.676542211256975e-06
371.0559050000011,0.0,0.0,0.0,0.00015391267936515858,-0.0012669687353526707,0.00015784516739422645
371.11385919999884,0.0,0.0,0.0,-0.00014533079664528952,0.0011820103074125982,-1.3982379438155306e-05
371.1550811999987,0.0,0.0,0.0,8.002127611800972e-05,-0.0003387566341627371,-9.378292576988168e-05
371.21397250000155,0.0,0.0,0.0,-7.553066097290732e-05,0.00019819990304592892,-0.00013840257167773326
371.26457649999793,0.0,0.0,0.0,-2.807401153067665e-05,0.0001289804260493674,-0.00014865793356112032
371.3058708999961,0.0,0.0,0.0,0.00013538537113708902,0.0010371965977428483,-0.00016904873412162014
371.35658059999696,0.0,0.0,0.0,-6.196190774255586e-06,-0.0013779570919956465,-0.0002444512701729103
371.4149875000003,0.0,0.0,0.0,-1.9455648880980586e-05,-0.000477986571429382,-0.0001518180749989587
371.4615374999994,0.0,0.0,0.0,0.00017889990522697587,0.0012529854039122063,-5.1027876474704925e-05
371.50541220000014,0.0,0.0,0.0,-0.0002890773020124563,-0.0008716568899406754,-0.0002918205616125844
371.5629790999956,0.0,0.0,0.0,6.269027949072208e-05,9.02882003658632e-05,-9.659103638630213e-05
371.6143463999979,0.0,0.0,0.0,-5.7252246704678144e-05,-0.0007900697952774973,-0.00010886386924629932
371.65703999999823,0.0,0.0,0.0,5.943892801738104e-05,0.0008020825905519989,-0.0001841925703664715
371.7103946999996,0.0,0.0,0.0,-9.553433889961181e-05,-0.0007155305763017141,-0.0002003086469633399
371.7643583999961,0.0,0.0,0.0,0.00014435824498306463,-7.87132599308522e-05,-0.00013542837024495502
371.8134570999973,0.0,0.0,0.0,-3.9117831131076504e-05,0.002129998461319403,-0.00016972888127859777
371.86354279999796,0.0,0.0,0.0,1.2759679767774892e-05,-0.002192534689798229,-0.0003731593326557661
371.9074225000004,0.0,0.0,0.0,-3.9146462915928166e-05,0.002186810681751242,-0.0002696958488180457
371.9617502999972,0.0,0.0,0.0,7.484719242653229e-05,-0.0013546640814386056,-0.00018770453786076167
372.01130099999864,0.0,0.0,0.0,3.169480190008194e-05,-0.0008435181461475199,-0.00034641793939314374
372.0567721999978,0.0,0.0,0.0,7.045413821502959e-05,-0.000244120617582814,-0.0004745461590465056
372.10538789999555,0.0,0.0,0.0,-0.00012261921731776646,0.0008608680291530035,-0.00010477722381453756
372.1551718999981,0.0,0.0,0.0,-7.822110197692431e-05,0.00015536661380157954,0.00016706454290325534
372.2075010999979,0.0,0.0,0.0,5.044345938775544e-05,0.001218969244931977,-3.629858556635928e-05
372.2632427999997,0.0,0.0,0.0,1.8005520949193314e-05,-0.0009220797357037977,-0.00011805596922914098
372.3111504999979,0.0,0.0,0.0,6.199460043121567e-05,-0.00230829879091532,-8.078927788969769e-05
372.36398929999996,0.0,0.0,0.0,-0.00011318461058719341,0.0005922465117048674,-0.00015324104715261035
372.41187969999737,0.0,0.0,0.0,2.69904974660266e-05,0.0011915531966629506,-0.00025067233869783894
372.4579920999968,0.0,0.0,0.0,0.0001206359677780689,-0.0010945094740475929,7.482790190829985e-06
372.5118596999964,0.0,0.0,0.0,-6.741436485418966e-05,0.001139619082833699,0.00019238027000780737
372.5617994999993,0.0,0.0,0.0,-7.375294812160265e-05,-0.001122054312794773,0.00015632275781692268
372.60913430000073,0.0,0.0,0.0,0.00011773067290274687,9.197403661246443e-05,-1.246525562057084e-05
372.657647,0.0,0.0,0.0,-0.00025736984319175857,0.0004138857475852629,0.00011645467626383958
372.7175960999957,0.0,0.0,0.0,0.0002427045825881459,0.0008941928090755399,4.9818851826264436e-05
372.76232270000037,0.0,0.0,0.0,-0.00010331589647169853,-0.0019184821298095722,6.5079503721839046e-06
372.806605400001,0.0,0.0,0.0,-1.1456665086620878e-05,-0.0004177164475177035,-7.777103272123033e-05
372.864705699998,0.0,0.0,0.0,4.1183020250405975e-05,0.0011311337886991072,-5.142835675532652e-05
372.9144582000008,0.0,0.0,0.0,4.636101498323778e-05,0.00035952129041994055,4.2535782627669186e-05
372.95471309999994,0.0,0.0,0.0,0.00012056713442509885,-0.0007157326127337572,2.6521336698254176e-05
373.0107777000012,0.0,0.0,0.0,-3.5226345501284095e-05,-0.0006252091755442714,9.173117865867902e-06
373.05547710000246,0.0,0.0,0.0,-0.0002034292143337955,5.526974270554873e-06,-0.00012624946368198383
373.1172007999994,0.0,0.0,0.0,3.081700125193506e-05,-0.00014880665854885623,-9.742415839678406e-05
373.16263269999763,0.0,0.0,0.0,-1.218542845345487e-05,0.0026658972982702886,-0.0002494241123011705
373.21364950000134,0.0,0.0,0.0,2.8404712557218302e-05,-9.447294957365445e-05,-6.60491025394859e-05
373.26419399999577,0.0,0.0,0.0,8.164329698369042e-05,-0.0007706888410947883,-0.00017583474614985616
373.31261310000264,0.0,0.0,0.0,5.933367654824427e-05,0.0008456537793432182,-5.3979766532613675e-05
373.36182839999674,0.0,0.0,0.0,-6.575288341934814e-05,-0.00047481123773915123,-7.898032240077591e-05
373.41141400000197,0.0,0.0,0.0,1.1891509858031119e-05,-0.0009505111325843971,-0.00019858983321132003
373.46354019999853,0.0,0.0,0.0,-6.575958399363246e-06,0.0005102967982514328,-0.0001234777635212292
373.5057957999961,0.0,0.0,0.0,6.956888776857604e-05,0.000537472246830485,-0.00017345977059260128
373.5636630000008,0.0,0.0,0.0,-7.435260043866906e-05,4.935016340288292e-05,-2.8357226271633544e-05
373.61188409999886,0.0,0.0,0.0,-0.00014835598494707548,0.0006738825523484676,-2.1784349556566e-05
373.66354649999994,0.0,0.0,0.0,7.361550726673302e-05,-0.0005931723695667059,0.0003533578376591584
373.71302950000245,0.0,0.0,0.0,4.005007781985089e-05,0.0002998663541157033,0.00010416324813113395
373.75665149999986,0.0,0.0,0.0,3.2484336544205493e-06,-0.0006384379146336184,-3.66454157574441e-05
373.8121594999975,0.0,0.0,0.0,-0.0001272516048474206,0.001148017714354896,5.3882492973239036e-05
373.8601114999983,0.0,0.0,0.0,8.363531705357978e-05,-0.00013456893985306953,-0.0001348818045949286
373.9106840999957,0.0,0.0,0.0,-4.350619836293004e-05,-0.0007968943804227556,3.1625291405908785e-05
373.9634726000004,0.0,0.0,0.0,0.00010110938423704313,0.00036558261783710866,5.259078135221042e-05
374.0080431000024,0.0,0.0,0.0,-8.155579387637557e-05,-0.0011274025665313308,2.8084265606112632e-05
374.0585226999974,0.0,0.0,0.0,-2.755996314586671e-06,-0.00010497657057285938,4.454215216349666e-05
374.1057795000015,0.0,0.0,0.0,1.6873522305452733e-05,0.0017481634719298384,0.0001140635489187907
374.16157279999607,0.0,0.0,0.0,8.99794372378973e-06,-0.0008092895221771898,8.066958086925283e-05
374.214793799998,0.0,0.0,0.0,0.00017007048441624006,-0.0006396376228513638,0.0001347815070172435
374.2559354999976,0.0,0.0,0.0,-0.0001769169763863056,0.001160803616163087,0.00014369563986300028
374.3115508999981,0.0,0.0,0.0,9.055513911651676e-05,-0.00109656908263159,0.00012095864815546214
374.36425880000024,0.0,0.0,0.0,-0.00011268303133597451,6.165673399390777e-05,-3.289231757231446e-05
374.4114913000012,0.0,0.0,0.0,8.979220080520983e-05,0.00018831521472454952,-3.8595614287550635e-05
374.45981590000156,0.0,0.0,0.0,1.6318510822515542e-05,-4.3860352367947704e-05,8.87110600956664e-05
374.5109383000017,0.0,0.0,0.0,-4.0296576785247136e-05,0.0007579496790322247,-0.00010225360744806682
374.5633058999956,0.0,0.0,0.0,3.8030617421801904e-05,-0.0008658864377101487,-0.00017082437495447977
374.6058725999974,0.0,0.0,0.0,-6.228108134697349e-05,0.000599402871571618,-0.000299053572644913
374.6639374000006,0.0,0.0,0.0,0.00015614676995946147,0.00023178368474359247,-0.0003487944518957327
374.7118315999978,0.0,0.0,0.0,-2.4773460342454373e-05,-0.0010743574297338726,-0.00030631098111391544
374.7601859999995,0.0,0.0,0.0,-0.00010828006498235514,-4.357819694079574e-05,-0.00035342704747774907
374.80863639999734,0.0,0.0,0.0,-6.209334842769908e-05,0.0006164451264114851,-0.00012222667378417347
374.85584189999645,0.0,0.0,0.0,-7.440668068853996e-05,-0.000871756579384581,2.6354609565188477e-06
374.90609749999567,0.0,0.0,0.0,0.00016016724876365194,-0.0005894941512937856,-0.00013695321235744282
374.95641199999955,0.0,0.0,0.0,-0.0001347702706046003,-0.0002212752401445474,-8.948329813391375e-05
375.0140134999965,0.0,0.0,0.0,0.00016168771771331216,0.0007966088419920365,-0.00012162299669961799
375.0663719000004,0.0,0.0,0.0,-3.4692209732754167e-05,-2.1117064786418487e-05,-0.000154893318761999
375.11266259999684,0.0,0.0,0.0,-3.1693791927994464e-05,-0.00026439492832888787,-0.00027231261157717863
375.16488430000027,0.0,0.0,0.0,-0.00010361967368082727,-0.0007390829434719459,-0.00013960725884454013
375.2117352999994,0.0,0.0,0.0,1.3254191298176117e-05,0.0011281928579894808,-0.00041811774544741947
375.2649508999966,0.0,0.0,0.0,3.292454041821271e-05,0.0006209593860307527,-0.0002729923112841792
375.31177469999966,0.0,0.0,0.0,0.0001086301626780232,-0.000728122720225215,-0.00026323719802196654
375.36289150000084,0.0,0.0,0.0,-4.566654848026414e-05,-0.0007637517089414714,-0.00027012940281750724
375.4060337999981,0.0,0.0,0.0,7.817812207304259e-05,-0.00047416151910821487,-0.0002570766173273559
375.4567457000012,0.0,0.0,0.0,-0.00016325127054257584,0.00012546719681616787,-0.00022432459645646487
375.5133674999961,0.0,0.0,0.0,5.8836400458493e-05,-6.778618127985216e-05,-0.00045667846399615044
375.55598060000193,0.0,0.0,0.0,-2.902059059768724e-05,-0.0005703608455091444,-0.00018794042474984082
375.6135510999957,0.0,0.0,0.0,2.20691357541352e-05,0.002146786132636771,-1.466495821189585e-05
375.66669980000006,0.0,0.0,0.0,1.2918108221912964e-05,-0.000261807846986781,-0.00013980192135454035
375.71306919999915,0.0,0.0,0.0,5.489051650785823e-05,-0.0004462705535475268,-6.066419763577788e-05
375.7622491000002,0.0,0.0,0.0,-0.00016062183361271283,0.0016714105797633358,-0.00011578359635296538
375.8046933000005,0.0,0.0,0.0,8.281894549815891e-05,0.0001525260927191136,-2.1725170502721425e-05
375.8564455000014,0.0,0.0,0.0,0.0001469089058078887,-0.000695547414589003,-0.00016216570080002828
375.9105391999983,0.0,0.0,0.0,-0.00018272070280061294,-0.000523005477850765,-7.477934999809004e-05
375.95477499999834,0.0,0.0,0.0,0.00024709529884173187,0.0002945765785555192,-7.364555498628058e-05
376.00516680000146,0.0,0.0,0.0,-0.00024022339671797292,-8.57176204359576e-05,-1.892658459025064e-05
376.055855599996,0.0,0.0,0.0,3.7505387542937175e-05,0.0004076180648249502,-0.00010969601657036451
376.1085632999966,0.0,0.0,0.0,-3.2255385898048836e-05,-0.0002900781923645705,-0.00014743995080102076
376.1617419999966,0.0,0.0,0.0,4.39756626373243e-05,0.00016412163731224978,3.9417211649610073e-07
376.2128737999956,0.0,0.0,0.0,-1.4466688330642996e-05,-0.00042490359219714985,5.0390943543786624e-05
376.26507319999655,0.0,0.0,0.0,-4.838314690607991e-05,0.0012911584008038805,-7.175922681199883e-05
376.3142282999979,0.0,0.0,0.0,0.00010323510623251189,-0.0009776331127277953,-0.00011194495926003753
376.3639011999985,0.0,0.0,0.0,-0.00011127679371689037,-0.0004520081404915423,-0.0003896158990456434
376.41347329999553,0.0,0.0,0.0,5.938183627106253e-05,0.0008386119214134416,-0.00011684011508670269
376.4632411999992,0.0,0.0,0.0,4.474315354875527e-05,-7.70069655481385e-06,-4.688304115558047e-05
376.5067026999968,0.0,0.0,0.0,-7.740444537017853e-05,0.00016709345421151323,-0.00019136272940129616
376.5655925999963,0.0,0.0,0.0,0.00012004101952687666,-0.00023555277710244003,-0.00019327861614004173
376.6146293999991,0.0,0.0,0.0,0.00010753645537234282,0.000644473221474111,-0.000257446730278773
376.6568466999961,0.0,0.0,0.0,-0.00015112299260913162,-0.0010030604377497228,-0.00012189541380389325
376.7127556999985,0.0,0.0,0.0,-2.9923383013190362e-05,-0.00022160981762954856,-0.0001729036201048927
376.7565839000017,0.0,0.0,0.0,6.243994672074824e-05,0.0015853190833249428,-5.019386718882906e-05
376.8117903999955,0.0,0.0,0.0,-1.8096423913551855e-05,-0.0013057306926168304,-8.932251830211295e-05
376.8633652999997,0.0,0.0,0.0,-8.699825459301344e-05,-0.0007527668032451347,-7.780140053653225e-05
376.911637899997,0.0,0.0,0.0,7.250269785713734e-06,-9.994081327362959e-05,-0.00017702005249235726
376.95760190000146,0.0,0.0,0.0,-2.3329660712148763e-05,0.0011278017917541708,-0.0001494917097075097
377.0114917999963,0.0,0.0,0.0,-6.829745921306798e-06,-0.0007565887611426722,-0.0001981061280397167
377.06087529999786,0.0,0.0,0.0,6.97667816752716e-05,-0.0003324094736277469,-0.00022270453903437448
377.11698369999795,0.0,0.0,0.0,-6.914680595992652e-05,0.001189570133346959,-7.541197827024942e-05
377.15724529999716,0.0,0.0,0.0,-2.0756159561746857e-05,-0.0018036764914657881,-0.0002320163403955683
377.21391199999925,0.0,0.0,0.0,1.741334136273763e-05,0.0012667405151646238,-5.259387250621985e-05
377.2558152999991,0.0,0.0,0.0,0.00020851533235787524,0.0003685381517110528,-0.00011021562309331737
377.3067660000015,0.0,0.0,0.0,-0.00011214654714687789,0.0005621716394140052,-0.00011005316295578462
377.36255130000063,0.0,0.0,0.0,-1.7322753923762827e-05,-0.0008745495721889367,-1.5356204232971304e-05
377.4147453999976,0.0,0.0,0.0,-3.64202482089266e-05,-0.00038669507962805474,-0.0002963244557359526
377.4551199999987,0.0,0.0,0.0,-8.705994819289725e-05,0.001135631277565721,-0.00011757472144065011
377.5053704999955,0.0,0.0,0.0,6.713725069351742e-05,-0.0002944909805041918,-4.6500491854503305e-05
377.5616516000009,0.0,0.0,0.0,6.600472748796254e-05,-0.00028632128668371575,-4.173913549667576e-05
377.61689179999667,0.0,0.0,0.0,-4.8303824988046005e-05,-0.0014238453003272383,-4.15287059672036e-05
377.65804650000064,0.0,0.0,0.0,0.00011799117722006817,0.001067843372403792,-0.00012933892084045424
377.7114072999975,0.0,0.0,0.0,-9.463912072348011e-05,-0.00019928347494934905,-0.00010796108084836609
377.75620720000006,0.0,0.0,0.0,1.2812977494450765e-05,-0.00010986933127079476,-0.0001858526932286483
377.81560629999876,0.0,0.0,0.0,-0.00011145090713853805,0.0010356383623341707,-0.0001975070307174642
377.86311659999774,0.0,0.0,0.0,5.4678276525830765e-05,-0.0030805025319068933,-0.00018087420729790066
377.9087505999996,0.0,0.0,0.0,3.762577223078862e-05,0.0019542864133454017,-0.0001611214182163198
377.962414499998,0.0,0.0,0.0,-7.24029426136716e-06,-0.0017669759088817874,-2.8505557965330147e-05
378.0098502999972,0.0,0.0,0.0,-0.0001391318241195692,0.0015772665069747917,-0.00023006299053043562
378.0613902999976,0.0,0.0,0.0,0.00016757662737840225,-0.0002396108790055718,-0.0003754120215857734
378.11502169999585,0.0,0.0,0.0,-4.933133167940645e-05,-0.0020318319971148486,-0.0003125421497613751
378.1555701999969,0.0,0.0,0.0,8.268628603665886e-05,0.0025749326866588416,-0.00038752087561773417
378.2041753000012,0.0,0.0,0.0,5.014873529063676e-05,0.0002881219170599818,0.0001642020936258023
378.2636711000014,0.0,0.0,0.0,-2.90869916443657e-05,-0.00019512840295567502,0.00014932436657492758
378.3096707000004,0.0,0.0,0.0,4.208389146555037e-05,0.00026663515723424053,0.00018819598704813143
378.3623542999994,0.0,0.0,0.0,-0.0001908520983276118,-0.00022770848166254865,0.00016994307425412537
378.40595269999903,0.0,0.0,0.0,0.00019543399827713078,0.0005914880422741398,0.00016738225795130256
378.4654709000024,0.0,0.0,0.0,-0.00012417356093136436,0.0007072346664282483,0.00020914623801942414
378.5117109999992,0.0,0.0,0.0,2.434334965646519e-05,-0.0008867183212090428,0.00022448735694926447
378.5625934999989,0.0,0.0,0.0,-2.8959943287660085e-05,-0.00011583688325754961,0.00017652194255851492
378.60949000000255,0.0,0.0,0.0,7.92348246656377e-05,0.0005243248071074522,-0.00018452676854743486
378.65892259999964,0.0,0.0,0.0,-7.580248150057885e-05,-9.444834801422032e-05,-0.00018829331675176153
378.71399250000104,0.0,0.0,0.0,-1.3870511948337241e-05,-0.00026806637427461734,-0.00011477979025414739
378.7623423999976,0.0,0.0,0.0,-5.5112117448333316e-05,0.0005295135130180686,-0.00010285782587745072
378.81173839999974,0.0,0.0,0.0,-3.219392601324367e-05,0.00038769275380791586,-7.911648493078355e-05
378.85577360000025,0.0,0.0,0.0,0.00010398119390205943,-0.0003624885897653368,-0.00011934069762379377
378.91441369999666,0.0,0.0,0.0,0.00010943936794006177,0.0001377959768909107,-1.9932697952347957e-05
378.9612154999995,0.0,0.0,0.0,-0.00013288805794597647,-0.0012389775921765513,-1.5619113751795388e-05
379.0110180999982,0.0,0.0,0.0,-6.229633540940267e-05,-7.868943674807764e-05,-4.66020394068471e-05
379.0640531999961,0.0,0.0,0.0,4.5278513819299536e-05,0.0003430940805308983,-5.992961516185672e-05
379.10757719999674,0.0,0.0,0.0,7.182919202529061e-05,-4.8408092917671754e-05,-0.00014544559666040111
379.1615275000004,0.0,0.0,0.0,-0.0001248147524556581,0.0002749873924715149,3.0507358144226276e-05
379.2037324999983,0.0,0.0,0.0,-4.2663651524473215e-05,-0.0010925630045740971,-0.00016673543424474102
379.25521350000054,0.0,0.0,0.0,4.853307496969684e-06,0.0013341563180123113,-0.00019652761616992907
379.3054273000016,0.0,0.0,0.0,0.0001486654911762884,-0.00020696781568886109,-0.00021743926799447756
379.36618309999903,0.0,0.0,0.0,-5.8261028626753315e-05,-0.0002827393455323469,-0.00020687267516149733
379.4095591000005,0.0,0.0,0.0,-2.1229919596663144e-07,-0.00015551435976814205,-0.00019749532910306105
379.4554594000001,0.0,0.0,0.0,9.305765642249754e-05,0.001308433741665472,-0.0004793612175875624
379.512052099999,0.0,0.0,0.0,4.2445064284812195e-06,-4.253843655360674e-05,-0.00043050402970670927
379.56792380000115,0.0,0.0,0.0,-2.892633879629904e-05,-0.0013628249758581242,-0.00020689625582770183
379.606257200001,0.0,0.0,0.0,-0.00011147046971627422,-0.0012657735309691436,-9.004087650406429e-05
379.6623716999966,0.0,0.0,0.0,0.00010760905041603308,0.0009516974195850217,2.1023754010446574e-05
379.71284059999743,0.0,0.0,0.0,-5.392548176087227e-05,-0.0012413874351042463,-2.8723705381448785e-06
379.76304929999606,0.0,0.0,0.0,-1.3623616821540125e-05,0.001196770504387169,4.494958915897361e-05
379.8065856999965,0.0,0.0,0.0,-2.974367786972695e-07,3.363800383868508e-05,-4.970624171805615e-05
379.86283679999906,0.0,0.0,0.0,1.6212660660094106e-05,-0.00019469193591072667,-7.326865117592956e-05
379.9080105999965,0.0,0.0,0.0,3.659248907073063e-05,-0.0004937815429989588,-0.00013739209319063697
379.95644059999904,0.0,0.0,0.0,-2.883047230285976e-06,-0.0011216818034539779,-6.06579025684767e-05
380.0115003999963,0.0,0.0,0.0,-3.070668394471785e-05,0.0016967571343868885,-0.00011052294630287754
380.06652349999786,0.0,0.0,0.0,8.049062605370962e-05,-0.000890226785109946,-0.00011578524220023925
380.1124254000024,0.0,0.0,0.0,-9.735121991707548e-07,-0.00041301885345820083,5.040343917688908e-05
380.1554787999994,0.0,0.0,0.0,-7.558629371596375e-05,-0.0005774972108856317,1.1885245637899566e-05
380.20570240000234,0.0,0.0,0.0,-9.749559620896704e-06,0.0005738203537973274,3.886639407881208e-05
380.2611539999998,0.0,0.0,0.0,-7.937126917260204e-05,0.002560956027542285,3.6905667367728605e-05
380.31151780000073,0.0,0.0,0.0,1.3333027774700269e-05,-0.00029187278424468643,3.6436902383751916e-07
380.35959020000155,0.0,0.0,0.0,-4.668287470200636e-05,-3.208031829028459e-05,-7.775635234903217e-05
380.40509899999597,0.0,0.0,0.0,5.511689036932657e-05,0.0008710198702251487,-5.909532439039018e-06
380.45440589999635,0.0,0.0,0.0,0.00011914456381667885,-0.0008776514010144499,5.207280318880355e-05
380.51347330000135,0.0,0.0,0.0,-0.00011248423822757213,0.0007928001568567862,-6.132128043809137e-05
380.5652304999967,0.0,0.0,0.0,-5.996777487682947e-05,-7.901742867528924e-05,-8.989846083218343e-05
380.6150693000018,0.0,0.0,0.0,0.00022437807374384655,-0.0006969988538561655,-0.00010686036940569678
380.6620239999975,0.0,0.0,0.0,-0.00010401276755080156,0.0003699646190375198,-0.00026230649688428563
380.7104543000023,0.0,0.0,0.0,7.870235661010957e-05,-0.00017729649768811136,-8.818346006630965e-05
380.7637426000001,0.0,0.0,0.0,-2.8181167273410252e-05,0.0004012655163004253,-4.88118730572585e-05
380.81299249999574,0.0,0.0,0.0,6.88409608410732e-07,-0.0005581229776476761,6.492899497096761e-05
380.86309130000154,0.0,0.0,0.0,-4.9609757279803066e-05,-0.001213976918322062,7.378451113919611e-05
380.90998460000264,0.0,0.0,0.0,0.00010033897293739212,0.0010001123370072832,6.687264975691867e-05
380.963676899999,0.0,0.0,0.0,-8.676397685835784e-05,0.0008809817578356899,-6.037571490283933e-05
381.01300179999816,0.0,0.0,0.0,-4.787296419497725e-05,-0.0002675182600772666,6.839674269774896e-05
381.0661403999984,0.0,0.0,0.0,-2.8087670050535554e-05,0.0002333089289232782,-0.0001437831196325222
381.1117393999957,0.0,0.0,0.0,0.0008717472789528328,-0.0019961157643667553,0.11407092246978684
381.15456479999557,0.0,0.0,0.0,-0.0003418626596793237,-0.007710584915424102,0.3003761081489686
381.2141797000004,0.0,0.0,0.0,0.0008887561324379054,-0.001432234425422838,0.49616338055727355
381.2584901000009,0.0,0.0,0.0,0.0015845271702984035,9.792905430545848e-05,0.7196118411285595
381.3128706999996,0.0,0.0,0.0,0.0013118174418893774,0.0019924908703615714,0.9515636191247502
381.3607552999965,0.0,0.0,0.0,0.002810065076058284,0.0006025497705995722,1.2123976034967119
381.4053492000021,0.0,0.0,0.0,0.0026321879800184807,0.0029744923464385966,1.4986289756531812
381.46478670000215,0.0,0.0,0.0,0.0027382995767022285,0.0017200995524344184,1.7671330287226348
381.51269049999974,0.0,0.0,0.0,0.003418349592516623,-0.004601726280423489,1.8469529629738233
381.55754960000195,0.0,0.0,0.0,0.0036894675422648837,-0.0022850667180436737,1.8591841101060214
381.6055011999997,0.0,0.0,0.0,0.0036630692057028134,0.0007902484032161927,1.8771838168394825
381.6567892999956,0.0,0.0,0.0,0.0036299299304603976,0.0004320170205143661,1.8830867080445204
381.70809819999704,0.0,0.0,0.0,0.004145147867589771,-0.0003425756544417645,1.8260525224813182
381.7641982999994,0.0,0.0,0.0,0.003568874284368988,-2.1593994235016746e-05,1.705156661844494
381.8116936000006,0.0,0.0,0.0,0.003303178546432966,-0.0015984118790993702,1.5762793749457664
381.86199289999786,0.0,0.0,0.0,0.0031346690738103776,-0.0018865506912075722,1.4561471662391887
381.91488299999764,0.0,0.0,0.0,0.002733304537198274,0.002414110737499763,1.3439248171263916
381.9548749000023,0.0,0.0,0.0,0.002350761161751497,-0.001397198275429621,1.2384783245075948
382.0094883999991,0.0,0.0,0.0,0.002146315398198383,0.0008195342466182247,1.1397075108320727
382.06510539999726,0.0,0.0,0.0,0.001971173912078428,0.00019939993869869512,1.054173291583975
382.11097000000154,0.0,0.0,0.0,0.001978385789112716,0.0026010242260800062,0.9644961253957236
382.15954509999574,0.0,0.0,0.0,0.0021667307459981673,-0.00798117474585122,0.8985037370873296
382.2117333999995,0.0,0.0,0.0,0.0018966232837489211,7.099261914151577e-05,0.8305554815246454
382.26151469999604,0.0,0.0,0.0,0.0016970165553891708,0.0013040171192735474,0.7662501737092868
382.3135287999976,0.0,0.0,0.0,0.0019609652400875764,9.251378302573117e-06,0.7094696882861669
382.3630608999956,0.0,0.0,0.0,0.0016726277470825515,-0.00011538786863889464,0.6553507126018266
382.4117455000014,0.0,0.0,0.0,0.0012310681507841927,-0.00565854378971279,0.6429938904998123
382.4548519000018,0.0,0.0,0.0,0.0014572887533561695,0.0013473323762925784,0.6279333400505455
382.51347389999864,0.0,0.0,0.0,0.0015346809976892195,0.0005312528166400189,0.6306376357263371
382.56199399999605,0.0,0.0,0.0,0.0014009749609101426,0.00403421453287982,0.647880968026011
382.60914429999684,0.0,0.0,0.0,0.001547183043581642,-0.001327398016591248,0.6764267470079345
382.65622350000194,0.0,0.0,0.0,0.0016129132158391858,-0.0025836868591657346,0.688929389938202
382.71304699999746,0.0,0.0,0.0,0.0018044487280452438,0.006897485045656612,0.6512428398836713
382.7635383000015,0.0,0.0,0.0,0.0009254068969905372,0.0015682154152019479,0.5248871786240774
382.8142133000001,0.0,0.0,0.0,0.0006700418867438742,0.0014563673170644345,0.3548829465661161
382.8616643999994,0.0,0.0,0.0,-8.754402303456308e-05,0.0017322468257690061,0.2149375386403234
382.9063221999968,0.0,0.0,0.0,0.00045020636877590893,0.004966820687961409,0.15969008987919775
382.9660997999963,0.0,0.0,0.0,0.0006859331793030778,-0.0027352923492591523,0.22712639047143265
383.01626289999695,0.0,0.0,0.0,0.00028868388346116325,0.0024444227639750732,0.2661386481800382
383.06341760000214,0.0,0.0,0.0,0.000482806493686008,-0.0027126404428146214,0.27365762899985224
383.112898899999,0.0,0.0,0.0,0.00047061713384565103,0.002137745081571473,0.26534896846799627
383.16463049999584,0.0,0.0,0.0,0.00038499776942136813,0.0016990131720157986,0.2517717049130642
383.2110008000018,0.0,0.0,0.0,0.00028651495875870353,0.0017994520736639191,0.24120243230372262
383.2560766999959,0.0,0.0,0.0,0.00032426562078943875,0.002038115700468815,0.24317582935117138
383.3124284000005,0.0,0.0,0.0,0.0004154606829151011,-0.00018310084560336194,0.2543828099393316
383.36293869999645,0.0,0.0,0.0,0.0005597783810114437,-0.0038669646209920873,0.26559569197538185
383.41530809999676,0.0,0.0,0.0,0.00038695845455194677,0.0008389869930021676,0.2766792648837953
383.462620899998,0.0,0.0,0.0,0.00043571095935575327,-0.0005254859636550065,0.28854695168393957
383.5083949999971,0.0,0.0,0.0,0.0005284785939057943,-0.0005573796474581777,0.31216473132617767
383.5652203999998,0.0,0.0,0.0,0.0006444863095914956,-0.0018363612109406511,0.3469366770975554
383.6078578000015,0.0,0.0,0.0,0.0006480863084059739,0.0036765242059565778,0.40006793056102
383.66139190000104,0.0,0.0,0.0,0.0009197726784206682,-0.0011370065187475895,0.4785973990826547
383.71504560000176,0.0,0.0,0.0,4.967220801240727e-05,0.008402651342541876,0.4884115307792679
383.76365899999655,0.0,0.0,0.0,0.0001296448820465131,0.0015795289827045468,0.48852411566002424
383.8079491999961,0.0,0.0,0.0,0.00042927425016881724,-0.00012184446363797424,0.47743621525488755
383.86240309999994,0.0,0.0,0.0,0.00043884028052423396,0.0006689791548011054,0.45579909224585446
383.90467940000235,0.0,0.0,0.0,0.0003848911753481717,-0.00040672400872238,0.4287349678574839
383.9557799999966,0.0,0.0,0.0,-0.00018968888248777522,0.0002703086123209672,0.40291982397619747
384.00790250000136,0.0,0.0,0.0,0.0014869405584256982,0.0003822505553936307,0.40052910106223477
384.06199560000096,0.0,0.0,0.0,0.0002494870999328559,-0.0027948889559640273,0.3741948337787215
384.1065990999996,0.0,0.0,0.0,0.00011284259750756465,-0.005275488407766689,0.2980785303240884
384.16475229999924,0.0,0.0,0.0,0.00016909480082256527,-0.003052110310555844,0.13080817442564058
384.2061160000012,0.0,0.0,0.0,-4.281527131798343e-05,-0.004361823465434617,0.015932505855542622
384.263870099996,0.0,0.0,0.0,-0.00016778928059930557,-0.0014198154695944502,0.0009194019763998834
384.30610439999873,0.0,0.0,0.0,8.644058415515839e-05,-0.0005508230622530366,0.00015695116569062562
384.36253510000097,0.0,0.0,0.0,-0.000290207565886034,0.0004884173407715507,-6.161991229017603e-05
384.4127602000008,0.0,0.0,0.0,0.00026792166663300207,6.795584139897723e-05,-8.472950245167657e-05
384.46105440000247,0.0,0.0,0.0,-0.00010647652869278809,-0.000496595186470425,-0.00017221195881838176
384.5061213000008,0.0,0.0,0.0,6.925247830240085e-05,0.0004491481406606006,-0.00019798486181803277
384.55870270000014,0.0,0.0,0.0,-0.00014449001031969607,-6.03353660118073e-05,-0.0001345204422290226
384.61336070000107,0.0,0.0,0.0,6.18686445992523e-05,0.0005576972733822731,-4.712215062314522e-05
384.66255100000126,0.0,0.0,0.0,-2.370616575824903e-05,-0.0001345460694838759,9.883828937953933e-06
384.7061173999973,0.0,0.0,0.0,-1.0939305154544536e-06,-0.0009102540381528699,-0.00017993863253468686
384.76053420000244,0.0,0.0,0.0,-2.5949552638134165e-06,0.0004396914776707129,-0.00018436516816402283
384.81353809999564,0.0,0.0,0.0,0.00012276255559895308,-0.00040509869036182684,-0.000198410204476076
384.86500639999576,0.0,0.0,0.0,-2.7909051187463583e-05,0.00020193210663473535,-0.0002663336417833155
384.9120733000018,0.0,0.0,0.0,0.00010298804319504556,0.000304305093083012,-6.733056357312387e-05
384.9639720999985,0.0,0.0,0.0,-0.00010090378679055762,4.014128741787464e-05,-0.0002250527059575064
385.0115577999968,0.0,0.0,0.0,-3.889146262897064e-05,0.0003639361177212974,-0.00011909714702287292
385.06384750000143,0.0,0.0,0.0,3.402220688741743e-05,-0.0006320789566844884,-0.0002477369882045768
385.1173859999981,0.0,0.0,0.0,-8.21025035983349e-05,4.5600927773770926e-05,-8.830632696607e-05
385.1552718000021,0.0,0.0,0.0,0.00022005268139785593,-0.0002338692971741515,-0.0004463761404192413
385.2120794000002,0.0,0.0,0.0,-1.734960642101562e-05,2.0800874550142934e-06,-0.0002582032180022625
385.2570801999973,0.0,0.0,0.0,-0.00020321159971908658,0.0012544944443629422,-0.0001893572255960481
385.31410579999647,0.0,0.0,0.0,0.0002022930587067267,-0.0009046778822200613,-0.00034686058200948704
385.35645069999737,0.0,0.0,0.0,3.032257521099424e-05,-0.0005201492467611082,-4.83589107833127e-05
385.41249329999846,0.0,0.0,0.0,-0.00020365929012641044,2.5113368632308802e-05,-0.00015354598627308246
385.4567679999964,0.0,0.0,0.0,7.103707061592839e-05,0.00016115074419638208,-0.0003531736841175
385.5131177000003,0.0,0.0,0.0,-8.594320312595483e-05,0.00010788746731295883,-0.00035203073249311486
385.56485650000104,0.0,0.0,0.0,5.298330612131597e-06,1.2441769895933235e-05,-0.00027779664376034616
385.6111005999992,0.0,0.0,0.0,0.00011086022588031625,0.00037246511231859176,-0.00015747880863976554
385.66180339999846,0.0,0.0,0.0,-2.2817731576608112e-05,-5.039945124106283e-05,-0.00029329949352309675
385.7127965999971,0.0,0.0,0.0,-1.738602491914552e-05,-0.000236892067292304,-0.00017958108123480767
385.7631337999992,0.0,0.0,0.0,0.00010873986036501354,8.814750862479561e-06,-0.00021026894480768
385.8108530000027,0.0,0.0,0.0,-0.00012735252073449424,3.5573299967982263e-05,-0.00014724246668474316
385.85615819999657,0.0,0.0,0.0,1.872717185117718e-05,-0.00020147660404883604,-0.0003753528276512992
385.9147303999998,0.0,0.0,0.0,1.1714975386891356e-05,7.909210617824796e-05,-0.000249593555865787
385.95933559999685,0.0,0.0,0.0,4.297957550353899e-05,0.000440003485174672,-0.000440657097876706
386.009965199999,0.0,0.0,0.0,6.8984768235469635e-06,-0.00030236707069309835,-0.0001669575222224241
386.06341840000096,0.0,0.0,0.0,4.823259270608184e-05,-0.00024348986258323027,-0.00025117631596108546
386.114015799998,0.0,0.0,0.0,2.4631275347907945e-05,-1.5473819673823416e-05,-0.00021045813758746164
386.165957899997,0.0,0.0,0.0,3.599247964053212e-05,-2.5681649420093274e-05,-0.00031627431428239494
386.2116124000022,0.0,0.0,0.0,-3.024086801121268e-05,1.4348465789115966e-05,-0.00020519496841874777
386.26140779999696,0.0,0.0,0.0,-5.0238787890428094e-05,0.0006377801830598705,-0.0002710033235466224
386.3123198999965,0.0,0.0,0.0,-4.004122224272948e-06,-0.0005784772757213447,-0.0004520661727012036
386.3648065000016,0.0,0.0,0.0,-5.417845256390486e-05,-0.00026154948576435693,2.4843475562776302e-05
386.4134943999961,0.0,0.0,0.0,6.568227302944104e-05,0.00021491921221596615,-0.00027708023549153
386.459388999996,0.0,0.0,0.0,7.981060582552886e-05,-0.00029945651135002794,-0.00015686278516333045
386.5080424999978,0.0,0.0,0.0,-0.00020879444622959716,0.0008528389997439705,-0.0003170456450988028
386.56573709999793,0.0,0.0,0.0,-1.2285907558368084e-05,-0.0004911441428793487,2.0150888584526443e-05
386.60711459999584,0.0,0.0,0.0,5.165435392001441e-07,-2.175610709738661e-05,-0.0003206730240163471
386.6618331999998,0.0,0.0,0.0,0.00015487180124422833,4.159729627230875e-05,-0.00037744340844170416
386.70873199999915,0.0,0.0,0.0,8.291157719012315e-05,-0.0003240901115964076,-0.0004491646489780665
386.76504349999595,0.0,0.0,0.0,-4.477816703002051e-05,0.00016538989016040247,-0.0001854611127555068
386.8079637999981,0.0,0.0,0.0,3.664318478457102e-05,0.00013261544202253445,-0.00021777886947613499
386.8562793000019,0.0,0.0,0.0,-0.000165293029032734,0.00019967663175943386,-0.00019254685082566752
386.9139644999959,0.0,0.0,0.0,3.593927033823816e-05,-0.00042487016652621094,-0.0005979509415894699
386.95818119999603,0.0,0.0,0.0,-2.5024124055565702e-05,-0.000213528930605585,-8.539851362136127e-05
387.01422530000127,0.0,0.0,0.0,0.00011818820787141747,0.0001332268886930165,-0.0004508907672681656
387.0610360999999,0.0,0.0,0.0,-3.4640619421126106e-05,2.43491629085857e-06,-7.42905167910332e-05
387.1106131999986,0.0,0.0,0.0,-1.8689235495536456e-05,0.000587047921051115,8.628065378031399e-05
387.1576741000026,0.0,0.0,0.0,2.7510486481921403e-05,-0.0005506733336858865,-0.00029098345464128385
387.21185149999656,0.0,0.0,0.0,5.039644783625059e-05,-0.00017607190622012268,-0.00016474580330643867
387.26052589999745,0.0,0.0,0.0,7.557535262867815e-05,0.0003183922238482199,-0.00048731015894230444
387.3107718999963,0.0,0.0,0.0,-0.00017219693312432963,-0.0002991092291583638,-0.00031795564400240124
387.3558367000005,0.0,0.0,0.0,3.821225107991898e-05,4.68172864496827e-05,-0.00023569894398909922
387.4144360999999,0.0,0.0,0.0,-5.075237731474569e-05,0.0005148881087132681,-0.00022519769135068656
387.46198379999987,0.0,0.0,0.0,4.1308620214251374e-05,-0.0004594302256442299,-0.0002369977959445857
387.51143389999925,0.0,0.0,0.0,4.552492445160472e-05,-0.0002303907972374649,-0.00023017326137143103
387.55942009999853,0.0,0.0,0.0,-0.0001095651062649051,0.0007146255662128107,-0.00029350388226776863
387.61128389999794,0.0,0.0,0.0,2.282644342033377e-05,-0.00018358991655460186,-0.000197773280648987
387.6617408999955,0.0,0.0,0.0,0.00015796236114936596,-0.0004560706706839451,-0.0002823182095930995
387.7111728000018,0.0,0.0,0.0,-7.209761135086229e-05,5.100347309434576e-05,-0.0003794994499359113
387.7626769999988,0.0,0.0,0.0,-0.0001453024608596883,0.0010569353011653496,-0.0002534031490946421
387.8105729000017,0.0,0.0,0.0,9.599205689313109e-05,0.0002512768625130453,-0.00021008739740304477
387.8594632000022,0.0,0.0,0.0,-0.00012198282613122105,-0.0001371511834960796,-0.0002976354423865017
387.91369680000207,0.0,0.0,0.0,1.8239106228818544e-05,-0.0006168410747471495,-0.0002850416402095259
387.9576737000025,0.0,0.0,0.0,6.249596372090869e-05,-0.0002886446186113026,-9.718885110294991e-05
388.01230580000265,0.0,0.0,0.0,2.2936100406615204e-05,1.2651412056661956e-05,-8.197771068466024e-05
388.0620329000012,0.0,0.0,0.0,5.526375379472151e-06,-0.0002394407215591854,-6.344293507498819e-05
388.11433820000093,0.0,0.0,0.0,-6.570896438396165e-05,0.0007822889753114897,-0.0001792455662789562
388.15484789999755,0.0,0.0,0.0,-5.135428920867782e-05,0.00039801569779881026,-0.0002322650124695224
388.2049793999977,0.0,0.0,0.0,1.8050450463080152e-05,-0.0004548796201455977,-0.00017212745046482741
388.26496770000085,0.0,0.0,0.0,5.038589458366345e-05,-0.0005091785206886094,-2.798683038496777e-05
388.3119574000011,0.0,0.0,0.0,3.2552201583131944e-05,-5.1315217439965656e-05,-0.00015248777754471723
388.3620307000019,0.0,0.0,0.0,-0.0001247569393202592,2.2604900282584985e-05,1.312346081863813e-05
388.4123200999966,0.0,0.0,0.0,1.5338155068578978e-05,0.0004332225091477116,-0.0001870228391030198
388.4632966999998,0.0,0.0,0.0,5.6539742630172196e-05,-0.0004145612801259563,-7.625212578275067e-05
388.5113756999999,0.0,0.0,0.0,8.906296219790288e-06,-0.00023012528288206244,-2.907777857041595e-05
388.5592192999975,0.0,0.0,0.0,3.6013358933194136e-05,-1.0696302548743146e-05,9.087861587026721e-05
388.6154247000013,0.0,0.0,0.0,-2.4486320747401948e-05,-8.269368733872403e-05,0.0001319622227463419
388.66240110000217,0.0,0.0,0.0,2.911135953750378e-05,-0.00016530740315544513,-1.9713785448287637e-05
388.71214099999634,0.0,0.0,0.0,-1.5460989537349983e-05,0.00033340432754810456,0.00010717815146642086
388.7617582000021,0.0,0.0,0.0,0.000149022390010514,-0.00025532139152293726,9.360185912619235e-06
388.81170230000134,0.0,0.0,0.0,9.261304305686061e-05,0.000766337553896876,-3.818459384109655e-05
388.8636303999956,0.0,0.0,0.0,-5.0221673645038385e-05,-0.0004998356208364991,6.866941564180251e-05
388.9120507999978,0.0,0.0,0.0,-0.0001723644381577966,-8.749916308703014e-05,2.566654222360746e-05
388.95879969999805,0.0,0.0,0.0,-5.973851284576537e-05,3.185387653315363e-05,-3.231528561788846e-05
389.013735499997,0.0,0.0,0.0,3.282797525633905e-06,-8.989093904412465e-05,3.5972654021366626e-05
389.0585433000015,0.0,0.0,0.0,0.0001296916148269309,0.0001460232921997992,-8.957374282428044e-05
389.10973229999945,0.0,0.0,0.0,-0.00014014929354815923,0.0003042004671468231,-0.0001690800566017321
389.16483329999755,0.0,0.0,0.0,6.7271659842264754e-06,0.00030344305737773795,-0.00011910792811085184
389.20684569999867,0.0,0.0,0.0,0.00010358824915692832,-1.086659391396638e-06,4.59146710720746e-06
389.2630590999979,0.0,0.0,0.0,-0.00023119037811675035,-0.0001818698319969256,-7.006779463808689e-05
389.31128239999816,0.0,0.0,0.0,7.657169555404835e-05,0.0002545137283079066,-7.763890985480767e-05
389.36157139999705,0.0,0.0,0.0,5.712953794363926e-06,-0.0005499940676202755,-7.616583007968175e-05
389.4142309000017,0.0,0.0,0.0,-2.6042472229307274e-06,-5.401663435631236e-05,-6.79218185077504e-05
389.4559928000017,0.0,0.0,0.0,2.6543527034227383e-05,0.0001881375998849419,-0.00013453833612765324
389.51318940000056,0.0,0.0,0.0,0.0001185819518395514,0.0001795575350729162,0.0001148565177142853
389.5624241999976,0.0,0.0,0.0,5.8108875952164725e-05,-0.0005460651961923915,5.724558795997757e-05
389.60654670000076,0.0,0.0,0.0,-0.00019742821366134194,0.00048109842154309547,-0.00013433835689962654
389.66300090000004,0.0,0.0,0.0,9.090511329149854e-05,0.00011456070590494137,-0.00019706270207398745
389.7118757999997,0.0,0.0,0.0,-8.61467061406151e-05,-0.00020032758585001402,-0.00011918721446255494
389.75645480000094,0.0,0.0,0.0,-8.960418598899366e-06,0.00010829851672219406,-7.998290202535128e-05
389.8152596,0.0,0.0,0.0,-5.323278524108365e-05,-0.00020293448295403597,-0.00014375122680264574
389.85861950000253,0.0,0.0,0.0,0.0001997018957319823,-0.0001571315565366226,-0.0001714050446475753
389.91263179999805,0.0,0.0,0.0,-3.417036459055085e-05,0.000405006287107336,-6.549328012007516e-05
389.95647440000175,0.0,0.0,0.0,2.9982216880844933e-05,-0.0003900655579967387,-0.00025214761744308455
390.01538450000226,0.0,0.0,0.0,-0.00017747500025348383,0.00016904395049923467,-0.00010950058721131574
390.0628357000023,0.0,0.0,0.0,0.0001733335107486099,8.168108404113471e-05,-0.00010102564447336977
390.1117286000008,0.0,0.0,0.0,4.010979201700583e-05,0.00045004504973003345,-0.00015592094489957892
390.16006370000105,0.0,0.0,0.0,-0.00018369405752048876,-0.00048388736020506793,-0.0002783405450862721
390.2154001000017,0.0,0.0,0.0,1.9758682823281793e-05,-0.0003215744113784535,-0.00011773583175531727
390.2626988999982,0.0,0.0,0.0,1.0360475264705936e-05,-4.365757104616449e-05,-0.00018653284371948463
390.31194849999883,0.0,0.0,0.0,0.0002097766850744906,-0.000460929050981032,0.0002665748249941624
390.3641658999986,0.0,0.0,0.0,-5.912025527904568e-05,0.0005700040718368886,-4.889411288250837e-06
390.41329140000016,0.0,0.0,0.0,-1.8490702635768186e-05,-0.00037328954954522867,-1.5738983706557998e-05
390.46433190000243,0.0,0.0,0.0,1.3732858607354387e-05,0.000786541700042154,-3.5913880108224316e-05
390.511843399996,0.0,0.0,0.0,-0.00010413897851039311,0.00013503182491673982,-0.00015477266333370482
390.5623085999978,0.0,0.0,0.0,5.739110448562257e-05,-0.0006288061881922356,-0.0003314980632000033
390.6090666000018,0.0,0.0,0.0,2.158484380878615e-05,0.0005053121249151824,-0.0001688524429907488
390.6642603,0.0,0.0,0.0,-0.0001983755136693226,0.0007127991295720734,-0.00019771154116062731
390.71266430000105,0.0,0.0,0.0,0.00028242225492570614,-0.00017104513611528838,-0.00023339067364173353
390.7613091999956,0.0,0.0,0.0,-0.0002333221429732504,-0.0006783378442212884,-0.0003042898622293415
390.810000999998,0.0,0.0,0.0,0.00011253725607156891,2.4968412917038752e-05,-0.0003647089375746025
390.8636964999969,0.0,0.0,0.0,-8.341737055731841e-05,0.00015884635783182732,-0.00030865626043012086
390.9077793999968,0.0,0.0,0.0,0.00017096213929572302,-0.00039647264386854884,-0.00019550168961305397
390.9621756999986,0.0,0.0,0.0,-2.7008805521943188e-05,-0.0001319422933123651,-0.0003363153602222068
391.011087699997,0.0,0.0,0.0,4.780288185524952e-05,0.0005822717469300432,-0.00016956745623036634
391.0605706999995,0.0,0.0,0.0,-5.880708753209934e-05,-0.0003807892848416752,0.000254683087391967
391.11249959999986,0.0,0.0,0.0,3.62467984659898e-05,-0.0001533990642775817,6.922565290480461e-06
391.15635779999866,0.0,0.0,0.0,-0.00014230644901215282,7.747706936887705e-05,-9.509656741941415e-05
391.2108070999966,0.0,0.0,0.0,6.981772996992954e-05,0.00013756095457742045,-0.00021058180812110275
391.2594829000009,0.0,0.0,0.0,-8.058630436225196e-05,-0.00037578294123078506,0.00013502159375911835
391.3081388999999,0.0,0.0,0.0,-9.074359806689819e-06,0.000203404408992222,-2.4458305220931207e-05
391.3650882000002,0.0,0.0,0.0,5.6264724076997195e-05,5.4639398414862276e-05,-0.00020009807213591858
391.41278559999773,0.0,0.0,0.0,7.638122792846848e-05,0.00011278449726218347,-0.00016669199302370383
391.4628752999997,0.0,0.0,0.0,4.899930280801493e-05,-0.00043025575166060945,-0.0003730850890989675
391.5064603999999,0.0,0.0,0.0,-8.139638523212793e-05,0.00013604313427624567,-0.000298015036542416
391.5560115999979,0.0,0.0,0.0,2.5302006859600655e-05,0.00011152622958377048,-0.00010494039907802449
391.61338180000166,0.0,0.0,0.0,9.008235650272061e-05,-0.00048292328167986727,-6.379742219097437e-05
391.6627010000011,0.0,0.0,0.0,-6.799379019278847e-05,0.0007092423347181824,9.385471044840231e-05
391.7077724999981,0.0,0.0,0.0,-1.2590743090939458e-05,-1.4469951998794251e-05,-0.00017842734289020006
391.763146199999,0.0,0.0,0.0,1.7686889386108404e-05,-0.000745945560546853,-0.0003028370372406087
391.81141339999886,0.0,0.0,0.0,-9.785454784893035e-05,0.000221101859188774,-1.9671529085704205e-05
391.8635448999994,0.0,0.0,0.0,0.00012983384839232491,0.00020710909016639076,-0.00038238535412851856
391.9058165999959,0.0,0.0,0.0,-4.003070147179071e-05,-5.5325643945522396e-05,0.00011947199952021397
391.96429550000175,0.0,0.0,0.0,-2.354333109745023e-05,0.000163896827744398,-0.00019067074771295903
392.0043691999963,0.0,0.0,0.0,3.250587459125876e-05,-0.0004324922854394351,-0.00013412527034176438
392.0577016000025,0.0,0.0,0.0,1.3232137463357113e-06,0.00011736616201983604,-0.00011855063056647914
392.10695000000123,0.0,0.0,0.0,4.954888972960569e-05,-6.1131851652037195e-06,-0.00019738303188935306
392.1656193000017,0.0,0.0,0.0,-0.00012696243963595668,0.00013516689087334787,-4.6866211743461464e-05
392.2119173999963,0.0,0.0,0.0,3.5638630325146977e-05,0.00038722347116624514,-0.00017233501926921244
392.2626039999959,0.0,0.0,0.0,-7.716147934469235e-05,-0.00027236099344728947,-0.00033213503795134454
392.30804440000065,0.0,0.0,0.0,0.00013289467119884118,-0.000313800079706931,-0.0004995125340293466
392.3642006000009,0.0,0.0,0.0,5.406223266294674e-05,0.0006106826987260778,-0.0003182602839042564
392.4108574999991,0.0,0.0,0.0,-0.00011437841484307872,-0.0004587569160005904,3.80898197963892e-05
392.466311199998,0.0,0.0,0.0,2.423387645434519e-05,-4.9135232420022894e-05,0.00013921003457685073
392.5115184999959,0.0,0.0,0.0,-5.126536195890815e-05,-4.370286943391807e-05,-0.00016940701690467135
392.56160709999676,0.0,0.0,0.0,3.5609710978061225e-06,-0.0001390628876025074,-2.3065314779574738e-05
392.61157490000187,0.0,0.0,0.0,4.2501613762453254e-05,0.00026427066871912265,0.00023848807234647308
392.661881,0.0,0.0,0.0,1.8419618803994785e-05,-9.808673843528534e-06,-4.717874086550393e-05
392.70976990000054,0.0,0.0,0.0,-0.00010257629798947893,0.00024768093425715435,-0.0001279872407899564
392.76157519999833,0.0,0.0,0.0,0.0005749997604439168,-0.0015453851318309615,0.11076477149553948
392.8168697000001,0.0,0.0,0.0,0.000431232773978081,-0.0006940546918273206,0.28446183821725596
392.8570174999986,0.0,0.0,0.0,0.0012956171214704416,0.0005222789594104117,0.4666301791726332
392.90474050000194,0.0,0.0,0.0,0.0019026539711952193,0.00014039897497209448,0.6741785976631426
392.96020529999805,0.0,0.0,0.0,0.0009237105618830593,0.0018984733797938707,0.904787534442376
393.01328819999617,0.0,0.0,0.0,0.002282980473340992,0.0002701803829140184,1.183353397462224
393.06453180000244,0.0,0.0,0.0,0.0025293136175751265,0.0038266011389494633,1.4672235855788327
393.1123485999997,0.0,0.0,0.0,0.0032270161395801184,-0.0027186475435406147,1.7573954171749773
393.161111100002,0.0,0.0,0.0,0.0028534585870186456,-0.00014640522741613855,1.86863913698385
393.212901699997,0.0,0.0,0.0,0.003582751003264526,-0.002668635940599689,1.8817605782335338
393.2612968999965,0.0,0.0,0.0,0.004143612354063553,-0.0038775121608796083,1.8805875878910006
393.3114140999969,0.0,0.0,0.0,0.003542755249954727,0.0034964105061961455,1.881712773077505
393.35474260000046,0.0,0.0,0.0,0.0032428149483433102,0.001843624703432768,1.8834665710628615
393.4097680999985,0.0,0.0,0.0,0.0029064424142855845,0.0009496632567497925,1.8794015450274402
393.4569560000018,0.0,0.0,0.0,0.0027804107651103437,-0.0017078630254891837,1.8630609762872217
393.5128822999977,0.0,0.0,0.0,0.003448949416200566,-0.0016187372840796017,1.7583184916299293
393.5627655999997,0.0,0.0,0.0,0.0031750352470532118,0.00028809622585635104,1.6261730343753902
393.60552859999734,0.0,0.0,0.0,0.0038189148340915836,-0.0009441162982610448,1.4896352243303705
393.65710299999773,0.0,0.0,0.0,0.0035871003979046343,-0.0012898516552192728,1.3672122077680622
393.7069244000013,0.0,0.0,0.0,0.0024359261342244308,0.0003661829956909261,1.265850378735489
393.7623652999973,0.0,0.0,0.0,0.002572818105401607,-0.002267066766589754,1.1650200877592214
393.81628349999664,0.0,0.0,0.0,0.002231831127693674,0.001436325907445071,1.0752786184838397
393.86459209999884,0.0,0.0,0.0,0.001974565064120885,0.0001801178573884819,0.9936942119303239
393.91243009999744,0.0,0.0,0.0,0.0019247683567266594,0.00015352225556792952,0.9171427558424704
393.9636599000005,0.0,0.0,0.0,0.0020460170758606734,-0.003932998809616836,0.8461024432873353
394.01122469999973,0.0,0.0,0.0,0.0018252478925990208,-0.0009126546552576147,0.7835982555764304
394.06736680000176,0.0,0.0,0.0,0.0016481877741810185,0.0003955964640635037,0.72411285558719
394.10735679999925,0.0,0.0,0.0,0.0015414211435184864,-9.879594184049087e-05,0.6678155777154757
394.16176959999575,0.0,0.0,0.0,0.001618656465990888,-0.005927598141452961,0.6558004613002142
394.2112577000007,0.0,0.0,0.0,0.0016077681149951305,0.0021624528371596346,0.6420962152057685
394.2560498000021,0.0,0.0,0.0,0.0018024780157998282,0.0014480631710998362,0.641324632109659
394.30953829999635,0.0,0.0,0.0,0.0014722947157367924,0.00038646876648261967,0.6579810946586974
394.35682480000105,0.0,0.0,0.0,0.0013885793905031906,0.004084073856917394,0.6798590100869816
394.4144077000019,0.0,0.0,0.0,0.0013713251625232003,-0.00503301381997469,0.6746416870151197
394.4561010999969,0.0,0.0,0.0,0.001973295256923299,0.004232763886573407,0.6338631662966039
394.50694900000235,0.0,0.0,0.0,0.0013433409237569353,0.0007403806386071003,0.4989378200605562
394.5635383999979,0.0,0.0,0.0,0.0011207702025319702,0.006140080303590792,0.3226801503615784
394.61603509999986,0.0,0.0,0.0,-0.00039760463890968424,-0.002773811227456435,0.16381426367224686
394.6561664999972,0.0,0.0,0.0,-5.4101450591475416e-05,0.012478120907777203,0.1155803478276521
394.71474379999563,0.0,0.0,0.0,0.00011880997167470166,-0.0017783622610298639,0.22564042460524233
394.7629197999995,0.0,0.0,0.0,0.001429181140987907,0.0008598664904244894,0.28236778516209754
394.81363769999734,0.0,0.0,0.0,0.0006167629034728137,-0.0034150530540394066,0.2857321063590844
394.86363639999763,0.0,0.0,0.0,-0.000276041875584386,0.0005844727853275894,0.27407763633485216
394.9132327999978,0.0,0.0,0.0,0.000691131757190183,-3.0479786649571337e-05,0.26319606631684334
394.96213480000006,0.0,0.0,0.0,0.00043412322039687823,0.0006947342939065201,0.260062722536452
395.00982900000236,0.0,0.0,0.0,0.0004546822545342266,0.0025334197505583285,0.2622027542179738
395.0618515000024,0.0,0.0,0.0,0.0005130564111186244,-0.004022489788897595,0.26485687675735087
395.106755599998,0.0,0.0,0.0,-0.0014831903332027509,0.00028509530523238973,0.26921275484143803
395.1629099999991,0.0,0.0,0.0,0.0015876917799242112,-0.00014292080755463785,0.27278976688341405
395.2112038999985,0.0,0.0,0.0,0.0003977630200949038,0.002811447078126904,0.28278453718885105
395.25549730000057,0.0,0.0,0.0,0.00044410574833832954,0.000560520605926094,0.2965995213812746
395.30618759999925,0.0,0.0,0.0,0.0004440334877040724,-0.0024274506572166095,0.3162202106832585
395.35641020000185,0.0,0.0,0.0,0.0005776434390439298,-0.001868007459718316,0.3466586892704514
395.4133470000015,0.0,0.0,0.0,0.00020062512261661802,0.004872513092244998,0.39147672280141366
395.46300730000075,0.0,0.0,0.0,0.001156234241261218,-0.00271851644003976,0.46647705829799124
395.51193229999626,0.0,0.0,0.0,0.0005913009702157202,0.001802768330251851,0.5875018506465443
395.5614243000018,0.0,0.0,0.0,0.0009511391147161796,0.00893904781358227,0.6145154483646358
395.60986189999676,0.0,0.0,0.0,0.0005127457391201311,0.0008533010787922991,0.6214730486804095
395.66288319999876,0.0,0.0,0.0,0.0006993465285419116,0.00012140543806781094,0.6193456473278955
395.7128029000014,0.0,0.0,0.0,0.0005185994924993617,-0.001546555819341969,0.6047291951874706
395.76982080000016,0.0,0.0,0.0,0.0005023385844653818,0.0006883643369058187,0.5775695902122712
395.80440429999726,0.0,0.0,0.0,0.0003810778917502327,2.9843762591999668e-05,0.5437337268870275
395.8653032000002,0.0,0.0,0.0,0.00010880319422832129,0.00029466569304266796,0.49220587912267494
395.9119140999974,0.0,0.0,0.0,0.0014108501694973575,-0.01416070843071594,0.5953089451933914
395.96309219999966,0.0,0.0,0.0,0.0014654960989438858,0.00011445610955953411,0.807381259514641
396.0112838999994,0.0,0.0,0.0,0.0014457734525881373,0.004352068512444648,0.9816194835841034
396.0647123000017,0.0,0.0,0.0,0.0016389330878006474,0.0003458783217320501,1.156724151761375
396.11292059999687,0.0,0.0,0.0,0.0021259967640923413,-0.0013517933886677074,1.342503769513841
396.16350599999714,0.0,0.0,0.0,0.002133942919798969,-0.00234507885897697,1.5418635366964837
396.2148340999993,0.0,0.0,0.0,0.002594928248404708,0.00023516142993135628,1.759037572618357
396.2654528999992,0.0,0.0,0.0,0.003580290594707037,-0.005273068963221005,1.8912733668751178
396.31566629999725,0.0,0.0,0.0,0.0033438743850036324,0.0008107537336129065,1.8768678875535945
396.3627670999995,0.0,0.0,0.0,0.003938126285662036,-0.005432644417603886,1.8548360641890307
396.4140027999965,0.0,0.0,0.0,0.004004358937384988,0.0009905417485916261,1.8775104241651772
396.4630410999962,0.0,0.0,0.0,0.004025809934558009,-0.0002319699061222348,1.8828550674596676
396.50942829999985,0.0,0.0,0.0,0.003359889598583004,0.0035994001947683776,1.8811943884790538
396.5590747000024,0.0,0.0,0.0,0.003764304104875071,-0.00048722397710828426,1.8818296971159867
396.60802590000094,0.0,0.0,0.0,0.0039805456974084975,-0.0013961126431076463,1.8826670965566181
396.6635546999969,0.0,0.0,0.0,0.003785156557014249,-0.0001223133804389949,1.8818773220505094
396.71282419999625,0.0,0.0,0.0,0.0034621364377042992,0.003287806974154991,1.8819177839291337
396.763764299998,0.0,0.0,0.0,0.003647580378894423,-0.0020081320683525347,1.881989804963549
396.81633229999716,0.0,0.0,0.0,0.0036671774109892303,7.050055151221282e-05,1.882337006149628
396.8617424999975,0.0,0.0,0.0,0.0034159615702039543,0.000708295509719252,1.7949054431748435
396.9135898999957,0.0,0.0,0.0,0.003143273928587074,-0.00451347099734925,1.6687844853096219
396.9629311000026,0.0,0.0,0.0,0.0029108501379625524,0.002522473417782706,1.5506957675818887
397.0134765999974,0.0,0.0,0.0,0.002202605744957625,0.0021653705902321316,1.4403584340627107
397.0622844000027,0.0,0.0,0.0,0.00271705100383033,-0.003658680128020831,1.3386320913872718
397.1147920000003,0.0,0.0,0.0,0.002209496476287111,0.004630779234550891,1.2453349257260893
397.1603247999956,0.0,0.0,0.0,0.003985558541202927,-0.004571580612213717,1.1651352639118677
397.2086184,0.0,0.0,0.0,0.0022853081138664447,-0.0016478343614196316,1.085124421871193
397.26720170000044,0.0,0.0,0.0,0.001995000511902527,0.0027869830558139375,1.014118576951881
397.31023399999685,0.0,0.0,0.0,0.001616029624203959,-0.0010100225116465307,0.9413750530856317
397.35957909999706,0.0,0.0,0.0,0.002047380057123806,-0.0011626755225354736,0.8844949930743331
397.4056016999966,0.0,0.0,0.0,0.0020772811223184703,-0.0031783217139940804,0.8256461302719769
397.45691069999884,0.0,0.0,0.0,0.0018229739843758394,-0.00012194407688757469,0.770846708455998
397.51396369999566,0.0,0.0,0.0,0.0017584007199639151,0.0003903448660458824,0.7245450345754021
397.56370839999727,0.0,0.0,0.0,0.0014836517021686105,-7.741559259070975e-06,0.6782855084350271
397.61010109999916,0.0,0.0,0.0,0.0018881840349545555,-0.006422756817248027,0.6680292937044008
397.66493400000036,0.0,0.0,0.0,0.0016460803809873483,0.0015950977631037097,0.6543765920869138
397.71722410000075,0.0,0.0,0.0,0.0014884869638636627,-0.00021440737540131245,0.6541993946910811
397.76385099999607,0.0,0.0,0.0,0.0013835509688431757,0.0043971331653139545,0.6716729938521138
397.8119413999957,0.0,0.0,0.0,0.001180228492284908,0.0009036427823118404,0.691850502453419
397.85640299999795,0.0,0.0,0.0,0.00212164878030059,-0.004025699777244566,0.6984746737670483
397.91269009999814,0.0,0.0,0.0,0.001447861453668436,0.006684136511252735,0.6600259248187513
397.9623251000012,0.0,0.0,0.0,0.001084544073422168,0.0007591103581140073,0.5385771886307372
398.0116694000026,0.0,0.0,0.0,0.0005181971362812005,0.0016732239777207693,0.3653931339888061
398.0637123999986,0.0,0.0,0.0,-0.00019290489575976902,0.01715805387994345,0.23473670593220322
398.1062498999963,0.0,0.0,0.0,0.0005306555858538784,0.003998995942201203,0.18243899345612624
398.1575451000026,0.0,0.0,0.0,0.000430190209618297,0.0011710798142476656,0.13727258025437616
398.2159195999993,0.0,0.0,0.0,-0.00030668910850042204,-0.0005490686468756973,0.09118692108550228
398.264648700002,0.0,0.0,0.0,-0.0004414540341015108,1.7732839998522722e-06,0.054810927591968574
398.3124687000018,0.0,0.0,0.0,0.0002493381413085436,-0.0008356066084606661,0.032533508716553305
398.3608716000017,0.0,0.0,0.0,0.00010142544057973905,-0.0011987844989437189,0.011396261683502475
398.41011250000156,0.0,0.0,0.0,-5.325366793209778e-06,-0.010278025617829516,-0.002516044518963159
398.45970300000045,0.0,0.0,0.0,-4.490819884735327e-05,-0.005651626085841391,-0.0011242752899495718
398.512834000001,0.0,0.0,0.0,1.1831458153934813e-05,0.00019686007574711852,-0.0007116679112976142
398.55849959999614,0.0,0.0,0.0,-1.3765152597130061e-05,1.3859256471845447e-05,-0.00047115292569151635
398.6128011999972,0.0,0.0,0.0,-4.568313302312549e-06,-1.4875593786944082e-05,-0.0003333936147565801
398.6597796999995,0.0,0.0,0.0,5.538117421876464e-06,2.714400736283558e-05,-0.0002740535910273409
398.7158356,0.0,0.0,0.0,1.849408078339983e-05,-8.268400524542839e-06,-0.00025660079700836626
398.76681400000234,0.0,0.0,0.0,-2.0498201032951444e-05,-6.250540969676904e-06,-0.00022065559128319528
398.8141911999992,0.0,0.0,0.0,4.088170625252597e-06,-3.126587510537495e-06,-0.0002222586246667876
398.8627140000026,0.0,0.0,0.0,1.7130784718665857e-06,-1.2064559313381935e-05,-0.0002602933211586003
398.91052939999645,0.0,0.0,0.0,-7.50476341756742e-06,1.9995048539500087e-05,-0.00025334030475548496
398.9595260999995,0.0,0.0,0.0,2.4501715618997996e-06,6.4567642756783996e-06,-0.00022985228678072526
399.01280419999966,0.0,0.0,0.0,7.709975076155715e-06,6.203253149152435e-06,-0.00024020585445506558
399.0582060000015,0.0,0.0,0.0,-2.7349070812360003e-06,-2.8604461370713043e-05,-0.00025354139245997525
399.11303829999815,0.0,0.0,0.0,1.2034412239907705e-06,1.2030944818092553e-05,-0.00023125544128992705
399.1633404999957,0.0,0.0,0.0,-1.1460343213432648e-06,4.865729090138735e-06,-0.00022677327950219737
399.21422280000115,0.0,0.0,0.0,-1.0173991075180401e-05,-7.42237376111632e-06,-0.00024181204505769607
399.2634831999967,0.0,0.0,0.0,3.518893205933337e-06,2.0240513192811386e-05,-0.00022859268021789743
399.30830779999815,0.0,0.0,0.0,-4.085066542877547e-06,-1.6592372162135053e-05,-0.00022187630386123584
399.3583914999981,0.0,0.0,0.0,2.9580458400571736e-06,4.143796076114042e-06,-0.00023212345003738555
399.41258299999754,0.0,0.0,0.0,1.2041238772269992e-05,-1.1910285849037008e-05,-0.00023470157639873717
399.46066260000225,0.0,0.0,0.0,-1.793247634659674e-05,5.199017434704492e-06,-0.0002266932999272506
399.5063467,0.0,0.0,0.0,1.2620074747878717e-06,9.452405368265151e-06,-0.0002447430841976654
399.56563630000164,0.0,0.0,0.0,2.9512665459486427e-06,7.958083312179972e-07,-0.00022462427557445167
399.615235199999,0.0,0.0,0.0,4.829406420800198e-06,6.2864430787437435e-06,-0.0002238320166602453
399.66281689999596,0.0,0.0,0.0,1.404841425749587e-06,-6.937661877214389e-06,-0.0002455556183381502
399.7111719000022,0.0,0.0,0.0,-7.969952775957017e-06,2.5831562872529973e-06,-0.00024146448035130676
399.7576016000021,0.0,0.0,0.0,-2.740561247918953e-06,-3.719608514017764e-06,-0.00022044744619842193
399.8139566000027,0.0,0.0,0.0,-5.6688167834395155e-06,-1.9165128763952944e-05,-0.00024282043485448666
399.8685373999979,0.0,0.0,0.0,3.0098099767156947e-06,1.3165672425712046e-05,-0.00021903341585732534
399.91063199999917,0.0,0.0,0.0,1.4212328365859183e-05,-7.48790097342381e-06,-0.00022828045211966482
399.9644511000006,0.0,0.0,0.0,-5.806078930003448e-06,-7.228182736976861e-07,-0.0002381237552320754
400.01259720000235,0.0,0.0,0.0,-9.878308112085188e-06,1.0660518200039881e-05,-0.0002485047630459652
400.06580559999566,0.0,0.0,0.0,1.5833059096754045e-06,-4.832040443134706e-06,-0.00023099378057629474
400.1070266999959,0.0,0.0,0.0,6.847363204161011e-06,-6.060392663176267e-06,-0.00024306213436409363
400.1665639999992,0.0,0.0,0.0,4.1515788928308515e-06,8.292210039681648e-06,-0.00024514139567985053
400.21367389999796,0.0,0.0,0.0,-1.4650493066596697e-05,-1.6209771387202966e-06,-0.00025281976930804906
400.26326829999743,0.0,0.0,0.0,-6.500325058563683e-06,-2.03906319318314e-05,-0.00024170196149793648
400.3063407000009,0.0,0.0,0.0,2.575414593045157e-05,4.2729375288355234e-06,-0.00023160919223684328
400.36143209999864,0.0,0.0,0.0,-1.5942693893581802e-05,2.6914357721483295e-05,-0.00022452573772822082
400.40815440000006,0.0,0.0,0.0,-3.048961151873812e-07,-4.661546681998736e-06,-0.00021343660247146034
400.4608079999962,0.0,0.0,0.0,1.0245181018202616e-05,-6.255073479213652e-06,-0.00022900238901019617
400.51294519999647,0.0,0.0,0.0,-2.2594263543175963e-06,3.323912726147554e-06,-0.00024483134041577845
400.561881499998,0.0,0.0,0.0,-1.0959803319857765e-05,1.608761023956958e-06,-0.0002338334188716957
400.6106479000009,0.0,0.0,0.0,1.8286773431690682e-05,-2.625872002039196e-05,-0.00023204324972500058
400.6655377999996,0.0,0.0,0.0,-1.3069505043867406e-05,7.92856448123206e-06,-0.00023369728636198986
400.7131014999977,0.0,0.0,0.0,-8.007015029477938e-07,1.0112830961529309e-05,-0.0002311467043301509
400.76216069999646,0.0,0.0,0.0,5.075512177326654e-07,7.755943911287187e-06,-0.00023587563403994238
400.8124304000012,0.0,0.0,0.0,7.041215571584588e-06,-1.3314504069573554e-05,-0.00025002364394363197
400.8617718999958,0.0,0.0,0.0,-1.7239367674573844e-05,-1.3517176053534366e-07,-0.00022486767931470492
400.911280100001,0.0,0.0,0.0,8.307425020072414e-06,-3.2804440497102308e-06,-0.00024964078755618273
400.9581610999958,0.0,0.0,0.0,-8.194704993716284e-06,1.150572409494353e-05,-0.00024523969007437944
401.0131986999986,0.0,0.0,0.0,8.939611920824653e-06,-1.624504430312867e-05,-0.00024393324885581434
401.06356960000267,0.0,0.0,0.0,1.5275372222519948e-06,2.7929454401355037e-05,-0.00023515580878577205
401.10869419999653,0.0,0.0,0.0,-3.7575690388873525e-06,-1.7063862915497845e-05,-0.00022649620422185475
401.15801539999666,0.0,0.0,0.0,1.2383442351048859e-06,-3.3500442027812068e-06,-0.000216607946624653
401.20635349999793,0.0,0.0,0.0,-1.3416076777641883e-05,5.840818854294993e-06,-0.00021967554361823933
401.26266739999846,0.0,0.0,0.0,9.907570033791476e-06,-5.617587253445527e-06,-0.00024866072278206445
401.3116452999966,0.0,0.0,0.0,9.081404191631569e-06,5.578352366564932e-06,-0.00023935809786177788
401.36134519999905,0.0,0.0,0.0,-1.743770681661875e-05,7.66253431867467e-06,-0.0002558804517920554
401.40902859999915,0.0,0.0,0.0,-3.5736346062164274e-06,-1.160874848460948e-05,-0.00024027377519312236
401.45612360000086,0.0,0.0,0.0,1.478165076659209e-05,3.675374767786266e-06,-0.00022291028490661552
401.5135408999995,0.0,0.0,0.0,-3.0281855788199817e-06,-8.617020636273306e-07,-0.0002322289529838295
401.5637456999975,0.0,0.0,0.0,3.9190624641565115e-07,7.291237499993703e-06,-0.00023783204603713517
401.61193739999726,0.0,0.0,0.0,-5.842539065606885e-06,5.928676914461797e-06,-0.0002286216490555627
401.6564373000001,0.0,0.0,0.0,7.876561545927046e-06,-5.740887187658585e-06,-0.00022421741021996065
401.70415359999606,0.0,0.0,0.0,-6.682149440449731e-06,-8.707935316884445e-06,-0.00024150975706791166
401.7566294999997,0.0,0.0,0.0,1.2188704346817974e-05,-2.477986882563425e-05,-0.00023662678224458858
401.80451390000235,0.0,0.0,0.0,4.101967226931169e-07,3.2034184679938584e-05,-0.0002364211354866884
401.85448119999637,0.0,0.0,0.0,-1.023670936197224e-05,-7.185600981183867e-06,-0.00022631393723622815
401.9041705999989,0.0,0.0,0.0,-9.414808807354136e-06,1.3444115005367289e-05,-0.00024071996974722875
401.9553885999994,0.0,0.0,0.0,-2.0433288915332715e-06,9.258784080140088e-07,-0.00023495793176476392
402.0131318999993,0.0,0.0,0.0,9.30577756256557e-06,-1.1985677086840416e-05,-0.00023735600399107414
402.0557619999963,0.0,0.0,0.0,8.128944710813871e-07,9.112998232538894e-06,-0.00024950807843977015
402.1063683999964,0.0,0.0,0.0,-1.3237288642899518e-05,-2.0616000970244485e-06,-0.00023937240393728852
402.1547823000001,0.0,0.0,0.0,1.1802980086308192e-05,-1.3018665416803884e-05,-0.00022582359312328112
402.2119717000023,0.0,0.0,0.0,-1.0138702315333406e-05,1.3529801098424735e-06,-0.00023484081519100242
402.25685159999557,0.0,0.0,0.0,1.7842952412659145e-05,-4.1821172926122615e-06,-0.0002451120468925613
402.3074145999999,0.0,0.0,0.0,-7.90309765071255e-06,1.1576689809639652e-05,-0.0002520617210828887
402.36128250000183,0.0,0.0,0.0,-1.5191348695133953e-06,-5.449619010696588e-06,-0.0002524407787478995
402.507629599997,0.0,0.0,0.0,4.599549158902509e-06,1.6771238713873241e-06,-0.00024314360992951526
402.5281998999999,0.0,0.0,0.0,-7.257175728961297e-06,-4.418063620983109e-06,-0.00024387324172717926
402.5780104000005,0.0,0.0,0.0,1.1743346635735141e-06,2.070152326981982e-05,-0.00024350737916109413
402.63104770000064,0.0,0.0,0.0,9.420289132395925e-06,-1.2754031101940513e-05,-0.00022249061757396494
402.68089099999634,0.0,0.0,0.0,-1.7856800531971804e-05,-4.6046511850713485e-06,-0.00023077511986109535
402.7281127000024,0.0,0.0,0.0,8.943822360044701e-06,5.802806389013515e-06,-0.00024571615515729314
402.7776926000006,0.0,0.0,0.0,-4.485811464364584e-08,-9.57592666190219e-06,-0.0002515093230131168
402.82790569999634,0.0,0.0,0.0,-9.422579301939613e-06,1.998900045417397e-05,-0.00025109843333171854
402.8798422999971,0.0,0.0,0.0,-6.023609595276165e-06,-8.66847349104703e-06,-0.00022576616753991973
402.9286331999974,0.0,0.0,0.0,6.284248297147548e-06,7.959117682485374e-07,-0.0002369069241633565
402.9778340999983,0.0,0.0,0.0,1.0433287535211969e-05,8.174330621021868e-06,-0.00022784232794041722
403.02895290000015,0.0,0.0,0.0,-4.352549619832783e-06,-1.7132385647190768e-05,-0.00024989527533765944
403.07760810000036,0.0,0.0,0.0,-1.4881125924058092e-05,-1.1298199956143856e-06,-0.0002340867120737147
403.130980599999,0.0,0.0,0.0,2.1504965235445245e-05,-1.6003764314498561e-06,-0.00022104408177291032
403.17777619999833,0.0,0.0,0.0,-1.9353159274742595e-05,-2.45712276220321e-06,-0.00021759763641010288
403.2273404000007,0.0,0.0,0.0,5.301674155431922e-06,2.712464205112981e-06,-0.0002249161711455591
403.2779397999984,0.0,0.0,0.0,-1.665832172053384e-06,3.110680102925195e-06,-0.0002099296531915892
403.32996750000166,0.0,0.0,0.0,-2.349683934585621e-06,1.789990865473514e-05,-0.00021595062374700122
403.37783359999594,0.0,0.0,0.0,1.2885347773422816e-05,-4.41629338905115e-05,-0.00023240295863626454
403.4271701999969,0.0,0.0,0.0,-1.1728165343129545e-05,2.2508130375086427e-05,-0.00023942306295037983
403.47680969999783,0.0,0.0,0.0,-3.0750400104507218e-06,7.606297077491458e-06,-0.00023353392398355746
403.529283099997,0.0,0.0,0.0,1.3647495803562157e-05,-5.068458112178663e-06,-0.00023730770957161568
403.5791775999969,0.0,0.0,0.0,-1.4503684820370004e-05,5.775374129800086e-06,-0.00022374068346178207
403.6281694999998,0.0,0.0,0.0,4.73819745797104e-06,-2.186419163937952e-05,-0.00022862702743862303
403.67938209999556,0.0,0.0,0.0,2.1355936771765485e-06,1.4916374853507447e-05,-0.00021638071461455287
403.72908269999607,0.0,0.0,0.0,9.237368774505903e-06,1.3407371968046199e-06,-0.000250133426789204
403.77856939999765,0.0,0.0,0.0,-6.161264056766822e-06,3.528351042495483e-06,-0.00024620678326070934
403.826850999998,0.0,0.0,0.0,-1.0551533254812523e-05,9.949199034376387e-06,-0.00023133605241492966
403.8777285999968,0.0,0.0,0.0,-3.686825531508584e-06,-2.427416841540156e-05,-0.00025531766538778157
403.92862120000063,0.0,0.0,0.0,2.045448533382208e-05,3.7278465497973476e-06,-0.00024817891636099424
403.97891869999876,0.0,0.0,0.0,-2.0358604323237506e-05,7.825916161781405e-06,-0.00025839984363194336
404.0299018000005,0.0,0.0,0.0,-5.156642009255802e-06,-4.447052851942687e-06,-0.00024054198509455003
404.0775818999973,0.0,0.0,0.0,1.4174793573750014e-05,1.3984908894406125e-05,-0.00022081932409392956
404.12822369999776,0.0,0.0,0.0,-6.545045291612301e-06,-2.188773186043925e-06,-0.00023329569944959374
404.1797118999966,0.0,0.0,0.0,-2.728272658701822e-06,-2.89330723966717e-06,-0.0002422304535034334
404.22777199999837,0.0,0.0,0.0,2.389062720020109e-06,1.3320073228878759e-05,-0.00022544640407495307
404.2775189000022,0.0,0.0,0.0,8.02371904448416e-06,-1.0754887195949474e-05,-0.00023897079840731717
404.32773140000063,0.0,0.0,0.0,-5.546427089815507e-06,-8.876016176249982e-06,-0.00022622880188915976
404.37851619999856,0.0,0.0,0.0,-7.2456987737642715e-06,-3.003538187297812e-07,-0.00026442616198781726
404.43043880000187,0.0,0.0,0.0,7.534908753099957e-07,1.1655112943263064e-05,-0.00023096803000406283
404.47835849999683,0.0,0.0,0.0,4.346465411519005e-06,-1.1062921282069005e-05,-0.00023788995759137411
404.5275619000022,0.0,0.0,0.0,6.845612420315276e-07,9.166699104697638e-06,-0.0002373225109672006
404.57762809999986,0.0,0.0,0.0,-7.433648707281434e-06,-1.0562360314788844e-05,-0.00023889079824596833
404.6287597999981,0.0,0.0,0.0,1.635179529996085e-05,4.664067046572662e-06,-0.00023324612143608316
404.6782258999956,0.0,0.0,0.0,-1.8856066411936203e-05,2.7114550867530272e-06,-0.0002389052247661304
404.72809810000035,0.0,0.0,0.0,-5.16558322324603e-06,-1.613546141282216e-05,-0.00022495373734778392
404.77924340000027,0.0,0.0,0.0,8.89728551780982e-06,2.0575947892451683e-05,-0.00021872591554957085
404.82944029999635,0.0,0.0,0.0,2.7716686499514786e-06,-2.6560277227751954e-05,-0.0002278930630068488
404.8780289999995,0.0,0.0,0.0,-8.196013341578663e-06,5.568102347002929e-06,-0.00024298690166985864
404.9273874999999,0.0,0.0,0.0,-2.08807609445976e-06,1.204583639920846e-05,-0.0002123975564347271
404.9772352,0.0,0.0,0.0,3.098632636100027e-06,-5.761647658248294e-06,-0.00022058005906455244
405.03015729999606,0.0,0.0,0.0,1.0491975456639559e-05,6.1868754473294285e-06,-0.00021619245011259287
405.0767846000017,0.0,0.0,0.0,6.440098938389118e-06,-1.3857066368949547e-05,-0.00021361159967036455
405.1272511999996,0.0,0.0,0.0,-1.6193905859148545e-05,4.3914492015405596e-06,-0.00023735410286823672
405.1782630000016,0.0,0.0,0.0,-9.29518524993214e-06,4.15620060115766e-06,-0.0002211761288916777
405.22855130000244,0.0,0.0,0.0,5.769824814418036e-06,-2.4649078597803945e-05,-0.00025408956301143683
405.27832489999855,0.0,0.0,0.0,9.359603532598277e-06,2.7002040616370788e-05,-0.000249522741251719
405.3293324999977,0.0,0.0,0.0,3.470117024402209e-06,-1.533438618151529e-05,-0.00025542455956756657
405.3779405999958,0.0,0.0,0.0,-1.1987268191860644e-05,-1.5042786245987092e-05,-0.00024837399152939003
405.4273844999989,0.0,0.0,0.0,-1.7522964743861113e-06,2.6601885352711352e-05,-0.0002280771647726505
405.4896215999979,0.0,0.0,0.0,-4.033093496504923e-06,-1.0757885000768523e-05,-0.00023265092119949298
405.53832559999864,0.0,0.0,0.0,1.7304453087970787e-05,-5.209572083418488e-06,-0.00022376470121487755
405.58633649999683,0.0,0.0,0.0,-3.79584285260499e-06,1.700549074831391e-05,-0.00023823299596392803
405.63572710000153,0.0,0.0,0.0,1.779539721263929e-06,-1.5214692473054836e-05,-0.0002264172714630942
405.6876048999984,0.0,0.0,0.0,-1.3158240531480248e-05,2.2752208577149094e-05,-0.00023689906534789024
405.7350160999995,0.0,0.0,0.0,-4.102106732471459e-06,-1.4478293269159756e-05,-0.00021544600296676892
405.7859277000025,0.0,0.0,0.0,8.16015716453406e-06,-6.360479733538583e-06,-0.00021690152550893626
405.83623149999767,0.0,0.0,0.0,-5.165233224995781e-06,1.1955693748494996e-05,-0.00022847496277288596
405.88806929999555,0.0,0.0,0.0,-7.855428014769606e-06,-1.3871632671687214e-05,-0.00021937988690190293
405.93211249999877,0.0,0.0,0.0,-2.686788240681764e-06,-4.711080928763958e-06,-0.00024042133245822834
405.98368219999975,0.0,0.0,0.0,8.24467422645449e-06,4.1593504020550583e-08,-0.00023143035476134747
406.03577529999893,0.0,0.0,0.0,-9.37456843864353e-06,1.4931461087327184e-06,-0.00024153669714368527
406.0837836999999,0.0,0.0,0.0,-3.162996270090017e-07,3.6908523440127195e-06,-0.0002268002738891929
406.1363391999985,0.0,0.0,0.0,1.9338643085428137e-05,-2.0531338534821185e-05,-0.00023029252537780544
406.1838149999967,0.0,0.0,0.0,-2.604917561618272e-06,7.1072940854681536e-06,-0.0002436408885910169
406.236287599997,0.0,0.0,0.0,-7.295733234802334e-06,8.679578401244033e-06,-0.00026099390284646035
406.28677009999956,0.0,0.0,0.0,-1.1005363470247634e-05,1.0926261300016784e-05,-0.0002526115979063541
406.340311699998,0.0,0.0,0.0,-5.142670345128232e-07,-4.663420951148102e-06,-0.0002456936366835252
406.3857610999985,0.0,0.0,0.0,1.9193687041334476e-05,-2.5847383497997483e-05,-0.0002481879082261734
406.4350314999974,0.0,0.0,0.0,-2.5353778079989703e-06,1.320510836510853e-05,-0.0002464383860942381
406.4850084999998,0.0,0.0,0.0,-1.8072718226494858e-05,7.746740768795363e-06,-0.00025605643799895156
406.53688220000186,0.0,0.0,0.0,7.186132776600606e-06,2.594025621452587e-06,-0.0002559096217369442
406.583315099997,0.0,0.0,0.0,-7.835129371507141e-06,9.082201288979107e-06,-0.00024431221809474425
406.63503549999587,0.0,0.0,0.0,-6.295161774422859e-07,-9.895620697500502e-06,-0.0002452252362192654
406.68666239999584,0.0,0.0,0.0,1.0335729577843008e-05,-1.8699660852215163e-06,-0.00023575664465605415
406.73751710000215,0.0,0.0,0.0,-1.121491662051248e-05,1.9929497964290563e-06,-0.00024892366503224473
406.78564170000027,0.0,0.0,0.0,1.0260673265763212e-05,-4.4903411864261644e-06,-0.00025652188895713583
406.8372810000001,0.0,0.0,0.0,-3.9570781869208353e-07,1.3992604015704268e-06,-0.0002288378326196031
406.88406779999787,0.0,0.0,0.0,-5.007305860037517e-07,-3.9001808695925515e-06,-0.00025211670185812873
406.9376873000001,0.0,0.0,0.0,-1.1062723763844582e-05,8.804746553872372e-06,-0.00023735616410131867
406.9859561999983,0.0,0.0,0.0,-5.75200579780268e-07,-9.535015202436299e-06,-0.0002432041729846261
407.0352681000004,0.0,0.0,0.0,8.408896805266585e-06,-3.223268135717827e-06,-0.00023865751872549857
407.08532349999587,0.0,0.0,0.0,1.0578518104203189e-05,-9.163677473964632e-06,-0.00024828949972073306
407.1369889999987,0.0,0.0,0.0,-9.552366752603052e-06,1.2300551200803903e-05,-0.0002615174229134563
407.1846446999989,0.0,0.0,0.0,-1.1083592116267764e-05,6.391480155699064e-06,-0.0002277830440371002
407.23455699999613,0.0,0.0,0.0,1.7268011757585812e-05,-9.284808490311362e-06,-0.00023380675793225654
407.286591600001,0.0,0.0,0.0,-1.0411091606365867e-05,1.1726930940404589e-05,-0.00024146297240091764
407.33760249999614,0.0,0.0,0.0,7.5126784262498455e-06,-1.0802289394211305e-05,-0.00023995539300142226
407.38372949999757,0.0,0.0,0.0,-7.275952300604908e-06,-1.8837949435743374e-08,-0.0002363074512767755
407.43623300000036,0.0,0.0,0.0,-1.5933879940134677e-06,8.39113555749302e-06,-0.00026009279938022333
407.48399410000275,0.0,0.0,0.0,7.716791765602189e-07,-6.802438464763564e-06,-0.0002465721446944005
407.5334385000024,0.0,0.0,0.0,-3.697571841287651e-07,3.824669289745413e-06,-0.00024376508054283988
407.58527329999924,0.0,0.0,0.0,-9.298995685509012e-06,1.8560078786788873e-06,-0.000260119833614321
407.6359783000007,0.0,0.0,0.0,8.352324849283394e-06,-5.667715506448666e-06,-0.00023426784262772508
407.68338380000205,0.0,0.0,0.0,-4.357314534014907e-07,6.967103995665083e-07,-0.0002717874933131404
407.7351636000021,0.0,0.0,0.0,-4.894603500072061e-07,-1.17720291896214e-06,-0.00025780580828282143
407.78552109999873,0.0,0.0,0.0,-1.7060824255300137e-06,3.8019417989277486e-06,-0.000246303313087949
407.8402430999995,0.0,0.0,0.0,8.396577000724615e-06,-9.460525848861736e-06,-0.0002453325849058666
407.8841800000009,0.0,0.0,0.0,-6.039547952639998e-06,1.0786576916199556e-05,-0.00025174846056262747
407.9338491000017,0.0,0.0,0.0,-1.1107970217895516e-05,5.549502180012406e-06,-0.00025676601265084783
407.98474120000174,0.0,0.0,0.0,8.418278719889672e-06,-4.358662988742645e-06,-0.0002514161438712344
408.03779100000247,0.0,0.0,0.0,1.3053580717478993e-06,-3.5430397740470144e-06,-0.00025866790436310716
408.08477270000003,0.0,0.0,0.0,-2.344507492227393e-06,-6.736588575039634e-07,-0.0002540782861440938
408.13427899999806,0.0,0.0,0.0,-3.503693597893038e-07,2.858482275336008e-06,-0.0002429183335207701
408.1845331000004,0.0,0.0,0.0,-3.7630958190010827e-07,2.26839120191686e-06,-0.0002587570547686841
408.23559369999566,0.0,0.0,0.0,-9.390088367834566e-06,5.292843528039878e-07,-0.00027549123093821353
408.2865206999995,0.0,0.0,0.0,-3.0368747909044316e-07,7.509309478349533e-06,-0.0002487502659387213
408.33552549999877,0.0,0.0,0.0,-5.762704693089721e-07,-6.855678600226492e-06,-0.00024347600204027825
408.38273710000067,0.0,0.0,0.0,-4.743405413751739e-07,-1.4002801308069453e-06,-0.00023226457256768834
408.4331300999984,0.0,0.0,0.0,-3.2540576310742536e-07,3.6306377262545837e-06,-0.0002516961558595246
408.4886878999969,0.0,0.0,0.0,1.9211918360535024e-05,-2.1156432292583192e-05,-0.00025974983978254107
408.53571859999647,0.0,0.0,0.0,-2.02375464636432e-05,1.728907358085905e-05,-0.0002695359070006366
408.5851085999966,0.0,0.0,0.0,1.5875449292699104e-05,-1.352012673767089e-05,-0.00026784382615144416
408.63425039999856,0.0,0.0,0.0,-1.668334474143814e-05,1.7965619593457854e-05,-0.00023298221644201263
408.6856157000002,0.0,0.0,0.0,-7.610601614861366e-07,-2.156935152462434e-05,-0.00024104009424254395
408.7356970999972,0.0,0.0,0.0,1.9536728185527868e-05,-4.62218486603585e-07,-0.00025114830790342165
408.78558619999967,0.0,0.0,0.0,-1.2551929203438444e-05,1.8771391644735093e-05,-0.00025694112257485766
408.8365006000022,0.0,0.0,0.0,7.521401296289723e-06,-9.035918826070778e-06,-0.0002624982216992574
408.8865819999992,0.0,0.0,0.0,-4.999759413411778e-07,-1.8246366974380874e-06,-0.0002493698905243195
408.93428799999674,0.0,0.0,0.0,-1.6011610553335974e-05,8.092042588604555e-06,-0.00024098769778403857
408.9823735999962,0.0,0.0,0.0,8.41797733860951e-06,-4.088963316702634e-06,-0.00023608288549841383
409.0374845999977,0.0,0.0,0.0,-9.34463085051602e-06,6.015346918681046e-07,-0.00024770792801110037
409.085310800001,0.0,0.0,0.0,1.5350276711537832e-05,3.836966097392318e-07,-0.00025024598404247447
409.13852739999857,0.0,0.0,0.0,-5.38766220276702e-06,1.4716915135908172e-06,-0.0002619152421003533
409.186670199997,0.0,0.0,0.0,-1.1241160061291501e-05,-3.6496952227257944e-08,-0.0002614528025012751
409.23569919999863,0.0,0.0,0.0,-3.9515189344124733e-07,1.017676019198518e-06,-0.00024261417922860208
409.2866591999991,0.0,0.0,0.0,7.049110358855412e-06,-3.3089368090333026e-06,-0.00023999482174187777
409.3385246999969,0.0,0.0,0.0,-8.075359498741072e-06,-5.971795885888587e-06,-0.0002604963815062804
409.3861515999961,0.0,0.0,0.0,1.0338394989217634e-05,4.224017886280926e-06,-0.00025404148192013546
409.43551709999883,0.0,0.0,0.0,-5.292486990121946e-07,-2.8186617053112568e-06,-0.0002594128866831929
409.48689139999624,0.0,0.0,0.0,-1.0943449870152574e-05,1.3493774038585986e-05,-0.0002515222864269926
409.53583290000097,0.0,0.0,0.0,-7.085645190150477e-07,-1.8317612207729414e-05,-0.00023483927880645493
409.58431420000124,0.0,0.0,0.0,8.671896469678344e-06,1.226297886570996e-05,-0.0002513499282489403
409.63433559999976,0.0,0.0,0.0,6.971246893582455e-06,-1.1870724583940259e-05,-0.00027212301226090245
409.6866762999998,0.0,0.0,0.0,-1.1844400345554378e-06,6.90596857607321e-06,-0.00026289932161814003
409.7364637999999,0.0,0.0,0.0,-1.6189154196310333e-05,-3.3186259572875447e-06,-0.0002358264823407655
409.78693550000025,0.0,0.0,0.0,-2.04533457266606e-07,1.3340814911922558e-05,-0.000244929872100905
409.8359195000012,0.0,0.0,0.0,-3.880461551499827e-07,1.39292390434703e-06,-0.00024283378843855291
409.8860151999979,0.0,0.0,0.0,-4.904037354200292e-07,-4.56141134699916e-06,-0.00023384236469466276
409.9352684999976,0.0,0.0,0.0,-4.866498478060876e-07,-2.9359238926375634e-06,-0.00023772448281102448
409.9859832000002,0.0,0.0,0.0,8.509372287816537e-06,1.536480139441294e-06,-0.0002541735489353595
410.0359887000013,0.0,0.0,0.0,1.188019278812361e-06,-9.442385511612523e-06,-0.00024999484971071565
410.081654900001,0.0,0.0,0.0,-1.0940909914394188e-05,1.3689255012470857e-05,-0.00024820154099030944
410.1357379999972,0.0,0.0,0.0,1.0226812724531467e-05,-7.532723858300462e-06,-0.00023050885583271013
410.1852402000004,0.0,0.0,0.0,-3.6879582051029403e-06,-2.4209767642233357e-06,-0.0002560111326757004
410.2356303999986,0.0,0.0,0.0,9.706212403153407e-07,3.323296923482008e-06,-0.00024541089556863395
410.28686970000126,0.0,0.0,0.0,-9.182008550515508e-06,7.504419656085386e-06,-0.0002574713478173233
410.3360831999962,0.0,0.0,0.0,-6.234725859351814e-07,-1.0043200442991673e-05,-0.00023501001711047253
410.3883425000022,0.0,0.0,0.0,7.11562040203836e-06,-2.7394012912168335e-07,-0.00023772402500406
410.432103799998,0.0,0.0,0.0,-7.787054498026275e-06,9.8809760184687e-06,-0.00023930559137396535
410.485018899999,0.0,0.0,0.0,1.028356573470121e-05,-5.086887759892187e-06,-0.00023425860820305768
410.532927799999,0.0,0.0,0.0,-4.75989755072159e-07,-3.0532527762824523e-06,-0.00023060260434255836
410.58643779999693,0.0,0.0,0.0,-1.1250382454066845e-05,-1.7232489515363807e-06,-0.0002390733449095601
410.6364844999989,0.0,0.0,0.0,7.083596372969184e-06,-3.479013814675631e-06,-0.00023495332273612278
410.6829940000025,0.0,0.0,0.0,1.0842165108410502e-06,7.645593796785219e-06,-0.00023893827786526564
410.7352955000024,0.0,0.0,0.0,-9.222277040359186e-06,4.9894029935364905e-06,-0.0002480926192756192
410.785323600001,0.0,0.0,0.0,-5.966030666220094e-07,-6.185565824098414e-06,-0.00023961159163310756
410.84032899999875,0.0,0.0,0.0,-5.030272733695535e-07,-8.64367857576501e-06,-0.0002423605113724961
410.8846730000005,0.0,0.0,0.0,1.0399479529202906e-05,5.646877340124698e-06,-0.000246781621993468
410.9345441999976,0.0,0.0,0.0,-3.6224424831499577e-06,1.957572743665986e-06,-0.00025172897860281586
410.9849563000025,0.0,0.0,0.0,-7.951383253989709e-06,4.707290832869197e-06,-0.0002473861337967429
411.03582689999894,0.0,0.0,0.0,-3.2052657116101856e-07,3.3248551987842153e-06,-0.00024937196239869505
411.0866672999982,0.0,0.0,0.0,1.9116870631871943e-05,-2.442186925111754e-05,-0.0002508329260609718
411.1375049999988,0.0,0.0,0.0,-5.222197399453738e-07,-4.1198639730589186e-06,-0.00023891549971060764
411.1840432999961,0.0,0.0,0.0,-2.010180064644863e-05,1.9281817199804524e-05,-0.00025599565728355426
411.23713329999737,0.0,0.0,0.0,8.456484258283028e-06,-9.77668194856847e-07,-0.0002483273181209098
411.2894873999976,0.0,0.0,0.0,-9.057840734981384e-06,1.3465891195651437e-05,-0.0002543132643969145
411.3347313999984,0.0,0.0,0.0,8.106457729998353e-06,-1.7542669981694658e-05,-0.00023877959351209158
411.383310600002,0.0,0.0,0.0,-9.300698755245711e-06,1.546369640960202e-06,-0.00023962717355802696
411.43591229999583,0.0,0.0,0.0,8.571587515838137e-06,4.751802634407448e-06,-0.0002537845981137166
411.4844538999969,0.0,0.0,0.0,-5.88690081679663e-07,-6.07319292199751e-06,-0.0002751616984501394
411.53491850000137,0.0,0.0,0.0,-9.311865107570046e-06,5.54018095748644e-06,-0.00026997229641001247
411.58336070000223,0.0,0.0,0.0,-1.9867267568942683e-07,1.0577531191710644e-05,-0.00024051595458046606
411.6370988999988,0.0,0.0,0.0,-7.470631258298354e-07,-1.4624267594158203e-05,-0.00023490681038350854
411.68929819999903,0.0,0.0,0.0,-4.654802284423795e-07,-4.091707848711886e-06,-0.00023286513180430604
411.7362009999997,0.0,0.0,0.0,-2.882576688202539e-07,6.191160904815838e-06,-0.00023864255986076691
411.78649900000164,0.0,0.0,0.0,1.6099416546875795e-05,-4.1544263932888254e-06,-0.00024477711149843484
411.8355090999976,0.0,0.0,0.0,-1.692525250599187e-05,7.790429190779631e-06,-0.0002488191776938167
411.8895210999981,0.0,0.0,0.0,1.5226402919421646e-05,-5.839063312835727e-06,-0.0002479528038082165
411.9381862000009,0.0,0.0,0.0,-1.6174190947329188e-05,9.177217524307007e-07,-0.0002498509132327481
411.9869522000008,0.0,0.0,0.0,1.7181571207222994e-05,-8.324409047760294e-06,-0.00025886761223220485
412.03832500000135,0.0,0.0,0.0,-1.0334877682408816e-05,1.610246770675804e-05,-0.0002684429637606517
412.086510000001,0.0,0.0,0.0,7.456642127799019e-06,-1.1224556345206132e-05,-0.00025711255063923656
412.13621160000184,0.0,0.0,0.0,3.4326735085257175e-07,-3.1720082131605474e-06,-0.00024276183500414008
412.1842375999986,0.0,0.0,0.0,-9.234192586254453e-06,9.281141733408272e-06,-0.00023747307965130636
412.23489439999685,0.0,0.0,0.0,-8.060074292146449e-06,-6.299484687788764e-07,-0.00025352373932088903
412.286237399996,0.0,0.0,0.0,-4.994161292877744e-07,-4.814482411702774e-06,-0.00025001232434563626
412.3346937999959,0.0,0.0,0.0,-4.397426398257278e-07,3.2966539080774165e-07,-0.0002506451616080434
412.3838276999959,0.0,0.0,0.0,1.716316354967233e-05,-8.938933478327132e-06,-0.00023128765456920979
412.4358637999976,0.0,0.0,0.0,-9.262639673458744e-06,3.1832952833089625e-06,-0.00026175141584409246
412.4870507000014,0.0,0.0,0.0,-9.231808056506293e-06,5.201748185309849e-06,-0.00024643415649791355
412.5371199000001,0.0,0.0,0.0,-1.7252252683702336e-07,1.1767749410846482e-05,-0.00024796792404439935
412.58312149999983,0.0,0.0,0.0,-6.362692354444056e-07,-1.0642236332042405e-05,-0.0002459853997656132
412.6360327000002,0.0,0.0,0.0,-2.593051917379893e-07,1.0225805103648703e-05,-0.00023432816574338848
412.6847734999974,0.0,0.0,0.0,1.0049506627076652e-05,-1.4962517765487672e-05,-0.0002485124774204293
412.7421431999974,0.0,0.0,0.0,-1.1181295878913506e-05,3.0748445675306943e-06,-0.0002686566051407663
412.78325129999575,0.0,0.0,0.0,-3.927622417478494e-07,4.406675081304279e-06,-0.00025598645903221164
412.8363909999971,0.0,0.0,0.0,1.924196442617295e-05,-1.911220135985613e-05,-0.0002491662702621088
412.8861692999999,0.0,0.0,0.0,-2.006287639671221e-05,2.1874766604659246e-05,-0.00023630800351706404
412.9386316000018,0.0,0.0,0.0,-2.4303894022724634e-07,6.314194964341381e-06,-0.00024167218616639248
412.9882223999957,0.0,0.0,0.0,-4.852644916762995e-07,-3.7103623010987484e-06,-0.00023464043514528226
413.0379399000012,0.0,0.0,0.0,-6.054826023832386e-07,-9.572411057954645e-06,-0.0002505110373229272
413.08842580000055,0.0,0.0,0.0,-3.040621987227385e-07,6.204872560012979e-06,-0.00024315225690341822
413.13811279999936,0.0,0.0,0.0,-3.4788439942791944e-07,5.072017138243623e-06,-0.0002285771518531326
413.18853339999623,0.0,0.0,0.0,-4.876411921308418e-07,-6.543456110733173e-06,-0.000243501782955591
413.2398594999977,0.0,0.0,0.0,8.390111635008125e-06,-3.1420493104947605e-06,-0.0002525159831751384
413.2870743999956,0.0,0.0,0.0,-1.7709850627128313e-06,2.2930173791564207e-06,-0.0002611673260325232
413.3361195999969,0.0,0.0,0.0,-8.142955193045334e-06,-2.6671595100408265e-06,-0.00025860062392636077
413.3881638000021,0.0,0.0,0.0,8.51101528656106e-06,-1.450224385998231e-07,-0.00023909499499088092
413.4391392999969,0.0,0.0,0.0,1.3499600402847815e-06,-3.7714703726281676e-06,-0.0002455977233237446
413.48688689999835,0.0,0.0,0.0,-2.3356508247571474e-06,-2.2752208004484407e-06,-0.00026253921028427047
413.5372522999969,0.0,0.0,0.0,1.4715852183764881e-06,3.849236618283897e-06,-0.00026401182285829607
413.58998679999786,0.0,0.0,0.0,-3.5895888605292577e-06,2.8800138756671723e-06,-0.0002480013867803133
413.6365958000024,0.0,0.0,0.0,-8.026857580551781e-06,1.026313311670219e-06,-0.0002550012457413202
413.6863977999965,0.0,0.0,0.0,1.709037644347959e-05,-1.3380723954604654e-05,-0.00024828610663862985
413.7397165000002,0.0,0.0,0.0,-9.085900641573138e-06,1.06606303950789e-05,-0.0002461075585484299
413.78673269999854,0.0,0.0,0.0,-1.6039126094667096e-06,6.0309902212883905e-06,-0.00024307260260570011
413.8364494999987,0.0,0.0,0.0,-7.941722121706423e-06,3.394960200334773e-06,-0.00023867541304430418
413.88409149999643,0.0,0.0,0.0,-5.756700563647964e-07,-5.95632560053933e-06,-0.0002541706437014261
413.93295919999946,0.0,0.0,0.0,-5.316577683981271e-07,-4.573227546983612e-06,-0.0002550855830393039
413.9839202000003,0.0,0.0,0.0,-4.690196851584689e-07,-8.850058978594002e-07,-0.0002519770945466558
414.0389677999992,0.0,0.0,0.0,-5.279901727489948e-07,-7.215630175592104e-06,-0.00023739730769951767
414.0871756999986,0.0,0.0,0.0,7.477777810149956e-06,1.7438562594895815e-05,-0.0002330114946942494
414.1369407999955,0.0,0.0,0.0,6.242311166292284e-07,-1.274177993571915e-05,-0.0002536221244109505
414.18525860000227,0.0,0.0,0.0,-9.23081666249485e-06,8.359971178863077e-06,-0.00025000153027985266
414.23653609999747,0.0,0.0,0.0,1.026195791708267e-05,-5.975717784191865e-06,-0.00025858020505734926
414.2869924999977,0.0,0.0,0.0,-1.100626157143433e-05,1.048903132580316e-05,-0.0002594302481457453
414.3379122999977,0.0,0.0,0.0,-4.4602563582008774e-07,4.489296915683996e-07,-0.0002441417684340955
414.3858742000011,0.0,0.0,0.0,1.0133892937089181e-05,-1.0899051507695033e-05,-0.0002535284920179686
414.43621780000103,0.0,0.0,0.0,-1.1256309317087796e-05,-9.227735231095894e-07,-0.0002515969219743364
414.4826163999969,0.0,0.0,0.0,1.9366467371919578e-05,-8.254188206754822e-06,-0.00024360447507433392
414.53740039999684,0.0,0.0,0.0,-2.0089229835445347e-05,1.675806235187647e-05,-0.00026315612670117295
414.5820057000019,0.0,0.0,0.0,7.1081250879279125e-06,-2.284135743417209e-06,-0.00026519095353881887
414.6368557999958,0.0,0.0,0.0,8.250289940906464e-06,-1.3067170531880899e-05,-0.0002581589659850245
414.69363840000005,0.0,0.0,0.0,-1.681509715383138e-05,1.2467238966767985e-05,-0.00025958218344197814
414.73656440000195,0.0,0.0,0.0,-3.4056896890639355e-07,4.8321349700379135e-06,-0.0002479251863869063
414.78546719999576,0.0,0.0,0.0,-5.599501450255201e-07,-8.536750477626325e-06,-0.0002471948466632758
414.8371344999978,0.0,0.0,0.0,8.317607736893774e-06,-5.860776369951227e-06,-0.0002597613741739327
414.8875724000027,0.0,0.0,0.0,-9.141335283390247e-06,1.1895976139864449e-05,-0.0002464147371955722
414.9372829999993,0.0,0.0,0.0,7.095349462938485e-06,-4.582811713425173e-06,-0.00023398073595087623
414.9872353999963,0.0,0.0,0.0,-8.057653905769021e-06,-1.9141933320251833e-06,-0.00025135388774289927
415.03450039999734,0.0,0.0,0.0,7.180985342305823e-06,1.8527833740924942e-06,-0.0002637306302481413
415.08476939999673,0.0,0.0,0.0,2.708619879885938e-06,-8.636381967524284e-07,-0.00024398519576984625
415.134819400002,0.0,0.0,0.0,-5.143362074059115e-07,-3.385042376559267e-06,-0.00023896639672927778
415.1899057999981,0.0,0.0,0.0,-1.1009517224358784e-05,8.173444326145214e-06,-0.00023826301284173425
415.23213250000117,0.0,0.0,0.0,-6.430178076867563e-07,-1.1479546653635466e-05,-0.0002501180774894891
415.28490549999697,0.0,0.0,0.0,1.7262805149082522e-05,-3.4005639919593525e-06,-0.00025402499815939877
415.33940789999906,0.0,0.0,0.0,-7.294717467604291e-06,8.028120550989989e-06,-0.00024788157255384877
415.3834346000003,0.0,0.0,0.0,-2.4480963070195137e-06,-6.139988198533442e-06,-0.0002726725578336071
415.4343114000003,0.0,0.0,0.0,-9.312639160558361e-06,4.4099267848067486e-06,-0.0002586434061700415
415.4842110000027,0.0,0.0,0.0,-3.2513666532796257e-07,6.371251796246982e-06,-0.00025996461428010525
415.53795399999944,0.0,0.0,0.0,1.9044488853341484e-05,-2.4666061103344905e-05,-0.0002446629974079982
415.58394340000086,0.0,0.0,0.0,-9.393867110407006e-06,1.4975118443763584e-05,-0.0002654111417927351
415.6352160999959,0.0,0.0,0.0,-1.1051204212187155e-05,8.97578270502001e-06,-0.00025113654050900583
415.6892133000001,0.0,0.0,0.0,1.0225326358192527e-05,-7.649286068257733e-06,-0.0002369268278931549
415.7389403999987,0.0,0.0,0.0,-1.1088796939578322e-05,4.971221661462174e-06,-0.0002394002063779642
415.7833537999977,0.0,0.0,0.0,-2.892866154780281e-07,6.4439257084633346e-06,-0.0002611395851841577
415.83748139999807,0.0,0.0,0.0,-6.435397337125071e-07,-7.866977503594862e-06,-0.00024337349058010103
415.88659349999944,0.0,0.0,0.0,1.605246619294906e-05,-7.325304690204102e-06,-0.00024839184968950315
415.93654129999777,0.0,0.0,0.0,-9.159977129667724e-06,1.376941190658833e-05,-0.0002493644890605645
415.9869385999991,0.0,0.0,0.0,7.268171066079051e-07,-8.021106392919616e-06,-0.00023959166894797914
416.03629450000153,0.0,0.0,0.0,-4.323295251994112e-07,1.3036075420095548e-08,-0.00025004270663526724
416.08656930000143,0.0,0.0,0.0,-9.344802887659864e-06,3.524114903586327e-07,-0.00023696430499921449
416.13719039999705,0.0,0.0,0.0,8.556494855465123e-06,1.8478818338062316e-06,-0.00024594276191318616
416.18740940000134,0.0,0.0,0.0,-9.360370564691207e-06,2.328056459383757e-06,-0.00023430231206670305
416.2339404000013,0.0,0.0,0.0,-2.2906284151869118e-07,6.918292282088431e-06,-0.00023200841550408618
416.28619980000076,0.0,0.0,0.0,1.010651887571923e-05,-1.3243780716995587e-05,-0.00024170556040856544
416.33675770000264,0.0,0.0,0.0,-4.344126388975633e-07,1.0574215403687672e-07,-0.0002468925261666187
416.38822210000217,0.0,0.0,0.0,-1.1264062252123916e-05,-4.4745220557625833e-07,-0.00024321859753480475
416.43354980000004,0.0,0.0,0.0,7.338820191855612e-06,5.5227225697826e-06,-0.00023620590317864601
416.48364969999966,0.0,0.0,0.0,-8.093374475654579e-06,-4.32188543818107e-06,-0.00024119850895964163
416.53798649999953,0.0,0.0,0.0,7.193049181868799e-06,2.0366531978727165e-06,-0.0002248079819624936
416.58499859999574,0.0,0.0,0.0,2.510510928110093e-06,-1.1843475526686572e-05,-0.0002420509539075865
416.63592999999673,0.0,0.0,0.0,-1.1029690829336525e-05,7.567163030423639e-06,-0.00023368081138165858
416.6853035000022,0.0,0.0,0.0,-2.3141232989204625e-07,8.263545981424407e-06,-0.00023101424765563928
416.7323552000016,0.0,0.0,0.0,1.0174903563805616e-05,-9.541913827776812e-06,-0.00025675207300896103
416.7864993999974,0.0,0.0,0.0,5.22236121005611e-06,-6.726504442636126e-06,-0.0002519182707024853
416.83692090000113,0.0,0.0,0.0,7.948451675748462e-07,2.6230892169387134e-06,-0.00026024739227557375
416.8829043000005,0.0,0.0,0.0,-1.8132299797935943e-05,4.575856413533221e-06,-0.00023845000854569542
416.9356880999985,0.0,0.0,0.0,-3.01553359755844e-07,5.236312699533458e-06,-0.00023168804858475403
416.98652720000246,0.0,0.0,0.0,1.0280071146991398e-05,-3.2326441734322267e-06,-0.00023597279558741218
417.0366403000007,0.0,0.0,0.0,-1.1143291954488061e-05,4.652955175528152e-06,-0.00025467086817194956
417.0844494999983,0.0,0.0,0.0,1.5994456341518284e-05,-1.0392866577540498e-05,-0.00024130990130346734
417.1370878000016,0.0,0.0,0.0,-1.6876913342560104e-05,8.602480893827257e-06,-0.00026399700997099075
417.1869444999975,0.0,0.0,0.0,-2.648155308904747e-07,8.784908518332659e-06,-0.0002475801438871483
417.2390822000016,0.0,0.0,0.0,1.0117294454752187e-05,-1.1887449408161487e-05,-0.0002442218374346305
417.2859518999976,0.0,0.0,0.0,-1.1282418046380986e-05,-1.8572970484128835e-06,-0.0002597426814398012
417.3322171999971,0.0,0.0,0.0,1.7214190664081262e-05,-6.309310990905086e-06,-0.00024010120660640825
417.3835390000022,0.0,0.0,0.0,-1.0516129137986951e-05,5.710971181954594e-06,-0.00025010476521995925
417.43760699999984,0.0,0.0,0.0,-3.21028975205748e-07,4.5904650743088025e-06,-0.00023242242036902928
417.4856620999999,0.0,0.0,0.0,-5.177069409501549e-07,-4.919716247681981e-06,-0.00023146008937958973
417.5367938999989,0.0,0.0,0.0,7.77294978813571e-06,4.043666417469596e-07,-0.00023385737083818925
417.5858765000012,0.0,0.0,0.0,-1.612223382048306e-05,2.362154474811974e-06,-0.0002633031693717245
417.63845359999686,0.0,0.0,0.0,-4.536000520132724e-07,1.0266316538199832e-06,-0.00026991590149788905
417.688012599996,0.0,0.0,0.0,-4.4395415973094375e-07,2.0818371653026815e-06,-0.0002472473664608485
417.73570889999974,0.0,0.0,0.0,1.5085147707925154e-05,-1.1165595985827095e-05,-0.00024323176787049506
417.7849642000001,0.0,0.0,0.0,-1.5790974976287753e-05,1.870743976155679e-05,-0.0002537193777630101
417.8342765999987,0.0,0.0,0.0,7.059533022533842e-06,-6.762569750447332e-06,-0.00024098743613488232
417.88742739999725,0.0,0.0,0.0,-8.255303557691897e-06,-9.918893684713308e-06,-0.00026524005395870304
417.93606400000135,0.0,0.0,0.0,8.488288847954841e-06,2.647161775555157e-06,-0.00023937444148492844
417.98395499999606,0.0,0.0,0.0,-9.153598480681051e-06,8.298252453529741e-06,-0.00025130459526968206
418.03591069999675,0.0,0.0,0.0,-6.318497424780805e-07,-6.876342429471118e-06,-0.0002519619723793374
418.0895290999979,0.0,0.0,0.0,-3.6776236950107576e-07,2.9556826424108474e-07,-0.0002342951949790928
418.13824880000175,0.0,0.0,0.0,1.0382104877321803e-05,1.6740503774157092e-06,-0.0002479253605511704
418.1831919999968,0.0,0.0,0.0,-1.1270476004405047e-05,-4.0118666914818333e-07,-0.0002409705297535807
418.23460579999664,0.0,0.0,0.0,7.243448654014823e-06,1.5201539456102087e-06,-0.00024757438574345966
418.289388600002,0.0,0.0,0.0,-7.989460422141391e-06,1.3267615396386657e-06,-0.00024727995717864026
418.33701830000064,0.0,0.0,0.0,-5.461997571196485e-07,-4.5634295210518884e-06,-0.00023476824447643283
418.38619130000006,0.0,0.0,0.0,1.71353517710146e-05,-1.1235881783426575e-05,-0.0002447559870613921
418.43691039999976,0.0,0.0,0.0,-1.6892060216391135e-06,-1.7635664032102236e-06,-0.0002696293203297873
418.4854215000014,0.0,0.0,0.0,-6.089751905858422e-06,1.1255112129854606e-05,-0.00024942707542450235
418.5382537999976,0.0,0.0,0.0,-1.1283775744559003e-05,-5.3490851714722385e-06,-0.0002602113193070063
418.58724999999686,0.0,0.0,0.0,-2.8299734533172196e-07,7.332807711450914e-06,-0.00025088962779486906
418.6351710000017,0.0,0.0,0.0,-2.5556362868258253e-07,8.466856209365877e-06,-0.0002476973532301274
418.687817500002,0.0,0.0,0.0,6.976461470983716e-06,-8.919113446234573e-06,-0.0002448672448007895
418.738500200001,0.0,0.0,0.0,-8.086455265460571e-06,-5.2277715376517255e-06,-0.000243309453397177
418.7854758999965,0.0,0.0,0.0,1.5350956877808763e-05,3.3368960162786943e-06,-0.00023470872446571623
418.8355281999975,0.0,0.0,0.0,-1.6111277675544015e-05,5.084181552639296e-06,-0.0002446284150021688
418.88728000000265,0.0,0.0,0.0,8.494411309571006e-06,-1.828426773868304e-06,-0.0002455135155393633
418.93686709999747,0.0,0.0,0.0,-9.290213458522272e-06,2.7976929998825177e-06,-0.0002558456402475592
418.98525869999867,0.0,0.0,0.0,-5.049353733433616e-07,-3.958115988555507e-06,-0.00024114405053948356
419.03530989999854,0.0,0.0,0.0,8.37084571939699e-06,-4.511224548442554e-06,-0.00024409165633241877
419.08940189999703,0.0,0.0,0.0,6.296596877858536e-06,-3.6225250758398125e-06,-0.0002470282529814182
419.1368299999958,0.0,0.0,0.0,-1.6088199853323383e-05,5.395364020814569e-06,-0.00027054827428212475
419.1853407000017,0.0,0.0,0.0,-4.636200865848922e-07,1.4072578347775708e-08,-0.0002574295803628815
419.23586480000085,0.0,0.0,0.0,7.326829339872113e-06,6.955753856045695e-06,-0.0002457908125708809
419.28537289999804,0.0,0.0,0.0,2.570093344149856e-06,-7.549606387934218e-06,-0.0002363547223793257
419.3379655000026,0.0,0.0,0.0,4.50855530917451e-06,-2.5624202572079368e-06,-0.00023675795177364426
419.38626020000083,0.0,0.0,0.0,-1.5921080197541955e-05,1.295932054835316e-05,-0.00024073212635296706
419.43344819999766,0.0,0.0,0.0,-6.739095363075256e-07,-1.4287188995551275e-05,-0.0002282218636917926
419.48526039999706,0.0,0.0,0.0,1.033371559487575e-05,8.625066145039149e-08,-0.00023504269956156994
419.53400939999847,0.0,0.0,0.0,-5.129707725035385e-07,-4.184501538654882e-06,-0.00023859497799426358
419.5879683000021,0.0,0.0,0.0,-2.236130059963711e-06,6.936900719292089e-07,-0.00024051917108751305
419.63600269999733,0.0,0.0,0.0,-8.963533877058031e-06,1.8729209800198115e-05,-0.0002458652647071975
419.68529899999703,0.0,0.0,0.0,8.138159714725653e-06,-1.896195555818379e-05,-0.000259627480522989
419.73595229999773,0.0,0.0,0.0,1.444212734408219e-06,5.290360413910117e-06,-0.00023611147097253298
419.783045199998,0.0,0.0,0.0,-1.0898058891633025e-05,1.3494935181925985e-05,-0.000231102327629865
419.83219149999786,0.0,0.0,0.0,8.311219512490888e-06,-1.1616167567950884e-05,-0.0002469826481561778
419.88323610000225,0.0,0.0,0.0,-1.8107158191847518e-06,-1.6803298061542559e-06,-0.0002465169966524503
419.9363713999992,0.0,0.0,0.0,2.7047438854321206e-06,-9.074805993123174e-07,-0.00024851249312699187
419.9847468000007,0.0,0.0,0.0,-1.1257834583556016e-05,-5.657321910102116e-06,-0.00024114591148014186
420.03555770000094,0.0,0.0,0.0,-2.4120464899841546e-07,1.1023408016801643e-05,-0.0002264315059332761
420.0888621999984,0.0,0.0,0.0,1.6048424599940863e-05,-7.975004524168133e-06,-0.00024011006763142547
420.13372920000256,0.0,0.0,0.0,-6.1290928730988405e-06,6.510037580515379e-06,-0.00024582468769522846
420.1824848999968,0.0,0.0,0.0,-3.5039343663852894e-06,4.633907261867252e-06,-0.00023871622586645288
420.2400086999987,0.0,0.0,0.0,-5.767782404210092e-07,-7.6153243542569125e-06,-0.00022694018515433898
420.284585399997,0.0,0.0,0.0,2.806421371903187e-06,1.965050275466603e-06,-0.0002283953122300543
420.33476459999656,0.0,0.0,0.0,-4.619955295450627e-07,-1.5743879709618117e-06,-0.00024316250964928388
420.3859081999981,0.0,0.0,0.0,6.4138156126571246e-06,-8.880707984905324e-06,-0.00025822112773045555
420.43677000000025,0.0,0.0,0.0,-1.7875225636565666e-05,1.8315844419338333e-05,-0.00023430519769412125
420.4838049000027,0.0,0.0,0.0,-4.3558267882603835e-07,-1.1495812530537013e-06,-0.00023828734605280038
420.5341744999969,0.0,0.0,0.0,-6.327835899066531e-07,-1.1871632094649461e-05,-0.0002546519962289533
420.58791519999795,0.0,0.0,0.0,-1.8825444309846703e-07,1.3494133897789833e-05,-0.00025275756746113927
420.637524400001,0.0,0.0,0.0,-5.12390932859596e-07,-4.011390863879137e-06,-0.00024940782947282164
420.6845424999992,0.0,0.0,0.0,-6.053542869144724e-07,-7.676742859274476e-06,-0.000241346959963334
420.73306249999587,0.0,0.0,0.0,-2.715458559346392e-07,9.070566590204112e-06,-0.00023835310616096512
420.7859726000024,0.0,0.0,0.0,-5.206353042180579e-07,-1.0050031067226247e-05,-0.00023756119617642117
420.8363262999992,0.0,0.0,0.0,1.0251504392121075e-05,-3.4672972495455027e-07,-0.00024069375391955466
420.88538410000183,0.0,0.0,0.0,-4.09087371215043e-07,7.554157590168793e-07,-0.00023790873019621605
420.93493930000113,0.0,0.0,0.0,-2.288111811034983e-06,-1.260072059278199e-06,-0.00026430902482846416
420.98478339999565,0.0,0.0,0.0,1.3768648658333464e-06,8.176081805315674e-07,-0.0002397283179623182
421.03559790000145,0.0,0.0,0.0,-2.0971686202146052e-06,6.386856157706731e-06,-0.0002559450647648519
421.0875806999975,0.0,0.0,0.0,-9.380410473698578e-06,-1.0385604826560847e-06,-0.00024361133625275776
421.133800399999,0.0,0.0,0.0,1.0337750778347077e-05,-3.2628179776028204e-07,-0.00023812216218904958
421.1831495000006,0.0,0.0,0.0,-3.6229411050817827e-06,-3.293500486825019e-07,-0.00024339829046121734
421.23293209999974,0.0,0.0,0.0,-8.224756330952455e-06,-9.431839005830602e-06,-0.0002551139189112544
421.28838990000077,0.0,0.0,0.0,7.414102455161684e-06,1.2426807740440654e-05,-0.00023676263473729106
421.3322754999972,0.0,0.0,0.0,7.51748700649243e-06,-1.1158293697630874e-05,-0.00024332939840703116
421.38302359999943,0.0,0.0,0.0,-7.152159712424399e-06,5.790043495336787e-06,-0.00024776170602893523
421.4386175999971,0.0,0.0,0.0,-1.5735517979925888e-06,6.881094674637869e-06,-0.00023323776121458831
421.4863613999987,0.0,0.0,0.0,6.771151931223373e-07,-1.029993445209534e-05,-0.00025215971665198175
421.53608600000007,0.0,0.0,0.0,7.077419919949711e-06,-6.241599824558927e-06,-0.0002523261040955119
421.5872520999983,0.0,0.0,0.0,7.796405871899926e-07,7.756184225046103e-07,-0.00022960064650424028
421.6364496000024,0.0,0.0,0.0,-1.0262898945106065e-05,1.514367237911857e-05,-0.0002533257808505934
421.6848386999991,0.0,0.0,0.0,-8.11901829240444e-06,-2.0456099670142846e-06,-0.0002475634077977011
421.7371654000017,0.0,0.0,0.0,-4.118663967558784e-07,-5.85650703432427e-09,-0.00024095445910617282
421.7843930000017,0.0,0.0,0.0,1.0085963922560024e-05,-1.0891600755006791e-05,-0.0002516393843372189
421.8327636999966,0.0,0.0,0.0,-1.102853346194145e-05,7.979597318416054e-06,-0.0002379411110725282
421.8869454000014,0.0,0.0,0.0,1.5147209602020696e-05,-9.615323502785932e-06,-0.00023163015442539936
421.9348145999975,0.0,0.0,0.0,-8.585605248991874e-06,3.925234816697785e-07,-0.0002445751424231045
421.9843966999979,0.0,0.0,0.0,1.093597403518944e-06,8.43195067274528e-06,-0.0002362594750377105
422.0358570000026,0.0,0.0,0.0,-9.363545632249237e-06,-2.499832561238841e-07,-0.00024339838060747113
422.08757999999943,0.0,0.0,0.0,-4.800759267433199e-07,-3.553955271444503e-06,-0.00022941030316783864
422.13796580000053,0.0,0.0,0.0,-1.7695585173291262e-07,1.1937123892274582e-05,-0.00022473574948873122
422.1863088999962,0.0,0.0,0.0,1.007976854872769e-05,-1.4946975687988423e-05,-0.00023288468426057785
422.2347346000024,0.0,0.0,0.0,-3.4851956619968387e-06,4.8131931666624966e-06,-0.0002431663987733536
422.28571750000265,0.0,0.0,0.0,7.692449955194018e-06,-2.315265579675543e-06,-0.00025106799331166664
422.3369598999998,0.0,0.0,0.0,-8.461912464387064e-06,5.644255238344931e-06,-0.0002501329449214494
422.3873220999958,0.0,0.0,0.0,8.213332208420214e-06,-1.5671376484046825e-05,-0.0002573417921253552
422.43452239999897,0.0,0.0,0.0,-7.970412287534918e-06,8.762457617971806e-06,-0.0002418528586219286
422.48349210000015,0.0,0.0,0.0,-9.269361749109748e-06,4.384030123385455e-06,-0.0002496295394944426
422.5342698000022,0.0,0.0,0.0,-2.722486143789657e-07,6.6132040144990346e-06,-0.00024205599226629092
422.5886937999967,0.0,0.0,0.0,7.147046666963012e-06,-3.4725283477711682e-06,-0.00022801859593840303
422.63243829999556,0.0,0.0,0.0,7.412902754202471e-07,-6.736333892974023e-06,-0.00024860509129878916
422.68700009999884,0.0,0.0,0.0,-9.344721536771983e-06,1.9209752829333696e-06,-0.00023064338566711664
422.73630389999744,0.0,0.0,0.0,1.033086450881077e-05,-2.4008679715693566e-06,-0.00021844827215682108
422.78849479999917,0.0,0.0,0.0,4.547404621403593e-06,-3.5187974568613234e-06,-0.00023353585873739366
422.8333769000019,0.0,0.0,0.0,-1.6115714673112696e-05,3.1045146396873528e-06,-0.00022039009236304844
422.8844555999967,0.0,0.0,0.0,8.519871709257892e-06,-1.3176960622623562e-06,-0.00025450982591766205
422.93621059999714,0.0,0.0,0.0,1.3745781253791951e-06,1.6062345488801632e-07,-0.00023785489685066927
422.98646819999703,0.0,0.0,0.0,-1.1303126529085484e-05,-6.888824149873992e-06,-0.00025595410492914455
423.037951899998,0.0,0.0,0.0,-2.999915483971826e-07,1.1116776221648637e-05,-0.00024737758245076515
423.087838499996,0.0,0.0,0.0,-3.543055741525389e-07,1.0058899964460015e-06,-0.00022846544439286448
423.13469249999616,0.0,0.0,0.0,-3.4336602956876376e-07,4.359599272348836e-06,-0.00022031405415721543
423.18671480000194,0.0,0.0,0.0,-3.491558565196305e-07,-1.0721252470880377e-06,-0.000246656004689985
423.23447060000035,0.0,0.0,0.0,8.369893078977096e-06,-6.268389847246009e-06,-0.00023810070782195896
423.28642430000036,0.0,0.0,0.0,-1.6086341811825857e-06,5.637352849038895e-06,-0.00022459090690329377
423.33643769999617,0.0,0.0,0.0,-8.105148426449292e-06,-1.7730334528249138e-06,-0.00025048803141881735
423.3844657000009,0.0,0.0,0.0,1.0325344785071113e-05,-3.127846786548411e-06,-0.00023084948258939776
423.4383450999958,0.0,0.0,0.0,-2.3418992986173254e-06,-3.973936826118411e-06,-0.00025744957289190946
423.4817103000023,0.0,0.0,0.0,1.3335743743960699e-06,5.098375903797598e-08,-0.00025359899641669395
423.53388930000074,0.0,0.0,0.0,-1.1049153613720365e-05,9.400729055222878e-06,-0.00022227726527276545
423.58802840000135,0.0,0.0,0.0,1.0312501284084233e-05,-7.048729482212876e-06,-0.00022765395345436255
423.6349812999979,0.0,0.0,0.0,-1.1103624542803682e-05,4.340365848291461e-06,-0.0002244921109237703
423.6844990000027,0.0,0.0,0.0,-4.879349354643129e-07,-2.6466842736176137e-06,-0.00022475439355917052
423.73224969999865,0.0,0.0,0.0,1.9174189985906913e-05,-1.3289555658132612e-05,-0.0002282688715864029
423.7860925999994,0.0,0.0,0.0,-1.23477277309831e-05,1.1687240459634556e-05,-0.00023739661968687813
423.8366851999963,0.0,0.0,0.0,7.720652780861167e-06,-1.7963988830182541e-06,-0.0002462026207113133
423.8829427000019,0.0,0.0,0.0,-1.610849221563355e-05,5.704008877203514e-06,-0.00022336641729091386
423.9360583000016,0.0,0.0,0.0,1.6002377709901835e-05,-1.2016190969953335e-05,-0.00023617352295390233
423.9851178000026,0.0,0.0,0.0,-6.217337671748951e-06,3.617884789345466e-06,-0.00024471058130784857
424.0374396999978,0.0,0.0,0.0,-1.1271146129817722e-05,3.4919608178204454e-08,-0.00024018524744946274
424.0873558999956,0.0,0.0,0.0,1.0651141262625458e-05,9.342208772737948e-06,-0.00023304497441715722
424.13650139999663,0.0,0.0,0.0,-1.1142586267472868e-05,3.973384127527478e-06,-0.00024862640852075504
424.1873503999959,0.0,0.0,0.0,-4.5484231132135936e-07,-9.091106702441211e-07,-0.0002338334773792985
424.23561029999837,0.0,0.0,0.0,-5.046429066723408e-07,-6.181769512757568e-06,-0.00021962083305364686
424.2873061999999,0.0,0.0,0.0,7.292169834991755e-06,8.027792548786993e-07,-0.00021485665233906932
424.3358789999984,0.0,0.0,0.0,-8.120848611801215e-06,-1.532272769176628e-06,-0.00023181204861380514
424.38563740000245,0.0,0.0,0.0,8.453685156947666e-06,-7.289605925144567e-06,-0.0002513304811341699
424.4326785000012,0.0,0.0,0.0,-4.76997477604841e-07,-4.100700691563876e-07,-0.0002387194804315186
424.4877567000003,0.0,0.0,0.0,7.197656130807443e-06,-2.5216794977696e-06,-0.00023721248638899103
424.5377729999964,0.0,0.0,0.0,-1.700258385117699e-05,3.7571343508007276e-06,-0.00022952673954105486
424.5871335999982,0.0,0.0,0.0,1.053295644864828e-05,4.069158127723405e-06,-0.00023072284950692028
424.6344570000001,0.0,0.0,0.0,5.170588427543923e-06,-1.2075314076726692e-05,-0.00025544234953354575
424.68558669999766,0.0,0.0,0.0,-6.157433076827909e-06,9.074570459814962e-06,-0.00023139154874830985
424.7380899999989,0.0,0.0,0.0,-2.2086365078130156e-06,-1.2590714381590566e-07,-0.000247930407128293
424.7863163000002,0.0,0.0,0.0,1.3861234987810417e-06,7.634721076492602e-07,-0.00022649090510939985
424.83252650000213,0.0,0.0,0.0,-1.1069065114517372e-05,6.8429252149011325e-06,-0.0002153722142773123
424.88427070000034,0.0,0.0,0.0,8.548266049646433e-06,-6.371230879901914e-06,-0.00021008438003494097
424.93744219999644,0.0,0.0,0.0,-9.322660491661872e-06,7.529396088614289e-06,-0.00023348421672545125
424.9835737999965,0.0,0.0,0.0,9.825665521038862e-06,-8.126773084808838e-06,-0.00021795899417508395
425.0348207999996,0.0,0.0,0.0,-1.1123114342107555e-05,9.366569415872202e-06,-0.00025781055783260495
425.0859055999972,0.0,0.0,0.0,8.143863119634075e-06,-1.3521580934334991e-05,-0.0002554774799937901
425.13619579999795,0.0,0.0,0.0,1.2713323195116395e-06,-2.9441843480076996e-06,-0.0002648599919436352
425.18628929999977,0.0,0.0,0.0,5.28775361276522e-06,-1.5469050100933093e-06,-0.00027103832003443464
425.2343183999983,0.0,0.0,0.0,-7.974492433437873e-06,5.414560641765376e-06,-0.00025237589433378053
425.28544420000253,0.0,0.0,0.0,-8.998347272659286e-06,1.6009328281268795e-05,-0.0002527998723791156
425.3359651999999,0.0,0.0,0.0,-4.984657293882438e-07,-3.828146828582219e-06,-0.00025170653767576766
425.3861318999989,0.0,0.0,0.0,-7.04405278529346e-07,-1.273280809726712e-05,-0.0002506865766122123
425.4352135000008,0.0,0.0,0.0,1.7151681867682664e-05,-5.50322187846635e-06,-0.00024684063477147954
425.4859223999956,0.0,0.0,0.0,-1.798413862216447e-05,9.454920268653353e-06,-0.0002486811674212638
425.5357357999965,0.0,0.0,0.0,7.125025343168548e-06,-1.4112938146068575e-06,-0.000235693998119226
425.586464,0.0,0.0,0.0,-7.879347947505672e-06,5.612016800953166e-06,-0.00025057972697445287
425.63532639999903,0.0,0.0,0.0,-5.784867330705969e-07,-6.701478260423535e-06,-0.0002592377869387678
425.6848985999968,0.0,0.0,0.0,-6.594686738854555e-07,-1.2843554076838317e-05,-0.0002534549903980855
425.73337829999946,0.0,0.0,0.0,8.63010922250995e-06,1.3143300784353314e-05,-0.00024672985639919825
425.7882219999956,0.0,0.0,0.0,-9.306662390428535e-06,-6.9511196763786e-07,-0.0002575258026875183
425.8350978000017,0.0,0.0,0.0,-2.5177601057730687e-07,9.541103633299403e-06,-0.0002533516559132271
425.88453489999665,0.0,0.0,0.0,1.882552243066656e-05,-2.2275754513062244e-05,-0.0002508331013522113
425.93629409999994,0.0,0.0,0.0,-2.000027363201363e-05,1.0881361366589043e-05,-0.0002600751785341901
425.9855871999971,0.0,0.0,0.0,-1.6135753287090043e-07,1.4160427764460845e-05,-0.00024790146057994823
426.03482639999856,0.0,0.0,0.0,8.243044713078126e-06,-1.1914251262412596e-05,-0.0002448017032078769
426.087531899997,0.0,0.0,0.0,-9.239014138400028e-06,4.6556784211006924e-06,-0.0002511725730879527
426.13535129999946,0.0,0.0,0.0,-6.263412756990719e-07,-9.2513399328234e-06,-0.00023574026280891286
426.18573990000004,0.0,0.0,0.0,1.0234419002319585e-05,-2.3180683625896434e-06,-0.0002497933602903183
426.23578850000195,0.0,0.0,0.0,6.591450455440451e-06,6.241290801133437e-08,-0.00023940722548675272
426.28436800000054,0.0,0.0,0.0,-2.489140066699035e-06,-7.660859248735628e-07,-0.00023580302189489408
426.3344834000018,0.0,0.0,0.0,-1.597405476323907e-05,8.135892961850495e-06,-0.00022813750555569578
426.38494830000127,0.0,0.0,0.0,1.0405549707288235e-05,2.004947900912445e-07,-0.0002366917222528382
426.43956230000185,0.0,0.0,0.0,-1.1239975952565677e-05,-3.8826822139750745e-06,-0.0002612872922273376
426.4849036000014,0.0,0.0,0.0,-5.057512268922897e-07,-1.7643470816822954e-06,-0.00023404530311065577
426.5380116000015,0.0,0.0,0.0,-4.351736068679929e-07,2.4476581375001276e-06,-0.00022828156101294887
426.58328439999605,0.0,0.0,0.0,-4.3604249491783995e-07,-6.757657352943116e-06,-0.00025441864792444355
426.6376784000022,0.0,0.0,0.0,-2.4404383426165615e-07,1.2392911312957698e-05,-0.000238416647342762
426.6840435999984,0.0,0.0,0.0,-2.616090407250198e-07,7.28254629878354e-06,-0.0002403247948071687
426.7348985999997,0.0,0.0,0.0,-7.23108895839247e-07,-1.6305817751228448e-05,-0.00023299270430094087
426.78423610000027,0.0,0.0,0.0,1.0321998741063239e-05,1.791876069139966e-06,-0.00023182991107845437
426.8373496999993,0.0,0.0,0.0,4.416716579685652e-06,-5.769016060316056e-06,-0.000253555075396932
426.8848500000022,0.0,0.0,0.0,-1.581889936347178e-05,1.479012341956117e-05,-0.0002626179687741122
426.93503749999945,0.0,0.0,0.0,1.4912356730803275e-05,-1.526320792525681e-05,-0.0002475336872607651
426.9825436999963,0.0,0.0,0.0,-1.5930789027780807e-05,1.0562788633160566e-05,-0.0002595651344533937
427.0389408999981,0.0,0.0,0.0,1.0200600149288075e-05,-3.7995968510035767e-06,-0.00023629865552152012
427.0857363999967,0.0,0.0,0.0,-4.6577008535751107e-07,-2.5787214671087197e-06,-0.00023064949933694683
427.1336553000001,0.0,0.0,0.0,-3.2837874122714502e-06,1.1241646168679474e-05,-0.0002448473864841133
427.1861319000018,0.0,0.0,0.0,-8.067671847200151e-06,-5.588664330306753e-08,-0.0002597614081544117
427.23384400000214,0.0,0.0,0.0,-5.756572413015093e-07,-4.840466508016563e-06,-0.000238316565115306
427.2898994999996,0.0,0.0,0.0,-3.477485528760397e-07,4.495076101278805e-07,-0.0002325611251779454
427.3347328000018,0.0,0.0,0.0,-2.7195105071303206e-07,6.389440788698701e-06,-0.00023897630678352313
427.3847382000022,0.0,0.0,0.0,7.1141509968028425e-06,-3.568661802127607e-06,-0.0002442372984124393
427.43358499999886,0.0,0.0,0.0,-8.314536755734981e-06,-9.64191138797318e-06,-0.00023090038655624204
427.4836049000005,0.0,0.0,0.0,-7.420071801534931e-08,1.4391072994166387e-05,-0.00023522413833682918
427.5349292999963,0.0,0.0,0.0,1.0000249936327728e-05,-1.6654795182560135e-05,-0.00022962710926264894
427.5838414999962,0.0,0.0,0.0,-1.1128826988722884e-05,2.385136083946066e-06,-0.00024296633318495955
427.6312211999975,0.0,0.0,0.0,-1.5367279047352803e-07,1.326088426082008e-05,-0.00024332338063442157
427.68599820000236,0.0,0.0,0.0,-5.461100259606481e-07,-8.439498455306575e-06,-0.0002315544997416412
427.73592590000044,0.0,0.0,0.0,-4.619872093699782e-07,-6.37854134378162e-07,-0.00024217524791048662
427.7855741999956,0.0,0.0,0.0,-4.49244568313259e-07,5.645937632120086e-07,-0.00024470800245863486
427.83665699999983,0.0,0.0,0.0,7.283027889444535e-06,2.492154805952563e-06,-0.00025060936710437197
427.88515560000087,0.0,0.0,0.0,-8.210813070336662e-06,-4.654994174504343e-06,-0.00023622247620834404
427.93713359999674,0.0,0.0,0.0,1.0413173239461493e-05,1.2162810556992948e-06,-0.0002299885970543549
427.9850138999973,0.0,0.0,0.0,-1.1177686801436413e-05,3.324013323878093e-07,-0.00022881034582281502
428.0342512999996,0.0,0.0,0.0,-3.3298762162755254e-07,3.3879104699295585e-06,-0.0002459588757440521
428.0835311999981,0.0,0.0,0.0,7.174772277677696e-06,-2.4438853599781125e-06,-0.0002513786066890017
428.13760219999676,0.0,0.0,0.0,-8.11312612070793e-06,2.4717620322160024e-07,-0.00022841368408863644
428.1848389000006,0.0,0.0,0.0,8.424216967668403e-06,-5.698195321916398e-06,-0.0002471527353903288
428.23404219999793,0.0,0.0,0.0,6.230336488442736e-06,-6.202476448286502e-06,-0.0002460277444991346
428.2845687000008,0.0,0.0,0.0,-1.5965058827277258e-05,8.2341456611223e-06,-0.00024944880189943546
428.33796620000066,0.0,0.0,0.0,1.0122291246379948e-05,-7.109996836406567e-06,-0.0002538172770659833
428.38364290000027,0.0,0.0,0.0,-4.5575563687303463e-07,-4.335350061827346e-07,-0.00023854282010942054
428.43624779999664,0.0,0.0,0.0,4.5996517572356696e-06,1.3745037443957136e-06,-0.0002404576727659384
428.48913390000234,0.0,0.0,0.0,-1.600370869084204e-05,7.512266139327924e-06,-0.0002272863120980409
428.5382580000005,0.0,0.0,0.0,8.526860442401399e-06,-1.0748009887312233e-06,-0.00024273162268581718
428.5851402999979,0.0,0.0,0.0,-9.322790520423952e-06,2.628860036224871e-06,-0.0002361983878935768
428.63525800000207,0.0,0.0,0.0,-2.8304123695810105e-07,2.912421412704254e-06,-0.0002461144264170518
428.68582140000217,0.0,0.0,0.0,1.8746484326078276e-05,-2.3441416446387393e-05,-0.00024866019474371236
428.7361851999958,0.0,0.0,0.0,-1.9670762765398403e-05,2.4582468977466985e-05,-0.00025170117748203613
428.7860746000006,0.0,0.0,0.0,-4.708311431968269e-07,-4.278709900885564e-06,-0.00025335843383468147
428.83665219999966,0.0,0.0,0.0,-6.779365437732812e-07,-1.0129546418429745e-05,-0.00024378695833399868
428.8843695999967,0.0,0.0,0.0,1.0445334806035974e-05,5.539828580291879e-06,-0.00023890348748101486
428.93477110000094,0.0,0.0,0.0,-3.5413397465907545e-06,2.178867103426793e-06,-0.00025433208891787205
428.9896119999976,0.0,0.0,0.0,-3.3325571238323944e-07,3.298774327983679e-06,-0.00022697939499463372
429.0339873999983,0.0,0.0,0.0,8.271268045215353e-06,-1.3491207324384475e-05,-0.0002491138536591974
429.0829029000015,0.0,0.0,0.0,-5.239289148718235e-07,-3.4941509045776504e-06,-0.0002455938132306351
429.13528550000046,0.0,0.0,0.0,-1.6866198723435085e-05,8.024019092295764e-06,-0.00024968552985476085
429.1844932000022,0.0,0.0,0.0,8.64517942727738e-06,5.539675087210702e-06,-0.0002449014611347783
429.2337106999985,0.0,0.0,0.0,-5.629222423294863e-07,-5.163732701939e-06,-0.00024817337465251964
429.28413790000195,0.0,0.0,0.0,-3.8656196458970563e-07,2.18891318313827e-06,-0.00023457199645160514
429.3339597000013,0.0,0.0,0.0,9.905867108809655e-06,-2.1813808242929388e-05,-0.00025066046813165084
429.38600289999886,0.0,0.0,0.0,-1.9500660357558694e-05,3.2910567955056495e-05,-0.0002422655625391002
429.4386577999976,0.0,0.0,0.0,7.1137054653209476e-06,-8.506610040555768e-06,-0.00024231850624537455
429.4835526999959,0.0,0.0,0.0,-8.096156554662194e-06,-2.115905269382457e-09,-0.00023039920164325385
429.53395009999804,0.0,0.0,0.0,1.6015153251471343e-05,-9.385690808639256e-06,-0.00023394370121136888
429.5838201000006,0.0,0.0,0.0,-1.6747139492888026e-05,1.2709046899991799e-05,-0.0002220402647775744
429.6351824000012,0.0,0.0,0.0,8.340243876615842e-06,-1.0191199927930962e-05,-0.00022978992616963392
429.68599969999923,0.0,0.0,0.0,-9.016823615410557e-06,1.6353526627304753e-05,-0.00024432624394500797
429.7331529000003,0.0,0.0,0.0,-5.70640175137837e-07,-5.6718994739589895e-06,-0.00023214623785676903
429.78771119999874,0.0,0.0,0.0,1.0151529671780396e-05,-1.0660695751976126e-05,-0.00023594632233440435
429.8379494999972,0.0,0.0,0.0,-1.1077134213114502e-05,5.352725933895951e-06,-0.00021352425765655165
429.88712040000246,0.0,0.0,0.0,1.029559343281899e-05,-5.784267153369852e-06,-0.00022674484747377027
429.934986399996,0.0,0.0,0.0,-2.2027025762831277e-07,8.024704488363638e-06,-0.00022755860402588177
429.98712949999754,0.0,0.0,0.0,-5.382933114886126e-07,-5.7493394346795464e-06,-0.00024476915005618833
430.03534180000133,0.0,0.0,0.0,-1.1181511196764954e-05,-4.2255275284692856e-07,-0.00022395812160959472
430.08264220000274,0.0,0.0,0.0,7.420898154033956e-06,8.063639884457984e-06,-0.0002225696815534533
430.1358158000003,0.0,0.0,0.0,-8.102935494243854e-06,-2.8115138807011475e-07,-0.00021988548166903857
430.18651659999887,0.0,0.0,0.0,-5.463890995362989e-07,-5.788739543590781e-06,-0.00022496218282030427
430.2371039999998,0.0,0.0,0.0,-2.5360299880515714e-07,6.0157573257728085e-06,-0.00020541173473223975
430.2842469000025,0.0,0.0,0.0,7.2320994334413e-06,-4.217411198569397e-06,-0.0002084135426657055
430.33377910000127,0.0,0.0,0.0,2.7113706501695714e-06,-2.9497342049693253e-06,-0.0002061009096775103
430.3837707999992,0.0,0.0,0.0,4.66198089511826e-06,-3.209454100203445e-06,-0.00022043165693221755
430.43546349999815,0.0,0.0,0.0,-8.47878469885651e-06,6.085664380420615e-06,-0.00021845981057066859
430.4899888,0.0,0.0,0.0,-8.206987790176027e-06,-5.159572320577538e-06,-0.00021160320455535178
430.536211300001,0.0,0.0,0.0,8.630365930970677e-06,-6.84089191601739e-07,-0.0002259151745356711
430.5854876000012,0.0,0.0,0.0,7.121268323810822e-06,-5.657135015114433e-06,-0.0002581286134615156
430.63215720000153,0.0,0.0,0.0,-1.676130618570144e-05,1.4099653499162606e-05,-0.00023221257978639926
430.6861043999961,0.0,0.0,0.0,7.2156121077388795e-06,-1.8988674622546208e-07,-0.00022460481655792096
430.73488469999575,0.0,0.0,0.0,2.5505543708484768e-06,-7.2160537341670674e-06,-0.00024356616054700952
430.78310200000124,0.0,0.0,0.0,-1.1244916845822944e-05,-2.064389317547022e-06,-0.0002388187076948845
430.8344481000022,0.0,0.0,0.0,-7.665568526600755e-07,5.986577112065516e-07,-0.00021558495874474944
430.8877773999993,0.0,0.0,0.0,7.092473733594601e-06,5.938570330985335e-06,-0.00023368705485691526
430.93502250000165,0.0,0.0,0.0,-7.964751532326446e-06,4.483517789165372e-06,-0.0002550606779428436
430.9877953999967,0.0,0.0,0.0,-7.416525447681133e-07,-1.4816542228497884e-05,-0.0002519120108058447
431.0343256999986,0.0,0.0,0.0,8.476158304860987e-06,4.967195971940942e-06,-0.0002470664912657081
431.084469100002,0.0,0.0,0.0,-9.164831567965577e-06,5.10098880711069e-06,-0.0002585314378111023
431.13635729999805,0.0,0.0,0.0,-4.2925733430405125e-07,1.4140652518869498e-06,-0.0002457739474698266
431.1856209999969,0.0,0.0,0.0,-4.3816928347709047e-07,-6.703191945809074e-07,-0.0002492541789451501
431.2358233999985,0.0,0.0,0.0,-5.396832950483673e-07,-4.004439233281698e-06,-0.0002633282605136706
431.28471629999694,0.0,0.0,0.0,1.7034652333323528e-05,-7.751864707518905e-06,-0.000249744427514216
431.3395281999983,0.0,0.0,0.0,-9.300506496573269e-06,-1.1291564007687779e-07,-0.00026451497309026796
431.38737659999606,0.0,0.0,0.0,-4.729700417626122e-07,2.8048548303639417e-07,-0.00026801372192285775
431.43825610000204,0.0,0.0,0.0,-9.182156151058088e-06,6.1644239998832e-06,-0.0002763551138597374
431.4857583999983,0.0,0.0,0.0,-4.898663595164104e-07,7.368174850122258e-08,-0.0002442413341055253
431.5382573999959,0.0,0.0,0.0,1.0372581148651224e-05,2.300971639023509e-06,-0.0002533251022206768
431.5868088999996,0.0,0.0,0.0,-1.1119216342827194e-05,2.0791267506249057e-06,-0.0002658679117414929
431.6360471000007,0.0,0.0,0.0,-5.517946924198864e-07,-5.9103980107496525e-06,-0.0002461931442061382
431.6871114999958,0.0,0.0,0.0,-3.453605915526445e-07,6.491458741536111e-06,-0.0002488752247967957
431.7369622999977,0.0,0.0,0.0,-3.7375354125500255e-07,1.6079607246669338e-06,-0.0002506859660186393
431.784430599997,0.0,0.0,0.0,8.213120873963068e-06,-8.871907362204402e-06,-0.0002514206229289681
431.8334260999982,0.0,0.0,0.0,1.3132122450165085e-06,-2.7789039837367983e-06,-0.0002681827706116471
431.88595350000105,0.0,0.0,0.0,-3.5416225311232448e-06,2.313619019151084e-06,-0.00026810306735783736
431.9386250000025,0.0,0.0,0.0,-7.968428151041571e-06,4.8068554953108786e-06,-0.00025860529212637574
431.98462070000096,0.0,0.0,0.0,-5.324283785535492e-07,-6.402837999012377e-06,-0.00026994203944802515
432.0345517999958,0.0,0.0,0.0,-4.786078631821487e-07,1.4338277282745214e-06,-0.0002524426176898848
432.0846101999996,0.0,0.0,0.0,-1.6401847060358114e-07,1.1917534511218697e-05,-0.00025401815918304864
432.13360100000136,0.0,0.0,0.0,8.025175294941127e-06,-1.785690133932419e-05,-0.0002712022697781569
432.1887984999994,0.0,0.0,0.0,-9.13266956342326e-06,1.1046180014217089e-05,-0.00026230444710157667
432.2338439000014,0.0,0.0,0.0,-4.343975054105761e-07,-4.246044107110041e-08,-0.00024934506848916507
432.2849117000005,0.0,0.0,0.0,8.306464079666062e-06,-4.6893722423515435e-06,-0.0002681490117674983
432.33625729999767,0.0,0.0,0.0,-1.599829170389003e-06,7.143886448423765e-06,-0.00026455985057118254
432.38716459999705,0.0,0.0,0.0,7.332071785234989e-06,-1.3112467365720653e-05,-0.00026435897942730355
432.43547709999984,0.0,0.0,0.0,-1.6279292781785132e-05,-1.1070609570175353e-05,-0.0002502752713989857
432.48289179999847,0.0,0.0,0.0,1.6034224362948192e-05,4.993432012372205e-06,-0.0002462691616203097
432.5345606999981,0.0,0.0,0.0,-6.087964036218456e-06,6.4377976841989884e-06,-0.0002583347268190471
432.58418430000165,0.0,0.0,0.0,-1.0964949756536928e-05,9.083803859845392e-06,-0.00024484476638823735
432.634387099999,0.0,0.0,0.0,-3.1398854325515584e-07,2.3214616257822508e-06,-0.00024588802619846336
432.6829902000027,0.0,0.0,0.0,-6.231096238807326e-07,-8.045925368819337e-06,-0.00025473876521898465
432.73523879999993,0.0,0.0,0.0,-5.123064722616231e-07,-3.1391009390921486e-06,-0.0002446517916560723
432.7861062000011,0.0,0.0,0.0,7.333209718519258e-06,8.051327967892442e-06,-0.00023802726791401267
432.8360157999996,0.0,0.0,0.0,-5.822387668369651e-07,-6.928705406009746e-06,-0.0002469865135811429
432.8851951999968,0.0,0.0,0.0,-8.054407734865393e-06,8.970633828322943e-08,-0.00024421328134802063
432.93494569999893,0.0,0.0,0.0,-2.689014728544279e-07,5.892490014495601e-06,-0.00025896388760866687
432.9830656999984,0.0,0.0,0.0,-2.8812170797784926e-07,7.147834681402866e-06,-0.0002411206452995778
433.03361759999825,0.0,0.0,0.0,-4.879219598920469e-07,-4.482365450502173e-06,-0.00025679912713398215
433.08646829999634,0.0,0.0,0.0,-4.4294027070190253e-07,2.0817876598674044e-06,-0.00024172372034928364
433.1370222999976,0.0,0.0,0.0,-6.895728836459649e-07,-1.1849425328266887e-05,-0.00024369782140805518
433.1835324999993,0.0,0.0,0.0,1.0228321425502994e-05,-1.775049646229375e-06,-0.00026595337554227423
433.23407399999996,0.0,0.0,0.0,-1.1093665311028837e-05,4.11307823250924e-06,-0.00025614766351474887
433.2844374999986,0.0,0.0,0.0,-4.952967052718135e-07,-9.273057915330873e-07,-0.00023339055748222812
433.33475570000155,0.0,0.0,0.0,1.0122350923821019e-05,-9.113261128725504e-06,-0.00023728899268443115
433.3846487999981,0.0,0.0,0.0,-3.140925481055168e-06,1.706578973645792e-05,-0.00023383962325241255
433.4355323999989,0.0,0.0,0.0,-8.064912388275255e-06,-2.0882813807027457e-06,-0.00024385288943538339
433.4862635000027,0.0,0.0,0.0,-4.4561146738238943e-07,-1.9494307303191965e-06,-0.00024139145960441752
433.53513859999657,0.0,0.0,0.0,-3.451116122866868e-07,3.84358520907058e-06,-0.00023993485098338833
433.58341839999775,0.0,0.0,0.0,8.153265326763688e-06,-1.4429463918755803e-05,-0.0002487272772520886
433.634973799999,0.0,0.0,0.0,-9.046368634081085e-06,1.4183839308071261e-05,-0.0002587693810700897
433.6871131000007,0.0,0.0,0.0,9.859437687769457e-06,-1.7490388833922122e-05,-0.0002501975083858848
433.7375918999969,0.0,0.0,0.0,-1.0990116491340482e-05,6.9806052237715874e-06,-0.00026474864425350816
433.78705679999985,0.0,0.0,0.0,-4.6538027420695613e-07,-2.731891318302517e-07,-0.00026083597204536754
433.83512370000244,0.0,0.0,0.0,8.416241311572938e-06,-4.478738285698138e-07,-0.00025571317228103424
433.8882971999992,0.0,0.0,0.0,8.158863071219888e-06,-7.994642084534965e-06,-0.00026994403985965425
433.93452969999635,0.0,0.0,0.0,-1.7821575759615956e-05,1.5400009854098797e-05,-0.00027429390951926583
433.9833664999969,0.0,0.0,0.0,8.245124833038964e-06,-7.710535806971344e-06,-0.0002510458035909671
434.03473849999864,0.0,0.0,0.0,-9.097060858323666e-06,9.360128436937824e-06,-0.0002523541394978811
434.0842424000002,0.0,0.0,0.0,7.110314101801138e-06,-2.790549299448186e-06,-0.00024029333870770553
434.13672860000224,0.0,0.0,0.0,9.272949760846028e-06,-1.7226896966230336e-05,-0.00025276385067762
434.185974,0.0,0.0,0.0,-1.7776070337717507e-05,1.785497333228569e-05,-0.0002454938526328226
434.23348489999626,0.0,0.0,0.0,-5.397949898452725e-07,-7.737875422568914e-06,-0.00025058023078500366
434.2844025000013,0.0,0.0,0.0,7.1842604669201145e-06,1.6402136193810375e-06,-0.0002460037307580223
434.3358737000017,0.0,0.0,0.0,-7.956327579419858e-06,4.297971162264595e-06,-0.00024723897027499093
434.3873650000023,0.0,0.0,0.0,1.700459803470793e-05,-1.2732205218119581e-05,-0.00025829959633252316
434.4349832000007,0.0,0.0,0.0,-9.105137167863302e-06,8.137293009473708e-06,-0.0002341206240795665
434.4854437999966,0.0,0.0,0.0,-4.858083363483784e-07,-2.986591570397814e-06,-0.00024641327104760733
434.53419230000145,0.0,0.0,0.0,-9.026911845213632e-06,1.2998944672235063e-05,-0.00024369597392174438
434.58458480000263,0.0,0.0,0.0,1.0144729046567873e-05,-8.883619097315638e-06,-0.00023598030565647021
434.6346642999997,0.0,0.0,0.0,-1.1121751908613728e-05,3.5294289749466105e-06,-0.000246114415391402
434.6824830999976,0.0,0.0,0.0,7.102786851734744e-06,-5.152096060339642e-06,-0.00024001491409518662
434.73980719999963,0.0,0.0,0.0,2.6258829447407575e-06,-2.7798679574858496e-06,-0.00022511890627471804
434.7844641999982,0.0,0.0,0.0,-1.102620392565885e-05,4.8730952133483096e-06,-0.0002439954043851836
434.83547220000037,0.0,0.0,0.0,8.278447860753277e-06,-8.158720364400789e-06,-0.00023707864363856985
434.88971429999947,0.0,0.0,0.0,-1.6970466597052887e-06,9.121357259904793e-07,-0.00022952279868462317
434.93640179999784,0.0,0.0,0.0,-7.93054168691427e-06,6.988578817082849e-06,-0.0002544793050256829
434.98725459999696,0.0,0.0,0.0,8.516817321853454e-06,-3.0762025053799457e-07,-0.00025311493292145106
435.0337589999981,0.0,0.0,0.0,-9.291028505050792e-06,9.408778678982067e-07,-0.00024411202558706523
435.087675499999,0.0,0.0,0.0,-2.453787598954861e-07,6.846502768208415e-06,-0.00023592308360835033
435.13638560000254,0.0,0.0,0.0,-4.98635300012321e-07,-2.2971303149284125e-06,-0.00022162118047553095
435.18737079999846,0.0,0.0,0.0,-6.159489237687022e-07,-7.412307754237562e-06,-0.00021689340064560758
435.2344279999961,0.0,0.0,0.0,7.221338753043363e-06,-1.0611003454611791e-06,-0.00024293572703972807
435.28493439999875,0.0,0.0,0.0,-1.4780872517911566e-07,1.1099644195115383e-05,-0.00022869154356837732
435.3356349999958,0.0,0.0,0.0,-8.061814719990014e-06,-2.698402958757478e-06,-0.0002476989317291845
435.3872363999981,0.0,0.0,0.0,-5.367138023936484e-07,-1.5205810854156941e-06,-0.00022364958812014202
435.43371630000183,0.0,0.0,0.0,8.479797334391238e-06,-3.3625917518870367e-06,-0.00023868296812872727
435.4829752000005,0.0,0.0,0.0,8.126693633460698e-06,-1.214965405874816e-05,-0.000230340421498695
435.5334057,0.0,0.0,0.0,-9.074624804762451e-06,6.330898929684425e-06,-0.00023223825636603851
435.5850816999955,0.0,0.0,0.0,-9.391493926576736e-06,2.1965360227630938e-06,-0.00024270996759598784
435.6342108000026,0.0,0.0,0.0,8.432136984552338e-06,-7.462735532975388e-06,-0.00025001901348514186
435.6858399999983,0.0,0.0,0.0,1.590099757299703e-06,1.0514330136373742e-05,-0.0002474571196182523
435.73474179999903,0.0,0.0,0.0,-2.5025122372073956e-06,-1.0229088013231924e-05,-0.0002540817553122297
435.7846333999987,0.0,0.0,0.0,1.6502272972902904e-06,1.2576402057318156e-05,-0.00023372894295030955
435.8425683999958,0.0,0.0,0.0,5.0814851171434294e-06,-1.3685851124552395e-05,-0.00023641044456060382
435.8842231000017,0.0,0.0,0.0,-1.6745554860045652e-05,1.3820029692391578e-05,-0.00025422097326436004
435.933855700001,0.0,0.0,0.0,8.316557790806294e-06,-1.2019088163939099e-05,-0.0002486134494100998
435.98471150000114,0.0,0.0,0.0,1.3789286310709172e-06,2.5503814986361516e-06,-0.0002471165581380883
436.03546520000236,0.0,0.0,0.0,-1.1118425323483834e-05,-4.896571695981541e-07,-0.0002411468917862954
436.08451570000034,0.0,0.0,0.0,7.299678221160996e-06,5.754072368091846e-06,-0.0002177667519852411
436.13427399999637,0.0,0.0,0.0,-7.963324902432657e-06,5.358128387551895e-06,-0.00024002158442821262
436.18404569999984,0.0,0.0,0.0,-5.415282081639592e-07,-6.891665211042203e-06,-0.0002282270520563172
436.2350951999979,0.0,0.0,0.0,-3.3220181570973006e-07,4.927096287244922e-06,-0.00024096063971642068
436.2851073999991,0.0,0.0,0.0,7.288727255298223e-06,1.5253304766130668e-06,-0.0002314184211123865
436.3387969999967,0.0,0.0,0.0,-8.106122951760274e-06,-9.161693963348753e-07,-0.00022989147063030927
436.38308680000046,0.0,0.0,0.0,-6.460772674672047e-07,-1.4644289648310745e-05,-0.00022152315657655259
436.43536329999915,0.0,0.0,0.0,-1.903402066975155e-07,1.2362182051671897e-05,-0.00022995752769896347
436.48744160000206,0.0,0.0,0.0,1.6894567795265504e-05,-1.627417959786835e-05,-0.00023146201986301235
436.53563980000035,0.0,0.0,0.0,-1.791535335103818e-05,1.450765285851176e-05,-0.00020318820811631613
436.5829204999973,0.0,0.0,0.0,1.607198555152272e-05,-1.2546762718601927e-05,-0.00023934693069260982
436.63589830000274,0.0,0.0,0.0,-8.0493538207268e-06,7.560698387515039e-08,-0.00024191516053087632
436.6869635999974,0.0,0.0,0.0,8.314972969223255e-06,-2.6998388543604355e-06,-0.0002191317422131373
436.734266200001,0.0,0.0,0.0,-1.800586527267668e-05,7.733836336821644e-06,-0.00020639725340617043
436.7859041999982,0.0,0.0,0.0,-2.674020752312613e-07,6.875054696648761e-07,-0.00020643352894965746
436.8343093000003,0.0,0.0,0.0,1.0366919929993891e-05,6.976256255965233e-07,-0.00020420963044566628
436.88599819999945,0.0,0.0,0.0,-1.0978578469493519e-05,5.792423467232092e-06,-0.00020140997402268555
436.93681249999645,0.0,0.0,0.0,1.600638623804454e-05,-2.5214900917130177e-05,-0.00019481548298123285
436.98560200000065,0.0,0.0,0.0,-1.9542221821577393e-05,1.1068603443518853e-05,-0.000137118435036163
437.0365047000014,0.0,0.0,0.0,-7.611973254788209e-08,5.422986815233538e-06,-0.00013073198733212093
437.08544229999825,0.0,0.0,0.0,1.0363927467628311e-05,-4.755536408648305e-06,-0.00013764037480792988
437.13375390000147,0.0,0.0,0.0,-1.0830694229672199e-05,4.231877530247029e-06,-0.0001338813619198619
437.1834020000024,0.0,0.0,0.0,1.7172020457786033e-05,-1.0775931454406655e-05,-0.00014112502891914472
437.23763309999777,0.0,0.0,0.0,-1.7715762831194048e-05,7.673532602865083e-06,-0.0001371882056436618
437.2857254999981,0.0,0.0,0.0,-1.6023649535240573e-07,8.526839049095513e-07,-0.0001375614267835491
437.3379793999993,0.0,0.0,0.0,-1.9737837108111765e-07,9.748831950537615e-07,-0.00013419560629277395
437.38653049999994,0.0,0.0,0.0,1.0387706379812181e-05,-8.866455249278031e-08,-0.00013453714724763537
437.4355232000016,0.0,0.0,0.0,-1.0992116564912691e-05,-9.648810041115564e-06,-0.0001459584349564646
437.48551929999667,0.0,0.0,0.0,1.914524753447828e-05,-2.8891975051698987e-06,-0.00014156501884209145
437.53863190000266,0.0,0.0,0.0,-2.187039516510339e-06,2.1157078166109508e-06,-0.0001457206531015493
437.58646269999736,0.0,0.0,0.0,-1.9756196465945923e-07,1.6637266176705644e-06,-0.00014053304495882034
437.63437249999697,0.0,0.0,0.0,-1.7715636352077634e-07,2.341111417747907e-06,-0.00013828055999257985
437.6864975999997,0.0,0.0,0.0,-1.776097367135502e-05,-2.1946330871127248e-07,-0.00014428393447319684
437.73685079999996,0.0,0.0,0.0,-2.1013511916383833e-07,3.964775608720348e-06,-0.00013928598107641228
437.78664969999954,0.0,0.0,0.0,1.7172478550909445e-05,-6.8591127614806126e-06,-0.0001440557231325648
437.8364400999999,0.0,0.0,0.0,-2.688231508124019e-07,-2.636803373500083e-07,-0.00014709120375903985
437.8863140999965,0.0,0.0,0.0,-1.7691703613905614e-05,1.390198363018416e-06,-0.0001450085474930846
437.93666420000227,0.0,0.0,0.0,1.7221678519202843e-05,-6.071170361621997e-07,-0.0001424564474018178
437.9842000999997,0.0,0.0,0.0,-7.0929450669144645e-06,4.0342183120474345e-06,-0.00013978542552772183
438.03659699999844,0.0,0.0,0.0,8.406294675982324e-06,-1.2174778784995079e-05,-0.00015647529276293116
438.0858911999967,0.0,0.0,0.0,-2.706882676058704e-07,5.107337152925885e-07,-0.00015443350575818562
438.13530309999624,0.0,0.0,0.0,-2.6345978119913544e-07,1.7871833003080786e-07,-0.00015465095045583658
438.18929009999556,0.0,0.0,0.0,-2.6254769484105637e-07,1.0334261266710845e-07,-0.0001547480780915797
438.2347372000004,0.0,0.0,0.0,-2.622297344870434e-07,1.0931830439738097e-07,-0.00015482069822919344
438.28655779999826,0.0,0.0,0.0,-2.622977265186373e-07,1.0935846480848175e-07,-0.00015489221507469195
438.33367039999575,0.0,0.0,0.0,-2.6243826915398866e-07,1.091863333414159e-07,-0.00015496509764496928
438.3867181999958,0.0,0.0,0.0,-2.6258696892889994e-07,1.0906277821430319e-07,-0.0001550386282459774
438.4342589000007,0.0,0.0,0.0,-2.627344729664515e-07,1.08941755211255e-07,-0.0001551123241603068
438.48399410000275,0.0,0.0,0.0,-2.628809557303383e-07,1.0882158929056404e-07,-0.00015518603621595753
438.5374903999982,0.0,0.0,0.0,-2.6302702706002166e-07,1.0870128611850675e-07,-0.0001552597373185144
438.58977149999555,0.0,0.0,0.0,-2.631730610838399e-07,1.0858071055398344e-07,-0.0001553334271745468
438.6355842999983,0.0,0.0,0.0,-2.6331912639521145e-07,1.0845978876418732e-07,-0.00015540710742046603
438.6860455999995,0.0,0.0,0.0,-2.634652042652913e-07,1.0833860719465943e-07,-0.0001554807789910941
438.7355319999988,0.0,0.0,0.0,-2.6361132906334114e-07,1.0821715248165887e-07,-0.00015555444209956363
438.78542890000244,0.0,0.0,0.0,-2.6375741656022666e-07,1.080953314788801e-07,-0.00015562809661050656
438.83763739999995,0.0,0.0,0.0,-2.6390354072864845e-07,1.0797320768182742e-07,-0.00015570174261267202
438.8854191999999,0.0,0.0,0.0,-2.64049708593945e-07,1.0785085632331674e-07,-0.00015577538006386214
438.93477890000213,0.0,0.0,0.0,-2.641958616899474e-07,1.077281450621498e-07,-0.0001558490088309077
438.9868682000015,0.0,0.0,0.0,-2.643420455095658e-07,1.0760512887406001e-07,-0.0001559226290625357
439.0366040000008,0.0,0.0,0.0,-2.644882372844493e-07,1.074818353735868e-07,-0.00015599624056114586
439.08561550000013,0.0,0.0,0.0,-2.6463446593258725e-07,1.0735822654329474e-07,-0.00015606984349324706
439.1349818000017,0.0,0.0,0.0,-2.647806815741721e-07,1.0723430361138913e-07,-0.00015614343767014597
439.1850016000026,0.0,0.0,0.0,-2.6492692456114497e-07,1.0711004016252573e-07,-0.00015621702310290972
439.2392944000021,0.0,0.0,0.0,-2.650732082416442e-07,1.06985579672483e-07,-0.00015629059982260693
439.28868599999987,0.0,0.0,0.0,-2.6521947148704074e-07,1.0686070296196317e-07,-0.0001563641677737899
439.33274510000047,0.0,0.0,0.0,-2.653657895403096e-07,1.0673557829835347e-07,-0.00015643772697858903
439.38655239999935,0.0,0.0,0.0,-2.6551210067163677e-07,1.066101241212187e-07,-0.00015651127725054521
439.4357631000021,0.0,0.0,0.0,-2.6565841208665393e-07,1.0648433460842192e-07,-0.00015658481870511545
439.48697549999633,0.0,0.0,0.0,-2.6580476818740805e-07,1.0635830441749223e-07,-0.00015665835138222445
439.53757609999593,0.0,0.0,0.0,-2.6595114613026826e-07,1.0623190401436885e-07,-0.00015673187513978886
439.58737960000144,0.0,0.0,0.0,-2.660975200675195e-07,1.0610521943473001e-07,-0.00015680539002223766
439.63662040000054,0.0,0.0,0.0,-2.6624391002025216e-07,1.0597819679705804e-07,-0.00015687889592297334
439.6871390000015,0.0,0.0,0.0,-2.663903437567295e-07,1.0585091882283533e-07,-0.0001569523928752747
439.74111840000114,0.0,0.0,0.0,-2.665367926001275e-07,1.0572330335869832e-07,-0.0001570258809146976
439.7849500000011,0.0,0.0,0.0,-2.666832216651631e-07,1.0559534945149562e-07,-0.0001570993599235898
439.8357496999961,0.0,0.0,0.0,-2.6682971118261943e-07,1.0546710272476946e-07,-0.0001571728298841137
439.8891586999962,0.0,0.0,0.0,-2.6697616653444347e-07,1.0533849481378005e-07,-0.00015724629076971185
439.933824300002,0.0,0.0,0.0,-2.671226898499712e-07,1.0520961269362739e-07,-0.00015731974263357977
439.9879507000005,0.0,0.0,0.0,-2.672692227753114e-07,1.0508044697380701e-07,-0.0001573931854624475
440.035741599997,0.0,0.0,0.0,-2.6741574932312944e-07,1.0495091923933343e-07,-0.00015746661919860085
440.08903579999605,0.0,0.0,0.0,-2.6756230934842563e-07,1.0482109892050177e-07,-0.0001575400437753879
440.13351479999983,0.0,0.0,0.0,-2.6770886997198336e-07,1.0469091069982595e-07,-0.00015761345918173888
440.1855118999956,0.0,0.0,0.0,-2.6785548292713986e-07,1.045604701068408e-07,-0.00015768686542870492
440.2392994999973,0.0,0.0,0.0,-2.680020919311733e-07,1.0442968082622396e-07,-0.00015776026243640438
440.28568670000095,0.0,0.0,0.0,-2.6814872818731686e-07,1.0429856998050056e-07,-0.00015783365028918507
440.33691669999826,0.0,0.0,0.0,-2.6829535951440876e-07,1.0416710586963951e-07,-0.0001579070288405277
440.3848657999988,0.0,0.0,0.0,-2.6844200835953247e-07,1.0403534927844052e-07,-0.0001579803981747866
440.43693560000247,0.0,0.0,0.0,-2.685887136519315e-07,1.0390333089431574e-07,-0.00015805375829858716
440.4854020999992,0.0,0.0,0.0,-2.6873538833305326e-07,1.0377087062226572e-07,-0.00015812710906102395
440.5374337999965,0.0,0.0,0.0,-2.6888212715693127e-07,1.0363819644436162e-07,-0.00015820045056414353
440.58447049999813,0.0,0.0,0.0,-2.690288603731232e-07,1.0350515200319498e-07,-0.00015827378270365388
440.63463870000123,0.0,0.0,0.0,-2.6917560663638006e-07,1.0337174572851124e-07,-0.00015834710546399453
440.6864857999972,0.0,0.0,0.0,-2.6932238846739544e-07,1.0323806753111715e-07,-0.00015842041881849648
440.7397708999997,0.0,0.0,0.0,-2.69469177291283e-07,1.0310403033320217e-07,-0.000158493722778291
440.7839653999981,0.0,0.0,0.0,-2.6961597853530806e-07,1.0296969787394967e-07,-0.00015856701740110234
440.8358503999989,0.0,0.0,0.0,-2.697627967208573e-07,1.0283500411028587e-07,-0.00015864030261143378
440.8876939999973,0.0,0.0,0.0,-2.6990965900914504e-07,1.0270000469224657e-07,-0.00015871357824050485
440.93779959999665,0.0,0.0,0.0,-2.7005653001182393e-07,1.025646969872498e-07,-0.0001587868444881876
440.98411060000217,0.0,0.0,0.0,-2.7020339488654164e-07,1.0242898699057013e-07,-0.00015886010115021785
441.0384464000017,0.0,0.0,0.0,-2.70350286618591e-07,1.0229299445246931e-07,-0.00015893334837311095
441.08778059999895,0.0,0.0,0.0,-2.7049721887772806e-07,1.0215668580501813e-07,-0.00015900658612132872
441.1324270999976,0.0,0.0,0.0,-2.7064415430676127e-07,1.0202004173951096e-07,-0.00015907981430608744
441.19310060000134,0.0,0.0,0.0,-2.7079110085740304e-07,1.0188301912966934e-07,-0.00015915303288741373
441.2367804000023,0.0,0.0,0.0,-2.709380717110964e-07,1.01745690426272e-07,-0.0001592262419319062
441.2852255999969,0.0,0.0,0.0,-2.7108507479337685e-07,1.0160805177717976e-07,-0.00015929944135296067
441.33505709999736,0.0,0.0,0.0,-2.712320929633108e-07,1.0147002760801122e-07,-0.00015937263104623427
441.3864908999967,0.0,0.0,0.0,-2.7137912328670973e-07,1.0133170296357383e-07,-0.00015944581112940995
441.43535580000025,0.0,0.0,0.0,-2.715261800230586e-07,1.0119306375796996e-07,-0.00015951898162468018
441.4849744999956,0.0,0.0,0.0,-2.7167323764628623e-07,1.0105401391994268e-07,-0.00015959214244547394
441.535609999999,0.0,0.0,0.0,-2.7182032220049223e-07,1.0091470564881285e-07,-0.00015966529361174616
441.5870012000014,0.0,0.0,0.0,-2.71967415625661e-07,1.0077498291263658e-07,-0.00015973843508133037
441.63503409999976,0.0,0.0,0.0,-2.7211456722644824e-07,1.0063497704101958e-07,-0.00015981156680088654
441.6869471000027,0.0,0.0,0.0,-2.722617110510858e-07,1.0049462585470397e-07,-0.00015988468878601957
441.73677470000257,0.0,0.0,0.0,-2.724088852525649e-07,1.0035395062697286e-07,-0.00015995780101004889
441.7875587000017,0.0,0.0,0.0,-2.725560523048229e-07,1.002128660136183e-07,-0.00016003090353074311
441.83759389999614,0.0,0.0,0.0,-2.727032717604829e-07,1.0007148104766857e-07,-0.00016010399613710207
441.88410979999753,0.0,0.0,0.0,-2.728504687165661e-07,9.992974297913672e-08,-0.0001601770789935082
441.93400219999603,0.0,0.0,0.0,-2.729977392290459e-07,9.978765291212425e-08,-0.00016025015196664816
441.9827484999987,0.0,0.0,0.0,-2.7314500138635376e-07,9.964523479741368e-08,-0.00016032321510100382
442.0376318999988,0.0,0.0,0.0,-2.732922861403137e-07,9.950248398173352e-08,-0.0001603962684431768
442.0870364000002,0.0,0.0,0.0,-2.7343957472141106e-07,9.935935273083907e-08,-0.00016046931194211553
442.1356216999993,0.0,0.0,0.0,-2.7358690234881064e-07,9.921585614455452e-08,-0.0001605423454845449
442.1886872999967,0.0,0.0,0.0,-2.737342451848934e-07,9.90720818349942e-08,-0.0001606153691881667
442.2364622000023,0.0,0.0,0.0,-2.738816147616926e-07,9.892791602602748e-08,-0.00016068838291308685
442.28474650000135,0.0,0.0,0.0,-2.7402900464529486e-07,9.878342330463674e-08,-0.00016076138674146512
442.3347298000008,0.0,0.0,0.0,-2.7417638635842777e-07,9.863850905672052e-08,-0.00016083438065334676
442.3867726999961,0.0,0.0,0.0,-2.743238256335076e-07,9.849332133793865e-08,-0.0001609073645776126
442.43556720000197,0.0,0.0,0.0,-2.744712835936841e-07,9.834774341967607e-08,-0.0001609803384610113
442.4830598999979,0.0,0.0,0.0,-2.7461872076084504e-07,9.820181121271885e-08,-0.0001610533024057177
442.5327812999967,0.0,0.0,0.0,-2.7476622700644385e-07,9.805558300955835e-08,-0.0001611262563827828
442.58535490000213,0.0,0.0,0.0,-2.7491371746839106e-07,9.790891459036403e-08,-0.00016119920037452502
442.63578979999875,0.0,0.0,0.0,-2.750612408809467e-07,9.776196218452799e-08,-0.0001612721343276036
442.6874228000015,0.0,0.0,0.0,-2.752088091448137e-07,9.761460224617638e-08,-0.0001613450582175878
442.73643569999695,0.0,0.0,0.0,-2.7535636636481995e-07,9.746688813084111e-08,-0.00016141797204674617
442.78511479999725,0.0,0.0,0.0,-2.755039614015078e-07,9.73188482827629e-08,-0.00016149087576174305
442.83404190000147,0.0,0.0,0.0,-2.756515518716023e-07,9.717039485212191e-08,-0.00016156376945587866
442.8868624000024,0.0,0.0,0.0,-2.7579921647024255e-07,9.702167471935648e-08,-0.000161636653071345
442.9349054999984,0.0,0.0,0.0,-2.7594685952586375e-07,9.687253897541663e-08,-0.00016170952656826561
442.9827820999999,0.0,0.0,0.0,-2.760945088157109e-07,9.672299181302474e-08,-0.00016178239000212677
443.0359320999996,0.0,0.0,0.0,-2.7624220452861303e-07,9.657312700932516e-08,-0.00016185524324632312
443.0864135000011,0.0,0.0,0.0,-2.763899412154193e-07,9.642293265325187e-08,-0.0001619280864474095
443.1373214999985,0.0,0.0,0.0,-2.765376803568334e-07,9.627235048829676e-08,-0.00016200091943444842
443.1854940999983,0.0,0.0,0.0,-2.7668543959277986e-07,9.612139192250661e-08,-0.00016207374224739144
443.23476089999895,0.0,0.0,0.0,-2.76833201508882e-07,9.597003814707172e-08,-0.00016214655489069617
443.2841475999958,0.0,0.0,0.0,-2.769810198856005e-07,9.581836451100855e-08,-0.00016221935738651547
443.3369397999995,0.0,0.0,0.0,-2.771288291810908e-07,9.566628639423958e-08,-0.00016229214965497564
443.3824722999998,0.0,0.0,0.0,-2.772766707682902e-07,9.551385795499974e-08,-0.00016236493170269876
443.4345785999976,0.0,0.0,0.0,-2.7742456644382287e-07,9.536112299622971e-08,-0.0001624377035762927
443.4856176999965,0.0,0.0,0.0,-2.7757244387041125e-07,9.5207911756512e-08,-0.00016251046522475899
443.5378305999984,0.0,0.0,0.0,-2.7772034836715683e-07,9.505436001608961e-08,-0.00016258321664361074
443.58516029999737,0.0,0.0,0.0,-2.778682903054597e-07,9.490048734810635e-08,-0.00016265595780841282
443.6377741999968,0.0,0.0,0.0,-2.780162467137109e-07,9.474617943093926e-08,-0.00016272868872585158
443.68643399999564,0.0,0.0,0.0,-2.781642200786679e-07,9.459153568919012e-08,-0.00016280140937593708
443.7376221000013,0.0,0.0,0.0,-2.783122316227366e-07,9.443649944844513e-08,-0.00016287411975643193
443.7854815999963,0.0,0.0,0.0,-2.7846026684570144e-07,9.42810947280602e-08,-0.0001629468198518052
443.8356691000008,0.0,0.0,0.0,-2.7860830318535317e-07,9.412531258761243e-08,-0.00016301950969538405
443.8868053999977,0.0,0.0,0.0,-2.787563816029113e-07,9.396913851196962e-08,-0.00016309218922273927
443.93814810000185,0.0,0.0,0.0,-2.7890446594450266e-07,9.381258951211656e-08,-0.00016316485844944593
443.98571809999703,0.0,0.0,0.0,-2.790525896121737e-07,9.365567936189376e-08,-0.00016323751734882797
444.0361946999983,0.0,0.0,0.0,-2.792007452117535e-07,9.349838695185508e-08,-0.00016331016596308142
444.08262190000096,0.0,0.0,0.0,-2.793488811982962e-07,9.334066536402477e-08,-0.00016338280421675938
444.13614609999786,0.0,0.0,0.0,-2.794970994753996e-07,9.318265318370957e-08,-0.00016345543218525984
444.1842786999987,0.0,0.0,0.0,-2.79645268450053e-07,9.302412002066147e-08,-0.000163528049679972
444.2354811999976,0.0,0.0,0.0,-2.7979352592544175e-07,9.286533028525037e-08,-0.000163600656953893
444.285151600001,0.0,0.0,0.0,-2.7994179755854603e-07,9.270610762409836e-08,-0.00016367325383390136
444.3387416999976,0.0,0.0,0.0,-2.8009006066771435e-07,9.254648728344116e-08,-0.0001637458403377797
444.38657819999935,0.0,0.0,0.0,-2.8023837519187573e-07,9.238649507946203e-08,-0.00016381841648101627
444.4332265999983,0.0,0.0,0.0,-2.8038670387574624e-07,9.222611421012787e-08,-0.00016389098230139304
444.4856684999977,0.0,0.0,0.0,-2.805350513835239e-07,9.206535474986403e-08,-0.00016396353777670063
444.5324690999987,0.0,0.0,0.0,-2.8068343137196965e-07,9.190418059804608e-08,-0.0001640360828047877
444.58683200000087,0.0,0.0,0.0,-2.808318389338153e-07,9.174263350619583e-08,-0.00016410861743672747
444.63792880000256,0.0,0.0,0.0,-2.809802471659909e-07,9.158063524901615e-08,-0.00016418114167698788
444.68399659999704,0.0,0.0,0.0,-2.811287204238795e-07,9.141835429986232e-08,-0.00016425365550330008
444.7359785000008,0.0,0.0,0.0,-2.812772054651851e-07,9.125561961261367e-08,-0.0001643261590267411
444.78824619999796,0.0,0.0,0.0,-2.814256821495705e-07,9.109247978221232e-08,-0.00016439865218071355
444.8335633999959,0.0,0.0,0.0,-2.815742152059596e-07,9.092896315213715e-08,-0.00016447113490964703
444.8887343999959,0.0,0.0,0.0,-2.8172275876423416e-07,9.076499551831852e-08,-0.0001645436071802789
444.93383360000007,0.0,0.0,0.0,-2.8187134976053224e-07,9.060068959131358e-08,-0.00016461606899035122
444.98523439999553,0.0,0.0,0.0,-2.8201996577159414e-07,9.043599478974699e-08,-0.00016468852044868788
445.03706840000086,0.0,0.0,0.0,-2.821685782614494e-07,9.027085564571763e-08,-0.00016476096149314429
445.0837803999966,0.0,0.0,0.0,-2.823172286399052e-07,9.01053238443977e-08,-0.00016483339210591767
445.1389179999969,0.0,0.0,0.0,-2.824659073443625e-07,8.993938425353815e-08,-0.00016490581229811933
445.18456329999754,0.0,0.0,0.0,-2.8261461708094684e-07,8.977304784961295e-08,-0.0001649782220608646
445.2376221000013,0.0,0.0,0.0,-2.827633466563153e-07,8.96063248056448e-08,-0.0001650506213719589
445.2846234000026,0.0,0.0,0.0,-2.829120965996314e-07,8.9439197829696e-08,-0.00016512301032022
445.3394079999998,0.0,0.0,0.0,-2.830608822220815e-07,8.927164732812791e-08,-0.00016519538886566708
445.3871899000005,0.0,0.0,0.0,-2.8320968177893797e-07,8.91036663185884e-08,-0.00016526775695724957
445.4353778000004,0.0,0.0,0.0,-2.83358537716517e-07,8.893530343747784e-08,-0.00016534011456162067
445.48397329999716,0.0,0.0,0.0,-2.8350739531725836e-07,8.876656996135778e-08,-0.0001654124617898517
445.5343231000006,0.0,0.0,0.0,-2.8365627899784085e-07,8.859735857599797e-08,-0.0001654847986286019
445.5864588999975,0.0,0.0,0.0,-2.83805188241953e-07,8.842772586157017e-08,-0.00016555712497350874
445.63948150000215,0.0,0.0,0.0,-2.839541560415567e-07,8.825774715616788e-08,-0.0001656294408978143
445.683357599999,0.0,0.0,0.0,-2.8410310810330965e-07,8.808729556337719e-08,-0.00016570174642601513
445.73547049999615,0.0,0.0,0.0,-2.8425211214168813e-07,8.791648143140701e-08,-0.000165774041511417
445.78345940000145,0.0,0.0,0.0,-2.844011258905409e-07,8.774521192310343e-08,-0.00016584632625842212
445.8345580000023,0.0,0.0,0.0,-2.8455017388300176e-07,8.757353425557234e-08,-0.00016591860058040947
445.88742739999725,0.0,0.0,0.0,-2.8469926281091453e-07,8.740141320311219e-08,-0.00016599086439077676
445.93348519999563,0.0,0.0,0.0,-2.848483615010244e-07,8.722891530308226e-08,-0.00016606311784720128
445.98698039999726,0.0,0.0,0.0,-2.8499751207051777e-07,8.705597631776224e-08,-0.0001661353608652707
446.03630500000145,0.0,0.0,0.0,-2.8514668134038227e-07,8.68826586927232e-08,-0.00016620759350718494
446.0953972999996,0.0,0.0,0.0,-2.8529585979626646e-07,8.670881694750894e-08,-0.00016627981567747874
446.13622469999973,0.0,0.0,0.0,-2.854450850354021e-07,8.653462757412752e-08,-0.0001663520275182204
446.18770969999605,0.0,0.0,0.0,-2.855943279951524e-07,8.635997396434536e-08,-0.00016642422894062254
446.23424250000244,0.0,0.0,0.0,-2.857436172677264e-07,8.618494578288533e-08,-0.0001664964199357742
446.28746859999956,0.0,0.0,0.0,-2.858929204380245e-07,8.600945290964459e-08,-0.00016656860062139167
446.3342937999987,0.0,0.0,0.0,-2.860422437075757e-07,8.58335217362976e-08,-0.00016664077090420965
446.3855038999973,0.0,0.0,0.0,-2.861916282326142e-07,8.565717206922104e-08,-0.00016671293077308804
446.4353443,0.0,0.0,0.0,-2.8634100163829993e-07,8.548040634756886e-08,-0.00016678508031024847
446.48559650000243,0.0,0.0,0.0,-2.8649042938459556e-07,8.53031837763387e-08,-0.00016685721950453135
446.5381733999966,0.0,0.0,0.0,-2.8663989610375563e-07,8.512556816293324e-08,-0.00016692934840257755
446.58721700000024,0.0,0.0,0.0,-2.86789370169994e-07,8.494746626908555e-08,-0.00016700146690449874
446.6360141999976,0.0,0.0,0.0,-2.8693889419860684e-07,8.476896355070479e-08,-0.00016707357503911933
446.6848929999978,0.0,0.0,0.0,-2.8708843952348025e-07,8.45900146598313e-08,-0.00016714567280868724
446.73798839999654,0.0,0.0,0.0,-2.872379895673787e-07,8.441056853047373e-08,-0.0001672177602531873
446.787677399996,0.0,0.0,0.0,-2.873876107781759e-07,8.423079526664187e-08,-0.00016728983744804864
446.8354016000012,0.0,0.0,0.0,-2.8753723909765023e-07,8.40505089534159e-08,-0.0001673619043400451
446.8875177000009,0.0,0.0,0.0,-2.876869086779228e-07,8.386976939010893e-08,-0.0001674339608536485
446.93772270000045,0.0,0.0,0.0,-2.8783658874913174e-07,8.368862578310867e-08,-0.00016750600710212744
446.98665769999934,0.0,0.0,0.0,-2.8798632610996646e-07,8.350703399365699e-08,-0.00016757804316537767
447.03575529999944,0.0,0.0,0.0,-2.881360784093953e-07,8.33249770603174e-08,-0.00016765006898126537
447.08566459999565,0.0,0.0,0.0,-2.8828588847544373e-07,8.314248627225948e-08,-0.00016772208448979873
447.1352356999996,0.0,0.0,0.0,-2.884356937541498e-07,8.295952241688117e-08,-0.00016779408970879906
447.1847856000022,0.0,0.0,0.0,-2.8858555316942907e-07,8.27761585132783e-08,-0.0001678660847403513
447.2369649999964,0.0,0.0,0.0,-2.8873544704772404e-07,8.259230567955868e-08,-0.00016793806960001953
447.28663109999616,0.0,0.0,0.0,-2.888853563979919e-07,8.240800208606323e-08,-0.00016801004414793123
447.3372575999965,0.0,0.0,0.0,-2.8903529886898417e-07,8.2223222377715e-08,-0.00016808200850841664
447.3837248999989,0.0,0.0,0.0,-2.8918528986912565e-07,8.203802812967286e-08,-0.00016815396268812078
447.43745599999966,0.0,0.0,0.0,-2.8933529507283017e-07,8.185235933337057e-08,-0.00016822590666709276
447.48768969999946,0.0,0.0,0.0,-2.894853499095728e-07,8.166623632859098e-08,-0.00016829784058518824
447.5365896000003,0.0,0.0,0.0,-2.89635433024869e-07,8.147966889257804e-08,-0.00016836976424036527
447.5869642999969,0.0,0.0,0.0,-2.8978554856703017e-07,8.12926210070706e-08,-0.0001684416778568868
447.6339919999955,0.0,0.0,0.0,-2.8993568897259853e-07,8.110510827912582e-08,-0.0001685135812682253
447.684794599998,0.0,0.0,0.0,-2.900858777534853e-07,8.091715426964165e-08,-0.00016858547466753776
447.73565940000117,0.0,0.0,0.0,-2.902361051714534e-07,8.072874374119884e-08,-0.00016865735791050452
447.78751049999846,0.0,0.0,0.0,-2.9038633452641524e-07,8.053984014518826e-08,-0.00016872923111706397
447.8354954000024,0.0,0.0,0.0,-2.905366119098711e-07,8.035046842495973e-08,-0.00016880109431826002
447.8851921999958,0.0,0.0,0.0,-2.9068693336233005e-07,8.01606254981096e-08,-0.00016887294746080575
447.937608799999,0.0,0.0,0.0,-2.908373026869868e-07,7.997035609341414e-08,-0.00016894479048918466
447.9865342999983,0.0,0.0,0.0,-2.9098768406209387e-07,7.977959146905327e-08,-0.00016901662359439018
448.03626539999823,0.0,0.0,0.0,-2.9113811403393117e-07,7.958833390092104e-08,-0.00016908844667646924
448.0878719999964,0.0,0.0,0.0,-2.912885599504993e-07,7.939662342412938e-08,-0.00016916025979318126
448.1395249999987,0.0,0.0,0.0,-2.9143905573018383e-07,7.920441211166479e-08,-0.00016923206296226106
448.1887457999983,0.0,0.0,0.0,-2.915895871480401e-07,7.901175077243317e-08,-0.00016930385611044495
448.23861079999915,0.0,0.0,0.0,-2.917401423473547e-07,7.881861108485714e-08,-0.00016937563950197778
448.2877934999997,0.0,0.0,0.0,-2.9189073810509935e-07,7.862498725503025e-08,-0.00016944741298141342
448.33816300000035,0.0,0.0,0.0,-2.920413909704776e-07,7.843089365412252e-08,-0.00016951917654873638
448.3852104999969,0.0,0.0,0.0,-2.921920704948009e-07,7.823632014688373e-08,-0.00016959093028169026
448.4393048999991,0.0,0.0,0.0,-2.9234274923281415e-07,7.804121098026902e-08,-0.00016966267416475842
448.48863859999983,0.0,0.0,0.0,-2.9249353009856254e-07,7.784570671502216e-08,-0.00016973440828222026
448.538939799997,0.0,0.0,0.0,-2.926442946783036e-07,7.764965454318652e-08,-0.00016980613262308574
448.5839602999986,0.0,0.0,0.0,-2.9279511804846844e-07,7.74531098699802e-08,-0.00016987784718284436
448.6368011000013,0.0,0.0,0.0,-2.929459824606864e-07,7.725606883014731e-08,-0.00016994955197927579
448.6860563000009,0.0,0.0,0.0,-2.9309687672142563e-07,7.705858582782161e-08,-0.000170021247056797
448.7381974000018,0.0,0.0,0.0,-2.9324781061699744e-07,7.686059015354803e-08,-0.00017009293250199923
448.7858460999996,0.0,0.0,0.0,-2.9339879465545155e-07,7.666209138846522e-08,-0.00017016460820385053
448.83743089999916,0.0,0.0,0.0,-2.9354979731470523e-07,7.646308741065651e-08,-0.00017023627430004686
448.8864914000005,0.0,0.0,0.0,-2.937008530461459e-07,7.626363069999051e-08,-0.00017030793077945315
448.93610069999704,0.0,0.0,0.0,-2.9385191909585737e-07,7.6063601514829e-08,-0.00017037957766209634
448.98585319999984,0.0,0.0,0.0,-2.940030805425841e-07,7.586318080996188e-08,-0.00017045121502116782
449.03516809999564,0.0,0.0,0.0,-2.941542119516463e-07,7.566213304626925e-08,-0.0001705228428057191
449.08856989999913,0.0,0.0,0.0,-2.9430543179949364e-07,7.546065282987294e-08,-0.0001705944610822496
449.1380233000018,0.0,0.0,0.0,-2.9445669682451943e-07,7.525868709973503e-08,-0.00017066606993073645
449.1864063999965,0.0,0.0,0.0,-2.9460796863755456e-07,7.505617521843207e-08,-0.000170737669264619
449.2356527000011,0.0,0.0,0.0,-2.947593039701951e-07,7.485320366108853e-08,-0.00017080925925481733
449.2872626000026,0.0,0.0,0.0,-2.9491067563766107e-07,7.46496548436934e-08,-0.0001708808397459292
449.33554999999615,0.0,0.0,0.0,-2.9506209448354567e-07,7.44456688874993e-08,-0.00017095241096442497
449.3860792999985,0.0,0.0,0.0,-2.9521353188983443e-07,7.424110937698187e-08,-0.00017102397281929741
449.440308199999,0.0,0.0,0.0,-2.95365015310448e-07,7.403603463799893e-08,-0.00017109552536158983
449.4870005999983,0.0,0.0,0.0,-2.9551655224148346e-07,7.383046321911362e-08,-0.00017116706860683789
449.53532070000074,0.0,0.0,0.0,-2.956681396991907e-07,7.362440165913733e-08,-0.00017123860265052333
449.58536399999866,0.0,0.0,0.0,-2.9581975615571586e-07,7.341783549688933e-08,-0.0001713101274771229
449.6379670000024,0.0,0.0,0.0,-2.9597140686333647e-07,7.321067144113231e-08,-0.00017138164312216258
449.6852938000011,0.0,0.0,0.0,-2.961230989512567e-07,7.300302900350271e-08,-0.00017145314963004039
449.7373093999995,0.0,0.0,0.0,-2.962748635881969e-07,7.279489099952988e-08,-0.00017152464700072895
449.7890180999966,0.0,0.0,0.0,-2.9642664100455074e-07,7.258619004254089e-08,-0.00017159613534752736
449.83384769999975,0.0,0.0,0.0,-2.9657847169291296e-07,7.237697074003887e-08,-0.00017166761458380016
449.88432920000196,0.0,0.0,0.0,-2.967303596712928e-07,7.216724381805495e-08,-0.000171739084931588
449.94161339999846,0.0,0.0,0.0,-2.9688226213575884e-07,7.19569236884008e-08,-0.00017181054625770581
449.9861868000007,0.0,0.0,0.0,-2.970342333391721e-07,7.174615432902201e-08,-0.00017188199866423998
450.035901999996,0.0,0.0,0.0,-2.9718625464665194e-07,7.153484637989606e-08,-0.0001719534422089422
450.08695089999674,0.0,0.0,0.0,-2.9733829861946326e-07,7.132294154660666e-08,-0.00017202487685187142
450.13693369999964,0.0,0.0,0.0,-2.974904025753836e-07,7.11105476857475e-08,-0.0001720963027350985
450.18573379999725,0.0,0.0,0.0,-2.976425418231894e-07,7.08975732059812e-08,-0.00017216771982090165
450.234681599999,0.0,0.0,0.0,-2.9779471336576113e-07,7.068410811667566e-08,-0.0001722391281958774
450.28722359999665,0.0,0.0,0.0,-2.979469695465323e-07,7.04700785231732e-08,-0.0001723105278533205
450.333452400002,0.0,0.0,0.0,-2.9809924638249035e-07,7.025546310761535e-08,-0.00017238191880439123
450.3856252999976,0.0,0.0,0.0,-2.982515685971875e-07,7.004040029887496e-08,-0.00017245330122003658
450.4416988000012,0.0,0.0,0.0,-2.984039547096534e-07,6.98246921173781e-08,-0.0001725246750358547
450.4859675999978,0.0,0.0,0.0,-2.9855636153113146e-07,6.960848924969403e-08,-0.00017259604033847595
450.53761429999577,0.0,0.0,0.0,-2.987088494236512e-07,6.939175575803364e-08,-0.00017266739708787936
450.58805510000093,0.0,0.0,0.0,-2.9886135663586325e-07,6.917438351898584e-08,-0.00017273874543511522
450.6358123999962,0.0,0.0,0.0,-2.9901392172774494e-07,6.895654842066757e-08,-0.00017281008542455075
450.68520320000243,0.0,0.0,0.0,-2.9916653036029156e-07,6.873809998659734e-08,-0.00017288141702067778
450.73684669999784,0.0,0.0,0.0,-2.993192127649187e-07,6.851914936497664e-08,-0.00017295274031894399
450.7909819999986,0.0,0.0,0.0,-2.994718979398252e-07,6.829959753856727e-08,-0.00017302405538380998
450.8360767999984,0.0,0.0,0.0,-2.9962467796607803e-07,6.807949682269111e-08,-0.00017309536225293848
450.8863638999974,0.0,0.0,0.0,-2.9977747055924173e-07,6.785884696437369e-08,-0.00017316666097525358
450.9358032000018,0.0,0.0,0.0,-2.999303482352881e-07,6.763760383690078e-08,-0.00017323795157511652
450.98879750000197,0.0,0.0,0.0,-3.000832336992904e-07,6.741576475003246e-08,-0.00017330923408590362
451.0353621999966,0.0,0.0,0.0,-3.002362277857333e-07,6.7193481265913e-08,-0.00017338050868293385
451.08938959999796,0.0,0.0,0.0,-3.003892171685845e-07,6.697045788366365e-08,-0.00017345177516870042
451.1349332000027,0.0,0.0,0.0,-3.0054228492038043e-07,6.674697256489462e-08,-0.00017352303382733557
451.18691460000264,0.0,0.0,0.0,-3.0069540814548146e-07,6.652290104475871e-08,-0.00017359428461223515
451.2369871999981,0.0,0.0,0.0,-3.0084857606694125e-07,6.629823859500388e-08,-0.00017366552755671558
451.28575419999834,0.0,0.0,0.0,-3.010017773440906e-07,6.607296618349669e-08,-0.00017373676273628322
451.3331967999984,0.0,0.0,0.0,-3.0115507249238374e-07,6.584717066268408e-08,-0.00017380799021971406
451.3880258999998,0.0,0.0,0.0,-3.0130838791430697e-07,6.562078397470877e-08,-0.00017387921013586291
451.4376331999956,0.0,0.0,0.0,-3.0146177790451376e-07,6.539381219459104e-08,-0.00017395042239586294
451.4854276999977,0.0,0.0,0.0,-3.016151930517847e-07,6.516620750554824e-08,-0.00017402162706415316
451.5359968999983,0.0,0.0,0.0,-3.0176866766646904e-07,6.493804250265615e-08,-0.00017409282434720176
451.58841389999725,0.0,0.0,0.0,-3.0192223167478063e-07,6.470930283662872e-08,-0.00017416401412285762
451.63703800000076,0.0,0.0,0.0,-3.020758052816698e-07,6.447997494917204e-08,-0.00017423519658881303
451.68540159999975,0.0,0.0,0.0,-3.022294657995759e-07,6.425002485196963e-08,-0.00017430637181827443
451.7357680999994,0.0,0.0,0.0,-3.023831817408136e-07,6.401951885360447e-08,-0.00017437753970690655
451.78467819999787,0.0,0.0,0.0,-3.0253693536383814e-07,6.378837970025933e-08,-0.00017444870046123004
451.83889890000137,0.0,0.0,0.0,-3.0269074993987727e-07,6.355662827810629e-08,-0.00017451985404347539
451.8849986999994,0.0,0.0,0.0,-3.028446108840753e-07,6.332430368991885e-08,-0.00017459100063573117
451.9335484999974,0.0,0.0,0.0,-3.029985611178879e-07,6.309139291461613e-08,-0.0001746621401913297
451.98418149999634,0.0,0.0,0.0,-3.0315254203620443e-07,6.285781567002451e-08,-0.0001747332727414131
452.03553739999916,0.0,0.0,0.0,-3.033065926524268e-07,6.262369373932478e-08,-0.00017480439844581383
452.0908541000026,0.0,0.0,0.0,-3.0346069101197616e-07,6.2388909894146e-08,-0.0001748755173622878
452.13577390000137,0.0,0.0,0.0,-3.0361485004034325e-07,6.215354896035476e-08,-0.00017494662953522908
452.1875605999958,0.0,0.0,0.0,-3.0376908601815906e-07,6.191755419196536e-08,-0.00017501773500237282
452.23509979999653,0.0,0.0,0.0,-3.039233495034388e-07,6.168097134209495e-08,-0.0001750888339702633
452.28970590000245,0.0,0.0,0.0,-3.040776927051808e-07,6.144372648681457e-08,-0.00017515992631895227
452.33925920000183,0.0,0.0,0.0,-3.042320900900609e-07,6.120590322125445e-08,-0.00017523101225718174
452.38350509999873,0.0,0.0,0.0,-3.043865593374095e-07,6.096742690359375e-08,-0.00017530209179604067
452.4357777999976,0.0,0.0,0.0,-3.0454108019427045e-07,6.072831195905377e-08,-0.00017537316491556286
452.48936339999636,0.0,0.0,0.0,-3.046956450754004e-07,6.048859667403421e-08,-0.00017544423180449172
452.5360070000024,0.0,0.0,0.0,-3.0485030512919675e-07,6.024826441059385e-08,-0.00017551529256492235
452.583590000002,0.0,0.0,0.0,-3.050050242583884e-07,6.000728041447303e-08,-0.0001755863470636617
452.63552450000134,0.0,0.0,0.0,-3.051597696919971e-07,5.97656188717606e-08,-0.00017565739556053286
452.68710529999953,0.0,0.0,0.0,-3.0531460883426934e-07,5.952341761303931e-08,-0.00017572843821756233
452.73735560000205,0.0,0.0,0.0,-3.0546949513252457e-07,5.9280497035677215e-08,-0.00017579947489046986
452.7852933999966,0.0,0.0,0.0,-3.056244597266905e-07,5.9036977813683093e-08,-0.00017587050577462225
452.8393389999983,0.0,0.0,0.0,-3.0577948738184226e-07,5.879279606471482e-08,-0.000175941530961074
452.8835044000007,0.0,0.0,0.0,-3.059345766646008e-07,5.854796708469024e-08,-0.00017601255040097607
452.9371597999998,0.0,0.0,0.0,-3.0608971887965827e-07,5.8302492946567424e-08,-0.00017608356430527845
452.9844107999961,0.0,0.0,0.0,-3.062449479322052e-07,5.80563699045779e-08,-0.00017615457272724186
453.037356599998,0.0,0.0,0.0,-3.064002271523573e-07,5.780959823286395e-08,-0.00017622557571796935
453.0882120000024,0.0,0.0,0.0,-3.0655558544059497e-07,5.756218166446255e-08,-0.0001762965734328663
453.1383666999973,0.0,0.0,0.0,-3.067109904856118e-07,5.731410116172545e-08,-0.0001763675658608601
453.1835424000019,0.0,0.0,0.0,-3.068664872059247e-07,5.706535278160885e-08,-0.0001764385531462397
453.23758319999615,0.0,0.0,0.0,-3.070220417613911e-07,5.681594280583136e-08,-0.00017650953531123985
453.286342899999,0.0,0.0,0.0,-3.071776519880715e-07,5.6565842982244394e-08,-0.00017658051247132668
453.3381064999994,0.0,0.0,0.0,-3.0733335991365727e-07,5.631512686439395e-08,-0.00017665148470861626
453.3862556999957,0.0,0.0,0.0,-3.074890969173239e-07,5.606368220778009e-08,-0.0001767224521519606
453.43491509999876,0.0,0.0,0.0,-3.076449450964103e-07,5.581164958608304e-08,-0.00017679341486345296
453.48618179999903,0.0,0.0,0.0,-3.0780084469689036e-07,5.555887312871432e-08,-0.00017686437290532564
453.537167399998,0.0,0.0,0.0,-3.0795680426415047e-07,5.5305420311035335e-08,-0.00017693532643299958
453.58691440000257,0.0,0.0,0.0,-3.0811284218183427e-07,5.5051311910778275e-08,-0.00017700627546644163
453.6366734999974,0.0,0.0,0.0,-3.082689649270362e-07,5.4796532777332076e-08,-0.00017707722013665298
453.68428129999666,0.0,0.0,0.0,-3.0842513491064014e-07,5.4541044473396364e-08,-0.00017714816059243892
453.736175799997,0.0,0.0,0.0,-3.0858141892569185e-07,5.4284918554442296e-08,-0.00017721909684039781
453.7922524000023,0.0,0.0,0.0,-3.0873772649622584e-07,5.402799649561761e-08,-0.00017729002893834882
453.83369390000007,0.0,0.0,0.0,-3.088941441557829e-07,5.377049822229814e-08,-0.00017736095719262762
453.8869792999976,0.0,0.0,0.0,-3.090506177363029e-07,5.351223309355449e-08,-0.00017743188152113352
453.9391678999964,0.0,0.0,0.0,-3.092071813766523e-07,5.325331271947891e-08,-0.00017750280198156317
453.98719880000135,0.0,0.0,0.0,-3.093638049950089e-07,5.2993636264800996e-08,-0.00017757371877378798
454.0348664999983,0.0,0.0,0.0,-3.095205158433822e-07,5.273331624489178e-08,-0.00017764463201102188
454.08539539999765,0.0,0.0,0.0,-3.096772843299345e-07,5.2472268652384254e-08,-0.00017771554182430098
454.1354771999977,0.0,0.0,0.0,-3.0983415117297587e-07,5.221049138952845e-08,-0.00017778644820692755
454.18872259999625,0.0,0.0,0.0,-3.0999109435427744e-07,5.1948041735712906e-08,-0.0001778573512899255
454.2365262999956,0.0,0.0,0.0,-3.101480958568817e-07,5.168484985522865e-08,-0.00017792825121320212
454.285804799998,0.0,0.0,0.0,-3.103051940525947e-07,5.142097885748762e-08,-0.00017799914809440412
454.33616880000045,0.0,0.0,0.0,-3.104623745825107e-07,5.1156369319474576e-08,-0.0001780700420423485
454.3848596000025,0.0,0.0,0.0,-3.1061961629830493e-07,5.089099454478579e-08,-0.00017814093307703946
454.43899919999967,0.0,0.0,0.0,-3.10776940215773e-07,5.062494055520119e-08,-0.000178211821382752
