t,wl,wr
0.5810321999961161,-0.00015722336676047066,-0.0007957443777367797
0.6048187999986112,-0.00015436502097658793,-0.0005582457926491344
0.7250402999998187,-0.00013008035920675972,-0.0005515209065868481
0.7463156000012532,-0.00015024836031411526,-0.0005831788692033798
0.7950214000011329,-0.00016121034746695688,-0.0005824105840642048
0.843496800000139,-0.0001540830054621612,-0.0005894720845900866
0.8956462999994983,-0.00025064749181995976,-4.62046678466265e-05
0.9432914999997593,-0.00027109591325318814,-8.928698322918007e-05
0.9965124000009382,-0.0003110975736521902,5.682387422865992e-06
1.0442126999987522,-0.00031664585021632063,1.309409598989203e-06
1.0956335000009858,-0.0003751504372860263,-3.563697966716197e-05
1.1431500999970012,-0.0004380121416366202,-0.0004351165470905694
1.1928610999966622,-0.0004587039202354275,-0.00041831088838848807
1.2438556999986758,-0.00047588014579868734,-0.00041406603407974477
1.2935617999974056,-0.0004533526088655611,-0.000383469922062421
1.343917500002135,-0.00021371545262159958,-0.0006296735088858785
1.3947782999966876,-0.00021193816966286628,-0.0006070668675971846
1.4426926000014646,-0.00021710179442953765,-0.0006007118756420563
1.4922730999969644,-0.00021253124150581547,-0.0005881681099462226
1.5433053000015207,-0.00019615326058381298,-0.000594526957465885
1.591875699996308,-0.00014411267509149614,-0.0005391200392830007
1.6437863999963156,-0.0001236454204165215,-0.0005329515469609664
1.6947765000004438,-0.00013295978690634113,-0.0005585139075941207
1.7454833000010694,-0.00016469910095322574,-0.0005679600248813246
1.7934607999995933,-0.00011949094934485747,-0.0005769843847502047
1.844122199996491,-0.00011915083576367853,-0.0005855332183657056
1.8950256999960402,-0.0001278782801476922,-0.0006025763001254869
1.9466490999984671,-0.00014931592038597733,-0.0004954139885482662
1.9940007999975933,-0.00013408841230193476,-0.0005283077953588997
2.044394700002158,-0.00012498090080652243,-0.0006035649874017784
2.0929493000003276,-0.0002836317488462081,-1.2086709873596063e-05
2.1437471000026562,-0.0003709602109140539,3.5371310786142736e-05
2.195239599997876,-0.0003224590703172761,5.4756444756318444e-06
2.2437998999957927,-0.0003256536559698014,4.3184551029759135e-06
2.3018251999965287,-0.00032493753519993366,5.095211906981321e-06
2.3514589999977034,-0.00039270944265886555,3.0511469746380574e-05
2.398703899998509,-0.00023561244817733743,-0.0007010476784047443
2.445271299999149,-0.0002758549251192611,-0.0006232097500485039
2.4961201999976765,-0.0002893251175067183,-0.0006090863534709174
2.5485964999970747,-0.00028415095414477675,-0.0006163859903941371
2.5999058000015793,-0.0002855437708771693,-0.0006089219292685816
2.647294900001725,-0.00029542622281950476,-0.0005824124120491755
2.7027072999990196,-0.00031157088363441797,-0.0006249808721988416
2.751003400000627,-0.0003138592858020946,-0.0008212553637432454
2.7969054999994114,-0.0004187469462378704,-2.4902137344112628e-05
2.847725300001912,-0.00025997392218100337,-0.0006027205212016607
2.90408419999585,-0.00023589190545173798,-0.0017751301940115494
2.9474390999967,-0.0002665520084237593,-4.4619555978764425e-05
3.000454599998193,-0.0002860801276164007,-0.0006008288553851282
3.0505791999967187,-0.00030483618437132095,-0.0006139562766801548
3.096918299997924,-0.00028060463006686527,-0.0006312523820021274
3.1470685999956913,-0.000424831153938123,-0.0005529223161536992
3.1971976999993785,-0.0002967811081188379,-0.0006364730679734224
3.245659899999737,-0.00030458165198799935,-0.0006156339082869951
3.2941368999963743,-0.00035119563567468574,-0.0005957503107074289
3.3422592999995686,-0.0003623192543282765,-0.0006350922509436231
3.392331600000034,-0.00030979982126901095,-0.0006398854256732745
3.445145500001672,-0.0003523854743303277,-0.0005553432579130105
3.493195499999274,-0.0003996808293442339,-0.000627442651361775
3.544941899999685,-0.000286422594911375,-0.0006199564171133642
3.593186500002048,-0.0003296167043587412,-0.0006136464927632537
3.6434602000008454,-0.0003563135173013464,-0.000585093234481395
3.6945309000002453,-0.00034223676593906743,-0.0006090032543441728
3.743850699996983,-0.0002933271593562225,-0.0005764869954589686
3.7929641000009724,-0.00031662819975961294,-0.0006664143772539319
3.843566899995494,3.1752757315845604e-07,-0.0007902443020607913
3.901545399996394,-3.472618936889703e-05,-0.0008029467819132556
3.94828779999807,6.631626974559216e-07,-0.0007543470010217255
3.9963601999988896,-1.0994045564335811e-05,-0.0007450453438298662
4.0452049000014085,-0.00035339539707307234,0.0014642813969474918
4.0995410999967135,-0.0006335101090270264,3.0794830749217266e-06
4.144777499997872,-0.0006283855112912557,2.1243248017090646e-05
4.197209099998872,-0.0007263359489127752,3.153583718411891e-05
4.2530609000023105,-0.000748498824218833,-0.00010980209839756446
4.301902899998822,-0.0006301721207888491,-7.852912991797817e-06
4.3534617999976035,-0.0002768367215226833,-0.0006193354086326111
4.403518499995698,-0.00038833689930835026,-0.0005422750112330297
4.452790299998014,-0.00031357703507272993,-0.0006419078723084052
4.504233400002704,-0.00047947564101924575,-0.0004757885832820309
4.544282800001383,-5.8634367035078154e-05,-0.0007939014658901241
4.592373899999075,-1.3405065755079817e-05,-0.000805045219279245
4.642246999996132,-0.00040610743049900353,-0.0005194292223130153
4.693334899995534,-0.00038865654859932816,-0.0005409858470070469
4.744081600001664,-0.00039822887046744615,-0.0005344725546474875
4.792045700000017,-0.0003151025674233924,-0.0005851118107125299
4.843620400002692,-0.0006681860214931968,-0.0001789011634172939
4.892031499999575,-3.90754009850947e-05,-0.00030836703449111557
4.944293299995479,-2.6623246355672545e-05,-0.0008050087667504888
4.996003000000201,-3.1544122336327176e-06,-0.000808958282725594
5.049359799995727,-3.329127381446455e-05,-0.0006251312994061648
5.096311799999967,-0.0001611779398099541,-0.00034699153036193037
5.149345400001039,-0.00030453650837783847,-0.0005552900055676385
5.1953123999992386,-0.00017050642084572197,-0.0006459527764420693
5.246245000002091,-0.00019739746216569117,-0.0006443597286837693
5.295187099996838,-0.00021864594466972575,-0.0006390687232055068
5.342937499997788,-0.00018595300054780698,-0.0006340764545015832
5.398196499998448,-0.00023837768573658434,-0.0005895535236670632
5.445549899995967,-0.00024207570812832303,-0.0005783990472946752
5.493673400000262,-0.00018836157184889325,-0.0006241573357758842
5.543691300001228,-0.0003361165107055886,-0.0006090235570284896
5.594711400000961,-0.00034970596248194014,-0.0006220938855413231
5.646194499997364,-0.00033646554139179987,-0.0005723624032311644
5.693792599995504,-0.0003832184797516144,-0.0006082076673516593
5.741955400000734,-0.00030943651077391075,-0.0006475026109907522
5.7953684000021894,-0.0003504387654838578,-0.0006065189073835008
5.8479662999961874,-0.0003288748508668655,-0.0006271108572987375
5.897961499998928,-0.00030125152162217383,-0.0006184396483136489
5.947586099995533,-0.0003219808345496652,-0.0006252028769990197
5.997603399999207,-0.00019065362228003029,-0.0008223603799119484
6.058370500002638,1.049207149256539,0.8522901454480081
6.096920099997078,1.9356676969286348,1.7231130744989338
6.149080199997115,2.77447005355953,2.6105619846283985
6.199646599998232,3.7157275272688155,3.5009026462004615
6.256579699998838,4.5754461731328195,4.402341059428779
6.301532600002247,5.426893560358989,5.380505364989063
6.3528441000016755,6.093816142406889,6.471463367012968
6.402706900000339,6.512773984976675,7.075902688433162
6.448202200001106,6.547005840887018,7.106960599204515
6.503323400000227,6.396920735370819,6.959013523496589
6.554279999996652,6.208619537055199,6.822800439769129
6.60102470000129,4.79813117883953,5.77986781303248
6.649305300001288,3.7534290940516017,4.749456358929572
6.705192699999316,2.805145531552329,3.6626666614781946
6.74661819999892,1.6649449208446045,2.62807104822174
6.803165299999819,1.307601538773035,1.8272394809449246
6.846240599996236,1.2801165123919773,1.4137760155601764
6.903338999996777,1.2684843452907897,0.9015572656612894
6.945546800001466,1.244588796214724,0.2853066201325362
7.002590500000224,1.2270758217879907,-0.4426740752843495
7.0514328999997815,1.0389773539574862,-1.121255986745271
7.111481499996444,1.2462932029686855,-1.3751377719050182
7.15677439999854,1.2717019410146095,-1.2721308862336766
7.201501099996676,1.6439416871607055,-0.48024554775942346
7.253216799996153,1.8725190160382554,0.14510987894676028
7.307413000002271,2.19068134153244,0.7651007899910172
7.352562399995804,2.9608898604205516,1.5967406468146328
7.403835999997682,4.09931547450321,2.3170217688123405
7.446235399998841,5.214298418918363,2.775471840508253
7.50180040000123,6.268715188268903,3.020002306647107
7.553905200002191,7.235903765662025,3.1721119426291784
7.604807899995649,8.21036654810332,3.47993886293256
7.652443999999377,8.283633850320427,3.716793400120894
7.697976600000402,8.084771538420656,3.978952636710439
7.748474300002272,7.899885820547236,4.44896081732807
7.801426099998935,7.736467132273382,5.0215867395325295
7.846884799997497,7.5978597958040845,5.62854043111618
7.898592999998073,7.4881708477734055,6.263849549221283
7.949905800000124,7.4062690566020715,6.92952306262144
8.003352100000484,7.3530447831359105,7.596223829156746
8.053774100000737,7.328598558998748,8.323436742190399
8.099024099996313,7.329578596161545,8.666858613068495
8.153722600000037,7.364521983509563,8.635367098179849
8.202790999996068,7.396954252506726,8.602571155944897
8.246199200002593,7.426816784410738,8.572358201674822
8.303142500000831,7.454581700048676,8.544889658979937
8.35737369999697,7.479961834580466,8.5194130648147
8.406108900002437,7.503351119806842,8.49644330684002
8.454566899999918,7.524769327112031,8.47474367208579
8.499018800001068,7.5444925888459125,8.455093976907294
8.553369599998405,7.562131302943588,8.43742431089738
8.599421599996276,7.5779577370482025,8.421727374441813
8.653421600000001,7.592028629696797,8.407622833180223
8.703846399999748,7.604355364664139,8.395167555610133
8.753199999999197,7.615110904255005,8.384524682249058
8.803662799997255,7.623896297360806,8.37557975034577
8.852185600000666,7.631012843695805,8.36850590950703
8.897963900002651,7.6362020930166254,8.36351679973191
8.951752900000429,7.638822150748146,8.360474711775478
9.00630000000092,7.63954907934293,8.35995987045566
9.054042999996454,7.637619798838775,8.362311549232727
9.097655500001565,7.631859374197344,8.367817864784868
9.143318000002182,7.622252755700793,8.377311880170637
9.19393239999772,7.607658489432732,8.392061642235422
9.246378899995761,7.585216120377727,8.414527774796698
9.293035800001235,7.551874455545927,8.44784143264722
9.3443941000005,7.500610286107179,8.498992303174179
9.393234900002426,7.420780447197973,8.579098972189568
9.44538879999891,7.286001579953132,8.71350800876106
9.49551159999828,6.312355191303647,7.824188352301018
9.544495000001916,5.422378447974734,6.938587132877676
9.592955499996606,4.547772288415697,6.021612928327795
9.643818099997588,3.680522434450189,5.103686359986739
9.694748800000525,2.8587610676496324,4.147834101272286
9.744201299996348,2.0160001789259567,3.2406978926957026
9.795962299998791,1.243134405584348,2.1152709802193983
9.8451694999967,0.4041904417764085,1.287811463655
9.896469799998158,-0.00029887585979444315,0.534468222556498
9.946504400002596,-0.00027047523659677467,-0.0015969411890249358
9.994500000000698,-0.0004588476948733633,-0.0003565479125668068
10.044245999997656,-0.00042131934314706564,-0.00033461713582771225
10.096627799997805,-0.0004108676877059319,-0.00031917525670230556
10.144286299997475,-0.00040409576715937453,-0.00042441866492407243
10.19536109999899,-0.0005176464188632575,0.00028948858488148126
10.2456086999955,-0.0005538575852066071,2.8912385552355447e-05
10.29567120000138,-0.0005686781173859347,3.589508090206541e-05
10.345548699995561,-0.0004504256878482322,-0.0002708875618484946
10.394944400002714,-0.0004412891484231855,-0.0003031548739097077
10.445770400001493,-0.0004184093186701165,-0.00033506510686020396
10.494929499996942,-0.00040967159512539413,-0.0003737709838582052
10.54541629999585,-0.00037144022853057295,-0.00041690876417278897
10.595427899999777,-0.0003544395114297907,-0.00040305379971926515
10.64580659999774,-0.0004589324716922617,-0.0003049286670387546
10.69493820000207,-0.0004383935689247825,-0.0002765964775442336
10.745547599995916,-0.000411190070881643,-0.000353933812258363
10.79479700000229,-0.0004318971086550345,-0.00030883643006858984
10.844639399998414,-0.0003736847935977208,-0.00039823204120457246
10.895570599997882,-0.00036196972903482455,-0.0004138230066566081
10.944843299999775,-0.00036797022547900316,-0.0003616010950670285
10.993845799996052,-0.0006047688741692092,-4.1156448693507286e-05
11.043626799997583,-0.0004194336868159819,-0.0002544671533433474
11.095484600002237,-0.0004561947783091514,-0.00030325784380898165
11.14735859999928,-0.0004269260906688909,-0.0002858179612597571
11.194712199998321,-0.00044995202611617215,-0.0002939589305306955
11.246599899997818,-0.00047264867753008503,-0.0002724534903409266
11.295029100001557,-0.00030856367923000816,-0.0004798517370567213
11.344943500000227,-0.0004603615543777875,-0.00029582007031187576
11.395428600000741,-0.0004337027762704672,-0.0003052016096295059
11.444730499999423,-0.0004107781361175648,-0.00033978530074041326
11.510693899996113,-0.00045327025953754784,-0.0002963926336475087
11.552955699997256,-0.0004443987504213119,-0.00033390700436851964
11.599967399997695,-0.0004135393239404008,-0.0003410631184531675
11.650550899998052,-0.00044044698076535065,-0.00035146904950890504
11.699507999997877,-0.00040844362432257224,-0.00033309639745359365
11.754286299998057,-0.0005226695428355991,-0.00012583075430504495
11.802542799996445,-0.00036452503007226075,-0.0003829501369347419
11.847954899996694,-0.00037875347064247953,-0.0003716232158836211
11.895837199997914,-0.0003220707602947571,-0.0003913914339794487
11.9517726999984,-0.0003513087683871966,-0.0003956128911965803
12.000234699997236,-0.0005444207478727858,3.8596376711324855e-05
12.053591700001562,-0.0003645689951815917,-0.0004120457640313152
12.099476199997298,-0.0003422739076165441,-0.00041140767473324776
12.147476300000562,-0.00034772864712108036,-0.0004145994178974645
12.198882099997718,-0.0003554861774725177,-0.0003662809449579783
12.250025699999242,-0.0003590169146640267,-0.0004067796851416842
12.298993299998983,-0.00038436669607140204,-0.00038973209309252886
12.347927299997536,-0.00039232655417739286,-0.00039010709019811953
12.399546499997086,-0.0002537067891883744,-0.0005144686366258962
12.455033999998705,-0.0003304658493631251,-0.0003894018747953773
12.50308799999766,-0.0003073016350719389,-0.0003953275788395063
12.548635599996487,-0.0005903341319787193,6.660982872496361e-05
12.60391559999698,-0.0004469453688041549,-0.0001991617484764525
12.659813899997971,-0.0005393336099729504,2.895181006045801e-05
12.700774500000989,-0.0004139509501290916,-0.00032563379966386445
12.754460500000278,-0.00042790559636766566,-0.00026414021250812595
12.798322099995858,-0.00044312736955405736,-0.0003129702240479382
12.849009899997327,-0.00042613358415292176,-0.0003014973319504626
12.905254199999035,-0.0003663723074921832,-0.0003944022039627789
12.947114499998861,-0.00037920375273187287,-0.0004640248256641107
12.997798199998215,-0.0003420988677339554,-0.00040025125241392376
13.046520999996574,-0.00033018927112503496,-0.0004663586603063264
13.100096800000756,-0.0004061378245270245,-0.0003494188296039434
13.148113499999454,-0.0003799956058149783,-0.0003414893364473996
13.201689699999406,-0.00036301104167094474,-0.0004040244224014951
13.25575299999764,-0.0003789619005491473,-0.00039383564490200066
13.301349499997741,-0.0002402082550534625,-0.0005314733372457787
13.354357500000333,-0.0003796090115139615,-0.00040011977855434653
13.399172099998395,-0.0003640348317014761,-0.00038163744865999364
13.451989599998342,-0.0003662158928997936,-0.0004143475335340969
13.505116699998325,-0.0003074817819138273,-0.00045262258305287987
13.551472099999955,-0.0003502650518073658,-0.00042372732447251796
13.601815100002568,-0.00035281456440840485,-0.00041641442924979217
13.647257700002228,-0.0003203962955390142,-0.00043778960514024104
13.70791520000057,-0.0003463562624040986,-0.0004166280646314
13.75204909999593,-0.00033940534242005046,-0.0004339726268567885
13.804652999999234,-0.000310955573557058,-0.00041519310030070384
13.846939999995811,-0.00033467495984550844,-0.00041893630444735596
13.902777900002548,-0.0003227669944539721,-0.0004079089293065299
13.953325099995709,-0.00039364237017799723,-0.00038669346054139025
14.00546100000065,-0.00037566954596018453,-0.0004105256241173658
14.048303999996278,-0.0003739683064664585,-0.0003933145091341272
14.09648659999948,-0.0003254671012587846,-0.00045194490802567296
14.151608599997417,-0.00032927934168212896,-0.0004442361322357274
14.198796700002276,-0.0003516028458717831,-0.0004091103631034258
14.246589499998663,-0.00035853210719208046,-0.0003973738805953304
14.305425400001695,-0.0004372548612077722,-0.0002479172704905855
14.347895899998548,-0.0005056907926963717,-9.746221376615266e-05
14.397377100001904,-0.00039946461888338614,-0.000351949503713105
14.448236099997303,-0.00038471255666712114,-0.0004158441055060039
14.501825499995903,-0.00036718632951974654,-0.00040200998450166925
14.55515849999938,-0.00037409324910047537,-0.00035606054482619696
14.602392599997984,-0.0003497820072585604,8.081083393561905e-05
14.653774300000805,-0.0005043038958878591,-0.00021883127243050695
14.7024156999978,-0.0004818239494501241,-0.0002005026683793454
14.752575599995907,-0.0004990134510056656,-0.00021281444615440373
14.797058600001037,-0.0005215239108907299,-0.0002621369582289986
14.845651899995573,-0.0004613063349093765,-0.00019065807969065226
14.895823699996981,-0.0005280309206773006,2.312976778439867e-05
14.945340799997211,-0.00046607684430801033,-0.00022500088912026493
14.99710100000084,-0.0004971573485339399,-0.00017531493505251245
15.045058700001391,-0.0005036381890981639,-0.00016322176472071496
15.1049903000021,-0.00045565026205484185,-0.0002441849372481156
15.155076000002737,-0.000491655595081105,-0.00018986253632058298
15.205081699998118,-0.0005184829808274062,-0.00016219726472476513
15.255416899999545,-0.0005011546191373582,-0.0001872755420129194
15.29820920000202,-0.0005489481360260657,-0.00014365863352238208
15.35458700000163,-0.0005157454712306133,-0.00010397951029638094
15.404264199998579,-0.000525725608636031,-9.598759329042506e-05
15.455993299998227,-0.0003778944436484959,-0.0004077255623293718
15.499301500000001,-0.0003812406073501798,-0.00040856979376968465
15.547461699999985,-0.00038094515424375464,-0.000415890462374348
15.603297100002237,-0.0003792518755709199,-0.00042126436357061846
15.651497899998503,-0.0003799799940586461,-0.00038817890759009193
15.698409899996477,-0.0003542970693716419,-0.00041035233286934765
15.747594499996922,-0.0003902416474523475,-0.0003812346307476336
15.803593399999954,-0.0003694233595476351,-0.0004216897809164145
15.850202000001445,-0.0005548583678633567,2.4792076880327326e-05
15.898525500000687,-0.00047524003657965606,-0.00022097641246278044
15.951763999997638,-0.000472255854700264,-0.00020049793705290367
16.000384400002076,-0.0004793836182907473,-0.0002476683707397755
16.053155399997195,-0.00046227158128109915,-0.00027478738351409594
16.10701529999642,-0.00046715555653866413,-1.743663871067454e-05
16.15279659999942,-0.0005391603896459788,5.820210846606837e-05
16.200348500002292,-0.00045529228779349633,-0.00030780995726183553
16.249262600002112,-0.00045287633251321326,-0.00026347391202667
16.302283799996076,-0.00044815056368138724,-0.00033274113998015437
16.34798430000228,-0.0003147061036657658,-0.0003455753567750477
16.40418559999671,-0.0003270054124372259,-0.00016535393041471747
16.456727899996622,-0.00037278329428918277,-0.00025240208864632497
16.499333499996283,-0.00034486398964317974,-0.00029167668574309424
16.556182100001024,-0.0003096342842679653,-0.0003067889063735509
16.60361379999813,-0.00028509834688621237,-0.0004150634909109638
16.65421449999849,-0.0003934315348178552,-0.00020353015046666655
16.707254200002353,-0.00034218556715949385,-0.0002959805768089633
16.748034299998835,-0.00037328768334206303,-0.00027942988158905716
16.802651799996966,-0.0003532170626987837,-0.0002712175356302232
16.852150300001085,-0.00032218631069745124,-0.0002778561962292539
16.898532599996543,-0.0003566457268180769,-0.00034341952588913657
16.957181899997522,-0.00038292108035551314,-0.00024214128639965158
17.002239399997052,-0.00033220174593417653,-0.0002536855481240016
17.05264019999595,-0.0003805954532090929,-0.00022099107611093247
17.10596760000044,-0.00034271608537773945,-0.0002157225281574652
17.15210610000213,-0.0003437988478796218,-0.0002661028876806064
17.20252089999849,-0.0005314042970890425,3.248316709503868e-05
17.24890890000097,-0.0005600410474823731,-2.3901629209182414e-05
17.305004900001222,-0.0005334710086020881,-3.14274947843593e-05
17.353884500000277,-0.0005658155999741302,-4.706799972554612e-05
17.400949299997592,-0.0005112523116863534,-2.644882579617118e-06
17.453622499997437,-0.0005704918627400514,1.2962148060460621e-05
17.502555799997936,-0.0004359136809743858,-0.00032672641334684444
17.552943499998946,-0.0004383700277337196,-0.00031305698260949565
17.605234000002383,-0.00045220222767475624,-0.00030236461885397626
17.654021299997112,-0.000527758620883663,-0.00010517706350301827
17.701719500000763,-0.0005483007795245208,-0.00010850473080028983
17.754128699998546,-0.0005409935202823526,-0.00010857156019231012
17.800816299997678,-0.0005396298482625977,-8.227212431323943e-05
17.855523500002164,-0.000498462840515306,-6.860198364934511e-05
17.904481400000805,-0.000552054391812196,-5.4890080214431924e-05
17.956672499996785,-0.0005457587775489301,-7.86757556936645e-05
18.00429450000229,-0.0005278297492313194,-9.509326424075344e-05
18.055766500001482,-0.0005404381656756044,-4.119993470831101e-05
18.10113899999851,-0.0005304398326807016,-0.00010251754054560182
18.152247899997747,-0.0005761050346895457,-5.7597913016861385e-05
18.204494099998556,-0.0005247169349805028,-2.659004350036835e-05
18.253511900002195,-0.0005682927141323797,-1.2537449878282929e-05
18.30445250000048,-0.0005283964936826904,-7.968386528391302e-06
18.355525099999795,-0.0005123173625893833,-7.919739930530416e-05
18.407503700000234,-0.0005419429934935211,2.8575809857273267e-05
18.45598659999814,-0.0004981675760024654,1.7134100799290995e-05
18.50438530000247,-0.0004971315188179728,3.3794361975487754e-06
18.556642700001248,-0.0005012119525755336,0.00013973604966470185
18.6063307000004,-0.00041145940407087434,-8.520022652393776e-05
18.653494899997895,-0.0004929800821124464,-4.585705188909615e-05
18.704684399999678,-0.0005100397541541894,-0.00019178273635851544
18.753631100000348,-0.0005232462748423832,-0.00015588358980860544
18.8024987999961,-0.0004768822329032001,-0.00020467180049673503
18.85693409999658,-0.0005162313256874649,-0.00018385113630953884
18.90600640000048,-0.00046982604277098593,-0.00024343734166831527
18.954595499999414,-0.00048777410467440224,-0.00021255513776305312
18.999068500001158,-0.0004768714020780745,-0.0002045362060221975
19.04933699999674,-0.0004940378357859888,-0.00019655895338595433
19.104807199997595,-0.00046116871753648734,-0.0001886864199496896
19.1529709000024,-0.0005086116963044339,-0.0001912882531541322
19.201537900000403,-0.0004843987969854895,-0.0002591586379720032
19.254752000000735,-0.00048058728455757947,-0.0002210338723996676
19.306108500000846,-0.0005072451593874713,-0.00020986789101570515
19.35229039999831,-0.0004834788136071197,-0.00019501796910688404
19.40215470000112,-0.0005093395608619514,-0.00017121971778172266
19.45054540000274,-0.0004907821390959595,-0.00017164841485955951
19.506732399997418,-0.0004986691999892598,-0.00015896768604255882
19.554120299995702,-0.000510538739362899,-0.00010160940484562857
19.60244000000239,-0.0004396534620703082,-0.00022846066989333302
19.653727199998684,-0.00047913144021249763,-0.00022585231320713516
19.70351110000047,-0.0005262220176834212,-0.0001331144821481808
19.755406299998867,-0.000342947848419831,-0.00015633448252066177
19.80575400000089,-0.0005104870052903175,-0.00018841065725367794
19.854630499998166,-0.00043711770479947426,-0.0002798563109253442
19.929555099995923,-0.00045704694651198556,-0.0004994525858232424
19.989950999995926,-0.0005038382859263394,-0.00012709016422033422
20.03859519999969,-0.00033527209052386543,-0.00047597735051750916
20.091259299995727,-0.0005314540880270819,-0.00017954194961872658
20.14719889999833,-0.0005098064936321796,-4.005613369329743e-05
20.190619900000456,-0.0005233604933548095,-0.00011367719623403646
20.252780800001347,-0.0005247263461079357,-9.163707193062731e-05
20.29458909999812,-0.0005566781320362448,-6.534227260936194e-05
20.341462199998205,-0.0005409404965636032,-3.6245789208918164e-05
20.399636900001497,-0.00053039065816069,-2.6076720827111476e-05
20.437165399998776,-0.0005277598795324038,5.813203968198002e-06
20.489545999997063,-0.00031460689500237087,-0.00033772813523592085
20.53341250000085,-0.0005626479264617339,-3.091339947914401e-05
20.588254000002053,-0.0005459834464546328,-1.318589749055562e-05
20.633922100001655,-0.0005527826871029407,-3.5890978233873e-05
20.685699800000293,-0.0005277534663624087,-8.249899670078264e-05
20.734846999999718,-0.000521065612169718,-3.076734640395442e-05
20.792241099996318,-0.000545017972453882,-1.4103771928122874e-06
20.834362800000235,-0.0005399447607919855,-1.2385679859508143e-05
20.88149759999942,-0.0005254731627386973,-2.665441596328405e-05
20.934163400001125,-0.00040313507031521713,-0.00037849114793461346
20.983648299996275,-0.00043002745844275596,-0.0003811189228656043
21.036930199996277,-0.00042570401213067423,-0.0003320981863788008
21.081812799995532,-0.00039922270982407676,-0.0003683926046885207
21.13551290000032,-0.0004125853042217659,-0.0003568135529710519
21.183400599999004,-0.0004051549151288494,-0.0003410189077792779
21.23773380000057,-0.00041469228148110154,-0.00035821787100513616
21.284851399999752,-0.0004077178685228138,-0.00036182132916478274
21.332805300000473,-0.000557228303677825,-8.209822643935852e-06
21.380820999998832,-0.0005524833102796078,-6.455524648175844e-06
21.43164650000108,-0.000543117150986981,-2.977861019993248e-05
21.484228000001167,-0.0005575225588758117,1.4673232318077199e-05
21.52852229999553,-0.0005394230403584618,3.438647087073567e-05
21.584737299999688,-0.0003402483700123514,-0.0003972939687905203
21.63898789999803,-0.00028249609540524385,-0.00039613200777422386
21.683702000002086,-0.000300032497602304,-0.00046071309869938294
21.731507399999828,-0.00031884142083235957,-0.0003862952884240274
21.78196229999594,-0.00030390848254642196,-0.00037925079445807775
21.833731899998384,-0.0003103000245198914,-0.000406069258613111
21.885577200002444,-0.0004006507612789458,-0.0006558478818210216
21.933513399999356,-0.00031731225610418163,-0.00043063622765557525
21.985532599996077,-0.0005012264642340751,-0.00023376398625717364
22.03539710000041,-0.00048416006447395154,-0.00017485463490457697
22.086673300000257,-0.0005048379675971197,-0.00019260756070067645
22.137375300000713,-0.0004778454145265511,-0.0001684150148174003
22.18101249999745,-0.0005124180225919392,-0.00019487712350503583
22.234329899998556,-0.00048548832972729756,-0.00019104717621238931
22.27872679999564,-0.00047862322976099627,-0.00022202290196902215
22.336784699997224,-0.0004682453927601018,-0.0001765505716733754
22.384742099995492,-0.0004828802871342898,-0.00022174570730735328
22.43359220000275,-0.0004837232544191567,-0.00021837063846072782
22.482813000002352,-0.00045353127626816125,-0.000294071281814632
22.53734540000005,-0.00044150856384250997,-0.00029567062868623983
22.581579600002442,-0.00046653276896176343,-0.0002818737734779193
22.634996200002206,-0.0005020051171206905,-0.00033895555428565475
22.686869099998148,-0.0004648205072404601,-0.00022946871144911726
22.73647859999619,-0.00046618266970106933,-0.00024211786504035513
22.781390199997986,-0.00046619452057690555,-0.00023782903841872773
22.83036759999959,-0.0004755016884244608,-0.00024749177386940293
22.88204229999974,-0.00047060670443963053,-0.0002134421795308702
22.935736200000974,-0.00046603701519039406,-0.0002574593283401041
22.98300190000009,-0.00046375022346773756,-0.0002422476605535814
23.03549860000203,-0.00047878186605398743,-0.00024349035388515383
23.076936899997236,-0.0004809645037801056,-0.0002027579970587863
23.12539200000174,-0.0003565137015828878,-0.00044309826026146077
23.185135899999295,-0.00036284853122153164,-0.00039563497051287396
23.230449199996656,-0.00043482571268114886,-0.0006344779907197755
23.2784032999989,-0.00035052999923815216,-0.0003883680284425422
23.334585600001446,-0.0003438044376416084,-0.00042142250947269804
23.382521300001827,-0.0003187587262700505,-0.00040347896677652583
23.43679610000254,-0.0003521847262713286,-0.0010806718549859818
23.47780989999592,-0.0005115523563865511,-0.0001491941805265453
23.53505099999893,-0.0005126105786963347,-0.00012917249069824968
23.585839499995927,-0.0005156743340679694,-0.0001442236842009027
23.62599919999775,-0.0005534533001680225,-6.097514434479009e-05
23.680501199996797,-0.0003828117166374313,-0.0004173892604434878
23.731726300000446,-0.00034533918099623634,-0.00043256310897674816
23.7847363999972,-0.0004587740089939059,-0.0005208418679410171
23.82651690000057,-0.0003076994370411917,-0.0004365205970473412
23.8819599999988,-0.0003332241436562173,-0.0004019856211404835
23.930238399996597,-0.000338546101464006,-0.0002946409678463144
23.985857699997723,-0.0002810994389147822,-0.0003259930691115059
24.026837699995667,-0.0005359985471361229,3.550074421655062e-05
24.07659959999728,-0.00047629585129326343,-0.00017812618109408834
24.125291399999696,-0.00047566305915235275,-0.00019275369806399811
24.176877400001104,-0.00046304152158167035,-0.00023713949160463494
24.23346959999617,-0.00046138656398847657,-0.0002470194197191642
24.27753059999668,-0.0004632857590896669,-0.0003292617038133028
24.33316670000204,-0.0004493275779675854,-0.00020407496208470872
24.384936800001014,-0.0004465148632175776,-0.00022869491651543266
24.43437450000056,-0.00045326463488141257,-0.00024042631379128128
24.48355789999914,-0.0003426496738792166,-0.0004173463282134944
24.532373199996073,-0.0003316411481437646,-0.0004182442518156354
24.577277600001253,-0.0003150766194728026,-0.00043563957255508915
24.632072000000335,-0.0003110692523901823,-0.0005249494444033298
24.67681040000025,-0.00034380278561864554,-0.0003377049976052205
24.725255400000606,-0.0004974868500157728,4.901116060219615e-05
24.775700199999847,-0.000545644075068083,3.3626370221646796e-05
24.829465700000583,-0.0005567379034129821,-2.4806979181951074e-05
24.884756899999047,-0.0005421550520642251,1.1702870894583331e-05
24.931548900000053,-0.0003617150034498833,-0.0004244906399723671
24.982972799996787,-0.00038058235887236674,-0.0003799515861938318
25.03193669999746,-0.00035198080031742713,-0.0004528035630395939
25.077113300001656,-0.00034297950914942464,-0.00043000345835195224
25.132477899998776,-0.00037196815750901703,-0.0004260110487490271
25.18410479999875,-0.0003255598897024956,-0.0004234828175746063
25.230970399999933,-0.00033511483225079494,-0.00045007166038549024
25.28395759999694,-0.000326630858727072,-0.0004191101726173667
25.33089949999703,-0.0004383155887914765,-0.0003488773569207092
25.383128100002068,-0.00034959294739092317,-0.0004408903462320709
25.43396589999611,-0.00033347826463603233,-0.0004574189452104984
25.482485799999267,-0.00036596558520313134,-0.0002884576208563214
25.52856459999748,-0.00033274867501398064,-0.00037013082550025516
25.58152549999795,-0.0003379289251095379,-0.00038693102478202986
25.624960100001772,-0.0003101660011608138,-0.0004107411456792206
25.678517300002568,-0.000309318125169174,-0.0004465217789744337
25.734687800002575,-0.000326183122467892,-0.0004382199676415891
25.77679419999913,-0.00033018547832574445,-0.00037408014006452936
25.82967279999866,-0.0003211161289653284,-0.00041138293070434596
25.88389029999962,-0.0003342820381504465,-0.0003828866971481207
25.934427200001664,-0.00034336538208303117,-0.0004439897539903015
25.97919389999879,-0.00032282029039952157,-0.0003898766478608232
26.026257199999236,-0.00033673339875384524,-0.00042598866949502146
26.079109199999948,-0.0003369856912740543,-0.0004257939346445539
26.134772299999895,-0.0003362677685527815,-0.0004316074305958696
26.185589799999434,-0.000342902605510412,-0.00044757203099312265
26.232780799997272,-0.0003441881652468556,-0.0004282704471507376
26.27542810000159,-0.0003367942640222262,-0.0004441111121138523
26.333155599997554,-0.000353717144818943,-0.00045528245839525166
26.381996999996773,-0.0003514262032602587,-0.0004272250947238923
26.43433350000123,-0.0003923072664172543,-0.0004037637904023221
26.47516039999755,-0.00038513093459955727,-0.000407086236403982
26.53223579999758,-0.0003885797193351357,-0.00039713515036544217
26.575540300000284,-0.00040732507651278406,-0.0003775707824618887
26.631366199995682,-0.0003843106791026972,-0.0003947278471142529
26.68324069999653,-0.0003426167969780151,-0.00047898847772620356
26.72886660000222,-0.0003329641025009413,-0.00043329704441695034
26.783592200001294,-0.00031519536517496285,-0.0004293923370206332
26.8273590999961,-0.0003508824340528182,-0.00044430915284766475
26.877204199998232,-0.0003434664279102924,-0.00044605701047852113
26.927044899995963,-0.0003748050659283128,-0.0004429070735949619
26.981682500001625,-0.00040754148057412187,-0.00044524342235387036
27.030960199997935,-0.0003527520099802261,-0.00042493291919672334
27.08291889999964,-0.0003470737882762744,-0.0004240286102745318
27.12590810000256,-0.0003405960491422825,-0.00044637985743324756
27.183125600000494,-0.0005324219600207478,3.992267565423302e-05
27.22656950000237,-0.0003936560533438487,-0.00017172568123063867
27.27967279999575,-0.00034662383415786475,-0.0003109589237661676
27.32651459999761,-0.0003417475520575264,-0.00044611837526954766
27.37602809999953,-0.0003453757477236602,-0.00042112578406733965
27.432260299996415,-0.00031731753527017493,-0.00045363004823099256
27.47579749999568,-0.0005337018169745036,-6.447765210638897e-06
27.527797599999758,-0.0005503455815855364,3.076187766182861e-05
27.57976819999749,-0.0003788828930820465,-0.0004056269006017778
27.625801800000772,-0.00036252000796848516,-0.00039724312826428686
27.68379090000235,-0.00039210194469096625,-0.0004052952167214158
27.734139899999718,-0.0003718008278921875,-0.0003956984093725951
27.781107199996768,-0.0004080459567571727,-0.0007566364969644037
27.829582400001527,-0.0003946933909596567,-0.0003970839946191364
27.88434089999646,-0.0003892154284205096,-0.00037627007585279963
27.93161659999896,-0.00047134756372466384,-0.0003113431294223468
27.983843800000614,-0.00044163264324481854,-0.0002909358582882599
28.026014900002338,-0.0004342235785941119,-0.0003356320113891998
28.076614699995844,-0.00043421725468604795,-0.000326170398645896
28.12484879999829,-0.00045855803847465914,-0.00030560261090624365
28.183613200002583,-0.00043152169074731506,-0.00032564777940356836
28.232988399999158,-0.00043665894082821707,-0.00031306568701336
28.27836689999822,-0.0004537055761537977,-0.0003256341105985915
28.334436700002698,-0.00043079811308286114,-0.0003691221535098764
28.381584299997485,-0.00045242974567919327,-0.00033435523220681795
28.431311399996048,-0.00039307566616108945,-0.00034805917578675306
28.476669600000605,-0.0004367483182336939,-0.00035443174053487804
28.527858699999342,-0.00043090716247460025,-0.00032317640918953463
28.5829797999977,-0.00043693063575033376,-0.00032082981880086225
28.63229599999613,-0.0004531131452161556,-0.00035147881152244984
28.681740499996522,-0.00044178294978980707,-0.0003364982704037215
28.738202900000033,-0.0004130197855504596,-0.000330197547221627
28.7813118999984,-0.0004404924752181569,-0.0003617618705434228
28.828385699998762,-0.00042736736692902064,-0.0003400935466526629
28.881348000002617,-0.000391285115431178,-0.00042220747391614533
28.928059300000314,-0.0005665066338820067,1.1646514191945394e-05
28.983319999999367,-0.0005569242236166929,-3.5623244087908456e-05
29.03317799999786,-0.00031096505087609816,-0.00039240369749149137
29.076111900001706,-0.0003246362199618009,-0.0004020263332075345
29.135102300002472,-0.0004223226407810792,-0.0005516650524847498
29.175946499999554,-0.0003768034735676865,-0.0004242969948280026
29.234319199997117,-0.00031313070777435763,-0.0004133775361074168
29.275485400001344,-0.00031356276836166583,-0.00041273417105729165
29.336868200000026,-0.00031527133446138014,-0.00041409224436110917
29.383540599999833,-0.0003147814469530424,-0.0004152106491965213
29.432225199998356,-0.0003152963517052123,-0.0004137645603922602
29.481977700001153,-0.0003151953028248378,-0.0004136624331467107
29.530755200001295,-0.0003153704417504224,-0.0004136461352947538
29.585441399998672,-0.0003146480454742898,-0.0004142337871441592
29.632425399999192,-0.00031533341297038017,-0.00041344643007017385
29.677056000000448,-0.00031453263041899903,-0.00041462676696506695
29.732508000000962,-0.0003149126667103249,-0.0004149205905027902
29.78586920000089,-0.0003145038951270752,-0.00041445449831572107
29.82644640000217,-0.000314711465054988,-0.0004145083351673646
29.875987499995972,-0.0003152159059884574,-0.00041331894138945004
29.92507160000241,-0.0003148053489889485,-0.00041449443113388446
29.98115809999581,-0.000315364844283488,-0.0004138788414657537
30.03402339999593,-0.0003153261994628111,-0.00041381966049451894
30.08292849999998,-0.0003150919005714113,-0.000415252727043284
30.126066199998604,-0.00031524446803007824,-0.0004137091205562048
30.18254750000051,-0.0003147031005681071,-0.00041456766428675984
30.233736399997724,-0.00031468376802143243,-0.000414423567457846
30.276386799996544,-0.00031467504381118926,-0.0004153382820286026
30.32507120000082,-0.0003145328750233358,-0.00041500998198589503
30.378258999997342,-0.00031513567506655124,-0.0004139627391545502
30.435682800001814,-0.00031488073429805484,-0.00041496590106364915
30.476845400000457,-0.0003152857890322537,-0.0004138103064658562
30.534104899998056,-0.0003152886272952117,-0.0004137871483237854
30.582794900001318,-0.0003147167623620255,-0.0004142745046457519
30.62843569999677,-0.00031521622103644517,-0.0004137565913834739
30.67484510000213,-0.0003145020128771637,-0.0004147028379368112
30.734295199996268,-0.00031509408150462307,-0.00041417888097565844
30.77987479999865,-0.0003145610348977681,-0.0004140335577943917
30.83029389999865,-0.00031532374622519806,-0.00041360187594856557
30.882349599996815,-0.0003152779013972641,-0.00041371337724565015
30.926534500002163,-0.0003151267075731367,-0.00041405177686508823
30.97534540000197,-0.0003146566282199151,-0.0004151900653951912
31.024597800002084,-0.0003153293858028918,-0.00041365996291158313
31.084980300001916,-0.0003151185318907833,-0.00041395249703628554
31.127133399997547,-0.0003152276960129697,-0.00041381044879089683
31.175916699998197,-0.00031511961734473224,-0.00041401171810877605
31.225464900002407,-0.00031501787836082793,-0.00041391943916317984
31.28709119999985,-0.0003146914433817797,-0.0004151518991250469
31.332426599998144,-0.0003146753203899492,-0.00041453709167565034
31.374913300001936,-0.0003153300182081311,-0.0004137162068488686
31.425170599999547,-0.00031548258691024774,-0.0004139860292743829
31.476329899996927,-0.0003153565644067038,-0.0004139542804541434
31.53353249999782,-0.0003145836673936455,-0.0004148389810724654
31.57523019999644,-0.00031473180737170807,-0.00041467018979151276
31.632707700002356,-0.00031451313765603966,-0.00041496848490234776
31.679188100002648,-0.0003145253317462217,-0.0004147901870813954
31.733726899998146,-0.00031467236921730956,-0.00041427567092393704
31.78464399999939,-0.00031519685100864117,-0.0004141632331315269
31.831696499997634,-0.00031521645754725605,-0.00041431316741873526
31.88232070000231,-0.00031449701332083923,-0.00041468219653155935
31.932467300001008,-0.0003152288139964533,-0.0004143152657402518
31.975246900001366,-0.00031454657500892624,-0.00041497038019182867
32.02581810000265,-0.00031466506157393025,-0.00041453066002599304
32.08292619999702,-0.0003152873524261125,-0.00041420219858461323
32.12733170000138,-0.0003152805384656056,-0.0004139137028684073
32.176873700002034,-0.00031531628438294287,-0.00041429272932307483
32.227467899996554,-0.00031481767122107216,-0.00041488171320696313
32.27643299999909,-0.0003145663240002574,-0.000414706640761533
32.33468510000239,-0.00031512243793293973,-0.00041378861639389535
32.38247440000123,-0.00031510755560423695,-0.000415325441055873
32.43269370000053,-0.0003154566845966204,-0.000413852764680578
32.47514249999949,-0.00031461641453197996,-0.00041491038378398674
32.52796919999673,-0.00031549313144216203,-0.0004140664265243517
32.57794180000201,-0.00031476272522864776,-0.0004146833810115564
32.62607679999928,-0.0003146668091646675,-0.00041435452078361754
32.68211699999665,-0.00031518126153426114,-0.0004140094089334085
32.732698300002085,-0.0003154516800662726,-0.0004140734391367703
32.77844280000136,-0.0003153077033246325,-0.00041434962501649245
32.83314760000212,-0.00031523120388451655,-0.00041431269867672874
32.87456399999792,-0.00031494112080473715,-0.00041565404381169516
32.93177039999864,-0.00031474188899590857,-0.0004150731635289308
32.983621499995934,-0.00031451462446649073,-0.0004148209550026446
33.03210630000103,-0.00031542736663722477,-0.00041399831327013146
33.08078789999854,-0.00031492057850354373,-0.00041567098621473123
33.1314452000006,-0.00031541254673636267,-0.0004140033389000437
33.18325080000068,-0.00031461254552664006,-0.0004150823339711142
33.23762259999785,-0.0003151647967602725,-0.000414227450651423
33.275345100002596,-0.0003153433032920509,-0.000413976111130005
33.32948690000194,-0.000315355331170744,-0.00041377728119415557
33.37554049999744,-0.0003148324704049488,-0.00041487276215010566
33.43428519999725,-0.0003147597531060997,-0.0004146025194330121
33.48215099999652,-0.00031549084090750913,-0.0004139858143793201
33.53223530000105,-0.00031456036246876526,-0.00041489561505300904
33.57520569999906,-0.0003151442387827299,-0.0004140414318954684
33.636247299997194,-0.0003145849355234674,-0.0004151019802945711
33.68417760000011,-0.0003145496430434179,-0.0004149865209691372
33.731762600000366,-0.00031529361478318786,-0.00041389772613151276
33.77455380000174,-0.00031472689743236245,-0.00041551439320395043
33.83186439999554,-0.0003151598281014548,-0.0004155717915955458
33.88302699999622,-0.0003148778634387251,-0.00041509607848775015
33.925362199996016,-0.0003145318336450175,-0.0004149178236546335
33.974122100000386,-0.00031460793507017906,-0.0004144206738666291
34.032344100000046,-0.00031500803004954855,-0.00041537916595788264
34.08401910000248,-0.0003148594576951292,-0.0004156552901036536
34.13171919999877,-0.00031465569758634346,-0.00041509794498914804
34.18535059999704,-0.0003146021337885018,-0.00041439989559308285
34.22449989999586,-0.0003146419610300065,-0.00041526879658868303
34.281660399996326,-0.00031527186392651653,-0.00041392978009655067
34.33208139999624,-0.0003145544593574322,-0.00041528868952042935
34.37646230000246,-0.0003151626917774178,-0.0004144162960740562
34.43228729999828,-0.00031533491436916124,-0.00041377955781748987
34.480671500001336,-0.0003153914197251111,-0.0004140364365579914
34.53085319999809,-0.00031469052563789726,-0.00041550558806955105
34.5814298999976,-0.00031460433778104577,-0.000415182792279453
34.62518959999579,-0.0003145862160102951,-0.0004150103332435118
34.67826929999865,-0.0003153410038758379,-0.000414120343661479
34.732925800002704,-0.00031523702680444056,-0.00041448065482016657
34.77829909999855,-0.00031537228935004925,-0.000414288729055996
34.824594600002456,-0.0003147165611560831,-0.00041492931486261864
34.88170089999767,-0.0003151652268273655,-0.00041418849589533544
34.92515139999887,-0.0003153139996103475,-0.00041383219926424713
34.97516419999738,-0.0003146877770032441,-0.0004148385752634506
35.02471030000015,-0.00031514409642993376,-0.0004144882173874057
35.0760164999956,-0.0003147947600367874,-0.0004149950714627837
35.13530879999598,-0.0003149668137858132,-0.0004159993872377737
35.183892399996694,-0.0003153992830351143,-0.0004139686588634233
35.23285319999559,-0.00031514989312638993,-0.00041567305824616655
35.27696840000135,-0.000314805549250754,-0.00041507038224261844
35.32899499999621,-0.0003152665039251849,-0.00041392468990161845
35.37771999999677,-0.00031477203625837277,-0.0004147921892628544
35.42942410000251,-0.00031532251636431626,-0.0004144814143848
35.48226530000102,-0.00031525729768941115,-0.0004145772634468207
35.53259380000236,-0.00031481245637007496,-0.000415690575778036
35.57751989999815,-0.000314550349600453,-0.0004151545199616327
35.62791229999857,-0.0003154156926754275,-0.00041412560531925517
35.68110049999814,-0.0003154963862605747,-0.00041432395808124853
35.72502159999567,-0.00031538893355828314,-0.0004141224100529814
35.776786299997184,-0.0003148434832067305,-0.00041510284876098113
35.83434269999998,-0.0003147445229001144,-0.00041478382625812133
35.88332970000192,-0.0003148234665961392,-0.0004152898163523904
35.93239419999736,-0.00031498392881742745,-0.000415417660931758
35.98213479999686,-0.000314839810688885,-0.0004157948725326023
36.026315399998566,-0.0003145476862198258,-0.0004152758793286331
36.08145559999684,-0.00031521722122504177,-0.0004146175005993196
36.128219599995646,-0.00031496448845699473,-0.000415440158974076
36.18509459999768,-0.0003146034979195321,-0.00041538575761288225
36.225058800002444,-0.0003146248692797692,-0.0004152436822003362
36.28104370000074,-0.0003145900374090481,-0.00041540726183905994
36.32721389999642,-0.0003152535314687425,-0.0004144964421860256
36.38385259999632,-0.00031522643855194356,-0.00041436757602383975
36.43475159999798,-0.0003153480053863204,-0.0004142193245294255
36.480192900002294,-0.0003154518766978725,-0.00041421283167872395
36.53173539999989,-0.00031482400730805884,-0.0004150109731871654
36.57542090000061,-0.00031479613190607216,-0.00041477703747192136
36.62824530000216,-0.00031467785196467526,-0.0004148676571114916
36.68328520000068,-0.0003153418991707872,-0.00041415882767190186
36.732457400001294,-0.0003147278100356887,-0.0004148057861198281
36.77708379999967,-0.0003147072133668737,-0.0004147386392983917
36.82643110000208,-0.0003149561186077366,-0.00041550771694440523
36.87812819999817,-0.00031534209659064545,-0.000414170230200823
36.92853269999614,-0.00031536320622690663,-0.0004143317695604898
36.982110299999476,-0.0003152849216147805,-0.00041459451609613003
37.03309900000022,-0.0003149581711769624,-0.00041557082663965276
37.08040489999985,-0.00031467504237877805,-0.00041535945842783033
37.131922399996256,-0.00031527171121533955,-0.0004147891408568823
37.17649800000072,-0.00031488235947560125,-0.000415404885473289
37.23153060000186,-0.00031515580233284747,-0.00041457578165990546
37.280341199999384,-0.00031450438555677066,-0.00041533968903615103
37.325092699997185,-0.00031482230687937215,-0.00041526849039472396
37.3744852000018,-0.0003146241858930886,-0.0004153801468121693
37.425272499996936,-0.00031522799064373193,-0.0004142147332187605
37.478759500001615,-0.0003153454561366202,-0.000414468687098908
37.52718900000036,-0.0003146206759007918,-0.00041473570000513844
37.581300400001055,-0.0003147666767233348,-0.00041599214175578155
37.62524439999834,-0.000315207504009121,-0.00041481676479890507
37.67718679999962,-0.00031472874297830075,-0.0004159013322680742
37.72471629999927,-0.000314816973279144,-0.00041525709498233237
37.7811270999955,-0.0003147511260514735,-0.0004159417636041312
37.82843639999919,-0.00031528110248088255,-0.00041397434826792644
37.883207699997,-0.00031529433143215026,-0.0004148044534969272
37.92690810000204,-0.0003153793953769273,-0.00041455198327442085
37.974208100000396,-0.0003154623617440371,-0.0004145353878826933
38.025638499995694,-0.00031518492573653613,-0.00041489260933511225
38.08539400000154,-0.00031473539072731873,-0.00041592150585865003
38.13427309999679,-0.0003145022554384667,-0.00041550751914707116
38.18087519999972,-0.0003151758948937958,-0.00041461983708587937
38.23208650000015,-0.00031486981333369814,-0.000416293345267914
38.27367249999952,-0.0003153488585927149,-0.00041463059106691837
38.33452820000093,-0.00031521283744281566,-0.00041490765232418886
38.38088920000155,-0.00031537392046751257,-0.0004146195951016689
38.42967769999814,-0.00031531475467302657,-0.00041433732684290184
38.48288319999847,-0.00031476002916305476,-0.0004151648085815887
38.53284110000095,-0.0003145068052101372,-0.00041518218662503747
38.58324970000103,-0.00031493037723203906,-0.00041626222633270744
38.63081560000137,-0.00031518829033402564,-0.0004146767638547339
38.677087299998675,-0.00031546630728792875,-0.0004144109138904685
38.72496400000091,-0.0003154545811012404,-0.00041438010849334636
38.775855100000626,-0.0003149020925019254,-0.00041611450996024
38.823062099996605,-0.0003148257639362351,-0.0004152507536049092
38.882974399995874,-0.0003150008796914651,-0.0004162902761174246
38.92451009999786,-0.00031499583688085155,-0.0004156394193766987
38.98484549999557,-0.00031469866801355986,-0.0004148826524109382
39.02823499999795,-0.00031496490848767174,-0.0004156752193063862
39.07461759999569,-0.00031481796841644985,-0.0004160150663957457
39.12362269999721,-0.0003153967853996824,-0.0004148815924199543
39.185241599996516,-0.00031543852258006095,-0.0004144853483990255
39.2238234999968,-0.00031536131634976307,-0.0004144051388711169
39.27457599999616,-0.0003152697932162466,-0.00041486193663184596
39.32562560000224,-0.00031530076175509105,-0.00041467577607265545
39.38316869999835,-0.0003152326171651202,-0.0004148313464736617
39.4324134999988,-0.0003148196213053867,-0.0004153566256271696
39.48198129999946,-0.00031525214732039104,-0.00041492498085724184
39.53485279999586,-0.0003153913651132405,-0.00041446987033574986
39.58203230000072,-0.0003147273566983211,-0.0004150544728299422
39.628022700002475,-0.0003149285973335881,-0.0004156955820401077
39.67680979999568,-0.00031477829232070767,-0.00041499313207524424
39.730299700000614,-0.0003148132557417549,-0.0004152954066805907
39.77478919999703,-0.0003153549008482996,-0.0004143017967362672
39.83211589999701,-0.0003150469000456593,-0.0004164198979862189
39.880005499995605,-0.0003146454701230227,-0.0004157477921041577
39.92338809999637,-0.00031519050346370516,-0.0004148089246315009
39.97495859999617,-0.0003153956438239596,-0.00041450742376278473
40.029496900002414,-0.0003153765691265824,-0.0004145788193633275
40.08319250000204,-0.00031491120864310065,-0.00041540037911133874
40.13135080000211,-0.0003154306713603865,-0.00041465047741504226
40.18257319999975,-0.0003152786087978446,-0.0004150201467379734
40.231701099997736,-0.0003147109845724438,-0.0004150230616507289
40.283711199997924,-0.000314649634514077,-0.00041569953971873683
40.33178159999807,-0.0003148054959822533,-0.00041521718721080047
40.37936659999832,-0.00031500335369024875,-0.0004158093862617098
40.424158399997395,-0.00031496108069403413,-0.0004157150534035182
40.476336899999296,-0.0003147037893502479,-0.0004156952293000483
40.52439610000147,-0.0003149455420014792,-0.0004157634424684955
40.58246060000238,-0.0003147328363150814,-0.00041610999664274247
40.63164710000274,-0.00031481707418731466,-0.00041531887666765576
40.67474979999679,-0.0003152366427338874,-0.00041503957337604935
40.72482869999658,-0.00031455655918885203,-0.0004156376677500772
40.775129499998,-0.0003144733740078863,-0.00041522982900951943
40.830720699996164,-0.00031534173672295425,-0.0004146261965765912
40.88267629999609,-0.0003152953623519443,-0.00041512654558326334
40.92519840000023,-0.0003146664942054977,-0.00041550952127886485
40.97859849999804,-0.00031483118219096886,-0.00041537473798322904
41.029916100000264,-0.00031517890963780583,-0.000414945475357783
41.082347700001264,-0.00031479439489553676,-0.00041531272860781675
41.13252880000073,-0.00031459175833245187,-0.0004156355690732893
41.182218800000555,-0.0003149087251297057,-0.00041570985058756235
41.225150599995686,-0.00031552423074285014,-0.0004147954208112167
41.27330880000227,-0.0003151962028269087,-0.00041482300292558695
41.325043700002425,-0.0003149155770931468,-0.0004158396384569032
41.38068460000068,-0.0003154557586481892,-0.0004145690954083529
41.42653949999658,-0.00031540442365637623,-0.00041457778294792954
41.481854799996654,-0.00031469067156561167,-0.00041578125733474433
41.526377900001535,-0.00031464526035748444,-0.0004158351482653513
41.577477899998485,-0.00031476867273779965,-0.0004162102841876778
41.63252400000056,-0.000315395433947399,-0.00041480573016458767
41.681073300002026,-0.00031458942554293476,-0.00041560109456115533
41.72547659999691,-0.00031534275165553667,-0.000414440668761258
41.78175100000226,-0.000315333456168934,-0.0004151732681646228
41.825912499996775,-0.0003153315317305476,-0.00041509067342801703
41.873482299997704,-0.0003147841330708135,-0.0004160703863277144
41.93636610000249,-0.0003145667620607327,-0.00041550927840092487
41.9750264999966,-0.0003148319720480375,-0.0004155270541928744
42.03377180000098,-0.00031552910969564747,-0.0004147729481708014
42.081482399997185,-0.00031549137019523383,-0.00041480209151964676
42.12358780000068,-0.00031458560131311306,-0.000415900827116598
42.17682319999585,-0.0003148757210524567,-0.0004156560950097953
42.23172689999774,-0.00031545760759141,-0.0004146521050130986
42.27884199999971,-0.00031533639334166126,-0.0004152175341777001
42.32937780000066,-0.0003148807268149279,-0.00041629962680986727
42.381074400000216,-0.0003148691044785014,-0.00041559614812345145
42.428249899996445,-0.0003145408121629466,-0.00041560317397002275
42.48175220000121,-0.0003146813555509853,-0.00041599096514142005
42.531905700001516,-0.0003146217266269645,-0.0004157864417265491
42.58086739999999,-0.0003155173312729659,-0.0004149355837591317
42.63535430000047,-0.0003152636018133007,-0.0004163946722091961
42.67931040000258,-0.0003147187584206756,-0.0004152581446704466
42.72555129999819,-0.00031485103955116947,-0.0004156726645999398
42.78070689999731,-0.00031481897437843023,-0.00041636269333964366
42.834089299998595,-0.0003144824013645263,-0.00041559099956964594
42.886097299997346,-0.00031469265796554505,-0.00041613776815560967
42.93066700000054,-0.00031518290092288605,-0.00041479519343754124
42.97976729999937,-0.00031458666578384684,-0.0004157804522898247
43.0321896999958,-0.00031469006536163577,-0.00041593618034250037
43.08424009999726,-0.00031488750157345987,-0.00041580502574420716
43.13349390000076,-0.0003146445403778529,-0.00041607142873831667
43.17741730000125,-0.0003147368057620747,-0.00041634048066905183
43.2337383999984,-0.000315435792330701,-0.00041500368737077076
43.2844150000019,-0.00031482041950023023,-0.0004157141014594391
43.33122159999766,-0.00031466399663667924,-0.0004153881600966498
43.382285200001206,-0.00031516340143197515,-0.0004151073786541083
43.434628000002704,-0.0003151753638408164,-0.000415208276954934
43.48562959999981,-0.00031479878711545786,-0.00041649145709485774
43.528636399998504,-0.0003154420335715585,-0.00041505299500097187
43.583309100002225,-0.00031481733256951924,-0.00041646382897839634
43.629564499999105,-0.00031531114476065754,-0.0004144810148876979
43.682334099998116,-0.00031545224405956913,-0.0004150036506501442
43.73076649999712,-0.00031536840738863027,-0.0004152713469097485
43.780154799998854,-0.0003145326862851981,-0.000415855518287687
43.829093399996054,-0.0003155398815901351,-0.0004151697368560439
43.87693030000082,-0.0003149110497590836,-0.0004160765274542106
43.92584209999768,-0.0003147660410429376,-0.00041556422654695816
43.9800219999961,-0.00031474271874329054,-0.00041553511688783055
44.03106339999795,-0.00031457313260926587,-0.0004159047409525199
44.0804089000012,-0.00031487235158108814,-0.00041599618754171005
44.13340189999872,-0.0003152825565177734,-0.0004147557415735433
44.18209090000164,-0.0003154267783966574,-0.00041490441194400247
44.228441200000816,-0.0003154156054563067,-0.00041542644665945887
44.27485069999966,-0.0003152814597950608,-0.00041540079749333446
44.32682100000238,-0.0003154670344507032,-0.00041507114544878337
44.37715809999645,-0.00031531870420261883,-0.0004148009025151963
44.42542410000169,-0.0003146394822017527,-0.0004161907257050665
44.4824993000002,-0.00031544238731081854,-0.0004149030270962105
44.53363430000172,-0.0003149674208446608,-0.0004168034790697824
44.58082509999804,-0.0003149600561691247,-0.0004162148604881275
44.62507740000001,-0.0003153194624294335,-0.00041491624460663
44.67498460000206,-0.0003146357866578818,-0.00041624312756569505
44.728938899999775,-0.00031520001639858937,-0.0004152545583780724
44.78214519999892,-0.0003152414039253286,-0.0004154896689368723
44.83433700000023,-0.0003152165495845208,-0.00041522292063009546
44.88016619999689,-0.0003154195318377488,-0.00041517543842859133
44.93293879999692,-0.0003145485416133597,-0.00041611917356307727
44.98541750000004,-0.0003147681392645341,-0.00041599384363330934
45.03089809999801,-0.0003151672059220315,-0.00041538438599894877
45.07486770000105,-0.0003148479393643955,-0.0004158987308267896
45.12663199999952,-0.0003150732343470655,-0.00041645443267244076
45.185261500002525,-0.0003152659734162148,-0.0004154723232120157
45.23032879999664,-0.00031443903888425304,-0.0004156414926071749
45.283268499995756,-0.0003147137562109181,-0.0004154855598737824
45.33215339999879,-0.00031539810319000373,-0.00041514166069797875
45.37711719999788,-0.00031458586000618,-0.00041603234368645494
45.42765469999722,-0.00031545313826649986,-0.0004150849737706043
45.48083279999992,-0.0003153310609848829,-0.00041553852372375503
45.531068099997356,-0.00031522294170468736,-0.00041518609750776624
45.582219600000826,-0.00031500608964615503,-0.0004168689491380381
45.628281099998276,-0.0003148541253494531,-0.0004157787954762495
45.67738880000252,-0.00031500447777995896,-0.0004168580855224754
45.732517099997494,-0.00031539971415691916,-0.00041501508719074776
45.78339609999966,-0.0003150869258838587,-0.00041639063645413266
45.833171599995694,-0.00031461941542018304,-0.00041635223224098966
45.88161399999808,-0.0003154907964319747,-0.00041524842373527864
45.930576999999175,-0.00031530609642113335,-0.0004154020414371713
45.97702120000031,-0.00031543657490470657,-0.0004151607189640552
46.034275300000445,-0.00031554944054376367,-0.0004151067548364442
46.083621699996,-0.0003152188965848927,-0.0004151748808357306
46.128769800001464,-0.00031522807032443846,-0.000416617321213985
46.1768419,-0.0003153141842848454,-0.00041531633035449543
46.23319590000028,-0.00031477978693625005,-0.0004155899949066265
46.285929300000134,-0.00031527868402655686,-0.00041535285313374086
46.328718099997786,-0.0003147268608283094,-0.0004153840526655878
46.381762199998775,-0.0003151727139716035,-0.00041543030721577793
46.430021000000124,-0.0003153190068050064,-0.00041530479300009015
46.48111059999792,-0.0003151075338325396,-0.0004163800404522789
46.53066260000196,-0.00031525476247292996,-0.00041499094378680485
46.58074559999659,-0.0003149645049660112,-0.000416019450044745
46.62606860000233,-0.00031526230195308126,-0.0004151757858395802
46.68108940000093,-0.00031465854838371934,-0.00041592013544375735
46.73208449999947,-0.0003154524512826967,-0.00041555824395475875
46.78106129999651,-0.00031512955792619953,-0.00041630485614905117
46.82611989999714,-0.000314807363632732,-0.00041546767568520786
46.87929109999823,-0.00031503647025529454,-0.0004162080479820127
46.9253669000027,-0.00031485946295758634,-0.0004155194786804348
46.98343719999684,-0.0003147549666348803,-0.0004160313531954324
47.028710699996736,-0.00031468922659924284,-0.000416057984731298
47.0830169999972,-0.00031489952121429806,-0.0004155837623865709
47.13261629999761,-0.0003156011437188383,-0.00041511610144881716
47.1793400999959,-0.00031521300937195325,-0.0004164188108613843
47.233272500001476,-0.0003147517304568881,-0.0004159947140592629
47.281244500001776,-0.00031554743751268933,-0.0004149409146559668
47.33503969999583,-0.00031470408980990513,-0.00041594860404900837
47.38026820000232,-0.0003149017472447691,-0.00041568824271096314
47.429161300002306,-0.00031548706607150974,-0.00041488006039544707
47.48312189999706,-0.00031494329436606807,-0.0004159933527870568
47.5324569000004,-0.00031575628697263786,-0.0004153925991180225
47.58104260000255,-0.0003155347924277102,-0.000414709874308002
47.63045659999625,-0.00031543850235179745,-0.0004151162213029438
47.68187939999916,-0.0003147906154299074,-0.0004161734392661195
47.73616269999911,-0.0003156193348563236,-0.00041501367843985393
47.78106459999981,-0.0003149260095480467,-0.000415598446457197
47.83213429999887,-0.00031528967570079426,-0.0004165747691687642
47.87856330000068,-0.0003152558483598659,-0.00041485054084752977
47.931298499999684,-0.0003149036771010439,-0.00041647063708802795
47.981709499996214,-0.0003155850363256413,-0.000415237128465004
48.02733199999784,-0.0003153778234010445,-0.00041525380005133766
48.08094859999983,-0.00031522972888661495,-0.0004170588597974591
48.13043489999836,-0.00031489360381439465,-0.00041579422656043766
48.17623579999781,-0.0003147409856407402,-0.00041618854692013625
48.23304089999874,-0.00031545776781879693,-0.0004154226756814845
48.274087199999485,-0.00031528318435999604,-0.00041525942835471657
48.32479369999783,-0.0003153705229408082,-0.00041538808046035224
48.384755699997186,-0.0003153128739330184,-0.000415294520328488
48.424634900002275,-0.0003148176653588708,-0.0004158028634294355
48.47481759999937,-0.0003148713623057598,-0.00041574159825872106
48.532046399996034,-0.0003149465928941854,-0.0004158435702007226
48.58159799999703,-0.0003153208150585533,-0.0004154514737121115
48.6297040999998,-0.00031505619402235865,-0.0004163702184368557
48.68029779999779,-0.0003155086588435246,-0.0004152214095665988
48.73151700000017,-0.00031493102420340443,-0.00041608049730643533
48.78204790000018,-0.0003148979453304302,-0.0004156093621255662
48.82594199999585,-0.00031495966651414977,-0.00041676909217089835
48.88297430000239,-0.00031538564105867685,-0.0004153136966723342
48.930356400000164,-0.00031497164308943684,-0.00041618243038508
48.97426370000176,-0.00031551434115370265,-0.00041528971582169554
49.025515900000755,-0.00031566005000979453,-0.00041548256159437994
49.07621059999656,-0.0003146831093369906,-0.00041631986401067134
49.12477090000175,-0.0003149128012691317,-0.00041681316215744744
49.18168789999618,-0.00031480742608277714,-0.00041656711453628075
49.22636819999752,-0.0003148091370807871,-0.00041590184616255673
49.28078770000138,-0.00031553910720957535,-0.000415391414498953
49.3251087000026,-0.00031535607406537865,-0.00041568022055024964
49.379452900000615,-0.00031542675058557064,-0.0004158321488923791
49.432564199996705,-0.0003146612764126332,-0.00041634072593952243
49.48441740000271,-0.0003154393333204247,-0.000415684661092628
49.53178520000074,-0.00031526932753319893,-0.000415117796004424
49.574046399997314,-0.0003156125874425848,-0.00041536771298597845
49.63105209999776,-0.0003151389608712887,-0.00041718670958377255
49.68537289999949,-0.0003155714050850606,-0.0004153857724454619
49.72586489999958,-0.00031476507791336147,-0.0004162885268944359
49.774464199996146,-0.0003155926760811362,-0.0004153781566763354
49.83211379999557,-0.0003148788724094099,-0.000416911546219456
49.883190900000045,-0.0003147137006775624,-0.0004162982456480157
49.92542059999687,-0.00031535907440979606,-0.0004154554979208554
49.976645599999756,-0.0003155878199767287,-0.0004155284357877129
50.03203080000094,-0.00031470367636285076,-0.0004165090739861368
50.08191919999808,-0.00031556794198858435,-0.00041532752828596646
50.13462419999996,-0.00031511385357726714,-0.00041727344846096456
50.18351099999563,-0.00031555858573947555,-0.00041546187889993395
50.22810439999739,-0.0003148688155540614,-0.0004160407181486897
50.27572209999926,-0.00031531805745329807,-0.000415609820148075
50.3285831999965,-0.0003151866315387023,-0.00041555506600796414
50.381052400000044,-0.0003147755448406864,-0.0004167247150022919
50.42710079999961,-0.00031478781056245805,-0.0004165226960285199
50.4792105000015,-0.000314890217367716,-0.0004169337525395721
50.53394390000176,-0.0003146807564746412,-0.000416599537445083
50.57915549999598,-0.0003154184455622349,-0.00041578725879518405
50.63159269999596,-0.00031460961995574346,-0.00041639857064632474
50.68073960000038,-0.000314618943064695,-0.0004164076500502202
50.73133539999981,-0.00031538072908784677,-0.00041570029671875516
50.7823808999965,-0.00031554427621924015,-0.000415566809675114
50.833246100002725,-0.0003148497107363336,-0.0004170067549492451
50.88132210000185,-0.00031549901670088477,-0.0004153164090859612
50.92742849999922,-0.00031471220321984897,-0.0004164546243802016
50.97950029999629,-0.0003150539918616826,-0.0004167040926928761
51.03338039999653,-0.0003154388013126535,-0.00041506270713762244
51.082763300000806,-0.00031546924937894406,-0.0004151568852251733
51.132569800000056,-0.00031509449679442377,-0.0004168323197773823
51.17635799999698,-0.00031463659989624734,-0.00041619429671522075
51.22439830000076,-0.00031551243865332313,-0.00041552547882526023
51.280832700002065,-0.0003150990382616262,-0.00041733268116859226
51.32518749999872,-0.00031571854784970006,-0.0004156722990701112
51.37630999999965,-0.0003146897055716602,-0.0004163987416595284
51.42997199999809,-0.00031558535670269956,-0.00041558255059479286
51.4756675000026,-0.0003147745520126444,-0.0004168018618190047
51.52782019999722,-0.0003155836194035061,-0.0004154462765360885
51.586542400000326,-0.0003148911706385117,-0.0004161473599884932
51.63078249999671,-0.00031463500960168464,-0.00041653260982608053
51.68001910000021,-0.0003154817203920551,-0.0004158860772652577
51.73061199999938,-0.00031477370470153423,-0.000415741286374869
51.77528999999777,-0.000315282888341231,-0.0004170727742281778
51.825937699999486,-0.00031556399218143634,-0.0004153573410604377
51.87723299999925,-0.0003146609974357916,-0.00041649759369719513
51.92475600000034,-0.0003156748458854304,-0.00041568134214750916
51.98154120000254,-0.00031471731096740726,-0.00041662904095582864
52.03322889999981,-0.0003152164651964687,-0.00041581273873001276
52.07675429999654,-0.00031499769255202383,-0.00041719551560079923
52.13070829999924,-0.00031551166195239734,-0.00041597260098677865
52.17472529999941,-0.00031504993566186203,-0.0004163943006397542
52.224881499998446,-0.00031566330439544444,-0.00041552374651651934
52.273813300002075,-0.0003155191109271676,-0.0004154318001215769
52.33034790000238,-0.0003150519594430048,-0.00041653633360292297
52.382428199998685,-0.0003155710843749355,-0.0004154267498502646
52.432557799998904,-0.00031543981329204264,-0.00041594857074231763
52.48064589999558,-0.0003148592194967793,-0.0004159841637375355
52.530469500001345,-0.0003155438346169298,-0.00041554429701115873
52.577636499998334,-0.0003150980615207158,-0.0004174073220343028
52.630148099997314,-0.00031481761250115267,-0.00041669108906137125
52.67670720000024,-0.0003151925585420349,-0.0004170094360046228
52.731211500002246,-0.0003155330595027955,-0.00041558567631669633
52.78117570000177,-0.0003149451205719213,-0.0004171955838573108
52.83429259999684,-0.0003153008572342712,-0.0004171263263242688
52.88363360000221,-0.0003154364805801584,-0.0004159157919404226
52.93306989999837,-0.0003155130830489711,-0.0004161697340522061
52.98285780000151,-0.0003155014544064777,-0.00041521173476674866
53.02698489999602,-0.00031569970077024735,-0.0004156773871778241
53.07768219999707,-0.00031535974097659776,-0.0004159814207261619
53.13210930000059,-0.0003147788327883783,-0.00041654267649024945
53.18032040000253,-0.00031543999839952753,-0.0004157051952059266
53.22989009999583,-0.00031475899513463637,-0.00041647099830464024
53.284287599999516,-0.0003156357241351466,-0.0004152626654097851
53.33017039999686,-0.00031571765212176373,-0.00041572405136145255
53.37544270000217,-0.0003153536129118755,-0.0004156866855565577
53.43200660000002,-0.0003154775025215578,-0.00041593887196720127
53.47632059999887,-0.0003148239651195839,-0.00041662557417896306
53.529568600002676,-0.0003156608211262986,-0.0004154178547378402
53.58169829999679,-0.0003156104661949628,-0.00041581613636773953
53.63220690000162,-0.000315710012710438,-0.00041538682636352585
53.679426999995485,-0.32963942608334024,0.42860877021496613
53.732234800001606,-0.5029114122282746,0.8611263366633118
53.78217220000079,-0.7112244075856472,1.3091601973743006
53.83115019999968,-1.1074585646970394,1.826907796095018
53.874816600000486,-1.5627487323039508,2.457857001123441
53.9293508999981,-2.260977813243816,2.3997926611506393
53.98175479999918,-2.2544616270333773,2.229717290226003
54.03431249999994,-2.1142929040488156,2.0632464466744227
54.07977209999808,-1.9011765641685536,1.8997454395192312
54.12899340000149,-1.7503289893602008,1.7496811619170431
54.18646450000233,-1.6137802960900214,1.6130690037790605
54.230866899997636,-1.4886455263009581,1.4885433370805796
54.27714140000171,-1.3737695608268676,1.3737241544770884
54.326390599999286,-1.268326335392468,1.2677802608673518
54.38318559999607,-0.6604592252505712,1.8080767651613312
54.434564399998635,-0.22363528059685991,2.2110587107417663
54.48450269999739,0.20959164071910497,2.6716457439328263
54.5290090999988,0.7220492499281417,3.275207066615777
54.58375900000101,1.3384876324878408,4.044683428978471
54.63107930000115,2.5559933681886906,4.962538162268027
54.677901800001564,3.8177889157913647,5.781575680606617
54.728528200001165,5.149164641674527,6.537788281099821
54.78571699999884,6.37424264349408,7.231505983117468
54.83367290000024,7.47760081633678,7.8993543074440105
54.880403999995906,7.721135161098799,8.210515957102514
54.92581849999988,7.628754845385105,8.393867050742424
54.981074600000284,7.607673320854163,8.391820314168218
55.036374199997226,7.629341409473246,8.370161003490885
55.07491399999708,7.650076049956652,8.349547742260683
55.12584190000052,7.668271491209679,8.331167469222704
55.17522669999744,7.684663198226681,8.314856821177683
55.232597299996996,7.699735495834282,8.30006512702513
55.27534899999591,7.713918596484825,8.285944143309665
55.32908049999969,7.726628120446602,8.272712440954898
55.37365019999561,7.738725210812414,8.260882224853145
55.42561389999901,7.749387152283738,8.24997517137256
55.48508900000161,7.759380166524769,8.240301657284864
55.53179649999947,7.76790423686357,8.231367542652597
55.58254329999909,7.7760217043315585,8.223712236031151
55.63084649999655,7.782858172891439,8.21670280764687
55.67616799999814,7.788689354272485,8.210776732690716
55.72523799999908,7.794114586221578,8.205513766055606
55.78282300000137,7.799471264991016,8.200676716347969
55.82977540000138,7.803366855381561,8.1965862511735
55.88575249999849,7.803549246408094,8.196361441106896
55.93232100000023,7.802709352525212,8.197176729648548
55.98283509999601,7.801334431669465,8.198617375909405
56.02933800000028,7.79829526843376,8.201658667223626
56.08353039999929,7.792810588996462,8.207156572730307
56.125606900001,7.784001538859156,8.215962015514105
56.17616629999975,7.771096161320904,8.22887106281215
56.23202299999684,7.751649567361243,8.248300569738864
56.28380040000047,7.722244114892022,8.27775147272342
56.332881800000905,7.676243793945474,8.323717472201515
56.37665500000003,7.5968517007917225,8.403017430685699
56.42447099999845,6.701356444571743,7.353087575277374
56.48488399999769,5.818637008150916,6.460323683014187
56.52981549999822,4.737340398001131,5.5812795942361175
56.5810932999957,3.8508685199113546,4.604621184034826
56.62485359999846,2.908641346650433,3.795796323687234
56.675371699995594,2.0535261500954127,2.895281682642113
56.73200910000014,1.1763720515532996,1.972562817772392
56.78131449999637,0.6145861694395456,1.1574295729388093
56.83277300000191,-0.00020953166242614115,0.34341680210505127
56.87810919999902,1.5600249536610128e-05,-0.00014664615498587914
56.93126569999731,1.5901454020187042e-05,-0.000134820297281676
56.983220499998424,7.163767895553508e-06,-0.00012856533131427734
57.03168300000107,2.0040430825919215e-05,-0.00010692763588999211
57.07477269999799,2.0023123598046146e-05,-0.00013679809610639036
57.13290309999866,-1.1854185988363123e-05,-4.934987273272652e-05
57.1746284999972,-2.842906621223984e-06,-0.00034443211829326373
57.22921150000184,-2.382834214386017e-05,-0.0003229376460911233
57.28021769999759,-8.292872166744324e-07,-0.0002829184486352106
57.33251169999858,-0.00017107495313688488,-0.0002599611781283719
57.38122779999685,-5.155511111351791e-05,-0.0002318148774604233
57.425476600001275,-2.6896997340472776e-05,-0.0003133544112298948
57.48009789999924,-9.070961022312863e-05,-0.0001554127625923912
57.53188190000219,-0.00020301618288136352,2.6075276315915614e-05
57.582900000001246,-0.00019322301376682786,7.638109289494467e-06
57.63191999999981,-1.4885544974411361e-05,-0.00022714107438253012
57.68033199999627,2.365761577193165e-05,-0.0002532110850993966
57.725105699995765,-8.08920200101201e-05,-0.0002341335818222715
57.77591440000106,-0.0001042844161302583,-0.0001680050959573136
57.83315919999586,-6.525349976468473e-05,-0.00020639722503317014
57.874209900001006,-0.00010943083807996522,-0.000142153975068943
57.926553299999796,-0.0001248046889001373,-0.00019529842416592165
57.97384439999587,-0.00012343560120137173,-0.0001785899868655284
58.026300400000764,-0.00021539267383012623,-0.00020507772667814655
58.07421189999877,-0.00022251893287410376,-0.0001505901059627928
58.12412449999829,-0.00018333523899009957,-0.0001458457509206306
58.175101499997254,-0.00014774061209970492,-0.00018560912582448014
58.23448900000221,-0.00019001362865360492,-0.00021485386485491168
58.27719839999918,-0.0001649030557381757,-0.00015762988820882347
58.331799200001115,-0.00023011893573447983,-0.0002480356128819394
58.383237199996074,-0.00017954719319639322,-0.00019324578303107968
58.429845300001034,-0.00019705714917599195,-0.0001937811387352917
58.475971499996376,-0.00012257004530774653,-0.00031442631858166395
58.533259899995755,-0.00010605307236839014,-0.00018412148411466164
58.576183799996215,-2.015854860814097e-05,-0.00024111877015003003
58.626693300000625,-6.766975330082395e-06,-0.0001956870395280341
58.67422739999893,7.41864090158704e-06,-0.00021685366115013852
58.732513000002655,-2.25757586846838e-05,-0.00017930134182935102
58.78511029999936,-0.0003331542107964771,-0.000627527962660677
58.82694719999563,-0.0001189556991631496,-0.0005646502257099677
58.87713359999907,-0.0004280188742101754,-0.000387769285359374
58.92862590000004,-0.00039928848600829223,-0.00017185523160094792
58.97453439999663,-0.0006537796571678939,-0.00014989571951445186
59.03172790000099,-0.00022000580947583015,-0.00036658502692301194
59.08590639999602,-0.00027516789584675224,-0.00041109820099202303
59.13184799999726,-0.0002071612476283601,-0.0005002363968389815
59.182224600001064,-0.0002544910985057765,-0.00047992244315308435
59.22894649999944,-0.00026394629512588015,-0.0005071849311424969
59.28460079999786,-0.0003967183030140781,-0.00046538036633255044
59.32514020000235,-0.00038905863668508195,-0.0005074295750254272
59.382188399998995,0.00033992387624136674,-0.0005390664512775917
59.42593530000158,-5.196979512842212e-05,-0.0006798065782197169
59.48137929999939,-1.2560107620623007e-05,-0.0005653532160758897
59.531059100001585,-0.0006849365565396618,1.0061138000500422e-05
59.579730199999176,-0.0007756943841878907,1.321308616963215e-05
59.625337199999194,-0.0005869075796865889,3.428280372917353e-05
59.68059849999554,-0.0005723593819344952,-1.46342863382923e-05
59.7339764999997,-0.00037959431677950836,-0.0004981960048169693
59.78084659999877,-6.740308750027175e-06,-0.0006453943447234506
59.82975450000231,-0.0005623950745108446,-0.00010896428560553355
59.88192800000252,-0.000699935849991467,-7.744327603638862e-05
59.92518810000183,-0.0006734687276253437,-6.437295583247164e-05
59.98015299999679,-0.0005775261319789858,-0.00013228238625589723
60.03142549999757,-0.0005298611981178359,-0.00022414598445090638
60.074186500001815,-0.0005427253847227197,-0.0002989311458367478
60.13367589999689,-0.0005588665164484282,-0.000339957371009437
60.1817927000011,-0.0005883076476648131,-0.00031059868760282476
60.28790289999597,-0.0005299581696153348,-0.00022326393056541926
60.309355600002164,-0.000264744212147225,-0.0002305940389079495
60.357874399996945,-0.00036487341353310017,-0.0002190920057709028
60.40946239999903,0.00022728093007622278,-0.0003695050699637149
60.45607709999604,-0.0004832080791497004,-0.00038135810997989286
60.50697109999601,-0.00029951952384972596,-0.00029487957179381613
60.55643350000173,1.737639809817004e-06,-0.0007246858988908472
60.6076991000009,6.525636114803605e-06,-0.0006647494093190388
60.656806599996344,-0.00021611143612425366,-0.00041422059587911767
60.70888820000255,-0.00018174389726503956,-0.0003882650061127099
60.75596580000274,-0.00023716074402095976,-0.00034672270075030895
60.80834660000255,-0.00021413923230177787,-0.000482413445690665
60.859821599995485,-0.0003993731207963591,-0.0004634812632133389
60.90739010000107,-0.0003190648801165429,-0.0005173221298785183
60.95649389999744,-0.00029110370584612793,-0.0005404572862470129
61.007789199997205,-0.000446571127899063,-0.00036571957888755223
61.0574209999977,-0.0005534367474473236,-0.0003286097802867946
61.1065282999989,-0.0005278488087515728,-0.0003844194503277843
61.15714409999782,5.23245088146234e-05,-0.00037083283190855244
61.21358759999566,-8.850403609424109e-05,-0.0004277180518986696
61.26318960000208,7.302217847056798e-06,-0.00045548087308516197
61.30952149999939,1.2388204240203814e-05,-0.00037114855895306153
61.359286099999736,3.9773351456753207e-05,-0.00045311365082250125
61.40667150000081,-0.00013897347512775273,-0.00037031226022279365
61.459854599997925,-2.4624820404982208e-06,-0.0003749157996835451
61.50682879999658,-0.000551454553127523,-0.00012499266884841124
61.55722550000064,-0.00043975518063134767,-0.00020726842461231456
61.61000690000219,-0.0007046484454609074,-6.206278846395941e-05
61.659942400001455,-0.00038411044717693926,-0.0005029672193848598
61.70678699999553,-0.00041774646835644036,-0.0004872468123975455
61.75808439999673,-0.0003291765442392315,-0.0004927723879502266
61.81144179999683,-0.00045908173982883883,-0.0004322053100415156
61.85757990000275,-0.0003721706782700251,-0.00043948176878818137
61.908187900000485,-0.0004953180435532143,-0.00022573755109604927
61.958263599997736,-0.0006073377489818742,-0.0002250498591593198
62.00764799999888,-0.0005611185728509098,-0.0003077988641297575
62.057817299995804,-0.0004860976304090848,-0.0003158252129819824
62.10890140000265,-0.0005476124465002163,-0.0002400938966084413
62.15619429999788,-0.0005310398277506205,-0.00015637571371123458
62.207340799999656,-0.0005376353047152176,-0.00012295841682602484
62.25696579999931,-0.00031450114876815574,-0.0005086350635677522
62.31949259999965,-0.00027017251564836976,-0.0004089055507084585
62.35824219999631,-0.00025611678271524887,-0.0004596661588475745
62.406494299997576,-0.00027098981342782414,-0.0005367587256891826
62.45821959999739,-0.00024914833840477353,-0.0005787307730048105
62.50969339999574,-0.000656342820271892,-0.0002910180198378391
62.55690329999925,-0.0004428346982444896,-0.00036082036013463937
62.607949299999746,-0.0004595558444011077,-0.00028040878674579335
62.65681690000201,-0.0004868267036608572,-0.0003317701564031597
62.70872039999813,-0.0005678894103416106,-0.0003130529795835844
62.76075049999781,5.840419809441259e-05,-0.00030419455727677733
62.808860899996944,-0.000525638560766931,-0.00021285388972495998
62.85841729999811,-0.0006472639999041346,-0.00016301993340788316
62.90769999999611,-0.0006543898736674494,-9.475717183122739e-05
62.95841639999708,-0.0006789229172641927,-3.4956773453647174e-05
63.006112099996244,-0.0007846133407834481,4.200105402361145e-05
63.057337300000654,-0.000796762440282185,-3.0134509543240615e-05
63.10778410000057,-0.0004137019075812488,-0.0004779928039713051
63.15953759999684,-0.00040007878112652934,-0.0005122915137881417
63.2080833,-0.0003236773300107944,-0.000506893872065656
63.259537300000375,-0.0002686285831998136,-0.0004875865877609468
63.30739499999618,-0.0004809032574883918,-0.00038335132370729804
63.36508859999594,-0.00013889116638459825,-0.000665278751522445
63.410231800000474,-0.00012268381608387992,-0.0006774691409093312
63.46105069999612,-0.0001463318450411414,-0.0006730203064862317
63.50966579999658,-6.526804439685003e-05,-0.000656717180892175
63.55669830000261,-0.00022742522505219057,-0.0006163898271911382
63.60982549999608,-0.0005210366447630962,-0.0003156986411955971
63.65968129999965,-0.0005144115250213786,-0.00018383873732201586
63.70904529999825,-0.0005159733492024785,-0.00023144661777101382
63.759986400000344,-0.0002529428055452689,-0.00017794116856644133
63.8080340000015,-0.00035476370401355434,-0.00021749242444794967
63.85857450000185,-0.00032541950653606144,-0.00021490019748153592
63.907344100000046,-0.0004446482721577606,-7.350662364343522e-05
63.95721780000167,-0.00036482095682190314,-3.412253664068435e-05
64.00836200000049,-0.00042891897678043304,-8.012762618965774e-05
64.05695030000061,-0.0005825498054617668,-0.0001923037138639595
64.10698820000107,-0.0004783506635188565,-0.0004259625675740939
64.1582999999955,-0.00024475633821901237,-0.0005362251485178456
64.20806530000118,-0.0006155780483525405,-0.00028583622557749145
64.26071709999815,-0.0005266184451183714,-0.00030163313432525653
64.3081583000021,-0.0006245353417484739,-0.0002011570019110763
64.3582482999991,-0.0006184284741146437,-0.00020600483295878149
64.40718509999715,-0.0004163434990490422,-0.0004728710525150103
64.46747799999866,-0.00015928576946315972,-0.0006488651363331391
64.50791590000154,-0.0001654823130969216,-0.0006267387236864987
64.55752689999645,-0.0004418479170099855,-0.00038131497009933604
64.60693100000208,-0.0002816024598394962,-0.0005146412432102947
64.66094319999684,-0.0004578346361536037,-0.0004306257273552521
64.71924220000074,-0.00041663973942075743,-0.0003906720398300576
64.76916109999729,-0.0004935618720012864,-0.00033382621645918
64.80892180000228,-0.0005781650999749909,-9.325973940885682e-05
64.86574039999687,-0.0009611400718025017,-4.992666078345184e-05
64.91710759999842,-0.0006604476025646979,-6.070287144061056e-05
64.96913219999988,-0.0005474761174251878,1.13962666081872e-05
65.0079065999962,-3.196434353317102e-05,-7.229005218885102e-05
65.07094540000253,-0.00016940789313597216,-0.00017592205486823226
65.11681829999725,-7.633742083464258e-05,-0.00043890346095385097
65.16390870000032,-0.0003453444091532781,-0.0005331726981372472
65.21848569999565,-0.0002169485314953601,-0.0005880535863492186
65.262888199999,3.059705644406516e-05,-0.0006833587595586692
65.31902740000078,4.704814315918798e-07,-0.00016376092047981698
65.3625882999986,-0.00023720333919313098,-0.0005536460188649733
65.40993119999621,-0.19233311208574805,0.33036253457727316
65.45880680000118,-0.4241967780298365,0.6768631389349818
65.51295089999621,-0.6335167652683272,1.22726967080944
65.56369070000073,-0.8571058758251285,1.5800712123047838
65.60831509999844,-1.3201497301959646,2.242980731973239
65.65857909999613,-1.900666726264565,2.7619677754721548
65.71104999999807,-2.6624503734179967,3.192200726714281
65.7622784999985,-3.5315448010536925,3.504703086109852
65.8072245000003,-3.6015211154269835,3.600247765660558
65.85792770000262,-3.6011087129372137,3.600286266734047
65.90681490000134,-3.5994203567636127,3.599459442082138
65.96005889999651,-3.6001048155529047,3.5995811433571383
66.00860660000035,-3.600196552297767,3.6000937838312277
66.05630579999706,-3.600045387755681,3.5998154311657746
66.11153770000237,-3.6002095246799994,3.5997157377821876
66.16640010000265,-3.6000287365613906,3.599932768867017
66.21059760000207,-3.6003899640734405,3.6000471862351353
66.25759960000141,-3.600023048034912,3.5996554806983223
66.30775749999884,-3.600266431186229,3.599795333905121
66.35995559999719,-3.5046064300497446,3.5042757621936484
66.41146760000265,-3.2332687687565698,3.2331888057354985
66.45727790000092,-2.979670016104556,2.9795017197101146
66.51003489999857,-2.7472933898972944,2.7469817264065295
66.55911599999672,-2.533320293219444,2.5331899789693875
66.61999349999678,-2.3366810502758537,2.3365019687795834
66.65873920000013,-2.1549164772054716,2.1545564544324813
66.71428590000141,-1.988641382876125,1.9886702729720143
66.75716020000255,-1.835681300784472,1.8355069788220504
66.80857639999886,-1.694481837486439,1.6942186623293365
66.85822989999724,-1.5643188977278273,1.5636731878525556
66.90745969999989,-1.444742141345478,1.444112422210934
66.95763450000231,-1.3341412875663818,1.3339708359219642
67.00864400000137,-1.2324479101909789,1.231835473969956
67.05768349999562,-0.6070992201925883,1.6830952594547641
67.10653839999577,-0.31661388354167863,2.1372705400355785
67.15891440000269,0.2412978687702107,2.6357184710404584
67.21171630000026,0.7603969847844632,3.204721562343467
67.2572461000018,1.4048403024694707,4.139211645813407
67.30741249999846,2.7000923352607478,5.065619629283513
67.3583948000014,3.839468632408079,5.973126194883696
67.40675109999574,5.0861607473586385,6.758574746430734
67.4594098000016,6.369309865048827,7.428664076888964
67.50765590000083,7.525758784550954,8.064642637751493
67.5616766000021,7.689459580021049,8.366778461386222
67.60987629999727,7.641878494106656,8.358084012179797
67.66148119999707,7.656156962685881,8.34346913750388
67.71337889999995,7.671164497955506,8.328347599693247
67.7573068999991,7.685226269612378,8.314421380064742
67.8069400999957,7.69678109434382,8.30310009896165
67.85885749999579,7.706352714746683,8.293607492050185
67.90701319999789,7.714704223936951,8.285099357076078
67.95720689999871,7.721969415873737,8.277464414585745
68.00785739999992,7.728754606601217,8.270845938580358
68.05923729999631,7.734473390220993,8.265423847134501
68.10856000000058,7.738043384888121,8.26162637608419
68.1592698999957,7.740161896772951,8.259442750567688
68.20922129999963,7.74077441760254,8.258827782768558
68.257265799999,7.739755463550905,8.260116097724133
68.31250829999772,7.735624054578696,8.263948520283751
68.3616073000012,7.728952464231809,8.270785346191518
68.41105239999888,7.7180926847429765,8.28146281314772
68.46243210000102,7.702162100871436,8.297553805650267
68.5099723999956,7.678190030297674,8.321419200622344
68.56287819999852,7.642526547693709,8.357370961733553
68.61310619999858,7.5860162279043655,8.413763274370298
68.66494670000247,7.490319538102572,8.509147980393385
68.71688429999631,6.623502781796622,7.435898029690925
68.75760720000108,5.761673281509865,6.523286815659301
68.81203500000265,4.894263586045981,5.618671271442561
68.86332330000005,3.978207353089746,4.72371546094592
68.90766179999628,3.101628222912255,3.8347504041887217
68.96595230000094,2.219776439300408,2.9747339382439675
69.00934419999976,1.3438095951453444,2.119482496948393
69.05858879999869,0.490261117805531,1.2396841222149033
69.11143399999855,-0.00014370970271030276,0.4267002352665108
69.15991049999866,-0.00030211240429384276,-0.0001820757361857029
69.2065231000015,-0.0004322516010076352,-0.00027750833205778127
69.25923650000186,-0.0001339058798067935,-9.564394463481466e-05
69.30826800000068,-0.00012534264177700436,-9.175215848972525e-05
69.35900720000063,-0.00011786647213807588,-8.679775701886917e-05
69.40907460000017,-0.00010179184362645015,-7.738324651278564e-05
69.45834140000079,-8.618636031529128e-05,-6.795304229214521e-05
69.50718429999688,-5.615534229291471e-05,-4.988033740203632e-05
69.55770150000171,-9.937574336769683e-05,-7.590927321762956e-05
69.60954520000087,-9.82777088210752e-05,-7.48708217088172e-05
69.65682119999838,-0.0001313808876358859,-9.478361715871364e-05
69.71093439999822,-0.00014737562170645007,-0.00010397770522494814
69.76725530000112,-6.930185629811849e-05,-5.80086398611049e-05
69.80987879999884,-0.00012164301992368553,-9.103645953059947e-05
69.8652191000001,-0.00012051114430822772,-8.770532971277764e-05
69.90943849999894,-0.00014644031520753194,-9.793114460364683e-05
69.96648940000159,-8.986739290514783e-05,-7.01745320020417e-05
70.01268829999754,-7.06861605193723e-05,-5.9731230104817214e-05
70.0664700999987,-0.0001791909835626364,-0.00012269266838905437
70.12100490000012,-0.00015830266346677452,-0.00011060300596960968
70.17509640000208,-8.050994995686168e-05,-6.420152118656994e-05
70.21480870000232,-0.00019178637655790486,-0.00013161393587770174
70.26094919999741,-0.00026217690249384076,-0.00017250187879896053
70.30845179999596,-0.000176967431819903,-0.00012279706712489132
70.35788299999695,-0.00014997656467301057,-0.00010684593248742003
70.4171129000024,-0.00030352114248661084,-0.00019774891987793227
70.46501239999634,-0.00011417617673548,-8.572322782390573e-05
70.51136609999958,-0.00014950683175378178,-0.0001029936855017771
70.56608299999789,-0.00012644549194375097,-9.326042837406118e-05
70.60814369999571,-0.00015273458897639813,-0.00010516334590034483
70.6603099999993,-0.0002365724462108293,-0.00015870315656813102
70.71534760000213,-0.0001371543953133903,-9.849632772252956e-05
70.76372399999673,-0.00016295536022242733,-0.00011379558078940114
70.81715409999742,-0.0001107258223332861,-8.240472775177072e-05
70.86300599999959,-7.045211547491607e-05,-5.84694471291432e-05
70.91406989999814,-0.00015339407131180675,-0.0001072496273318138
70.96201650000148,-8.009171281194443e-05,-6.45216907274497e-05
71.00945789999969,-0.00010839156199270847,-8.029594146381655e-05
71.06354740000097,-0.00010380683876941491,-8.334802947114662e-05
71.10950159999629,-0.00015451075326427025,-9.475186038303225e-05
71.16089199999988,-0.00025400900201008006,-0.00016273372698739848
71.21069929999794,-0.00015050873627424198,-0.0001050799035887775
71.25872920000256,-0.00025455322578168455,-0.00016569439971799194
71.31140500000038,-0.0001179402265573146,-9.395022677371198e-05
71.35753000000113,-0.0002011236576839829,-0.0001382869760703489
71.41013179999572,-0.00020952006529762607,-0.00014345599315919148
71.4591500999959,-0.00014131501343009486,-0.00010267470252771437
71.51195390000066,-0.00018192663215918126,-0.00012519696744520546
71.56760699999722,-0.0002139672362902046,-0.0001455055030028027
71.60789690000092,-0.00015776958357543333,-0.00011174840787834738
71.6586982000008,-0.00010954987467736674,-8.245488394815443e-05
71.7098960000003,-0.0001626207341233747,-0.00011570364799641586
71.7573809999958,-0.00013774011917169497,-9.959761667284216e-05
71.80739969999559,-0.00013362937050245095,-9.609390589438666e-05
71.85724160000245,-0.00020794193766349623,-0.000141416446587628
71.9093337000013,-0.00023730192832998548,-0.00015850950414174453
71.95771100000275,-0.0001904090667417056,-0.000134374417092673
72.0090207999965,-8.50627845939389e-05,-6.523611504906184e-05
72.0596372,-0.0002557022274865786,-0.00017210864573462007
72.10743219999858,-0.00020672430612345415,-0.0001417905166885648
72.15988749999815,-0.00013590101848328734,-9.830889692647211e-05
72.20663849999983,-0.00027303465346995026,-0.0001796228259888651
72.25942689999647,-0.00023729696971868614,-0.00015902137771131765
72.31095590000041,-0.00011838056211422111,-8.77029147473278e-05
72.35823959999834,-0.0001330404899581226,-8.84513243135932e-05
72.40879100000166,-0.00023134612176538115,-0.00015404759463459169
72.45918469999742,-0.0002010069601379118,-0.0001384116720926069
72.50794289999612,-0.0001187358817046386,-8.795732761206165e-05
72.55982349999977,-0.00021832310666016532,-0.00014541659897664779
72.60658559999865,-0.00023734016272341463,-0.00015876882399552963
72.65720809999766,-0.0002658110563716767,-0.000176929708961559
72.70694669999648,-0.00012665461270890008,-9.26715860942633e-05
72.76422789999924,-0.00011942908692564227,-8.848229016951434e-05
72.80879209999694,-0.00016387503638543106,-0.00011558565797553709
72.85845610000251,-0.00010337659537294911,-7.857134274043685e-05
72.90817099999549,-0.00018386727650995688,-0.00012671304989281143
72.95764739999868,-8.773649979873445e-05,-6.85176465285998e-05
73.01043039999786,-0.00016276179217750101,-0.00011463366275139086
73.05826279999746,-0.0001604142704893473,-0.00011367461624581091
73.11753529999987,-0.00017606068576388436,-0.0001233427114336209
73.15816089999862,-0.00027874159371811216,-0.00018543918751722047
73.20959739999671,-0.000143337106406492,-0.00010465159662995385
73.25664980000147,-0.00018911349393155896,-0.00012942898001614737
73.30877099999634,-0.0002012884753990146,-0.00013778358616576162
73.35871780000161,-9.079871534653749e-05,-7.105640372716638e-05
73.40941709999606,-0.00012023945248363369,-8.817988320164429e-05
73.45930760000192,-0.00016992753923989758,-0.00011881438266367048
73.50885879999987,-0.0002728716489212022,-0.00018048171652412226
73.55826589999924,-0.00018075160798677352,-0.00012653773241283337
73.6071895999994,-0.0001160559036429431,-8.607709845670265e-05
73.65769379999983,-0.00013508082745707905,-9.969934696560838e-05
73.70830289999867,-0.00018818442791299536,-0.00013046176393928822
73.75732900000003,-0.00014650168740374593,-0.00010462597848745065
73.80735869999626,-0.00019441351271097456,-0.00013425790665526382
73.85891229999834,-8.978662631173447e-05,-7.069727329517606e-05
73.90768450000178,-0.00025279306790112224,-0.00016790338477762237
73.95700729999953,-0.00028158617885777837,-0.00018631292702036631
74.01165999999648,-0.0002856815675193153,-0.00018878092755312954
74.05946689999837,-0.00016998066203494943,-0.00011855953001201445
74.1060404000018,-0.00012576974084422876,-9.226375515076743e-05
74.16605939999863,-7.673737161269463e-05,-6.348208748489427e-05
74.21077330000116,-0.00013391834619027454,-9.697783038892418e-05
74.26104369999666,-0.00013151502220045273,-9.592021223198202e-05
74.30959099999745,-0.00011285462901977389,-8.41677864556633e-05
74.35861070000101,-0.00018995734092384234,-0.00013163901437965048
74.4075176999977,-9.399347455927311e-05,-7.668942554335757e-05
74.46135749999667,-0.00011911003574572188,-8.417517741746421e-05
74.51200329999847,-0.00016677584313579577,-0.0001178871020669175
74.55745410000236,-0.00017654458845957653,-0.00012181463868785084
74.60812350000197,-0.00023223479708205073,-0.00015589467645056387
74.65701989999798,-8.526066430655473e-05,-6.780688838025542e-05
74.708217899999,-5.974206760411798e-05,-5.187248117611345e-05
74.75845709999703,-5.781183012315348e-05,-4.9007162441574264e-05
74.80792739999742,-0.00010686983684681475,-7.976997978613288e-05
74.85826580000139,-8.814938964882257e-05,-6.568540458207054e-05
74.90911410000263,-0.00011107114747399132,-8.359561148228937e-05
74.95946549999644,-9.649260511177806e-05,-7.432622646699742e-05
75.00870530000248,-0.00010827247973754058,-8.04586041941506e-05
75.05852099999902,-0.00011408538940227311,-8.48264491057799e-05
75.10769209999853,-0.00013134544176742323,-9.544455838060594e-05
75.15741239999625,-0.00013122886573526226,-9.5461366001526e-05
75.20597679999628,-9.384615018435125e-05,-7.278353340758722e-05
75.2639921000009,-5.813608150445445e-05,-5.044129197822938e-05
75.30864540000039,-7.197917470398481e-05,-5.992606022560397e-05
75.35958140000002,-6.933156257999733e-05,-5.7477095397278136e-05
75.4072251999969,-8.268422697085259e-05,-6.72936018529108e-05
75.45917339999869,-0.00012593187044286432,-9.175827894941986e-05
75.50719029999891,-7.414124016398545e-05,-6.096696108971821e-05
75.55754870000237,-0.00010091985411807172,-7.638901125806896e-05
75.60698019999836,-0.00010227369329217396,-7.642434881681622e-05
75.65629590000026,-9.502614299892304e-05,-7.22186678478779e-05
75.70665860000008,-0.00017976325627518837,-0.00012202092935781396
75.75955979999708,-9.734070687837184e-05,-7.479797819252882e-05
75.8079740999965,-0.00014346850263372414,-0.00010363476170431771
75.85731849999866,-0.00014563636106538314,-0.00010406135876945636
75.90649080000003,-8.92391908814136e-05,-6.985092818503457e-05
75.95982820000063,-0.00016086588909852419,-0.00011376095501024749
76.00805540000147,-0.00014027595738333486,-0.00010050129196559887
76.05705009999656,-0.00011290127819318695,-8.380012488450979e-05
76.10957849999977,-8.755736469753723e-05,-6.900803444238353e-05
76.15793169999961,-0.00010301620969609236,-7.832900602793399e-05
76.20818919999874,-0.00018292996628607486,-0.00012557839053484627
76.25803459999588,-9.886249254252256e-05,-7.628938918740659e-05
76.3168547000023,-0.00010925271407568536,-8.216553731452207e-05
76.35948639999697,-0.00011073980008557507,-8.328973440844589e-05
76.42488530000264,-0.00010460216878792614,-7.911338062463238e-05
76.468615400001,-9.98011361109502e-05,-7.729875100028905e-05
76.51989170000161,-0.0002082709373854069,-0.0001415508398105673
76.56594469999982,-0.0001201999493661898,-8.79522195196404e-05
76.6182095999975,-0.0001316508015493283,-9.539495069129534e-05
76.6706303999963,-0.00010103331304921096,-7.586252794105634e-05
76.71732589999738,-6.925712243150748e-05,-5.807203079995722e-05
76.75884280000173,-8.290631652315702e-05,-6.567904501294921e-05
76.81936249999853,-9.791538015955641e-05,-7.462458271000775e-05
76.86773959999846,-8.693779953724966e-05,-6.794028481061569e-05
76.91694270000153,-9.441175699018756e-05,-7.22250060729616e-05
76.96951170000102,-6.591098440373318e-05,-5.361488841144984e-05
77.01797049999732,-0.00010231792719205029,-7.447848773083777e-05
77.06059180000011,-7.861247040004819e-05,-5.977580251238764e-05
77.11418489999778,-6.098093523482318e-05,-5.2692996906820965e-05
77.15901560000202,-0.00014085810886591094,-0.00010078362687244176
77.21042029999808,0.4228795851334871,-0.5537990614766564
77.25891689999844,0.6434450632566091,-0.936137696746424
77.30725689999963,0.8079526962873093,-1.3059575022994652
77.35885530000087,0.9778200624399163,-1.6048969137575424
77.42018989999633,1.1847748960608695,-1.808237081696584
77.45876370000042,1.4873689373535492,-1.8995763313482945
77.50969259999692,1.9254061368180233,-2.4253133307224193
77.55903209999815,2.304577795776166,-3.1162653158079343
77.60647479999898,2.481533746097167,-3.600394296322398
77.65643660000205,2.58777686361171,-3.6003824064757968
77.70896709999943,2.60555338342086,-3.6005177692956525
77.76081819999672,2.541601237023992,-3.600999740546038
77.80712250000215,2.413577717774479,-3.6213752831105155
77.85686249999708,2.6357497890641177,-3.6003736776491246
77.91321939999762,3.1466097638797614,-3.5996961854671765
77.95939379999618,3.5998449101886787,-3.599515740722374
78.00656689999596,3.600278774272965,-3.5997645597395915
78.05627470000036,3.5998291801684292,-3.5993215610522453
78.10696430000098,3.5052133630978486,-3.5050291869959427
78.15711089999968,3.235059599236799,-3.2350726790373043
78.20787349999591,2.981685890860973,-2.982169342219397
78.25788420000026,2.7497819500278884,-2.749867661353555
78.30851869999606,2.537452693630231,-2.537468932197088
78.35893139999826,2.342283567433161,-2.342612722448666
78.41006339999876,2.162263629669779,-2.1625252771775445
78.46115319999808,1.9965359303261747,-1.996608948402952
78.51424340000085,1.8444361416469213,-1.8444251291459262
78.55823480000254,1.7035131956445622,-1.7038230738096027
78.60863889999746,1.5729110794928722,-1.5735769258666075
78.66189350000059,1.4530242618651876,-1.4537584964427759
78.7079173999955,1.3428117582923393,-1.3433973653061064
78.75999299999967,1.240586751046742,-1.2413761361368851
78.80811559999711,1.7559538699572432,-0.5140069415064055
78.85939869999856,2.2790207060994407,-0.19594250354720186
78.9095914999998,2.7306625266282745,0.2007784296146234
78.95693500000198,3.291686462293922,1.032704981062567
79.00784369999747,4.157002151208233,1.6245866272067533
79.05843569999706,5.0531669194315265,2.543855249974054
79.1074959999969,5.990812190255785,3.662782840068468
79.1580649000025,6.781500843390554,4.867167159452885
79.21051579999767,7.460004133826491,6.108568874807406
79.25701000000117,8.132367474194734,7.312238583951546
79.30803600000218,8.319261736605357,7.680489196202679
79.35986859999684,8.30875313703628,7.691011596310181
79.40861649999715,8.303575604618223,7.696269663921767
79.45890839999629,8.297398123778873,7.701853864085877
79.50810379999893,8.291124281743315,7.708317807886797
79.56999910000013,8.286513709885886,7.71298221539663
79.60903909999615,8.283841607038722,7.715861351795129
79.65693699999974,8.282956465069718,7.716684673204802
79.70868840000185,8.284201242588809,7.715295182786952
79.76057009999931,8.287832875332356,7.711811580028516
79.8075749999989,8.294428455557055,7.704971527946596
79.8619566999987,8.305449397880878,7.694026042298207
79.90799759999936,8.321880000796627,7.677629871459095
79.95788419999735,8.346227779498731,7.6532090060438
80.00823729999684,8.38263549087566,7.616975959784872
80.0601211999965,8.439103597142715,7.560527683378776
80.10869219999586,8.532499825837625,7.467010562930953
80.15741369999887,7.613949334165058,6.601594349545658
80.2083655000024,6.7188622357969505,5.700010291676881
80.26035269999556,5.776246559432891,4.854816025549421
80.30747279999923,4.853370769393925,4.020925404325225
80.35945479999646,3.913282925496689,3.1747066007877587
80.40755509999872,2.9761295188935657,2.3435565333744433
80.45930209999642,2.0136300957579487,1.502827480842965
80.50980700000218,1.1485564171439882,0.6457132391372598
80.55830279999645,0.19414226959986144,0.00023781061426780302
80.60635719999846,-0.0004621779033273089,-0.0005662678882591369
80.66739380000217,-0.0003712684423234871,-0.00042946491679646156
80.70944379999855,-0.0003335867033609358,-0.0003664888989401815
80.75993729999755,-0.0003162500786139974,-0.00033645422291608113
80.80944699999964,-0.0003077358831208982,-0.0003218391465335965
80.85981480000191,-0.00030360205647323303,-0.0003146681920700164
80.90760939999745,-0.00030173502608738,-0.0003112124374542092
80.95892199999798,-0.00030085183329070357,-0.0003095384281008472
81.00825130000158,-0.00030041583756229323,-0.0003086331488825902
81.05829549999908,-0.00030024599762018273,-0.0003082573277528171
81.1091557999971,-0.0003002106099274065,-0.00030792123216812
81.15778599999612,-0.0003001808023487789,-0.000307784770748178
81.20811479999975,-0.0003001612004286918,-0.00030759115963214915
81.25647290000052,-0.0003001628562042085,-0.00030732430921260955
81.31039430000237,-0.0003001691083141493,-0.0003072523256268506
81.35978109999996,-0.0003001802283412707,-0.0003070078117732412
81.40694660000008,-0.00030019797386854054,-0.00030685990631869033
81.4589233000006,-0.0003002203988526325,-0.0003067226546308972
81.50630789999559,-0.00030022425832093303,-0.0003066532588195774
81.55998900000122,-0.0003002182851878338,-0.00030647113683541675
81.60679140000138,-0.0003002715073478463,-0.0003063817611951946
81.65799239999615,-0.00030027703025220243,-0.000306129351824012
81.71409739999945,-0.00030030060188573644,-0.0003059908577300409
81.76501329999883,-0.00030029958200155927,-0.000305902304187764
81.80985079999664,-0.0003002989423687681,-0.00030564703458230987
81.85821399999986,-0.00030037427759571384,-0.00030567508475560514
81.90748650000023,-0.0003003197472599114,-0.00030533776329595084
81.95781390000047,-0.0003003677273797886,-0.00030523501478625013
82.00841219999711,-0.0003003938456317943,-0.0003051903776700246
82.05852510000113,-0.00030041717658007877,-0.0003049569729522486
82.10621929999616,-0.000300421022292716,-0.00030479349989493527
82.15900749999855,-0.0003004249065522967,-0.000304628555636683
82.20883959999628,-0.0003004253656739263,-0.0003045557515405978
82.25751599999785,-0.0003004718481473522,-0.0003043516711324691
82.30868480000208,-0.00030050572744671827,-0.0003042285298464119
82.35802169999806,-0.00030048932847564824,-0.0003041252275463643
82.40876379999827,-0.00030052808509578377,-0.00030391793439705144
82.45606360000238,-0.0003005468873333285,-0.00030386179032987814
82.50751569999557,-0.0003005306280172127,-0.00030357436429135205
82.55843430000095,-0.00030055549070689757,-0.0003035322915904732
82.60831979999784,-0.0003005691591510519,-0.0003032823164831923
82.66289120000147,-0.00030059624222017266,-0.0003032410394347463
82.70627489999606,-0.00030060838031070535,-0.0003030869481172625
82.75794170000154,-0.00030065443606991176,-0.0003029729123919551
82.81559689999995,-0.0003006396622655097,-0.00030269176756231536
82.85814689999825,-0.00030064347129637824,-0.0003025269745053369
82.90719279999757,-0.0003006668972464469,-0.000302476242597773
82.95925339999667,-0.0003007086223809057,-0.0003023629706837022
83.01029520000156,-0.00030072103904859974,-0.0003022053333027754
83.0655728999991,-0.00030072390551122256,-0.00030203671934664426
83.11534940000274,-0.0003007470245290339,-0.00030189624125082147
83.16433900000266,-0.0003007497349054016,-0.0003017277374510188
83.21518890000152,-0.0003007519939872121,-0.0003014638651936405
83.26824520000082,-0.000300795168684363,-0.00030134470263604114
83.31449469999643,-0.00030079415028788474,-0.00030117332927609354
83.36535100000037,-0.00030084354431009056,-0.0003011558168623521
83.41539740000007,-0.0003008254517048987,-0.00030086640494569737
83.46377850000135,-0.0003008307894684632,-0.0003007009365622575
83.5133016999971,-0.0003008496248017563,-0.00030055050190863424
83.56657070000074,-0.00030086476064988674,-0.00030049737926901354
83.61280709999846,-0.0003008699631771846,-0.000300231510686308
83.66554919999908,-0.0003008868511681903,-0.0003000844063686916
83.71711689999938,-0.0003009400915469627,-0.0002999752901304243
83.76595349999843,-0.0003009452018813406,-0.0002998044723815893
83.81239780000033,-0.00030094676165587234,-0.0002996327364450062
83.86277999999584,-0.00030096191151501736,-0.0002995772414364176
83.91473489999771,-0.00030098970986752613,-0.0002994445709618111
83.9636995999972,-0.00030098977560383147,-0.000299266704662344
84.0147330999971,-0.0003010036146004468,-0.00029911545312882366
84.0632478999978,-0.000301017033166705,-0.0002988550130149037
84.11437540000043,-0.00030106143970071056,-0.0002988420768738564
84.16373369999928,-0.0003010639402671312,-0.00029867349559158893
84.213276399998,-0.00030110412917488846,-0.00029854259616695565
84.26426199999696,-0.0003010967359444162,-0.0002982521954856753
84.31520109999838,-0.00030110648289210964,-0.0002981961284457755
84.3636176,-0.0003011123780653481,-0.00029792238469588485
84.4156662000023,-0.0003011257217470632,-0.00029776641560268826
84.46411780000199,-0.0003011411751189788,-0.0002977159638488024
84.51462409999658,-0.00030117745770702394,-0.0002975913090845136
84.56478029999562,-0.0003011967227965476,-0.00029732720089364027
84.61267539999972,-0.0003011854696092767,-0.00029713027964766364
84.66458669999702,-0.0003012179074616809,-0.0002971058878590747
84.71599019999849,-0.00030121813435796043,-0.00029682053939199683
84.76697319999948,-0.0003012717327614539,-0.0002968256392125627
84.81322119999822,-0.0003012252210780601,-0.00029647389634439655
84.86579840000195,-0.0003012741494838316,-0.0002963610905463603
84.91363190000266,-0.0003013287166235274,-0.00029625566432305326
84.96718939999846,-0.00030131045519782236,-0.00029615845318391464
85.0148446000021,-0.0003013149276091526,-0.0002958805505940849
85.06691570000112,-0.00030132795726428525,-0.000295716545462387
85.11428209999576,-0.0003013898796093147,-0.00029573347420967994
85.16285129999596,-0.0003013719207748951,-0.0002955328618496222
85.21860770000058,-0.0003014114304593082,-0.00029539458195097925
85.26316219999717,-0.00030143243624530775,-0.00029525426105163447
85.31447430000117,-0.0003014368256230579,-0.00029507568615232203
85.36648219999915,-0.00030142982190323154,-0.00029489264690189847
85.42000579999876,-0.00030141688243151516,-0.0002945794751356004
85.46265909999784,-0.0003014465165599997,-0.00029444287920103675
85.51308810000046,-0.00030147687208920116,-0.00029441972430081727
85.56584859999566,-0.0003015007330135487,-0.0002941496018985928
85.61342149999837,-0.0003015089146355952,-0.00029409743360668414
85.66594189999887,-0.00030153714900599255,-0.0002938345071149938
85.7169225999969,-0.00030154529381304357,-0.0002936713330296388
85.76503339999908,-0.0003015840505330991,-0.0002936626352760104
85.81917000000249,-0.00030157907582356586,-0.0002933527201713193
85.86483179999777,-0.0003016179652263752,-0.0002933351073823143
85.91356950000045,-0.00030160344711743786,-0.00029301804946905643
85.96530150000035,-0.00030161241423337653,-0.00029285325811071925
86.01567529999738,-0.0003016458818509428,-0.0002927156173008582
86.06888939999772,-0.0003016790377178837,-0.00029269868508966944
86.11663119999866,-0.0003016815732119207,-0.00029252053866983107
86.1679460000014,-0.0003017143948129133,-0.00029238396195322797
86.21459809999942,-0.00030169538020080627,-0.0002920525452147302
86.26417399999627,-0.00030170213286589997,-0.0002920028809975468
86.31432420000056,-0.00030172465564953815,-0.0002918528537957736
86.36643660000118,-0.0003017272700915344,-0.00029167464383787154
86.41525289999845,-0.0003017691572297369,-0.000291418344644891
86.46678099999554,-0.0003017922394547572,-0.0002913900862492675
86.51330009999947,-0.00030178684595799686,-0.00029120409551534193
86.56289429999742,-0.0003018100068756251,-0.00029105504078012035
86.61285969999881,-0.0003017860067293103,-0.0002907144331491311
86.66623280000204,-0.0003018433894945166,-0.00029072688942958266
86.71575650000159,-0.0003018537115932479,-0.00029043580280810875
86.76339939999889,-0.0003018687827486827,-0.0002903919307798761
86.81365419999929,-0.0003018741587150215,-0.0002902218470216872
86.86385970000265,-0.0003018768070299222,-0.0002899148066174739
86.91556159999891,-0.0003018945565984039,-0.0002897530291926838
86.96293680000235,-0.0003019010068387457,-0.0002895754334989768
87.01667589999852,-0.00030194842702874273,-0.00028958426668871203
87.06365809999988,-0.0003019569382315964,-0.00028927760711320064
87.12009060000128,-0.00030195817514217036,-0.000289231851846958
87.16723649999767,-0.00030201056974194033,-0.0002889785289509642
87.21189749999758,-0.0003019689560849756,-0.000288745240862117
87.26429579999967,-0.00030202740951596006,-0.00028863145779026346
87.3158798000004,-0.00030206257039017235,-0.0002884931190609024
87.36293160000059,-0.0003020497521770148,-0.00028829208774708417
87.4131841999988,-0.00030206901151558316,-0.00028813101641303555
87.46639660000073,-0.00030204626337887545,-0.00028792167939864553
87.5167747000014,-0.00030211956266773646,-0.00028782554865083886
87.56545409999671,-0.00030211927410967013,-0.0002877652142022904
87.61657539999578,-0.0003021386211669597,-0.0002874816320445336
87.66421909999917,-0.0003021437582688147,-0.00028729645382732856
87.71622149999894,-0.00030214339155104744,-0.0002871114610284709
87.76606119999633,-0.0003021739141910186,-0.0002870984026962775
87.81415130000096,-0.00030218231014162003,-0.00028692721464365487
87.86411930000031,-0.00030219774949141867,-0.000286623238232945
87.91322199999559,-0.0003022046804028191,-0.00028644749807718345
87.96426699999574,-0.00030223470742812977,-0.00028643294479638076
88.01786880000145,-0.00030226882903367094,-0.0002861544839975165
88.06419710000046,-0.0003022615306939605,-0.0002859589029683662
88.1167701000013,-0.0003023072539191666,-0.0002859663012947622
88.16401100000076,-0.00030226618773537963,-0.0002855934946092391
88.21566349999921,-0.0003022867664740928,-0.00028543050559806226
88.2654188000015,-0.0003023122274518634,-0.00028527298026084314
88.3154915999985,-0.0003023185404575372,-0.00028509631000464054
88.36643290000211,-0.00030240680050125536,-0.00028514340452181553
88.41854339999554,-0.00030234567832726646,-0.00028474776563349726
88.46629060000123,-0.00030239308839202946,-0.0002846155813921666
88.51469720000023,-0.00030245229198960956,-0.00028464367128924165
88.56201349999901,-0.00030242745043857107,-0.0002842820004737224
88.62048530000175,-0.00030243497782839364,-0.0002842481583557256
88.66395639999973,-0.00030241529954716685,-0.00028389288725429835
88.7155724999975,-0.00030247750615369957,-0.00028378213492476846
88.76829469999939,-0.599460446231366,0.39087324691955067
88.81793219999963,-0.9948118079981336,0.6578760437200762
88.8672641000012,-1.1864062782481677,0.950876170674809
88.91400469999644,-1.5398912994166443,1.1243257079936366
88.96829989999969,-1.7736386445194243,1.4420056049739955
89.02006399999664,-1.968206411020154,1.7052418048388456
89.0689837999962,-2.4235890582927317,2.180723785371098
89.11458699999639,-3.26639356265582,2.507354518319099
89.16400250000152,-3.6320590808716173,2.6031832401123824
89.21390570000221,-3.614424447300461,2.6069604771973305
89.26745859999937,-3.6007004898097095,2.464034850099495
89.31236899999931,-3.6001284572178,2.339895676882411
89.36256989999674,-3.600358770087285,2.4300182344607832
89.41413559999637,-3.6004880334906737,2.8473621959817095
89.4677257000003,-3.600829677720382,3.4207480399262686
89.51349839999602,-3.599946557983003,3.5996358438019045
89.56717989999743,-3.5999945775224993,3.599691405910465
89.61497529999906,-3.6000551787562762,3.599983771030137
89.6646064000015,-3.6000637706312926,3.6000002864372638
89.71279569999751,-3.60015054751946,3.59976941425367
89.76363570000103,-3.600214538678053,3.600091419335114
89.81391469999653,-3.6005169937513855,3.6001464873077875
89.86601060000248,-3.600308852425091,3.5999129083486725
89.91422720000264,-3.600285626793985,3.599958409050426
89.96362760000193,-3.5604362496373962,3.5604256613329315
90.01422399999865,-3.286966103198337,3.2865434010300367
90.06454569999914,-3.030342285135124,3.0297199423010612
90.11370670000179,-2.794011056408833,2.7937123846274807
90.16377990000183,-2.5773806765677754,2.576956384126597
90.21406769999885,-2.3783625083355826,2.3778641652657626
90.26753520000057,-2.1947896996655025,2.1945846147537886
90.3142910999959,-2.0260981960416147,2.0253190510098436
90.36522819999664,-1.8717765734901022,1.8718175968347388
90.4136937000003,-1.7295928279117696,1.7294375941760687
90.46573530000023,-1.5985905736046606,1.5977501568232835
90.5153289000009,-1.477141923387843,1.4763457988477744
90.56356809999852,-1.3651579957608897,1.3644029475052861
90.61428739999974,-1.2615798469864201,1.2608214144608052
90.66404219999822,-0.6898867901628926,1.8291837156482316
90.71382240000094,-0.25918279117386656,2.230666598425912
90.76678140000149,0.1690777903527557,2.6820640966077782
90.81461459999991,0.6632085709571449,3.2374236972498793
90.86375350000162,1.3256120558200988,3.983439993539612
90.91285889999563,2.534247011692066,4.895580060431392
90.96438589999889,3.6603413774062994,5.779949373188812
91.01663240000198,4.9396217403461735,6.575858227187748
91.0631527000005,6.2045827040619,7.232328212238683
91.11379769999621,7.340332395593311,7.8398518943659425
91.16673289999744,7.537128596270575,8.2199132127462
91.21369620000041,7.533937272805796,8.465772288529706
91.26268049999635,7.539730780305666,8.460044821036881
91.31762979999621,7.551829945043076,8.447670210304413
91.3623518999957,7.56536229990145,8.434652081216619
91.41344650000246,7.5761507334092055,8.423577362556697
91.46144300000014,7.581744597062206,8.417850706331924
91.51869859999715,7.582696311581876,8.41704924607313
91.5629850999976,7.579983169481728,8.419773387148336
91.6169160999998,7.5719710892709085,8.427784980592564
91.6641021999967,7.559385763463196,8.439972104386804
91.71182579999731,7.543998862020031,8.455823545037031
91.76278710000042,7.52017574122484,8.479311758593049
91.81478029999562,7.485458494996037,8.514180035902328
91.86370069999975,7.433960700651899,8.565964824088374
91.91489790000196,7.354653809923338,8.645028442381676
91.9610354999968,7.225460520831192,8.774429673705532
92.01475909999863,6.99239543626328,9.007316132291015
92.06266270000197,6.043693553690137,8.117162982943302
92.1133531000014,5.1391762264743965,7.216039924384122
92.16295900000114,4.280668209459746,6.310402460391775
92.21431270000176,3.426609956662756,5.36486562012693
92.26614829999744,2.5778380663393037,4.44170480004247
92.31376959999761,1.75139872095023,3.5059595465995863
92.36277320000227,0.6585245997685768,2.6308343091828044
92.41531559999567,0.2670205901822132,3.127768308931248
92.46798729999864,-0.061293898499500454,3.5994040139091554
92.5140356999982,-0.5966543135454413,3.5998200481231626
92.56370500000048,-1.2203874203140523,3.5999369774683845
92.61619100000098,-1.9098420474252737,3.5999362194931304
92.66483180000068,-2.736185232977108,3.6000170388045403
92.71283840000251,-3.580403872351622,3.600028695325174
92.76522210000257,-3.599660416673157,3.538996805556066
92.81264740000188,-3.599734870554274,3.475305293946731
92.86544380000123,-3.6001859920805406,3.5019269457601574
92.9145503999971,-3.6001999343118163,3.599569126910159
92.96549589999631,-3.600301951207184,3.5997391132812293
93.01430640000035,-3.6001471363642796,3.599688306651701
93.06220020000183,-3.6000955099715237,3.5999953018979087
93.11437289999594,-3.6004439787791895,3.6000461872214635
93.16166969999904,-3.6003045043834168,3.599722597256396
93.21417159999692,-3.600227441044862,3.599723440022388
93.26603330000216,-3.600337171690248,3.5996806759191653
93.31586170000082,-3.6002480042502434,3.5997740873713764
93.36480250000022,-3.393693935704727,3.3934910549089925
93.41537689999677,-3.151457778050283,3.15081130195545
93.46695739999996,-2.9289306224399048,2.9284838813926672
93.51428080000187,-2.725573866110009,2.7251439797826853
93.56425319999835,-2.5387873326565633,2.53843059443478
93.61349350000091,-2.366474612637788,2.366371235120011
93.6637208999964,-2.206939808173533,2.2065059458315375
93.71845670000039,-2.0599229388115745,2.0594820760120442
93.76793799999723,-1.9242057478334311,1.9237722075522194
93.81488710000122,-1.79860423500863,1.798387227464814
93.86357319999661,-1.6814503969525916,1.6811903101144017
93.91549469999882,-1.5717277387636068,1.5711485150478581
93.966459700001,-1.4688555829231271,1.4681121559185346
94.01422779999848,-1.3730488359639261,1.3722694946811713
94.0637515999988,-1.283863233291994,1.2830850261887798
94.11500890000025,-1.2011261081046465,1.2003530313472985
94.16362500000105,-0.6720240381951463,1.796660535050381
94.21232289999898,-0.24584624994698637,2.246185532342169
94.26280219999899,0.2032187854663465,2.761902822075971
94.31372209999972,0.7252724762954537,3.344323851247135
94.36659259999578,1.3706280733918361,4.0600145807934505
94.41713069999969,2.565538585563301,4.923924802326093
94.4637567000027,3.7347008356476254,5.859114187128156
94.5147805000015,5.003037686949021,6.664806389580739
94.56452339999669,6.256516578919046,7.028997172584187
94.61350410000159,5.4358727808710015,6.0343566846527175
94.66353759999765,4.599348848613891,5.030785728715908
94.71183629999723,3.733023105621866,4.082071460367485
94.76333259999956,2.8732569625458435,3.1369488493655644
94.81732819999888,2.0099796930579092,2.1977233641612868
94.86378139999579,1.1540497352656698,1.266785996459194
94.91425159999926,0.30084312610796127,0.35417191435583856
94.96621420000156,-0.00032257581831273167,-0.0004687266274236661
95.01665320000029,-0.0003020340241914342,-0.00044735729520838373
95.06568680000055,-0.00029916661530332073,-0.0004201003472651509
95.11527170000045,-0.00030155216325139506,-0.00041486400883595544
95.16427970000223,-0.00030203831605829604,-0.0004121957541073229
95.21328309999808,-0.0003009772119537112,-0.0004123138119819108
95.27011610000045,-0.0003008716203404801,-0.00041160302415366043
95.31414139999833,-0.0003009237534716255,-0.00041155925392143
95.3674577999991,-0.00030094132064156657,-0.0004115363000603958
95.41358079999918,-0.0003009513788402849,-0.000411524116162061
95.46595079999679,-0.0003009601492580104,-0.0004115163950938318
95.5148898999978,-0.0003009685278780304,-0.00041151001939386376
95.56307260000176,-0.00030097687515645447,-0.00041150356913097056
95.61491150000074,-0.00030098511629755734,-0.0004114973066296891
95.66649830000097,-0.0003009934945734082,-0.00041149113743120373
95.7153737999979,-0.0003010017285313681,-0.000411484876750341
95.76428319999832,-0.000301010232995168,-0.0004114784910139569
95.81296229999862,-0.000301018501580984,-0.00041147225480275666
95.86796219999815,-0.00030102691093197734,-0.00041146591263152403
95.91329899999982,-0.000301035182726338,-0.0004114596666496672
95.96349319999717,-0.00030104369290778646,-0.0004114534204461129
96.01402539999981,-0.000301051911755611,-0.0004114472484054565
96.06438270000217,-0.0003010603816803726,-0.0004114409093428483
96.11439280000195,-0.0003010686870478774,-0.0004114346871645202
96.16268280000077,-0.00030107712571986086,-0.0004114282954776876
96.21435709999787,-0.00030108557095326235,-0.00041142213054211156
96.26355470000271,-0.0003010939630180832,-0.0004114157638568076
96.31835729999875,-0.0003011023285818805,-0.0004114094299463282
96.36382389999926,-0.00030111079247813107,-0.0004114031963101515
96.41714019999927,-0.0003011192784123086,-0.00041139700281963936
96.46518680000008,-0.000301127660762678,-0.0004113906294292821
96.51404509999702,-0.0003011361789377322,-0.00041138448434484086
96.56394320000254,-0.0003011446113147511,-0.0004113781774790473
96.61464100000012,-0.00030115312723605255,-0.0004113717866796993
96.66533049999998,-0.0003011615753116251,-0.0004113654819899429
96.71530989999883,-0.00030117006540913895,-0.0004113592069205898
96.76356769999984,-0.00030117846474592066,-0.0004113529607163415
96.8133564000018,-0.0003011869058159858,-0.0004113467867216926
96.86802539999917,-0.0003011954218594118,-0.00041134052164469375
96.91354809999757,-0.000301203956521278,-0.00041133412525016865
96.96468930000265,-0.00030121242663477745,-0.00041132794335073185
97.01340759999584,-0.00030122095050527577,-0.00041132153731947074
97.06497390000004,-0.0003012295252350909,-0.00041131535892868564
97.11405840000225,-0.000301238018185878,-0.0004113090178225732
97.16493829999672,-0.00030124660838109986,-0.00041130282317812305
97.21282319999591,-0.0003012552061036338,-0.0004112964488988935
97.26762130000134,-0.00030126363473920105,-0.00041129030585795656
97.31823620000068,-0.0003012722499699521,-0.00041128398913303554
97.36636880000151,-0.0003012808464934452,-0.0004112777222793329
97.41263980000076,-0.00030128931066725147,-0.00041127148269270774
97.46614240000054,-0.0003012979185372239,-0.0004112650525029937
97.51380939999945,-0.00030130648900378255,-0.0004112587559837849
97.56446599999617,-0.00030131511553660396,-0.00041125252976424487
97.61513589999959,-0.0003013236655861612,-0.0004112462011821421
97.6629987999986,-0.00030133233828205603,-0.00041124005276737863
97.71517719999974,-0.0003013409259237649,-0.0004112336919443992
97.76396039999963,-0.00030134958455313394,-0.000411227523145247
97.81318289999763,-0.0003013582281611855,-0.00041122109704080684
97.86384250000265,-0.0003013667698396611,-0.00041121483076511406
97.9157350999958,-0.00030137544470049083,-0.00041120866591870287
97.965618000002,-0.00030138402884499716,-0.0004112022743199941
98.01484029999847,-0.00030139267080991867,-0.00041119614606653393
98.06472249999933,-0.0003014013342021445,-0.000411189883298452
98.11412980000023,-0.00030141004189226906,-0.0004111834973400233
98.16383040000073,-0.00030141878441008985,-0.00041117718381254465
98.21498659999634,-0.00030142743118227706,-0.0004111708785895342
98.26582469999994,-0.00030143611855532016,-0.0004111646149776828
98.31666119999863,-0.000301444757689173,-0.00041115843019166615
98.36434970000118,-0.00030145334289949344,-0.00041115218847341274
98.41291759999876,-0.0003014622066647707,-0.0004111458209006243
98.46834249999665,-0.0003014708410801756,-0.00041113961803982985
98.51784269999916,-0.0003014795447845995,-0.000411133300071806
98.56197709999833,-0.00030148819325542787,-0.00041112710933430014
98.61416189999727,-0.0003014970688334782,-0.00041112071955705105
98.66547909999645,-0.0003015057654213725,-0.0004111144062075551
98.71359020000091,-0.0003015144971034166,-0.0004111083151236678
98.76452509999945,-0.0003015232407536649,-0.0004111018711231263
98.81489229999715,-0.0003015318729819304,-0.0004110957775086244
98.86681790000148,-0.0003015407071708664,-0.00041108946131661046
98.91389619999973,-0.0003015495027018366,-0.0004110832373171696
98.96527470000001,-0.00030155815994342683,-0.00041107698551843814
99.01490129999729,-0.0003015670974386153,-0.0004110705925433999
99.06400500000018,-0.000301575810102539,-0.000411064425920285
99.11316280000028,-0.00030158448752798384,-0.0004110581666608547
99.16231010000047,-0.00030159330419760044,-0.0004110519284064972
99.21261480000248,-0.00030160218562652613,-0.00041104563988124106
99.26801500000147,-0.0003016110591395616,-0.0004110392756387747
99.31355279999843,-0.0003016197508757813,-0.0004110329861809312
99.36304949999612,-0.00030162855964060997,-0.00041102689061243676
99.41447999999946,-0.0003016373664625483,-0.0004110206184744195
99.46344690000114,-0.00030164628965806417,-0.00041101415817545707
99.51388679999945,-0.000301655025137071,-0.00041100792276292354
99.56309529999999,-0.0003016638499113157,-0.00041100182426344036
99.61426409999694,-0.00030167275387776876,-0.0004109955212608759
99.6656204999963,-0.0003016815590232704,-0.0004109891454720901
99.71442849999585,-0.0003016904426615399,-0.0004109829858215227
99.7652006999997,-0.0003016993448849428,-0.00041097676888344716
99.81398719999561,-0.00030170813981639255,-0.00041097057006421147
99.86690559999988,-0.0003017171023249058,-0.0004109642728792159
99.91393190000235,-0.0003017259468167113,-0.00041095793919008707
99.96758540000155,-0.00030173479748135706,-0.0004109516780654822
100.01403019999998,-0.00030174375129682384,-0.0004109455001180923
100.06445449999592,-0.00030175264170745374,-0.0004109392354844889
100.1164357000016,-0.0003017615158644186,-0.0004109329302174165
100.16342179999629,-0.00030177047422069763,-0.00041092673961417816
100.2144014000005,-0.0003017792601371365,-0.00041092048244127324
100.26707499999611,0.44972907117144206,-0.22109458214536598
100.31309959999635,0.8383595056008902,-0.3428389030267108
100.36759860000166,1.2490220298598314,-0.46303499694493083
100.41369190000114,1.7001538719676863,-0.6544508951816296
100.46614959999715,2.186644305090863,-1.2559573570216438
100.51248699999996,2.5706930244784156,-2.114632116235678
100.5669104999979,2.886449081696845,-2.9178195168160075
100.61179009999614,3.1463979964055575,-3.5999517486538335
100.6651264999964,3.3170111540960576,-3.600675296797905
100.71499739999854,3.3957206471548984,-3.603035382769534
100.76561509999738,3.541331681042082,-3.6006743421578977
100.81664889999956,3.4226389869481895,-3.4231351509483114
100.86518980000255,3.1572241463515924,-3.1576492685379223
100.91217009999673,2.9117913569189375,-2.9123110237960175
100.96346600000106,2.686012523347047,-2.6865148544600115
101.01360259999637,2.480642702975665,-2.48098638609434
101.06413600000087,2.2914045069351467,-2.292036831562907
101.1133461999998,2.116908141596627,-2.1173047027701455
101.16368449999572,1.9568921943448354,-1.9568838606458572
101.21882119999646,1.8087058081298035,-1.8088702451804346
101.26349150000169,1.6717136799258994,-1.6723704413554092
101.31374910000159,1.5460253144256546,-1.5464663133778451
101.362827500001,1.4285473889517184,-1.4289141259422335
101.41415459999553,1.3214529886554778,-1.3219025452290714
101.4640173000007,1.2215884038892117,-1.2217388376572047
101.51479400000244,1.789865160475642,-0.6465837398318743
101.56330280000111,2.242939389939427,-0.2503483831099165
101.61252819999936,2.7179619629975007,0.13572033549754348
101.66678649999812,3.3710309094153077,0.6813984402443247
101.71352749999642,4.1794315544024085,1.3916021716052303
101.76633140000195,5.082475292564671,2.2661515776550734
101.8131665999972,5.981027718004588,3.3376990859734685
101.86295399999653,6.9924557331795345,4.571912709918089
101.91376719999971,7.736109753985564,5.826227085852114
101.96501929999795,8.268302128338748,6.978168339323029
102.0152659000014,8.222363838030516,7.746566523783946
102.06803209999634,8.202185762638159,7.797369946659553
102.11391030000232,8.199697848791132,7.800068553562804
102.16330539999763,8.199754290083115,7.800012501352948
102.21717530000024,8.19979665677852,7.800040202918173
102.26445879999665,8.199315866466957,7.800443561990838
102.31985990000248,8.199117878569584,7.800344826313742
102.36313540000265,8.201049827012872,7.7986150574912285
102.41293659999792,8.20610650501643,7.79345912417729
102.4645887000006,8.214530627509209,7.784909415510836
102.51429420000204,8.22719817217401,7.772642828794707
102.56394539999746,8.245253625711761,7.753977045850249
102.61464519999572,8.272754587020598,7.727004692413134
102.66704510000272,8.31591103192735,7.683914157628514
102.71571219999896,8.389197422883628,7.61023041346548
102.76579189999757,7.285733072366229,6.753394745992315
102.81730599999719,6.3945692495358735,5.8757765009728615
102.8651286999957,5.476026325442181,5.0302481319057275
102.91322470000159,4.559385267246418,4.182640490983394
102.96309499999916,3.666942405782917,3.2987328620549543
103.01212110000051,2.9040593133133816,2.353168170189872
103.06298750000133,1.9693298584795567,1.510692296018585
103.11470030000055,1.0373215246269691,0.6741437987672166
103.16470870000194,0.11175783690760924,-7.5409622235582e-05
103.21593059999577,-0.0005576626327842368,-2.1610179601358736e-05
103.26507110000239,-0.0005004863045897428,-3.0082619773025003e-05
103.31180850000237,-0.0004925734451553555,-3.568494483244744e-05
103.36680229999911,-0.0004902798816717668,-3.419722607314953e-05
103.41292709999834,-0.0004927304935740702,-3.942064791266078e-05
103.46428909999668,-0.0004893441166951458,-3.988025557570042e-05
103.51240130000224,-0.00048923873413691,-4.0391693945133575e-05
103.56614160000026,-0.000490217327887392,-4.043767534160178e-05
103.61342339999828,-0.0004935543163396345,-4.1252026372655745e-05
103.66502539999783,-0.0004904063255049488,-4.125212913489891e-05
103.71810959999857,-0.000490482768623451,-4.1047767418460487e-05
103.76613530000031,-0.0004900668599825888,-4.05273520076948e-05
103.81879320000007,-0.0004924420853323359,-4.314578522239337e-05
103.8632288000008,-0.000488846269498343,-4.102428539102683e-05
103.91405880000093,-0.0004888818039292963,-4.288595135685849e-05
103.96532989999832,-0.0004891842446684171,-4.292287525413158e-05
104.01857529999688,-0.0004882497586576182,-4.311390564563713e-05
104.06443810000201,-0.0004902902758350747,-4.336863930202809e-05
104.11170739999943,-0.00048794980944770277,-4.2618979145853336e-05
104.16748840000218,-0.00048791083288128383,-4.2913079667567466e-05
104.2173571999956,-0.0004908863146089694,-4.088945563255758e-05
104.2639302000025,-0.0004906832706384427,-4.304536607162075e-05
104.3117751000027,-0.0004918797882900723,-4.1420957508402576e-05
104.36697730000014,-0.00049149855475644,-4.235297835779027e-05
104.41704829999799,-0.0004882642535517921,-4.079157287510257e-05
104.46442759999627,-0.0004898572284815411,-4.259102791563405e-05
104.51469129999896,-0.0004901429213620062,-4.2500773656012467e-05
104.56384660000185,-0.0004907161344834215,-4.0559012226585835e-05
104.61409550000099,-0.0004906286680937345,-4.249407106197711e-05
104.66671389999829,-0.0004909994072553286,-4.057577221997898e-05
104.71316639999714,-0.000489960451422847,-4.254305969734767e-05
104.76321710000047,-0.0004899252768928915,-4.0783151167326966e-05
104.8138953000016,-0.0004896697372145838,-4.251832641525857e-05
104.86386559999664,-0.0004926859355168261,-4.095000254448622e-05
104.9158707999959,-0.0004884778012313324,-4.0428560499387436e-05
104.96529100000043,-0.00021956284762560907,-2.7904906751999792e-05
105.01748090000183,-0.00015067328611466233,-2.1018647089496028e-05
105.06344349999563,-0.00013895598121052444,-2.2557626877549058e-05
105.11406749999878,-0.00016410833368912917,-2.444316788976506e-05
105.165393700001,-0.00011031959461515518,-2.3487896250195306e-05
105.21595759999764,-0.00016017179582677635,-2.4232829787273935e-05
105.26412690000143,-0.0002246125193397247,-2.6678969511386626e-05
105.31399129999772,-0.0001330995316740834,-3.1222676133452964e-05
105.36267589999625,-0.00010163805538319882,-2.9474909124554127e-05
105.4124273999987,-0.0001097333796163889,-2.885176814129556e-05
105.46474309999758,-9.995817622519625e-05,-2.752234751215735e-05
105.51712930000213,-8.908149296002546e-05,-2.606859070832959e-05
105.56536690000212,-0.00012805479370227334,-2.9536110457444633e-05
105.6152318999957,-0.00015365113911218695,-3.202940028759911e-05
105.66483929999958,-0.0001243405067686932,-3.085958533158339e-05
105.71716000000015,-0.0001417926537962431,-3.364006676556975e-05
105.76437939999596,-0.00010823325489194672,-2.844230024836957e-05
105.8120951000019,-7.31642922247715e-05,-2.5506824252753364e-05
105.86533719999716,-8.69353250832746e-05,-2.5987646035143093e-05
105.91480059999594,-0.00014130548633431588,-3.1731002503339175e-05
105.96441310000228,-0.00010239172665303712,-3.0382654214761155e-05
106.01346580000245,-8.884577109577509e-05,-2.6745776271510626e-05
106.06343449999986,-0.00011943273561255044,-2.777892890162596e-05
106.1182484000019,-5.580831237144854e-05,-2.4620462124614025e-05
106.16870200000267,-0.00015629090688323006,-3.188174423354866e-05
106.21249259999604,-0.0001202939393431025,-4.2436699831988114e-05
106.26249059999827,-6.655422274410364e-05,-2.9728012107570975e-05
106.31410440000036,-0.00020877366022654129,-6.003771200197016e-05
106.36350379999931,-9.180601887601514e-05,-3.4384866420853826e-05
106.41318550000142,-0.0001360332510637284,-4.541404788897813e-05
106.4674171000006,-0.00018644387270747248,-5.5116818753526456e-05
106.51374999999825,-0.0001974496192216242,-5.5053716963066854e-05
106.56735199999821,-0.00014134731179962933,-4.537810628373054e-05
106.61785699999746,-0.0001494784846901964,-5.001261187414112e-05
106.66664599999785,-0.00013747721734360936,-4.1971269126899926e-05
106.71647030000167,-0.00011242716783110555,-4.336443495404721e-05
106.76806080000097,-0.00014576518331269723,-5.6581382956774106e-05
106.81481469999562,-0.00014345786460992895,-5.413302441863991e-05
106.86359719999746,-0.00022395493264351708,-8.015402271917838e-05
106.91444229999615,-0.0001373995504928808,-5.6394955461110806e-05
106.96607389999554,-0.00013179586549906983,-5.475303956897267e-05
107.01332079999702,-0.00014452811348833998,-5.968899219338486e-05
107.06386319999729,-8.776491364778587e-05,-4.2732182370425534e-05
107.11857720000262,-6.557908296406765e-05,-3.606656838742697e-05
107.16291800000181,-9.301844272622175e-05,-4.437959640894627e-05
107.21354109999811,-0.00015662392725006885,-5.9001487962061626e-05
107.26167970000097,-0.000102068228447036,-4.400706695721498e-05
107.3125441000011,-0.00011798571302190956,-5.2017430418652854e-05
107.36158949999663,-0.00017754990704351323,-6.65828164714895e-05
107.41740059999574,-0.0002301511048521768,-6.929880300716507e-05
107.46424359999946,-0.00012317355277969614,-4.463367146993679e-05
107.51247439999861,-0.00014944961428413055,-5.6375315038489194e-05
107.56553929999791,-0.0001361566232206635,-5.241937963700703e-05
107.61446609999985,-0.00017985250311288633,-6.0737959861668194e-05
107.66914169999654,-0.00013239070933992143,-4.86467402694316e-05
107.71301259999746,-0.00010501619049928566,-4.675420566262321e-05
107.76442410000163,-0.00013993942599169188,-5.4144237005054825e-05
107.81451119999838,-0.00016886150726608975,-5.525864685834259e-05
107.86481239999557,-7.910241174310013e-05,-3.6370406197894194e-05
107.91311499999574,-0.00011348030195545806,-4.128019575059714e-05
107.96231969999644,-0.0001361976889381567,-5.4503546398404776e-05
108.01476869999897,-0.00016644736717825033,-4.864378745366191e-05
108.06979390000197,-0.0001532830681939979,-4.7135218972415025e-05
108.11386279999715,-0.00016557625502916802,-4.5570962514715695e-05
108.16533199999685,-0.00012064582017868356,-4.567518931968025e-05
108.21601809999993,-0.00018437308009230886,-5.900825423848967e-05
108.26543320000201,-0.00016525420490926234,-5.191123642061318e-05
108.31234279999626,-0.00020525918627023538,-5.982137745169625e-05
108.3626207999987,-0.00015228423198025755,-4.1849955323452546e-05
108.41680520000227,-0.0001443273742297907,-2.5278927673367557e-05
108.46380620000127,-0.00016104096713947814,-2.9418486224868306e-05
108.51460119999683,-0.0002060914474635319,-2.8596286039154773e-05
108.5630181000015,-0.00019364794184871344,-3.761718048170939e-05
108.61563780000142,-0.00014761994898707996,-3.1373386777417764e-05
108.66316080000252,-0.00021354198924706966,-4.1972534281547644e-05
108.71552279999742,-0.00020972569396727358,-2.9094450138016288e-05
108.76605800000107,-0.0001635071403606751,-2.6540628095286027e-05
108.81379210000159,-0.0002212618920196773,-2.999292965102892e-05
108.86359950000042,-0.00018698933574887467,-1.9045278465430058e-05
108.91678359999787,-0.00019738096241915862,-2.02787900805042e-05
108.96495799999684,-0.00017440965621746995,-1.755835561391628e-05
109.01216600000043,-0.00015626284993757437,-2.126172291563028e-05
109.0649962000025,-0.00019233518404624867,-3.259968384131322e-05
109.11249970000063,-0.00025064630939682303,-4.873142844812367e-05
109.16441610000038,-0.00012970610105979489,-3.107040773556232e-05
109.21187149999605,-0.00022297005976026825,-4.806712593512485e-05
109.2615678000002,-0.0002187595373406498,-4.9281968994608705e-05
109.31648100000166,-0.00020429620651873855,-4.1747751611292375e-05
109.36449960000027,-0.00017406649250890902,-3.224273958937933e-05
109.41225819999818,-0.00031668346248723124,-5.264045230828758e-05
109.46481440000207,-0.00026117969103043405,-5.0307469656775904e-05
109.51343829999678,-0.0003030043385203215,-4.863279889915114e-05
109.56815869999991,-0.00017636556213248007,-4.021723416517763e-05
109.61549319999904,-0.0001509492224551063,-2.977036168696988e-05
109.66504539999733,-0.00022283145124671233,-4.36653602609428e-05
109.712798200002,-0.0002803109328545354,-3.539199697758417e-05
109.76352870000119,-0.00040504312721687663,-6.119487756534146e-05
109.8136824999965,-0.0001992458192214751,-3.58145434198648e-05
109.86316259999876,-0.00016912421623178266,-3.392680194561397e-05
109.9132185999988,-0.00039180653157505255,-5.502674933493624e-05
109.96521239999856,-0.00035477371157550475,-4.468694183583304e-05
110.01355650000187,-0.0005101284624064075,-6.068370361772607e-05
110.06530449999991,-0.000536620024683709,-6.800103804500344e-05
110.11472639999556,-0.0005252702932178879,-6.508881549300223e-05
110.16448420000233,-0.0005260914586646431,-6.727123036404796e-05
110.21423810000124,-0.0005276859478275762,-6.754593031572274e-05
110.26613849999558,-0.0005287135045450729,-6.521992563796538e-05
110.31501600000047,-0.0005304250155446717,-6.579226612408168e-05
110.36515379999764,-0.0005300272160735287,-6.541460249038193e-05
110.41360229999555,-0.0005284106069047685,-6.529041338693646e-05
110.46239619999687,-0.0005291369373672133,-6.696089766006883e-05
110.5145177000013,-0.0005279161379056869,-6.70520100665773e-05
110.56643140000233,-0.0005270471772689037,-6.447436505802466e-05
110.61572689999593,-0.0005281022315350829,-6.647079673355933e-05
110.66651909999928,-0.0005312991090644626,-6.5343335820039e-05
110.71433139999863,-0.0005310827557181122,-6.719522667181918e-05
110.76343679999991,-0.0005297242820401136,-6.463923726280237e-05
110.81398900000204,-0.0005295689446860221,-6.440062989560432e-05
110.86641290000262,-0.0005266417467353119,-6.61782426081895e-05
110.91440470000089,-0.0005275377628965828,-6.608657504575978e-05
110.96471629999724,-0.0005268939835445304,-6.415600081194745e-05
111.01510240000061,-0.0005290286008385759,-6.611540595009041e-05
111.06556860000273,-0.0005272816678514116,-6.410185573463679e-05
111.1133600999965,-0.0005275795412884402,-6.596021829847211e-05
111.16692450000119,-0.0005279202323193839,-6.623428959746141e-05
111.21240070000204,-0.0005276493874950368,-6.615956197337268e-05
111.26614049999625,-0.0005294022405355376,-6.389519335853557e-05
111.31366429999616,-0.0005298326708824599,-6.586078011855958e-05
111.3618118000013,-0.000531239929891789,-6.602709885512055e-05
111.4147598999989,-0.0005293830898878032,-6.375313192924858e-05
111.46421969999938,-0.0005303952303037312,-6.363611952947888e-05
111.51986359999864,-0.0005332571016880627,-6.568478698737988e-05
111.5643362999981,-0.0005279409815994559,-6.5139758742621e-05
111.61197869999887,-0.0005298361421612798,-6.295007568552225e-05
111.66251979999652,-0.0005271379007087758,-6.263001304246644e-05
111.71670209999866,-0.0005317991640729771,-6.500037316176574e-05
111.76491669999814,-0.0005320617404447349,-6.491908512990441e-05
111.81320859999687,-0.4223342153000935,0.5432622550442728
111.86643860000186,-0.6871828706111163,0.7276334241368473
111.91598019999947,-0.9154741893227006,0.9400605998206728
111.96347879999666,-1.1004558921017116,1.2096742195283892
112.01931389999663,-1.324640941066728,1.5278497110745928
112.0645239000005,-1.7585190743734151,1.9852775305414583
112.11428509999678,-2.5030958421794,2.4050193000852658
112.16410349999933,-3.4124215668129674,2.6554352192447843
112.21384179999586,-3.67733511882984,2.850987614692476
112.26351150000119,-3.6547795048845937,2.845026662103681
112.31593609999982,-3.6241340094532166,2.8668811336444935
112.36859980000008,-3.6004815570338344,2.936001801322889
112.41264480000245,-3.6001154768031727,3.3272657763852402
112.46413980000216,-3.6001686656071263,3.5995803776966664
112.5140551000004,-3.6003630415063355,3.6002425176744275
112.56466479999654,-3.6002587501405565,3.600078083830424
112.61397620000207,-3.3736053027390467,3.3731747933998117
112.66348419999849,-3.1142268692743675,3.114156287799647
112.7142548999982,-2.873770459562798,2.8732468986171513
112.76639250000153,-2.6528206454585783,2.6522541334472867
112.81563129999995,-2.449652941199387,2.449305836095635
112.86556259999634,-2.2623824814939906,2.261829689698882
112.91609679999965,-2.0901893269658287,2.0902525709604776
112.9704813999997,-1.9315247606092234,1.9313554680008507
113.01617399999668,-1.7855791394933493,1.785536766412594
113.06546040000103,-1.651101545555997,1.6506738709149333
113.11283869999897,-1.5276360899910912,1.5270918428504054
113.16517960000056,-1.4122676658286715,1.4118155393232434
113.21773050000047,-1.3070905667464732,1.3066202845693653
113.2645016000024,-1.209763371672632,1.2091196138775206
113.31195309999748,-0.6890350724135172,1.802003867813214
113.36417549999896,-0.24163949024802575,2.211080475364348
113.41399749999982,0.21771860536391596,2.678825185206786
113.46572120000201,0.724462844274224,3.2429203885345332
113.51456329999928,1.562972096948601,3.946408153774898
113.56322750000254,2.535377937807971,4.82200870254695
113.61372159999883,3.722202349574871,5.7292403068921285
113.66360069999791,5.033089665556495,6.479430269173599
113.71428860000015,6.306944843856498,7.164892767172219
113.7662902000011,7.420034368852346,7.855999804687506
113.81552959999681,7.532585342869295,8.178752355306056
113.86350420000235,7.488039157609513,8.511934410773865
113.91285459999926,7.47341160456938,8.525220059040823
113.96932859999652,7.471631414730643,8.527067898693716
114.0136274999968,7.469896106120854,8.529829759354211
114.06466969999747,7.4616845811797745,8.53816946206536
114.11463659999572,7.4461583908848095,8.553615922447905
114.1643722000008,7.422148801796966,8.577326637157826
114.21151239999745,7.38751426837801,8.61233383132874
114.26852030000009,7.335500432547375,8.663733289532178
114.31429260000004,7.258446662907654,8.740950241818817
114.36390060000122,7.137792399848005,8.861888049788359
114.41268519999721,6.9373786649969755,9.062414741428068
114.46831170000223,5.940265511767237,8.220783402178636
114.51386410000123,5.058328838497063,7.320336624095963
114.56292469999607,4.209143014840587,6.40713301943723
114.61320729999716,3.3739389826527906,5.462914961807362
114.66840509999747,2.5657743850605432,4.518899906212885
114.71989459999895,1.793127955874143,3.5415169402216007
114.76266319999559,0.8133625894042382,2.6739072322646495
114.81383590000041,0.04443890328326665,1.7382647467678858
114.86730060000264,-0.0010400793835353133,0.8690627237291016
114.91593049999938,-0.0008752009444592901,0.34359758042917177
114.96823120000045,-0.00037197066531990714,-0.0006038138049239371
115.01238000000012,-0.00047685932762586437,-0.00028325899106320366
115.06469049999578,-0.00030033821310543075,-0.00016297543555826547
115.11623059999692,-7.481220896117563e-05,-0.00022758749579380254
115.16303909999988,-5.994282415439079e-05,5.213847539269705e-05
115.21524099999806,-0.0001151379058651481,-2.3784294445072275e-05
115.26611189999676,-0.00010100694626267903,-2.4681295052198266e-05
115.31517449999956,-0.00022534076213357186,-7.936734016674373e-05
115.36779630000092,-0.00015882529154092622,-0.0001640415911221004
115.41820320000261,-0.00024505434019245876,-6.564984028629132e-05
115.46440550000261,-0.00020613043871265028,-6.64442696863338e-05
115.51368609999918,-0.00028347073460812414,-1.1667010191295861e-05
115.56653989999904,-0.0001120503572650223,-2.8945012242624694e-05
115.61263589999726,-0.00017316183034705876,1.9734990663895716e-05
115.66505699999834,7.166206461579473e-07,-0.0001085910446897362
115.71582079999644,1.0235368597131688e-05,-0.00011562722189728592
115.77056689999881,5.438067363088779e-06,-6.010428995623102e-05
115.81526779999695,-0.00023294698864888361,-3.067508176360394e-05
115.8633703000014,-0.00017899244296200952,-0.00013068984512378304
115.91664370000217,-0.0001370039058813631,-0.00015528432123506215
115.96619009999995,-0.00016359828709527953,-0.0001654853317824585
116.01510889999918,-0.0001772887296027272,-0.00014420981390165168
116.06518340000184,-0.0001796262986022078,-0.00016146460065663345
116.11596989999816,-0.00018142658077554668,-0.00017456696542757273
116.16668930000014,-0.00020402528931895314,-0.00018743320825429316
116.21483769999759,-9.995219246171153e-05,-0.00013920680315151942
116.2635369999989,-0.00016513845579896566,-0.0001702140897898529
116.31899169999815,-0.00016698517562602685,-0.0001840985346392701
116.36504199999763,-0.00015064343729124935,-0.00015142065302746428
116.42462510000041,-0.00017820818185595137,-0.00016836032754614187
116.46727400000236,-0.00015703725108633736,-0.00013222827820471238
116.51589470000181,-0.00024495140147379836,-0.00013646690174575908
116.56526139999914,-0.00021408596353490703,-0.000174892661408869
116.61463789999834,-0.0002686395582543942,-4.784397740213953e-05
116.66378099999565,-0.0002124363426838749,-0.00018817557032610918
116.71539119999943,-0.0001529386640887628,-0.0001421303749805949
116.76255259999743,-0.00016800193324301762,-0.0001444404645557836
116.81431399999565,-0.0002111506942239586,-0.0001864171872536258
116.86669489999622,-0.00020450315604292292,-0.00017856491144626358
116.91481190000195,-0.0001860189257243145,-0.00016151146802217752
116.96532289999595,-0.0001887699261517771,-0.00016611657160953508
117.0138941999976,-0.00020459836417874273,-0.00017391139799390024
117.06593649999559,-0.0001533389217935212,-0.00012414654415605504
117.11538650000148,-0.00019760573597448294,-0.0001923066575650714
117.16471839999576,-0.00021055113570445932,-0.00018001098367489347
117.21234579999873,-0.00022311758851614678,-0.0001669046469034476
117.26362540000264,-0.00017792515676369957,-0.0001640121996106535
117.31448590000218,-0.00023491425794635156,-0.00014776928169994225
117.36684019999666,-0.00019457294328527276,-0.00015058024299700732
117.41358829999808,-0.00023513276381530602,-0.00017634878055635132
117.46616450000147,-0.000199258424271812,-0.0001445122256972572
117.51371279999876,-0.0002536873764339077,-0.00018932765826227337
117.56354049999936,-0.00022418173200614117,-0.00015522556924290189
117.61318349999783,-0.00025419530327893666,-9.357193162537995e-05
117.66501430000062,-0.00018893720036847758,-0.00021187982731675134
117.71343799999886,-0.0002070637476205872,-0.00020905187477793856
117.76644710000255,-0.0002546817732376978,-0.000242746439083344
117.81563630000164,-0.0004503728695711825,-0.000438095112410191
117.86635139999999,-0.000440194250196014,-0.0004560272650619196
117.91864160000114,-0.0004435888639916407,-0.00041510532283807016
117.9644713000016,-0.0004918523480844089,-0.0004181639292617689
118.01482350000151,-0.0004507215278900665,-0.0004141516729900883
118.06347470000037,-0.0004503117497342131,-0.00045908340933291565
118.11549949999608,-0.00045269567382013486,-0.0004135554695035063
118.16405210000084,-0.0004890932311994331,-0.00041249774578378125
118.2142571000004,-0.0005071977431335752,-0.00042497510586229773
118.26912569999695,-0.00043385756538578886,-0.00044269127430572684
118.31586509999761,-0.0005480359923327368,-0.0004029127590572118
118.36519029999909,-0.00045204016369062227,-0.0004568313566219251
118.41488489999756,-0.00046999998644744984,-0.00041125506320471617
118.46584040000016,-0.00044337296432682725,-0.00043247074024217226
118.51484609999898,-0.0004836998322941499,-0.0004177904146314314
118.56472029999713,-0.0004038963569436872,-0.0004629490272919941
118.61427749999712,-0.0004743263548942933,-0.0004184570323591183
118.66317239999626,-0.0002655895738560153,-0.0006351652655850271
118.71468260000256,-0.0002567296668979078,-0.0006216520138673364
118.76999500000238,-0.00021129239994889081,-0.0006329379685715231
118.81673320000118,-0.0002301068177004531,-0.0006384780214768736
118.86523660000239,-0.00025278059141461165,-0.0006349033007019062
118.91642249999859,-0.0002779241455867035,-0.0005912391643284166
118.96563969999988,-0.0002926661213490765,-0.0005868558313984354
119.01382429999649,-0.00023131599656859948,-0.0006273998218302888
119.06481340000028,-0.00022500389357274725,-0.0006074665742554097
119.11559419999685,-0.00029895487103120423,-0.0006115715336833632
119.16438580000249,-0.00017069878836557364,-0.0004901890628082258
119.21692349999648,-0.00016430722086252652,-0.0004983987830896296
119.26468239999667,-0.00019104837418202643,-0.0004914902811302115
119.31490089999716,-0.00022340167278336856,-0.0004655349227120187
119.36382880000019,-0.00018719224772498541,-0.000484038758586738
119.41311689999566,-5.5218101480175854e-06,-0.0007136389487926705
119.46423520000099,4.870935929051116e-05,-0.0006975873489987689
119.5140556999977,1.2139309113490206e-05,-0.0007291916990249143
119.56354560000182,-0.00015474161815813922,-0.0005236084895454327
119.61662310000247,-0.0001476584140404447,-0.0005132760600112008
119.66269589999865,-0.00012374449143715937,-0.0005418267838075872
119.71400960000028,-0.00010898471308206551,-0.0005144956016344489
119.76716920000035,-0.00010935678040901396,-0.0005206814247326678
119.81804420000117,-9.028855718637622e-05,-0.0005475257869769929
119.86410610000166,-3.913823226623624e-05,-0.0005918172453448086
119.91320239999914,-4.302126386805443e-05,-0.0006208209331852806
119.96387200000026,-0.00013565721281318997,-0.0005214398696284475
120.01672339999641,-9.589782025152467e-05,-0.0005110822815745038
120.06351159999758,-0.00013132772310199946,-0.000515721777994901
120.11495969999669,-0.00010078586544236147,-0.0005734326886121826
120.16401970000152,-0.0003074599732037619,-0.0005539854858750326
120.21402669999952,-0.00022923564094194158,-0.00045742930917606504
120.2687506000002,-0.00037101430005514536,-0.00013527011679683742
120.31225249999989,-0.00028845829070403713,-0.00018387976887820784
120.3623351999995,-0.00030285413462100263,-0.00016152072852565274
120.41334369999822,-0.00032344652280457347,-6.303275457148214e-05
120.46488629999658,-0.00033009901766512575,-9.567511813921756e-05
120.51600569999573,-0.0003433849683769733,-0.00013647881281788772
120.5642327999958,-0.00032807999988438005,-0.00010714537754818165
120.61682199999632,-0.00010819865578503383,-0.00038424159538644496
120.66414970000187,-0.00013539546718246444,-0.0003556325870351486
120.71391050000238,-0.00015354382307834966,-0.0003210911369237871
120.76440860000002,-0.0003861183732751043,-0.00038489549916201826
120.81205749999936,-0.0006624467976075562,3.952154509216111e-05
120.86249769999995,-0.0009052654631952771,-7.452617838417398e-05
120.91275519999908,-0.0006288242613965969,-0.0001627510739956034
120.96383190000051,-0.0006260338832846752,-0.00016232121016218517
121.01272800000152,-0.000615275963118809,-0.00016985401702935556
121.06390609999653,-0.0006067804870350363,-0.0001491434632351736
121.11405369999557,-0.00038953663059120393,-0.00044621716118819924
121.16374889999861,-2.003308160471611e-05,-0.0007390991626855756
121.2165698999961,-0.00030818659238525376,-0.0005616646146079652
121.2640773000021,-0.0004602314696575048,-0.00045957674886880714
121.31728360000125,-0.00036852128813601414,-0.0005261477805784427
121.36418109999795,-0.0003253623501568945,-0.00048813904163318037
121.4174536999999,-0.00032187872268151104,-0.0003163359108109031
121.46328699999867,-0.000377372955801548,-0.000509626512236088
121.51573169999756,-0.00037514869938360453,-0.0005141348978897967
121.56438479999633,-0.0003860349432677569,-0.000494645776073343
121.61600429999817,-0.00040839525558066274,-0.000412504901848411
121.66372769999725,-0.0004442329588302184,-0.00037682642107851274
121.71793949999847,-0.0004676476324858203,-0.0003666079733238683
121.7645760000014,-0.00036623425565594434,-0.00041714317288234394
121.81355600000097,-0.00037938038275954847,-0.0004995933615258044
121.86472299999878,-0.00045405879271567616,-0.00042423382370441635
121.91760249999788,-0.00047883810762683814,-0.0003856943212815836
121.96671369999967,-0.0005301523802469992,-0.0003468806196509808
122.0123878000013,-0.00048611800257484166,-0.0003510096788788551
122.06316420000076,-0.0004784049970350011,-0.0004530645015940139
122.11214089999703,-0.0004388852234867588,6.842922397615998e-05
122.16544609999983,-0.0005727986586558649,8.173840888588858e-05
122.21240209999814,-0.0005472410431040667,7.50474714484451e-05
122.26261990000057,-0.0006644574997623447,0.00012728245786254534
122.31648629999836,-0.0006647590284032911,3.187726975720366e-05
122.36724909999612,-0.0004778118904988924,-0.0004188692347979683
122.41618619999645,-0.0005301398492984983,-0.00040191526058449883
122.46706959999574,-0.0005223694405930987,-0.00041878970189548203
122.51410249999753,-0.0005799562542498995,6.209095020365458e-05
122.56637559999945,-0.0006641367583067253,-2.4520082986279218e-05
122.6165250999984,-0.0005296081268102341,0.0001443591057472044
122.66684949999762,-0.00048289163702788036,9.871776418544187e-06
122.7123924999978,-0.0002437015696191191,-0.0004741279195483599
122.76398779999727,-0.00021629359324172885,-0.0005333335394663921
122.81542849999823,-0.00021614258636805655,-0.000507198384581581
122.86383119999664,-0.0002762105271118036,0.000365038127548269
122.91237530000217,-0.0006881560581393073,-3.94890530275664e-06
122.96470740000223,-0.0006271356004410749,0.00014101479021158664
123.01927659999637,-0.0005159684552513013,0.00010964091826670104
123.06563260000257,-0.000561224704577338,0.00015213718223010305
123.11814819999563,-0.000535782269873737,9.535749890830101e-05
123.1668845000022,-0.0007803520170017981,-1.9625136626917454e-05
123.2139795999974,-0.0006386449338163799,7.08498985702681e-05
123.26716879999731,-0.0004129966595773945,-2.767475137946146e-05
123.31584940000175,-0.00041876121317854076,3.7127338004017806e-05
123.3636794999984,-0.00040107865274038385,3.4204592758189294e-05
123.41360359999817,-0.0005322990604972346,2.4075880666906996e-05
123.4649086999998,-0.0006053280755772587,-2.421254179376652e-05
123.51404750000074,-0.0006005195913109159,-3.6056680652351805e-05
123.56328380000195,-0.25850037783824387,0.42690092484115066
123.61507279999933,-0.4996123746897694,0.9556253704854158
123.66764590000093,-0.572632264887635,1.439340814033392
123.71456609999586,-1.261015487775754,1.9196214905731677
123.76654289999715,-1.862566808152711,2.5495461627624376
123.8149035000024,-2.4708919026894423,3.027289097234226
123.86747949999699,-3.2929175949126726,3.2421860786052035
123.91438619999826,-3.1373927234371903,3.13604536502572
123.9657378999982,-2.9091489742394874,2.909030200455551
124.01312399999733,-2.6926105334779615,2.6918652039321826
124.0658012999993,-2.4932198340256337,2.4926725349180097
124.11168519999774,-2.312709804191641,2.3122110000569895
124.15858660000231,-2.1475797737895737,2.1460604058460353
124.20695220000198,-1.9939340428912007,1.9944665897248806
124.25942789999681,-1.8527472248644326,1.8524764836905478
124.30931260000216,-1.7221155947399664,1.722116807581968
124.35758209999767,-1.6018267172140628,1.601256505251727
124.40772019999713,-1.4889621521774428,1.488414257845398
124.45884719999594,-1.3847697427533388,1.3840761465323552
124.50793310000154,-1.287928447714054,1.287261401472183
124.556362299998,-0.805035976096025,1.7535265172866092
124.61046999999962,-0.37211169000539945,2.1612012016522772
124.65697150000051,0.062173583256985306,2.613303293813251
124.70834369999648,0.5980176407186809,3.210739340445465
124.75754919999599,1.5864695820718238,4.032972226293668
124.8077570999958,2.5742939295596017,4.945871599630682
124.86280940000142,3.7475441816093884,5.865092154043827
124.91191439999966,5.0063157560804425,6.665402562978095
124.95815959999891,6.2073745139320184,7.34478314965571
125.00628970000253,7.222885184735112,7.961387628460729
125.0569925000018,7.129030857986453,8.209562260748898
125.10794460000034,6.974340826916499,8.554412952715463
125.16022469999734,6.111171012097427,7.610554053159454
125.20712110000022,5.148211242967294,6.748936337075106
125.2561074999976,4.193314934281401,5.894635713149554
125.3067957999956,3.247215876333182,5.004760106591616
125.35749000000214,2.3914514346344595,4.079295435467487
125.40716309999698,1.5633894473287653,3.1411854829155734
125.45795879999787,0.6187091088432811,2.2439844280421974
125.50645249999798,-0.00018859729227236295,1.2967707501105181
125.55690099999629,-0.0006233530847945197,0.5626745564757688
125.60831940000207,-0.0011489645921809828,0.03802430572939071
125.65695569999662,-0.0010473972244200661,-0.00013005153418634263
125.7076567999975,-0.0006214256272675908,-0.00018081612277472993
125.75642119999975,-0.0006272539921701348,-0.00020009654215801694
125.80849119999766,-0.0005458206316260398,-0.0001437938637606539
125.85747450000054,-0.0005139428793206951,-0.00037526574785452045
125.90696300000127,-0.0006033042302178919,-0.00011462682739671276
125.9644724000027,-0.00040575358570891574,-4.7795955704410046e-05
126.00876289999724,-0.00030323953184069666,-6.252285714719823e-05
126.05912829999579,-0.0005697128668837433,-0.00023017548678198532
126.10596790000272,-0.0005986955105008971,-0.0003073304281068897
126.15857690000121,-0.0005418688399765515,-0.00029339032615631217
126.20819979999942,-0.0002558630318286431,-0.0005884261229507878
126.25702720000118,-0.000298956651168353,-0.0005427029132432586
126.30848729999707,-0.0002442668631366716,-0.0005821124395635393
126.35720379999839,-0.00020069449147030435,-0.0005920771124171154
126.4068408000021,-0.00023261249082430523,-0.000637842180497002
126.4593554000021,-0.0003503562616474204,-0.0005303841189474518
126.50674060000165,-0.00034648295983409904,-0.0005796484600431093
126.55997360000038,-0.00016103351589985283,-0.0006497348560858392
126.60756599999877,-0.0003678325031673681,-0.0005065674287273479
126.6574832999977,-0.0002474626652922247,-0.0005006420772733845
126.70752509999875,-0.0003548285132387123,-0.0004274099362551666
126.75774190000084,-0.00035249021568381847,-0.0004668772482072252
126.81012480000209,-0.0003515754484877966,-0.0004347688224555941
126.85820509999758,-0.00030824290120466663,-0.0004932417765233836
126.90606979999575,-0.000120411799332232,-0.00011921394792458353
126.95777799999632,-8.163626414877547e-05,-2.7938741675751463e-05
127.0159793999992,6.98519957432278e-06,-1.5953645193814795e-05
127.06197830000019,-0.00018166789290693523,-8.42364115461694e-05
127.10883489999833,-9.555667261915874e-05,-0.0006753799286626333
127.15663540000241,3.869939031526317e-05,-0.0005758188662121503
127.20817069999612,3.789066389470879e-05,-0.0006063436219464851
127.25827040000149,-1.5971880699975443e-06,-0.0006584253067116859
127.30810219999694,6.787514950096842e-06,-0.0006698483704289123
127.35700840000209,5.556826865321236e-05,-0.0005447018923144284
127.40755509999872,-0.00010189741490664033,-0.0005973225070469038
127.45621749999555,-0.00016990488562688432,-0.0004594330474291701
127.50867879999714,-0.0005752585763740111,-9.523989893409775e-05
127.55786210000224,-0.0007182159393008301,5.616253475620633e-05
127.60679849999724,-0.00038329552687332884,2.1644787284744468e-05
127.65711229999579,-0.00022935353523141153,-0.00024959007796117354
127.70883940000203,-0.0003164527494274629,-0.00018455002578374156
127.7581280000013,-0.0006611823811568401,-0.00017153596585401884
127.80682279999746,-0.0005063988746122375,-0.0003354552486794132
127.8567097999985,-0.0005296885672305315,-0.00040378549435235764
127.90798989999894,-0.0003857004981184034,-0.00029953264836273945
127.95811010000034,-0.0004219634111908595,-0.0003954522480704226
128.0099252,-0.00031478486484146073,-0.00033438134292619793
128.05791640000098,-0.00034615521604643346,-0.00034662393296796016
128.11460069999885,-0.0002976110096146098,-0.0002375836984927437
128.15866470000037,-0.000335239815197248,-0.0002173468542146135
128.20782569999574,-0.0003025169850620365,-0.00012914461294823309
128.25735719999648,-0.0002516066874849908,-0.0001665490572124215
128.30885309999576,-0.000268059128538991,-9.858710240405116e-05
128.36517509999976,-0.0007314043457560455,-2.04026245898178e-06
128.41249219999736,-0.0006644859698032529,3.277255893333273e-05
128.4628270999965,-0.0006662820921666045,-1.7440277733109865e-05
128.5098455999978,-0.00032895878816472166,-4.991073030429377e-05
128.55842649999977,-0.0002601530807662724,-4.045324830674145e-05
128.60898409999936,-0.0004752988050258281,6.354703867567426e-05
128.65727089999564,-0.00031404826348377217,2.6620244708588234e-05
128.70759610000096,-0.000254223909612905,-3.14357981756895e-05
128.75688459999947,-0.00031331832035560677,-1.1209692241119994e-05
128.80725410000014,-0.0001943565103963005,-0.0005101491675995231
128.85615049999615,-0.0001534353021083615,-0.0006726326130764772
128.90684769999643,-0.0001608893406496419,-0.0006381190941889802
128.9575330000007,-0.00034265378414714186,-0.0005886290311410388
129.01143020000018,-0.0003707061910772301,2.2538847499496427e-05
129.05817910000042,-0.0005837331769966977,-0.00011577210155000535
129.10815159999765,-9.029861791640004e-06,-0.0008141040819172794
129.16459079999913,-0.00015496664809171547,-0.0005374195454222161
129.21038759999647,-0.0004121770388116902,-0.0004635645132097839
129.25882479999564,-0.00044532616190273293,-0.00036500359028632966
129.30671910000092,-0.00039926421191501356,-0.00035467158525699145
129.3583051999958,-0.0005503784882515145,-0.0003768626266725912
129.40934420000121,-0.0004796182794484315,-0.00033955651330733205
129.4586152999982,-0.0007088828668525477,1.9327733069580533e-05
129.5112833999956,-0.0007049371067331858,4.306251910616875e-06
129.55869539999549,-0.0006667356236012373,-8.454656239561712e-05
129.6072626000023,-0.000632672215684464,-0.00013228775602737948
129.65894309999567,-0.0006867259939375181,-9.994233118879806e-06
129.7077674999964,-0.0001944482442619432,4.914515953085087e-05
129.75741019999987,-0.0004630773493553864,-0.0004278369758588467
129.8062837999969,-0.0007029561000411516,3.032057461774256e-05
129.858516100001,-5.913940084317695e-05,-0.0006496132809358911
129.90812539999752,5.995577128040099e-05,-0.0005438918535783369
129.9579909000022,-0.00022068363310184368,-0.0006324810608376504
130.0094339999996,-0.00018565205857099098,-0.0006187459841282504
130.06006809999963,-0.0006006923846787255,0.00026123799475894594
130.10744359999808,-0.000693357464420723,1.3676329690971671e-05
130.1583640999961,-0.0007841828572274248,-6.044827083334593e-07
130.2082589999991,-0.000724500136151269,3.6441880313409264e-05
130.26734800000122,-0.0007701480447158353,4.8939529950820545e-05
130.30934449999768,-0.0005632842715817901,-0.00015984571777332844
130.3577815000026,-0.0004996674721094468,-0.00036934126110887045
130.4087647999986,-0.0005153058046044441,-0.00039599730512547
130.460780100002,-0.000500076099152762,-0.0003565820664635647
130.50969919999625,-7.573541429557868e-05,-0.0006965194222073187
130.5576465999984,-0.0004976746720074202,-0.00037795139298303605
130.60642109999753,-0.0005550311383833677,-0.0003551564818354381
130.65846050000255,-0.0005730439408330741,-0.00020477560702691905
130.70897040000273,-0.000558865079992713,-0.0002678485696353445
130.75774889999593,-0.0005992795397265757,-0.00030579941369164067
130.808474999998,-0.000696968865111049,-8.51062166740935e-05
130.857371099999,-0.0006695352232200523,1.8826420811208164e-05
130.9073645000026,-0.00010224259301357149,-3.286141108119428e-05
130.95983320000232,1.0228614710792598e-05,-0.0005613637018576908
131.00582530000247,-8.361058267966146e-05,-0.0006340136209054002
131.05757679999806,-0.0004394301130528671,-0.0003504546965298878
131.1081673000008,-0.00048783564143793407,-0.0003328413335173098
131.1579625000013,-0.0005721590544466822,-0.0002972343892685881
131.20696560000215,-0.0004599004594493714,-0.0003959942600390647
131.25755840000056,-0.000665188729254584,-0.00042477181594406454
131.3148674999975,-0.0006864860334409045,-4.6353597893443e-05
131.36201209999854,-0.00027521443373180045,0.0006278421667021341
131.4065088999996,-0.00013096144542159096,-0.0005923240400066034
131.45745840000018,-0.00011783365860771072,-7.825780563582397e-05
131.5072674999974,-0.00019368021608755052,-2.163530499201567e-05
131.55938149999565,-0.00032858556262535787,4.295279976144815e-05
131.60911990000022,-0.0002841776717495902,-0.0004811852197703774
131.6580346999981,-0.00024642528422298194,-0.000579680000990741
131.70821920000162,-0.0002495664004789763,-0.0005623597916128188
131.75749070000165,-0.0002406180834138565,-0.000590839566040622
131.80885449999914,-0.000521304897872453,-0.000208163986437309
131.85819800000172,-0.0003827163334689786,-0.00021422712269704422
131.90934919999563,-0.0004405986028910924,-0.0002963812142490646
131.9583774999992,-0.0005282794858012097,-0.0001175733980619569
132.00902289999794,-0.0006620209403351909,-2.1698499563813437e-05
132.0583293000018,-0.0007544326381403227,-4.132466752130761e-05
132.10682090000046,-0.0005867833499546715,5.216809320090306e-05
132.15781569999672,-0.00037607592591180374,-0.0004518510871695151
132.2081149000005,-0.0002182770780577079,-0.0004795650773390468
132.25703169999906,-0.0006134115607460341,5.629700795544899e-05
132.30782789999648,-0.0007204127651762243,-0.0001253768171395443
132.3572039999999,-0.0006103438110035867,-5.289927655920833e-05
132.41788110000198,-0.0006986670064726166,3.5378654450500793e-07
132.45959249999578,-0.0006804121133191394,4.688887287333942e-05
132.50753260000056,-0.0007300378473756122,-5.567499199448794e-05
132.5566381000026,-0.0007257994596452149,3.3593533010942324e-05
132.60835799999768,-0.00047372384779383004,-0.0001677035872950706
132.657881799998,-0.0006265507550127351,-0.0001923161030317025
132.7087706999955,-0.0003237615867406258,-0.0004108655048191655
132.7571339999995,-0.0004581986773119344,-0.00039876564332859654
132.80747189999965,-0.0005852932334800074,-0.000263823846935779
132.8585735000015,-9.362892088313733e-05,-0.0006538667251993866
132.908646099997,-3.890488096129029e-05,-0.0006233309433405716
132.95796210000117,2.7537930514407044e-05,-0.0006263939736033514
133.0067240999997,-0.0002705935158175088,-0.000569122254180552
133.06383800000185,-0.00028423475919547197,-0.0005675052956912184
133.10869459999958,-0.00024767114728014834,-0.0006278710689938052
133.15774809999857,-0.0004855391185549533,-0.00011569635687280821
133.2065833000015,-0.00012452688857798517,-6.240820693565133e-05
133.25654919999943,-0.00013300440411200576,-6.887114135662747e-05
133.30974720000086,-0.00016470301185139892,-9.440470040154081e-05
133.35858449999796,-2.3989693920278504e-05,-9.336437198923469e-05
133.40761589999602,-3.8062459895051175e-05,-0.0007216804720067159
133.46449910000229,-8.093504084712799e-05,-0.0006799968071532903
133.50934279999638,-1.7893407466845397e-05,-0.0003119247570908195
133.55805529999634,-6.474474054668951e-05,-0.0003481073911242788
133.60720839999703,-0.0003119848848165347,-0.0005744250063734822
133.65746339999896,-0.00035794441455415697,-0.00056078162836828
133.7086741000021,-0.00022723256138971212,-0.00036238357011883547
133.757869699999,-0.000332367124311378,-0.00019191973076336104
133.8083082000012,-0.0003476634785835237,-0.0004580655001315392
133.86055839999608,-0.0004082420190349876,-0.0005256972183575746
133.90957250000065,-0.00017841608572715382,-0.0006160224806832448
133.95707920000132,-0.0004215848513407245,-0.00046256026541374766
134.00712299999577,-0.0005503633618624843,-0.00040855832712581927
134.05666850000125,1.7591140544242414e-05,-0.0004091669542522961
134.10815709999588,-0.00034163258271191987,-0.0005135711198211202
134.15839759999653,-0.00033336315996464156,-0.00045680449361011003
134.20807319999585,-0.00045566290083423985,-0.00011297870878845592
134.25839699999779,-0.0005031884333209396,-1.321648374076427e-05
134.30822590000025,-0.0004972429746170834,3.2366772262400636e-05
134.36062759999913,-0.0005721897849759147,-9.20489072742952e-06
134.40751679999812,-0.0007750074790381721,-0.00010571799276003605
134.4569233000002,-0.00025485586112555347,-0.0004030455793009046
134.5127982999984,-0.0004535339766417419,-9.260818467646686e-05
134.55954719999863,-0.0004802391429867926,-6.41834112747359e-05
134.60981049999828,-0.000869355672783515,-0.00013000704993672535
134.65942260000156,-0.000582697672335508,-0.00025104627812163054
134.7156587999998,-0.0005193987381534885,-0.00022391586752570973
134.77085349999834,-0.0005232391249613736,-0.0002668231486205762
134.8126093999963,-0.0006209764976903091,-0.00023436620705279446
134.86801820000255,-2.5825905148486837e-05,-0.0001721373730669386
134.91422949999833,-1.8190342128426744e-06,-6.625141039113309e-05
134.96766869999556,-1.060446708224104e-06,-5.202565677158505e-05
135.01695309999923,7.361703691095601e-07,-0.0001975268958733686
135.06615910000255,-3.6976648479270284e-07,-0.00012005250229497037
135.11326610000106,-1.5895831317905868e-06,-8.991188124038583e-05
135.16298570000072,-1.7857276990456838e-06,-5.92230836261024e-05
135.21396919999825,-3.982633912245362e-06,-0.0006072372743985286
135.25649249999697,-4.083602522107317e-06,-0.0005865009947605834
135.30979629999638,-0.5614564662784762,0.5295760239719522
135.35826729999826,-0.5588330416777626,1.0832498394517869
135.40917839999747,-0.8140876299651861,1.5501683586941366
135.4594930999956,-1.1261362151857157,2.1902068264723966
135.50702889999957,-1.6815854855378423,2.808178904906841
135.5581233999983,-2.3927564167701996,3.275200854088439
135.6182403999992,-3.1908565782506306,3.600009358825644
135.65969929999846,-3.5992309745609092,3.5982933421299403
135.7086769000016,-3.5999516938022067,3.5176033519864625
135.75829410000006,-3.5998820799264215,3.5988885900323515
135.81117149999773,-3.6003416556533376,3.5998282594159585
135.86011549999967,-3.600191487624348,3.5998597596318866
135.9078445999985,-3.600200162133903,3.600051032631576
135.95780930000183,-3.600209463906982,3.599946510445111
136.00782020000042,-3.6003850270157396,3.600047138713235
136.0599041999958,-3.600263279078854,3.6000378898248666
136.10842989999946,-3.6001461992179586,3.5996442779771267
136.15806879999582,-3.6000171196961928,3.5996339485564834
136.2091744999998,-3.6000405784605087,3.5995583904731268
136.26103819999844,-3.6000319729422,3.5995991178957256
136.30884340000193,-3.600301828581938,3.5999709006219396
136.35847120000108,-3.6004218729360438,3.600006251949299
136.4090883999961,-3.6004728463716065,3.600032933196738
136.4589042000007,-3.389604458991544,3.3891255039546224
136.51005379999697,-3.1258465908871833,3.1256902282120995
136.5583295999968,-2.881074290424165,2.8806855132377245
136.60856699999567,-2.656845451537531,2.6563242872083745
136.66432429999986,-2.451736241427587,2.4511311374060547
136.71086339999601,-2.262167862749214,2.2618988201065733
136.7634168000004,-2.088086633646785,2.088093620773827
136.81456839999737,-1.928108384179229,1.9280714102119545
136.86256409999623,-1.779959810929573,1.7799551919255494
136.91303850000259,-1.6388595106970658,1.6387924781578116
136.9626330999963,-1.507072145387451,1.523631506114159
137.0082573999971,-1.3869522338179685,1.3872761357891619
137.05720959999599,-1.2809357153607972,1.280339987180413
137.10921029999736,-0.5372098537600223,1.7215173716483259
137.15805539999565,-0.10435402059707861,2.1532990523607696
137.20810209999763,0.1667754795380927,2.622640087052849
137.25884580000275,0.6413221393571736,3.1989387761287116
137.30775849999918,1.3030408548504315,3.9733727932934158
137.3577043999976,2.507127278570712,4.820668596671312
137.406307199999,3.698313016714733,5.697500457157511
137.45750319999934,5.0541190680856705,6.483303000494109
137.50680389999616,6.2665908725487,7.41645242897778
137.56111039999814,7.445077751640832,8.141888105582067
137.60735130000103,7.559350681156732,8.440613006152978
137.65734929999599,7.56524507873552,8.434668059419081
137.7082515000002,7.574837417410749,8.424757916333526
137.7708130999963,7.587964828284488,8.411923316085403
137.8073938000016,7.59991405238644,8.399519452461059
137.85727600000246,7.611507115503963,8.388409810891323
137.90814089999913,7.619360196772292,8.3804675538121
137.9590315000023,7.625525125774688,8.374322980853915
138.00992499999847,7.628650937954192,8.370591123257995
138.05953610000142,7.628247096531794,8.37123662555801
138.10721059999923,7.625926675123925,8.373855459048919
138.15866870000173,7.619817861224581,8.379636340381573
138.20936519999668,7.6108294543049135,8.389150550440243
138.2599618999957,7.595930923515383,8.403560704813392
138.30843520000053,7.574244832025177,8.42511629898625
138.35835550000047,7.541880393504939,8.457440047093892
138.40944799999852,7.493706670399349,8.505753995089872
138.45672889999696,7.4169274143728945,8.582413015005345
138.50800139999774,7.291242077619506,8.70851565311856
138.55894239999907,6.390419908143611,7.721554205051211
138.6083151999992,5.510044931331136,6.824677230704949
138.65938820000156,4.494668426986581,5.993183554850827
138.70950479999738,3.659156065283302,5.1020646126202776
138.76138669999636,2.807311500908967,4.189481624738873
138.81356470000173,1.943677850636036,3.2996741976034993
138.86044559999573,1.0905412929381797,2.2851681704763465
138.9081279999955,0.23241151555547251,1.4059817601512492
138.95775429999776,-0.0004811674416913683,0.7576203998549562
139.00752009999997,-0.0006349099379315611,0.2708003124378779
139.05715919999784,-0.0009753497401224567,0.000631147655895626
139.10716230000253,-0.0006226360196219982,0.0001673375026102815
139.15685880000092,-0.00047332597493208805,-2.1134345562520525e-05
139.20799409999745,-0.0004222566970142654,-8.853642139436417e-05
139.2612033999976,-0.0004055549128807263,-0.00011068188002793607
139.30677930000093,-0.0004014008586134783,-0.00011624070362936792
139.35723970000254,-0.00039993278644963895,-0.00011800884243140834
139.40618269999686,-0.00039900330692295736,-0.00011907927025556642
139.45847340000182,-0.0003992679844750557,-0.00011882319235223941
139.50853549999738,-0.00039890623952994474,-0.0001194574791975092
139.55755019999924,-0.0003989328291049311,-0.00011924535412444654
139.607748800001,-0.00039886665774209733,-0.00011930062875376468
139.65626699999848,-0.00039913495241746325,-0.000119212848748278
139.70861829999922,-0.0003989891354034438,-0.00011921675708859604
139.7595405999964,-0.0003990036834606473,-0.00011921893429145851
139.8076809999984,-0.0003989936664678565,-0.00011922321884195066
139.8573292000001,-0.00039941544779438943,-0.00011870169495121043
139.91454530000192,-0.00039882295128142436,-0.00011939841675368457
139.9586163999993,-0.0003987461780658614,-0.0001195086008710703
140.00821149999683,-0.00039937720783874277,-0.00011899419838379699
140.0567130999989,-0.0003988837603947248,-0.00011942751817495736
140.10872910000035,-0.00039886816993247014,-0.00011940934668841964
140.15802930000063,-0.0003988112099235383,-0.00011944684379384034
140.20775739999954,-0.00039892430313056014,-0.00011954640033462955
140.2588470999981,-0.00039877753336754995,-0.00011951374716557196
140.30791229999886,-0.0003995102767557397,-0.00011889756426087107
140.35804500000086,-0.00039902649546293443,-0.00011922207140425025
140.40823319999618,-0.0003991348882798791,-0.00011917511261184011
140.4575724000024,-0.00039886738391122206,-0.0001194254497961558
140.50663039999927,-0.0003989410171884756,-0.00011957716409283711
140.5600256999969,-0.00039914224104272214,-0.00011935336924351798
140.60798429999704,-0.0003990042573238265,-0.00011928178755849404
140.65973259999737,-0.0003989043400327186,-0.00011940560441526161
140.70902829999977,-0.0003992314063622947,-0.00011905958272618186
140.75799879999977,-0.0003988496589785893,-0.0001195377477004648
140.80804089999583,-0.00039897862872458355,-0.00011938713173631951
140.85725660000026,-0.0003989655313069886,-0.00011943438984485714
140.90622879999864,-0.00039947576038819766,-0.00011889007138788231
140.9657359999983,-0.00039905352616283516,-0.0001194958333062871
141.00754159999633,-0.0003989675181621135,-0.0001194537120775599
141.05771169999935,-0.00039898335970685615,-0.00011937233885828588
141.10806639999646,-0.0003989155325629545,-0.00011949570515324337
141.1586540999997,-0.00039895085837189946,-0.00011965853419238443
141.21166559999983,-0.0003989538391930448,-0.00011946953712993954
141.2582786999992,-0.00039882241346718677,-0.00011960115103860012
141.30755489999865,-0.0003992117780966151,-0.00011917740047063142
141.35781459999998,-0.0003988349224998852,-0.0001196003970528374
141.4096522999971,-0.0003987509844378285,-0.00011973198192916593
141.45914279999852,-0.0003988015556683652,-0.0001197037642343185
141.5075072999971,-0.0003987971971714685,-0.000119672788123753
141.55824679999932,-0.0003989543782229766,-0.0001195937306631749
141.60955390000163,-0.00039926218088411454,-0.0001191521455613564
141.65817579999566,-0.00039883077434584285,-0.00011968130752005256
141.70955529999628,-0.0003994275307123888,-0.00011906771416614766
141.75628529999813,-0.0003987955709722932,-0.00011972499225366085
141.80836239999917,-0.00039883572575734577,-0.00011969259299260901
141.85944200000085,-0.0003990144818228517,-0.00011968419295638685
141.90700970000034,-0.0003988315166742638,-0.00011968442794619224
141.9578232999993,-0.00039925475281484376,-0.00011924479325087673
142.01251039999624,-0.00039938219753628685,-0.00011930532943805095
142.06513299999642,-0.0003990605972954036,-0.00011974050738728319
142.10768210000242,-0.0003988837029961944,-0.00011965878269360403
142.15778609999688,-0.0003990201298993028,-0.00011957682364294658
142.20887580000272,-0.0003989759090112401,-0.00011979264574757906
142.25846730000194,-0.00039926798798336046,-0.00011924788588813412
142.30736639999668,-0.00039899697811325883,-0.00011965963454552637
142.35886089999985,-0.0003988897054835904,-0.00011970011808426994
142.4078423999963,-0.0003988796764781865,-0.00011979527999595405
142.46782040000107,-0.00039946519757646116,-0.00011907064818584153
142.51517420000164,-0.00039883320245910885,-0.00011978782605848679
142.56414609999774,-0.0003989439941071872,-0.00011973407526578109
142.61311969999952,-0.00039925127656222466,-0.00011932454350172442
142.66677679999702,-0.00039880122286791136,-0.00011987584310769146
142.71662800000195,-0.0003988534909022566,-0.00011987951589199039
142.75774029999593,-0.00039892386768443654,-0.00011978712015648327
142.80709059999936,-0.00039888535641248717,-0.00011975320476376678
142.85813490000146,-0.00039889526048449413,-0.00011984458742076391
142.90912440000102,-0.0003990014348482399,-0.00011968151677488822
142.95788829999947,-0.000399130590473324,-0.00011957701306919908
143.0064693000022,-0.00039884074714065503,-0.00011986200015868213
143.0570160999996,-0.00039877793921512766,-0.0001199485822779342
143.11680099999649,-0.00039880482366534936,-0.00011991754728113946
143.15812690000166,-0.00039899625464197595,-0.00011995952142752038
143.2080711000017,-0.0003992658423108319,-0.00011940230679752717
143.25704779999796,-0.00039897744973434467,-0.00011983365225687838
143.3092340000003,-0.00039879246074910307,-0.00011996920629154223
143.35752800000046,-0.0003993643661943283,-0.00011935101653659981
143.40559159999975,-0.00039889106390807443,-0.00011993822115486356
143.45623599999817,-0.0003990472173482533,-0.00011970433922992519
143.5094379000002,-0.0003991642712370576,-0.00011983419749850803
143.55779030000122,-0.0003992079432697146,-0.00011978319768302613
143.60657859999628,-0.00039897163988174576,-0.0001197701594014606
143.65954390000115,-0.0003988183641618512,-0.00011998293930626769
143.7062700999959,-0.0003987593585170364,-0.0001200798301571658
143.75919720000093,-0.00039873200858360724,-0.00012011895053077305
143.80720460000157,-0.00039924838596335323,-0.00011953375738127862
143.85894589999953,-0.00039901103766678024,-0.00012001441768172949
143.90881400000217,-0.00039888204433964896,-0.00011996191524599717
143.95978520000062,-0.0003987653288801291,-0.00012011789775068772
144.00649059999705,-0.0003993658405427494,-0.00011963270792903428
144.05696689999604,-0.0003989356162754255,-0.00012013696464319706
144.10771540000133,-0.00039879563729701667,-0.0001200977193250906
144.16832389999763,-0.00039905279493109334,-0.00012007194794006456
144.2078959999999,-0.00039894279357307065,-0.00011998764656307421
144.25608040000225,-0.00039902055928360856,-0.00012004992645542872
144.30615589999798,-0.0003988277845762997,-0.00012008437543243306
144.35725020000245,-0.0003987746970141755,-0.00012015763973816643
144.40893969999888,-0.0003988676318739836,-0.0001201290395936915
144.45853089999582,-0.00039877842851817024,-0.00012016754853417237
144.508533799999,-0.00039909094496422607,-0.00012009357686094111
144.5592331000007,-0.00039885933010915236,-0.00012006834636547043
144.60828780000156,-0.00039878107430176246,-0.00012019755956116928
144.65839260000212,-0.00039918595871109666,-0.00011974669380532773
144.7075541000013,-0.0003991565180167696,-0.00011979913335802793
144.75787059999857,-0.00039914782471513546,-0.00011981522963789249
144.809840599999,-0.00039918776476640186,-0.00011976567854133319
144.85734789999697,-0.00039917736070545576,-0.00011978576566218877
144.90753939999558,-0.0003991519547503382,-0.00011984299579393357
144.95691049999732,-0.00039873910219819186,-0.00012030866045631983
145.00670990000071,-0.0003987966042624133,-0.00012026686279099093
145.06081119999726,-0.00039874352665898955,-0.00012032351975899704
145.107691600002,-0.00039873021348065196,-0.00012035843514069407
145.16067849999672,-0.00039879899440605187,-0.00012028158220556701
145.21597299999848,-0.00039877684100471616,-0.00012029684155490671
145.26925869999832,-0.00039878308733039513,-0.00012030128360163715
145.308105600001,-0.0003987709041981143,-0.0001203566069031327
145.35806610000145,-0.0003987939253775216,-0.00012030382620110146
145.40726770000038,-0.00039878232726616136,-0.0001203660432770372
145.45818419999705,-0.0003987544949574813,-0.0001203734153244542
145.5071123000016,-0.00039873181536594315,-0.00012041355048631486
145.55786310000258,-0.0003987652977772312,-0.00012037815536614668
145.6102449999962,-0.00039887658624456195,-0.00012030741878288909
145.65932489999977,-0.00039879185446741144,-0.00012036911228874864
145.71097680000094,-0.0003988311170605883,-0.00012033621797925012
145.75853759999882,-0.00039881389620806645,-0.00012037186908354108
145.80777559999842,-0.0003988924219828382,-0.00012026931682796455
145.8624443000008,-0.00039886091224357583,-0.00012033446231696789
145.91766300000018,-0.0003987720286875048,-0.00012042827088898944
145.96397450000222,-0.00039889578961678767,-0.00012030407556829502
146.0112702999977,-0.0003987642038966895,-0.00012045763186930317
146.06438399999752,-0.00039900114343134917,-0.00012023438662479015
146.11269309999625,-0.00039880048455294664,-0.00012044942332434831
146.15885310000158,-0.0003988134478222935,-0.00012042980469540467
146.2077156000014,-0.00039880044391878383,-0.00012044690462798573
146.2653197999971,-0.0003990195419529445,-0.00012019610206038252
146.3110710999972,-0.0003987882146234298,-0.00012047628307210764
146.37073370000144,-0.00039875906172666636,-0.00012053561953007699
146.41208069999993,-0.0003988532598148851,-0.00012049429897199068
146.46435909999855,-0.0003989143904321202,-0.0001204317136794866
146.5177229999972,-0.0003988444344744267,-0.00012044073073325692
146.5753487999973,-0.00039881954631067445,-0.00012047029489548638
146.62054779999744,-0.0003988382204562378,-0.00012053266571510659
146.66709779999655,-0.0003988317574205756,-0.00012051389637347008
146.71574959999998,-0.0003992106767609258,-0.00012006125951214401
146.76639949999662,-0.0003988121490945016,-0.00012051940575530971
146.81871719999617,-0.0003991920879137975,-0.00012010057445233635
146.8623959999968,-0.00039920441664627695,-0.00012010776399019029
146.9163619999963,-0.0003992426947658399,-0.00012005109022450981
146.96839360000013,-0.0003988268218575062,-0.00012053927501710118
147.0140412999972,-0.00039882155351063625,-0.00012056599921773142
147.0581788999989,0.2980399473508945,-0.37158161081652585
147.10861679999653,0.47998021588132156,-0.7573714699983191
147.1595182000019,0.6291583946174782,-1.1131354752065203
147.20774079999683,0.7373934261452442,-1.4234497587158081
147.25681479999912,0.9214091397130381,-1.578948099927786
147.30615450000187,1.2319738675163665,-1.9885193872152858
147.35810369999672,1.6296151682171487,-2.15533814355667
147.41683409999678,1.984983310431099,-3.0067679573548296
147.45679910000035,2.1394527592967085,-3.600016370840806
147.50737759999902,2.179883286483954,-3.600190011723723
147.55873079999583,2.3264831534025956,-3.600370671431987
147.6089071000024,2.214379714173241,-3.599933910242638
147.65805569999793,2.0933510064074343,-3.6003803647022536
147.70716299999913,2.250231159087156,-3.6002822741901244
147.7566255999991,2.6877528970272344,-3.600426536146366
147.80862979999802,3.2321093612397083,-3.600619841138967
147.85769499999878,3.5999950769449547,-3.6005325937545547
147.9057845999996,3.6000076775190157,-3.5994016223093523
147.9566668999978,3.600092359139927,-3.5996287210840667
148.00822479999624,3.6000928337571687,-3.600402613208361
148.05964490000042,3.6000096624529214,-3.6003568898255067
148.1064641999983,3.5996763955648707,-3.5999748007633396
148.15785470000264,3.5996020759036025,-3.600049232671446
148.20624410000164,3.599729987374173,-3.6000405359484002
148.26475109999592,3.5158187245306887,-3.5164051941526666
148.31294630000048,3.2430275530400223,-3.2430827904505075
148.36466429999564,2.9871170732241263,-2.9871711741655944
148.40944599999784,2.7520685657485613,-2.7526242957828546
148.46708170000056,2.536458856831287,-2.537055407245871
148.50973389999854,2.338177247750209,-2.338810684866054
148.5601569999999,2.1550868164158765,-2.1561749307581017
148.60730709999916,1.9879804212297307,-1.9880714826097978
148.65754339999694,1.8339948090704645,-1.8339304613179481
148.71173109999654,1.6915941074862746,-1.6916442949044654
148.76306179999665,1.5607983280879536,-1.5608362587929212
148.81424020000122,1.4406087413494617,-1.4410274021559826
148.85875459999806,1.3300715046806395,-1.3305930232989414
148.9089582000015,1.2268193873768805,-1.2278131408193318
148.95731910000177,1.6381976789252828,-0.5997002130805775
149.00692590000108,2.0973597948981992,-0.20811593008564466
149.05810629999905,2.579418992241446,0.1770921171393232
149.10732350000035,3.199435682048905,0.6674620734970043
149.1563604999974,4.06753712927907,1.4038663129102995
149.20729949999804,4.956733933891245,2.237582077216157
149.25774570000067,5.901330703394919,3.3714343281592694
149.30822310000076,6.811564708665446,4.619800207802788
149.35714870000083,7.487089234131501,5.878668244185891
149.40790150000248,8.190443426985482,7.081219815175225
149.458375299997,8.208992904095904,7.7904020909966185
149.5135317000022,8.185499627085711,7.814599971829881
149.56017260000226,8.175132521478298,7.824832435690802
149.60650909999822,8.165456571918165,7.8340818359613404
149.65894780000235,8.156764933508105,7.842686237225155
149.708375299997,8.148988013713554,7.850719305844713
149.76010410000163,8.141480109681908,7.858222457215939
149.80854340000224,8.134752535453986,7.8648825031002465
149.85689149999962,8.12840405109905,7.871270530211281
149.90850179999688,8.122628196100628,7.877035036549577
149.95979739999893,8.11738245927748,7.882315055818774
150.00722439999663,8.112555016901997,7.887280863588295
150.05590169999778,8.10813162928158,7.891623327267745
150.10651890000008,8.104226773171899,7.8956092879791075
150.15726379999978,8.100630605814283,7.899158963761771
150.2058657000016,8.097361042076086,7.902045936761559
150.2574530999991,8.094813901169342,7.904891553503771
150.30801799999608,8.09234628936276,7.907302476000218
150.3573228000023,8.090660181475576,7.909354476220452
150.40861949999817,8.088921900533554,7.910370654713267
150.45692289999715,8.088325341005552,7.91143944400414
150.50818789999903,8.087849725131754,7.911692258045024
150.55920630000037,8.088399329401403,7.911555397525663
150.61918149999838,8.089526032036972,7.91014484479797
150.65826789999846,8.091667581666757,7.907851809394221
150.70735089999653,8.095293836179344,7.904445968950383
150.75770170000033,8.10067237603137,7.899196950257216
150.80930660000013,8.108508946790396,7.891144571159247
150.85572449999745,8.120300907726225,7.879157204432139
150.90679459999956,8.138809141624083,7.860866558455272
150.9597442000013,8.169966451788987,7.829561341886792
151.00832169999921,7.21906414272437,6.953364922509761
151.05586590000166,6.305101194489514,6.089533553758321
151.10625269999582,5.384224121160675,5.2327891785099725
151.15872259999742,4.471432496783196,4.384938238669538
151.2083328000008,3.545529533728,3.525716649693195
151.25890960000106,2.6227384906858804,2.6759147710323634
151.3074723000027,1.7004866386470712,1.8305966131210594
151.35596259999875,0.773880865969287,0.9780981735775036
151.40768730000127,-0.00011850218389908666,0.16675669502086143
151.45988429999852,-0.00040992350385304276,-0.00027264914353070037
151.5075768999959,-0.00034385732846690584,-0.0003001367310674323
151.556591200002,-0.00032318364037208386,-0.00032320607918816686
151.6082122000007,-0.00031477684824296465,-0.000335545201624506
151.6646993999966,-0.0003108646002063147,-0.00034100989045790866
151.70915889999742,-0.0003090808662457745,-0.00034348944022481287
151.75791279999976,-0.0003082686735104839,-0.0003446190060420861
151.8138433999993,-0.0003078982067421096,-0.00034513302402582
151.86841959999583,-0.0003077290931301063,-0.0003453665824442592
151.92057119999663,-0.0003076517732129706,-0.0003454723402009782
151.9615386000005,-0.0003076163222929931,-0.0003455198352324971
152.01311200000055,-0.0003075999062688974,-0.0003455407585386404
152.06276159999834,-0.00030759211205917534,-0.0003455496004894231
152.11090469999908,-0.00030758838267570663,-0.000345552906422728
152.15693109999847,-0.00030758651893321296,-0.00034555367878268177
152.2080272000021,-0.0003075854217553089,-0.00034555333776518975
152.25963149999734,-0.00030758469334908465,-0.00034555248662519793
152.30773390000104,-0.00030758400581016996,-0.0003455513830191025
152.35750230000122,-0.00030758360614098327,-0.000345550156933203
152.4101942999987,-0.0003075830690594929,-0.00034554893391013135
152.4568935999996,-0.00030758271760729226,-0.00034554763810361365
152.5102098999996,-0.00030758217758371085,-0.0003455463614789743
152.55739170000015,-0.00030758184932406916,-0.0003455450584338026
152.60755770000105,-0.0003075814136725543,-0.00034554377519500955
152.6571083000017,-0.0003075808995060671,-0.000345542521174511
152.70964690000255,-0.0003075805283363056,-0.0003455412042737559
152.76458309999725,-0.00030758010405347445,-0.0003455399359535848
152.80756499999552,-0.0003075796894628903,-0.0003455386655919911
152.85786109999754,-0.0003075791591204537,-0.0003455374002486054
152.9078298999957,-0.000307578780856367,-0.0003455360848563659
152.95790190000116,-0.0003075782517351757,-0.00034553483843118054
153.00687140000082,-0.00030757791449382974,-0.0003455335660267765
153.05764339999587,-0.0003075774677622891,-0.00034553229219989916
153.10723529999814,-0.0003075770463993445,-0.00034553103476268925
153.1606799000001,-0.00030757656848163915,-0.000345529746858184
153.20791939999617,-0.0003075760457886391,-0.00034552851575685205
153.25655669999833,-0.00030757570074242533,-0.0003455272322946266
153.3081607999993,-0.0003075751624952007,-0.00034552599399488614
153.3598146000004,-0.0003075747960327848,-0.00034552472199016237
153.40784139999596,-0.0003075743496232088,-0.0003455234546025786
153.45821389999765,-0.00030757381271935406,-0.0003455222307829218
153.50795669999934,-0.0003075733718608932,-0.00034552098857658413
153.55659960000048,-0.000307572988412065,-0.0003455197100881578
153.60741399999824,-0.0003075725617422544,-0.00034551848613388657
153.65558169999713,-0.00030757208123772937,-0.0003455172257643001
153.70781089999946,-0.00030757164707391336,-0.0003455159913711568
153.75746020000224,-0.0003075711690673901,-0.0003455147434402315
153.81248329999653,-0.00030757072507810033,-0.0003455135086487958
153.8585071999987,-0.0003075701921710485,-0.0003455123148925908
153.90812030000234,-0.000307569792557373,-0.0003455110380028857
153.95642809999845,-0.0003075693648439528,-0.0003455098358964157
154.0082190999965,-0.0003075688795099576,-0.0003455085918720877
154.05731299999752,-0.0003075684236967926,-0.0003455073598340051
154.1060559999969,-0.0003075679779311459,-0.00034550615901678166
154.1576516999994,-0.0003071516133883016,-0.00034605317473700327
154.2074072999967,-0.00031348109947912085,-0.00034506728474790956
154.25648469999578,-0.0003123177975909665,-0.0003467816876772563
154.30769119999604,-0.0003121363309936618,-0.00034699283273425093
154.35824349999893,-0.00031211880458000804,-0.0003470165706361729
154.40679850000015,-0.00031212450110104076,-0.0003470172276633833
154.45843759999843,-0.00031213197714304844,-0.0003470164118728926
154.50614900000073,-0.00031213898079626137,-0.00034701636253458136
154.55780850000156,-0.0003121455771197488,-0.0003470169013924286
154.60645149999618,-0.0003121521941599979,-0.00034701779738820617
154.65900159999728,-0.0003121587541236813,-0.0003470188724809988
154.7055853999991,-0.00031216541750463947,-0.000347020144664746
154.7580311999991,-0.00031217244745903585,-0.0003470214978489773
154.80841620000137,-0.0003121796051001823,-0.00034702297280247003
154.86872819999553,-0.0003121869217252659,-0.0003470246015870772
154.91266789999645,-0.00031065392078795883,-0.0003465654907488404
154.95719850000023,-0.0003078120805359426,-0.00034608570507237325
155.0070479999995,-0.00030824728912733074,-0.00034541193567515243
155.05811739999626,-0.00030834473693271147,-0.0003452673296160806
155.10663109999587,-0.00030837622482278465,-0.0003452154140775457
155.157947599997,-0.00030838926504724056,-0.00034519157030614384
155.20798079999804,-0.00030839500515562917,-0.00034517914095831504
155.25848849999602,-0.00030839723502747184,-0.0003451720652405256
155.30909119999706,-0.0003083980040234499,-0.0003451674448489563
155.3564957999988,-0.00030839780632603586,-0.0003451640632872589
155.40820689999964,-0.00030839734561678733,-0.00034516128763949173
155.45757919999596,-0.00030839671438838445,-0.0003451587766730569
155.5079063000012,-0.000308395993975766,-0.0003451563925787461
155.56337869999697,-0.0003083952659581199,-0.0003451541087181454
155.6110314999969,-0.0003083946226504905,-0.0003451518297397505
155.66118740000093,-0.000308393875137328,-0.0003451495833588914
155.7120509000015,-0.00030839312990012274,-0.000345147353052674
155.75882969999657,-0.0003083924068118668,-0.00034514510840376274
155.81123669999943,-0.00030839161412372945,-0.00034514291513597313
155.85720199999923,-0.00030839089307828387,-0.0003451406751083653
155.90974769999593,-0.000308390219661406,-0.0003451384639868016
155.96673649999866,-0.0003083896424564555,-0.0003451362412758974
156.00736170000164,-0.0003083888655445874,-0.0003451340310896967
156.06281799999852,-0.0003083883259872996,-0.0003451318057572784
156.11477799999557,-0.00030838768454484494,-0.000345129585355638
156.16340839999611,-0.00030838705209519673,-0.0003451273792078735
156.21333669999876,-0.00030838635689574317,-0.0003451252034816077
156.26733070000046,-0.0003083857451295499,-0.00034512297677528837
156.3184390000024,-0.00030838519276028836,-0.0003451208049125987
156.36895740000182,-0.00030838461491140856,-0.0003451185949012581
156.4105955999985,-0.0003083840336097351,-0.0003451163781855582
156.4662520999991,-0.00030838351535762725,-0.00034511420081616225
156.51405710000108,-0.0003083830590004529,-0.0003451119842794858
156.5626706999974,-0.0003083824788423092,-0.0003451098360423421
156.61170689999562,-0.00030838197790968047,-0.00034510765032545683
156.65940039999987,-0.0003083815468877956,-0.00034510541589059747
156.71182399999816,-0.00030838098855663653,-0.000345103263122356
156.76011819999985,-0.00030838055158395627,-0.0003451011013404914
156.8093841000009,-0.00030838009789131726,-0.00034509891935256766
156.86208749999787,-0.0003083796539797431,-0.0003450967421608075
156.91087929999776,-0.00030837924417422024,-0.00034509457158597647
156.9585589999988,-0.00030837892915953923,-0.0003450923857358645
157.01242230000207,-0.0003083784214656523,-0.0003450902194215143
157.0621661999976,-0.0003083781476291432,-0.0003450880554650004
157.10929079999914,-0.0003083777110228366,-0.0003450859258809912
157.1584006999983,-0.0003083774452687512,-0.0003450837410939177
157.2111503999986,-0.0003083770003801808,-0.0003450815917007542
157.25954079999792,-0.000308376760116816,-0.00034507940927012916
157.30695150000247,-0.00030837646890531666,-0.0003450772646731292
157.3574202000018,-0.00030837607115681586,-0.000345075131312974
157.40867440000147,-0.00030837590685491045,-0.0003450729844552823
157.45946689999982,-0.00030837562947679,-0.00034507082107330874
157.50794850000239,-0.00030837528005629744,-0.0003450687090738445
157.5583184999996,-0.0003083750273917415,-0.0003450665503561955
157.60819020000054,-0.0003083749186564984,-0.00034506441317687305
157.66151289999834,-0.00030837468162388265,-0.00034506225339340986
157.72036619999562,-0.0003083744308800126,-0.0003450601703485621
157.7655597999983,-0.0003083743228775167,-0.00034505801167670976
157.81693419999647,-0.00030837406963564484,-0.0003450559025180287
157.86503660000017,-0.00030837392266432084,-0.00034505378128150895
157.91566369999782,-0.00030837379076982546,-0.0003450516631966348
157.96872969999822,-0.00030837368117971075,-0.0003450495452019662
158.01352799999586,-0.00030837364394283045,-0.0003450474015847381
158.06922730000224,-0.000308373479541005,-0.0003450453114788719
158.1192239000011,-0.000308373494007211,-0.0003450431822931553
158.16487570000027,-0.00030837342466268086,-0.0003450410817969894
158.21969259999605,-0.0003083733857604661,-0.00034503898311881367
158.2659990999964,-0.00030837328265405383,-0.0003450369130857798
158.3184242999996,-0.0003083733410184782,-0.00034503478887247454
158.36527650000062,-0.0003083733370882887,-0.0003450326861114537
158.41716930000257,-0.0003083732533219615,-0.00034503059556011053
158.46634520000225,-0.0003083733129187335,-0.00034502853449906647
158.51712369999586,-0.000308373418978339,-0.0003450264005602075
158.56417510000028,-0.000308373423075062,-0.00034502436378945546
158.6156684000016,-0.0003083734728796668,-0.0003450222643591036
158.66414039999654,-0.000308373669089382,-0.00034502018251329677
158.71937819999584,-0.000308373783320229,-0.00034501809982233263
158.76327740000124,-0.0003083738161828305,-0.00034501605923380115
158.81492810000054,-0.3881079879543775,0.2734880379970766
158.86473229999683,-0.6484519885491021,0.5030340515922801
158.91520930000115,-0.8627451625104772,0.7531305444457225
158.96657840000262,-1.0590304040378098,1.0644047079426147
159.0163900999978,-1.3031532903167025,1.4435761558506028
159.06377509999584,-1.783136073021005,2.3567722710050476
159.11439119999704,-2.420173136301274,2.8704726384922736
159.16987140000128,-3.0382112346580032,3.0362746244931893
159.21645210000133,-3.0044798809347544,2.770934065418661
159.2639610999977,-2.7996339422888528,2.542598910318792
159.31413379999867,-2.4723678426428832,2.4171123374928465
159.36553619999904,-2.2325605246953324,2.2323057186937807
159.41392169999745,-2.0704264793713207,2.0704709241502344
159.46487180000258,-1.9243754612906403,1.9250707285848732
159.5132639000003,-1.7903011127646797,1.7902900887000224
159.56841249999707,-1.667116305618208,1.667062352702514
159.61220830000093,-1.5521496909254562,1.552003105680989
159.6677966999996,-1.4456975399644663,1.4449969221677768
159.71512860000075,-1.34628762468052,1.3245036093808875
159.76607389999845,-1.2522514791375707,1.2516683694331876
159.81477879999875,-0.38486540639148975,1.7915159309698598
159.8689153000014,0.07506820562061173,2.6987573968808243
159.91489600000205,0.35450882038348086,3.26489748998527
159.96406679999927,0.8810723240990784,3.889616955071844
160.01727769999707,1.9026181059125404,4.703810207418002
160.06594609999593,2.8739139579274307,5.63062766627237
160.1145355999979,4.064451276328113,6.544715729641259
160.16656800000055,5.214134035674064,7.222210192559765
160.217839500001,6.477128752807576,7.875584178395605
160.2673752999981,7.285476322247594,8.484663248926934
160.31600459999754,7.242102070080334,8.744995581993798
160.3679340000017,6.9589500211439335,9.048936166046785
160.4170718999958,6.026350317605174,8.113764107721323
160.46409400000266,5.05495396146578,7.2340899218908845
160.51690579999558,4.102569155406322,6.288510496671708
160.56766329999664,3.1618880683238673,5.439166363901397
160.61477049999667,2.330514500619419,4.521257725433461
160.67019559999608,1.535224531196798,3.588826876754202
160.71541179999622,0.6056131168845863,2.745757946078787
160.7654576999994,-7.449484379369607e-05,1.8209167996829974
160.8137910000005,-0.19025418814892234,2.3925236307786393
160.8642491999999,-0.5279789069537116,3.0510299992261904
160.91482600000018,-1.1669270394923723,3.5748882150765353
160.96462279999832,-1.9840565039711617,3.600006795369635
161.01694029999635,-2.793900288483679,3.600006191322605
161.06618760000129,-3.6003602624822824,3.5998176747253248
161.11578059999738,-3.6391609687484787,3.5669920960592907
161.16356899999664,-3.6886123190505566,3.6000968035250724
161.2164616000009,-3.600147137850929,3.6000584125921327
161.2645596000002,-3.6004127035047575,3.600017407332697
161.31665169999906,-3.5998476596817084,3.6000651084404565
161.36445979999553,-3.5998092511537423,3.600070737529736
161.41362549999758,-3.6000199689174983,3.5999292858525647
161.4677098999964,-3.6000687940121234,3.599718130583467
161.51658709999901,-3.600024218717066,3.5996690746680624
161.56546099999832,-3.600047753227898,3.600017652339722
161.61735200000112,-3.6000272314795985,3.599996796429586
161.66535470000235,-3.4256500563358467,3.425469595710166
161.71698260000267,-3.184433334636562,3.184118531969716
161.76324190000014,-2.9609019200402,2.960717602315061
161.81482890000188,-2.757539433702768,2.7573437277370996
161.86500030000025,-2.571248427523263,2.5712634725978876
161.91787779999868,-2.398785455411278,2.398661387360321
161.96710119999625,-2.2391182262156963,2.2390407940250276
162.01544979999744,-2.09269764382204,2.09249583574037
162.06505169999582,-1.9569107171988758,1.9568159818341968
162.12149079999654,-1.8305345651298293,1.8300664784381926
162.16706870000053,-1.7128464930235607,1.7124303850422442
162.215999,-1.6026045345261068,1.6020595344238988
162.26562810000178,-1.4990408127634256,1.4984531959195293
162.31386719999864,-1.4043221153192917,1.403687427441682
162.36551560000225,-1.3146321362406141,1.3144888611047936
162.4150421000013,-1.2303432631021423,1.2296710983353423
162.46643870000116,-0.7480335953714148,1.8285860552032387
162.5141844000027,-0.28216141103707065,2.2010219819779597
162.56482200000028,0.1683296266714519,2.6260163141190316
162.61585229999764,0.8249647941228433,3.3513842489657946
162.6657808000018,1.560247144038324,4.103618267683419
162.7142287999959,2.8200727745973864,5.000013318009449
162.76755830000184,4.043861065597884,5.8795410009196685
162.8151493999976,5.307450844639156,6.598664140630685
162.8645456000013,6.5723262263796975,7.356482800093582
162.91552159999992,5.5611183740622705,6.090389487000921
162.96616160000121,4.7137560210179545,5.157926564359339
163.01582469999994,3.8519781334539203,4.210180837470556
163.06732299999567,2.988219397084626,3.2645279843947965
163.1146688000008,2.1297093195277217,2.320235020316354
163.1676402000012,1.2728614745084275,1.388336696137618
163.21720679999999,0.4257896781877034,0.47376248094409407
163.26460009999573,-0.00011176764829212348,-0.0002790739457417925
163.31467310000153,-6.729347892259903e-05,-9.741945500305968e-05
163.36585809999815,-4.832389999269669e-06,-5.728617153982499e-05
163.41820819999703,-2.176634201630264e-05,-6.345310623606986e-05
163.46492379999836,-1.8365557341598692e-05,-9.074295413977434e-05
163.51419789999636,-1.227863890563848e-05,-9.440339833197752e-05
163.56930750000174,-1.1384181773665215e-05,-4.695928037539027e-05
163.61714019999636,-4.434564271353506e-06,-3.7511396044943504e-05
163.66536869999982,-1.5924598884012943e-05,-7.261799293008067e-05
163.71677649999765,-1.207090116751563e-05,-7.336512918294689e-05
163.76412600000185,-2.395469587137508e-05,-8.398293989139274e-05
163.81389050000143,-3.124845853189141e-05,-0.00013167955240657884
163.86741959999927,-1.9109550743207834e-05,-9.594943380939682e-05
163.91642169999977,-1.0207773071267264e-05,-6.327912681630996e-05
163.9638627999957,-1.0258765836832943e-06,-5.58745914314667e-05
164.01403199999913,-2.565001815254661e-05,-8.02056447147455e-05
164.06655759999558,-2.0369576692066094e-05,-8.137044309471783e-05
164.11330810000072,-4.222021045278644e-06,-3.612515637744203e-05
164.16421860000264,-6.236415917021521e-06,-4.690525745591902e-05
164.2145634999979,-8.953765771876718e-06,-5.869754272641453e-05
164.26619380000193,-9.998533868913688e-06,-9.428454648139394e-05
164.3151194999955,-2.2387740908367686e-05,-7.313927873349323e-05
164.36185309999564,-2.845494879724453e-05,-9.899277999557115e-05
164.41352449999977,-3.864258970590825e-05,-0.00012969772899009072
164.4632750000019,-2.9118307987046004e-05,-7.865633053779217e-05
164.51534130000073,-1.6699730977247306e-05,-0.00011422889397716316
164.56863779999549,-3.204435179568629e-05,-9.666441177511872e-05
164.6153892000002,-3.418238816447001e-05,-5.061746888306513e-05
164.6642060000013,-3.235016681205253e-05,-9.056554429740181e-05
164.71520710000186,-2.409558446105885e-05,-4.994547806451854e-05
164.7640442999982,-1.6379605094500242e-05,-0.00010485315878893145
164.8145738000021,-9.368862841094481e-06,-8.778755962177083e-05
164.86339910000243,-2.099273745949896e-05,-0.00011135262277816739
164.91515000000072,-3.923691278416005e-05,-9.548089358055898e-05
164.96302460000152,-1.205522801585022e-05,-0.00011305993929966236
165.01398789999803,-1.7206668491436388e-05,-5.7917173723662986e-05
165.06655289999617,-2.6545131737189883e-05,-0.00010407306135783388
165.11406120000174,-2.9734283035792016e-06,-8.859232867317067e-05
165.16344099999696,-1.4399006741119053e-05,-6.935229476263467e-05
165.2147557999997,-4.103169581885348e-06,-4.784263696326852e-05
165.26494229999662,-1.66345884622539e-05,-9.832295146959171e-05
165.3153420000017,-2.5474259635084242e-05,-7.148531215868106e-05
165.36374519999663,-1.0459250221482388e-05,-7.454168510230577e-05
165.41243579999718,-1.8126969436610264e-05,-4.5974181261996295e-05
165.4638857999962,-1.3972274448560915e-06,-6.858380166014632e-05
165.51650179999706,-1.3826854283761998e-05,-6.231567359910258e-05
165.56358529999852,-2.3626197798187094e-05,-7.848660433803069e-05
165.61479159999726,-5.7603896305765895e-06,-6.518230160074626e-05
165.66524560000107,-5.340526257340688e-07,-5.505181415182495e-05
165.71463909999875,2.5535838790747744e-06,-7.758700446565716e-05
165.76709979999578,-8.203485089849053e-06,-7.390500229582882e-05
165.81179829999746,-4.536408981796433e-06,-8.938704239022755e-05
165.86599769999884,-1.6480586273474614e-05,-0.00010588276264665984
165.91506149999623,-2.028656953397451e-05,-8.142344042346564e-05
165.96405129999766,-1.1481882690466585e-05,-7.407178656000624e-05
166.01739210000233,-2.207644049930582e-05,-0.00010749473603476635
166.06366049999633,-4.826378674498371e-06,-5.2112060455792545e-05
166.1139378000007,-1.867888799191345e-05,-0.00010162483093943652
166.16426949999732,-2.1091380329760004e-05,-9.800326160612087e-05
166.2173408000017,-1.9314866195347777e-05,-9.818087818312282e-05
166.26435700000002,-1.4529999883840965e-06,-6.648992796349293e-05
166.31363099999726,-1.559363638216381e-05,-0.00010655280541237637
166.3646235999986,-7.598809093074784e-06,-8.504073836243184e-05
166.41477479999594,-1.0779742033738367e-05,-9.238387661545237e-05
166.46315529999993,-1.3002229647130668e-05,-9.898264295991577e-05
166.5171302000017,-9.659999156150696e-06,-6.309337293736464e-05
166.56294759999582,-7.996560080776929e-06,-9.771871392070646e-05
166.61587249999866,-1.3226590622762263e-05,-5.403150913357286e-05
166.66410419999738,-2.4465121054051456e-06,-6.333814549514299e-05
166.71485450000182,-6.098581771535324e-06,-6.262834294507273e-05
166.76395709999633,-2.6794987162428476e-05,-0.0001006951080629718
166.81327020000026,-2.9114044508586735e-07,-5.9861999723908985e-05
166.86705380000058,-1.2132518500973461e-05,-8.640068732698537e-05
166.9127737000017,-1.6072378539192723e-05,-8.015330968954304e-05
166.96399250000104,-5.434347193083392e-06,-5.780929547288603e-05
167.01902400000108,-2.0192819992511184e-05,-9.545175004852686e-05
167.06462569999712,-9.176695492393884e-06,-6.126654374943981e-05
167.1136561999956,-1.7682741537699562e-05,-7.138542672542307e-05
167.16311629999836,-2.5719820184756533e-05,-9.594157174284347e-05
167.2138307999994,-3.1659479081431796e-05,-0.00011369177822528736
167.2671515999973,-1.8147310364163712e-05,-8.111634633996939e-05
167.31518669999787,-2.6522831930743927e-06,-4.355261218340177e-05
167.36537410000165,-1.7136289232071507e-05,-8.188595107546565e-05
167.4149452999991,-8.43798093620109e-06,-7.176264144044284e-05
167.46688590000122,-1.4695161310043279e-05,-6.510550747413287e-05
167.51458969999658,-3.089042901335872e-05,-0.00010876350575738538
167.5645869,-1.6020104753892307e-05,-6.164234466205107e-05
167.61383789999672,-1.9571821897896922e-05,-4.44573450164984e-05
167.66439720000199,-2.4692244160484972e-05,-0.00010539403332298164
167.71841180000047,-3.5527275033008535e-05,-0.00013233269006165073
167.76462950000132,-2.5433939843134577e-05,-0.0001227740990651455
167.81407030000264,-2.6864320278066155e-05,-8.414542085341111e-05
167.86588259999553,-3.5568854484001936e-05,-8.750150791722499e-05
167.91553739999654,-7.165442461605077e-06,-8.73772111554528e-05
167.96665270000085,-2.4558022904153293e-05,-9.066322643755628e-05
168.01269180000236,-3.1627662577833366e-05,-7.223619834524419e-05
168.06508729999769,-1.6884032573454113e-05,-8.288573203348863e-05
168.11418070000218,-3.2602758937046824e-05,-0.0001122434994839075
168.1637047999975,-2.0007245504789963e-05,-0.000107334581589505
168.21349689999624,-2.281690090063375e-05,-7.448625866109123e-05
168.26325519999955,-1.1075540438952955e-05,-8.191450396884866e-05
168.31527590000042,-4.879674175843893e-06,-3.943529877096512e-05
168.36664349999774,-1.7986819766962764e-05,-7.351157529374065e-05
168.4126047999962,-2.5487484522935745e-05,-8.677991740765726e-05
168.46637650000048,-7.913020505519436e-06,-7.505577882545364e-05
168.51480669999728,-1.2373313527947065e-05,-7.045462143702056e-05
168.56478929999867,-3.9303496457457006e-06,-9.356855866791105e-05
168.61290220000228,-9.7581082769782e-06,-8.698349266430953e-05
168.66469849999703,-1.1519068809928074e-06,-0.00011204306878964351
168.7156707999966,-9.870404094067907e-06,-0.00013266271379221698
168.76590150000266,-3.405099215928247e-05,-0.0001648990231474822
168.81523059999745,-5.806391012447018e-06,-0.00011104330380772977
168.8649000000005,-1.282070636322631e-05,-7.578747823762524e-05
168.91565869999613,1.0386253176962189e-06,-4.811319583857258e-05
168.9680479000017,-5.283747217537471e-06,-6.662372947780569e-05
169.01377499999944,1.1844209918409845e-07,-6.784009576327937e-05
169.06455840000126,-2.410357682338637e-05,-0.0001231383938816809
169.1132548999958,2.3097630919032187e-06,-4.2921584775296686e-05
169.16307740000047,-3.65294270388338e-06,-8.990619493340499e-05
169.21457940000255,-1.0092081126354147e-05,-8.377849978210654e-05
169.26349489999848,-1.323697262912799e-05,-8.757145204549205e-05
169.31582060000073,-2.2590070214454973e-05,-0.00013524450228632478
169.36459530000138,-2.619590264709873e-05,-9.351968159885224e-05
169.41619209999772,-1.8577844329587246e-05,-0.0001152999318910777
169.46773759999633,-7.860520988285871e-06,-8.585926074563844e-05
169.5176702999961,-2.231121478681688e-05,-0.0001130616858026046
169.56382119999762,-2.244987822310577e-05,-0.00011261397673278673
169.6164706999989,-1.8075507934883582e-05,-0.0001366844389673289
169.66483580000204,-1.441453725410582e-05,-9.334042498929607e-05
169.71269449999818,-2.1905698943689416e-05,-8.358438269303676e-05
169.76535850000073,-2.3791917058723674e-05,-0.0001175795961817521
169.81470009999612,-6.0692733505673644e-06,-0.00011289543219172626
169.86535500000173,-3.470012828330325e-05,-0.00015439924051523533
169.9162142999994,-1.5641949971404242e-06,-9.258887656580097e-05
169.96629050000047,-1.8196148410270984e-05,-8.542538898489695e-05
170.01322570000048,-1.9662363204293748e-05,-4.6238360962334296e-05
170.06844380000257,-5.144783599147236e-05,-0.00014919562431063257
170.11483510000107,-7.07112185680639e-05,-0.00013629494357583332
170.16639659999782,7.001910339039227e-06,-8.62303696892142e-05
170.21508360000007,-2.2952737312197214e-05,-0.00013295890629607424
170.26815519999946,-2.6711716305551863e-05,-7.437111070325571e-05
170.31547349999892,-3.411629103669889e-05,-0.00012970734645247279
170.36367230000178,1.7938694835145315e-07,-2.782766002076595e-05
170.41508410000097,-2.621444261665826e-06,-4.1260202376973776e-05
170.4678946999993,-1.2827601204868386e-05,-9.608997961772176e-05
170.51262529999804,-8.168119335079875e-06,-6.869652464664698e-05
170.56468009999662,0.4920663793059032,-0.23700307294948744
170.614442099999,0.9065857760167683,-0.38740059362786416
170.66522429999895,1.288520608983812,-0.5376107731521191
170.71557200000098,1.4591965849315807,-0.777264558525897
170.7653008999987,1.3816286899438754,-1.1502466522624826
170.81461870000203,1.290439994015829,-1.2910083671430692
170.8645667000019,1.8409052596451656,-0.7432409096745088
170.91773459999968,2.33304749705335,-0.8060055613113725
170.96544249999715,2.794874620655704,-0.6798819160371576
171.01113030000124,3.2559121109556406,-0.4289191443756251
171.06373429999803,3.8047240287314246,-0.019200660249509595
171.11462310000206,4.470361834812642,0.46100176562624506
171.16121610000118,5.217409352907281,1.066633079759868
171.2098707999976,6.112904339627489,1.9344060420241405
171.25840400000016,7.02620690920204,2.9785455763241266
171.30928290000156,7.9719718057183915,4.116400111791841
171.3580010000005,8.033724320186922,5.152861759779072
171.40875960000267,7.917909130495776,5.927770375142336
171.45764950000012,7.811476273411977,6.61804040591074
171.50671599999623,6.725140658363784,5.768907197300797
171.55970349999552,5.737957599426302,5.029337541662119
171.60539250000147,4.7158688673436275,4.2552703471847035
171.65700909999578,3.696653244352589,3.4769674933418235
171.7080902000016,2.688299630765508,2.7053530608862992
171.76070679999975,1.6887432465572572,1.9366793429456686
171.80650729999616,0.7234270534486816,1.112730559954334
171.85966989999724,-0.00019965009736577042,0.22202784870753445
171.90664549999929,-0.00010590511113638537,-0.0005889582515061158
171.95742769999924,-0.0001310778072972816,-0.0005241150967269871
172.00701309999567,-0.00015220851937740356,-0.0005165264703725234
172.05700439999782,-0.0001608128254117462,-0.0005155307923945839
172.11288390000118,-0.00016366923130134496,-0.0005148414157469739
172.15978779999568,-0.00016458683568271358,-0.000514839639986489
172.20814940000128,-0.00016485383421710673,-0.000514747577382616
172.25652380000247,-0.0001649400775407006,-0.0005145901433413776
172.30844259999867,-0.00016497614525618154,-0.0005147660453842014
172.35942179999984,-0.00016496632279111795,-0.0005145422120288126
172.40877689999616,-0.0001649737413679819,-0.0005147130432760951
172.45996239999658,-0.00016499445036916252,-0.0005145897893704669
172.5088246000014,-0.00016497273700472268,-0.0005145446747046874
172.5579529999959,-0.00016498057437991598,-0.0005145535181361651
172.60879259999638,-0.0001649977400377001,-0.0005145908642648504
172.65785080000205,-0.0001649681131367675,-0.0005145191860639103
172.70768020000105,-0.00016497348968042222,-0.0005145396147456819
172.7563846999983,-0.00016499260658847884,-0.0005145965144514624
172.80900370000018,-0.00016498228803135898,-0.0005147240618206572
172.85802809999586,-0.00016499506352313456,-0.0005145805204962137
172.90766759999678,-0.00016496771482205294,-0.0005146548093268133
172.95779670000047,-0.00016497329818915496,-0.0005145198377843197
173.0068339999998,-0.00016496789702075352,-0.0005146563865960747
173.05917380000028,-0.00016500793191837285,-0.0005145966799610173
173.10613649999868,-0.00016495525685406243,-0.000514641575834278
173.1586823999969,-0.0001649534285498877,-0.0005144729476018927
173.20858690000023,-0.00016497366652784781,-0.0005145199237753864
173.26381540000148,-0.0001649614240319419,-0.0005146471371348732
173.3086689999982,-0.00016497214910832445,-0.0005146795827799374
173.35801150000043,-0.00016496315748976362,-0.000514510609500666
173.40803320000123,-0.0001649496637169978,-0.0005144786940402872
173.4573326000027,-0.00016495105624753312,-0.0005144725962634139
173.50539050000225,-0.00016498278645488365,-0.0005145571622911841
173.55638129999716,-0.00016494551851059741,-0.0005146309786035569
173.60686759999953,-0.00016495864748628184,-0.0005146463977302638
173.65805900000123,-0.00016496833364926464,-0.0005145049738790959
173.70976769999834,-0.00016496893083822959,-0.0005144963573794814
173.75822619999963,-0.00016496575566699254,-0.000514657648862874
173.8090555000017,-0.0001649635767765911,-0.000514482880160401
173.85835439999937,-0.00016497230531670404,-0.0005144973882736774
173.90896649999922,-0.00016496675256955304,-0.000514626573031415
173.95847299999878,-0.00016496476724653595,-0.0005146288015487314
174.00698140000168,-0.00016499211906734426,-0.0005145198509333177
174.05589250000048,-0.00016498791025626683,-0.0005145151766307277
174.10912119999557,-0.00016493752018637223,-0.0005144005893818039
174.1578886999996,-0.0001649507804681338,-0.0005145974279825513
174.20693010000105,-0.0001649438433505867,-0.0005144046873747775
174.26388900000165,-0.00016499000767850272,-0.0005145123427769652
174.31018880000192,-0.00016495268937450011,-0.0005144278942042696
174.35772039999574,-0.00016495829808799376,-0.0005145997668308395
174.40664169999945,-0.00016496674974958656,-0.0005144544122198526
174.4583511000019,-0.00016497176251756504,-0.0005144636350984386
174.50722949999908,-0.00016494840860986845,-0.000514409129882847
174.55953859999863,-0.00016493734252848383,-0.0005143921763494238
174.60831869999674,-0.00016498095078993025,-0.0005144760673793867
174.65706969999883,-0.00016494135153272358,-0.0005143718019794347
174.7086225000021,-0.00016493454920735393,-0.0005145233153908987
174.75911579999956,-0.00016493606145323797,-0.0005143746248083275
174.80961479999678,-0.00016495488117679536,-0.0005144180228388393
174.85640199999762,-0.0001649627794477215,-0.0005144426850742389
174.9085533999969,-0.00016491909684574138,-0.0005144951976308842
174.95813009999983,-0.00016492828578424043,-0.0005143713846301179
175.0083814000027,-0.00016495501606889285,-0.0005145865737745985
175.0574940000006,-0.0001649343992606322,-0.0005143909658060432
175.10762940000131,-0.0001649172021502298,-0.0005145047659331877
175.15832819999923,-0.0001649280166994859,-0.0005143584955755609
175.21001049999904,-0.00016492145887853297,-0.0005145005606945239
175.26033099999768,-0.0001649302076802161,-0.0005143680320574462
175.31066689999716,-0.00016493317720484227,-0.000514387672622456
175.35829319999903,-0.00016492638794679765,-0.0005145334189824543
175.41144899999927,-0.00016491195400386785,-0.0005144825491850009
175.45686359999672,-0.00016494097624403456,-0.0005144078583788836
175.50913140000193,-0.00016492910746030093,-0.0005143771478171639
175.55680980000034,-0.0001649153727580365,-0.0005145001283428949
175.60998960000143,-0.00016492016050601236,-0.0005145009467900387
175.65861700000096,-0.00016493077109619664,-0.0005143659078129782
175.70923890000267,-0.00016490451242318286,-0.0005144820893872194
175.75832749999972,-0.0001649135502936349,-0.0005143346171832282
175.80810039999778,-0.00016493120235122833,-0.000514383756797042
175.85718020000058,-0.00016492485595004594,-0.0005143438710113629
175.90599539999675,-0.0001648897781982316,-0.0005144170487465778
175.96630030000233,-0.00016493514544152705,-0.0005145138756700214
176.0134304999956,-0.0001649292473039931,-0.0005144954696436438
176.06826189999992,-0.00016492030985321363,-0.0005144483318239653
176.1061641999986,-0.00016496344809064032,-0.0005143868780913024
176.15856189999613,-0.00016490746358472022,-0.0005144257276238454
176.20911279999564,-0.00016494983978726727,-0.0005145145593922951
176.2619881999999,-0.00016493341306062165,-0.0005143030441870737
176.30894719999924,-0.00016492949153085404,-0.0005143026909138146
176.36124810000183,-0.00016495002920241747,-0.0005143425370739969
176.41432540000096,-0.00016492181063049386,-0.0005144223465016403
176.45877130000008,-0.00016492901204773417,-0.0005142755534088976
176.50625749999745,-0.00016491384898803744,-0.0005142633616011454
176.56008920000022,-0.00016490593978141447,-0.0005144033967595066
176.60916339999676,-0.00016492830619013957,-0.0005144655522388163
176.66076710000198,-0.000164908654099074,-0.0005144089430762979
176.70751419999579,-0.0001649467487043221,-0.0005143202862686861
176.7584738000005,-0.0001648964500834981,-0.0005143681609919476
176.80772730000172,-0.00016493153577340708,-0.0005144468973773933
176.85742860000028,-0.00016494442871567644,-0.0005143158633850339
176.90982699999586,-0.00016492929848527452,-0.0005142719512827373
176.95667289999983,-0.00016493052861238583,-0.000514283374668087
177.00585860000137,-0.00016493063405026645,-0.0005144416489857631
177.05930649999937,-0.00016493161519876226,-0.0005144468018809527
177.10930139999982,-0.00016492596073297778,-0.0005144203970066803
177.15682209999795,-0.0001649401654259552,-0.0005142989959659621
177.2062322999991,-0.0001649029805041468,-0.0005143522703315671
177.2600089999978,-0.00016491873828811335,-0.0005142539971317024
177.30790909999632,-0.0001649093018586977,-0.0005144008490240899
177.358879899999,-0.00016493816081836419,-0.0005143072222624074
177.4066240999964,-0.00016492994997524763,-0.0005142836154095849
177.46649780000007,-0.0001648840277092577,-0.0005143148966405543
177.51003879999917,-0.00016492653147643025,-0.0005144050912247346
177.55717529999674,-0.0001649532956339872,-0.0005143002597041864
177.60635049999837,-0.00016490482049896996,-0.0005141845467275289
177.65613189999567,-0.00016491995563655762,-0.0005142244486765699
177.70775619999768,-0.00016490567977828433,-0.0005143422477552001
177.75968039999862,-0.0001649250640946586,-0.0005142296154536456
177.8079224999965,-0.0001649015576312162,-0.0005143161707397615
177.85761210000055,-0.00016492520624761467,-0.0005142095887334545
177.90631179999764,-0.00016492808091478567,-0.0005142171211735125
177.95910449999792,-0.00016488778368256785,-0.0005142808546866846
178.00578939999832,-0.00016493456925798173,-0.0005143874322713549
178.0616555000015,-0.00016490259933127574,-0.000514283911262879
178.10821990000113,-0.0001649584818521088,-0.0005142605723800126
178.1579481000008,-0.00016491812272495735,-0.0005141541516092488
178.20793299999787,-0.00016495040269254521,-0.0005142410006663185
178.26242120000097,-0.00016490372367633722,-0.0005142764861793275
178.3165263999981,-0.00016492081210700774,-0.0005143163774389809
178.36517040000035,-0.00016493352350560811,-0.0005143370842012406
178.4077077999973,-0.00016491754905051606,-0.0005141293783870597
178.45697690000088,-0.0001649475018352131,-0.000514203102412252
178.50966859999608,-0.00016491232766052902,-0.0005142718516619483
178.5623990000022,-0.0001649460884324849,-0.000514183591949779
178.60867729999882,-0.00016494196486433127,-0.0005141705534283445
178.65859600000113,-0.00016495156826018762,-0.0005141741099804893
178.71146050000243,-0.00016494819927731716,-0.0005143268531764459
178.75930869999866,-0.000164936764968262,-0.0005142833180584438
178.81664340000134,-0.00016496303963958956,-0.0005141853567200534
178.85945869999705,-0.00016493940937517765,-0.0005142793076044523
178.90707300000213,-0.00016491599016416273,-0.0005142272966890859
178.95775660000072,-0.0001649495194324135,-0.0005141484353081184
179.00913279999804,-0.00016493451688876165,-0.000514116448475231
179.05810029999702,-0.00016494584118581732,-0.0005141560882924411
179.10651599999983,-0.00016494081722679072,-0.0005141429469397215
179.15734299999895,-0.00016492969027187768,-0.0005141303689174605
179.20957590000035,-0.00016493707316617365,-0.0005142936936260365
179.25746849999996,-0.0001649106128877608,-0.0005142319553950156
179.3063805999991,-0.00016491598022766666,-0.000514092195654906
179.35640199999762,-0.0001649318888909423,-0.0005142893376122663
179.40714009999647,-0.00016491283083580824,-0.0005140802573634481
179.4570851000026,-0.00016490039682643057,-0.0005142085267753809
179.50834490000125,-0.00016492494424608312,-0.0005141126258151172
179.55746019999788,-0.00016491922183464952,-0.0005142566352096746
179.61420630000066,-0.00016492089192094098,-0.0005142813482372626
179.6614522000018,-0.00016491836629678672,-0.0005141102962798113
179.71448009999585,-0.00016491829993875657,-0.0005142777670513939
179.75892110000132,-0.0001648987829063219,-0.0005142185759250444
179.80753739999636,-0.00016488531695574505,-0.0005141879140314039
179.85743060000095,-0.00016490456946644186,-0.0005140818632127992
179.90782749999926,-0.00016491852804517918,-0.0005142700577288039
179.95589969999855,-0.00016488797907071798,-0.0005141993679826896
180.0070166000005,-0.0001649106514347042,-0.0005142473898450879
180.0568295999983,-0.0001649011869388505,-0.0005140424882276256
180.10929239999678,-0.0001648888004248138,-0.0005141611211012029
180.15941239999665,-0.0001649184587117513,-0.0005140810098712264
180.20775599999615,-0.00016491850387562393,-0.00051408124300362
180.2568833999976,-0.00016490059168167362,-0.0005140386290179723
180.307269799996,-0.00016489267803415853,-0.0005140264951991094
180.35729749999882,-0.000164886420539636,-0.0005141639300412193
180.40705719999823,-0.00016493099795916947,-0.0005141119650465853
180.45886169999721,-0.00016490769829696986,-0.0005141974116060057
180.50974719999795,-0.00016491898340315273,-0.0005140611669019447
180.55676279999898,-0.00016492896144376876,-0.0005142350893551643
180.6070477999965,-0.00016488963505717702,-0.0005141281059660023
180.66124429999763,-0.00016492052943312344,-0.0005140517111911643
180.71420899999794,-0.000164908742050942,-0.0005140124545550713
180.75781909999932,-0.00016491992146389295,-0.0005142098594059147
180.8078067999959,-0.0001649182597264786,-0.0005142099616280083
180.85876389999612,-0.00016488884078142075,-0.0005141204383750044
180.90650540000206,-0.0001649262959537178,-0.0005142111102809259
180.9599453999981,-0.00016490957303067147,-0.000514172600822413
181.00716180000018,-0.00016492248895455744,-0.0005140392194023543
181.05731630000082,-0.00016492170518151098,-0.0005141932688268304
181.10800120000204,-0.00016492841251619864,-0.0005140394689092365
181.1587223999959,-0.00016489518219770172,-0.0005141250776540695
181.20726399999694,-0.0001649302128205487,-0.000514203481183702
181.25678750000225,-0.00016488969838429835,-0.0005141089189059886
181.30715100000089,-0.0001649100335178754,-0.0005141560991150339
181.35801309999806,-0.0001649136764926861,-0.0005139952882442505
181.4065217000025,-0.0001648928595001119,-0.0005141223716352837
181.45732629999839,-0.000164888226050932,-0.0005141048346889094
181.50801890000002,-0.00016489534762093242,-0.0005141276051280028
181.57153180000023,-0.00016489963234906028,-0.0005141343367246198
181.612054600002,-0.00016491061205509353,-0.0005141651407477543
181.65924509999604,-0.00016487557947825402,-0.0005140841737463345
181.70683879999706,-0.000164902310562267,-0.0005141597718536229
181.76047970000218,-0.000164891829257554,-0.0005139721223508281
181.82008320000023,-0.00016491690724168776,-0.0005140463982843224
181.8709916000007,-0.00016489934956415365,-0.0005141640688142401
181.91665819999616,-0.0001648818150680763,-0.0005139644358591072
181.96744039999612,-0.0001648947882905726,-0.0005139947603988615
182.01850939999713,-0.00016490199178392998,-0.0005141722381323267
182.06843110000045,-0.00016486802933996165,-0.0005139430629199247
182.11099960000138,-0.00016491304858385006,-0.000514057252420749
182.1686966999987,-0.00016488103040685143,-0.0005141566164064519
182.2164832999988,-0.00016487778063972933,-0.0005139753972813285
182.26409079999576,-0.0001648538619504779,-0.0005140788997100053
182.30544279999594,-0.00016486524112585763,-0.0005141120613391773
182.3582366999981,-0.5772004012019613,0.4032496378420736
182.4080352000019,-0.8275624750310684,0.6674385535436105
182.46046319999732,-1.041497095319656,0.9535998848908666
182.50691849999566,-1.2368558374748535,1.278722445539207
182.5567865999983,-1.5358847273816336,1.5965001509007308
182.60818299999664,-1.559730043603434,1.5590059144360737
182.65900970000075,-1.44500331722542,1.4445083103846463
182.70837980000215,-1.3768423239313832,1.3348322142188214
182.75741949999792,-1.2771934019587163,1.2328844619393386
182.81143419999717,-0.8521205032758393,1.7180850891914632
182.86902169999667,-0.5109051048807072,2.056336867758817
182.90807119999954,-0.14300221931581403,2.4364575217954183
182.95764090000011,0.2664699809816182,2.912545350029619
183.00876509999944,0.766778617933914,3.495305990547535
183.05774779999774,1.4362895119401204,4.244655409141045
183.11205750000227,2.5204300389156384,5.029577199766911
183.1572965000014,3.6330153268636622,5.973169693708306
183.2066175,4.946758037079481,6.801020622953278
183.2571070999984,6.2231351272032835,7.1828893221481165
183.312743399998,7.397375456836603,7.875226101330638
183.35665580000204,7.676416025686327,8.322426697423444
183.4087737000009,7.679465031139329,8.320262607513234
183.45728679999593,7.685072295160782,8.315070205028162
183.50876029999927,7.689495765947873,8.31018608795403
183.55690329999925,7.6925835109609855,8.306926575805164
183.60880909999833,7.693350227162264,8.306388963020689
183.6570847999974,7.69154161618264,8.308260438617085
183.70744579999882,7.686952938354592,8.3130270756104
183.75701039999694,7.678782214864025,8.321251090366939
183.80680109999957,7.6659612763105445,8.333803341481039
183.85767019999912,7.646871634912794,8.352854115095019
183.91252820000227,7.61855127430978,8.381247558043885
183.96110490000137,7.575808995891416,8.42397067399705
184.00629489999847,7.5086405754784336,8.491441884482564
184.0585824000009,7.3942154227992205,8.605617377551248
184.108458900002,6.487665334548879,7.673946417999709
184.1590802999999,5.595890877819567,6.796538844748815
184.2067285000012,4.7228213796038565,5.887039990133683
184.25593970000045,3.8887505356683785,4.975948338424282
184.30659519999608,3.0594686143011414,4.05024554055608
184.35863419999805,2.2218601751526124,2.9040238913813057
184.40821739999956,1.3536940796084291,2.1159619204686284
184.45643720000226,0.5164143072586282,1.198166829192649
184.50814089999767,-0.00045519978998456934,0.4479257880337536
184.55880400000024,-0.018565345616728388,0.0007759951327761409
184.6084228999971,-0.0006412562282970435,1.7779299676961666e-05
184.65818299999955,-0.0006488115438147496,3.5790822658398605e-05
184.70859219999693,-0.0004533505468370625,-0.00025995173072199546
184.75693930000125,-0.00044548808095867446,-0.00028244547780366776
184.8092519999991,-0.0005462712844640053,-0.00015101306223301486
184.85714369999914,-0.0005277002267167583,-0.0001654331511781765
184.90795549999893,-0.0005127153973837627,-0.0001704893393574361
184.9582401000007,-0.0005593096289681241,-0.00014426992223107667
185.01672719999624,-0.0005558282478735909,-7.690942402667734e-05
185.05876149999676,-0.0006261873243500854,3.929585252752379e-05
185.1081164999996,-0.0006746223100947467,5.884887039902972e-05
185.1573028999992,-0.0006395656021135407,4.067800345734349e-05
185.20828439999605,-0.0006537496902509867,4.2612936201930295e-05
185.2561343999987,-0.0006662353541316342,4.772267457047119e-05
185.30687799999578,-0.0006731480584517515,5.554686652869529e-05
185.35850740000024,-0.0006670583997077766,5.669000575086694e-05
185.4071993999969,-0.00059923010078544,-6.750817895812717e-05
185.45798939999804,-0.0006143266132700703,-9.46540352487508e-06
185.50944129999698,-0.0006295796025861969,-2.6779193570993797e-05
185.55784509999648,-0.0006268546902126615,8.256708201878044e-05
185.6075856000025,-0.0005177563792823581,-0.0001276973498499783
185.65728769999987,-0.0005600392114514442,-0.0001319687081809037
185.7082556999958,-0.0005632533391265815,-9.312930067126781e-05
185.75865740000154,-0.0005967616744332176,-8.034242329209878e-05
185.80813749999652,-0.0005540890564604743,-8.795026089644621e-05
185.859183200002,-0.0005757698115185095,-0.00010580646585555256
185.90579869999783,-0.0006339508292557422,-0.00024271761472100252
185.95662949999678,-0.0005753088594531009,-7.472921725877634e-05
186.0074736000024,-0.0004030610884171182,-0.00036917366776688805
186.06667609999568,-0.0003946204524047413,-0.0003981031369038744
186.10582889999932,-0.00039561269331640114,-0.0003968765580625974
186.15707409999595,-0.000370494190216613,-0.0003747609363730137
186.2070074000003,-0.0003809674117511093,-0.0003826051957040151
186.25898939999752,-0.0004181792872544243,-0.0003376909095053295
186.30835809999553,-0.0003592064308227318,-0.0003971764954292085
186.35744700000214,-0.0003988062872057494,-0.0003755345109995938
186.40738749999582,-0.000453887551366797,-0.0002742769785544243
186.45867220000218,-0.000464723890659388,-0.00026380255597789344
186.5089175999965,-0.0004612094456465887,-0.00023582639312485213
186.55724249999912,-0.0004476496164870263,-0.0003141854503678474
186.60805979999714,-0.00044478252490064943,-0.00025988305285582354
186.65750939999998,-0.0003804370245502823,-0.00040084118215829597
186.7086188999965,-0.0003806367220088522,-0.0004050149472279786
186.75821580000047,-0.0003788366726104213,-0.00038497891279357603
186.80580319999717,-0.0003880739535950109,-0.00040182201819291297
186.85659470000246,-0.0005949011015818655,4.85732636335443e-06
186.90900719999627,-0.0006096927596025981,8.493834527397671e-06
186.9613685000004,-0.0004688968104468961,-0.0002028708520731532
187.00750739999785,-0.0005459924442797284,-0.00013601701578394118
187.0575284000006,-0.0005589924085737258,-0.00015553415217988315
187.11260100000072,-0.0005311246060635237,-0.00015692215846756845
187.1663591999968,-0.0004696816072522188,-0.00016810853078492232
187.20656969999982,-0.0005361730869968469,-0.00010995760635356683
187.256186300001,-0.0005717597707412756,-0.00010501722802490663
187.30650900000182,-0.00039706645996790996,-0.0003668178188731394
187.35843629999727,-0.00045416360995389885,-0.00027140322020646464
187.4074713000009,-0.00048230938785122764,-0.00021409037498389092
187.45828210000036,-0.0004990717728091403,-0.000175354977827351
187.50822789999802,-0.0005125166384633286,-0.0003135725683088537
187.55869649999659,-0.0005284123605797514,-0.00012616648183984101
187.60845010000048,-0.0005154795704519891,-0.00017130154761364392
187.65840839999873,-0.0005027732787331473,-0.0001935850628272793
187.70774820000224,-0.0005255483393928622,-0.00013425065326102441
187.75766909999948,-0.0005114848292918875,-0.00015127127483986695
187.80781439999555,-0.0005593343170863406,0.00020897161618927456
187.85892369999783,-0.0006310394951597021,2.187837218339035e-05
187.9103610999955,-0.0006241257479737958,2.2211006545112252e-05
187.95679709999968,-0.0006502923174962091,4.883654583236524e-05
188.0089994000009,-0.0006598303166090099,5.7388132646049825e-05
188.05742699999973,-0.0005434306368912706,-0.00017488622749990782
188.1062282999992,-0.0005435122194208917,-0.00013868636927774473
188.15768849999586,-0.0006667559968050558,4.40622695219566e-05
188.21896150000248,-0.0003806003913370478,-0.0004012683709287659
188.25787119999586,-0.00038016739615289466,-0.00035968930443049866
188.30728380000073,-0.00039416639808837226,-0.0003513313037833427
188.3662581000026,-0.0003553530845584291,-0.0004292312288274851
188.41731040000013,-0.0003753507072717998,-0.00040361143129949694
188.4647752000019,-0.0003770214328852161,-0.00039101903035526045
188.50922130000254,-0.00038080941665632383,-0.00042258050156965753
188.55758459999925,-0.00037256432143861686,-0.00038028792595014895
188.60949909999908,-0.00038826515385063964,-0.00039682290160554203
188.6585277999984,-0.0003555439635155144,-0.0003874020298811182
188.7096956000023,-0.0004207840287880063,-0.000512107463949611
188.75847310000245,-0.0004279916229317724,-0.0004789893414828325
188.8086028999969,-0.00036416016445714965,-0.0004043042496355334
188.8584011999992,-0.00036839572708001695,-0.00041101669032772266
188.9071436000013,-0.0003976297525582614,-0.00037799697749697753
188.95658489999914,-0.00040669352339216047,-0.00033937994077018447
189.00812340000266,-0.0004014424875082542,-0.0003551040327542487
189.05878259999736,-0.00043306476853539563,-0.00031954478259031336
189.10718020000058,-0.00043214289591270925,-0.0003178843759753314
189.1584081999972,-0.0006437778318896567,1.6966036975334297e-05
189.20681270000205,-0.000604653937953753,4.377285692251472e-06
189.26584130000265,-0.0006371736567717311,3.0580715340594765e-05
189.3137360999972,-0.0006279226032595491,-4.702680331263145e-06
189.35827360000258,-0.0006207267450835175,0.00011951116789544115
189.40969480000058,-0.0005512553485699016,-0.0001324695702910242
189.4573906000005,-0.0005461807349072633,-0.00012201281491831169
189.50912529999914,-0.0005506959301027935,-0.00013038723407367574
189.55666049999854,-0.0005583033580348735,-0.0001347518095302864
189.6085327999972,-0.0005681086475041769,-0.00013053300369504948
189.6590705999988,-0.0005118896650123914,-0.00014933951471022815
189.7078984999971,-0.0006104040568015207,-5.784277994363774e-05
189.7561041000008,-0.0005714935769520409,-0.00010170886328440794
189.8080289999998,-0.0005461101681548215,-8.284269514832187e-05
189.86044930000207,-0.000583649114106715,-6.697398005079513e-05
189.90949589999946,-0.00040371483519605354,-0.0003642617601750995
189.95725279999897,-0.00039296774213609626,-0.0003686158420285079
190.00688020000234,-0.00039130255805657816,-0.0003391823152570076
190.05680500000017,-0.0004008252185278783,-0.00032923233530591085
190.10809409999638,-0.00042310440036067527,-0.00033631075981634757
190.1591738999996,-0.00042060414231562124,-0.0002842958072544412
190.20978350000223,-0.00040332164633680346,-0.0003194819229616998
190.2646440000026,-0.0004112401833851175,-0.00032137795047725053
190.31345989999681,-0.0003959166368978165,-0.00037276856952095345
190.36631730000227,-0.0004064026262968587,-0.0003605978843112771
190.4100710999992,-0.00039439326583518377,-0.00036951228463754325
190.46414769999683,-0.0004765799153991741,-0.0002752883260435144
190.51208410000254,-0.0006410315428712218,3.9342748439677405e-05
190.5627811000013,-0.000641523892498959,3.612554175528279e-05
190.6111133000013,-0.0005357733297584223,-0.00016183490219051465
190.66221519999817,-0.000539551490476055,-0.00016492144197261186
190.71172449999722,-0.0005186709282078411,-0.0001971538935249154
190.75994119999814,-0.0005589318356159648,-0.0001350132694090343
190.8076277,-0.0005072754058598256,-0.00018323968107322532
190.85750810000172,-0.0005275138801674552,-0.000155324412043513
190.9072337999969,-0.000567720121226358,-0.00012055173375114562
190.95647879999888,-0.0005627177236634858,-0.0001508101258070176
191.00924769999983,-0.0005263673956712217,-0.0001697174589311927
191.0583129000006,-0.0005179002357535385,-0.00016164607474794342
191.1066206999967,-0.0005844105837385125,-0.00010183329912659396
191.15777959999832,-0.0005760989786120935,-0.0001130191594090868
191.20712429999548,-0.0005927791918117402,-8.231118960041419e-05
191.2584846999962,-0.0005984611237811407,-9.68402505297869e-05
191.3100265999965,-0.0005929334876767146,-7.716639265361028e-05
191.35862929999712,-0.0005393895988981333,-9.625754873186197e-05
191.41470850000042,-0.0005415587098778649,-0.00010313856781972565
191.46449259999645,-0.0005534327751089858,-0.00011865035398639754
191.5095497000002,-0.000576087924254664,-0.00010269921819360061
191.55778570000257,-0.0005664900536230214,-0.00014097463676435276
191.6077757000021,-0.00041474121679275496,-0.0003425141605039388
191.65744009999617,-0.0004276674041133121,-0.0003257067668437325
191.70733199999813,-0.0005724422318400235,-0.0005249581351407217
191.75812009999936,-0.00041174996464676746,-0.00034236190225071084
191.8096196999977,-0.00043603302777380594,-0.0002452465643013116
191.8583002000014,-0.0004564655556768336,-0.0001935419442935357
191.90808599999582,-0.00044439984304777525,-0.0002127085861644122
191.9574358999962,-0.00041655287028664895,0.0003131824787953839
192.00623839999753,-0.0006328726560938745,3.39412314254472e-05
192.05829639999865,-0.0006190661056020258,1.3006641452773709e-05
192.10831280000275,-0.0004212385106401602,-0.00032488698833199034
192.1583776999978,-0.0004653146694297386,-0.00030622447981838285
192.20723700000235,-0.0004225578767787278,-0.0003293840022071714
192.25875780000206,-0.0004476387128090657,-0.0003068008569394151
192.31014010000217,-0.0004466169848179604,-0.0003074087347347386
192.35805899999832,-0.0004567296957977215,-6.174432916067503e-05
192.4165828999976,-0.0005606519110869187,-0.0001604122311900623
192.46268979999877,-0.0005396446645223118,-0.00016806484328685866
192.5194926999975,-0.0005784212275385949,-0.0001069854274505702
192.5640237999978,-0.000561183115367484,-0.00012745275293225798
192.61800139999832,-0.0005732441218943858,-9.687975710835103e-05
192.66503759999614,-0.0005649747728332817,-0.00014052096406216911
192.7198344999997,-0.0005884213388443434,-7.209647723001086e-05
192.76176239999768,-0.0005488791772657267,-6.880224523448673e-05
192.8082738000012,-0.0005891501449042936,-6.747709813410156e-05
192.86789080000017,-0.0005956240255359024,-5.1274714740803825e-05
192.91493700000137,-0.00062151590079097,-3.194238557827222e-05
192.96705320000183,-0.0003970343898990871,-0.000378496182263392
193.0120029000027,-0.00036574579742652347,-0.000383203867083154
193.06608179999603,-0.00042633066730317647,-0.0003470638864305111
193.1167779000025,-0.00042028297544474447,-0.00028322655203396306
193.16608149999956,-0.00044563939436492424,-0.0003281620147626024
193.21705959999963,-0.0004500087217648282,-0.00030900771012849917
193.26954619999742,-0.0004173286198512368,-0.00034399016719581185
193.30721959999937,-0.00043669888989480467,-0.000404570076640387
193.36883769999986,-0.0004397166913590925,-0.00032872629467151375
193.41639769999892,-0.000386001620179024,-0.00039410331451667234
193.46591339999577,-0.0004026314643918725,-0.0003606730299287836
193.51557319999847,-0.0004313154984399486,-0.0003371039080328985
193.56874249999964,-0.0004499478165506226,-0.00032059334915722357
193.61152069999662,-0.00041952882452525136,-0.0003482533564668697
193.66644570000062,-0.0003966037480213725,-0.00036376115262246446
193.70936159999837,-0.00040767033330289885,-0.0003495410521919224
193.76770489999763,-0.0006171816238868953,-1.6060489382866593e-06
193.81451679999736,-0.0005412750437539398,-0.00020697024139005078
193.85678650000045,-0.0005212588786395839,-0.00017959497044824785
193.9111761000022,-0.0005275625520895035,-0.00021812397625910765
193.9606883000015,-0.0005198841278374924,-0.00021168891977142338
194.0170702999967,-0.366790525729126,0.4669861034218672
194.06678010000178,-0.5205094739071346,0.7571178499081482
194.11097789999621,-0.7140941731793912,1.2116226193201687
194.16372299999784,-0.9289768654476093,1.6703448206639648
194.21689689999766,-1.3024363930767755,2.1292074957466185
194.26967680000234,-1.930814627986363,2.913954727475457
194.31395299999713,-2.8020284560973336,3.231285673326811
194.36515459999646,-3.6008788392431934,3.5602718745603372
194.41636679999647,-3.600845557145005,3.599788831244832
194.46681749999698,-3.599796428898812,3.599914200797327
194.50864739999815,-3.5992970792353187,3.599065759130225
194.56716849999793,-3.6000417268467926,3.599647724164197
194.61162360000162,-3.6001619448331383,3.5998599743649597
194.66779429999588,-3.600365069748695,3.5999399797140708
194.71378879999975,-3.600193867100628,3.5998262783154082
194.7658569999985,-3.5324571661971436,3.5324322177891188
194.8138093000016,-3.263091670807699,3.2625593255126897
194.8665800000017,-3.0090276183327718,3.0086966865621725
194.9090425999966,-2.776041036903393,2.7760864876746516
194.9656879999966,-2.564041093679028,2.5640711280764923
195.0163653999989,-2.368783758385238,2.368227359874074
195.07021489999897,-2.189253472254218,2.188973469364168
195.10885279999638,-2.0236241122388456,2.0234661337167754
195.16567869999562,-1.870727395943946,1.8705531501246484
195.21858369999973,-1.7296646171236136,1.7279697294883603
195.26004190000094,-1.6005881264718589,1.6001767329317773
195.31566459999885,-1.4797604162731663,1.4793215884211153
195.36086049999722,-1.3693639896538514,1.3689173501288197
195.4154817000017,-1.2674186803957739,1.266953237627441
195.46884560000035,-0.5926425906448007,1.9289819955812073
195.51830949999567,-0.14533030085605542,2.325738042497065
195.56455909999931,0.30204719561359067,2.783008204011909
195.61090469999908,0.8130038384649434,3.3559253403623153
195.667655199999,1.4660101520056057,4.0965778892078735
195.71487949999573,2.479010489578245,4.916633663650342
195.76924609999696,3.614851007138416,5.85581847769498
195.81759379999858,4.840261097566074,6.779126438013831
195.85987059999752,6.134789483443714,7.399966541661649
195.91926460000104,7.317633287186434,8.027338845454523
195.96564809999836,7.487788306061829,8.37759938360783
196.016701499997,7.472471139290403,8.527416819587494
196.0682683999985,7.4662175580505865,8.533628907051703
196.1175155000019,7.462552217468007,8.537019932524824
196.16162330000225,7.453387197818212,8.546046901895128
196.2165776999973,7.438368018156151,8.561352390307421
196.26574029999756,7.415976339792875,8.583914232568574
196.31138069999724,7.383240606501445,8.616450117099038
196.3613581000027,7.3354203350653,8.66437049735309
196.41861400000198,7.263651099724235,8.736134926846294
196.46615349999774,7.152828266610923,8.84690629683323
196.5177351999955,6.970296133828416,9.029303133369869
196.5649173999991,6.029742373858694,8.084574594054036
196.61411919999955,5.137788168066147,7.176609407671939
196.66908010000043,4.276422728426237,6.267865665674164
196.7152098000006,3.4273655084298293,5.3408496121766165
196.76734710000164,2.5993245833156746,4.4179604140373225
196.8090613000022,1.792801797957394,3.489769514282215
196.86568109999644,0.9952298215541402,2.5277915668031996
196.91511850000097,0.06382090408726657,1.6389795646272782
196.96933439999702,0.00013036574061388596,0.7420566913605555
197.01211630000034,-0.00023800855452088055,0.18767151341059835
197.0624114999955,-0.0002870467592623038,-0.00016507153939321573
197.11704989999998,1.737297025129953e-05,-2.2242529518232984e-05
197.15984149999713,-1.6795027690823282e-05,-3.7766389082739704e-05
197.21731379999983,-2.416407588470265e-05,-2.860291798969907e-05
197.2594773000019,-5.6779934265502e-05,-1.559923394901829e-05
197.31444860000192,-0.0006657667912764486,2.4501239503949145e-05
197.36659379999764,-0.00032097219012693025,-4.3244646919000344e-05
197.41509999999835,-0.00037728851711772503,-1.2111426106475785e-05
197.46396919999825,-0.00039962622413521547,5.9845887912023426e-06
197.51512560000265,-0.00032551959215964665,-0.00013225214789982178
197.56547899999714,-0.00040083222155936634,-9.943551668732414e-05
197.62061579999863,-0.0005052186693120773,-0.00015492732584625565
197.66446819999692,-0.0004419809439556289,-0.00017739797690837365
197.7157395999966,-0.0005154197344824763,-0.00016757002040418956
197.76816680000047,-0.000667565044500566,-5.817192991758134e-05
197.81756859999587,-0.000377033637955504,-0.00011641109198834575
197.86206429999584,-0.000401379987181118,-9.477478180040059e-05
197.91517580000072,-0.00043855803970668886,-8.96297229547606e-05
197.9658655999956,-0.00016845520937076137,-0.0002133890525282248
198.01544969999668,-0.00017310252379294653,-0.00021738247772986236
198.06714810000267,-0.00019561326499738333,-0.0001945843080888155
198.12086139999883,-0.00016660991575285095,-0.00017684673510061713
198.16863459999877,2.615657178630825e-05,-0.0005586665644109612
198.21461070000078,-0.00013266433211991108,-0.0006400404723677736
198.26586300000054,-0.00010019224717670677,-4.470962454709788e-05
198.31464640000195,-0.00010879953639141734,-7.136155836258132e-05
198.36828149999928,-0.00038175451005986353,-0.0001364022991225081
198.41207559999748,-0.000257018776894962,-0.0001886123836338568
198.46642099999735,-0.00015920089664350277,-8.602640122487333e-05
198.5158259000018,-0.00017769542288733245,-7.980334548748056e-05
198.56383829999686,-2.6281611154057135e-05,-7.259223018258977e-05
198.6149385000026,-0.0001446463597344681,-6.414381101832849e-05
198.66771680000238,-4.4083997718976025e-05,-2.4613964844122617e-05
198.7171240000025,-5.3686960865878055e-05,-0.0002680769833566153
198.76523060000181,-0.00013393476505654117,-0.0003006391354979912
198.81316040000092,-3.091396199031475e-05,-0.00019091715216544016
198.86550210000132,-0.0006550603383299508,-0.00011495854029830431
198.91409700000077,-0.0006181766982875569,-0.00012825157569297584
198.96668820000195,-0.0003828066478478711,-8.04573064839474e-05
199.01449979999597,-0.000462161770432289,1.4897245725911352e-05
199.06044770000153,-0.00042147146091034573,-8.374533446716771e-05
199.10936129999754,-0.0006284601576494424,-1.1668855026691422e-05
199.16102769999998,-5.712219285363973e-05,-0.00035874658420638987
199.21599550000246,-0.00040155572246300067,-0.000325960706515801
199.26745749999827,-3.589693688968951e-05,-0.0005828908021490395
199.31520779999846,-0.00031499244976848677,-0.000487832483298906
199.36218849999568,-0.0005062306963964388,-0.00028658618701529536
199.4144473999986,-0.00048272425650177373,-0.0003612305544914128
199.46094359999552,-0.0004649113454666209,-0.0003733553661239299
199.5166207000002,-0.0004772327806388243,-0.00037583416728826605
199.56978569999774,-0.0004245456204928056,-0.0004191919494862749
199.61215580000135,-0.0004673702745714059,-0.00042011553375090045
199.66545580000093,-1.922626531316116e-05,-0.0005663787516553783
199.71348510000098,1.3568476553439542e-05,-0.0005878117546501069
199.76030190000165,-0.0003245796559752037,-0.000516691743436205
199.81380699999863,-0.0003580790505225036,-0.0005480948739323331
199.86655939999764,-0.00028527315717488216,-0.0004736264849212043
199.91265839999687,-0.0004035519147966596,-0.00042595825013940104
199.96253160000197,-0.00036531504655821476,-0.0004471441157901676
200.01729099999648,-0.0003153138530835608,-0.0004966850278185961
200.0613274999996,-0.00035890029858095255,-0.0004797217096239673
200.11831230000098,-0.0004853293882898531,-0.00046984477031305946
200.1690923999995,-0.00038019185600925734,-0.00042990142503712735
200.21010730000125,-0.000396038406991825,-0.00047182078555339037
200.26002979999612,-0.0004003887721599419,-0.0004086868071746418
200.31734110000252,-0.00046708079457587486,-0.00028913926777321695
200.3667690000002,-0.00043013550077369964,-0.000459229069627853
200.421016399996,-0.00035924093955193943,-0.00043631170924059897
200.4616440999962,-0.00038127804021850277,-0.00040973973152235593
200.51957830000174,-0.0003681739445210318,-0.0005010525489078461
200.56689090000145,-0.00039606921731278623,-0.0004212681693378803
200.61370039999747,-0.0005528062610017224,-0.00044906166164560864
200.6624268000014,-0.0004725370260425333,-0.0003865926186403063
200.71765089999826,-0.0004903977776425309,-0.00023755194614754601
200.75949039999978,-0.000603140250245235,-0.0002449086588976532
200.81912010000087,-0.000505037758958712,-0.000306252527571392
200.86442559999705,-0.0005013379696837501,-0.00031495734248473994
200.91434859999572,-0.0005049969627367557,-0.0002792710537383842
200.96366000000125,-0.0005443170568398283,-0.00020979007746580624
201.0150414000018,-3.945216325854933e-05,-0.0003266177803555852
201.0662749999974,-6.474991927080572e-05,-8.609987985916159e-05
201.11515079999663,-8.414541682330153e-05,-1.5413556819790667e-05
201.1654187000022,-4.644322325613007e-05,-4.4881757310696064e-06
201.20983899999555,-3.3193935711247845e-06,-3.00896318528307e-05
201.26571120000153,-0.0005254220232242256,-0.00012433896219311464
201.31411690000095,-0.0006111871722739942,-5.2651759530113114e-05
201.36247749999893,-0.0007018878215102305,-5.690401427843231e-06
201.41507550000097,-0.00018502892245050905,-0.00011008572053949359
201.46829869999783,-0.00033130052083985874,7.178719090290574e-05
201.50694900000235,-0.00033180596523730725,-0.0004101935191964613
201.56313529999898,-0.00038858468708384666,-0.00042610105239830826
201.6130140000023,-0.0005305081748463391,-0.00016911941433956544
201.6623905000015,-0.0005777963951527601,-4.44701535818179e-05
201.71420059999946,-0.00032760602739534444,-9.832277834141325e-05
201.76474649999727,-0.0002702861418905029,-0.00012612466355767056
201.8153405999983,-0.00023282540504458783,-0.0005112978307197041
201.86403260000225,-0.0003470188876813397,-0.0004982561932274892
201.91578959999606,-0.0005671693527954928,-0.00022739333007696418
201.96617459999834,-0.0005421650434056982,-0.0001751325351186535
202.01294390000112,-0.0002392496251116232,-0.00013790695042606194
202.06593399999838,-0.00023987573107869621,-0.0005958035238188073
202.11475739999878,-0.00014423797054533499,-0.0006020746166305462
202.15811519999988,-0.00022750141514008625,-0.0005546219961639562
202.21611139999732,-0.00011000972617313822,-0.0006578153047627292
202.25735659999918,-1.9021832664573698e-05,-0.0006226600925323301
202.31540439999662,-5.252959145445722e-05,-0.0006649758291029076
202.36161929999798,-0.0003274191847539853,-0.0001088109581549523
202.41492319999816,-0.0005703367957478761,-0.00031931458593968264
202.4640806000025,-0.00046265283187935184,-0.0003220521921480803
202.51456540000072,-0.0005248570176929731,-0.0003301720154174132
202.5639921999973,-0.000499934807852574,-0.00030159123610745686
202.61216669999703,-0.0005491313416217907,-0.0003209562556731738
202.66481170000043,-0.0005209655246651374,-0.000350526742809941
202.71353549999913,-0.000521122003561645,-0.0003588053458241839
202.76552739999897,-0.0005023491763243986,-0.00028039539041770084
202.81271330000163,-0.0005888479768359474,-0.00027731152659783123
202.86418969999795,-0.0005899869047323914,-0.00020645589187151777
202.9155324999956,-0.0006190609484384408,5.55150868498068e-05
202.9667391999974,-0.0006290884133302585,8.193420009135714e-06
203.0125373999981,-0.0006250232794895764,-0.00012207738817616366
203.06496850000258,-0.0006245482681815084,1.7858821144150662e-05
203.1123074999996,-0.00039361617556527153,3.53208297610198e-05
203.16551539999637,-0.0005418660994139135,-0.00010046700155151422
203.21281359999557,-0.0005038307302372899,-0.0001275083719499828
203.26423129999603,-0.00039650516549034486,1.918522223311541e-05
203.31431570000132,-0.0005440151503178224,4.250114299390607e-05
203.36381399999664,-0.0005476911940428156,3.836663787785316e-05
203.41785150000214,-0.0006247493251414792,6.61531732060797e-05
203.46417089999886,-0.0004126349726469877,-0.00035119171487624256
203.5115941999975,-0.0003742516611732231,-0.00017136676018232242
203.56362380000064,-0.00036392380454772666,-0.0004073431110313967
203.60935299999983,-0.0003426560771906747,-0.0005228974623194437
203.66316099999676,-0.0002503524133115764,-0.0004930980721083488
203.71421869999904,-0.0005236580347467079,-0.000395510214724122
203.76546919999964,-0.00045507168595718296,-4.258877465139219e-05
203.8172523999965,-0.00024166168555189818,9.345748913656096e-05
203.86280550000083,3.1415360979309674e-06,-3.523878662207051e-05
203.9165492999964,-7.060768482121022e-05,-0.00013340138929076394
203.96318639999663,-0.0004055875477921663,-0.00016107842272255774
204.01330900000175,-0.0002738929402837947,-0.00014545923685563923
204.0653581000006,-0.0001297640943810513,-3.989764127968801e-05
204.11373989999993,-1.94348784510367e-05,-5.47717599941827e-05
204.1639576000016,-0.000376852173134556,-3.098530879655558e-05
204.21423009999853,-0.00026976851744719385,-3.703950258729997e-05
204.26451390000148,-9.729150658453273e-05,-5.6173909579511833e-05
204.30851529999927,-3.831782596778366e-05,-3.6668777758686294e-05
204.36572960000194,-7.254649467831705e-05,-0.0006577588583152126
204.41571989999647,-5.294001933502816e-05,-0.0006568848804473524
204.45957929999713,-0.00017519159397645778,-0.0005975580339226853
204.51373149999563,-0.00014657337720228803,-0.0006352995611818932
204.5648921999964,-6.013164488566378e-05,-0.0006816000453177503
204.6132374000008,-0.00016099904173188801,-0.0005194164619536938
204.666647799997,-0.00015157598514130258,-0.0005724730706493076
204.71319039999798,-0.0001517992295975573,-0.0006054121742497296
204.76504120000027,-0.0003835295748772237,-0.00048746158896143975
204.81368379999913,-0.0003170693550828878,-0.0004488736165772024
204.86438469999848,-0.00033614478292023117,-0.00041984946965791995
204.91560709999612,-0.00033655300029124957,-0.00042973987316524676
204.96325549999892,-0.00029901175407947596,-0.0005113868373217932
205.01427970000077,-0.0002625679530468917,-0.0004951506937809893
205.06612419999874,-0.00021808354581122913,-0.0004384188939895177
205.10995689999982,-0.0005273647249126407,-0.00016868286184541082
205.1637972000026,-0.00043803928178118214,-0.0004185126657125981
205.21121619999758,-0.00047026885047293863,-0.00043860546090698885
205.26598730000114,-0.0005900557410024092,-0.0003142925628533955
205.31588550000015,-0.0006872442740688336,-2.347447926045385e-05
205.3652058000007,-0.0006709679164625763,-9.000626077790148e-06
205.41482600000018,-0.000543970236678348,2.2911005670443815e-05
205.46510590000253,-0.0006011532616937517,1.071364189587507e-05
205.51588510000147,-0.000528491517283166,-0.00032232815399034747
205.56442519999837,-0.0005295698337859268,-0.00026251756398730004
205.6129815999957,-0.0005050705553798465,-0.0002980408898460224
205.66064309999638,-0.0004687742325879214,-0.0002582056857328442
205.70699359999708,-0.0006102020048374708,-0.00011008304464665295
205.76710520000051,-0.35211925560449303,0.5786611270957079
205.81504649999988,-0.40500863993692726,0.7929209926190912
205.86884329999884,-0.5733440733554769,1.246288385626429
205.9068441999989,-1.2520684328912308,1.6183419323662225
205.96557759999996,-1.7002854602065425,2.4598805238842236
206.01453100000072,-2.348150531856657,2.900095364537848
206.06237849999889,-3.1219582401274844,3.1210018925806198
206.11289260000194,-2.9827343635175527,2.981830768969426
206.16457329999685,-2.7616655330050985,2.745007126292177
206.21444740000152,-2.5517742492570883,2.549959901239747
206.26462100000208,-2.359022299726436,2.3585835893979334
206.31395039999916,-2.183742607679335,2.183700512232938
206.36559119999583,-2.022374679995644,2.0223445193173273
206.41420520000247,-1.874542144211869,1.8744091446021838
206.45856990000175,-1.737997711797665,1.737592726309894
206.5120545000027,-1.6114116693829972,1.6108858077667032
206.56301130000065,-1.4944152214716546,1.4939210633803481
206.6162278999982,-1.3860103970663613,1.3854957733160846
206.6647277000011,-1.2855362664702012,1.2851041078809557
206.7150877000022,-0.7151261122051653,1.8201329501763523
206.76244089999818,-0.26231952152106525,2.2401151462752313
206.8137652000005,0.16899325404505924,2.68989324886447
206.86327439999877,0.6596881702298566,3.3012104985217188
206.9133221000011,1.3989708527605258,4.069358179231946
206.96514110000135,2.3405483409734873,4.907637132320383
207.01422060000186,3.7346331650617848,5.7028063838409455
207.05740920000244,5.019239826989607,6.397557400076585
207.10896720000164,6.3066330891701305,7.069226570907663
207.16464219999762,7.332236206470984,7.6660020316753545
207.21388699999807,7.3333198264040265,7.974122697610725
207.26765010000236,7.219203205925547,8.459214927929958
207.31565509999928,7.124080963646622,8.875942554203847
207.36457430000155,7.015924805886439,8.983659822212875
207.41499209999893,6.864814974001244,9.134935600828344
207.4686001000009,5.9433304232903685,8.149702702482003
207.51256640000065,5.104159749587392,7.221264261428658
207.56221150000056,4.28330047430364,6.273661415091534
207.61163719999604,3.4540567762647267,5.340110502953803
207.66702339999756,2.6277126777570916,4.400940887484851
207.71593340000254,1.8159616272253045,3.450662712790373
207.76475909999863,0.8846229694809647,2.491324336049504
207.8175431999989,0.1423594995746714,1.5652016534653967
207.8664401999995,-0.001102424588024155,0.8260801136413134
207.91412010000204,-0.0024211150498612516,0.22083471205183328
207.9591661000013,0.0001276080773050662,-0.0004735417943222258
208.01416009999957,5.069823457719782e-05,-0.0006570149302738167
208.06533720000152,-0.0002315022034074368,-0.0006260237214410864
208.11487230000057,-0.00014681652601448398,-0.0005337612310374417
208.1642697999996,-0.000214962479650153,-0.0003197634596223516
208.2130266000022,-0.0001461226460387837,-0.00021936001241031826
208.26285749999806,-0.00010876848031148737,-0.00026229773260087193
208.3172842999993,-0.0002121544824265183,-0.00026572891506125644
208.3616103000022,-0.00028385200767679737,-0.0001671015471106978
208.416387199999,-0.000189463765743115,-0.0002107948513521228
208.46233989999746,-0.0002466441991536098,-0.00022662460114090046
208.51604270000098,-0.00017050263670954444,-0.0001742678521933912
208.5606753999964,-0.0001985903014369762,-0.0001625707235388122
208.6132851000002,-0.00034764331936547874,-0.00017977895071538027
208.65975790000084,-0.0002608831524034465,-0.00011694468730072605
208.7151507000017,-0.00023055942525189153,-0.00018034576099187322
208.77034180000192,-0.0003774418992469453,-0.00014384750638433034
208.81679659999645,-0.0003250089195221352,-0.00013566446361870156
208.86070160000236,-0.0002540355574901172,-0.0002965330441643719
208.91480189999857,-0.0002170139794646266,-0.0004932294821134491
208.9672860999999,-0.000380399533206919,-0.0003853622551736385
209.01294860000053,-0.0005931546674290067,-0.00010961151479815216
209.06586670000252,-0.0005461896033576817,-0.00020420151113387158
209.1147099000009,-0.000595357467426982,-0.0004588857223550165
209.16113790000236,-0.0005533299443095542,-0.00018558952109579255
209.21543499999825,-0.0005360632035500603,-0.00022325394120084567
209.26539729999786,-0.0005507019662410494,-0.00026050159471799865
209.31468969999696,-9.716159888882086e-05,-0.00040250419721729537
209.36627220000082,-0.00030447674691553336,-0.0004932780020348632
209.4140888999973,-0.0002820482908120373,-0.0005844666286072588
209.4651345999955,-0.00028979465542847556,-0.0005470385795026261
209.51259059999575,-0.0002286730737102529,-0.0005584364175427304
209.56329559999722,-0.00016313888223667964,-0.0006244447034691461
209.61399289999827,-8.624247773711187e-05,-0.0005916558952115536
209.66514889999962,-9.212602156702766e-05,-0.0006177438697034695
209.71461060000001,-9.543300745216304e-05,-0.0006312982082328903
209.76434309999604,-0.00015403355657654926,-0.000624173534193222
209.81621989999985,-3.9564076459477805e-07,-0.0001264628490372912
209.8608669000023,-0.0003610164617922876,-0.00010917359438710675
209.9140602999978,-0.00029820128267837176,-0.00011645555151329625
209.96387729999697,-1.6566173044478368e-05,-2.3006723837169944e-05
210.01339970000117,-0.000415864217518503,-0.00045158245755096474
210.06243929999619,6.123339177938172e-05,-0.000567520812956469
210.11364109999704,-0.00012689953576851167,-0.00041323145616512327
210.1642279000007,-0.00032101438188812626,-0.00028789961481515185
210.21381180000026,-0.000562737906230215,-2.754157901743444e-07
210.25850289999653,-0.0003406067210614287,-0.00012822202122299338
210.31327079999755,-0.00039348440729120135,2.552106940225781e-05
210.36243439999816,-0.0006384753059601732,-4.8133104357850176e-05
210.41428169999563,-0.0006403654809988947,-3.520639069168775e-05
210.4658758000005,-7.206042500491666e-05,-7.303898215134251e-05
210.5133407999965,-0.0006148794669551274,-2.4052756186798426e-05
210.56375929999922,-0.0006658307586189829,2.4862971026462983e-05
210.61136350000015,-0.000226136103942652,-0.0002838379731254984
210.6590381999995,-0.00028627453727594627,-0.0005233199396503425
210.7165784999961,-0.0004723869864950798,-0.00026644758315296147
210.76010800000222,-0.0004105805943683772,-0.00033816171419778453
210.81327779999992,-0.0003933514494131603,-0.00045544934089783743
210.86535439999716,-0.0002689650697610328,-0.0005372177935847566
210.912917499998,-0.00025299268889863226,-0.0004585408155296927
210.96253649999562,-0.00036827017971862065,-0.000478232103374501
211.0126461999971,-0.00046146183763167906,-2.471255696747698e-05
211.0623071000009,-0.0005846626967467616,5.107657671259685e-05
211.11601589999918,-0.0005923406191779726,-0.00013599630541718627
211.16403600000194,-0.0006212204247140292,-9.425570524088694e-05
211.21536639999977,-0.0005780546536118241,-0.00012622073408698027
211.26008010000078,-0.0003918952307674882,-0.00043561061304838393
211.3150100999992,-0.0004901633022589764,-0.0003491580936492664
211.3636542999957,-0.00037813365407814175,-0.00043842121346746076
211.41239219999989,-0.0005304393483684884,-0.0003756176893970971
211.46334860000206,-0.0004386065026736618,-0.000374707698392323
211.51247650000005,-0.00046546664646069915,-0.00038548540768405055
211.56487699999707,-0.0001207479652155569,-0.0006146914789521842
211.61383729999943,-3.6386867963178456e-05,-0.0006005374537668748
211.66449979999743,-6.949798636585952e-06,-0.0006009265638887781
211.7138094999973,2.6172056344388468e-05,-0.0006799196215953447
211.7620420999956,-0.000385612022091898,-0.0003892730636507083
211.81075989999954,-0.00045549218493726477,-0.00020153761779461804
211.86547340000106,-0.00041675046320645347,-0.00028882913776265507
211.91217519999918,-0.0004957622226973862,-0.0001667332810041988
211.965028300001,-0.0005071044755232733,-0.0003130339473304784
212.01108979999844,-0.00042804910860355096,-0.00027346085694801656
212.06350289999682,-0.0003795997586492253,-0.0003730293471454486
212.11100949999673,-0.0005013814328612518,-0.00039208466264878107
212.16459290000057,-0.0004367114724076141,-0.00037791777738384287
212.21230849999847,-0.0004155802801337869,-0.0004374469564923628
212.25563669999974,-0.000422789575849769,-0.0004290593642604622
212.31192010000086,-0.00046067043099145476,-0.0005773799149024709
212.36458850000054,-0.00045374907578024355,-0.0004107144618521424
212.40882160000183,-0.0003710054581001993,-0.0004599725466300409
212.45712500000081,-0.0005738093128217815,-0.00012595067672162082
212.51137809999636,-0.00040163547092638937,-0.0002282213315554577
212.55785469999682,-0.0002651982387472521,-0.00039914741609755125
212.60967309999978,-0.0003445966442865832,-0.0004215361546051914
212.65878220000013,-0.0004713207455439895,-0.0004458005953397156
212.71076999999786,-0.0004470158838095777,-0.00035364412847067113
212.76461109999946,-0.000502574105755036,-0.00031777772009398215
212.81456610000168,-0.0005210859705961445,-0.0003630106830137835
212.86323080000147,-0.0006373610812920803,-1.2799884496773043e-05
212.91813530000218,-0.00038435036686715665,-0.00013492497013003452
212.95944790000067,-0.00044917556593161224,-7.399594141872763e-05
213.00932779999857,-0.000555112100154683,-4.770391992541155e-06
213.05662360000133,-0.00023769672323786255,-0.00010965162595699106
213.1133372999975,-0.0002270811017781926,-0.00013093943561650131
213.15898970000126,-0.00016758435960068647,-7.419059050446632e-05
213.20745799999713,-3.828991919089428e-05,-1.466640995319238e-05
213.25648640000145,-0.0001276011792673696,-3.0326163769106516e-05
213.30579389999912,-0.0003361071474477149,-0.00026688743202140096
213.3578761999961,-0.0003937251023106732,-0.00029120822206999547
213.40862139999808,-0.0003479270956346293,-0.00019018470348595342
213.4644724999962,-0.00028096725333028136,-0.00012084088062425737
213.5070354999989,-0.00014292356640424947,-6.755067741843367e-05
213.5564056000003,-0.0002491855753741914,-0.00023644638722535675
213.60877620000247,-0.0006192207111526108,-0.0001373883181000871
213.65883899999608,-0.000575050906616231,-0.0001144588879121715
213.70890739999595,-0.0005893664062575643,-6.093440430016131e-06
213.75586720000138,-0.0006156926605009664,3.93459899772713e-05
213.8048603999996,-0.000606722782271846,-2.094719900871089e-05
213.85927269999956,-0.000381576017716735,-0.00028814630800325184
213.90585389999615,-0.0004701832208029169,-3.928817773339023e-05
213.9650877000022,-0.0005372842485152044,-0.000126857175253416
214.010600900001,-0.0005361525181613231,-2.8152728504008567e-05
214.05809910000244,-0.00027795296736500086,2.3847226415817974e-06
214.10942839999916,-0.0002706301180047622,8.409200047417732e-06
214.15758780000033,-0.00023998649343353993,-0.0004188185388838348
214.2067195999989,-0.0003811209156162842,-0.0004936193630631977
214.2562592999966,-0.0002954527726920939,-0.0004912836828472848
214.30718669999624,-0.00022862099949864335,-0.0006056467531837859
214.3558292000016,-7.277370733811525e-05,-0.0003318464623207718
214.40572769999562,3.020986992788283e-05,-0.0004637972375384818
214.45736890000262,-8.911419255860993e-05,-0.00024452982372331086
214.50609729999996,-0.00019306613960899405,-0.00021701631172123666
214.55628889999934,-0.00011468023926053351,-0.00027282442746112657
214.60760299999674,-1.8469472606880316e-05,-0.0003572741029694447
214.65471589999652,-5.0569456888684875e-05,-0.00031646122220549763
214.70708639999793,-1.8228821518934076e-05,-0.00034527603437521626
214.75586739999562,3.022156889190259e-05,-0.0003805138858675932
214.80755109999882,-3.007526312440139e-05,-0.00036082207600704116
214.85839750000014,-3.041200518086319e-05,-0.0003603443071159238
214.90566650000255,8.509602889014117e-06,-0.00023112191720490798
214.95942239999567,-4.299140443646045e-05,-0.00020934719670041117
215.00599269999657,6.217609893616299e-06,-4.8195871771339214e-05
215.065731900002,-8.982045053293618e-05,-4.307108242289146e-05
215.10641860000032,3.5319899005546922e-06,-0.0001140027659386466
215.15628519999882,-0.00019110857878444106,1.2406642335716278e-05
215.20600230000127,-0.00031887685231255837,-2.702667729617382e-05
215.25674530000106,-0.00032226244246523716,-0.0004147651367698652
215.30788729999767,-0.0003143012354826769,-0.00027936745672397866
215.35888429999613,-0.00020078036819825545,-0.0002787561337761586
215.40583009999682,-0.00025305725487342125,-0.00012156324945567656
215.45496550000098,-0.0002073330543253019,-9.602371932047269e-05
215.50581349999993,-0.00018734805703488416,-0.0003704202395488012
215.56165450000117,-0.0001303232386452747,-0.0004029353635754691
215.60697989999608,-1.60001642601916e-05,-0.0004777977582923762
215.65618079999695,-5.5284330846612125e-05,-0.0002059104530551819
215.70668699999806,-2.5692630556429906e-05,-0.0001550557663711383
215.75678830000106,-0.00022930643291977702,-0.00011145728211492012
215.80594449999626,-0.00041128220584840447,0.00020519694317067184
215.85539199999766,-0.00044643312668923813,-0.0004174659728579833
215.90628060000017,-0.0003934022198676677,-0.0004180968908869174
215.95546479999757,-0.0003817306606485287,-0.00045162730232330497
216.00786379999772,-0.00048107728383241173,-0.0004485753850599419
216.05625619999773,-0.0003541561400593549,-0.00040793796194437017
216.1136955999973,-0.0004938247717421535,-0.0002680851007411577
216.15656070000114,-0.0001290409890165753,-0.0002965459055207962
216.20760029999656,-0.0002664911549546837,-0.00012652869997310662
216.25644230000034,-0.00015317605099889216,-0.0001476499542964283
216.30435959999886,-0.0006437703118162038,-0.00014614043172282037
216.3581092999957,-0.00047554369154800065,-5.24506682198428e-05
216.40589000000182,-0.000538951288043853,-0.0003651534188469994
216.45579349999753,-0.00044063845647888353,-0.0004400595742478423
216.50694410000142,-0.00019683972323235584,-0.0005351689925337118
216.55626299999858,-1.7885512226828074e-05,-0.000568473012298071
216.60564370000066,-0.0004097663508402171,-0.00027208866281191844
216.6562664000012,-0.0004037376982963555,-0.0002319125263386255
216.7117483999973,-0.0005358016756951314,-0.00020644649558776665
216.76550570000109,-0.0005997795550009024,-0.00027096355670363684
216.81619599999976,-0.00047385175752177877,-0.0004363453014029842
216.8711426000009,-0.00032430242864522196,-0.00025293794169186414
216.91315400000167,-0.00033713739058296446,-0.00018044786725975853
216.9581853999989,-0.00041012549165730364,-0.0002476817912991479
217.02100609999616,-0.0003635762323766814,-0.0002852311326354781
217.0665433999966,-0.00016059776536419778,-0.000548303202220288
217.11364080000203,-0.00011999934095297514,-6.029692558590119e-05
217.15989519999857,-0.00012103772232275413,-1.7250506090265184e-05
217.21429109999735,1.6863954110950356e-05,-0.00026671710924329705
217.2676517,-1.437230293667356e-05,-0.0002675751686557105
217.31652129999566,-0.0003398576531648276,-0.0001593453078709236
217.36316500000248,-0.00022829259824800517,-0.0005848289142753924
217.41582799999742,-0.00014037456056451055,-0.0005845334545298324
217.4617517000006,-5.8189095009151704e-05,-0.0006453090275932295
217.51104900000064,1.0244625858755626e-05,-0.0006565367964856961
217.55667240000184,-0.34060757077458603,0.4570679706527903
217.60755799999606,-0.349380405594739,0.8988585538626647
217.6567980999971,-0.9157632312862058,1.3478385871481877
217.7083818999963,-1.176591481948024,2.035210929596637
217.75486159999855,-1.5722447734690501,2.6162646571580304
217.81191129999934,-2.225794342832036,3.0951804746945206
217.86239280000154,-3.080010151138969,3.3434913067771137
217.91057960000035,-3.600083861675675,3.4847842282657613
217.95548430000053,-3.660063203666555,3.599091439723406
218.00789449999866,-3.6080646574662043,3.5998548705038624
218.05660080000234,-3.6006298207351,3.599718584734374
218.10631250000006,-3.60013539409392,3.5997649788547417
218.15628699999797,-3.60002189209376,3.599798189636329
218.20698760000232,-3.5999392237157504,3.5999816641996047
218.2657087999978,-3.6000231682240886,3.5998555375256074
218.30700290000095,-3.600546569344676,3.6000820572209724
218.36117979999835,-3.600237800621057,3.599892380315223
218.41076769999927,-3.6000359903520627,3.5996270865607825
218.466794699998,-3.4296712296722163,3.429356792280394
218.50982759999897,-3.1726790303715746,3.1722260640399678
218.5578893999991,-2.9335189572696216,2.9330792037296773
218.607024799996,-2.7156189847330223,2.7150850211370314
218.65604829999938,-2.514969631090089,2.514623848604524
218.70526000000245,-2.3307530512524406,2.330062186197048
218.75697270000092,-2.1617806385913716,2.1609400960460734
218.80842190000112,-2.004420969478017,2.004625431306819
218.85707040000125,-1.8611061389365977,1.8609624517553376
218.90556379999907,-1.7278362661117057,1.727472755460556
218.9572227999961,-1.60057278473534,1.600858687473697
219.0070099000004,-1.481149996047365,1.4807744818090298
219.05636190000223,-1.3706691291766855,1.370252821893251
219.1065982,-1.2690031776266304,1.2683930438168227
219.15524619999633,-0.6627348768094268,1.7942417755590052
219.20789220000006,-0.13510721019704253,2.2170337182760536
219.25549899999896,0.318773690531873,2.854842013327743
219.31331730000238,1.0014095666818614,3.4302920573527906
219.36321479999606,1.723251099357429,4.257422460600364
219.40769629999704,2.6752462521712825,5.179822311344483
219.45678609999595,3.8531022229342637,6.087283995143436
219.50557560000016,5.072425673143715,6.859623741704808
219.55498680000164,6.325897323066144,7.582890814456159
219.60602230000222,7.33794752488993,8.171834897281427
219.65818600000057,7.282520050962558,8.546744025123454
219.70549989999563,7.191779164506257,8.76913949050742
219.75607219999802,7.061743847429858,8.937541741949719
219.80598800000007,6.815761845124794,9.1448169419866
219.8582510999986,5.8103268432422315,8.268480000215972
219.91509989999759,4.935809594236093,7.389431916441468
219.95721480000066,4.034179391612212,6.4823906517312535
220.00703860000067,3.189935965970981,5.552271880542913
220.05808080000133,2.3703742091679754,4.624705936177684
220.1065851999956,1.5702878103086044,3.6821471061581263
220.1571533000024,0.619538065976035,2.776245914835408
220.2073212999967,0.09012097805807068,1.6467860124877922
220.25743209999928,-0.0006298046069124801,1.058058730418438
220.30649119999725,-0.00018944298059728824,0.5377703149616211
220.3574004999973,-3.41120990566025e-05,0.019285649007656707
220.41339409999637,-0.0004774423039097804,-0.00042687371602028357
220.4576722999991,-0.00043895973052063503,-0.00045766037972764763
220.50767020000058,-0.00020126514503914834,-0.0002350797525088503
220.5553190999999,-0.00044834429861551674,-0.00021697962067103847
220.6073449999967,-0.0002244740826553863,-0.0003128920734511667
220.65568899999926,-0.00019394893912581677,-0.000240787667316333
220.7078715000025,-0.00020849814599289122,-0.0003300125310139514
220.75521540000045,-0.0001769392594665639,-0.00026943531006328635
220.80601719999686,-0.00045921705176337163,-0.00022158985203437885
220.85678619999817,-0.0004586503805201068,-0.0002711423516824595
220.9101728999958,-0.00040013226829734656,-0.00023933818972282365
220.95647559999634,-2.1577488151811278e-05,-0.0004436928261804988
221.00681469999836,2.0608682760344572e-05,-0.0004626092715129266
221.05662379999558,8.002717694085069e-06,-0.00046591606719466187
221.10629999999946,0.00033946739864168507,-0.000427304609441229
221.15790969999944,-0.0004615527673343357,-0.0003821118788943894
221.20531559999654,-0.0004672650776591133,-0.00026448232876040266
221.25674419999996,-0.00043849879345434016,-0.00023604930060621446
221.30501599999843,-0.0005678890602169336,-0.00036089050975459893
221.35878100000264,-0.0004827977505792645,-0.00035426450484316816
221.40693459999602,-2.3690656636454153e-05,-0.0005046738597812526
221.46148469999753,-0.00023578318959520934,-0.0005426437552980492
221.50788920000196,-0.00021448571545536226,-0.0005517008502387924
221.5568934999974,-0.0004261189723804731,-0.0002474460912063709
221.60598319999553,-0.0003808472048899773,-0.0002069291588526787
221.6572049000024,-0.00045189951074577517,-0.00023499077838078498
221.70687109999562,-0.0003663851751772693,-0.0002217524270877986
221.75789139999688,-0.0003402484663299916,-0.00024737122408275905
221.80626920000213,-0.0003672229324630368,-0.00026801943369158176
221.85877910000272,-0.0004273561700969742,-0.0003428854522540628
221.9058382000003,-0.00043361416141658585,-0.0003543424198398451
221.9565081999972,-0.0004743038785734888,-0.0003226040522168353
222.00565130000177,-0.0004633068251722081,-0.0003720107123800198
222.0564127999969,-0.00046633637885236406,-0.0003386061661619067
222.1056912999993,-0.00042562147397688714,-0.0003397005682863889
222.15700500000094,-0.0004272970464576562,-0.0003108083936890963
222.20631819999835,-0.0004937154719285088,-0.00033357615647534877
222.25605209999776,-0.0004521818393063065,-0.00034299072440061853
222.30482399999892,-0.0004901743589645275,-0.0003026575980062418
222.3566412,-0.0004494341117941102,-0.0003195526840919885
222.40736900000047,-0.00044267766745674595,-0.0003318584865579333
222.4553242999973,-0.00045873945410195076,-0.0003169355519254448
222.50514739999926,-0.0004312867078089581,-0.0003587278982869114
222.562920700002,-0.000442466933176719,-0.0003505437179312496
222.6073180999956,-0.0002847392181152485,-0.0002446196578079267
222.65747279999778,-0.00033933529480270576,-0.00022001268954487975
222.7057582999987,-0.00018751781816781318,-0.00030364827567947323
222.7549590999988,-0.00022257258471849865,-0.0002672316040456152
222.80759079999552,-0.00026578840688938697,-0.0002594805102343646
222.8583312999981,-0.0004188106310594395,-0.0004087477415099973
222.90654060000088,-0.0005593241039171413,-0.00041778125164994675
222.95621209999808,-5.244342791148993e-05,-0.0005678323035453484
223.00581560000137,-0.000495410817253752,-0.0003271901469430455
223.05740520000109,-0.0004277850298002808,-0.0003059230486716725
223.1061281000002,-0.0005254660867270722,-0.0003417596773585327
223.15630349999992,-0.00045508869392443975,-0.00036576399633556994
223.20880079999915,-0.00038429454107872,-0.00024952136835650084
223.25868459999765,-0.0004802416937852539,-0.00028827739558848334
223.30702349999774,-0.00045692218858054665,-0.000414168240370889
223.35683289999724,-0.00046525062345010757,-0.0004012796871239691
223.40557930000068,-0.00027584272115944135,-0.0005479251327445602
223.4565655999977,-0.00023481043821021004,-0.0005599873192164904
223.51334309999947,-0.0002441994433280467,-0.0005529782003422663
223.55651779999607,-0.00016903914401584404,-0.000591018615993265
223.61185799999657,-0.0002098535183405821,-0.00026845349797609833
223.65752169999905,-0.0003006070275816655,-0.0002521364540822487
223.70743539999967,-0.00030128096919529386,-0.00024725619450800465
223.75753919999988,-0.0003062932939727578,-0.00022878842628219198
223.80739660000108,1.2643631086562254e-06,-0.0004653513228211719
223.85653759999695,-8.936618112195616e-07,-0.00041004312918490563
223.9062180999972,7.251707501161266e-06,-0.0005005667396039479
223.95545649999985,-6.64709713383332e-06,-0.00046490678532546726
224.0065467999957,-0.0003928552849702942,-0.0002533506740401632
224.05616880000161,-0.0003912110513765668,-0.0002644565790025211
224.1082133000018,-0.00046941770075556194,-0.00027317680139116206
224.157091699999,-0.0005248718154837436,-0.00026454827248865857
224.20659209999576,-0.0003608088978262723,-0.00022155189980413139
224.2579781999957,-0.000321816784204941,-0.0002276095568578892
224.3051106999992,-0.0003154222491201521,-0.00021760244232084885
224.36261379999632,-0.00029641908802540204,-0.00023311594999935015
224.40682920000108,-0.00037035898077297124,-0.00023594541045417758
224.45625830000063,-0.00024588008158994115,-0.00021863574793969755
224.5068831000026,-0.00038454336409091507,-0.000492116906892604
224.5566034000003,-0.00032486598082792065,-0.00024401586652428802
224.6056064000004,-0.0003113188750351806,-0.0002408251803423519
224.65498079999816,-0.00035645621840936444,-0.00026307351794794685
224.7125853999969,-0.0003493586564045595,-0.00020911265212775825
224.7612575000021,-0.00040260560414459546,-0.00021922686257471637
224.8056357999958,-0.0004660652917884553,-0.00024630958976896473
224.85489979999693,-0.00043400792400023747,-0.0002712292617282864
224.9050075999985,-0.00047891049113158395,-0.00027096194604758387
224.9583369999964,-0.0004837730308857826,-0.0002536786991361385
225.00500040000043,-0.00019272716489958068,-0.0002863306862725098
225.05815179999627,-0.00011435477098597967,-0.00033739400099366335
225.10555960000056,-6.733062586922887e-05,-0.00033301384121432623
225.1563599000001,-0.0004663769236976232,-0.0003094291151754688
225.20733050000126,-0.00030374999475152765,-0.0002322168211390943
225.2576962999956,-0.00041393815455937374,-0.00023705209708540422
225.30593090000184,-0.0001229734126085932,-0.0003002720258108967
225.35485920000065,-0.0004689326302329224,-0.000268446342222331
225.4060290999987,-0.0004624490598467701,-0.00023470954334552462
225.4564457000015,0.0005483872421064497,-0.00020918107385160055
225.50546659999964,-0.00023313840018550475,-0.0005314512864351681
225.55597080000007,-0.00045466133569230254,-0.00033433861386146686
225.60840930000268,-0.0004459145171394874,-0.00032647126326823317
225.6577019999968,-0.00048163536550217963,-0.0002877356178657976
225.71024049999687,-0.0003070913017659386,-0.0005145447558373791
225.76229330000206,-0.00036869322643849915,-0.0004927826307575297
225.8114432000002,-0.00034592964102180126,-0.0005166845160619503
225.85696800000005,-0.00028565521162407124,-0.000516998451606179
225.90432119999605,-0.00035677102281413153,-0.00047425862016535627
225.95643310000014,-0.0003349397130763159,-0.0005417506972261072
226.00554479999846,-0.0002550253794311965,-0.00049239257895556
226.0584267000013,-0.00031157905162101235,-0.0005103087225687605
226.10536409999622,-0.00023199735368377376,-0.0005384456947988025
226.15653649999877,-0.00024255450661342634,-0.0005411519521836694
226.2065300999966,-0.0007789595271061732,-0.00030838889881797143
226.25801389999833,-0.0005319012270643691,-0.0003027871790410333
226.30448400000023,-0.0005112701493291909,-0.00029199601243627156
226.35645239999576,-0.0004636691515688729,-0.0003523748568495276
226.40547220000008,-0.0004442706714077239,-0.0003658273486034462
226.45649879999837,-0.00033741929566002477,-0.00021516187924698743
226.50445700000273,-0.0001819280623040727,-0.00024031542238428397
226.55540199999814,-0.0005838462249732337,-0.00021874549269742358
226.60520939999697,1.707221359838363e-05,-0.0004158550084294561
226.65621939999983,-8.156340935990471e-07,-0.00038825450676742445
226.71671310000238,-1.5742480297135e-05,-0.0003866368479494105
226.76406850000058,8.483582186754548e-06,-0.0003704950277244538
226.81459979999636,-3.773934035836825e-05,-0.0003565453995163084
226.8651219999956,2.7219433235162044e-05,-0.00038536417518223506
226.90716409999732,1.3712532931377244e-05,-0.0004009671123356933
226.9551124999998,1.4090198297024907e-05,-0.0004188054609451028
227.0064540999956,-8.617119012796006e-06,-0.0004299492020306
227.0556878999996,1.0825286528303027e-05,-0.00041528351908471804
227.10590019999654,-0.0003891078380785949,-0.00024270749231531107
227.1604720999967,-0.000326783190196965,-0.00023756784537392597
227.20700999999826,-0.0005151242783839993,-0.0002854414643319826
227.25669170000037,-0.0003348511611993734,-0.0002332397415208284
227.30712109999877,-0.000512834821271209,-0.00024131632696572418
227.35696189999726,-0.00035836456873157986,-0.0002411970000174016
227.40648969999893,-0.00043681030796402027,-0.00024213962839275867
227.45659989999695,-0.0004266966371853544,-0.0002376402346906892
227.50634139999602,-0.00044277139079694597,-0.00022838876305745416
227.55671820000134,-0.0003346913758533075,-0.00022671351069839468
227.6063632000005,-0.0004256813717525156,-0.00018436307657207444
227.65913480000017,-0.00042717963109688837,-0.0003808683118228455
227.70628649999708,-0.00041537451873142537,-0.0002211140929911056
227.75927760000195,-0.0005176938462813583,-0.00020437961323360672
227.80677090000245,-0.0003492660197506559,-0.00022907585995905232
227.85766519999743,0.0003700308622572793,-0.00048494075390961876
227.91122919999907,-0.0004428779937456371,-0.0003950537255110243
227.96244139999908,-0.0006067773428612261,-0.00038827004761381206
228.00515569999698,-0.00044704443356658076,-0.00038951596873564406
228.0566022999992,-0.0004208124841982568,-0.000380351848828251
228.10742580000078,-0.0004466781587672002,-0.0003335534690789427
228.1561683999971,-0.00018028997672577782,-0.0005347953595758038
228.20759079999698,-0.00021919167236841185,-0.0005373222737537181
228.25694839999778,-0.0003350320070210251,-0.000507535671657629
228.3050596999965,-0.0003281967393802282,-0.0004774110520142644
228.35630870000023,2.8340668967200892e-05,-0.00043698099568908593
228.4062408000027,-0.0004780504627219813,-0.0002487365583284235
228.456271199997,-0.00038862323740789087,-0.00021454909706643298
228.50891440000123,-0.00033261309698208235,-0.00020101448989806052
228.56300580000243,-0.00043593932201398735,-0.0002061009264588983
228.6170134999993,-0.0003260906447926063,-0.00018719749766990862
228.66670819999854,-0.0003903285237644637,-0.00020035114141080872
228.7157167999976,-0.00031015432959731866,-0.00020299578511484302
228.76574619999883,-0.0003483549353871451,-0.0002236991540896241
228.81671420000202,-0.0002577542798257453,-0.00022017248232388865
228.8659037999969,-0.0002898506617835848,-0.00022039137014287025
228.91470100000151,-0.0004163792536544664,-0.00021797741126563234
228.96472709999944,-0.0004620673712993337,-0.00021176935097756323
229.01516450000054,0.00035055796741062387,-0.0003216863626702576
229.0682966999957,-0.000293855714872766,-0.0005311679860076052
229.11712599999737,-0.00028966921457632524,-0.0005305661372811912
229.1628578000018,-0.0003675152016885257,-0.0004930489288633196
229.21405470000172,-0.0003335727271740614,-0.0005023328096164096
229.257157,-0.0004905845661272113,-0.0002641852749455227
229.3074387000015,0.4044749856451661,-0.4927420621827203
229.35655170000246,0.6582635464030341,-0.9757165151040385
229.40579330000037,0.8305483435684945,-1.4679142347965048
229.45935559999634,0.941589511059495,-1.9524715672770057
229.50764309999795,0.9183045218057256,-2.170402884661709
229.5574736999988,1.0680192123456296,-3.016781466444123
229.60851790000015,1.249255925952463,-3.2196167546317143
229.65629049999552,1.6378420220108654,-3.2359453104082436
229.7064962000004,2.0010457238276165,-3.5999895632513197
229.75568560000102,2.195233201339581,-3.6003158067959555
229.8128405000025,2.3058751086733507,-3.600543439606683
229.85674239999935,2.2452591024649937,-3.600793302492346
229.90724809999665,2.13374560684734,-3.5397627576111135
229.95495729999675,1.6681970561653572,-3.3168211640512912
230.00590119999833,1.5403021873212432,-3.1074828320051764
230.0609403999988,1.7864422590670517,-2.9135104198907276
230.11371359999612,2.2672560438359937,-2.731224269853256
230.1567436999976,2.5473377059232654,-2.54742766896935
230.20562889999565,2.356819184577047,-2.3570802081251703
230.25548439999693,2.1742293525370178,-2.1744504623381413
230.30782190000173,2.004256382166923,-2.0041802572473104
230.35536879999563,1.8487767768056487,-1.8487312796296091
230.4076098000005,1.706699979400162,-1.7071564173475118
230.45698280000215,1.5772102776488788,-1.5779115614642636
230.51538810000056,1.457380799382881,-1.4580798653617582
230.56916130000172,1.347573925118151,-1.3480683192168827
230.6064006000015,1.2455478441903605,-1.2460965519678213
230.65763490000245,1.8180347912086485,-0.45441344092977065
230.71088790000067,2.2060902080261355,-0.03486450702479759
230.76688389999617,2.648952877307175,0.3723348093789897
230.81327279999823,3.210880502591696,0.952635514241586
230.86558949999744,4.007691488881674,1.5771300269714101
230.91382989999693,4.9152377849461235,2.546462824019811
230.96383929999865,5.79580565602681,3.689436824017162
231.02306559999852,6.579632252229526,4.954982130544103
231.06479019999824,7.290463508510826,6.227433571861125
231.11342670000158,7.96483141201269,7.397317586085684
231.1666972000021,8.371762333038914,7.627620330437343
231.21553069999936,8.363946895700755,7.635724643418042
231.25720359999832,8.357637653674884,7.641858973002947
231.3075284000006,8.349945576859684,7.649553891232482
231.3654308999976,8.342252158006989,7.657321512019952
231.4156335000007,8.336661809639024,7.663089312762499
231.46578059999592,8.33423725290116,7.665470330285276
231.5161528000026,8.334814939137688,7.664852727270913
231.56577480000124,8.33830959054381,7.661381611861986
231.61554690000048,8.344804282534508,7.654932190832546
231.6640316999983,8.354838337723931,7.644700219941503
231.71659579999687,8.370748213792796,7.628967617628756
231.76505729999917,8.394558293334255,7.605278331224536
231.8157499000008,8.429872607290319,7.569957732143674
231.86316670000087,8.483275225552772,7.5163796345010105
231.9148350999967,8.568706017574264,7.43085355654048
231.9658641999995,8.717612922037658,7.282249872778974
232.01480309999897,7.779272376383079,6.390380495060513
232.06427740000072,6.89406121839685,5.469299687128432
232.1115004999956,5.98341981415749,4.6280462723724085
232.1627126999956,5.020633863495982,3.7841994921723217
232.21079199999804,4.116508475268077,2.9388286660136576
232.2669573000021,3.1137919895272943,2.172270416472279
232.31198459999723,2.1576798209207873,1.342710698156211
232.35660359999747,1.1981159555664496,0.5519483373869194
232.40661839999666,0.28421583122283656,7.161736435008508e-05
232.45969409999816,-9.854317539757442e-05,-0.0008269961593785348
232.50619970000116,-8.762600457465275e-05,-0.0007177394986312708
232.55707760000223,-7.323528254950137e-05,-0.0006057931875706252
232.60576939999737,-6.701009603877319e-05,-0.0005581803343491897
232.65596129999903,-6.413496880248007e-05,-0.0005363398920166445
232.70670840000093,-6.283902865839286e-05,-0.0005265119892527749
232.75574020000204,-6.228409495939938e-05,-0.0005218613113655133
232.80535650000093,-6.201766513675066e-05,-0.0005198045559328711
232.85722879999958,-6.189308274790094e-05,-0.0005188999905824658
232.90765079999983,-6.183166032519731e-05,-0.0005184917133870791
232.96189530000265,-6.179830666092236e-05,-0.0005183033421518015
233.00711549999687,-6.177745602859052e-05,-0.0005182128481450685
233.05572270000266,-6.176217954850957e-05,-0.0005181659626717867
233.10971150000114,-6.174938969044805e-05,-0.0005181385059682093
233.15653839999868,-6.173771014422898e-05,-0.0005181196953706851
233.20572589999938,-6.172652734509782e-05,-0.000518104721703934
233.25523049999902,-6.171556750095446e-05,-0.0005180914390844853
233.31021979999787,-6.17047085538796e-05,-0.0005180788896174641
233.35920690000057,-6.169389620286506e-05,-0.0005180666463777087
233.40812249999726,-6.16831061673333e-05,-0.0005180545188842548
233.4573356999972,-6.167232750048535e-05,-0.0005180424217165427
233.50676730000123,-6.16615555948956e-05,-0.0005180303169160474
233.5644702999998,-6.16507878526422e-05,-0.0005180181876795432
233.61051769999904,-6.16400236742047e-05,-0.0005180060262465713
233.66051919999882,-6.162926248226715e-05,-0.0005179938295640185
233.70765080000274,-6.161850425462507e-05,-0.0005179815958000167
233.7655900000027,-6.160774884694946e-05,-0.0005179693240164273
233.80798679999862,-6.159699622593367e-05,-0.0005179570145740728
233.85723499999585,-6.158624649149771e-05,-0.0005179446668456775
233.91255349999847,-6.157549936608588e-05,-0.000517932280970019
233.9612053000019,-6.156475489410707e-05,-0.0005179198568194218
234.0134584999978,-6.155401336421929e-05,-0.0005179073945271125
234.0574756999995,-6.154327447666228e-05,-0.0005178948939043533
234.10577439999906,-6.153253862001414e-05,-0.0005178823550510643
234.1594827000008,-6.15218052502656e-05,-0.0005178697777674052
234.20607949999976,-6.151107472268799e-05,-0.0005178571623531364
234.25660749999952,-6.150034694846347e-05,-0.0005178445086472754
234.3067207999993,-6.14896220941255e-05,-0.0005178318166720268
234.3579585999978,-6.147889974889159e-05,-0.0005178190863663282
234.4196940999973,-6.14681805788955e-05,-0.000517806317785691
234.45614889999706,-6.145746428437706e-05,-0.0005177935111355061
234.50674759999674,-6.144675045455373e-05,-0.0005177806660382979
234.5569183999978,-6.143603963343481e-05,-0.0005177677826939066
234.60861969999678,-6.142533166558904e-05,-0.0005177548611633942
234.65635649999604,-6.141462643999416e-05,-0.00051774190149117
234.7075479999985,-6.140392416759252e-05,-0.0005177289033885756
234.75869599999714,-6.139322482617966e-05,-0.0005177158671553716
234.81081519999861,-6.13825281270976e-05,-0.0005177027927693532
234.8565077999956,-6.137183429239096e-05,-0.0005176896801916629
234.9073716999992,-6.136114345528648e-05,-0.0005176765292890736
234.9570457000009,-6.135045529381946e-05,-0.0005176633402336703
235.00814179999725,-6.133977015215909e-05,-0.0005176501131253726
235.0572289999982,-6.132908801920313e-05,-0.0005176368476533184
235.10610520000046,-6.131840875062255e-05,-0.0005176235442949036
235.1571533000024,-6.130773222429285e-05,-0.0005176102026559987
235.20637429999624,-6.12970585401341e-05,-0.0005175968229142397
235.26852939999662,-6.128638787578196e-05,-0.0005175834053749378
235.30699319999985,-6.12757199536807e-05,-0.0005175699493886126
235.35889959999622,-6.126505516240839e-05,-0.0005175564555991933
235.40659729999606,-6.125439311338693e-05,-0.000517542923668062
235.46430439999676,-6.124373407306985e-05,-0.0005175293538616724
235.51246430000174,-6.123307797484381e-05,-0.000517515746080104
235.55606319999788,-6.122242481870878e-05,-0.0005175021002345393
235.60588080000161,-6.121177449364246e-05,-0.0005174884165636762
235.6594017000025,-6.120112701074708e-05,-0.0005174746949620434
235.70840479999606,-6.119048272529403e-05,-0.000517460935568419
235.7573790000024,-6.117984120429629e-05,-0.0005174471382939849
235.80793180000182,-6.116920276971857e-05,-0.0005174333033607856
235.86190469999565,-6.115856709959618e-05,-0.0005174194305079191
235.90663040000072,-6.114793444928041e-05,-0.0005174055199796342
235.96107929999562,-6.113730481877127e-05,-0.0005173915717981355
236.0141064999989,-6.112667811925091e-05,-0.0005173775860189341
236.05856559999665,-6.111605452835502e-05,-0.0005173635624310874
236.10935510000127,-6.110543386844793e-05,-0.0005173495013676627
236.15990610000154,-6.10948159507917e-05,-0.0005173354026510239
236.20730249999906,-6.108420125278225e-05,-0.0005173212666253406
236.25804989999597,-6.107358946355711e-05,-0.000517307093124079
236.31180519999907,-6.106298044988954e-05,-0.0005172928821250348
236.36164439999993,-6.10523745337442e-05,-0.0005172786337503324
236.4074294999955,-6.104177199267686e-05,-0.0005172643482442209
236.4577821999992,-6.103117221606486e-05,-0.0005172500253013892
236.5085007000016,-6.1020575259419325e-05,-0.0005172356651882904
236.56543539999984,-6.10099814225005e-05,-0.0005172212679493337
236.60925329999736,-6.099939051657046e-05,-0.0005172068335401102
236.661563499998,-6.098880271926489e-05,-0.0005171923621382556
236.71408040000097,-6.097821776413026e-05,-0.0005171778537881787
236.76016289999825,-6.096763608415356e-05,-0.0005171633084510216
236.8085590999981,-6.0957057268552265e-05,-0.0005171487262877668
236.8607129000011,-6.094648136173528e-05,-0.0005171341073095167
236.90759869999602,-6.0935908674565075e-05,-0.0005171194516605999
236.95988639999996,-6.092533881846358e-05,-0.0005171047591855855
237.0123539999986,-6.091477207098654e-05,-0.0005170900301287224
237.06024089999846,-6.0904208432134e-05,-0.0005170752644289482
237.108951299997,-6.089364763545239e-05,-0.0005170604622194901
237.16268249999848,-6.08830901139287e-05,-0.0005170456238278634
237.21032620000187,-6.087253536796257e-05,-0.0005170307488821437
237.25946829999884,-6.086198389715437e-05,-0.0005170158378375225
237.3163104999985,-6.085143516859702e-05,-0.0005170008905385683
237.36433150000084,-6.0840889559766384e-05,-0.0005169859070629968
237.40728919999674,-6.0830347159480306e-05,-0.0005169708876550572
237.46724679999897,-6.0819807590262915e-05,-0.0005169558322259315
237.51677960000234,-6.080927112967e-05,-0.0005169407410143177
237.56595959999686,-6.07987378665194e-05,-0.0005169256140479714
237.6214809000012,-6.078820744553974e-05,-0.0005169104513324438
237.66185530000075,-6.077768004436671e-05,-0.0005168952530897795
237.71530199999688,-6.0767155485364624e-05,-0.0005168800192367115
237.76556329999585,-6.07566342126227e-05,-0.000516864750106307
237.8191977999959,-6.074611594858515e-05,-0.0005168494455042766
237.86769610000192,-6.073560072655871e-05,-0.0005168341058247501
237.91312109999853,-6.07250884244188e-05,-0.0005168187310122158
237.9621160999959,-6.071457923090338e-05,-0.000516803321122185
238.01623560000007,-6.070407305719457e-05,-0.0005167878763100889
238.06348949999665,-6.069356982557679e-05,-0.0005167723966980523
238.1245254000023,-6.0683069502743325e-05,-0.0005167568822638705
238.17956910000066,-6.067257247727225e-05,-0.000516741333373917
238.21691499999724,-6.0662078482710026e-05,-0.0005167257500614987
238.26845409999805,-6.065158721929645e-05,-0.0005167101321434287
238.31073549999564,-6.0641099253245255e-05,-0.0005166944803135963
238.3638831999997,-6.0630613962831544e-05,-0.0005166787941057082
238.41504259999783,-6.062013193647352e-05,-0.0005166630739638532
238.46756710000045,-6.0609652952126594e-05,-0.0005166473201711384
238.51163280000037,-6.059917696538183e-05,-0.000516631532166901
238.5633613999962,-6.0588703909625856e-05,-0.0005166157107838083
238.6173282000018,-6.057823389588097e-05,-0.0005165998560052072
238.66956290000235,-6.056776672430702e-05,-0.0005165839677811375
238.71837080000114,-6.0557302550335245e-05,-0.0005165680462448258
238.764119200001,-6.054684131845449e-05,-0.0005165520916738279
238.81306210000184,-6.0536383206300416e-05,-0.0005165361041569621
238.86786479999864,-6.052592801403291e-05,-0.0005165200837275345
238.91682140000194,-6.051547591928763e-05,-0.0005165040307463679
238.966096199998,-6.0505026677815546e-05,-0.0005164879453022799
239.01449850000063,-6.0494580456150065e-05,-0.0005164718275729064
239.05976759999612,-6.04841369878377e-05,-0.0005164556775138385
239.11492700000235,-6.047369671696764e-05,-0.0005164394954248364
239.1670193999962,-6.0463259377086365e-05,-0.0005164232814668821
239.21964060000028,-6.0452824790558195e-05,-0.0005164070357176919
239.26635700000043,-6.0442393135018804e-05,-0.0005163907583771053
239.31405529999756,-6.0431964399365974e-05,-0.0005163744496505138
239.36267190000217,-6.042153870572423e-05,-0.0005163581096433886
239.4096247999987,-6.041111593196903e-05,-0.0005163417386998988
239.4626449999996,-6.0400695833851325e-05,-0.0005163253368366977
239.5192442999978,-6.039027898868709e-05,-0.0005163089046088971
239.56465670000034,-6.037986476364918e-05,-0.0005162924414225271
239.61580919999687,-6.0369453536213465e-05,-0.0005162759482157268
239.666782100001,-6.03590450510286e-05,-0.0005162594247275935
239.71826899999724,-6.0348639419116897e-05,-0.0005162428713411542
239.7605618000016,-6.033823661827393e-05,-0.0005162262881174708
239.81311009999627,-6.03278367706242e-05,-0.000516209675400713
239.8606729000021,-6.0317439842861025e-05,-0.0005161930333851695
239.91588989999582,-6.030704567955317e-05,-0.0005161763621874138
239.97065889999794,-6.029665424739397e-05,-0.0005161596621238594
240.01403340000252,-6.0286265501974476e-05,-0.0005161429332833244
240.06713540000055,-6.027587975415715e-05,-0.0005161261759322619
240.11693569999625,-6.0265496681977325e-05,-0.0005161093902483079
240.17208350000146,-6.025511627433276e-05,-0.0005160925766311427
240.2095921,-6.0244738719961356e-05,-0.0005160757350807661
240.26729989999876,-6.0234363996658674e-05,-0.000516058865824774
240.31708760000038,-6.022399201560686e-05,-0.0005160419694682379
240.36677670000063,-6.021362254365908e-05,-0.0005160250457113973
240.41435349999665,-6.0203255725144334e-05,-0.0005160080952259375
240.46095780000178,-6.0192891748800523e-05,-0.0005159911180118585
240.51175540000258,-6.018253015943621e-05,-0.0005159741144965959
240.56303739999566,-6.017217160098078e-05,-0.0005159570846135366
240.60963149999588,-6.016181545170929e-05,-0.000515940029017712
240.668413899999,-6.0151462122404295e-05,-0.0005159229476980198
240.7133135999975,-6.014111137991893e-05,-0.0005159058410707939
240.7621113999994,-6.013076285787964e-05,-0.000515888709219301
240.81759030000103,-6.012041717801128e-05,-0.0005158715527208566
240.86548980000225,-6.0110073996144714e-05,-0.0005158543715699102
240.91372959999717,-6.0099733445506737e-05,-0.0005158371661827951
240.95967129999917,-6.008939532625717e-05,-0.0005158199366261247
241.020354100001,-6.007905976052055e-05,-0.0005158026834994196
241.06483099999605,0.6691512107819166,-0.30287954342230683
241.1143796999968,1.1144499172160682,-0.42616599331862964
241.16545459999907,1.589548221621074,-0.5571918036877117
241.21684249999817,2.0907634278945504,-0.7533864187261023
241.2623664999992,2.564797513273853,-1.0882182170563257
241.31631629999902,2.9682574231934566,-1.8827016154368243
241.36253939999733,3.2963711366094324,-2.8212743108613987
241.4176443999968,3.4134460100181703,-3.60032995476248
241.4624102000016,3.4408194310270215,-3.6331680506239756
241.5136302999963,3.465672997502019,-3.600675775276931
241.55938199999946,3.599377341428023,-3.600263094763349
241.61536669999623,3.599682442328807,-3.6003032166335096
241.6627526000011,3.6000775160075174,-3.60010751056715
241.7155672000008,3.6000501589377056,-3.6004729122148533
241.7637923000002,3.600066789514314,-3.6006572029766097
241.81239970000024,3.599872282630811,-3.600180661596476
241.8618062999958,3.600044313905586,-3.6002353549902866
241.9086857000002,3.5491077018018715,-3.54959226226187
241.96572359999846,3.2976150909229482,-3.2981597505123648
242.0146478999959,3.064481023579128,-3.0648678567553835
242.06318730000203,2.851627346496068,-2.8521451443453913
242.1158243000027,2.654733930947477,-2.655289142988721
242.1637380999964,2.474163068653928,-2.474626091967862
242.21392539999943,2.3075705380417277,-2.308139087196641
242.2583689000021,2.15374800270755,-2.153771999271163
242.31067569999868,2.0103590482435525,-2.010324352160272
242.36612179999793,1.8780249013370331,-1.8785239748250173
242.41539809999813,1.7550235119324304,-1.755375353940633
242.4609072000021,1.6414798016223597,-1.6420611072191944
242.510306199998,1.534977823537382,-1.5355563899155127
242.55970440000237,1.4351593284731812,-1.4353548083798422
242.61443490000238,1.3433882508311674,-1.345274302553465
242.66490560000238,1.2569350056905617,-1.2573672745607363
242.71647569999914,2.0202510900594572,-0.5151050922159398
242.75755390000268,2.317366000955937,-0.20067169081988703
242.8154263999968,2.74022094933436,0.21608575073906736
242.85982199999853,3.368384029664144,0.8601175689828832
242.90789850000147,4.206048494924498,1.554560033685692
242.96529960000044,5.0917070617213644,2.5053204675500576
243.01103639999928,6.007322408148177,3.671642659516037
243.06289190000098,6.8243369552646795,4.91778610474881
243.11754949999886,7.524162589477437,6.1655786637062215
243.1687751999998,6.263558864525464,5.292285966908045
243.20850059999793,5.245040878571204,4.528971177388419
243.26482179999584,4.200862829314466,3.7428576744026394
243.3143366000004,3.1639184744198405,2.946306863374669
243.36369240000204,2.1351089030163046,2.1569731320113386
243.4120924000017,1.1152759359856366,1.3687365535051168
243.45760399999563,0.11334275284381538,0.5945214166785346
243.5109295000002,-0.00032014661223199226,0.0012118908578913875
243.56706519999716,-0.00011736529839112798,-0.0003735852999403619
243.61436349999713,-3.681862423835541e-05,-0.0004992900996601836
243.66561089999595,-1.599821254362546e-05,-0.0005375351558545551
243.71489999999903,-1.3481293059681769e-05,-0.0005417345327840999
243.76310489999742,-1.4070757181640676e-05,-0.0005404599218839348
243.80895500000042,-1.4455785435365359e-05,-0.0005399198082412327
243.8660516000018,-1.4590232511060246e-05,-0.0005396887437403653
243.9150509999963,-1.4594482145038298e-05,-0.000539708798992269
243.9608487000005,-1.4607192722073645e-05,-0.000539574743908568
244.00816199999826,-1.4527185698844827e-05,-0.0005399742547385435
244.06489470000088,-1.4555511462801469e-05,-0.0005398572964732482
244.11143369999627,-1.4552303084793754e-05,-0.0005398691091463102
244.15868690000207,-1.4565587036510165e-05,-0.000539766862052185
244.21268740000232,-1.4526239144898492e-05,-0.0005400004897471536
244.26475679999567,-1.4471658726935418e-05,-0.0005401772878732936
244.31400589999976,-1.4526124758620264e-05,-0.0005398854112282169
244.35861859999568,-1.4510110102352476e-05,-0.0005401646201453157
244.41447399999743,-1.4465299613699425e-05,-0.0005403971586615374
244.4629836000022,-1.4457840702433007e-05,-0.0005404161868239167
244.51634770000237,-1.444438034738021e-05,-0.0005404822393207224
244.56569209999725,-1.4455815555716017e-05,-0.0005403607462828694
244.60841739999887,-1.441639749800918e-05,-0.0005405400625780161
244.66453449999972,-1.4475524057213496e-05,-0.0005402802917898014
244.7115621999983,-1.4470247222688598e-05,-0.0005402946941302329
244.76415570000245,-1.4426627092958089e-05,-0.0005405479960541144
244.81291059999785,-1.4414270854703281e-05,-0.0005405445245199431
244.86663089999638,-1.4441130435929142e-05,-0.0005404304934298167
244.9072623999964,-1.4413217375177441e-05,-0.0005404239750883944
244.96271680000063,-1.4376075796475917e-05,-0.0005406548448061832
245.01455590000114,-1.4369065404209215e-05,-0.0005407025811932489
245.070810899997,-1.4353467758811712e-05,-0.0005407224076503917
245.11167469999782,-1.4362186639984316e-05,-0.0005405997156660412
245.1643277999974,-1.4287957661464864e-05,-0.000540993660265207
245.21408240000164,-1.4336835973973454e-05,-0.0005409046393856498
245.26243550000072,-1.4332407793928582e-05,-0.0005409320720251433
245.31725020000158,-1.4315505303410235e-05,-0.0005409576822113373
245.36521759999596,-1.4294309191877595e-05,-0.0005409486051111547
245.41343570000026,-1.4277538262787668e-05,-0.0005410079985735254
245.46150050000142,-1.4294402550531736e-05,-0.0005409135171785952
245.5168197000021,-1.4228655520489207e-05,-0.0005412751017186841
245.56537650000246,-1.4250962188113377e-05,-0.0005411328515958913
245.61155799999688,-1.4229548128698775e-05,-0.0005412149374839784
245.65666590000183,-1.4230981815201623e-05,-0.0005412449924758072
245.71534509999765,-1.4246062629576708e-05,-0.0005411153657553379
245.75732459999563,-1.4209647503106882e-05,-0.0005412769085400433
245.81669200000033,-1.4198419151525026e-05,-0.0005413479949601273
245.8628630999956,-1.4155289274077728e-05,-0.0005415861738589544
245.91156609999598,-1.4195544906238797e-05,-0.0005412186613551899
245.95756869999605,-1.4151998684055037e-05,-0.0005414049184149661
246.01627580000059,-1.4153401373131042e-05,-0.0005414930387704236
246.05761429999984,-1.4167811368550183e-05,-0.0005413314658709186
246.10723000000144,-1.410136006853198e-05,-0.0005417354077342123
246.16125779999857,-1.4124683567219942e-05,-0.0005416143149040043
246.21534779999638,-1.4124278546758329e-05,-0.0005416498750921318
246.25937929999782,-1.4115317081854845e-05,-0.0005416979919803836
246.30999829999928,-1.4130622727494643e-05,-0.0005415730057312549
246.3595881000001,-1.4076831056377185e-05,-0.0005419947677343568
246.41501450000214,-1.4126621639145114e-05,-0.0005416791847079775
246.4583885999964,-1.405930926125124e-05,-0.0005420577387849532
246.52174450000166,-1.4084869437449074e-05,-0.0005419141531970886
246.56620329999714,-1.4076724053082072e-05,-0.0005418950263636381
246.61741069999698,-1.4031083062095444e-05,-0.0005421760982405236
246.66405619999568,-1.4029721018284371e-05,-0.0005422276677502974
246.70743789999688,-1.4073880905142765e-05,-0.0005418901622489715
246.76407019999897,-1.4033967055139825e-05,-0.0005420874512840811
246.80915649999952,-1.3990023373113247e-05,-0.0005423091808521217
246.8667576000007,-1.4019947858225354e-05,-0.000542176465591118
246.90823829999863,-1.4032928219455682e-05,-0.0005420275350343413
246.95883099999628,-1.4012792615160628e-05,-0.0005420641148401926
247.01795590000256,-1.3967474443722877e-05,-0.0005422170780822659
247.06376789999922,-1.3976957369278797e-05,-0.0005420967623249084
247.1108385999978,-1.3946033827773522e-05,-0.0005422771097063824
247.16567239999858,-1.3926304831559009e-05,-0.0005423109212377351
247.21699850000005,-1.3916778474078362e-05,-0.0005423756657141821
247.26393010000174,-1.3918162700145467e-05,-0.000542149535849348
247.30983169999672,-1.3867356696296983e-05,-0.0005423368428081809
247.36006949999864,-1.3826180289568208e-05,-0.0005425668165426822
247.41911199999595,-1.3819444355535428e-05,-0.0005425829871630804
247.46524160000263,-1.3860728742555578e-05,-0.0005425190907193886
247.51640329999645,-1.3823357569732558e-05,-0.0005427389064405704
247.5666127000004,-1.3820287314571335e-05,-0.0005427520507706392
247.61441539999942,-1.3849387692234489e-05,-0.0005426400231334719
247.66544749999593,-1.3874263515857716e-05,-0.000542486670697166
247.70791469999676,-1.3815913491045748e-05,-0.0005427176614792245
247.75954659999843,-1.3784024410780415e-05,-0.0005429132219414937
247.80679819999932,-1.3820102140473057e-05,-0.0005425448787078
247.8610994999981,-1.3780842955681049e-05,-0.0005427663649205046
247.90925559999596,-1.3746164628804262e-05,-0.00054301524139549
247.9654742999992,-1.3727269188036637e-05,-0.0005430138708473705
248.01471270000184,-1.377991794006139e-05,-0.0005426975219391888
248.06073969999852,-1.376934141151952e-05,-0.0005426722206725513
248.1142456000016,-1.3731649506366917e-05,-0.0005429303506344023
248.16307349999988,-1.3707610246894976e-05,-0.0005428712741573584
248.21306499999628,-1.370774996846262e-05,-0.0005429458070705334
248.27098939999996,-1.3723817371426308e-05,-0.0005428136267593918
248.30913580000197,-1.3655420350046297e-05,-0.0005432267671257558
248.36563739999838,-1.3682791344406221e-05,-0.0005430476149659812
248.41803049999726,-1.3703519397013902e-05,-0.0005428929786622185
248.46190109999588,-1.3614907501414875e-05,-0.000543302357592975
248.51574329999858,-1.3597493453433475e-05,-0.0005432972622965681
248.5671510999964,-1.359389336653821e-05,-0.0005433711018088508
248.61585449999984,-1.3590659631036606e-05,-0.0005433483418760233
248.66622300000017,-1.3573995438788268e-05,-0.0005434141184990609
248.7184866000025,-1.3596566117447694e-05,-0.0005432371491321217
248.76503560000128,-1.3596990910981373e-05,-0.0005433013781930806
248.8151740999965,-1.3596012848905603e-05,-0.0005433627448437309
248.85671069999808,-1.3586918956599738e-05,-0.0005433930646792621
248.91884299999947,-1.3578247315416828e-05,-0.0005434010676941796
248.9664797000005,-1.359982906291707e-05,-0.0005432747175749228
249.01457819999632,-1.3562862577488755e-05,-0.0005434381383074254
249.06477330000052,-1.3584966207526182e-05,-0.0005433383640741054
249.11795549999806,-1.3557144196164736e-05,-0.0005433368131424999
249.1629352000018,-1.3532963361052692e-05,-0.0005433338568406299
249.21134660000098,-1.3504349027927489e-05,-0.0005435480922256186
249.2663534999956,-1.346467133346412e-05,-0.0005437073186354542
249.3110056000005,-1.346345612775028e-05,-0.0005438155350934715
249.36897399999725,-1.3530922238226378e-05,-0.0005435169677892569
249.4186316999985,-1.3442183188784342e-05,-0.0005438208549213831
249.4652483000027,-1.3471233106811027e-05,-0.0005437039386669268
249.51042020000023,-1.3468836979070356e-05,-0.000543754214189561
249.56571419999818,-1.3458844616577354e-05,-0.0005437596002866849
249.6174802999958,-1.3463314552110182e-05,-0.0005438308630157364
249.66726560000097,-1.3461541648064386e-05,-0.0005438642563038712
249.71606919999613,-1.344797404546741e-05,-0.0005438987228557062
249.76557660000253,-1.3436502843701145e-05,-0.0005439324170586896
249.81307379999635,-1.3441770085899109e-05,-0.0005437251081442092
249.86617660000047,-1.3362273532114783e-05,-0.0005440804417678471
249.91826800000126,-1.3384279717877339e-05,-0.0005439387472894737
249.96423679999862,-1.3403141441171706e-05,-0.0005437995548097085
250.0100603999963,-1.3399425757855117e-05,-0.0005438476886621682
250.06246999999712,-1.3366542539484615e-05,-0.0005440696047476768
250.10540419999597,-1.3355418015960019e-05,-0.0005440450252092721
250.16204879999714,-1.3356700978585047e-05,-0.0005441047052035522
250.21846799999912,-1.3342086901969518e-05,-0.0005440849236049707
250.26201720000245,-1.332961652168555e-05,-0.0005441589191702017
250.3145943999989,-1.3305102186679139e-05,-0.0005441432325182243
250.36728420000145,-1.3298468382062394e-05,-0.0005441523743555117
250.4134791999968,-1.3317458524854019e-05,-0.0005440446938299037
250.46330920000037,-1.3234842999322152e-05,-0.0005443951227602234
250.50851030000194,-1.323017144728805e-05,-0.0005443885851453295
250.56395650000195,-1.3274148436005366e-05,-0.0005440379146304797
250.6182775999987,-1.3189338066167193e-05,-0.0005444414613320921
250.6637838999959,-1.321303448876913e-05,-0.0005442781954868038
250.70802410000033,-1.3178122226798822e-05,-0.0005444400796040268
250.76440169999842,-1.3207926929948798e-05,-0.0005443248024772932
250.8155248999974,-1.3168103585326826e-05,-0.0005445719494912595
250.8684387999965,-1.314675213138858e-05,-0.0005445627219447548
250.9113115,-1.3173140089873579e-05,-0.0005444489430806462
250.9633501999997,-1.320318470111695e-05,-0.0005442736320316343
251.0139737999998,-1.3123756403844175e-05,-0.0005446570646117671
251.066430400002,-1.3135813137233631e-05,-0.0005444069893568177
251.11042799999996,-1.3109859331462414e-05,-0.0005444553820189177
251.15905460000067,-1.313790258806821e-05,-0.0005442923920473976
251.21366780000244,-1.305444526923461e-05,-0.0005446406373022544
251.26596229999996,-1.3063287773741004e-05,-0.0005444647275266187
251.3090016999995,-1.3091155626211139e-05,-0.0005443444554676394
251.356789999998,-1.3073060145541681e-05,-0.0005445364691614741
251.41276500000095,-1.3023642508892182e-05,-0.0005447541871884153
251.46474180000223,-1.3040398705322576e-05,-0.0005446052066160916
251.51456679999683,-1.3045667390810472e-05,-0.0005445990012742956
251.55721769999946,-1.3053601233282366e-05,-0.0005444786594933103
251.61434799999552,-1.3020690747834378e-05,-0.0005447152151572574
251.66405300000042,-1.3016760458407132e-05,-0.0005444533005838934
251.71050269999978,-1.299216532136899e-05,-0.0005447394679348216
251.76474510000116,-1.2982017594265917e-05,-0.0005447045834783867
251.8083514999962,-1.295394226331694e-05,-0.0005449526770240951
251.86391999999614,-1.295315551487277e-05,-0.0005449633898824734
251.92050010000094,-1.2942183136311472e-05,-0.0005449747632735912
251.9610137999989,-1.3005485932649676e-05,-0.0005447096184785814
252.01495109999814,-1.293305205153428e-05,-0.0005451083794972328
252.0562613000002,-1.291924167646851e-05,-0.0005450954507280663
252.11066230000142,-1.2898619683466368e-05,-0.0005450596157486378
252.16289139999571,-1.2953253936143903e-05,-0.0005447658269442413
252.21407969999564,-1.2890111023023476e-05,-0.0005449326078388924
252.2607394000006,-1.287174933307717e-05,-0.0005449411855996164
252.31061159999808,-1.2868408105782323e-05,-0.0005449696529558665
252.36478750000242,-1.2866384491173107e-05,-0.0005449273201574886
252.41182149999804,-1.2843596508561074e-05,-0.0005450180699707087
252.46781100000226,-1.2805478388789313e-05,-0.0005451672650214675
252.51308649999555,-1.280513429736729e-05,-0.0005452304704623489
252.56551480000053,-1.2835406160161571e-05,-0.000545060107005673
252.60809829999926,-1.2847435371122245e-05,-0.0005449294576421223
252.6648492000022,-1.2815534944377603e-05,-0.000545120086582534
252.71264269999665,0.9465701330514962,0.8832267871114622
252.76675090000208,1.687258537877883,1.771908412671333
252.8063242999997,2.5066334225820603,2.6663113558228093
252.86433360000228,3.409888920561154,3.5187373427492177
252.90914409999823,4.378322701931064,4.321142464026394
252.95782039999904,5.4205864782199695,5.1132961335682285
253.00767590000032,6.442940859994239,5.84980432654588
253.05551249999553,7.494699135392662,6.645808950577738
253.1150162999984,8.310712215405282,6.960962570351972
253.15902659999847,8.91439907935693,6.939873358050322
253.21274989999802,9.065586630539674,6.933622539788484
253.2683526999972,9.053070687472891,6.946110369078198
253.30666239999846,9.03676271673746,6.96261443131497
253.35788840000168,9.026702613746668,6.972991357819674
253.41729459999624,9.026225737295901,6.973442853479899
253.461501699996,9.035160030045962,6.964469921999648
253.5131212999986,9.05359296285144,6.946144959008703
253.55866909999895,9.08282544374171,6.91706634447032
253.61446659999638,9.126717842622188,6.872814184892688
253.66455239999777,9.190740021114163,6.808616164886999
253.70646940000006,8.245844418709718,5.8892754659495425
253.7589009000003,7.325521833702488,5.050870046754571
253.80743860000075,6.395815000081919,4.210999356792844
253.8696545999992,5.471802148155609,3.380769472122905
253.91555089999747,4.540175450644133,2.54844914397269
253.96338549999928,3.597150111083689,1.7370343466839302
254.0139793999988,2.661988427374974,0.9621708996049327
254.06529530000262,2.442162026251701,0.5185015124303778
254.1057249000005,2.5321300305645598,0.15342897028644017
254.1606118999989,2.5993833728750686,-0.2467238145351294
254.21826560000045,1.8981777416229375,-0.13695324383396137
254.2653382999997,1.4091816816771143,-0.14994852374637999
254.31379200000083,0.5484425905297706,-0.06417645161503756
254.36361549999856,-5.5497365814056145e-06,-0.009152040682729953
254.41301949999615,-4.671129327786602e-06,-0.0007432911669404408
254.4646208999984,-2.1322009935451045e-06,-0.000666922412230941
254.506541499999,-9.156729152701161e-07,-0.0006393963616363517
254.55609980000008,-3.7373975025934556e-07,-0.0006287720072622439
254.61327750000055,-1.4022818461980043e-07,-0.0006238723169198738
254.66198279999662,-2.6853130830086777e-08,-0.0006216688398745907
254.7109582999983,2.5916302437446727e-08,-0.0006206714435645975
254.75492320000194,5.192539731529171e-08,-0.0006202274660986923
254.81448049999744,6.695886067837314e-08,-0.0006200028873319966
254.8640099999975,7.688626402220565e-08,-0.0006198791599147953
254.91547990000254,8.435685483484292e-08,-0.0006197998507444528
254.96254699999554,9.049943017211308e-08,-0.0006197400924905516
255.01160040000104,9.579717019656373e-08,-0.0006196889925551572
255.06402140000137,1.004606287048152e-07,-0.0006196417880037781
255.11392219999834,1.0458504062791993e-07,-0.0006195963947146501
255.15733029999683,1.0821631368794622e-07,-0.0006195519001843675
255.20572510000056,1.1137947231186911e-07,-0.0006195079027675464
255.2630921000018,1.1409071465361793e-07,-0.0006194642241068578
255.30531009999686,1.1636227537092405e-07,-0.0006194207834557812
255.36051710000174,1.1820412426654862e-07,-0.0006193775428557915
255.41236370000115,1.196258092585034e-07,-0.0006193344824561008
255.4578349000003,1.206356015083219e-07,-0.0006192915911655812
255.5101794000002,1.212417610753073e-07,-0.0006192488616012499
255.557919699997,1.214524258942301e-07,-0.0006192062874903463
255.6051404999962,1.2127510107273684e-07,-0.0006191638641699338
255.65677300000243,1.2071675881142207e-07,-0.0006191215872435293
255.70683380000264,1.1978467107109717e-07,-0.0006190794518705606
255.75731749999977,1.1848574343897529e-07,-0.0006190374542873716
255.80564040000172,1.168264152085993e-07,-0.0006189955905082613
255.8558567,1.1481308126459095e-07,-0.0006189538567806762
255.9083515999955,1.1245181452689505e-07,-0.0006189122496407204
255.96736650000094,1.0974861019984451e-07,-0.0006188707653913512
256.00725070000044,1.0670937466993037e-07,-0.0006188294008684328
256.05609630000254,1.0333941480321035e-07,-0.000618788152719092
256.1043135,9.964427061257734e-08,-0.0006187470178013976
256.1587421000004,9.562935998639149e-08,-0.0006187059930067248
256.2072326999987,9.129939027027722e-08,-0.0006186650754373918
256.25640349999594,8.66595128990688e-08,-0.0006186242623844542
256.30584239999735,8.171460175184436e-08,-0.0006185835508725146
256.35699999999633,7.646928645861655e-08,-0.000618542938203731
256.4068361000027,7.092780807133947e-08,-0.000618502422013328
256.45524250000017,6.50948406289468e-08,-0.0006184620223075248
256.50515989999985,5.897433652540619e-08,-0.0006184217927100936
256.5557129000008,5.257025925691558e-08,-0.000618381651297677
256.60579719999805,4.588667223948423e-08,-0.0006183415926932811
256.65503960000206,3.8927516765632096e-08,-0.0006183016165743833
256.7042147999964,3.1696600899551135e-08,-0.0006182617213650248
256.7567565999998,2.4197710502016165e-08,-0.0006182219053145678
256.8110932999989,1.643429836663375e-08,-0.0006181821669575183
256.86257959999784,8.409950513773455e-09,-0.0006181425039291008
256.91266899999755,1.283195771862923e-10,-0.0006181029143641411
256.96309779999865,-8.407397000816816e-09,-0.0006180633964640774
257.0081626999963,-1.719397957346445e-08,-0.0006180239483637353
257.0681914000015,-2.6228197391754957e-08,-0.0006179845685865182
257.11607589999767,-3.5506930728989125e-08,-0.0006179452552228424
257.15722590000223,-4.5027037654007266e-08,-0.0006179060064408399
257.2060010999994,-5.4785564973563885e-08,-0.0006178668209082432
257.26378719999775,-6.477985925463011e-08,-0.0006178276971817622
257.31542310000077,-7.500690069057896e-08,-0.0006177886334850402
257.3574079999962,-8.546374719039519e-08,-0.0006177496282526626
257.4131952000025,-9.614823381918076e-08,-0.0006177106803077932
257.4671178999997,-1.070570965212433e-07,-0.0006176717880295062
257.51407800000015,-1.1818814815722425e-07,-0.0006176329502076586
257.5651020000005,-1.295387130896343e-07,-0.0006175941650547911
257.6172254999983,-1.4110644874789145e-07,-0.0006175554318714636
257.6638705000005,-1.528888349257299e-07,-0.0006175167489257278
257.71633830000064,-1.6488364007486996e-07,-0.0006174781151295655
257.7575364000004,-1.7708831068235517e-07,-0.0006174395292950376
257.81350329999987,-1.8950071511997816e-07,-0.000617400990234206
257.8647979000016,-2.0211883278183416e-07,-0.0006173624967702339
257.91395969999576,-2.149401989728085e-07,-0.0006173240478817162
257.9650202999983,-2.2796291521152895e-07,-0.0006172856422474875
258.0155969999978,-2.411845834162625e-07,-0.000617247278812836
258.06827099999646,-2.54603582661393e-07,-0.0006172089566562766
258.11791020000237,-2.6821767029641094e-07,-0.000617170674745302
258.1661882999979,-2.820249145332532e-07,-0.0006171324319030754
258.20944769999915,-2.9602347240169915e-07,-0.0006170942272747254
258.2637762000013,-3.10211423215916e-07,-0.0006170560601164022
258.31549229999655,-3.2458680188115034e-07,-0.0006170179289182032
258.35816859999613,-3.391478098361021e-07,-0.0006169798330028917
258.41368379999767,-3.5389297048414866e-07,-0.0006169417718042544
258.4603508,-3.688203298327665e-07,-0.0006169037440899433
258.51528629999666,-3.839280338095047e-07,-0.000616865749149416
258.5660029999999,-3.9921467243112187e-07,-0.0006168277858280402
258.614934600002,-4.1467853595416015e-07,-0.0006167898538704652
258.6630042999968,-4.303178924307011e-07,-0.0006167519521775696
258.7120511999965,-4.461311542418194e-07,-0.0006167140797279485
258.75879919999716,-4.6211697801765546e-07,-0.0006166762359331837
258.8083727999983,-4.782735429924487e-07,-0.0006166384200605281
258.86498639999627,-4.94599483591879e-07,-0.000616600631266212
258.9129787999991,-5.110934231393956e-07,-0.0006165628691061462
258.961398499996,-5.277538184249945e-07,-0.0006165251324590055
259.01503380000213,-5.445791040342109e-07,-0.000616487421036132
259.0583235000013,-5.615682252551713e-07,-0.0006164497337495069
259.10644989999855,-5.787194834466481e-07,-0.0006164120703659836
259.1658791000009,-5.960314575231699e-07,-0.000616374429819748
259.2071907999998,-6.135032037951655e-07,-0.0006163368116223019
259.2562290999995,-6.311331235414796e-07,-0.0006162992153073514
259.3081792000012,-6.489198733922525e-07,-0.0006162616399312073
259.36199759999727,-6.668626317824458e-07,-0.0006162240852607226
259.41132220000145,-6.8495961125299e-07,-0.0006161865503189011
259.4625243999981,-7.032097903987024e-07,-0.0006161490346394489
259.51612909999676,-7.216119701787162e-07,-0.0006161115378781972
259.55729540000175,-7.401651069833885e-07,-0.0006160740594134209
259.6140634999974,-7.58867657602715e-07,-0.0006160365982570215
259.66259709999576,-7.77718867085039e-07,-0.000615999154353488
259.7120627999975,-7.967172921404283e-07,-0.0006159617269589708
259.7576502000011,-8.158621334083053e-07,-0.000615924315540563
259.8156830000007,-8.351519809054288e-07,-0.0006158869197651977
259.8618129000024,-8.545858687377673e-07,-0.0006158495389223319
259.9108462000004,-8.741628310112893e-07,-0.0006158121724568543
259.9617780999979,-8.938818574230425e-07,-0.0006157748203687649
260.01331840000057,-9.137415823987067e-07,-0.0006157374815256362
260.06605059999856,-9.337414286223088e-07,-0.000615700155927468
260.111831000002,-9.538799861106078e-07,-0.0006156628429303314
260.16354919999867,-9.741562889695721e-07,-0.0006156255420124212
260.2136917000025,-9.9456980429215e-07,-0.0006155882529183861
260.2640257999956,-1.0151190443794886e-06,-0.0006155509749931949
260.30881319999753,-1.0358035318356868e-06,-0.0006155137080814159
260.3568374000024,-1.056621956597576e-06,-0.0006154764515835289
260.4066517999963,-1.0775736192246507e-06,-0.000615439205022138
260.4603369999968,-1.0986574761072677e-06,-0.0006154019682307097
260.51478099999804,-1.1198726279647769e-06,-0.000615364740576417
260.55848010000045,-1.1412182643343702e-06,-0.0006153275218261129
260.6127675000025,-1.1626934859353985e-06,-0.0006152903114912992
260.6654997000005,-1.1842974045894408e-06,-0.0006152531090834779
260.7129749000014,-1.2060293652649135e-06,-0.0006152159145693425
260.76181820000056,-1.2278882133298707e-06,-0.0006151787273493721
260.8156627999997,-1.249873438081721e-06,-0.0006151415469461712
260.8566576000012,-1.2719839181952097e-06,-0.0006151043733042286
260.91689939999924,-1.2942191540699758e-06,-0.000615067205879535
260.9604735999965,-1.3165779910740734e-06,-0.0006150300443834322
261.01227199999994,-1.3390601627539766e-06,-0.0006149928886160802
261.06292029999895,-1.3616642591264443e-06,-0.0006149557378891408
261.10910599999625,-1.3843899249201087e-06,-0.0006149185920471827
261.1557395999989,-1.407236505103385e-06,-0.0006148814509902858
261.2079556000026,-1.4302029560666304e-06,-0.0006148443140301119
261.2629573000013,-1.4532888004139439e-06,-0.0006148071812443765
261.3107591000007,-1.4764930722512942e-06,-0.0006147700521112749
261.36204870000074,-1.4998152164671693e-06,-0.0006147329261756156
261.41278059999604,-1.52325436708761e-06,-0.0006146958031598428
261.4639849000014,-1.5468100023077936e-06,-0.0006146586833304102
261.50991729999805,-1.5704814004827555e-06,-0.0006146215658213436
261.56630759999825,-1.5942679287853715e-06,-0.0006145844504550077
261.61295029999746,-1.6181687212416813e-06,-0.0006145473369205395
261.66182979999576,-1.6421831228201014e-06,-0.0006145102251069171
261.70632260000275,-1.6663107227381125e-06,-0.000614473114703278
261.7649012999973,-1.6905506883284461e-06,-0.0006144360053654529
261.8057547999997,-1.71490247558182e-06,-0.0006143988969269084
261.85644180000236,-1.7393652074220445e-06,-0.0006143617888991465
261.90919349999604,-1.7639386729067457e-06,-0.0006143246814375984
261.9676142000026,-1.7886217396084372e-06,-0.0006142875739649481
262.011642999998,-1.8134142854025877e-06,-0.000614250466314662
262.0610727000021,-1.8383154443152374e-06,-0.0006142133583202068
262.11159419999603,-1.8633245502125713e-06,-0.0006141762496818222
262.16158839999844,-1.8884413255388333e-06,-0.0006141391401774637
262.2066698999988,-1.9136649931379067e-06,-0.0006141020295961887
262.26096490000054,-1.9389947536492134e-06,-0.0006140649175827262
262.31180270000186,-1.9644304183348387e-06,-0.0006140278041703827
262.36329699999624,-1.989971065709673e-06,-0.0006139906887707399
262.41434630000003,-2.0156165958536436e-06,-0.0006139535714504113
262.4654029000012,-2.041365998463798e-06,-0.0006139164519096366
262.5121977000017,-2.0672190070866107e-06,-0.0006138793300373936
262.56350940000266,-2.0931749555882674e-06,-0.0006138422054117975
262.6138183000003,-2.119233455390708e-06,-0.0006138050779662349
262.6592823999963,-2.145393640519974e-06,-0.0006137679473121278
262.70501169999625,-2.1716553444426125e-06,-0.0006137308136382139
262.7556384999989,-2.198017878820347e-06,-0.0006136936764115865
262.80654089999734,-2.2244807995639685e-06,-0.0006136565353657919
262.8658269000007,-2.251043573766425e-06,-0.0006136193908561013
262.91471369999635,-2.277705535293901e-06,-0.0006135822420831544
262.9579775999955,-2.304466562021865e-06,-0.0006135450892245869
263.0069644999967,-2.3313257435674358e-06,-0.0006135079319140249
263.064524100002,-2.3582829244993905e-06,-0.0006134707700959575
263.1132929000014,-2.3853375052972957e-06,-0.0006134336035483399
263.1553142999983,-2.4124889530541002e-06,-0.0006133964318825942
263.2147870999979,-2.4397367126582898e-06,-0.000613359255032107
263.2631446000014,-2.4670805953719526e-06,-0.0006133220731301051
263.3109867000021,-2.4945199572657323e-06,-0.0006132848857991125
263.3652519000025,-2.5220544541704926e-06,-0.0006132476928059826
263.41677779999736,-2.549683453259109e-06,-0.0006132104940285907
263.45747409999603,-2.5774065548512935e-06,-0.0006131732892226877
263.5133111999967,-2.605223436982367e-06,-0.000613136078454887
263.5630378999995,-2.6331336555631215e-06,-0.0006130988613588152
263.6073677999957,-2.661136533357511e-06,-0.0006130616380010855
263.6627671000024,-2.6892318594231612e-06,-0.000613024407948711
263.7069709999996,-2.7174191896708624e-06,-0.0006129871712461006
263.76210600000195,-2.7456981022158646e-06,-0.0006129499276156986
263.81544849999773,-2.7740679975377347e-06,-0.0006129126771463225
263.8593097999983,-2.8025286313874084e-06,-0.0006128754193050656
263.9152399000013,-2.831079659595747e-06,-0.0006128381542695636
263.96028300000035,-2.859720471540087e-06,-0.0006128008817733628
264.01191090000066,-2.888450878482514e-06,-0.0006127636018164634
264.0594673000014,-2.9172703586182064e-06,-0.0006127263140546961
264.11612649999734,-2.9461784456534947e-06,-0.0006126890184436519
264.16205569999875,-2.9751747399080903e-06,-0.0006126517147723886
264.21438739999576,-3.0042591747686105e-06,-0.0006126144031297239
264.26169690000097,-3.033431006385629e-06,-0.0006125770830937733
264.31457809999847,-3.0626899349989297e-06,-0.0006125397547422521
264.3600235999984,-0.7454158278686974,0.3814725983815305
264.41421000000264,-1.309295306850493,0.6173755411151247
264.4629633000004,-1.8654077901812518,0.7918981958551199
264.51511200000095,-2.376910719009331,0.8359548483596504
264.5614329000018,-2.90328644953691,0.817000237087521
264.606048499998,-3.6004350167107195,1.0008137343122783
264.6610522999981,-3.600371168017793,1.0300306181365244
264.7060218999977,-3.6003641817085335,1.056520225755166
264.7575677999994,-3.546425476740678,1.5939065130463552
264.8125074999989,-3.6002574972181316,1.7066131712276846
264.8665733000016,-3.601582006382698,1.9413320593928318
264.91369300000224,-3.601296144103554,1.9445240254368004
264.9684167000014,-3.600942370981512,1.9833846105800663
265.0079839999962,-3.600916761231184,1.8896062646859795
265.0632916999966,-3.6006550868995606,1.7812089195501144
265.11413419999735,-3.6002993894341686,1.6710673840201316
265.1641449000017,-3.6004442240123247,1.6045464262099904
265.2071749000024,-3.6000551705871295,1.4593285042673507
265.26441650000197,-3.6006985725362104,1.9799004389056374
265.31254179999814,-3.601224222812923,2.5918126507482553
265.3669335000013,-3.6004593677836763,3.348467816926289
265.4147521999985,-3.6001610373314117,3.6073237759429895
265.4614078000013,-3.599871416576828,3.6192196712619498
265.51306739999563,-3.600069430896977,3.5999017423083988
265.5658731000003,-3.599836033089941,3.5997774891695493
265.6179190999974,-3.6002655426062478,3.600027711733259
265.66458129999955,-3.5999981966932864,3.599809975510457
265.70629180000105,-3.6003272600239105,3.599804401698584
265.7628474000012,-3.4614186581649693,3.461027895237955
265.81750199999806,-3.194265053275278,3.193793855352331
265.86862649999966,-2.9442800001145835,2.943922870541761
265.9157322999963,-2.714179246903891,2.7142864128592348
265.96414599999844,-2.5038632250393307,2.5037585914233156
266.01867579999816,-2.3104546828563453,2.3104168940488976
266.0634971999971,-2.1325066300507642,2.1326717837094695
266.11646810000093,-1.9687569237200855,1.9686328375884528
266.1658486000015,-1.817367102633728,1.8174276123969666
266.21633389999624,-1.6787473116407023,1.6782277875769274
266.2639952000027,-1.5509016114783347,1.5503501051805098
266.31553780000104,-1.4319277045468413,1.4312569673930722
266.3643577999974,-1.3231223334924456,1.3225558659925287
266.41320599999744,-1.2218478460921396,1.2211525198790902
266.46066869999777,-0.5306573988225275,1.8529322865950872
266.51420430000144,-0.09159568531315085,2.269114474265622
266.56501859999844,0.34878559523764147,2.738653225332542
266.6145940999995,0.8838504994248045,3.296578033602291
266.65857649999816,1.662410950712602,4.152080448707571
266.71548110000003,2.6816439187970613,5.01474418975668
266.7637220999968,3.8732581773418033,5.877000380571681
266.8140379999968,5.278562878910181,6.627908031622047
266.8589334999997,6.5199188754087505,7.369768433325369
266.9151497999992,7.576955955761161,7.858554540920286
266.95672589999594,7.653476374129317,8.223181331386813
267.013764299998,7.574530595140813,8.425263833705968
267.0566189000019,7.584558200976912,8.41459020709167
267.1097251999963,7.5992763808302755,8.400145936270713
267.1570656999975,7.613708243568505,8.386112339200173
267.21401109999715,7.624867839716671,8.374770950058359
267.26737039999716,7.633178505691398,8.366623815933536
267.3148380999992,7.638636413686608,8.361122072518329
267.3638584,7.6423876496871515,8.357607515247002
267.41477009999653,7.645541911457105,8.354444233029547
267.4591722999976,7.647318844410449,8.352666157119746
267.51830340000015,7.646550140177819,8.353438904827241
267.55943729999854,7.6427453859548,8.357251616626868
267.60838669999794,7.63525431983135,8.364732955593688
267.66403680000076,7.622989026058539,8.376997676441855
267.7116237000009,7.6043980635687065,8.395585702098705
267.76796459999605,7.5767651496002575,8.423229935384516
267.81247070000245,7.5353941706058905,8.464581598594215
267.8618465999971,7.471953407361648,8.527966036212902
267.91024079999625,7.368367020851317,8.631529079570457
267.9596894999995,7.181363886160642,8.818105169985612
268.01453369999945,6.251900475823902,7.812538018955329
268.0635131000017,5.363837926025146,6.889862721815367
268.10833499999717,4.4224779572876995,5.9941553872423015
268.16357309999876,3.561594544475752,5.070854602889911
268.2153343999962,2.7040229227353985,4.103910036148322
268.2623292999997,1.7690627139445774,3.420307320952442
268.3160684999966,1.1195385257167845,2.347514319750038
268.3663540999987,0.4668907443275973,3.1845915277145025
268.40921289999824,0.12412255137679037,3.538659951742875
268.46501369999896,-0.3633123368203189,3.59978528239394
268.51377910000156,-0.963262066399191,3.599871986730904
268.55990380000003,-1.6518509778866164,3.5999480593624673
268.6118401999993,-2.446659985482875,3.6000122644300427
268.6568724999961,-3.4712642581576296,3.5995186375108754
268.71656559999974,-3.5998966783723367,3.598926578005279
268.7634706999961,-3.599940495807086,3.5993401899957096
268.81698329999927,-3.600045141029323,3.5967668561979327
268.86023289999866,-3.600039995438031,3.599501513146461
268.91241199999786,-3.599939748038311,3.599764541318496
268.95704780000233,-3.5997831109772833,3.5999505099101445
269.01329489999625,-3.6000166248647254,3.5997749024890933
269.0625729000021,-3.600024283141663,3.599939436264276
269.1111433999977,-3.60039676127347,3.6000257828090296
269.1641286000013,-3.600246875135886,3.5999564148630547
269.21705900000234,-3.6001585970386483,3.5998756508324505
269.26315149999573,-3.60048544769958,3.5998652612767907
269.31383800000185,-3.600294240533408,3.5996601389289307
269.3557454999973,-3.3573134280513197,3.3566519778258868
269.41362110000046,-3.117685441040389,3.1171998603703885
269.46541050000087,-2.8974169447884446,2.897046920035983
269.5135289999962,-2.6967431765982073,2.696675173824055
269.56263359999866,-2.5129927159274557,2.512493728978563
269.60596559999976,-2.3436882945766913,2.3431063366794964
269.66961789999914,-2.1855642926932437,2.1848200471452843
269.7069711000004,-2.039089697267106,2.038713829972554
269.76130539999576,-1.9033570670524484,1.902969242518993
269.8058514000004,-1.777236966326448,1.7765880978704518
269.86692760000005,-1.6601952465019425,1.660253295337091
269.9144565999959,-1.5524735760114146,1.556378815427934
269.96028529999603,-1.4495609992767804,1.4487588611303719
270.00919469999644,-1.3518611393263793,1.3510318595089965
270.0657818999971,-1.2585513344805153,1.257776858567109
270.11447639999824,-0.6258605259320741,2.1293203386414303
270.1665361999985,-0.18063222012924077,2.5820982502384227
270.21379349999916,0.26765978851919764,3.085424690432433
270.2566755000007,0.9444247411368929,3.7317414483430666
270.31468360000144,1.785203357691056,4.5198214435118444
270.36271280000074,2.7905858804032326,5.4019719179769075
270.40855320000264,4.0200863619707,6.24324577234087
270.4562283999985,5.423290208845935,7.063847266570053
270.51290219999646,6.559544392966536,7.7382513749677715
270.5561529999977,5.68115106604507,6.7175715060246945
270.6079755999963,4.91264858178743,5.700561914051007
270.65763129999686,3.969155723574455,4.6962943593303725
270.7112588000018,3.161796165826504,3.726418687782853
270.75835099999676,2.350829107834329,2.765464240064934
270.8068779000023,1.5464809367290953,1.802454482839565
270.85688420000224,0.7126384132137447,0.8750713270691991
270.9126657000015,-2.3429124418349536e-06,0.04011143166366727
270.9566036999968,-6.435905310897269e-05,-0.000599358686782846
271.0152900999965,-5.8550959103396936e-05,-0.0005494378561022557
271.0660723999972,-5.8645182665682864e-05,-0.0005512694438837067
271.1181501999963,-5.900354347337834e-05,-0.000552207333272086
271.1677095999985,-5.930686963773814e-05,-0.0005522031708794331
271.2079582000006,-5.961736846421498e-05,-0.0005520021634465116
271.26376309999614,-5.9931537421731194e-05,-0.000551764059509943
271.3108904999972,-6.0246440281249066e-05,-0.0005515262882072952
271.3652284999989,-6.0560583392599775e-05,-0.000551311528608301
271.41270729999815,-6.0873745688521623e-05,-0.0005511152615168321
271.45679559999553,-6.118599786836374e-05,-0.0005509312229102545
271.5142549000011,-6.149742057820624e-05,-0.000550755627238917
271.56231169999955,-6.180806941836511e-05,-0.0005505862771383068
271.61551920000056,-6.211798062599949e-05,-0.0005504218015162952
271.6642322999978,-6.242718049153752e-05,-0.0005502612775221971
271.70706970000174,-6.273568944325633e-05,-0.0005501040455614119
271.7624211000002,-6.304352355701186e-05,-0.0005499496142048196
271.8140992999979,-6.335069695501443e-05,-0.0005497976057656498
271.86074969999754,-6.36572219824237e-05,-0.000549647722015793
271.9126227000015,-6.396310929807456e-05,-0.0005494997231470766
271.95720070000243,-6.426836911532495e-05,-0.0005493534124834912
272.0151638000025,-6.457301040547082e-05,-0.0005492086265780035
272.0573330999978,-6.487704169450456e-05,-0.0005490652276963449
272.1061819000024,-6.518047106502326e-05,-0.0005489230983880215
272.15855960000044,-6.548330588873434e-05,-0.0005487821377892719
272.21535779999977,-6.578555353803912e-05,-0.0005486422584811347
272.2631324999966,-6.608722067358182e-05,-0.0005485033838804261
272.30524209999567,-6.638831386840321e-05,-0.0005483654462524392
272.35647510000126,-6.668883960603222e-05,-0.0005482283861558329
272.4096806000016,-6.698880374844646e-05,-0.0005480921500223467
272.459047999997,-6.728821224661483e-05,-0.0005479566903788439
272.5125283000016,-6.758707087335005e-05,-0.0005478219639710355
272.5644869000025,-6.788538504671403e-05,-0.0005476879321187514
272.60986939999566,-6.818316000695939e-05,-0.0005475545593059569
272.66338720000203,-6.848040126061888e-05,-0.0005474218134805133
272.7145593000023,-6.877711351555856e-05,-0.000547289665054977
272.7555878999992,-6.907330201151066e-05,-0.0005471580871952575
272.8125213000021,-6.93689712783586e-05,-0.0005470270547548033
272.8665159000011,-6.966412620108368e-05,-0.0005468965450739626
272.9130368999977,-6.99587713092224e-05,-0.0005467665367032264
272.9612197000024,-7.025291104418725e-05,-0.0005466370099694427
273.00630329999694,-7.054654975753206e-05,-0.0005465079466427495
273.0607660999958,-7.083969180150458e-05,-0.0005463793295146899
273.10607439999876,-7.113234126172554e-05,-0.0005462511423760077
273.16012699999555,-7.142450222381566e-05,-0.0005461233707382925
273.2110001999972,-7.171617868457782e-05,-0.0005459960003240761
273.2660321000003,-7.200737481845064e-05,-0.0005458690179439092
273.31701720000274,-7.229809426696559e-05,-0.0005457424112521115
273.36703390000184,-7.258834076064552e-05,-0.0005456161687245681
273.4117791999961,-7.287811811813722e-05,-0.0005454902791147198
273.4647122000024,-7.316742998131914e-05,-0.0005453647321752081
273.51334230000066,-7.345627963697189e-05,-0.0005452395178030034
273.56082310000056,-7.374467090304833e-05,-0.0005451146269053791
273.6149423999959,-7.403260706702292e-05,-0.0005449900504562222
273.66619389999687,-7.43200914142885e-05,-0.0005448657800067352
273.71434220000083,-7.460712740960821e-05,-0.0005447418076632325
273.75792619999993,-7.489371842701923e-05,-0.0005446181257540731
273.81130680000206,-7.517986722056856e-05,-0.000544494726851865
273.86098859999765,-7.54655773427964e-05,-0.0005443716042064521
273.9132027000014,-7.575085163604715e-05,-0.0005442487508678383
273.9658651999998,-7.60356932974162e-05,-0.0005441261609296369
274.01855459999933,-7.632010516890101e-05,-0.0005440038279858616
274.06254679999984,-7.660409009336643e-05,-0.0005438817461301252
274.11353589999635,-7.688765126808126e-05,-0.0005437599100666644
274.1673903999981,-7.717079117977164e-05,-0.0005436383141999549
274.2129679999998,-7.74535129367151e-05,-0.0005435169536117089
274.25801579999825,-7.773581911497595e-05,-0.0005433958231393891
274.312777799998,-7.801771220180076e-05,-0.000543274917931321
274.3674594999975,-7.829919530529356e-05,-0.000543154233813066
274.41495739999664,-7.858027082353608e-05,-0.0005430337660106651
274.46616789999825,-7.886094133293964e-05,-0.0005429135104051911
274.5142338000005,-7.914120931936296e-05,-0.0005427934628777163
274.56804620000185,-7.942107727039954e-05,-0.0005426736195091534
274.60649379999813,-7.970054776176676e-05,-0.0005425539765025399
274.6626815999989,-7.997962327984381e-05,-0.0005424345299942994
274.70518979999906,-8.02583060457706e-05,-0.0005423152765982518
274.76356130000204,-8.053659819065494e-05,-0.0005421962125507411
274.8135131000017,-8.081450264531213e-05,-0.0005420773348874718
274.85599619999994,-8.109202118696638e-05,-0.000541958640144548
274.91520409999794,-8.13691565682769e-05,-0.0005418401254686966
274.9669112999982,-8.164591047695615e-05,-0.0005417217873849194
275.00659129999985,-8.192228522209458e-05,-0.0005416036231953746
275.0655179000023,-8.219828320212083e-05,-0.0005414856300356868
275.1067378000007,-8.247390637102743e-05,-0.0005413678050303783
275.1633825999961,-8.274915686009566e-05,-0.0005412501456814472
275.2099320999987,-8.302403688994503e-05,-0.0005411326492688473
275.2574711999987,-8.329854814811456e-05,-0.0005410153129948164
275.3088232000009,-8.357269303268595e-05,-0.0005408981347832376
275.3645993999962,-8.384647340883389e-05,-0.0005407811121139045
275.41758839999966,-8.411989123055092e-05,-0.0005406642425332242
275.464873500001,-8.439294836318517e-05,-0.0005405475237652397
275.51670419999573,-8.466564684902659e-05,-0.000540430953500687
275.564438399997,-8.49379885537703e-05,-0.0005403145299632091
275.61521679999714,-8.520997516478181e-05,-0.0005401982506103955
275.66696899999806,-8.548160881368935e-05,-0.000540082113710298
275.71247729999595,-8.575289109938752e-05,-0.0005399661170313688
275.7638489000019,-8.602382388653057e-05,-0.0005398502586751261
275.81102020000253,-8.629440895199581e-05,-0.000539734536709782
275.8631804999968,-8.656464798314871e-05,-0.0005396189494811042
275.91716109999834,-8.683454293398185e-05,-0.0005395034949573843
275.9630440999972,-8.710409522558065e-05,-0.0005393881714732883
276.01152790000197,0.5066839959826549,-0.36066760490875377
276.0646590999968,0.8352951281301682,-0.6013988632779621
276.11271889999625,1.1573552135013407,-0.7961891650706616
276.16444369999954,1.572784187411104,-0.9740369017770726
276.2111281999969,1.9937184221081963,-1.1970778870880694
276.26498100000026,2.1314228644561077,-1.8269708266141567
276.31334739999875,2.0012781071410086,-2.000761774246173
276.364665699999,1.8540501657349417,-1.9498878835640348
276.41378619999887,1.712484202554656,-1.8210911731622093
276.4653055000017,1.5786539483333117,-1.6354742491799983
276.507938499999,1.4566388219230306,-1.4573098999005782
276.5625347999958,1.3468995255885028,-1.3475563482730193
276.6067949999997,1.2474008611021843,-1.2474759874358952
276.6640286999973,1.8129958496602614,-0.5703290992792788
276.70718990000023,2.2200786282950284,-0.05095276464772581
276.75676609999937,2.689693824358013,0.35614214832138147
276.81284949999826,3.2307942985024183,1.0213903991080817
276.86657630000263,4.07277983620979,1.7424458364655482
276.91582200000266,5.00465797179086,2.6621862802934686
276.96323680000205,5.915828208485953,3.797397839104277
277.0068428000013,6.70755685787884,5.06876763794475
277.05610290000186,7.4367239672431635,6.396856490841122
277.10604729999613,8.05445906155477,7.500318772153074
277.1570492999963,8.394899920919936,7.49796767804864
277.20613030000095,8.522943657937127,7.4770061946223985
277.2555231000006,8.540781931827407,7.459044807908248
277.31436749999557,8.564267277282609,7.435481147198769
277.37061150000227,8.599082225589433,7.400895370030948
277.41246610000235,8.651103859971927,7.348874726382792
277.46490330000233,8.729506582773306,7.270282914844142
277.5140055000011,8.854202107006923,7.1454547455709045
277.55971780000255,9.064333363154729,6.935360321336725
277.61394239999936,8.176944444986109,6.000208791987691
277.6582544999983,7.284021466050658,5.096534310942785
277.7115713999956,6.386134452186848,4.215595774252734
277.7650036999985,5.469429000142719,3.3738837750543635
277.8085043999963,4.530372355867983,2.5518181112189318
277.8638176000022,3.5937749235050958,1.7356513753311156
277.9110734999995,2.661808437417362,0.9463572627802903
277.9632868999979,1.710711075285972,0.18476003202375807
278.0134453999999,0.9664712312026951,4.4340756755230805e-05
278.06285950000165,1.7020829330033043,-0.25400172127266496
278.11576120000245,2.206697687641354,-0.4767895321850526
278.15749060000235,2.687515585183568,-0.8342504004744037
278.219955499997,2.9450646838835706,-1.4060502071150078
278.26706710000144,3.300404380750014,-2.432213651395347
278.3133149999994,3.60003668202802,-3.3181769949366524
278.36340599999676,3.600087722821941,-3.6544938615548617
278.4146594999984,3.599167285084773,-3.6011278576285446
278.46460909999587,3.5996231124454536,-3.601303504869056
278.51217539999925,3.599710870779504,-3.6004794760422842
278.5615517999977,3.5999657287103584,-3.6001664871154637
278.60914709999633,3.5999651820732264,-3.599958660290647
278.6660239999983,3.5997951535988673,-3.599995264180698
278.71121960000164,3.6000266446335054,-3.600415983496266
278.7632536000019,3.5997356484217153,-3.600201879723018
278.81287870000233,3.5996110853059817,-3.5999798827797274
278.8662477999969,3.5999593370068013,-3.600271907141797
278.91411869999865,3.4443032064334145,-3.444501089256692
278.96134139999776,3.203738929101429,-3.203995697489027
279.0122986999995,2.981396358198875,-2.9818810894753183
279.0675121000022,2.7802097687741307,-2.780414419123812
279.1103720999963,2.5948380678757963,-2.594942210721213
279.15885490000073,2.4245121728440107,-2.424629574785855
279.2145090999984,2.2654533174000444,-2.266042724717469
279.27089479999995,2.1188276604818417,-2.119222948769454
279.31333469999663,1.9834635742133255,-1.8726906899953044
279.359623700002,1.8555265712360522,-1.8558973913288668
279.40991299999587,1.737635697631531,-1.7394365516473709
279.4623530000026,1.6256301035301446,-1.6264002034988208
279.50857720000204,1.522397567734271,-1.5229198263017139
279.56532300000254,1.4210446828130003,-1.4047312467758137
279.60796119999577,1.3227995701953978,-1.320172114144546
279.66136279999773,1.2281275546378752,-1.2274817569112308
279.7111193000019,1.972961261882134,-0.6523252531116803
279.7631728999986,2.386713495364428,-0.25703588177025627
279.8123245999959,2.8140698277167115,0.1223773671150915
279.85738339999807,3.3348434198640886,0.5615249690738144
279.9173607999983,4.076656025959064,1.2179587697661973
279.9631298000022,4.988647797828944,2.0687987243268386
280.0135297000015,5.919425433258326,3.0933778410132686
280.05835990000196,6.885314962695482,4.4182752929117175
280.11666069999774,7.592998355064072,5.683361100027907
280.1648162999991,6.201184630598631,4.967296463390917
280.21662710000237,5.18316444762242,4.191661041312881
280.2603739999977,4.1548077432799255,3.4037612811080513
280.3127616999991,3.1275478548416755,2.610498943136046
280.36711939999805,2.10013083444326,1.820613365116357
280.4077021999983,1.0744373832839123,1.0245868542178433
280.46563120000064,0.05818008248764085,0.24216436827954158
280.51378880000266,1.50135820220635e-05,-0.000662700042865655
280.5653278999962,6.840960686822057e-06,-0.00022776332148114576
280.6116478999975,-1.230395313412967e-05,-0.00028961667151198125
280.6653871000017,-9.448286419919398e-06,-0.0001563938845540652
280.7131412000017,-5.57485799746412e-06,-0.00013182061072715867
280.7600231999968,5.121620905162102e-06,-9.77356193755203e-05
280.8142166999969,-1.0722432897135358e-05,-0.00017461569812322943
280.8642596999998,-4.465831926485263e-06,-0.00011542161878497251
280.90639640000154,-1.1849521053275096e-05,-0.00018126560946704157
280.96327310000197,-1.76868673929126e-05,-0.00022659184077980987
281.0133838999973,-4.315079071841071e-07,-8.109344811221101e-05
281.0632962000018,-9.137513412590931e-07,-7.623258908580523e-05
281.1083110999971,-5.215421705622474e-06,-0.00012685336836527794
281.1587849999996,-1.0925590920872702e-05,-0.0001667227182979336
281.21788509999897,-1.4220363386842806e-05,-0.00019864220028885897
281.2628055000023,-2.5122711577752566e-06,-0.00011774813936116524
281.31139560000156,-1.878752655672435e-05,-0.00024892435781549623
281.3619034000003,-1.8597765827372006e-05,-0.00022947157740675167
281.41497259999596,-3.6135931580393963e-06,-9.735836934430611e-05
281.45614589999605,5.476507247697534e-07,-5.005456845679377e-05
281.51285749999806,2.6145866582917753e-07,-5.754052979650465e-05
281.555271600002,-9.011563095748114e-06,-0.00018333337505912852
281.60670329999994,-1.527963632287636e-05,-0.000297248611003489
281.6634346999999,-1.4080485533098424e-05,-0.00023681573322358742
281.709142300002,3.4890047184741965e-06,-4.074064671181613e-05
281.76253700000234,-2.033781354439841e-06,-0.0001116149653258532
281.8124214999989,-1.9184052468829975e-05,-0.00023401419870809883
281.86784980000084,-1.938621729815172e-05,-0.0002506644819269704
281.90613909999956,-6.615352210476623e-06,-0.00010387901510099309
281.9603389999975,-5.647746714748245e-06,-0.00019366328034585258
282.00548790000175,-1.185684822547741e-05,-0.00020504568574186734
282.05884890000016,-6.8435707656418e-06,-0.00012202215005097858
282.11216330000025,-2.6585687762394648e-06,-0.00010899927153095639
282.1645611999993,-1.6952346149083815e-05,-0.0002647562098448814
282.20683519999875,-4.972395073470441e-06,-0.00012763852846887897
282.2584321999966,-5.359339638749007e-06,-0.0001237864071691558
282.3061710999973,3.580312490928309e-06,-0.0001349867663426261
282.3571505,2.291966927361197e-06,-7.070617155109288e-05
282.40643550000095,-9.527636513082314e-06,-0.0002535886585278357
282.4642335000026,-1.6220353826771678e-05,-0.00024018380057083541
282.5155031999966,-1.7096177940005866e-05,-0.00023101220455483187
282.5629905999958,6.667452145953614e-08,-6.31294875930751e-05
282.6074998999975,-6.092293824982988e-06,-0.0001674084265991857
282.6594724999959,-1.4783186930169691e-05,-0.0002174120249611907
282.7088554000002,-1.732146120982293e-05,-0.00024069591702008343
282.7646852999969,-1.3504628293427103e-05,-0.0001734839160773679
282.8127405999985,-1.1559332513410543e-05,-0.0001644515436273768
282.8620532999994,-4.496559746773525e-06,-0.00010513179560255379
282.9152627000003,-1.56898924630476e-05,-0.0002183374002375981
282.96378189999814,-1.5673084785575557e-05,-0.00021790424603620166
283.01367010000104,-1.176214159405124e-06,-0.00017492478389132077
283.05844480000087,-1.7002158703165397e-05,-0.00022927390070951796
283.1167118000012,-4.590464630642455e-06,-0.00010451503128515716
283.158471499999,-9.251469457191666e-06,-0.00019667983911529873
283.21394119999604,-8.421317643233396e-06,-0.00015000312760819542
283.25621339999634,-9.273981316235246e-06,-0.00021145738895468196
283.3071312999964,-1.7165586196925628e-05,-0.00026604667294792675
283.35848579999583,-7.858806094780891e-06,-0.000162075824850115
283.40642880000087,-1.3644811402992102e-05,-0.000177619312214013
283.4557330000025,-1.1521836029714733e-05,-0.0002403277051035701
283.51171339999564,-6.795119666953084e-06,-0.00015472715033675383
283.5617990999963,-1.502266222531946e-06,-7.133240412799924e-05
283.61441580000246,7.239258859044118e-07,-5.069780887328127e-05
283.6643754999968,-1.5492930050001403e-06,-9.057062533299408e-05
283.7134309999965,-7.6021840489451155e-06,-0.00018348272221599236
283.76449480000156,-1.2173195285136695e-05,-0.00022408262385667594
283.8067929999961,-5.789290558061148e-06,-0.00012620690181831644
283.86545430000115,-1.1079575390492514e-05,-0.0002069263802420038
283.9130092999985,-1.0936554417649807e-05,-0.00022141682705114864
283.9624620999966,-2.6974156242001276e-07,-7.877020877796335e-05
284.005891599998,-1.1705222868762627e-05,-0.00020919726684299282
284.0564302999992,-6.777409655717774e-06,-0.00010865685855520482
284.1109107000011,-1.0035448783094731e-05,-0.00021588957608311102
284.1575881000026,-6.437406874232636e-06,-0.00016328414673710834
284.2074014999962,-1.7366976567972087e-05,-0.0002956209931518784
284.2655317999961,-7.069880370031748e-06,-0.00014406460251429248
284.3060489999989,-7.107931532252892e-06,-0.00014476350844742079
284.35487119999743,1.0670809236233693e-06,-6.263357821284756e-05
284.4116198999982,3.194901565531502e-07,-0.00015946317714082378
284.461994199999,-1.722532416705182e-06,-8.66653985354942e-05
284.5070590999967,-3.2328889232354203e-06,-0.00010735779744096852
284.5655273000011,-9.0685799980588e-07,-7.962077830388728e-05
284.6164415000021,-1.202825171687778e-05,-0.00019475588869409503
284.6556397000022,-1.0491308755087967e-05,-0.0001498031974468798
284.7147569000008,-2.1983534437295408e-06,-0.00011025142573350449
284.7641936,-2.9748032925907406e-06,-8.49565050643174e-05
284.80704649999825,-7.412463343132807e-06,-0.00015983604005914283
284.86411229999794,-8.394867478952328e-06,-0.00016067120217638477
284.9131427999964,-1.0581916243267066e-05,-0.00013781549416127828
284.958921999998,-5.257284640962986e-06,-0.00012143998465730799
285.01345249999576,-2.218814953993473e-06,-9.950385448940805e-05
285.05934349999734,2.2029942203813987e-06,-5.991587713755064e-05
285.10679739999614,-9.764038899637841e-06,-0.00024046384792281066
285.1657215000014,-1.3945635268809912e-05,-0.00020256928043882143
285.20542320000095,-8.11002642820596e-06,-0.0001570820709952328
285.2650133999996,3.255629099644016e-06,-4.9532932078256746e-05
285.3060802999971,-3.621594613093489e-06,-0.00011875557048857519
285.3549722000025,-6.128707708003025e-06,-0.00011551051890557099
285.4149008999957,-1.833496026117381e-05,-0.0002215705113164627
285.4653704000011,-2.193915489281163e-05,-0.00026360007261448345
285.511579500002,-1.4786351876252684e-05,-0.0002050409717015981
285.5576050000018,-6.127413243467462e-06,-0.00011241775701453509
285.61168899999757,-4.711009238271678e-06,-0.00010401862949881372
285.6624595999965,-3.200504272718587e-06,-9.933416571526469e-05
285.70750450000196,-1.0899557811870828e-06,-7.819117946457715e-05
285.75998940000136,-9.105624698699199e-07,-6.989541833097694e-05
285.80563619999884,3.2454589571380797e-06,-3.895717132222047e-05
285.8624150999967,-6.294671006662653e-06,-0.00020632147370603035
285.91568030000053,-9.699465619581403e-06,-0.00025277454240887085
285.962160199997,-1.2797564519229632e-05,-0.00019385794106672866
286.0139433000004,-1.1073244066138828e-05,-0.00018137256647695718
286.0608210999999,-3.755742117309643e-06,-0.00011065567158141192
286.1165041999993,-7.673831481376556e-06,-0.00016758992593696726
286.1634161999973,-1.562244403842429e-05,-0.00020584425420877727
286.2125335000019,2.1405341055233436e-06,-0.00015124915450097294
286.26178580000123,-6.32322513239323e-06,-0.0001382290465092008
286.30728269999963,5.721332163593704e-06,-0.00012381791613126197
286.36457710000104,-4.377157170058583e-06,-0.00021332294196675503
286.4066049999965,-1.6396361601793085e-05,-0.0002466379918966791
286.4570489999969,-2.3443824659374058e-05,-0.00028466733886824944
286.5060392000014,-1.2775282298716467e-05,-0.00022589382612262323
286.56618570000137,-1.2013350181316715e-05,-0.00019820933520064044
286.606855500002,-1.7921673833870226e-05,-0.00023114606028133496
286.65581609999936,-1.1635589691760303e-05,-0.00016873538012402575
286.7112760000018,-6.4709869462890045e-06,-0.00012588157939376137
286.76075480000145,-3.3751041961269267e-06,-8.454162852008677e-05
286.81319149999763,-3.584863594866468e-06,-0.00011613109975894377
286.86332499999844,-1.0453355991933495e-05,-0.00016408288208164088
286.90812220000225,-6.9191271379117285e-06,-0.00014650327480062654
286.96546639999724,-2.0941784484326473e-05,-0.0002460006733876001
287.0158173000018,-6.719417910978082e-06,-0.0001344411877492116
287.0579840999999,-1.902808306477112e-05,-0.00026513496377310276
287.10694440000225,-1.772599561579662e-05,-0.0002646036677770151
287.16392839999753,-4.3925675985474455e-06,-0.0001149297266912484
287.2134223999965,-4.51813900737419e-06,-0.00013652968295932034
287.26273930000025,-4.689824084640295e-07,-9.317421660890375e-05
287.3113295000003,-8.027980613619175e-07,-0.00010924586834059546
287.36203479999676,-3.322728758806373e-08,-8.052928204279377e-05
287.41238809999777,-1.557619097038196e-05,-0.00024570345947856
287.46442039999965,-2.238097920328294e-05,-0.00027809419547198793
287.5160715999955,-1.2492978163092518e-05,-0.0001837181552335185
287.5588779000027,3.909435430941248e-06,-0.0001404468645606343
287.6123305000001,-6.232302363079596e-06,-0.0001548105563521815
287.66399719999754,-2.7423104675985926e-06,-0.00011861055936324521
287.7106558000014,0.36928158773125436,-0.4672289201735363
287.7629839000001,0.5865015910227722,-0.8323353219094702
287.80857300000207,0.7728363168050993,-1.1537294853009132
287.8566734999986,0.9595808706888945,-1.4331914060780164
287.90992169999663,1.158659737729448,-1.623203383617929
287.95717680000234,1.511162286909413,-1.7289205303685495
288.01757550000184,1.9271770992973027,-2.2539194647011342
288.0630394999971,2.274766668584709,-3.019128906261489
288.1122194999989,2.4509848702104784,-3.6330116261291114
288.165971800001,2.4115032450063336,-3.7059305529455795
288.20681180000247,2.4428012044434317,-3.5166449335710483
288.2604122999983,2.3831079864201423,-3.2760717487252746
288.3077721000009,2.4617432802387147,-2.9985602899909645
288.36183080000046,2.7913500790014214,-2.7921453492554003
288.4165509000013,2.5885741057419223,-2.5887507399754646
288.46972619999724,2.387728992743876,-2.3877705398018434
288.5167481999961,2.1973387411863112,-2.1975582883404012
288.56685289999587,2.0218744509857824,-2.022174618379484
288.61209589999635,1.8612503223991457,-1.8614213881963222
288.6592918000024,1.7155703472070174,-1.7156734498855084
288.7127113000024,1.5810702956176164,-1.5815785968841194
288.76372529999935,1.4583186579629932,-1.4588847804474394
288.8153097999966,1.3450211906189025,-1.345636660845151
288.8595437999975,1.2408636016798735,-1.2416346964936946
288.9202057000002,1.817924573777196,-0.35847648707455537
288.96081609999965,2.2031436842529004,0.09304993180374886
289.0159201999995,2.713748931034737,0.38073947958507376
289.05918640000164,3.260979648489431,0.8247062672019835
289.1133953999961,4.134003783988885,1.5584319962964972
289.1585769000012,5.015319307371523,2.4536144580524883
289.2151670000021,5.957736374057414,3.5488855215333053
289.26473709999846,6.7466802315821,4.837680431817671
289.30864859999565,7.414863133895994,6.101163430399847
289.36388140000054,8.110659514023482,7.25608968025962
289.40657980000105,8.267481512125464,7.732469416358214
289.4588369999983,8.247810437323333,7.751740604146658
289.51531539999996,8.233386559870937,7.766229466721548
289.5629314999969,8.219142093343939,7.780474504063184
289.6110058999984,8.205023945762992,7.794281949631973
289.66261710000254,8.192624958299259,7.807218713770901
289.71597720000136,8.18127263686372,7.818469316112085
289.7591001999972,8.170835198494581,7.828934876498576
289.80994729999657,8.160842807332596,7.838822592116586
289.8621423000004,8.15163160616454,7.84796736024796
289.9086901999981,8.143299034692431,7.856467099019547
289.9720157999982,8.135340438670738,7.864056359400564
290.01540089999617,8.128227176404867,7.871396694839617
290.06467890000204,8.121452822587973,7.878069723592436
290.10665380000137,8.11529904879773,7.884400241965902
290.15895119999914,8.10985330070976,7.889967989712859
290.20595270000194,8.104408744881901,7.895003786816249
290.25749540000106,8.099896632394138,7.899853688711172
290.31519509999634,8.095490016221683,7.9041315324790276
290.3650789999956,8.091362665583302,7.908000870633241
290.4149716999964,8.087988438206692,7.911684078178729
290.45698889999767,8.084753717122934,7.914773221903373
290.5148150000023,8.081973500466848,7.91765137132597
290.5640851999997,8.079458178295583,7.920204897977802
290.60692669999844,8.077127051607366,7.922334525787468
290.6629069999981,8.075313805333519,7.9241346913106945
290.70691929999884,8.073760639207586,7.925642132597327
290.76635220000026,8.072769717850361,7.9270077906298555
290.8068607000023,8.071742382396668,7.927633274943674
290.8636442999996,8.07190510638157,7.927848913398581
290.90832869999576,8.07189206314258,7.9276377926198895
290.95987869999954,8.072800639413856,7.9268635565438
291.006713099996,8.074417194208657,7.925311039558869
291.0643956999993,8.076881080254543,7.92275862119033
291.114582299997,8.080737117637831,7.919017708181067
291.15662039999734,8.086484310342556,7.913370907064875
291.21478059999936,8.094964096900927,7.904772809880389
291.26536040000065,8.10782109869356,7.892033166116872
291.30554380000103,8.12836702678493,7.871202847617241
291.36555470000167,8.165883229578919,7.833791202617345
291.4145248999994,7.225840636669024,6.910867504836278
291.4670498999985,6.3195476406371185,6.059237009649018
291.5137625999996,5.415075394436504,5.192274759936773
291.5625560999979,4.483765381738991,4.33367792697566
291.6137729999973,3.575433849320726,3.500752174985324
291.6595856999993,2.636078630305951,2.6411073143836377
291.7135761000027,1.7110728462017097,1.7892996784787332
291.75692459999846,0.8120088046750517,0.9139437360400076
291.8056921000025,1.1301022871083306,0.7102721194532541
291.8588865999991,1.4064147581884703,0.4680561087633997
291.91728839999996,1.739277348629627,0.23516081015086596
291.9617577999961,2.112934769662284,0.028846560926943182
292.0129472999979,2.5455538150000097,-0.25321780725226284
292.06452210000134,2.9952940021873635,-0.6778642503830774
292.1155968999956,3.474491624617352,-1.9510677092557915
292.1619946999999,3.5997280017633777,-2.778626604614717
292.2144313000026,3.599748052797028,-3.600296596419462
292.26244869999937,3.6000210794798146,-3.7010943107923695
292.31454069999745,3.6000908584502374,-3.6393948949681296
292.3643080999973,3.599761049919061,-3.600336554897137
292.41100749999896,3.5995816749890013,-3.6001838122004366
292.4595207999955,3.599697908629427,-3.6000102668057528
292.509928200001,3.5999123749768676,-3.6004079282874537
292.5640996000002,3.5996183429362936,-3.5999542864479825
292.61370149999857,3.5998596467086874,-3.600180651135331
292.6622667999982,3.5996938045652005,-3.600006930274236
292.7157259000014,3.599626842041987,-3.6000426810625274
292.7589841000008,3.599653149127697,-3.600288820642629
292.8120498999997,3.6000058185795654,-3.600385533800167
292.86335519999557,3.600022617086727,-3.600243938221212
292.90526169999794,3.6000692763600606,-3.600454231343152
292.9638791999969,3.599655323063344,-3.5999534345575093
293.00587919999816,3.352628058321839,-3.3532877585338046
293.0633020999958,3.1137278890731954,-3.1143787264402456
293.1109348999962,2.8954435066919704,-2.8957923623733937
293.1571081000002,2.6951567726526213,-2.6954623419798165
293.2127612999975,2.5107044146874515,-2.5112141576116898
293.2649703999996,2.3403177877444357,-2.340402903035895
293.3137014000022,2.1826613975904983,-2.1827512137538174
293.357273499998,2.0376891488402706,-2.0377820888566296
293.41481249999924,1.8962904494970987,-1.8969367859156399
293.45885519999865,1.7615263401929762,-1.7620326293101438
293.51096079999843,1.6366620455894094,-1.6372003656550362
293.5566439999966,1.5207930564201482,-1.5215270206582325
293.6168059999982,1.412596893627824,-1.4130292546670442
293.6563696000012,1.3110592313771,-1.3113149374041102
293.70557089999784,1.2106367611430706,-1.2109184081166235
293.764231299996,1.8644470718115143,-0.41475180145365786
293.8174024999971,2.287408017245983,-0.028483356500552528
293.86485600000015,2.7420191911317353,0.3294555297881749
293.9133717000004,3.2969438288158996,0.7228383887588224
293.9636404999983,4.023886429341438,1.2858446096490508
294.01619019999634,4.903178671794015,2.09197172921024
294.0637731999959,5.81011853409441,3.1675410190010376
294.1122907999961,6.639932160471761,4.453258162729785
294.1569948999968,7.327083280839412,5.693807686173214
294.2127620999963,8.003992046241255,6.930840392168871
294.2583577999976,6.970661832482983,6.078787994200255
294.3068359999961,5.962930439656988,5.33893508926028
294.3637260999967,4.946873518681332,4.568032875512198
294.40829929999745,3.9373572340361753,3.7870444393628206
294.46291180000117,2.933910136131041,3.016249328906434
294.505788399998,1.9719799113015304,2.193527437836319
294.56359019999945,1.0757923607532556,1.3237454009078191
294.6061403999993,0.19252355984580913,0.44611734790247
294.6631406000015,-0.0004945410251987014,-0.0001328571414550757
294.71217030000116,-0.0003786308925507618,-0.00030829230147673414
294.75861520000035,-0.00033218112026657217,-0.0003564042066811067
294.8137324999989,-0.0003250297307748563,-0.00038592770047533235
294.8609271999958,-0.0003175222163757988,-0.0003913230455127542
294.9155649999957,-0.00030885947291987967,-0.00039343264779451257
294.9649664000026,-0.0003150666175071043,-0.0004017360829784127
295.0127993999995,-0.00032503519372716907,-0.0004081099118209301
295.060730600002,-0.00030253774179239885,-0.0003884386116876228
295.1146260000023,-0.00030501211130169053,-0.0003943339827900441
295.1598293999996,-0.00030985278569635786,-0.00040186796317406604
295.2143530999965,-0.00030963488706388663,-0.0004041301120534011
295.2642876999962,-0.0003020150505687611,-0.0003892041204107023
295.31018709999626,-0.0003155281537829695,-0.00040624714879931514
295.36261979999836,-0.00031666355888624166,-0.000406570640887988
295.4115047000014,-0.00030590884807541797,-0.00039303878625113176
295.4577386000019,-0.00030298239309706497,-0.0003891236990411383
295.51966679999896,-0.0003130748169492788,-0.0003966022649965584
295.5632830999966,-0.00030597348982292844,-0.0003937223499234662
295.6133809000021,-0.000303364433218826,-0.00038901904534431836
295.6616847999976,-0.0003086584736470979,-0.0003981612360710186
295.71025859999645,-0.0003082184523166136,-0.00039726009005765033
295.760941499997,-0.000306025532160035,-0.0003931453279377163
295.8127583000023,-0.00031554733510616597,-0.0004036103198219203
295.86432120000245,-0.0003037571721157861,-0.0003893895483614746
295.91549819999636,-0.00030823998522540297,-0.0003990322665076876
295.9634479000015,-0.0003122863323494431,-0.00040364251843236497
296.0106789999991,-0.00030247710927117273,-0.0003890741248297355
296.06185829999595,-0.00030535642583413234,-0.00039606185007263497
296.11450440000044,-0.00032683746402683986,-0.00042457201134897267
296.1626075999957,-0.0003021490728842292,-0.00038899608084734755
296.21411459999945,-0.0003024884892348108,-0.000389711467819233
296.2643390000012,-0.0003193295576857478,-0.00041019450085565964
296.3059749000022,-0.0003233043818555622,-0.0004111452364348152
296.36523950000264,-0.00030727594277952863,-0.0003970965608008473
296.40743819999625,-0.00030220669722286333,-0.0003900036127052943
296.4612030999997,-0.000321113358614941,-0.00040980180086091383
296.50746190000064,-0.000309991052871845,-0.00040474965407109084
296.55765170000086,-0.0003056194484267277,-0.00039509509212116165
296.6143327999962,-0.0003088833207991067,-0.00040090946223988484
296.66483799999696,-0.0003024303773639398,-0.00039028068917817163
296.7069905000026,-0.00031525918839967013,-0.00039561152007711763
296.7580031999969,-0.0003232569120385959,-0.00041753962510894825
296.8180747000006,-0.00032328768119248746,-0.0004090598053958415
296.86015220000263,-0.0003028402688180524,-0.00039118008166088577
296.9131234000015,-0.00031679790661918046,-0.0003980447258029182
296.9659554999962,-0.00030717297727673776,-0.00039509000969779065
297.01415180000186,-0.00031265870915661115,-0.0004054334825316166
297.06045939999603,-0.0003053482596885948,-0.00039502879190029253
297.1167165000006,-0.0003234294342129206,-0.00041583482195474197
297.16381839999667,-0.0003059996463887307,-0.00038971726121832685
297.21424889999616,-0.00032517667132347434,-0.0004171551466043579
297.2644011000011,-0.0003054471929168713,-0.00039135343259449396
297.3130850000016,-0.0003077052358805969,-0.0003956818762535582
297.3654142000014,-0.00031028079310365254,-0.0003998189002103107
297.41288370000257,-0.00031927600923118825,-0.00041082659256796647
297.461212299997,-0.0003041953751563074,-0.0003912468029560415
297.5139684999958,-0.0003169594377076858,-0.0003964879928603601
297.5648693999974,-0.00033631656997148236,-0.00042250912120137446
297.6078048999989,-0.00031095890621376246,-0.0004040250396248651
297.665911899996,-0.00031539904900054885,-0.00039586956062160575
297.7138827000017,-0.0003275429302900259,-0.0004169113937531205
297.7626170000003,-0.00031828320706848344,-0.00041200960350162857
297.8111226999972,-0.0003131301222762636,-0.0004065237387502586
297.8641916999986,-0.0003297253883820568,-0.000418914597855723
297.91277329999866,-0.00031505022106734275,-0.00040384888928610477
297.9640670000008,-0.0003025465144527748,-0.0003879154527492288
298.0156633000006,-0.0003038245241286421,-0.00038921618108538346
298.0653714,-0.00030396973138597177,-0.0003892357086538347
298.10972870000114,-0.000303997453910248,-0.0003891672917261557
298.15678379999736,-0.0003040125933110921,-0.0003891435151010424
298.2076199000003,-0.0003040188119145021,-0.00038913230499042483
298.26151910000044,-0.0003040214245690393,-0.00038912634101666554
298.3149082000018,-0.00030402276879377076,-0.00038912205396817156
298.3603523999991,-0.00030402374390265334,-0.00038911830797576635
298.4091552999962,-0.0003040242093081452,-0.00038911495688969105
298.45668529999966,-0.00030402476872732286,-0.0003891119463090174
298.51742679999734,-0.00030402505855104344,-0.00038910922874950675
298.56393659999594,-0.0003040255488699401,-0.000389105870558004
298.6146738000025,-0.0003040258784285427,-0.00038910319625278227
298.6581322999991,-0.0003040262618551665,-0.0003891001529760405
298.70965389999765,-0.0003040267772095923,-0.0003890967674397448
298.7647195000027,-0.00030402721950024085,-0.0003890938577450373
298.8135423999993,-0.0003040275992076175,-0.0003890907912313278
298.86383829999977,-0.00030402782661459964,-0.00038908804027630844
298.90739929999836,-0.0003040282192116656,-0.00038908456333535107
298.9654193999959,-0.0003040285149528749,-0.0003890819186064706
299.0133624000009,-0.00030402895285814246,-0.00038907842363549144
299.0610680999962,-0.00030402948145752905,-0.00038907557219418603
299.1092043000026,-0.00030402955242298473,-0.00038907265392855683
299.1655793000027,-0.00030403006635632506,-0.00038906927591957324
299.2122468000016,-0.0003040304508265585,-0.0003890662686473642
299.2602886999957,-0.00030403070621116084,-0.00038906347716920447
299.3151809999981,-0.0003040312024364439,-0.00038906009630694765
299.3581931000008,-0.0003040314418782436,-0.00038905736482524017
299.4149679999973,0.9641923249144728,0.8880749562244867
299.46461019999697,1.8611450085741956,1.7746087773682577
299.5066676999995,2.736100780858311,2.634531779401167
299.564292199997,3.648218892508779,3.4865406024518695
299.610059599996,4.601244365915634,4.3416123714132295
299.6651769000018,5.552237642849778,5.148775558686557
299.7122593999957,6.532344436892921,5.971836849657312
299.75655220000044,7.0139273413051315,6.5835195476042765
299.80671540000185,6.9600573430334,6.976882664793434
299.86428349999915,6.918379704244501,7.446251354833658
299.9128363999989,6.893922501078863,8.206453971884022
299.9615505999973,6.890914352534209,8.942116873792333
300.0112631000011,6.917097190834314,9.083422635739097
300.0657554999998,6.964235340138661,9.036043426352517
300.1139406000002,7.0111882348323356,8.988263122352013
300.16584709999734,7.051544919907445,8.947474916633249
300.21006929999567,7.086687573874462,8.913010531559337
300.26426479999645,7.117957056465343,8.881852389859898
300.30753829999594,7.146012991674563,8.853958305963216
300.35780469999736,7.17040940620024,8.829151753734473
300.406860199997,7.191705135725507,8.807867386502911
300.4591438999996,7.208465487290139,8.79096732558571
300.5092422000016,7.221275430707049,8.778098482335752
300.5676162000018,7.230746053855525,8.769045400564728
300.60639419999643,7.235381489941426,8.764329458658771
300.66843069999595,7.234287762669499,8.765160748818467
300.71713979999913,7.227243913825325,8.772307843427935
300.75985729999957,7.212251258973083,8.787208896636297
300.8156525000013,7.1879093134637495,8.811709926766834
300.86798609999823,7.151092170239905,8.848910798551328
300.90804039999784,7.096712369714697,8.903197587441595
300.9652012000006,7.017426956900002,8.982126821487089
301.01712340000086,6.9000643193226585,9.099640573088916
301.0661869999967,6.006777890976254,8.151373400585213
301.11892369999987,5.146355413362262,7.244985164348096
301.15792350000265,4.293603756529682,6.326937902801768
301.2138206000018,3.4389603132741158,5.397561812058457
301.2614556999979,2.6087455598771494,4.468212109617013
301.31585579999955,1.8047502267752065,3.5396859467559985
301.3603088000018,0.7650198899396529,2.6503638190749115
301.4120275000023,0.0299678048948367,1.6849138709154357
301.4614863999959,2.904916496240672e-06,0.9134132581483378
301.5150919000007,-3.199306840565167e-05,0.322873745931605
301.5602340999976,-0.00011554300454197411,-0.0005358718627957076
301.6106327000016,-0.0001001440803839302,-0.000492150496346045
301.6649943000011,-8.742681691939383e-05,-0.00044838064595731993
301.70747629999823,-8.215057165646898e-05,-0.0004319138734672559
301.76496880000195,-7.967040158714762e-05,-0.00042421353363479184
301.8087452999971,-7.855185318879762e-05,-0.00042070460962786895
301.8624854000009,-7.783834901083423e-05,-0.00041928975527196773
301.9126565999977,-7.734097212671053e-05,-0.0004186932646706093
301.9686941999971,-7.679966712588705e-05,-0.0004183400540653997
302.0111429999961,-7.670839494718311e-05,-0.00041877571073169884
302.06514369999786,-7.617218101836805e-05,-0.0004186526972101072
302.110769400002,-7.62002770771809e-05,-0.0004196350520409243
302.16229290000047,-7.579329103231528e-05,-0.00041985301902982744
302.20520540000143,-7.532056766075635e-05,-0.0004195826053827967
302.2597354000027,-7.665118457740815e-05,-0.0004281611968089353
302.3124753000011,-7.606139380563089e-05,-0.00042788065011194985
302.3670321999962,-7.590783945861525e-05,-0.000427946320159128
302.4080146999986,-7.53404836185282e-05,-0.0004277887549093909
302.4669916999992,-7.523196750021468e-05,-0.00042815103524845334
302.51320549999946,-7.48588786182035e-05,-0.000428070111280926
302.5591679999998,-7.42063190340562e-05,-0.00042760375924615757
302.61695619999955,-7.38321291438715e-05,-0.0004275586140252625
302.6616534999994,-7.34333465258326e-05,-0.0004273133559891594
302.7130690999984,-7.307267648755257e-05,-0.00042732918474968403
302.7566999999981,-7.272979671853034e-05,-0.00042740688287539537
302.8150420999955,-7.246569743164598e-05,-0.0004271132166174167
302.85902180000267,-7.22432618949893e-05,-0.0004276516932584727
302.9074383999978,-7.159731693080487e-05,-0.00042722391349130654
302.9643749999959,-7.154156137507692e-05,-0.00042781285136755313
303.01297180000256,-7.105084889331653e-05,-0.00042730402842821355
303.0565365000002,-7.033669312546001e-05,-0.0004268805076542056
303.10987359999854,-7.010223159748942e-05,-0.0004270752963726945
303.16405549999763,-6.970208642493689e-05,-0.0004268491530019975
303.21622809999826,-6.951906673664321e-05,-0.0004268876825371156
303.2632336999959,-6.880735399234793e-05,-0.00042661988520835794
303.31272019999597,-6.855797656253035e-05,-0.0004265071179017538
303.35697880000225,-6.817561274414467e-05,-0.00042647925866461437
303.4163716999974,-6.780500537712699e-05,-0.000426371856666208
303.4689423000018,-6.743228754275287e-05,-0.0004263745970408019
303.51109010000073,-6.703563208982472e-05,-0.0004261145563518192
303.56404199999815,-6.665005286571957e-05,-0.00042595037718155983
303.606915700002,-6.630369384647606e-05,-0.0004260351562320066
303.66694789999747,-6.601885963470351e-05,-0.00042563945736944007
303.712177100002,-6.543178473489803e-05,-0.0004252421006552398
303.7586401000008,-6.482887734421863e-05,-0.00042533814196347964
303.8091276999985,-6.446075327965353e-05,-0.00042518263282457976
303.8674056000018,-6.433211235951497e-05,-0.0004252719335691569
303.9183684000018,-6.367813146785153e-05,-0.00042509759304935787
303.95956119999755,-6.350003897154563e-05,-0.00042473620869358297
304.00786150000204,-6.322475497594652e-05,-0.0004253568817176726
304.0654871000006,-6.276723614201658e-05,-0.00042483328366386773
304.10693940000056,-6.206741900444318e-05,-0.0004245263219189553
304.15655909999623,-6.222425134045015e-05,-0.00042489389979820207
304.21414650000224,-6.166793523615532e-05,-0.00042481306773493676
304.2595481000026,-6.122018270110609e-05,-0.00042431586591077855
304.31600179999805,-6.082631085485642e-05,-0.00042421430333021046
304.3655510000026,-6.0057504469634995e-05,-0.0004236384709595335
304.41312359999574,-6.006831960730933e-05,-0.000424050255366108
304.4634425999975,-5.9814670694324555e-05,-0.0004237227600796619
304.5147680000009,-5.9391667317553674e-05,-0.0004233376117220095
304.56386029999703,-5.878098884309781e-05,-0.00042274067916306927
304.6136220999979,-5.832758497309302e-05,-0.00042238118620544374
304.6599908999997,-5.7936496411557174e-05,-0.0004222174591402043
304.7160128999967,-5.7603991998664735e-05,-0.0004223519455955102
304.7605020999981,-5.75364971334123e-05,-0.0004231362892188961
304.8128069000013,-5.63921483177042e-05,-0.00042152699933975686
304.8598688999991,-5.62929030723489e-05,-0.0004208765607145721
304.91166800000065,-5.599259220728406e-05,-0.00042130896860184767
304.95636060000106,-5.585875139107622e-05,-0.00042175033749883517
305.0063802000004,-5.4535954641160887e-05,-0.0004158487691203866
305.06246290000126,-5.4111192515687776e-05,-0.00041561360078002925
305.1113370000021,-5.360201097431238e-05,-0.00041566634925228614
305.16963419999956,-5.3024013646534294e-05,-0.00041672052857390284
305.2135644000009,-5.309475025199634e-05,-0.00041626866139689214
305.2629304000002,-5.267790262891003e-05,-0.0004167187794064253
305.31434499999887,-5.2343951162429543e-05,-0.0004158259484417065
305.3631230999963,-5.191157936850549e-05,-0.00041637576090393315
305.4116420999999,-5.1869274564401184e-05,-0.0004176307174870336
305.4628518000027,-5.1262441247471034e-05,-0.00041683791590709044
305.50642060000246,-5.1095813313797716e-05,-0.0004171440576856857
305.56402060000255,-5.0507932447587516e-05,-0.00041667623308440415
305.60565700000006,-5.0295051579098616e-05,-0.0004177970836079136
305.6562363999983,-4.9242226496427374e-05,-0.0004159461704074228
305.7146399999983,-4.940184475947897e-05,-0.00041670460104793793
305.7650788999963,-4.9054838924301326e-05,-0.00041676096688216045
305.8138648999957,-4.887409292835317e-05,-0.0004179537101307766
305.863654599998,-4.86197498928312e-05,-0.00041769945015103857
305.91341409999586,-4.819936639814937e-05,-0.00041823227566808134
305.95976159999555,-4.796474057937562e-05,-0.00041808816533330445
306.02213440000196,-4.7643986744771366e-05,-0.00041840939424344373
306.0623334999982,-4.702537979022083e-05,-0.0004176778078963835
306.1148908999967,-4.703704583612791e-05,-0.00041948576319297343
306.1687013999981,-4.6345219473263135e-05,-0.0004182070120435556
306.21443010000075,-4.535950572930049e-05,-0.00041729556351579
306.2623145999969,-4.5646224866622e-05,-0.00041866841353834595
306.31596629999694,-4.54057199173325e-05,-0.0004196307838107106
306.3634103000004,-4.517418654707822e-05,-0.00041957157214180907
306.41704120000213,-4.474651393863937e-05,-0.0004202843071905692
306.4636870999966,-4.452451471963138e-05,-0.0004204765764022327
306.5115317000018,-4.349745406088783e-05,-0.0004201402251886838
306.561893099999,-4.377737420350877e-05,-0.0004216097735827724
306.6151489999975,-4.26767356676408e-05,-0.00041948706552899024
306.6673817999981,-4.232035784039184e-05,-0.0004197886142594214
306.71276509999734,-4.264671745750096e-05,-0.00042147554096885894
306.7655691999971,-4.146293084432066e-05,-0.00041877265735192754
306.8173652999976,-4.0449070681828776e-05,-0.00041340859251515633
306.8640247000003,-4.082139023479503e-05,-0.00041541710000881846
306.9155363000027,-4.008716228968488e-05,-0.00041245652306965005
306.9610732000001,-3.9514883654093286e-05,-0.0004149570517537704
307.0114186999999,-3.9129465812007027e-05,-0.0004147332051125468
307.0618117999984,-3.925183929002472e-05,-0.00041466134571633537
307.116302800001,-3.8497317034238144e-05,-0.0004155519746091959
307.1625550999961,-3.817313588564573e-05,-0.00041598100439866996
307.21573329999956,-3.843269484885747e-05,-0.0004162593640340125
307.26589629999944,-3.772391657944752e-05,-0.00041440649285529773
307.3126826000007,-3.757133610896688e-05,-0.00041511543651463317
307.35838030000014,-3.71722715830976e-05,-0.0004159717092451342
307.41189479999593,-3.6767394395765045e-05,-0.0004156478861545688
307.46494600000005,-3.627076864413091e-05,-0.0004146373018272334
307.5161755000008,-3.5955508981310865e-05,-0.00041511029474984145
307.56403309999587,-3.561242564179484e-05,-0.0004153293057147612
307.61082760000136,-3.524114644551827e-05,-0.00041525778760110753
307.6631884000017,-3.5002168308238916e-05,-0.00041655265185026885
307.7171632000027,-3.395467328418441e-05,-0.00041493595341957957
307.76625429999694,-3.4059283537977216e-05,-0.00041475174318362514
307.8152037999971,-3.295778836512567e-05,-0.0004126768867969165
307.85595060000196,-3.349158484991796e-05,-0.00041662872379900933
307.9120984999972,-3.2858584431169125e-05,-0.0004140923512536762
307.96601279999595,-3.2121885185117316e-05,-0.00041560972838873263
308.0064779999957,-3.185590604640322e-05,-0.00041666491164062163
308.05637549999665,-3.206755678778083e-05,-0.00041654895870447956
308.108123799997,-3.0991013266785106e-05,-0.00041585837715697526
308.1642062999963,-3.113970304949378e-05,-0.00041631020897338263
308.214527600001,-3.065529640136646e-05,-0.0004141298343369801
308.25856550000026,-3.045993168807055e-05,-0.0004171088126454659
308.3138121000011,-3.007368750698707e-05,-0.00041692993315646634
308.3627333999975,-2.965506518129367e-05,-0.00041550316937156675
308.41309580000234,-2.910201909458891e-05,-0.0004145555824848291
308.4609924999968,-2.9001928869591797e-05,-0.00041761714023659855
308.5117276000019,-2.851134589534726e-05,-0.0004161712334867079
308.5662517000019,-2.8293047482667326e-05,-0.0004171029685091799
308.6133316999985,-2.8004934327111622e-05,-0.0004180162848650599
308.6629423999984,-2.7397870827641804e-05,-0.00041645390734880417
308.71494240000175,-2.6512436279737302e-05,-0.00041607745967576907
308.7664059000017,-2.686846771740257e-05,-0.00041804439234806773
308.8137921000016,-2.6270599695645367e-05,-0.0004166969883041692
308.86368439999933,-2.582832563382678e-05,-0.000415972903334406
308.9082731000017,-2.538925190089898e-05,-0.00041519896986153964
308.9605489999958,-2.5263190395220245e-05,-0.00041755268850375874
309.0158661000023,-2.4869132186933686e-05,-0.0004185304186894646
309.05719410000165,-2.4547881205561246e-05,-0.0004183891527349744
309.11076219999813,-2.346102742081165e-05,-0.0004162681949255861
309.1630337999959,-2.3603387766545786e-05,-0.0004172925156649294
309.21771140000055,-2.3069021981590934e-05,-0.000415370753160237
309.2567340999958,-2.294646205271849e-05,-0.0004189718701759429
309.31249430000025,-2.2530964816101506e-05,-0.00041860601473000327
309.36272949999693,-2.2214604633606072e-05,-0.00041840889090163106
309.4130695999993,-2.1683494122479497e-05,-0.0004177223313923847
309.4570700999975,-2.129507584715804e-05,-0.0004177010201840311
309.50618419999955,-2.094160808099009e-05,-0.0004183157267807685
309.56426120000106,-2.0649245546807637e-05,-0.00042008251314243057
309.60983169999963,-2.016383198190813e-05,-0.00041859975477078555
309.6646885000009,-1.9319788946443432e-05,-0.00041908893635491615
309.7131554000007,-1.9451826671641426e-05,-0.0004206201666863406
309.75540470000124,-1.85099198857399e-05,-0.0004181287929345877
309.81239169999753,-1.8691055880832128e-05,-0.00041958922113518704
309.8591410000008,-1.8264621071145667e-05,-0.00042079332266478566
309.91435320000164,-1.792684292125058e-05,-0.0004205896350313584
309.96508639999956,-1.7460449586186665e-05,-0.0004208042025950757
310.01538309999887,-1.724014988548255e-05,-0.0004259337918817595
310.0638670999979,-1.6821833293005684e-05,-0.00042539054162586676
310.1137215999988,-1.579774997485845e-05,-0.0004205184523160805
310.1570814000006,-1.552154723639979e-05,-0.0004226003517911241
310.21480529999826,-1.5524253516044616e-05,-0.00042230971874016433
310.2634290999995,-1.470403672156013e-05,-0.0004229609039126175
310.3080115999983,-1.4643686396822462e-05,-0.0004227873528502069
310.3627820999973,-1.3825370481791816e-05,-0.0004211677459349532
310.4099215000024,-1.3724892855572494e-05,-0.00042096794814552835
310.45739129999856,-1.291078227662122e-05,-0.0004196021427101081
310.5160539999997,-1.3139641541493908e-05,-0.0004260709096655539
310.56271469999774,-1.2466101395614236e-05,-0.00042141207617987905
310.6066647999978,-1.1703405011786564e-05,-0.00042062709260173734
310.66240649999963,-1.1727426751939179e-05,-0.00042231106487447946
310.71595179999713,-1.1209405803579639e-05,-0.0004204277056170362
310.75736199999665,-1.0836464248163849e-05,-0.0004218313056088299
310.80716419999953,-1.0012367990262179e-05,-0.00041776983205134657
310.8564735999971,-9.879022522261245e-06,-0.00041723656557592293
310.91462429999956,-9.453622251695824e-06,-0.00041695805402876387
310.96221700000024,-8.715920540866165e-06,-0.00041631309990532086
311.00715160000254,-8.668049522605584e-06,-0.00041903958613100854
311.06463449999865,0.5579679651818897,-0.5190643388366536
311.1107004000005,0.7197919630377636,-1.0198891776627992
311.1690119999985,0.8623663326740902,-1.7299870394071497
311.21314410000195,0.8153580017006841,-2.229992889643909
311.26412249999703,0.7794815702476933,-2.662467900286143
311.30722940000123,0.9627418989120746,-2.9711755823336503
311.3663596999977,1.3216404023402875,-2.8147318793155742
311.4074374999982,1.799888927032143,-2.655140620890882
311.4566111999957,2.262805842713645,-2.489912991857456
311.50544129999616,2.3118225748594123,-2.412061872401478
311.56338179999875,2.133899561153444,-2.2398898127245332
311.60455840000213,1.9665711454979362,-1.9885046637104689
311.6560251999981,1.8169395652432228,-1.8184296281982524
311.71529400000145,1.6836892400890098,-1.6845266790709665
311.7653680000003,1.5599870335499646,-1.5599784112836883
311.81346119999944,1.4448045229515725,-1.4447724949329348
311.85795620000135,1.3387937911247323,-1.3389158078492418
311.91461159999744,1.2395932094943334,-1.074890493220679
311.96540780000214,2.1191427260385876,-0.28266207963925793
312.01420789999975,2.575863286302342,-0.023531948824056136
312.05687529999705,2.9328339903698115,0.46995911398848833
312.11297529999865,3.5632841550840526,0.9670116055979684
312.1651083999968,4.363344964721764,1.718459324307048
312.2072379000019,5.287837120619726,2.6505884772457318
312.264179400001,6.234243765021209,3.8337076830762733
312.31091559999913,6.696483150046592,5.202115020600153
312.3619899999976,7.352981607953192,6.43425776548935
312.4156421000007,8.005220802756329,7.505537102045601
312.4560934999972,8.30274540671479,7.495633297545882
312.5130728000004,8.525379707798416,7.474234985796135
312.5553712999972,8.543581684132917,7.4562932743857395
312.6073124999966,8.564406468866627,7.435186184428545
312.66573029999563,8.595631872012765,7.404190882133023
312.7137833000015,8.644367629497767,7.355305718041887
312.76365899999655,8.718603632096823,7.28103055048557
312.80854179999733,8.833010459306232,7.166976651820134
312.86842289999913,9.022903191571215,6.976825847447439
312.909281799999,8.042904674945666,6.01414466864658
312.9569341999959,7.129401781896848,5.122818164161694
313.0065496000025,6.211847019372622,4.2470563290487355
313.0666205000016,5.291395727272378,3.392730731965827
313.1135967000009,4.341277565014008,2.5662683437109863
313.1625316999998,3.3946645672069615,1.7605842297146455
313.2121549000003,2.4355873708556017,0.976911553942536
313.26583599999867,1.477235684248082,0.22077043244826633
313.30675809999957,0.8480051307059301,-0.0007956827838634854
313.36077079999814,0.32058763149232883,-0.0011347997987592052
313.40574309999647,0.0006952745704522989,-0.0010791422685403344
313.45745650000026,0.0001299616968709779,-0.00047576407809035037
313.5159910000002,-5.749101887891663e-05,-0.0002622081662798453
313.55559650000214,-9.832465613933041e-05,-0.00021555398338503524
313.61269889999676,-0.00010079701509023312,-0.0002121756306652341
313.65632560000086,-9.804643710263224e-05,-0.0002150439300521317
313.7133487999963,-9.649376969687309e-05,-0.00021674179678822874
313.75663789999817,-9.596112181551531e-05,-0.00021732645149065871
313.813541800002,-9.605893112061507e-05,-0.0002172294161331317
313.8643641000017,-9.609979692024825e-05,-0.00021717123283051127
313.9152271999992,-9.613640035164527e-05,-0.0002171346248694043
313.96177760000137,-9.59408471002753e-05,-0.00021733279070869813
314.01288999999815,-9.582002143968737e-05,-0.00021745947399478188
314.0569292,-9.604308263142738e-05,-0.00021722336294185008
314.1189974000008,-9.601121364619877e-05,-0.00021724325423046632
314.15648769999825,-9.595090465506431e-05,-0.00021729906151148504
314.205913400001,-9.590788732092502e-05,-0.00021735164431626217
314.2634953000015,-9.600221887460454e-05,-0.00021723748612225308
314.3123445000019,-9.600536508012288e-05,-0.00021722774690171193
314.3606370999987,-9.586035218953828e-05,-0.00021737068784967909
314.4105330999955,-9.583039889413869e-05,-0.00021740591718024302
314.4615705999968,-9.590329117523873e-05,-0.00021733156403438045
314.50585390000197,-9.579600160911836e-05,-0.00021743354460281494
314.5565045999974,-9.582004718575932e-05,-0.0002174038896354443
314.60625179999624,-9.594270702360176e-05,-0.00021726494638964642
314.65662480000174,-9.600224045734014e-05,-0.00021719379166309103
314.7061085000023,-9.604984851927736e-05,-0.00021713845644890238
314.7564435999957,-9.60573576237267e-05,-0.0002171282457832561
314.8129912000004,-9.593223042623434e-05,-0.00021725376306871042
314.8653536999991,-9.588479938935842e-05,-0.00021730511559094507
314.9075987999968,-9.589244918126945e-05,-0.0002172912723421755
314.96360280000226,-9.599208860020742e-05,-0.0002171774475925496
315.0124427999981,-9.600677266528243e-05,-0.0002171532394792578
315.0569800000012,-9.596561305622801e-05,-0.00021718941258821054
315.1072265999974,-9.60876661904942e-05,-0.00021705897150805085
315.15595349999785,-9.594706007485456e-05,-0.00021719776555097645
315.21525819999806,-9.58854435851662e-05,-0.00021726850947280827
315.2564091999957,-9.58819441621926e-05,-0.00021726492001074735
315.30607690000033,-9.597858179342327e-05,-0.00021716418913155384
315.35586599999806,-9.613235897330218e-05,-0.0002169909792295767
315.40641830000095,-9.620753821391287e-05,-0.00021689307079266303
315.4654789999986,-9.611945186458703e-05,-0.00021698027277163422
315.51125879999745,-9.602144608331863e-05,-0.0002170769439760092
315.5626846000014,-9.60068062384267e-05,-0.00021710645017349454
315.6132127000019,-9.611525841899624e-05,-0.0002169740478843619
315.662728700001,-9.609383911932896e-05,-0.00021697606893435594
315.71087109999644,-9.604681262551872e-05,-0.00021703599930613233
315.7619857999962,-9.60476879364536e-05,-0.0002170223089350733
315.8115934000016,-9.608460009866932e-05,-0.0002169877241444863
315.85585020000144,-9.631434654276101e-05,-0.00021674479384638598
315.91120399999636,-9.607403175247111e-05,-0.00021698101021507386
315.96169109999755,-9.601178421201558e-05,-0.00021703732411306313
316.0045509999982,-9.623003888190836e-05,-0.00021681073487679994
316.0622734999997,-9.62819017403607e-05,-0.00021674006003304466
316.10687779999716,-9.611234279569788e-05,-0.0002169253791708581
316.1615496000013,-9.594536285471236e-05,-0.00021711440378903855
316.20646139999735,-9.632138285873533e-05,-0.00021669040517504145
316.2654448999965,-9.628873228759964e-05,-0.00021671465236818368
316.3127544000017,-9.633378308402638e-05,-0.00021665595185706507
316.3552744999979,-9.646602308075723e-05,-0.00021650254461460014
316.4132688999962,-9.600998279744252e-05,-0.00021701888365279327
316.457642399997,-9.634341475726312e-05,-0.00021662951982272594
316.5125024000008,-9.615377180036922e-05,-0.00021681450723700187
316.55848089999927,-9.623698398195899e-05,-0.00021674961263619763
316.6117651999957,-9.644875786927451e-05,-0.0002164910078097553
316.664678299996,-9.652224726162389e-05,-0.00021642216435659484
316.7126352999985,-9.642670227858735e-05,-0.00021654010451423506
316.7616024000017,-9.622108095861633e-05,-0.00021672515257999483
316.80347020000045,-9.608329261121765e-05,-0.00021687312168363162
316.85547550000047,-9.6282481443313e-05,-0.00021685856612687173
316.9099489,-9.717525105710561e-05,-0.00021628050488355384
316.96226970000134,-9.67680972686432e-05,-0.00021601420511243007
317.00433429999975,-9.663640430100102e-05,-0.000216375029005417
317.06442779999634,-9.677691243945872e-05,-0.00021730007607769386
317.1062010999958,-9.64454246244832e-05,-0.0002177565200158961
317.15857179999875,-9.55373596013071e-05,-0.00021909923156895208
317.21256139999605,-9.59219870534177e-05,-0.00021691733769226395
317.25579570000264,-9.63250308850608e-05,-0.0002169651322605671
317.31052790000103,-9.631465331958719e-05,-0.00022030582098622254
317.36421880000125,-9.7033485324619e-05,-0.0002219382827630932
317.4043482999987,-9.606711827157224e-05,-0.0002166992453147728
317.4546981999956,-9.615432325924778e-05,-0.0002205258311962731
317.515292600001,-9.737114297090703e-05,-0.00021765828135424602
317.55734819999634,-9.76258101138366e-05,-0.00022394168857101172
317.61399769999844,-9.65831909561593e-05,-0.00021562301089096876
317.6613408999983,-9.620727227108955e-05,-0.00021652811971219538
317.71133890000056,-9.772448201781755e-05,-0.00021718401425087786
317.75659689999884,-9.800865967700002e-05,-0.00021528227289759207
317.81142669999826,-9.868123829202485e-05,-0.00021731342058097408
317.85799840000254,-9.611449546263149e-05,-0.00021651944344138247
317.9045688999977,-9.78745333669414e-05,-0.00021846314648434685
317.96576249999634,-9.673759953097454e-05,-0.00021596199548691821
318.0115724999996,-9.794889281887072e-05,-0.0002285496254475295
318.06295690000115,-9.647400593957565e-05,-0.0002155855589938296
318.1114121999999,-9.674350911490786e-05,-0.00022546596644160448
318.16251219999685,-9.735970225586502e-05,-0.00021468141370185932
318.2137495999996,-9.697223832825547e-05,-0.00021605282888327842
318.25540139999794,-9.608416594595554e-05,-0.00021647786196978314
318.3116689000017,-9.607390333297385e-05,-0.00021671715126926974
318.36342819999845,-9.605788440234742e-05,-0.00021672192680479232
318.40597149999667,-9.605680828537411e-05,-0.0002167164699142973
318.46161649999704,-9.605671129629068e-05,-0.00021671093143351222
318.5074564999959,-9.605528196186209e-05,-0.00021670661745100758
318.55856369999674,-9.60532957173599e-05,-0.00021670298506772453
318.605587799997,-9.605103699082074e-05,-0.0002166995676125169
318.65537049999693,-9.60488354518696e-05,-0.00021669616331345204
318.7042228999999,-9.604655416559862e-05,-0.000216692762333954
318.76301149999927,-9.604432227314996e-05,-0.00021668934395726114
318.81137760000274,-9.604209809675134e-05,-0.00021668591464487152
318.8572492000021,-9.603987329862784e-05,-0.00021668247383057137
318.91167249999853,-9.60376524195916e-05,-0.000216679026543671
318.95854110000073,-9.603543666978575e-05,-0.00021667557322825956
319.0122494000025,-9.603326391891765e-05,-0.0002166721035259563
319.0594990999962,-9.603101026609773e-05,-0.00021666863867532768
319.1123789999983,-9.602880464152586e-05,-0.00021666516245601527
319.15510399999766,-9.602659714067705e-05,-0.00021666167561186847
319.2135560999959,-9.602439172704756e-05,-0.00021665818064088924
319.264551799999,-9.602222856850638e-05,-0.0002166546689499512
319.3117360999968,-9.6020031936741e-05,-0.0002166511608339313
319.3564976999987,-9.601783981248111e-05,-0.00021664764587893756
319.41187219999847,-9.601564806569703e-05,-0.0002166441192554998
319.4586460999999,-9.601341632867962e-05,-0.00021664059241001746
319.5056437000021,-9.601126800271805e-05,-0.0002166370432379501
319.5615145999982,-9.600903868598684e-05,-0.00021663350111579896
319.6115176999956,-9.600690021880572e-05,-0.0002166299418184976
319.66400409999915,-9.600467947299626e-05,-0.00021662638244348065
319.71365920000244,-9.600254449191543e-05,-0.00021662280360625408
319.76138840000203,-9.600032644394791e-05,-0.00021661923046447162
319.8124228000015,-9.599819251757897e-05,-0.00021661563502941086
319.86178619999555,-9.599598236329716e-05,-0.00021661204955305052
319.9074894000005,-9.599385686352097e-05,-0.00021660844026240647
319.9648237000001,-9.599168846472712e-05,-0.00021660482563158956
320.01231410000037,-9.598952585019522e-05,-0.0002166012101347987
320.05469649999577,-9.598732653169012e-05,-0.00021659759310590007
320.11246299999766,-9.598517031204284e-05,-0.0002165939577028104
320.16105219999736,-9.598305705802662e-05,-0.0002165903072006876
320.20510099999956,-9.59808691082053e-05,-0.00021658666806724855
320.26265710000007,-9.597876317055881e-05,-0.00021658300175554987
320.3126063000018,-9.59765773523657e-05,-0.00021657934431453316
320.3608105999956,-9.597443275675349e-05,-0.00021657566957624172
320.4118828999999,-9.597228984868026e-05,-0.00021657198842086115
320.4569186000008,-9.597015243621101e-05,-0.00021656830311324652
320.5051797999986,-9.596805607978924e-05,-0.00021656459994214345
320.56303269999626,-9.596592337466562e-05,-0.00021656089828094366
320.6121717999995,-9.59637922793654e-05,-0.0002165571855952292
320.66258849999576,-9.596166448142752e-05,-0.00021655346591510971
320.7059922999979,-9.595949868055557e-05,-0.00021654974887732104
320.76326849999896,-9.595737733301348e-05,-0.00021654601560807174
320.81355359999725,-9.595529748560807e-05,-0.00021654226421998269
320.8619953000016,-9.595313886787906e-05,-0.00021653852213556258
320.9068028999973,-9.595106753588425e-05,-0.00021653475991169674
320.96527120000246,-9.59489560693271e-05,-0.00021653099518982916
321.01393400000234,-9.594684433631642e-05,-0.00021652722265199157
321.0634446999975,-9.594473268102135e-05,-0.00021652344026647566
321.11239950000163,-9.594259067222878e-05,-0.00021651966672943718
321.1553187000027,-9.594052956538802e-05,-0.00021651586480399607
321.2064352000016,-9.593842849051838e-05,-0.00021651206152408284
321.26245200000267,-9.593628735880201e-05,-0.00021650825833298746
321.3124070999984,-9.593423246921019e-05,-0.00021650443270428474
321.3635836999965,-9.593210165146572e-05,-0.00021650061919921743
321.4125638999976,-9.593001052419437e-05,-0.00021649678459991268
321.4626038999995,-9.592792302735231e-05,-0.00021649294615923626
321.5072522999981,-9.59258393607797e-05,-0.00021648909990258972
321.5588343999989,-9.592375055387446e-05,-0.00021648524217733934
321.61421580000024,-9.592167202763446e-05,-0.00021648138305320797
321.6635991000003,-9.591963712205709e-05,-0.00021647750749777584
321.7108961999984,-9.591755869573715e-05,-0.00021647362747924715
321.7593519000002,-9.591548826302296e-05,-0.00021646974585089507
321.8148232999956,-9.591341942902997e-05,-0.0002164658535088908
321.86147150000033,-9.59113079624728e-05,-0.00021646196053405942
321.91259770000033,-9.590924241473995e-05,-0.0002164580547028454
321.9657984000005,-9.590717428018745e-05,-0.00021645413782491227
322.0106515000007,-9.590511318444893e-05,-0.00021645022094697917
322.0665493999986,-9.590305598559322e-05,-0.0002164462959311113
322.1106585000016,-9.59009973545498e-05,-0.0002164423597686042
322.1566498999964,-9.589893866799524e-05,-0.000216438413858339
322.2064223999987,-9.589688598774723e-05,-0.00021643446253018543
322.26369010000053,-9.589483996883738e-05,-0.00021643050961441294
322.3067699999956,-9.589278864306146e-05,-0.00021642654128874487
322.3646019000007,-9.589078597836073e-05,-0.00021642256279343392
322.4148830999984,-9.588870391050924e-05,-0.0002164185937905298
322.46455050000077,-9.5886664575142e-05,-0.00021641460550305176
322.5099248999977,-9.588466484143007e-05,-0.0002164106016169402
322.56170179999754,-9.58826309017467e-05,-0.00021640660179424488
322.61209360000066,-9.588056028029462e-05,-0.0002164026034037373
322.6648830999984,-9.58785300931651e-05,-0.00021639858696100334
322.70701910000207,-9.587654012941575e-05,-0.000216394552754701
322.763005599998,-0.44524684311028645,0.2025840935493577
322.80667879999964,-0.846227559504487,0.43868883623471056
322.8667733999973,-1.2418474314818544,0.5574204561437166
322.9085135999994,-1.5712159259404528,0.6662495541153086
322.9583979000017,-1.7773925438432787,0.7960239379516696
323.0067182999992,-1.9183944346215116,1.0366960408562516
323.0627802000017,-2.2604234915920025,1.4596094476598076
323.10661809999874,-2.999439343616549,2.1720099351654536
323.15961799999786,-3.6029761554973785,2.343022130857897
323.209990299998,-3.6016060565116383,2.2424410955697023
323.26299930000096,-3.600838033829379,2.0105803704696394
323.3138187000004,-3.6003653864066654,1.8717644516133685
323.3622338999994,-3.600801913238423,1.744601156604182
323.40417799999705,-3.6003245820200633,2.0471490067859723
323.4627116999982,-3.6001440972130396,2.582989141061849
323.5100487000018,-3.6000574705983164,3.1497684351925455
323.56603670000186,-3.6001878349708076,3.5995539274193833
323.60696279999684,-3.599845724781743,3.599599116081183
323.65896580000117,-3.600008338951394,3.6000166231842083
323.7071952999977,-3.599887136914952,3.5997342377282786
323.7586711999975,-3.6001042023921457,3.600036636258955
323.8179211000024,-3.6006984535833366,3.6000161332263434
323.8640518999964,-3.600102801992818,3.5992500576140243
323.9076977000004,-3.600024809234698,3.600008663392527
323.96679140000197,-3.600116543430903,3.6000264198550496
324.00817809999717,-3.3758850214517806,3.375436399845679
324.06308909999643,-3.1115772503058574,3.111043409237121
324.114104100001,-2.866767890459485,2.866358252001085
324.15804899999785,-2.641421202444459,2.641184600153831
324.2124395999999,-2.4357726760044263,2.435488526547677
324.2553756999987,-2.2466960955286077,2.246289210489278
324.3147267000022,-2.071846874836667,2.0720443483033564
324.3613528999995,-1.910996529132465,1.9108183603566031
324.4131764999984,-1.7637721516657654,1.7633576411657077
324.4618241999997,-1.6278735097152046,1.6277294171220167
324.5070240999994,-1.5022471437650244,1.5020565393478473
324.5630850000016,-1.386735377846834,1.386275850947108
324.61585229999764,-1.2802115660259412,1.2795384459084347
324.66406090000237,-0.6060052262290401,1.8906359146495606
324.7122780999998,-0.1818566105105894,2.3423873519568774
324.7627977000011,0.2962779059990011,2.865933913499919
324.8129579000015,0.8031519964568401,3.459450466277279
324.8572287999996,1.4084883498313083,4.20731116727574
324.9148206000027,2.5819929887756348,5.010073239822127
324.96150769999804,3.7703552691872138,5.886583857341849
325.01319610000064,4.977895508508794,6.765639047864605
325.05733229999896,6.1829513224310215,7.460634976953389
325.1076233999993,7.35948248044372,8.090439065792207
325.162668799996,7.591457775347963,8.29029712888687
325.21314690000145,7.600686601761796,8.39888265699651
325.2680728999985,7.6172375509698185,8.383149317369105
325.30978219999815,7.6377237294266145,8.362518299065753
325.3559389000002,7.6570195733009525,8.342634854882295
325.4136068000007,7.67385274547401,8.325477632859203
325.45851740000217,7.688788704897018,8.310538260366066
325.51425010000094,7.702748872417689,8.296932602457906
325.55547719999595,7.715342146575565,8.284230946916038
325.61206200000015,7.727504998825749,8.272269755111333
325.65783389999706,7.737972550374771,8.261521761124952
325.7146003000016,7.747552623649393,8.252028288803565
325.7647333999994,7.756103531244866,8.243913797995619
325.80738649999694,7.763630655534248,8.235848023713544
325.8608641999963,7.770136593544819,8.229739770790571
325.91277550000086,7.775496390176992,8.22418463425615
325.95843259999674,7.780097011622253,8.219618769365692
326.01172640000004,7.78287943472537,8.216762195095576
326.0566980000003,7.784866116326838,8.214879450795836
326.1165785999983,7.7855657391819895,8.214369639369512
326.16205269999773,7.784076202310629,8.215705168496578
326.2055651999981,7.78125535327582,8.218669878967921
326.2575241000013,7.7755490832614,8.224266911411483
326.31483899999876,7.766590891513787,8.232900075132049
326.35988820000057,7.753569255158458,8.246053548655778
326.40857710000273,7.734070970256923,8.265669242837914
326.45877330000076,7.704237531219947,8.295615177415497
326.5147738000014,7.657104860146759,8.342550034346223
326.5567741999985,7.576139334080354,8.423779992099627
326.61268249999557,6.52258927436045,7.543908685493713
326.66207530000247,5.662986913574292,6.644531761244188
326.7084309999991,4.7617036827865755,5.744330137244439
326.75880669999606,4.0539673072680875,4.80395938036528
326.8115880999976,3.0635479897172435,3.91417629387699
326.85807609999756,2.1117916011736266,3.0160695730664537
326.91206769999553,1.4064879987776355,2.1524095775018552
326.9673466999957,0.6540274493428515,1.032651699997765
327.01361960000213,-0.00017388565892469083,0.17217624909384768
327.0669890999998,-0.0004452913092763923,0.0001098852655091409
327.1137983000008,-0.00030511166870012717,6.214214822725308e-05
327.1674578999955,-0.00021459062974095485,4.614015445274308e-05
327.2138068999993,0.00011404348608534565,-2.713299132042468e-05
327.2618208999993,-2.75590248594278e-05,-5.363411581531968e-06
327.3130779999992,-2.9451521707551078e-05,-1.934074179700914e-05
327.35915369999566,-0.0005998288801837296,2.6082110604643197e-05
327.4094755999977,-0.0005543923070101471,1.9269030548958245e-05
327.4640511999969,-0.0005302434150350409,2.0009200607536328e-05
327.5131896000021,-0.0005721222917128527,1.9077060464684665e-05
327.56408609999926,-4.757533561554502e-06,-1.901540880313091e-05
327.6081293000025,-5.63169987866609e-06,-2.2516696063255556e-05
327.6639692999961,-3.397454810541765e-05,-2.137898249545417e-05
327.71326150000095,-0.0005393400182862946,-6.3755757118202626e-06
327.7600405999983,-0.00015022148656133693,-2.7460154583572395e-05
327.81001059999835,5.682233267250875e-07,-1.9258598893418857e-05
327.8628869999957,-0.0005356835696979264,1.620004148607333e-05
327.91407980000076,-0.0005838302183383272,3.2408099315291626e-05
327.9653601999962,-0.0005954203362704469,4.604741832285662e-05
328.00812980000046,-0.0006029847192071857,5.236423127335348e-05
328.06476739999925,-0.0005914143541410742,5.3592199833523675e-05
328.1142519999994,-0.0005250825576324763,7.320177530807541e-05
328.16195580000203,-0.0008318750570172526,0.00010176527913695312
328.2138011999996,-0.0004109939555081401,9.201033233105872e-05
328.2651049999986,-0.0004918247131955871,9.050836888854987e-05
328.31049340000027,-0.0005702690416760782,2.829779175430954e-05
328.3590680999987,-0.0006705523155089221,6.457287096145892e-05
328.4128012000001,-0.0006367173895643789,6.104180886318352e-05
328.4662255000003,-0.0005915723893287889,4.68816994226171e-05
328.507695100001,-0.0007011571734181966,6.362872948534669e-05
328.56479789999867,-0.000742041712431131,6.438489219557225e-05
328.61161719999654,-0.0003503319244235174,-3.6103969480760315e-06
328.6601187999986,-0.00013565671869177951,7.361838505477482e-06
328.7068655999974,-0.0006190478681876693,4.41308959931291e-05
328.7637326999975,-0.0006287463174924878,4.390354922949179e-05
328.80701659999613,-0.0006144422674562987,5.725157485874944e-05
328.86626930000057,-0.0006179654130926603,5.893783097127187e-05
328.91239730000234,-0.000661501606654267,6.59835763806073e-05
328.9562050000022,-0.0005584712778185077,1.3364426731955434e-05
329.0075982999988,-0.00011173058313007276,-2.3060731269030006e-05
329.0552067000026,-3.173174200069141e-05,-6.53023670694236e-06
329.1090597000002,-0.00010437707951570483,1.8819001113018976e-05
329.16415289999713,-0.000799105129764632,6.657352962242196e-05
329.2123339999962,-0.0006427212199139586,5.993607974380522e-05
329.25622609999846,-0.0006035729036333533,4.317175514860291e-05
329.3101652999976,-0.0005632747351198922,3.7790413653961035e-05
329.36275749999913,-0.000611735108983891,5.900841095757183e-05
329.4098363000012,-0.0006020426166639805,0.00010729283664866754
329.4637255999987,-0.0005650136615116706,0.00010328713573325294
329.51492169999983,-0.0007859394324876877,0.00011047271675234733
329.55577959999937,-0.0006354075312148081,8.142375397265225e-05
329.6149377999973,-0.0006269061326490835,8.332443375288538e-05
329.65578419999656,-0.0005282156844765693,2.191557958443945e-05
329.71235539999907,-0.0005497185427317517,1.3362658168881663e-05
329.76467389999743,-0.000567586211828898,2.6908312289488777e-05
329.8110377999983,-6.8322184548836856e-06,-1.306291154136242e-05
329.8644600999978,-0.00014839239013146192,2.4694630074173816e-05
329.9047262999957,-0.0002298873232944686,4.95113553600668e-05
329.9586435000019,-1.3124650391505853e-05,-1.1611671801869413e-05
330.0121894999975,1.6083173126638844e-07,-2.355246763177037e-05
330.0645583000005,-8.527498568396947e-07,-2.6002223751954566e-05
330.107751800002,-7.24437197453069e-06,-2.836556118881819e-05
330.1650187999985,-0.00010953659011225212,-2.174129064560254e-05
330.20594100000017,-3.9090806108790504e-05,-3.638807966058754e-05
330.26385239999945,-6.534016716026001e-05,-2.4237279661076708e-05
330.31612529999984,-0.0003356623488469845,-3.1143731049649435e-05
330.36474830000225,-0.0004002956318533631,-4.128636010851015e-05
330.4074935000026,-0.00039990303230604554,-3.774982896279769e-05
330.45610419999866,-0.0008940095549063876,-7.363698262270494e-06
330.5137427000009,-0.0006559642109289462,4.717399201274901e-05
330.56134989999555,-0.0006158235986640571,3.691124685903982e-05
330.61527779999597,-0.0005951269102064434,1.906364275329824e-05
330.6618129999988,-0.0006746970944595591,1.845472156205024e-05
330.7127574999977,-5.338290631767133e-06,-1.5493741412090042e-05
330.76180600000225,-0.00010488185575873193,-5.155535920402769e-06
330.80629919999774,-5.658168619753919e-06,-1.386856025577129e-05
330.8625678000026,-2.2125505644308334e-05,-9.679401635773667e-06
330.9143890999985,-5.65333724500927e-05,-1.519763337400054e-06
330.96457669999654,-7.21576740220892e-05,-2.9281253866058047e-06
331.01333149999846,-6.544904347378053e-05,5.699718841350643e-06
331.06037990000186,-6.400224594755027e-06,-1.5437118960917775e-05
331.11185059999843,-0.0005251799560107283,0.00011834865398807978
331.16163579999557,-0.0005389225948821174,0.00012718787969502533
331.21445790000143,-0.0005190856338498918,0.0001170307247445622
331.26347949999763,-0.000528765352681968,0.00012179552397751541
331.3134637999974,-0.0001270775886992446,0.00010390034663753023
331.36038859999826,-8.218941299772344e-05,1.065428679726114e-05
331.4099008999983,-0.00045644397758474266,-3.8860542339627164e-05
331.46363839999685,-0.0004418248201278736,-2.460858468114082e-05
331.51220340000145,-0.0005401537796196165,-1.1302607305651317e-05
331.5626594999994,-0.0005342050066287184,-3.427229798850043e-05
331.6078525999983,-0.0004875025701687565,-1.6454122864232862e-05
331.6631042000008,-0.0005688136156186203,-2.5544534920675085e-05
331.71066289999726,-0.0004857009013712643,-7.610200658543493e-06
331.75819059999776,-0.0005200375536845201,-4.896419092408357e-06
331.81041939999704,-0.0005353946206332501,-1.1590947590633395e-05
331.86731839999993,-0.0004998960068790285,-1.4128132186387957e-05
331.91554709999764,-0.0005748212087443957,2.1227742152982094e-05
331.95879109999805,-0.0006262314132964682,3.132496573246632e-05
332.0103756999961,-0.0006153546343383483,3.3753403272416044e-05
332.0644086999964,-0.000212671699606715,3.59154042506633e-05
332.1180361000006,-0.00017855989663825026,2.6842892175718077e-05
332.1655280999985,-0.0002446054982677196,5.144645065518223e-05
332.2117552999989,-0.0006167496739915964,4.875552868104414e-05
332.2633494999973,-0.0005635824294704478,3.760922019372505e-05
332.309342499997,-4.489329047400934e-07,-1.5826352128837072e-05
332.36480070000107,-0.0005835602969142249,3.396406967895779e-05
332.4146516999972,-3.36393197991921e-05,-3.911045327601699e-05
332.4574100000027,-0.0003767694029827122,8.74523873873591e-05
332.5165620999978,-0.00040024414741165305,9.568018332082502e-05
332.5664223999993,-0.0001587898906947828,5.8513155121229996e-05
332.6135800999982,-0.00025711897717636763,6.739151324770138e-05
332.6562367000006,-0.00027488398353126345,6.273254554717535e-05
332.7070558999985,-0.0002679582891826812,5.615496041505204e-05
332.76097429999936,-0.00020245785649652623,4.205165087260401e-05
332.8080684000015,-0.0006479236077289747,8.174140919699926e-05
332.8562445999996,-4.587940916904503e-05,-2.0102174258536633e-06
332.91055349999806,-3.0500771605629464e-05,-3.368978773735387e-06
332.9646814000007,-0.0005901078347012085,4.633206573960528e-05
333.0130205999958,-0.00071966133010025,6.106511579734395e-05
333.0612108999994,-0.0005984252675881258,2.6221568549835204e-05
333.10779329999787,-6.707153168978291e-06,-2.1434771568815232e-05
333.16671929999575,-6.8853618528992765e-06,-2.1449822085203972e-05
333.2099696000005,-0.0006380845983633396,6.660174615153522e-05
333.2610519000009,-0.0006061891467083276,5.296922829250312e-05
333.3105263999969,-0.0006742283967733382,5.839645673694059e-05
333.3586615999957,-1.3822072891812956e-05,1.416475506889238e-05
333.40559770000255,-2.396247413274342e-05,-1.1088884310793787e-05
333.4593547999975,-0.0002445178626855951,4.7923659707338116e-05
333.51259530000243,-4.898799452206518e-06,-2.320751146813628e-06
333.5572573000027,-2.315721900905012e-05,-1.3510218366276168e-05
333.60548169999674,-4.029205821768689e-06,-1.3758145744903506e-05
333.65406280000025,-0.0005674077785163272,2.1028909535944233e-05
333.7147511000003,-0.0007663615182172034,-2.300400919754574e-05
333.7656872000007,-0.0005534623566267767,1.0716694021094302e-05
333.81515919999947,-0.0005466431693535565,2.226568946996719e-05
333.86151729999983,-0.0005814903284065023,1.705520578100693e-05
333.91048659999797,-0.000570682919943849,3.334777343158841e-05
333.96055049999995,-0.0005940044574506956,2.447687982301006e-05
334.0102530000004,-0.0005787501468331753,2.34097259688362e-05
334.06081489999633,-0.0005900280468193511,2.7943499603136883e-05
334.11060120000184,-1.535807187814941e-05,-1.1747442485454264e-05
334.16344769999705,-0.000593465136265759,3.1848975645705445e-05
334.2110057000027,-0.0005558908108783679,3.154489744974893e-05
334.26093409999885,-0.0006355831305693108,3.530001936317037e-05
334.3058682999981,-0.0006098433015898084,2.8738612822846876e-05
334.36267190000217,-0.0005649055855496013,3.285917759002449e-05
334.4062799000021,-0.000585098204865221,2.4321736547006064e-05
334.46726079999644,-0.3670389276937931,0.5629475797486458
334.51214929999696,-0.5543016202290493,0.8980918534422985
334.5640743999975,-0.7314749059416669,1.2604202646840073
334.61242109999876,-0.9537694201448249,1.673119096848209
334.6628531000024,-1.3591217015364312,2.193625564281695
334.7141122999965,-1.9246041112256016,2.666760028567108
334.7561108000009,-2.745814526092055,3.0021756496534326
334.80546189999586,-3.600959162429955,3.2212477891179336
334.8591274999999,-3.6981914013537796,3.3090099293817166
334.9138383000027,-3.630488778804219,3.3759288758970447
334.9576947000023,-3.6006642412018532,3.5041263218111744
335.00718100000086,-3.6004124163172238,3.600006283455483
335.06355359999725,-3.600316225619323,3.5998552784060456
335.1090884000005,-3.6002575282383256,3.6000886300711907
335.16246800000226,-3.6001574389602613,3.599741995818104
335.2054563999991,-3.6001812165044185,3.599685322832397
335.2553079999998,-3.5999717929081108,3.599740789244475
335.3088394000006,-3.6000228933991156,3.5995626074953164
335.3596988999998,-3.6002663764484835,3.5999510721545085
335.40889739999693,-3.5999908928533535,3.60003359376026
335.4619470999969,-3.600031573843219,3.599595442245714
335.50621580000006,-3.6004983179069354,3.59984790481767
335.562153400002,-3.441040545477072,3.4410493020247475
335.61195520000183,-3.1727467443019917,3.1725552618191672
335.6629010999968,-2.9222507905593855,2.922068321517017
335.7164283999955,-2.6922362986524933,2.6921454590495157
335.76167039999564,-2.4801468555273045,2.480010457010885
335.8066614999989,-2.2865826070578827,2.286184589010789
335.8645658000023,-2.1073760996230404,2.1079047538323876
335.9162490000017,-1.943141368222883,1.9431946451878086
335.96331369999825,-1.791880424546374,1.7917334754278604
336.0131629000025,-1.6532472518507617,1.6528243167889904
336.0610419000004,-1.525392246313628,1.5253490382782864
336.11542629999894,-1.40822049151969,1.407540865619507
336.15887289999955,-1.299495345832852,1.2988925470936583
336.2130956999972,-0.6620682720779981,1.9301463078224164
336.25998190000246,-0.23175306108796784,2.3303132027325257
336.30550969999604,0.18403394858744973,2.767404714490115
336.3589884999965,0.664661335179137,3.322392819958702
336.41473199999746,1.3335963505048876,4.067613896642513
336.4609741000022,2.5314011551888536,4.923695736512315
336.5134040999983,3.7237866545023213,5.808953993489932
336.55726960000175,5.010043984388211,6.616367040537683
336.61191939999844,6.239496568354502,7.277500533959227
336.66314330000023,7.4700493423151615,7.893061350120328
336.71423259999574,7.59881217445722,8.401620033091557
336.7561893999955,7.608604279704151,8.391513965558673
336.8128613000008,7.627188294703044,8.371603143373823
336.8635056999992,7.649559811842844,8.349707462527734
336.912972099999,7.670850399251797,8.32919394198604
336.9545978000024,7.689716662987308,8.310310528228007
337.0057334000012,7.7072852731943975,8.292720505767678
337.0559196999966,7.723081015776942,8.276528625326055
337.10586740000144,7.738231284658956,8.261555868450197
337.1563107999973,7.7519324564062,8.247673265639252
337.21666379999806,7.764979096104602,8.234850058516889
337.2556934999957,7.776792769037492,8.223060932208275
337.3135712000003,7.787356387138659,8.212625370960778
337.35897609999665,7.797319397796701,8.202667957314887
337.4071507999979,7.806394447792174,8.193599038193955
337.46026580000034,7.814723610500004,8.18527378224213
337.51410490000126,7.822303681718353,8.177618526932413
337.5610757999966,7.828832000942949,8.170781648445796
337.6054790999988,7.834900441486998,8.164790409492275
337.6686544999975,7.8401273151079245,8.159270554273858
337.7126680000001,7.845169165026564,8.154510405866027
337.7623464999997,7.849259557673473,8.15009702875312
337.8073118999964,7.853604283081449,8.145977110884623
337.8568834999969,7.857109895342776,8.142381699977088
337.9119776000007,7.85945471288873,8.139909958984187
337.9603999999963,7.860752381290146,8.138601408960456
338.0053717999981,7.8611319533684645,8.138511062770128
338.05816259999847,7.860396955730211,8.139232350499745
338.1080617999978,7.858943073727829,8.140976191162546
338.1642980999968,7.855270559178427,8.144671077302158
338.2125473999986,7.849489374760682,8.150434448645061
338.2574258999957,7.840773193359253,8.159182480652666
338.3157405999955,7.828010242756202,8.172000960573968
338.36291569999594,7.808616164726695,8.191380502813583
338.41237340000225,7.778366445821738,8.221609705754483
338.45971879999706,7.7264843681620174,8.27346457862978
338.51405610000074,6.583122999072749,7.413237461007918
338.56163789999846,5.862359730604539,6.506632066945276
338.6067882999996,4.984684168847238,5.619074988137621
338.6593267999997,4.084948716718013,4.789088257922586
338.71615819999715,3.2226580273309136,3.854823565834439
338.76691249999567,2.365231433334975,2.902792142580091
338.8140816000014,1.4900452135834803,2.0357260120540253
338.8574818999987,0.6145364278296119,1.163070886102207
338.9073602999997,0.00018165996827931442,0.3259268603173609
338.95558339999843,-0.0005526208925700061,-0.00023172146760312598
339.01329350000015,-0.000554520290098164,-0.00023004004212649382
339.06234830000176,-0.0004237604650188328,-0.00016694419143776143
339.10615269999835,-0.00037887861932319134,-0.00014488712176700128
339.16240039999684,-0.00036467676641836007,-0.00013790115760428412
339.2125124000013,-0.00036050622646052315,-0.0001358561347754258
339.25572519999696,-0.000359360508695415,-0.00013529831620631165
339.3061891999969,-0.00035706266294839687,-0.0001342513320846884
339.36047159999725,-0.00035623331081697965,-0.00013385272154011602
339.4105512000024,-0.0003561350202635053,-0.00013380687828869878
339.4546862999996,-0.0003560839451304933,-0.00013378581363867448
339.50941189999867,-0.0003560556896214496,-0.00013377606018507413
339.5559754999995,-0.0003560356201753445,-0.00013377029581831243
339.61177950000274,-0.00035601797732149996,-0.00013376570030545327
339.6551561000015,-0.00035600100108996833,-0.0001337614057740561
339.7077253000025,-0.00035598418181066564,-0.00013375716118049059
339.76509179999994,-0.0003559673800506823,-0.00013375289738006674
339.80633549999766,-0.0003559505599054057,-0.0001337485960985136
339.8633533999964,-0.0003559337121710868,-0.00013374425300596133
339.9059494999965,-0.0003559168352268002,-0.00013373986673683564
339.9645689999961,-0.0003558999280511407,-0.00013373543642516254
340.01607499999955,-0.00035588299098827735,-0.00013373096203763535
340.0559396000026,-0.0003558660237162455,-0.00013372644325228945
340.1100778999971,-0.0003558490264126808,-0.00013372187962503557
340.16256469999644,-0.00035583199904427664,-0.0001337172709560336
340.2146868999989,-0.0003558149414556017,-0.00013371261680119432
340.26393870000175,-0.0003557978539464163,-0.00013370791674973515
340.31145480000123,-0.0003557807360726311,-0.00013370317075724725
340.3594044999991,-0.00035576358841156225,-0.00013369837841294808
340.40730910000275,-0.00035574641051912037,-0.00013369353926164618
340.4625031999967,-0.00035572920255073676,-0.00013368865322562593
340.5132538999969,-0.000355711964584127,-0.00013368371957214018
340.5604123000012,-0.0003556946965304733,-0.0001336787383011889
340.60722440000245,-0.0003556773983675712,-0.00013367370881325167
340.66525230000116,-0.0003556600703507719,-0.000133668631086124
340.7119743000003,-0.0003556427122913377,-0.00013366350462020555
340.7567829999971,-0.0003556253243446995,-0.00013365832902691827
340.8116799999989,-0.0003556079064109375,-0.00013365310387327518
340.86416830000235,-0.00035559045865658507,-0.0001336478289927428
340.9071743999957,-0.00035557298093731317,-0.000133642503896823
340.96218360000057,-0.00035555547354177986,-0.0001336371283856757
341.00501839999924,-0.00035553793633675824,-0.0001336317018708826
341.0582940000022,-0.0003555203693888619,-0.00013362622404158135
341.1068155999965,-0.00035550277293123746,-0.00013362069469793173
341.15713649999816,-0.00035548514656420484,-0.00013361511309608432
341.2073014999987,-0.00035546749066523966,-0.00013360947912501687
341.25959149999835,-0.0003554498054341822,-0.00013360379246276464
341.3130093,-0.0003554320905934768,-0.00013359805243209167
341.36200760000065,-0.0003554143462430433,-0.0001335922589330778
341.4080096999969,-0.0003553965728491755,-0.00013358641127738478
341.4642088999972,-0.00035537877013431754,-0.0001335805092318658
341.5128382999974,-0.00035536093823169637,-0.00013357455239684053
341.5594149999961,-0.00035534307726343636,-0.0001335685402282997
341.6164088000005,-0.00035532518729615095,-0.00013356247245978987
341.6677703000023,-0.00035530726821881783,-0.00013355634846958604
341.70897310000146,-0.0003552893205532419,-0.0001335501681688704
341.76201939999737,-0.00035527134408848063,-0.0001335439307471801
341.8121533000012,-0.0003552533389022498,-0.00013353763596026614
341.86150120000093,-0.00035523530538312723,-0.00013353128336403928
341.91085049999674,-0.000355217243231353,-0.00013352487222575242
341.9633310999998,-0.0003551991529465273,-0.00013351840256760984
342.0111795999983,-0.0003551810344398322,-0.00013351187346812655
342.06392960000085,-0.0003551628878666991,-0.00013350528488289358
342.1132011000009,-0.00035514471340476365,-0.00013349863605695931
342.1652256000016,-0.00035512651096520796,-0.00013349192641300776
342.20795830000134,-0.0003551082810920414,-0.0001334851557289943
342.260351799996,-0.0003550900236298326,-0.00013347832333878513
342.3127797999987,-0.0003550717387451151,-0.00013347142865396204
342.36574429999746,-0.0003550534267709558,-0.000133464471574605
342.412937299996,-0.00035503508765184354,-0.0001334574510460021
342.4615386000005,-0.00035501672174304976,-0.0001334503670237444
342.51381070000207,-0.0003549983290445743,-0.00013344321860855125
342.5657868999988,-0.0003549799098561775,-0.00013343600552286698
342.6122080999994,-0.00035496146439990394,-0.00013342872708945543
342.6630342999997,-0.0003549429926757537,-0.00013342138256446727
342.707797199997,-0.0003549244951944292,-0.00013341397178136892
342.76473270000133,-0.0003549059717338859,-0.00013340649377426649
342.8116607999982,-0.00035488742279372426,-0.00013339894833221754
342.86139320000075,-0.0003548688485515799,-0.00013339133460035034
342.907498499997,-0.00035485024927390624,-0.0001333836521123712
342.9625756000023,-0.0003548316251827481,-0.00013337590001340848
343.014485599997,-0.0003548129764002298,-0.0001333680780037018
343.06212219999725,-0.00035479430318170274,-0.00013336018520617514
343.108138399999,-0.0003547756057936205,-0.00013335222134327267
343.1563341000001,-0.00035475688477999224,-0.00013334418547130482
343.2069918999987,-0.0003547381400742046,-0.00013333607684642217
343.2627407999971,-0.00035471937219806244,-0.00013332789512445555
343.31277509999927,-0.0003547005812514859,-0.00013331963942832882
343.36309549999714,-0.0003546817675675417,-0.000133311308747739
343.41373739999835,-0.0003546629315570127,-0.0001333029029383571
343.4567790000001,-0.0003546440735196587,-0.0001332944211009025
343.5122526999985,-0.0003546251937108312,-0.00013328586224727664
343.55495820000215,-0.0003546062924302904,-0.00013327722588898146
343.6109149999975,-0.00035458737028865907,-0.0001332685112488608
343.6620805999992,-0.00035456842727483475,-0.00013325971758306525
343.7095945999972,-0.0003545494639550314,-0.0001332508440478253
343.76360379999824,-0.00035453048070672473,-0.0001332418896994514
343.80580010000267,-0.00035451147799620843,-0.00013323285372748075
343.85870969999814,-0.0003544924560566294,-0.00013322373558790403
343.9138043999992,-0.0003544734156096325,-0.0001332145344258495
343.95592329999636,-0.00035445435683285345,-0.0001332052490533786
344.0081752999977,-0.00035443528012597255,-0.00013319587866002846
344.0575936999958,-0.0003544161861995325,-0.00013318642279060763
344.1138673999958,-0.00035439707516455573,-0.00013317687973537273
344.1554682999995,-0.0003543779479536295,-0.00013316724931668796
344.20552039999893,-0.0003543588047221849,-0.000133157530069059
344.26576560000103,-0.0003543396461918671,-0.00013314772137076094
344.31263829999807,-0.0003543204727623563,-0.00013313782201165075
344.3545129999984,-0.0003543012851663997,-0.00013312783124787888
344.40920180000103,-0.0003542820837370643,-0.00013311774758064431
344.4563563999982,-0.0003542628693070172,-0.00013310757031050657
344.5050721000007,-0.0003542436423980633,-0.00013309729824952698
344.5549420000025,-0.0003542244033765762,-0.00013308693027638027
344.6066967000006,-0.00035420515316404104,-0.00013307646512541224
344.66282879999926,-0.00035418589253761394,-0.0001330659019417511
344.70632789999945,-0.0003541666221079175,-0.00013305523953745826
344.7608020999978,-0.00035414734228573423,-0.00013304447622499474
344.8131214000023,-0.0003541280540591627,-0.00013303361113838655
344.8580062999972,-0.00035410875824976783,-0.00013302264321181956
344.9145458999992,-0.0003540894553904568,-0.00013301157073555036
344.9591553999999,-0.000354070146558146,-0.0001330003925660492
345.01124829999753,-0.0003540508323412535,-0.00013298910720451504
345.06412999999884,-0.0003540315137944911,-0.00013297771337419137
345.11364820000017,-0.00035401219182824183,-0.00013296620967619715
345.1599948000003,-0.00035399286699761717,-0.00013295459435638005
345.2124318999995,-0.0003539735406570892,-0.00013294286640443712
345.26249839999946,-0.0003539542137503475,-0.00013293102395519366
345.3062945999991,-0.0003539348870323437,-0.00013291906527670172
345.3592917999995,-0.0003539155616799143,-0.00013290698904779594
345.4057055000012,-0.0003538962388809977,-0.00013289479321456374
345.4578637000013,-0.0003538769197014082,-0.00013288247647804416
345.5130716999993,-0.00035385760520695997,-0.00013287003685093796
345.56422929999826,-0.0003538382968298405,-0.00013285747257909278
345.61388140000054,-0.00035381899541381945,-0.0001328447816641072
345.66271089999645,-0.00035379970253541343,-0.0001328319621297842
345.7067982000008,-0.0003537804196379124,-0.0001328190122330737
345.7626511999988,-0.0003537611478093349,-0.00013280592982014292
345.80557659999613,-0.000353741888592891,-0.00013279271255952358
345.8612572999991,-0.00035372264352068845,-0.00013277935844171202
345.91210699999647,-0.0003537034141581417,-0.00013276586523515993
345.9561266000019,-0.0003536842021816875,-0.00013275223081934132
346.0088706000024,-0.0003536650090124113,-0.0001327384523298808
346.06354859999556,-0.0003536458366709191,-0.00013272452790160372
346.11099580000155,0.41131235264051413,-0.6302340148505093
346.1621842999957,0.5888674278153502,-1.0006363650566585
346.2149324999991,0.7401270839109818,-1.3295733854592588
346.2560796999969,0.8915100232765735,-1.588092950989557
346.31291059999785,1.0986562203390218,-1.8300640404735236
346.36323149999953,1.4362225301660287,-2.0168173488608456
346.407003100001,2.0329513640401267,-2.343917666073292
346.46316379999917,2.2666523849069553,-2.5044056579886997
346.506034500002,2.103871050360556,-2.4207904100570223
346.565694799996,1.9394733976784162,-2.296522473730132
346.6069772999981,1.7852329151939672,-2.0458477048486268
346.6557018999956,1.645252397453114,-1.6457331285333592
346.7052840999968,1.5237594136369699,-1.5243963118054893
346.7550169000024,1.4149903781500226,-1.41560755309205
346.8151136000015,1.3106271227112303,-1.3106193373392518
346.8570419000025,1.208225501189896,-1.2082736692574179
346.9048161999963,1.9680019755538978,-0.5975137779598692
346.9616290999984,2.4173304046614073,-0.19326356560284436
347.00557149999804,2.8874138091092636,0.2694206079808001
347.06871110000066,3.5200854888902504,0.625890405700024
347.1112353999997,4.272735828434799,1.3194804695674207
347.1581598999983,5.199852022631312,2.2952342038045073
347.2082698000013,6.110289503743884,3.4223278855597328
347.2650566000011,6.944670133426291,4.715173728957134
347.312943500001,7.638004783054881,6.028978621827386
347.3557978000026,8.281192753837443,7.239667595616179
347.4148406999957,8.696205532791977,7.258158207049565
347.4621771999955,8.956858208436968,7.0438968431260935
347.5142730000007,7.806106834124278,6.245851804025374
347.5644706000021,6.978072018595635,5.32499277710037
347.60547999999835,6.149272473364804,4.318399117059556
347.66542910000135,5.245616153418656,3.429200453761908
347.7139685000002,4.303345819920813,2.5930119798898223
347.75522510000155,3.2168751001574774,1.8410489366539415
347.80526259999897,2.281044807160287,1.0573610559504143
347.86397549999674,3.1763896412539117,0.7610521492622748
347.9150834999964,3.600113761132735,0.5075983529987023
347.96408579999843,3.60000891324823,0.15954255302034584
348.0169300999987,3.599983633744574,-0.3874200061910587
348.06216770000174,3.6000441294483645,-1.0242327101912914
348.11432179999974,3.5995242459547714,-2.334311145713649
348.1617855000004,3.599570421877788,-3.1356032051624294
348.2113578999997,3.585763506371197,-3.5999839375988563
348.258155800002,3.543916000843646,-3.600016995626729
348.31845059999614,3.5502634789809995,-3.6001745939392507
348.36304129999917,3.5994522811252407,-3.60028131603335
348.41192449999653,3.5998149053332416,-3.6000124158278655
348.4645743000001,3.60018977935138,-3.5998525789841054
348.5152789999993,3.6000386677694256,-3.6001182875676965
348.5667601000023,3.599986116212584,-3.6001025076893094
348.60637270000007,3.599762261136072,-3.600200971627833
348.6615837999998,3.599968928852591,-3.600354135752134
348.71358370000235,3.5997353529097422,-3.6003125784853993
348.76772569999594,3.5996779238863414,-3.600087558814146
348.8128321999975,3.5627320077707796,-3.563046138036215
348.85522160000255,3.3094927443544266,-3.3098583316704784
348.90674659999786,3.0732973789737708,-3.0737042342965717
348.9689397999973,2.8559940773708443,-2.8564311511782727
349.0134644999998,2.6567878467600132,-2.657269814339726
349.06164819999685,2.474110964078018,-2.4746488963934703
349.10983269999997,2.306596056199216,-2.307058887045785
349.1581511999975,2.152359100473501,-2.152358815917831
349.2128823000021,2.009014928629109,-2.0089988437586936
349.25611509999726,1.875635654122142,-1.875649324205099
349.310126999997,1.7522802758625424,-1.7528537500451333
349.3622849000021,1.637086365413535,-1.6376535778565484
349.40959889999795,1.5294641252037684,-1.529905866666935
349.4645208000002,1.4289664832261235,-1.4294119877840004
349.50640179999755,1.3361546662936143,-1.336269302649515
349.55678149999585,1.2501735378241117,-1.247643334637852
349.6057260000016,2.1101648855849415,-0.3584793268814214
349.662802699997,2.490841510601928,-0.0007502178876763735
349.7131995000018,2.976954174377105,0.36626257385860944
349.7655314000003,3.6104582697899086,0.8489675101373374
349.81678609999653,4.422856380340009,1.4299866907639023
349.8590811999966,5.227317744762125,2.1889428662796635
349.91343159999815,6.056267872427581,3.3384160844710946
349.9635916999978,6.90245895943493,4.642457945188212
350.0073493000018,7.636878241847267,5.905869566959421
350.065952500001,8.36838137449189,7.054033789103299
350.11228259999916,7.30622396798777,6.123238658263894
350.162232900002,6.299403495315088,5.3786444370107995
350.20920710000064,5.293248880859088,4.598493427814934
350.2633586000011,4.274440522514206,3.8194644325854803
350.3052998999992,3.277791922610663,3.0436992115756603
350.3594388999991,2.3300384684853563,2.21189088798652
350.4132576999982,1.4093407569671759,1.3396311794284514
350.4663900000014,0.4880517440897135,0.47114653329323564
350.5137867000012,-0.000291249186635069,-0.0003730924375672246
350.5554888999977,-0.0003055414685597195,-0.00040515425138230204
350.6139189999958,-0.00028095417448116653,-0.00040111677756035174
350.6630019000004,-0.00027559565767310484,-0.00040812120261145496
350.71203519999835,-0.00027636009791754464,-0.0004080203640850368
350.76153650000197,-0.0002747241013459943,-0.00040912729826269277
350.81309789999796,-0.0002752976100309821,-0.0004088266149622115
350.86286950000067,-0.0002750386815190169,-0.0004090466254609203
350.919993800002,-0.00027548342876915666,-0.0004087669321368628
350.9627146999992,-0.0002755721755568533,-0.0004090832667287182
351.0072413000016,-0.00027368747660439077,-0.00041091975423523616
351.0607472999982,-0.0002736105046533555,-0.00041111447535224506
351.11247159999766,-0.00027534406240626186,-0.00040900335377468605
351.15762579999864,-0.00027411545042743885,-0.0004097378043195142
351.21313750000263,-0.0002745876672042321,-0.0004097469789361362
351.2620039999965,-0.00027503428983200286,-0.0004089968830285249
351.31459390000236,-0.00027588898677855504,-0.00040846684664707137
351.35743260000163,-0.00027482588437244607,-0.00040936512597577226
351.41425049999816,-0.00027712140376923915,-0.00040712991429335457
351.4588115000006,-0.00027539023195222607,-0.00040875803576433524
351.5110459999996,-0.00027527767239055457,-0.0004089053383899884
351.55780129999766,-0.0002740270715232437,-0.00041081975322776107
351.6115213000012,-0.0002759871497451993,-0.00040816845378109873
351.6642326000001,-0.00027402998571435434,-0.00041077279557888056
351.7105542999998,-0.00027774302003880975,-0.0004066599010206069
351.7645728999996,-0.0002749634029023432,-0.0004097423052413716
351.8125962999984,-0.0002755203245999918,-0.00040857087818601054
351.86433509999915,-0.00027598569288834194,-0.0004083198161814905
351.9126907999962,-0.00027543439794531116,-0.0004089193252350038
351.9639219000019,-0.00027409781615561824,-0.00041036937945614977
352.01231250000274,-0.0002751798407810742,-0.00040944133797914724
352.0642076000004,-0.00027501979866817835,-0.0004094300758878877
352.1049725999983,-0.0002760277617145424,-0.0004083570553598981
352.15791739999986,-0.00027638530505392296,-0.0004079083368864077
352.211367099997,-0.00027514443763399356,-0.0004090201491397848
352.26175859999785,-0.0002742667113756504,-0.00041039984379830986
352.30636960000265,-0.0002754889494419645,-0.00040886029620889203
352.3657622999963,-0.0002746033983095393,-0.00040965082323051583
352.40473740000016,-0.00027696714619585743,-0.0004072947968343091
352.45610750000196,-0.00027522982637451644,-0.0004096076202781889
352.51320309999574,-0.0002767906535975432,-0.00040746675245072216
352.56113840000035,-0.0002769000866712573,-0.0004080018694569855
352.6138377000025,-0.00027555737274232356,-0.0004085421047579258
352.6624540999983,-0.0002769479083401045,-0.0004078728437668531
352.71192729999893,-0.00027747850027715906,-0.00040697893181128195
352.76279760000034,-0.0002765237898997362,-0.000408000474750413
352.8176456000001,-0.0002766688791070517,-0.00040826222670385925
352.85874319999857,-0.0002753936551583891,-0.00040863603844098025
352.91052969999873,-0.0002761290572198596,-0.0004086974591872472
352.962846800001,-0.0002764456317975236,-0.0004080402651214113
353.01293579999765,-0.0002775428808558051,-0.00040751118878311376
353.05883860000176,-0.0002766605147422953,-0.0004078253474488632
353.11311679999926,-0.0002758144818318982,-0.00040908232861246684
353.15624189999653,-0.0002762716634355849,-0.0004082243315057684
353.2127823999981,-0.0002758301424380435,-0.00040914071998198425
353.25772609999694,-0.0002760127929993861,-0.0004081211687829594
353.3143256999974,-0.00027858444281471037,-0.0004058595606266462
353.362570199999,-0.0002752314981372447,-0.00041005084827693797
353.41135470000154,-0.0002762071543042148,-0.0004081909996573758
353.45711660000234,-0.0002754670700436714,-0.0004094220296131301
353.5115325000006,-0.000275127517823996,-0.0004097874636961252
353.55546080000204,-0.0002756357554537563,-0.00040899481981226043
353.6098595000003,-0.00027685590514615215,-0.00040806857023521976
353.66670840000006,-0.0002785460861080106,-0.0004064384358743844
353.7097979999962,-0.0002756915030380829,-0.00040984034718260414
353.76304259999597,-0.00027608373881527496,-0.00040885919501198076
353.8185078000024,-0.0002784661542357782,-0.0004061723100974126
353.8573039999974,-0.00027616612045012237,-0.0004092100735604203
353.91295700000046,-0.00027710495559308477,-0.00040809791716010996
353.95481550000113,-0.00027768791054406423,-0.0004073835516933272
354.0129442999969,-0.0002762579279006532,-0.0004089024368887268
354.05993560000206,-0.00027632084531637515,-0.0004090495673854022
354.11331219999556,-0.0002770710786029827,-0.0004074024114293223
354.1552386999974,-0.00027680140226616506,-0.00040854575207370855
354.2039278000011,-0.00027876759053392343,-0.00040664178122605304
354.26601200000005,-0.0002772248498431685,-0.0004078954498727293
354.30522599999676,-0.0002772593653447366,-0.0004078734626384737
354.36285739999585,-0.0002765846811140293,-0.00040858470227233076
354.4119792999991,-0.00027881735889002636,-0.0004064129813137028
354.4603266999984,-0.0002775950934900214,-0.00040748892588048124
354.51109059999726,-0.00027674511367015847,-0.00040839669850422104
354.5554424000002,-0.0002790451929194472,-0.000406341016635042
354.60601889999816,-0.0002779466545813717,-0.00040689510350032235
354.6637494000024,-0.00027939303119984903,-0.00040549495611339733
354.7128453999976,-0.00027702771925353835,-0.00040826379644819376
354.76913010000135,-0.00027730319961428404,-0.00040811446798748536
354.80893880000076,-0.00027702871275881634,-0.0004080636483056892
354.86453469999833,-0.00027734523477852244,-0.0004082076116025287
354.907197200002,-0.0002782966062823232,-0.0004069603549268068
354.9671507000021,-0.00027847554048311316,-0.00040677931590969534
355.0114084000015,-0.0002779890424523627,-0.0004076046885799079
355.0629867000025,-0.0002767106472959593,-0.00040925707508531487
355.1134583999956,-0.00027767143427926723,-0.0004077667929431744
355.1666430999976,-0.00027797422399479055,-0.0004074635381108168
355.2051997000017,-0.0002781596104565283,-0.00040722448773132476
355.2570807000011,-0.0002778124781558456,-0.00040744523667267407
355.30971000000136,-0.0002780783568970918,-0.000407540136738258
355.3596694000007,-0.00027850670620866905,-0.0004070486697822358
355.4155233999991,-0.0002784374253720458,-0.000407185185747435
355.46139109999785,-0.0002790943788969605,-0.00040776407913621746
355.5113956999994,-0.0002794151901856065,-0.0004065428553918618
355.55584819999785,-0.00027984477863930604,-0.00040599413633278096
355.61432849999983,-0.00027702125661200526,-0.0004091429206993704
355.6599886999975,-0.00027834813485262287,-0.00040702282743175397
355.71552469999733,-0.00027840007613722965,-0.00040721126888308647
355.7637969999996,-0.0002793891978217896,-0.0004060083399377398
355.81342289999884,-0.00027823942375694165,-0.00040765092075355306
355.8561082000015,-0.00027805035438567094,-0.0004076893949551556
355.90937719999783,-0.00027850006620900783,-0.00040736534356942955
355.9622438000006,-0.00027971276112016694,-0.00040579072361277913
356.01141729999654,-0.0002783548367916266,-0.0004072283947171707
356.0591973999981,-0.0002783516948382625,-0.0004072656089710715
356.11155110000254,-0.00027961646429409807,-0.0004062021128243657
356.1642264999973,-0.00027806480382731424,-0.0004075137227894519
356.2075599000018,-0.00027888171888513765,-0.0004069806720969754
356.26505409999663,-0.00027791685115497816,-0.00040774604420711167
356.31566739999835,-0.0002789309243248605,-0.0004065851209384801
356.35854370000015,-0.0002792109492059219,-0.00040582541851528575
356.4127690999958,-0.00027983878324623515,-0.0004059598657242076
356.4595324999973,-0.0002789293714226093,-0.00040703572477050645
356.50586949999706,-0.00028111426290146476,-0.0004053875886318249
356.56592210000235,-0.00027905310426880065,-0.00040673705913383905
356.6078531999956,-0.0002788179388594322,-0.00040725142572760293
356.66585399999894,-0.00028017561213324,-0.0004056523499335972
356.7129679999998,-0.00028010860565509606,-0.0004055668968667521
356.7643537999975,-0.0002784411025306234,-0.0004073623332885161
356.8135641999979,-0.0002791607328304194,-0.00040701375374550705
356.8686239000017,-0.0002805626048044826,-0.0004055679312393396
356.9112247000012,-0.00028089011278077756,-0.00040466764782485257
356.96344390000013,-0.00027826184395597235,-0.00040807388366269543
357.0102809000018,-0.00028045442048742214,-0.000405573704221432
357.06574620000174,-0.00028049696466671286,-0.00040557701286368116
357.1170945999984,-0.0002793665031645251,-0.00040674989304555025
357.16222910000215,-0.0002800132605788172,-0.00040596711672400825
357.2150466000021,-0.000280820035303623,-0.0004050852044807722
357.2639627999961,-0.0002788478671970183,-0.0004078508195177619
357.3139413000026,-0.00027855785170761624,-0.0004074340213551104
357.35754359999555,-0.000280964847909974,-0.0004050714270682279
357.40957720000006,-0.0002804791417791026,-0.0004055275805609854
357.46491740000056,-0.0002817806502800777,-0.0004042884504291458
357.5152978999977,-0.0002814259558728984,-0.0004046856863732853
357.5640321999963,-0.00028031606252899833,-0.0004056682631820939
357.6110608000017,-0.00028194689997186893,-0.00040469103527238684
357.6609421999965,-0.0002798633842008419,-0.0004062164268965155
357.7102933999995,-0.00028081221448185493,-0.00040527973689317363
357.7585168000005,-0.0002814881897465086,-0.0004048295621401416
357.8071684999959,-0.4314579710685168,0.3293932848851954
357.8570483000003,-0.7410153895687224,0.6413144685604746
357.9125649999987,-1.025910064557447,0.9936514702901462
357.9654193999959,-1.101862384728605,1.3068030182887396
358.01437109999824,-1.303048027900573,1.5587208105286579
358.05691220000153,-1.760205630280078,1.9539812764691988
358.1082358999993,-2.4597700972147556,2.536613011939602
358.16303809999954,-3.3582426923527944,2.779532180369903
358.2130442999987,-3.5687495483995453,3.0657715468913507
358.26274759999797,-3.2774505292694736,2.923943363786645
358.3106345999986,-3.005151108594562,2.8528266191999836
358.364992099996,-2.7726475920113987,2.7531949496219394
358.4163599999956,-2.5574019586067696,2.556734486677414
358.45745689999603,-2.3600875856320127,2.3597077106269655
358.51594450000266,-2.178943602878657,2.1783600033838995
358.55928819999826,-2.0116340044706424,2.011718050401228
358.61729419999756,-1.858272230710589,1.8579012983211844
358.6636295999997,-1.7166115447749672,1.716623725259531
358.7098879999976,-1.5863846813594469,1.585660488116263
358.76438629999757,-1.4664366891296172,1.4661857259062308
358.81381020000117,-1.3555715486979916,1.355281207666477
358.85951809999824,-1.2533803312354437,1.2529962194251523
358.91314469999634,-0.6456387889459948,1.7836755668754911
358.96494789999997,-0.1314593811677518,2.2667974204906054
359.016063199997,0.30350181232101114,2.812531209756468
359.0589344999971,0.7782379474582292,3.4688663065697085
359.10491499999625,1.6033961266554893,4.304085745823955
359.16385289999744,2.340291326056929,5.1414972813179975
359.21352900000056,3.599805563166341,6.0472198855008905
359.25682889999734,4.838924801703499,6.853473693071075
359.3104682999983,6.087817116309,7.547400618381011
359.361587899999,7.25133959513504,8.17288342589127
359.4084387999974,7.612296636605718,8.388754541448844
359.4608236999993,7.617503892940651,8.382073856258819
359.51019870000164,7.6242834335846315,8.375227359078984
359.5587855999984,7.632273000049251,8.367636099014376
359.6106292999975,7.639838524058649,8.359736753473216
359.66445810000005,7.645083139700507,8.354544372505625
359.70909969999775,7.646467322053606,8.35324688303199
359.7571536999967,7.644255298336296,8.355354269198088
359.81630069999665,7.638584973172222,8.360669441993046
359.8657314000011,7.630017298859673,8.369687165616806
359.91182039999694,7.61624053445293,8.383531247369573
359.96328840000206,7.595441819858707,8.404191256611186
360.0171718999991,7.56403726773549,8.435378586521859
360.0600246999966,7.517309963350095,8.482281872323147
360.1162048999977,7.444905014632651,8.554531476857706
360.15789629999927,7.325205904217267,8.674220089225106
360.2070741999996,6.4237962175250765,7.638735830380495
360.26231140000164,5.551028854637463,6.71752978272793
360.30950740000117,4.693478260670019,5.804856940938137
360.3593586999996,3.8360687964472078,4.881705381065075
360.4130315000002,2.9957782384596476,3.964018927825011
360.46219559999736,2.0507707186463393,3.0253682740714694
360.5181584999955,1.1890439865372824,2.1383285896894715
360.56241189999855,0.34912705963461355,1.256542724422968
360.60608549999597,-0.0004220478606716015,0.5944778399045305
360.6601819999996,-0.0005409422572999891,0.0876008665202468
360.71248139999807,-0.0007214049752035656,0.0002393520744384232
360.7646999999997,-0.0005933722961218525,8.356185512433738e-05
360.8096869000001,-0.0005432505553860065,1.1241221475898583e-05
360.8568446999998,-0.0005227657498118759,-1.929844204441959e-05
360.9136402000004,-0.0005142649585298328,-3.1819640611303806e-05
360.96136359999946,-0.0005108053715018532,-3.6917373158507545e-05
361.0132081999982,-0.0005094094747925143,-3.898792454441154e-05
361.05665469999803,-0.0005088484290937238,-3.98281529534837e-05
361.11299229999713,-0.0005086257734886585,-4.017061662201854e-05
361.1637593999985,-0.0005085400982883906,-4.031169931199371e-05
361.2098769000004,-0.0005085098408251888,-4.037134111460152e-05
361.25509500000044,-0.0005085019989868988,-4.0398057887839726e-05
361.3121439999959,-0.000508503224140211,-4.041146954851066e-05
361.3595903000023,-0.0005085081178589746,-4.0419507907378096e-05
361.4145070000013,-0.0005085144978110968,-4.042538046537354e-05
361.4612613999998,-0.0005085214811805351,-4.043038357441172e-05
361.5103608999998,-0.0005085287113969607,-4.043504118204464e-05
361.5579469000004,-0.0005085360440203581,-4.0439565207643225e-05
361.61233619999985,-0.0005085434210637788,-4.0444041271607145e-05
361.66480919999594,-0.0005085508186019163,-4.0448503924076935e-05
361.71300509999855,-0.0005085582274532267,-4.045296729819169e-05
361.7626418,-0.0005085656433655553,-4.045743677853307e-05
361.817996699996,-0.0005085730650066349,-4.0461915051840816e-05
361.8651161000016,-0.0005085804918546603,-4.0466402939679956e-05
361.9099094999983,-0.0005085879233212136,-4.0470900664095094e-05
361.96983139999793,-0.0005085953596172371,-4.0475408458233065e-05
362.01295799999934,-0.0005086028003985615,-4.047992652193401e-05
362.0643368000019,-0.0005086102459205382,-4.048445498842469e-05
362.1127439999982,-0.0005086176961165539,-4.0488993668967213e-05
362.1596095999994,-0.0005086251508866884,-4.049354266348162e-05
362.21485109999776,-0.0005086326102420441,-4.04981018498434e-05
362.2634462999995,-0.0005086400740715986,-4.0502671438994925e-05
362.31047989999934,-0.0005086475426640098,-4.050725167518524e-05
362.3572009999989,-0.0005086550156973131,-4.051184205881401e-05
362.4096506999995,-0.0005086624932825307,-4.051644291184591e-05
362.4663118999961,-0.0005086699753863561,-4.052105423428092e-05
362.51416240000253,-0.0005086774620309939,-4.052567605942575e-05
362.5636150999999,-0.000508684953283057,-4.0530308531609386e-05
362.6145402999973,-0.0005086924491425457,-4.053495140658276e-05
362.6567167999965,-0.0005086999493541086,-4.053960482867487e-05
362.7136363999962,-0.0005087074540287682,-4.0544268831192404e-05
362.76307819999784,-0.0005087149634107733,-4.054894356956658e-05
362.805741199998,-0.0005087224770227283,-4.055362872183274e-05
362.85765159999573,-0.000508729995453051,-4.0558324709875606e-05
362.9149045000013,-0.0005087375179578923,-4.056303115621937e-05
362.96168000000034,-0.0005087450452922037,-4.056774844944209e-05
363.01195169999846,-0.0005087525767787492,-4.057247632309023e-05
363.05687919999764,-0.0005087601129615383,-4.057721509912847e-05
363.1140233999977,-0.0005087676536074237,-4.0581964633227825e-05
363.1629967999979,-0.0005087751987053036,-4.0586724903183826e-05
363.2129442000005,-0.0005087827479443154,-4.0591495853485325e-05
363.26159879999614,-0.000508790301713037,-4.0596277972630444e-05
363.30768089999765,-0.0005087978599448553,-4.060107077212107e-05
363.36201849999634,-0.0005088054225065433,-4.060587458502409e-05
363.41230319999886,-0.0005088129896090433,-4.061068920039714e-05
363.4626156000013,-0.0005088205609747999,-4.061551476256922e-05
363.5144089000023,-0.0005088281367592442,-4.062035134925593e-05
363.5546392999968,-0.0005088357168402517,-4.062519877171936e-05
363.60669439999765,-0.0005088433013621511,-4.063005717428851e-05
363.66096370000014,-0.0005088508899696712,-4.063492681231466e-05
363.7165096000026,-0.0005088584831624126,-4.0639807430446534e-05
363.75664759999927,-0.0005088660807405347,-4.064469915080865e-05
363.8150373000026,-0.0005088736824819934,-4.064960208442331e-05
363.86240050000197,-0.0005088812886754462,-4.0654516020348156e-05
363.91391419999854,-0.000508888899010031,-4.065944106960546e-05
363.96159479999915,-0.0005088965137410989,-4.0664377376524245e-05
364.01319749999675,-0.0005089041327798322,-4.06693250521268e-05
364.0638149000006,-0.0005089117559263907,-4.067428385216407e-05
364.1118401999993,-0.0005089193834139211,-4.0679253920965026e-05
364.16580650000105,-0.000508927015209117,-4.068423536955199e-05
364.2121281,-0.0005089346511232402,-4.068922807580043e-05
364.2622399999964,-0.0005089422912451088,-4.0694231984199185e-05
364.3112648000024,-0.0005089499357967672,-4.069924761655307e-05
364.3616639999964,-0.0005089575844340464,-4.070427445105729e-05
364.41117490000033,-0.0005089652371569462,-4.0709312643143036e-05
364.46261989999766,-0.0005089728941431023,-4.071436237044602e-05
364.5074726000021,-0.0005089805555701508,-4.071942374398853e-05
364.56475689999934,-0.0005089882208940819,-4.072449639739696e-05
364.6095492000022,-0.0005089958902259183,-4.072958059712486e-05
364.663962300001,-0.0005090035640985667,-4.073467650970567e-05
364.71400880000147,-0.0005090112418792003,-4.0739783901992544e-05
364.7563579999987,-0.0005090189238120679,-4.074490291831448e-05
364.81393399999797,-0.0005090266098305564,-4.075003350316035e-05
364.8612195999958,-0.0005090342999457676,-4.075517594518811e-05
364.90726189999987,-0.0005090419942354175,-4.076033003345541e-05
364.9624263000005,-0.000509049692510768,-4.07654958678823e-05
365.01377520000096,-0.0005090573949938639,-4.077067341516211e-05
365.0641888999962,-0.0005090651014626603,-4.077586259757921e-05
365.1047971000007,-0.0005090728120947932,-4.078106385922282e-05
365.16231759999937,-0.0005090805265238888,-4.078627675600373e-05
365.21311609999975,-0.0005090882450719116,-4.079150154327323e-05
365.26175169999624,-0.000509095967783271,-4.079673834315586e-05
365.3079903999969,-0.0005091036943026953,-4.0801987044629323e-05
365.364642200002,-0.0005091114249077403,-4.0807247625489135e-05
365.41096149999794,-0.0005091191594540772,-4.081252010793977e-05
365.463467900001,-0.000509126898052728,-4.0817804869457065e-05
365.5092439,-0.0005091346405815682,-4.082310134382727e-05
365.5616246999998,-0.0005091423870850069,-4.082840999734405e-05
365.6113710999998,-0.0005091501374298173,-4.083373070788289e-05
365.6626888999963,-0.0005091578918602485,-4.083906368638614e-05
365.7126990999968,-0.000509165650165358,-4.0844408666400285e-05
365.76265859999694,-0.000509173412300737,-4.084976596989001e-05
365.8114476999981,-0.0005091811783774075,-4.085513536370847e-05
365.86738630000036,-0.0005091889483287566,-4.0860517014389124e-05
365.9119206999967,-0.0005091967221214774,-4.086591091082973e-05
365.9616651999968,-0.0005092044998332853,-4.087131717515484e-05
366.01355350000085,-0.0005092122813087493,-4.0876735785159986e-05
366.0631945999994,-0.0005092200666255849,-4.0882166629822854e-05
366.10548310000013,-0.0005092278557060768,-4.088760999780145e-05
366.1618574000022,-0.0005092356486723489,-4.089306563374446e-05
366.21130280000216,-0.0005092434454355841,-4.089853390402549e-05
366.262496299998,-0.0005092512459735775,-4.090401440896425e-05
366.31343280000146,-0.000509259050230818,-4.0909507692570036e-05
366.36392689999775,-0.0005092668582850212,-4.091501342177592e-05
366.4065427000023,-0.000509274670080676,-4.092053167429752e-05
366.46220639999956,-0.0005092824855178624,-4.092606255005491e-05
366.511284799999,-0.0005092903046853979,-4.0931606026843636e-05
366.55973500000255,-0.0005092981276721009,-4.093716210466368e-05
366.6137106000024,-0.0005093059543003354,-4.0942730894537366e-05
366.66325679999863,-0.0005093137846478168,-4.0948312463078064e-05
366.7142393999966,-0.0005093216184925011,-4.095390666595678e-05
366.7558289000008,-0.0005093294561119435,-4.0959513747422586e-05
366.8130022999976,-0.0005093372973285083,-4.0965133596453167e-05
366.86480070000107,-0.0005093451423531384,-4.097076642399091e-05
366.91526449999947,-0.0005093529906307217,-4.0976411863662216e-05
366.96005879999575,-0.0005093608428495969,-4.098207035955629e-05
367.0043525000001,-0.0005093686984990612,-4.0987741822855286e-05
367.06277399999817,-0.0005093765577345458,-4.099342607592353e-05
367.11090429999604,-0.0005093844204228241,-4.099912355174801e-05
367.1640805999996,-0.0005093922867637361,-4.1004834028284094e-05
367.2054110999961,-0.0005094001566351573,-4.1010557605451865e-05
367.26121550000244,-0.000509408029992679,-4.101629426104687e-05
367.31287970000267,-0.0005094159068807096,-4.102204389514904e-05
367.3638334999996,-0.0005094237871660229,-4.1027806674291816e-05
367.405070599998,-0.0005094316708819253,-4.103358275390642e-05
367.46116959999927,-0.0005094395580950301,-4.103937207848172e-05
367.505599899996,-0.0005094474488497464,-4.1045174736835526e-05
367.56496389999666,-0.0005094553429684385,-4.105099051802551e-05
367.6121239999993,-0.000509463240573231,-4.105681989944754e-05
367.6610778999966,-0.0005094711413643634,-4.106266242591017e-05
367.71297870000126,-0.0005094790457082096,-4.1068518363866934e-05
367.7563717000012,-0.0005094869533383159,-4.107438772442008e-05
367.816559400002,-0.0005094948643212957,-4.10802704742629e-05
367.8581705999968,-0.0005095027787903758,-4.1086166913155605e-05
367.9034912999996,-0.0005095106963902849,-4.10920768523603e-05
367.9588048000005,-0.0005095186173430675,-4.1098000103139053e-05
368.01283030000195,-0.0005095265415043947,-4.110393723170561e-05
368.05382929999905,-0.0005095344690963109,-4.1109887849481925e-05
368.11396879999666,-0.0005095424000077941,-4.1115852234023744e-05
368.15637649999553,-0.0005095503338280615,-4.1121830118877536e-05
368.2060590999972,-0.000509558271123327,-4.112782185931468e-05
368.2552194000018,-0.0005095662115383193,-4.113382735541511e-05
368.314790299999,-0.0005095741552173672,-4.113984681812118e-05
368.3639162999971,-0.0005095821020383464,-4.1145879858854835e-05
368.41164220000064,-0.0005095900520123588,-4.115192694390976e-05
368.45902390000265,-0.0005095980050172801,-4.115798786234357e-05
368.51384159999725,-0.000509605961330666,-4.11640627362808e-05
368.5589133999965,-0.0005096139206527563,-4.117015174335713e-05
368.6054711999968,-0.0005096218831056756,-4.1176254572710114e-05
368.66005539999605,-0.0005096298486117082,-4.118237137977099e-05
368.70646249999845,-0.0005096378172041607,-4.118850247540218e-05
368.75737279999885,-0.0005096457888386245,-4.119464760425241e-05
368.8137581999981,-0.0005096537634706904,-4.120080685513951e-05
368.865154799998,-0.0005096617410670516,-4.1206980316881326e-05
368.9083698999966,-0.0005096697217942419,-4.121316798947786e-05
368.9620412000004,-0.0005096777054635231,-4.121937006166701e-05
369.0145190999974,-0.0005096856919749754,-4.1225586233688586e-05
369.05934479999996,-0.0005096936813952118,-4.123181681640502e-05
369.11221439999645,-0.0005097016738574595,-4.123806167658955e-05
369.1547591999988,-0.0005097096692173893,-4.124432136935369e-05
369.2049323999963,-0.0005097176674527965,-4.125059519525693e-05
369.26386939999793,-0.0005097256684193526,-4.12568834207528e-05
369.3133155999967,-0.0005097336723391018,-4.126318629009036e-05
369.3596647000013,-0.0005097416791787376,-4.126950372555402e-05
369.4099836999958,-0.0005097496886718064,-4.127583573824598e-05
369.4568244999973,0.8201417055814881,0.9744611870710053
369.5143867000006,1.4610953212491387,1.8191870973969793
369.5548476999975,2.187103223491555,2.6911392154852316
369.6064053000009,3.023212595584379,3.553589760866274
369.6603314000022,4.0089631680929845,4.328911164391098
369.7083233000012,5.068900340504968,5.062805238804361
369.76513700000214,6.121052346229718,5.764565877352827
369.81264309999824,7.222804499092204,6.522256375688488
369.8555064999964,7.4202240660574725,6.962721124376989
369.9112943,7.335884728643158,7.3546683818218215
369.9618206000014,7.202910392758167,7.833188096750346
370.0051456000001,7.065404769712668,8.430181622447522
370.0568007999973,6.887298152203899,9.08509920555183
370.1122297999973,5.853314744598815,8.176042719782034
370.15584890000173,4.889107646977935,7.315231462630178
370.21166249999806,3.92047260734621,6.458483852635486
370.26449319999665,2.9925476305703986,5.587421653719184
370.31371429999854,2.1990814698048635,4.641697902150548
370.365426700002,1.4203169200194399,3.4973149508483563
370.4114866000018,0.47615478423415986,2.600192729176663
370.46280950000073,0.02530285727814046,1.6770170328852683
370.50561590000143,-0.0012365940041482281,1.0513185755356356
370.5632251999996,-0.000120756779786852,0.46929749351628713
370.61295249999966,-0.000512401698439163,2.5925037838738012e-05
370.65514119999716,-8.846845200868877e-05,-0.0002690653781559566
370.7119221999965,-0.00015620260307452037,-0.00013188175483915449
370.7670724999989,-0.0002576423319470003,-0.0001508191857736834
370.8096332999994,-0.00016438494817600107,-0.00015493922898028963
370.8633179000026,-0.0002346495460384021,-0.0001594939194162158
370.90812780000124,-0.0002240369891273472,-0.00012587129660802734
370.9552521000005,-0.0001265875444357426,-0.00016026412055241882
371.0116732000024,-0.00017554711508900768,-0.00017222296903058904
371.0559050000011,-0.00020303336570903522,-0.0001889164514714326
371.11385919999884,-1.1792902809848091e-05,-0.00016278809810160673
371.1550811999987,7.207738295107351e-07,-0.00023036750709274864
371.21397250000155,-0.00022251134491638029,-8.372976205713956e-05
371.26457649999793,-0.00017927858522189644,-7.530717445199208e-05
371.3058708999961,-0.00011314044562349204,-6.511751157184872e-05
371.35658059999696,-0.0002478256037943939,-8.377780682530349e-05
371.4149875000003,-0.00019293853532629805,-0.00013932701135046998
371.4615374999994,-0.00021254225067736127,-0.00013599676211852968
371.50541220000014,-0.00024425662072974895,-0.00018625317927975708
371.5629790999956,-0.00020104669948861089,-5.8177533723889224e-05
371.6143463999979,-2.841014554724559e-05,-0.0003252083673692624
371.65703999999823,1.030145466708148e-05,-0.00019578077309366623
371.7103946999996,1.5044752466067217e-05,-0.0003135877867492505
371.7643583999961,-0.0002494141733147687,-0.00020051856406432762
371.8134570999973,2.954071470775898e-05,-0.00021687710030106718
371.86354279999796,-1.271805043502375e-05,-0.0003298424450242142
371.9074225000004,-1.5382740636851857e-06,-0.00020223880811153975
371.9617502999972,-4.275872489415969e-06,-0.0003310119221282629
372.01130099999864,-2.609966398561412e-06,-0.000348183131027517
372.0567721999978,-7.178852072804464e-05,-0.0002722659053658858
372.10538789999555,-0.00010442708434653649,-0.00022997299781194914
372.1551718999981,-0.00016595567285965573,-0.00016945253554796156
372.2075010999979,-1.7427437015731567e-05,-0.00026081665519570615
372.2632427999997,-4.830691101580519e-05,-0.0002012439956124939
372.3111504999979,-0.00012338406026891416,-0.00031006268006491074
372.36398929999996,-0.00011055470491305246,-0.00031143054037881924
372.41187969999737,-0.00020592913491124405,-0.00021779480646768286
372.4579920999968,-8.591601490256812e-05,-0.00030984049912459786
372.5118596999964,-0.00010215621321095513,-0.00023777153018738644
372.5617994999993,-0.00010855864892588689,-0.000258140274323222
372.60913430000073,-0.00020484780787222162,-0.0001825197537221572
372.657647,-0.00030720397802315224,-7.062716032020153e-05
372.7175960999957,-0.00013348818094240745,2.142520427741167e-05
372.76232270000037,-0.0002772203064441781,1.6834498128852393e-06
372.806605400001,-0.00029752975663248924,4.3693595042122567e-05
372.864705699998,-2.6280333242946867e-05,-0.0002784197932762623
372.9144582000008,-9.117697081792724e-05,-0.0002887482394412798
372.95471309999994,-0.0001928348692616765,-0.00024617309595271493
373.0107777000012,-0.00016409985420534737,-0.00034038653344884085
373.05547710000246,-0.00010443023402705292,-0.00022531644576798408
373.1172007999994,2.3206063204405164e-05,-0.00032580043598561995
373.16263269999763,-4.264079489506016e-06,-0.0002628358187764895
373.21364950000134,-5.758260634985655e-06,-0.0002280174093874168
373.26419399999577,1.746670025283762e-05,-3.140846018826009e-05
373.31261310000264,-2.334746433965049e-05,-6.450060485724702e-05
373.36182839999674,-5.0601795531559025e-06,-8.847295510658334e-05
373.41141400000197,1.8418688463323162e-06,-0.0003796484732149401
373.46354019999853,-1.883419559202732e-05,-0.000170019518908224
373.5057957999961,3.243537645139704e-05,-0.00024197386007146648
373.5636630000008,-0.000196502273808396,-0.00017268043264202592
373.61188409999886,8.018246782100792e-05,-0.0002897802355409692
373.66354649999994,-0.00016689175612611315,-0.00018570844658746938
373.71302950000245,-4.2029089875089366e-05,-0.00030961687419491245
373.75665149999986,-7.853809285148357e-05,-0.00022559349757170544
373.8121594999975,-0.00021130722921448413,-6.411781995347256e-05
373.8601114999983,-0.00016945527797646807,2.455286063354231e-05
373.9106840999957,-0.00016604847958862437,-3.3961099099619714e-05
373.9634726000004,-0.00011247862321550338,-3.6703837758034484e-05
374.0080431000024,-0.00034672668048956243,-4.302627462097812e-05
374.0585226999974,-0.00036315217329993787,-9.107056085930481e-05
374.1057795000015,-0.0002265499579492727,1.0910659031814146e-05
374.16157279999607,-0.00012167077688707997,4.930401242835325e-06
374.214793799998,-0.00011718696594231975,-2.503800675681741e-05
374.2559354999976,-9.807326691877881e-05,-1.3946795440768419e-05
374.3115508999981,-4.653354042098823e-05,5.44402515290583e-06
374.36425880000024,-0.00020698070428726607,-7.643033494993323e-05
374.4114913000012,-0.00022780120566582408,2.4376013296767447e-05
374.45981590000156,-0.00022506429790983515,1.7951439978974557e-05
374.5109383000017,-0.00020456282215941497,3.713331164781944e-06
374.5633058999956,-0.00026685359564325705,5.824987248109506e-06
374.6058725999974,-0.0002996745519738236,-1.071393462837997e-06
374.6639374000006,-0.00021556956350001123,-1.626017178681198e-05
374.7118315999978,-0.0003020161389759033,-5.546013603923825e-05
374.7601859999995,-0.00035387531294223806,-1.5058090063760185e-05
374.80863639999734,-0.00026990181790675346,1.1178783854159006e-05
374.85584189999645,-0.00033044438088093,-4.870190581933756e-05
374.90609749999567,-0.00030033218241281884,-0.00016938623391710928
374.95641199999955,-0.00026606778192915645,2.6575676859177212e-05
375.0140134999965,-0.00028538704899308103,-0.00012385832396389748
375.0663719000004,-0.000347572264436871,-7.530773082915864e-05
375.11266259999684,-0.00027717267465677484,-6.747944586444504e-05
375.16488430000027,-0.0002968930666317664,-0.00013873636932629072
375.2117352999994,-0.00034041677138321947,-1.7660478668373713e-05
375.2649508999966,-0.00019089938700942723,-9.862952240489653e-05
375.31177469999966,-0.00018801881181993327,-6.74610744045361e-05
375.36289150000084,-0.0003280237335872029,6.153178400142336e-06
375.4060337999981,-0.0002552574333905783,-6.0359199494153547e-05
375.4567457000012,-7.3233247577308985e-06,-2.02683721473214e-05
375.5133674999961,-7.065965463854873e-05,-2.315653693243271e-05
375.55598060000193,-8.153017184716485e-05,-3.3010503441873776e-06
375.6135510999957,-0.0002159599128084441,-5.053487850408422e-06
375.66669980000006,-0.00029370677747701595,-0.00018580393259545888
375.71306919999915,-0.0002720417935367907,-0.00014397727615703587
375.7622491000002,-0.0002358802299820467,-7.688790927280997e-05
375.8046933000005,-0.00017673956482796072,-0.0001272180259804933
375.8564455000014,-0.00013961859133285135,-2.2684628664414036e-05
375.9105391999983,-0.0002794218853300454,4.072096900790535e-05
375.95477499999834,-0.00025881337514274916,4.228970762469269e-06
376.00516680000146,-0.00025157379556247175,-3.5772423612223074e-05
376.055855599996,-0.00020785748171570523,-0.00011661106543725705
376.1085632999966,-0.00018761847785395524,-0.00024184542964961333
376.1617419999966,-9.676993560923407e-05,-0.0002043338826254175
376.2128737999956,-0.00017551660995725367,-0.00014227669413738583
376.26507319999655,-0.0002380234017776379,-6.0761429665546336e-05
376.3142282999979,-0.000284314360421777,-8.493613429258127e-05
376.3639011999985,-5.5472644255922194e-06,-0.00017510003988992337
376.41347329999553,-8.64736234729971e-05,-7.468798940431259e-05
376.4632411999992,-5.9558212395282664e-05,-7.318443503441399e-05
376.5067026999968,2.9793869604804467e-05,-0.0001739262747936923
376.5655925999963,6.586472603992702e-05,-0.0001967733305965222
376.6146293999991,-4.362602625822115e-05,-0.00018893515960647375
376.6568466999961,1.1093388496706927e-05,-0.0001203206224543786
376.7127556999985,-1.0787400006605322e-05,-0.00015026979828262712
376.7565839000017,-5.013680723924446e-05,-0.00015763927010430817
376.8117903999955,-1.5823025034681333e-05,-0.0002719288503597575
376.8633652999997,3.0403833561926004e-06,-0.0003135205422281878
376.911637899997,5.2540800765714196e-05,-0.00032861269279083326
376.95760190000146,2.9172353521760278e-05,-0.00026634236638433024
377.0114917999963,5.564946676811094e-05,-0.0002287050528407078
377.06087529999786,4.916962722538801e-05,-0.0002353415372915909
377.11698369999795,-0.00011469602221325606,-0.00012325234577404752
377.15724529999716,-0.00012270989591124098,-0.00013137640503270835
377.21391199999925,-1.6702460625699022e-05,-6.709169912972445e-05
377.2558152999991,1.2025223272715667e-05,-8.058443530253089e-05
377.3067660000015,-2.1916177428435937e-06,-5.079038851723239e-05
377.36255130000063,-1.6045233652854e-05,-0.0001391177099742392
377.4147453999976,-2.3122833847665212e-05,-9.93849702869255e-05
377.4551199999987,-1.8461767081773438e-05,-0.00017446499560609712
377.5053704999955,-1.5886927595701903e-05,-0.00011031104570912764
377.5616516000009,3.499342771110395e-05,-3.057757753668917e-05
377.61689179999667,-2.8568938215149375e-05,-5.296322065367226e-05
377.65804650000064,-1.534466899101593e-05,-3.951416002182806e-05
377.7114072999975,-2.5739236830825295e-05,-0.0001008863274699473
377.75620720000006,-2.1373657910236985e-05,-4.3021643592084425e-05
377.81560629999876,-8.33135560541412e-08,-3.939140060808255e-05
377.86311659999774,3.0962221675451665e-07,-5.4235729318780103e-05
377.9087505999996,-2.920095513172962e-05,-2.7343222519540773e-05
377.962414499998,-1.9932799633100415e-05,-2.547441280145272e-05
378.0098502999972,-0.00021022507007440692,4.0384366628602e-06
378.0613902999976,-0.0001927823608973532,3.848005345478326e-05
378.11502169999585,-0.0002166087614610297,-0.00024202121454736268
378.1555701999969,-0.00033611310211780523,-4.212923645500721e-05
378.2041753000012,-0.000165832442000805,1.846210802016207e-05
378.2636711000014,-0.00017232197164780458,1.2315740083324141e-05
378.3096707000004,-0.0001935479524985803,1.6563842930598745e-05
378.3623542999994,-0.0002684455756466392,2.0654170385122575e-05
378.40595269999903,-0.00012934514092023848,1.148573571808577e-05
378.4654709000024,-0.0002643070873501306,1.8302570126155235e-05
378.5117109999992,-0.00018136507555796097,1.2681840466666638e-06
378.5625934999989,-7.846195998480587e-05,-5.149236584905147e-05
378.60949000000255,-1.9713360910351893e-05,-0.00021378759306213334
378.65892259999964,-8.437081149289691e-05,-0.00019496340566436957
378.71399250000104,-4.140532807731988e-05,-0.00018010048651336758
378.7623423999976,-2.9508987142739162e-06,-0.00015215982863707496
378.81173839999974,1.9137299445155195e-05,-0.00015515995767117056
378.85577360000025,-8.272955598361586e-06,-0.00014122311561296094
378.91441369999666,-0.0001481733311271922,-6.012492955737033e-05
378.9612154999995,-0.0002515650388893074,-6.365226790100777e-05
379.0110180999982,-0.00031464423808677495,4.793571948273866e-05
379.0640531999961,-0.0002877333288412721,-3.736714918604146e-05
379.10757719999674,-0.00019733594729419768,-0.0002804477300392267
379.1615275000004,-0.00014600900594145125,-0.00013122709106041074
379.2037324999983,-0.00018525122343923737,-0.00023016089194553477
379.25521350000054,-0.0001875142793374733,-0.0001497740259927386
379.3054273000016,-0.00019738254093425503,-0.0001671501944968173
379.36618309999903,-0.00018065942349895238,-0.00014996121767711426
379.4095591000005,-0.00024928947840481536,-0.00016313482033031282
379.4554594000001,-0.00015453248745094287,-0.0001402634684845308
379.512052099999,-0.0001863224504130311,-0.0001078541879030371
379.56792380000115,-0.0002144296677222409,-0.00016914586291622762
379.606257200001,-0.00022745775719615948,-0.0002234662619285121
379.6623716999966,-0.00024560830378412483,-0.0002570759401801785
379.71284059999743,-0.0001880906545405948,-0.0001947234436030368
379.76304929999606,-0.0002048424742386868,-0.00021377938974632892
379.8065856999965,-0.0001864768283345887,-0.0002197788054661086
379.86283679999906,-0.0001785679052403651,-0.00019211883905987826
379.9080105999965,-0.00016779851328436202,-0.0002489625031468344
379.95644059999904,-0.0002763628133676317,-0.0002806009674286711
380.0115003999963,-0.00020036320751448046,-0.00024186176901280914
380.06652349999786,-0.00015062379196144197,-0.00019389436162218907
380.1124254000024,-0.00023795154089372773,-0.00023818717166417908
380.1554787999994,-0.0002797633527066427,-0.0002981580922604629
380.20570240000234,-0.00021152617815124318,-0.00021861918764211986
380.2611539999998,-0.0002084021910155939,-0.0001877939317720164
380.31151780000073,-0.00017740487782154788,-0.00023484560527391564
380.35959020000155,-0.00013459363086289964,-0.00016509676168413828
380.40509899999597,-0.00010317937348967981,-0.00014469230018591115
380.45440589999635,-0.00019201137760902913,-0.0001588804606102392
380.51347330000135,-0.00020732872474416386,-8.184019861808734e-05
380.5652304999967,-0.00016915831250203435,-0.00010117300909283285
380.6150693000018,-0.00011154598216222734,-0.00016114599061828075
380.6620239999975,-0.00021170299522333847,-0.00017441034003713748
380.7104543000023,-2.3488167755235978e-05,-0.0002863065012518569
380.7637426000001,-8.620474025730408e-05,-0.00024265704272636015
380.81299249999574,-0.0001470537619009753,-0.00021572252919567703
380.86309130000154,-0.00025951817577172045,-0.0002729458770115433
380.90998460000264,-0.00017081489798193974,-0.0002145756669238584
380.963676899999,-9.906109350597524e-05,-0.00016420194457483897
381.01300179999816,-0.00017146886408543271,-0.00018287188785512138
381.0661403999984,-2.6449294621168892e-05,-0.00015127247844375018
381.1117393999957,-0.23020243360026685,0.469743729704218
381.15456479999557,-0.42630259446073376,0.8867883147772163
381.2141797000004,-0.6406628942023335,1.3310637052875585
381.2584901000009,-0.9922543229255059,1.7407737806705714
381.3128706999996,-1.8220368513686676,2.4890513182674616
381.3607552999965,-2.435031657120981,2.9747594741360968
381.4053492000021,-3.1505255276201534,3.370284892714757
381.46478670000215,-3.600693027599235,3.600007423949402
381.51269049999974,-3.6015788125785635,3.6001575287764602
381.55754960000195,-3.601172314282198,3.6001870189786516
381.6055011999997,-3.6006187030924526,3.600054365442752
381.6567892999956,-3.5999109974753165,3.6000656194637553
381.70809819999704,-3.4741989801359576,3.4745861154373294
381.7641982999994,-3.2067059768304667,3.207026129193372
381.8116936000006,-2.9585835552799202,2.958172779485767
381.86199289999786,-2.7297664097872,2.7292234834229543
381.91488299999764,-2.5186719963388486,2.5183295750730195
381.9548749000023,-2.3242104629460196,2.3240722860402436
382.0094883999991,-2.145382542915228,2.145329458919271
382.06510539999726,-1.9817175762640877,1.981568101442059
382.11097000000154,-1.8300523632981183,1.8303550104088708
382.15954509999574,-1.6918987089048585,1.691303509362841
382.2117333999995,-1.5631200834477283,1.562513958173643
382.26151469999604,-1.44423660502324,1.4436251202399948
382.3135287999976,-1.3351096617320168,1.3343853109242345
382.3630608999956,-1.233432432512108,1.2330192068377797
382.4117455000014,-0.7486527647019386,1.8467998253760696
382.4548519000018,-0.306624910699254,2.320853511711072
382.51347389999864,0.15851513764624595,2.8381067504257507
382.56199399999605,0.693874614292428,3.4345860953952845
382.60914429999684,1.3615542903262392,4.182843327804057
382.65622350000194,2.5619337979615984,5.053492254579265
382.71304699999746,3.840572939046182,5.970836769312922
382.7635383000015,5.164671686036238,6.743052441732329
382.8142133000001,6.418857885556557,7.445035643508909
382.8616643999994,7.5386703271735005,8.113250970578642
382.9063221999968,7.549663694460762,8.45047018336965
382.9660997999963,7.548130632996968,8.451698486954587
383.01626289999695,7.55447894465763,8.44531283650859
383.06341760000214,7.562923889228601,8.436777152099348
383.112898899999,7.570068636693084,8.429782349563807
383.16463049999584,7.573774481715618,8.425792328372893
383.2110008000018,7.574575118667553,8.42515905468661
383.2560766999959,7.571254233727618,8.428697473131699
383.3124284000005,7.563838623208465,8.436154828642184
383.36293869999645,7.5516384714930895,8.448056609026919
383.41530809999676,7.534045522677664,8.465802534579277
383.462620899998,7.507732560307455,8.492007076947736
383.5083949999971,7.467781654559282,8.532068454085667
383.5652203999998,7.407986416545263,8.591876445529332
383.6078578000015,7.314669886573892,8.685295238229676
383.66139190000104,7.158562453610301,8.841079164225011
383.71504560000176,6.104526029082038,7.960742086881916
383.76365899999655,5.222625282125892,7.068161129425162
383.8079491999961,4.383144604801256,6.150748285237738
383.86240309999994,3.546949909817818,5.230750737299468
383.90467940000235,2.7177148085004665,4.28556157240213
383.9557799999966,1.7916404806975037,3.313712905813124
384.00790250000136,0.9715240953153568,2.3604260139261073
384.06199560000096,0.37073797371964295,1.3964436875125377
384.1065990999996,-0.000104730007311027,0.675487975642394
384.16475229999924,6.376604567709743e-05,0.15057840782285367
384.2061160000012,-0.00014472883783104288,-0.00044769092851859984
384.263870099996,-0.00039315428040981326,-0.00014650735141744843
384.30610439999873,-0.0004379500700043271,-0.00026078362784818257
384.36253510000097,-0.00039895577769240585,-0.0002519106434453925
384.4127602000008,-0.00021929477708206772,-0.00035043831125897
384.46105440000247,-0.00019194328067538157,-0.0003641287840921764
384.5061213000008,-0.00030981786166602346,-0.0002979589686206634
384.55870270000014,-0.0002862921822392146,-0.0003704366588813615
384.61336070000107,-0.00021142973163935507,-0.000394848139251896
384.66255100000126,-0.00012766504037266244,-0.00039899158671482
384.7061173999973,-0.00018626179556522,-0.00041336955504190216
384.76053420000244,-8.654122907744515e-05,-0.00043248386659773037
384.81353809999564,-0.00020986005995227885,-0.0004799368789507686
384.86500639999576,-4.330979021531321e-05,-0.000464141473955632
384.9120733000018,-0.00013562738970254224,-0.0004411878272499822
384.9639720999985,-0.0002577041207655066,-0.00036720244319719727
385.0115577999968,-8.607961308756731e-05,-0.0004767432060579471
385.06384750000143,-6.248325052921289e-05,-0.0005527220481317114
385.1173859999981,-0.0005668732579690561,-0.0001101354093925258
385.1552718000021,-0.0004880534198346399,-0.00026896021818633526
385.2120794000002,-0.0005042414601984449,-0.00023200951230233015
385.2570801999973,-0.0003685570324990393,-0.0001890225497238387
385.31410579999647,-0.0003625814193169717,-0.00022762544221758353
385.35645069999737,-0.0004929325060086291,-0.00024083020545601042
385.41249329999846,-7.910686387065564e-05,-0.0004597562208283238
385.4567679999964,-8.736704227305e-05,-0.00046732606868800754
385.5131177000003,-6.336442903715147e-06,-0.0005562261510173599
385.56485650000104,-2.8682595631960947e-05,-0.00052701565368516
385.6111005999992,1.0718568577160232e-05,-0.00043202043250662624
385.66180339999846,-0.00014235013957045452,-0.00037930418531674834
385.7127965999971,-2.4348681049191077e-05,-0.0004755518713825882
385.7631337999992,-7.885592888675235e-05,-0.0004458768331335716
385.8108530000027,-4.064209772617738e-05,-0.0005020343216598346
385.85615819999657,9.179524504418846e-05,-0.0006055588836610164
385.9147303999998,-4.253922805678727e-05,-0.00044657933814329376
385.95933559999685,4.50686895415023e-05,-0.0005500515071211467
386.009965199999,2.6412496667595716e-05,-0.0006922683367014539
386.06341840000096,-9.652866664886788e-05,-0.0006688455224353693
386.114015799998,3.28401427496539e-05,-0.0006733558271095868
386.165957899997,-3.422255886456969e-05,-0.0006753370598763344
386.2116124000022,3.5881679355564484e-05,-0.0006733413711731387
386.26140779999696,-2.530570291650135e-05,-0.0006042501623519081
386.3123198999965,-2.603714691631497e-05,-0.0006780520025248264
386.3648065000016,-0.0004683752696641111,-0.0004072240899273127
386.4134943999961,-0.0003987279412315964,-0.00033756460905467567
386.459388999996,-0.0005305639354258265,-0.0003394908310921096
386.5080424999978,-0.00046459512103109383,-0.00024368940332337047
386.56573709999793,-0.0006253101729041587,-0.00010374813790302493
386.60711459999584,-0.0005232994589165668,-0.00016104241858954938
386.6618331999998,-0.0005517469528938194,-0.0002156166216129732
386.70873199999915,-0.00015381838497379138,-0.0006430206111590893
386.76504349999595,-0.0003196131469822387,-0.0004259718942030577
386.8079637999981,-0.00011476016784095455,-0.0005747019938175759
386.8562793000019,-1.8706680265951178e-05,-0.0005386125138684723
386.9139644999959,-8.500725613988173e-05,-0.000579347255137646
386.95818119999603,-0.00018593233029903946,-0.0005160216907117858
387.01422530000127,-0.0002522343757086119,-0.0005951986579169942
387.0610360999999,-0.00011614651695979308,-0.0006566415533999509
387.1106131999986,-7.800912970597562e-05,-0.0006488539249133804
387.1576741000026,-0.00014862989744527833,-0.0006081523911919877
387.21185149999656,-0.00019011170464009632,-0.0006300721866153214
387.26052589999745,-6.099370858386741e-06,-0.0006943180377436964
387.3107718999963,-0.00012719951131846756,-0.000621515389477756
387.3558367000005,-0.00010377495411893945,-0.0006596056946102295
387.4144360999999,-0.00010639686608425922,-0.0005459079115988728
387.46198379999987,-0.00017342670001214882,-0.0006092169756348161
387.51143389999925,-0.00025274942200866643,-0.0005489111511115201
387.55942009999853,-0.00012604045541720984,-0.0005920918592764047
387.61128389999794,-0.0001300133300464909,-0.0005894160993849555
387.6617408999955,-0.00017294211145397874,-0.0006110476708635703
387.7111728000018,1.0080400464360942e-05,-0.0007094193211342427
387.7626769999988,-0.0003973726219692175,-0.00018030577333424358
387.8105729000017,-0.0003571588331590809,-0.00023569239004954913
387.8594632000022,-0.00041703583278442243,-0.00022739447311818142
387.91369680000207,-0.0006111151327329947,-0.00015479369120956568
387.9576737000025,-0.0005385742733410609,-0.0001671372447666402
388.01230580000265,-0.0003686549554132613,-0.00034825545327570745
388.0620329000012,-0.0005212129507614165,-0.0003358302588245734
388.11433820000093,-0.0002587944977320034,-0.0003130574142255722
388.15484789999755,-0.0002303437785958035,-0.0003056812550643136
388.2049793999977,-0.0003618389968046135,-0.00030950091094479864
388.26496770000085,-0.00014194453026320167,-0.0003824609649433467
388.3119574000011,-0.00017752246099807681,-0.0003754820884222035
388.3620307000019,-0.0001155203457005043,-0.00040489146515618836
388.4123200999966,-0.00016166070536133092,-0.0003462788045754278
388.4632966999998,-0.00019606791532032918,-0.00035896381174234957
388.5113756999999,-0.0006915410958616781,-0.00021607184113061045
388.5592192999975,-0.0005479199462155761,-0.0002902469645075562
388.6154247000013,-0.0004966412805128181,-0.00029744550174053694
388.66240110000217,-0.0003797241907527355,-0.0003471374409152366
388.71214099999634,-0.0004949393868701307,-0.0003971053702762188
388.7617582000021,-0.0005444792926257456,-0.00034590984583409004
388.81170230000134,-0.0002204636624594478,-0.000528224553365526
388.8636303999956,-0.00037953718635743274,-0.00040498794630148394
388.9120507999978,-0.0004885743461977986,-0.00033995935248046336
388.95879969999805,-0.0005483903265946701,-0.00026529464811662895
389.013735499997,-0.0005892067184445907,-0.00021282330829898227
389.0585433000015,-0.0004701936573656421,-0.0002592123770853468
389.10973229999945,-0.0001013580898935184,-0.0004087003886439245
389.16483329999755,-0.00025343175240640636,-0.00034000726963959285
389.20684569999867,-0.00014636138322436006,-0.0003695771873429756
389.2630590999979,-0.00022686341729108954,-0.000291595490065446
389.31128239999816,0.00010464497025585166,-0.0002519427469430307
389.36157139999705,-0.00024902661164312386,-0.000294855533056568
389.4142309000017,-0.0002213904905792564,-0.00033141672766180203
389.4559928000017,-0.0005574261338415838,-0.00019256817758182506
389.51318940000056,-0.0005337024856289038,-0.0003287899830732885
389.5624241999976,-0.00016873453670424726,-0.0005889134842132481
389.60654670000076,-0.0005436196835029697,-0.00013511240758448112
389.66300090000004,-0.0003036582089836524,-0.00023561853055325223
389.7118757999997,-0.00027737606657119693,-0.0003190355119535396
389.75645480000094,-0.00024106914703364574,-0.00030425781300009167
389.8152596,-0.0002592282408289989,-0.0003003257398219136
389.85861950000253,-0.000375089644089616,-0.00028839405956696126
389.91263179999805,-0.00035248642631430585,-0.00024689169437792506
389.95647440000175,-0.00045626121589840166,-0.00023446846720869325
390.01538450000226,-0.00029546946882545873,-0.00026342882133465964
390.0628357000023,-0.00028298827028407563,-0.00025997801752528516
390.1117286000008,-0.0003002882258244495,-0.0002399004565781219
390.16006370000105,-0.0002226269206875562,-0.000393696588130767
390.2154001000017,-0.0002853412462925597,-0.000339501029511996
390.2626988999982,6.90668374548429e-05,-0.0005505315161758753
390.31194849999883,-0.0004889937955452777,-0.00030959844316043593
390.3641658999986,-0.0004488556602352335,-0.00029152846404737674
390.41329140000016,-0.0003026069387905304,-0.00023099862493962175
390.46433190000243,-0.00016643169389890929,-0.0005793341148043799
390.511843399996,-1.8024828662993363e-05,-0.0006315066981360112
390.5623085999978,-8.206307985932837e-05,-0.00040566917993765424
390.6090666000018,5.8790608298330175e-05,-0.0005726838503763143
390.6642603,-8.729156919526251e-05,-0.00046680569081388086
390.71266430000105,-0.00022801527270769484,-0.0003129695119068148
390.7613091999956,3.837923273634264e-05,-0.0005727270919866071
390.810000999998,-0.00012341099730484934,-0.0006029399929567042
390.8636964999969,0.00010876258025326762,-0.0006432487942537321
390.9077793999968,-1.3076359634001913e-05,-0.000681363861867174
390.9621756999986,-3.734864685304239e-05,-0.0005534261121499124
391.011087699997,-0.00031781766416980696,-0.00041788868561167393
391.0605706999995,-0.0004683407248248996,-0.00018051740475774066
391.11249959999986,-0.0006496431121900249,-0.00022054833513942654
391.15635779999866,-0.00059639374605101,-0.00015923699329139574
391.2108070999966,-0.0005596057638069985,-0.00017131893610429128
391.2594829000009,-0.0006070751195034607,-0.0001640080571687085
391.3081388999999,-0.0004762511195364145,-0.00022736410006966062
391.3650882000002,-0.000576793435987036,-9.736198601793335e-05
391.41278559999773,-0.0002909454247305496,-0.0005331174877565353
391.4628752999997,-9.715470183921895e-06,-0.0006593718696508333
391.5064603999999,6.65515733633876e-06,-0.0006504018579062857
391.5560115999979,-0.00016885946008699684,-0.0005994961042269372
391.61338180000166,-0.0003096545481366565,-0.0005346510761461548
391.6627010000011,-0.00022895194426467993,-0.0004851521659308422
391.7077724999981,-0.00016389709975878165,-0.0005901299793734157
391.763146199999,-0.00038965224811786793,-0.00044848348901361347
391.81141339999886,-5.015355880604431e-06,-0.00050002214689968
391.8635448999994,-0.0003820739245214115,-0.00036246943109272193
391.9058165999959,-0.0004559963521507997,-0.0003670915615821961
391.96429550000175,-0.0004892102377705323,-0.000379444909560118
392.0043691999963,-0.0004924567620144279,-0.0003862104296709441
392.0577016000025,-0.00017958403798497985,-0.0006041726462250569
392.10695000000123,-0.00029558289502167214,-0.0005406507510142112
392.1656193000017,-0.00020151388004396395,-0.000554067644299541
392.2119173999963,-0.00010515086062988844,-0.0006576356291661046
392.2626039999959,-0.00011752848251845013,-0.0006340587837233303
392.30804440000065,-2.6848278306148625e-05,-0.0006974816399905546
392.3642006000009,-5.867174470713813e-05,-0.0006241751765239378
392.4108574999991,-0.0003909283293252402,-0.00032513518171172796
392.466311199998,-0.0004067125370494758,-0.0003957953699901894
392.5115184999959,-0.0004531979666940973,-0.0003760429332483413
392.56160709999676,-0.0005718029462044805,-0.0003358652206246952
392.61157490000187,-0.0007783457764003547,-0.00010662057938769721
392.661881,-0.00043225969887445673,-0.0002340622014321168
392.70976990000054,-0.00036404728922021434,-0.00021427265171093662
392.76157519999833,-0.3331580018224176,0.3702674307264544
392.8168697000001,-0.6749698076972162,0.7965822938165403
392.8570174999986,-0.7038115041489211,1.2405798768758918
392.90474050000194,-1.0453742132902522,2.1493102609055166
392.96020529999805,-1.5315832865228651,2.691278425365118
393.01328819999617,-2.1475654311672128,3.212684105168058
393.06453180000244,-2.980056736116569,3.490912443000074
393.1123485999997,-3.6007909290776996,3.5992876820609987
393.161111100002,-3.6000369293181573,3.492298777045932
393.212901699997,-3.599774819851562,3.598650518600562
393.2612968999965,-3.6004844893445695,3.600038069830562
393.3114140999969,-3.6002661154281315,3.5996756450637895
393.35474260000046,-3.6004321499902683,3.599927285965662
393.4097680999985,-3.6001983991681947,3.5998674051642334
393.4569560000018,-3.5627601404455835,3.562252801435645
393.5128822999977,-3.289012075447642,3.2888771259946052
393.5627655999997,-3.032248658793843,3.031778052359213
393.60552859999734,-2.7950994923877825,2.7947718112801736
393.65710299999773,-2.578804336484663,2.5783849588008976
393.7069244000013,-2.380577631065199,2.380035881812718
393.7623652999973,-2.1970045892641847,2.1969543784980923
393.81628349999664,-2.0291683663787987,2.0290718222111503
393.86459209999884,-1.874312466586243,1.8744949655618017
393.91243009999744,-1.7314678409386892,1.7313942692551803
393.9636599000005,-1.6000787734861668,1.5992933553334017
394.01122469999973,-1.4785317919486154,1.4777829870716355
394.06736680000176,-1.3661733498180308,1.3656680797558098
394.10735679999925,-1.262445943979525,1.261849213688513
394.16176959999575,-0.787126122118669,1.7468886584723156
394.2112577000007,-0.35140420316471543,2.3258554475211715
394.2560498000021,0.07905317199144414,2.73976002858807
394.30953829999635,0.6320395093954966,3.3018620782687487
394.35682480000105,1.4100797648249161,4.101784572033386
394.4144077000019,2.376169438814233,4.9404126322291395
394.4561010999969,3.810942234734318,5.723959105116551
394.50694900000235,5.125194916743716,6.489782342190978
394.5635383999979,6.383175281916418,7.1406310632994545
394.61603509999986,7.40833222990996,7.816578902833634
394.6561664999972,7.594787579235553,8.343251200757646
394.71474379999563,7.511279222614494,8.488881585819449
394.7629197999995,7.516121590216981,8.48376551394816
394.81363769999734,7.527532038063565,8.47210551276392
394.86363639999763,7.538434532656953,8.461417652594449
394.9132327999978,7.546251477233464,8.453248881733781
394.96213480000006,7.550278305173809,8.449587237933384
395.00982900000236,7.5512178456836665,8.448632228373677
395.0618515000024,7.549266350465517,8.45032250130787
395.106755599998,7.54384596611543,8.455478009494595
395.1629099999991,7.53413888093492,8.465493351848002
395.2112038999985,7.517598536396082,8.482044815061393
395.25549730000057,7.493322580921434,8.506417532628255
395.30618759999925,7.457219967505448,8.542196422748782
395.35641020000185,7.403743518557161,8.595491455920623
395.4133470000015,7.322478139414466,8.677259984189412
395.46300730000075,7.190721004681821,8.808921326439135
395.51193229999626,6.957462568571702,9.042257281219586
395.5614243000018,5.938529974609604,8.116807556016834
395.60986189999676,5.013971340582512,7.224184417184484
395.66288319999876,4.124896250917704,6.317514713689482
395.7128029000014,3.269777508895904,5.397295659563397
395.76982080000016,2.428719432162814,4.462268347128831
395.80440429999726,1.61371813629282,3.5223141948101566
395.8653032000002,0.8065984126441796,2.60225772133673
395.9119140999974,0.47178439114206744,3.0892060466861815
395.96309219999966,0.1132668370302986,3.5990456309799415
396.0112838999994,-0.4844205087305951,3.5998517740788003
396.0647123000017,-1.231825923942119,3.5994721834921126
396.11292059999687,-1.941819835924703,3.5994491633964403
396.16350599999714,-2.6837731878673194,3.5992834764887998
396.2148340999993,-3.5993245687354296,3.5987247811217205
396.2654528999992,-3.6550995795321692,3.600193515932339
396.31566629999725,-3.6986084458732122,3.599964703972423
396.3627670999995,-3.601216010838407,3.599995734605731
396.4140027999965,-3.600370510712994,3.5998397768436075
396.4630410999962,-3.6000095166916473,3.59978768850213
396.50942829999985,-3.599971547673143,3.600054587848782
396.5590747000024,-3.5999111408799305,3.599871160603012
396.60802590000094,-3.600037123282082,3.599562206844447
396.6635546999969,-3.600003915786595,3.599565213025972
396.71282419999625,-3.6000264536401856,3.599660898188872
396.763764299998,-3.600351719046879,3.5999544253246243
396.81633229999716,-3.600329495373155,3.59973599411284
396.8617424999975,-3.3770762365536156,3.3769321854550935
396.9135898999957,-3.13563353773266,3.1354102243239197
396.9629311000026,-2.915609462460087,2.9154882170979937
397.0134765999974,-2.713267519372283,2.712854800084576
397.0622844000027,-2.5280762199823537,2.5276323862368497
397.1147920000003,-2.3568947271950873,2.3564998461148456
397.1603247999956,-2.199073834829574,2.198500210426197
397.2086184,-2.051751125802774,2.0510246359993087
397.26720170000044,-1.914803990040668,1.915057990278524
397.31023399999685,-1.7888282955803227,1.7882752544709224
397.35957909999706,-1.672257537033871,1.6714812080833292
397.4056016999966,-1.5630759293275212,1.5625883595015766
397.45691069999884,-1.4612658770239848,1.460534618888995
397.51396369999566,-1.366578942745325,1.3660887828625934
397.56370839999727,-1.2783076704432519,1.2778303742755779
397.61010109999916,-0.7085925564121638,1.8130252913753315
397.66493400000036,-0.2825434379991105,2.4440784078744495
397.71722410000075,0.2016172756520917,2.949217927179099
397.76385099999607,0.7007362557413466,3.504736749363749
397.8119413999957,1.418146380398574,4.0488889756513515
397.85640299999795,2.711098041977312,4.891466868761772
397.91269009999814,3.8922850051147155,5.7651993090044105
397.9623251000012,5.190812807158814,6.500336388692254
398.0116694000026,6.455860100406885,7.166502732672226
398.0637123999986,5.326782873771265,6.157357570277008
398.1062498999963,4.5600667639343,5.179357570394363
398.1575451000026,3.7412726239523746,4.187416161484267
398.2159195999993,2.939850576989221,3.1697728207327605
398.264648700002,2.08618838375013,2.222306146623791
398.3124687000018,1.231184611945893,1.2987113285991498
398.3608716000017,0.3837202469361893,0.38314888173229145
398.41011250000156,-0.0004618957521138036,-0.00032492024084662105
398.45970300000045,-0.0004195516463918701,-0.0003014084116962908
398.512834000001,-0.00040154600935490495,-0.0002918746541461875
398.55849959999614,-0.0004035657042329191,-0.0002929562726742656
398.6128011999972,-0.0004027408492041919,-0.00029124839096043165
398.6597796999995,-0.00040101784445419964,-0.0002913593114332386
398.7158356,-0.0003994638850819038,-0.00029107649258711794
398.76681400000234,-0.00040151592655198945,-0.0002904049953404206
398.8141911999992,-0.0003990754186784134,-0.0002893148833397506
398.8627140000026,-0.00039899134645145527,-0.00029041393009335823
398.91052939999645,-0.0004011175643865114,-0.00028988781117825647
398.9595260999995,-0.00040024825951397836,-0.0002904228070813917
399.01280419999966,-0.0003985905933207736,-0.00029003978063749564
399.0582060000015,-0.0003991243967444609,-0.00028895239050400173
399.11303829999815,-0.00039890979461950087,-0.0002900508791818015
399.1633404999957,-0.00039953978490166653,-0.0002891463142699364
399.21422280000115,-0.00040049069129973657,-0.0002889887591454336
399.2634831999967,-0.0004007441399173859,-0.0002904411661401095
399.30830779999815,-0.0004009074526806991,-0.0002891849825052169
399.3583914999981,-0.00040137103399847827,-0.0002908709793473581
399.41258299999754,-0.0004000347392680492,-0.00028927072585097394
399.46066260000225,-0.00040065248397899115,-0.0002901780748691179
399.5063467,-0.00040073595409869636,-0.00028891800809596985
399.56563630000164,-0.00040130810069546473,-0.00029070201370587947
399.615235199999,-0.0003991357763306232,-0.0002884950113028211
399.66281689999596,-0.000398957029890751,-0.0002896979809045337
399.7111719000022,-0.00040059302861613564,-0.0002899415238459035
399.7576016000021,-0.00040080337590017164,-0.000288672683801757
399.8139566000027,-0.0004027413992419849,-0.0002901475038012184
399.8685373999979,-0.00040141316954908255,-0.00029042922626879556
399.91063199999917,-0.00039968000340514175,-0.0002898946372846033
399.9644511000006,-0.0003993105576866785,-0.00028951075655739647
400.01259720000235,-0.00040086014623305085,-0.0002898469866456131
400.06580559999566,-0.0004007646399745933,-0.00028835159263698864
400.1070266999959,-0.00039995477276796057,-0.00028865680511450304
400.1665639999992,-0.0003988139293371215,-0.0002889687417798906
400.21367389999796,-0.0004023800392334011,-0.00028947552381844785
400.26326829999743,-0.0004028185799038468,-0.00028973725300121946
400.3063407000009,-0.0004005641621735659,-0.0002901695539740172
400.36143209999864,-0.0004008114935067587,-0.0002894781759303113
400.40815440000006,-0.0004016914937461062,-0.00029011714346475126
400.4608079999962,-0.0003996686535618543,-0.00028947705939011767
400.51294519999647,-0.00039951638257714367,-0.0002891685867648959
400.561881499998,-0.00040089454183053227,-0.00028930166000621136
400.6106479000009,-0.00040086552290993245,-0.00028867935171242505
400.6655377999996,-0.0003995776997951137,-0.0002889701114509338
400.7131014999977,-0.0003999594786924995,-0.00028916210212984476
400.76216069999646,-0.0004000131225263192,-0.0002878799473363951
400.8124304000012,-0.0004008097658220966,-0.0002884236462445137
400.8617718999958,-0.0004016814422198281,-0.0002894173074977947
400.911280100001,-0.00039989357273403084,-0.00028764345269030595
400.9581610999958,-0.0004019130229632994,-0.0002895839539721927
401.0131986999986,-0.0004011726327919029,-0.000288467529685839
401.06356960000267,-0.00039969125662571946,-0.00028869766124409375
401.10869419999653,-0.00040073325291497516,-0.0002880362567240509
401.15801539999666,-0.00040060261561399794,-0.0002878400178211452
401.20635349999793,-0.000402835382385475,-0.0002887207118277578
401.26266739999846,-0.00040075531471180906,-0.00028794758604214264
401.3116452999966,-0.0004008861632993301,-0.0002879716191731835
401.36134519999905,-0.0004015745985414787,-0.0002875802047056784
401.40902859999915,-0.00040302575293813073,-0.0002886482937562181
401.45612360000086,-0.00040062832047446043,-0.0002876292126700319
401.5135408999995,-0.00040030099227657956,-0.00028852225909573205
401.5637456999975,-0.00040020939718950866,-0.0002871753050918404
401.61193739999726,-0.0004018086473440403,-0.00028883127579684925
401.6564373000001,-0.0004003171150907744,-0.0002884308124787863
401.70415359999606,-0.00040064639310674003,-0.00028725800991261015
401.7566294999997,-0.0004014480319731414,-0.0002892135206104293
401.80451390000235,-0.00040051732463971455,-0.0002885067822425996
401.85448119999637,-0.00040094048303692715,-0.00028869806308931745
401.9041705999989,-0.00040289301565030243,-0.00028807988671256194
401.9553885999994,-0.00040201485482846205,-0.00028725756892092254
402.0131318999993,-0.0004005323800632891,-0.00028822636686279377
402.0557619999963,-0.0004004114583906137,-0.0002868161360861915
402.1063683999964,-0.0004029571610615075,-0.0002877658255799056
402.1547823000001,-0.00040092214428418845,-0.00028705359788086407
402.2119717000023,-0.00040350025134536466,-0.0002893889382352999
402.25685159999557,-0.0004010698440699242,-0.00028840881382033586
402.3074145999999,-0.00040057328574213334,-0.0002878922467534355
402.36128250000183,-0.00040084634579448116,-0.0002867076415839202
402.507629599997,-0.0004007693296454672,-0.00028790930635161404
402.5281998999999,-0.00040102278191575037,-0.0002866120390358197
402.5780104000005,-0.00040052547934995496,-0.0002863210577967153
402.63104770000064,-0.0004012632418343945,-0.0002881108647216089
402.68089099999634,-0.00040357575663627326,-0.0002889099944062581
402.7281127000024,-0.0004008652155113814,-0.0002877366912294178
402.7776926000006,-0.0004015310954736638,-0.00028685414350562553
402.82790569999634,-0.00040227194216876797,-0.0002877172676555574
402.8798422999971,-0.0004027337057627978,-0.0002867010839850118
402.9286331999974,-0.00040247060538797715,-0.0002878111555752186
402.9778340999983,-0.0004011933851917015,-0.0002876840087821242
403.02895290000015,-0.00040090155834012793,-0.00028725151040057047
403.07760810000036,-0.00040356127089033716,-0.00028710023798375503
403.130980599999,-0.0004018189070371354,-0.0002878965816858485
403.17777619999833,-0.0004029242524634386,-0.00028772384942402096
403.2273404000007,-0.0004016425555814742,-0.0002862496447989777
403.2779397999984,-0.0004029800874112152,-0.00028774865805694677
403.32996750000166,-0.0004023794645930658,-0.0002859714249074075
403.37783359999594,-0.00040274724266772815,-0.00028691142305339716
403.4271701999969,-0.000403763777868191,-0.0002882720374745307
403.47680969999783,-0.00040303304090835804,-0.00028627816299789117
403.529283099997,-0.00040208809517558274,-0.0002876644338293544
403.5791775999969,-0.00040350902352834467,-0.0002866007761007907
403.6281694999998,-0.0004023114178581521,-0.0002863364160003131
403.67938209999556,-0.00040159194122432415,-0.00028592696743636955
403.72908269999607,-0.0004018093125674722,-0.0002860112558348528
403.77856939999765,-0.0004013370040862567,-0.0002867603354887154
403.826850999998,-0.0004033857812119921,-0.00028744266935590247
403.8777285999968,-0.00040351036413374913,-0.0002872925234157768
403.92862120000063,-0.0004020687872425525,-0.00028728841167149834
403.97891869999876,-0.0004032165125240365,-0.00028699691361247373
404.0299018000005,-0.0004047729179397003,-0.0002868908189238835
404.0775818999973,-0.0004015247925266106,-0.0002865667709243381
404.12822369999776,-0.00040300618769981237,-0.00028690555611313027
404.1797118999966,-0.00040293698012680633,-0.0002854400304123329
404.22777199999837,-0.0004028509711601905,-0.0002865885715078988
404.2775189000022,-0.00040197578162823105,-0.00028675409859993216
404.32773140000063,-0.0004019923896876033,-0.00028661119487774294
404.37851619999856,-0.00040347600373033765,-0.0002856834981027862
404.43043880000187,-0.00040371028564642773,-0.0002870953195625292
404.47835849999683,-0.0004019904631397931,-0.0002852829552594481
404.5275619000022,-0.00040199192604736594,-0.000286475070510409
404.57762809999986,-0.0004034825710103907,-0.0002853433062725241
404.6287597999981,-0.0004023723035657391,-0.00028668245493115673
404.6782258999956,-0.00040375799583778103,-0.00028537825889110135
404.72809810000035,-0.000404679799981911,-0.00028603095429993416
404.77924340000027,-0.00040399222039974976,-0.0002869002359243962
404.82944029999635,-0.0004028768772818829,-0.0002854291420110412
404.8780289999995,-0.0004052507067593212,-0.000287748259442472
404.9273874999999,-0.0004045400658909458,-0.0002857493184630596
404.9772352,-0.0004048837428889182,-0.00028606097739505533
405.03015729999606,-0.0004025933931235124,-0.00028505998274122086
405.0767846000017,-0.0004029972782155508,-0.00028523453714548536
405.1272511999996,-0.0004027556513192811,-0.00028494080801557716
405.1782630000016,-0.00040430054405524624,-0.00028515698908862037
405.22855130000244,-0.0004028542810458895,-0.0002847415809696051
405.27832489999855,-0.0004025818017623081,-0.0002846211306199106
405.3293324999977,-0.0004035152885723838,-0.0002851443156263407
405.3779405999958,-0.00040353550645530717,-0.0002850097961752067
405.4273844999989,-0.0004048450629074781,-0.0002852359318076489
405.4896215999979,-0.00040614201309916906,-0.00028601359773930093
405.53832559999864,-0.0004036944924907555,-0.0002849027076038625
405.58633649999683,-0.00040323069808787123,-0.0002844972202379553
405.63572710000153,-0.00040364646426491456,-0.00028471174612389996
405.6876048999984,-0.0004043337847876353,-0.0002842968282127591
405.7350160999995,-0.0004059694165732082,-0.0002853844098930314
405.7859277000025,-0.0004037450795031125,-0.00028445782356314385
405.83623149999767,-0.00040454357926942284,-0.0002843149884305331
405.88806929999555,-0.00040557841165587434,-0.0002848260784452883
405.93211249999877,-0.00040626983819412257,-0.00028535620167948855
405.98368219999975,-0.0004034484159094209,-0.00028397552345218297
406.03577529999893,-0.00040565857653061295,-0.0002847160574418693
406.0837836999999,-0.0004054682935190427,-0.0002845783491082439
406.1363391999985,-0.0004045758906563223,-0.0002846493712852724
406.1838149999967,-0.00040435558963445233,-0.0002844186195897429
406.236287599997,-0.0004040003326439595,-0.00028412601356144634
406.28677009999956,-0.00040505097385132993,-0.0002839906704913615
406.340311699998,-0.00040527339625404866,-0.000284061502687026
406.3857610999985,-0.0004049042003024593,-0.0002845456340442527
406.4350314999974,-0.00040455893701782917,-0.0002842412923257587
406.4850084999998,-0.0004064544652966184,-0.0002848213077059292
406.53688220000186,-0.00040387817401630114,-0.00028363166331182074
406.583315099997,-0.0004059297643694654,-0.0002842777971693512
406.63503549999587,-0.00040548129307602923,-0.00028384401464833604
406.68666239999584,-0.0004043333905696436,-0.00028379759280418944
406.73751710000215,-0.0004052621961576428,-0.00028362731221456047
406.78564170000027,-0.000404391456210828,-0.000283726751160527
406.8372810000001,-0.0004045317519081102,-0.00028373292582130967
406.88406779999787,-0.0004044223250516449,-0.00028364661646165026
406.9376873000001,-0.000406052867863531,-0.0002839648398537326
406.9859561999983,-0.000406748774551364,-0.0002844605037414454
407.0352681000004,-0.0004041067378397253,-0.0002830623266895283
407.08532349999587,-0.0004052306971875438,-0.00028393916862192554
407.1369889999987,-0.0004047557315984612,-0.00028349839156262854
407.1846446999989,-0.00040638546766678637,-0.00028384197129396145
407.23455699999613,-0.0004050342056422864,-0.00028362050997800866
407.286591600001,-0.0004043077459387803,-0.0002830291550019092
407.33760249999614,-0.00040499193669838574,-0.00028348183840378485
407.38372949999757,-0.00040436857542467335,-0.00028287534825679106
407.43623300000036,-0.0004043811036475769,-0.0002829096065862976
407.48399410000275,-0.0004044695975375708,-0.0002827725404500786
407.5334385000024,-0.00040453960465989245,-0.0002828010791881181
407.58527329999924,-0.0004070955268893192,-0.00028391782843675107
407.6359783000007,-0.00040466392148339484,-0.00028275603468665584
407.68338380000205,-0.0004046390310714411,-0.0002827226656902009
407.7351636000021,-0.0004046605849523435,-0.000282674280549862
407.78552109999873,-0.0004048323776768344,-0.0002827099008565664
407.8402430999995,-0.0004053310502134333,-0.00028308981364668316
407.8841800000009,-0.0004050243732296245,-0.0002827962597765816
407.9338491000017,-0.0004063986133513274,-0.00028282100542655514
407.98474120000174,-0.00040491205259905,-0.0002825180865365829
408.03779100000247,-0.0004053406190369447,-0.0002827964023403202
408.08477270000003,-0.0004049977730075993,-0.0002824079496369823
408.13427899999806,-0.0004049820068747556,-0.00028238246966329574
408.1845331000004,-0.00040504205323153153,-0.00028236058828880564
408.23559369999566,-0.00040658459007423853,-0.0002826096001665903
408.2865206999995,-0.0004064901610984884,-0.0002825060735903895
408.33552549999877,-0.000406684617715964,-0.00028253583490602376
408.38273710000067,-0.000407238902311965,-0.00028293448207685395
408.4331300999984,-0.0004066504993411718,-0.00028242990834960837
408.4886878999969,-0.0004061758519753147,-0.0002828307629102651
408.53571859999647,-0.0004067545054449015,-0.00028236202870326
408.5851085999966,-0.0004059225352410584,-0.0002825489238581681
408.63425039999856,-0.00040664235861974146,-0.00028217565274414933
408.6856157000002,-0.000408632326732262,-0.00028360834751808053
408.7356970999972,-0.00040628262534324,-0.00028258001179039667
408.78558619999967,-0.0004053692401313281,-0.00028184871049309883
408.8365006000022,-0.00040604699878053367,-0.0002822915850079385
408.8865819999992,-0.0004060760354647018,-0.0002822471311340231
408.93428799999674,-0.0004069885084174567,-0.0002820137549822857
408.9823735999962,-0.000405622788247165,-0.0002817042087158879
409.0374845999977,-0.0004070924616856727,-0.0002819124608425428
409.085310800001,-0.00040620406061074235,-0.0002821007782819633
409.13852739999857,-0.0004059720932876139,-0.00028187145811910396
409.186670199997,-0.0004082106520370995,-0.0002826630537970013
409.23569919999863,-0.0004083516713999536,-0.0002827163048117103
409.2866591999991,-0.00040587653112942695,-0.00028153854780867333
409.3385246999969,-0.00040895825331798335,-0.0002830093590592463
409.3861515999961,-0.00040612758898171295,-0.0002816730011904352
409.43551709999883,-0.0004063442684671788,-0.0002816974483014375
409.48689139999624,-0.0004078907943856223,-0.0002820280917362919
409.53583290000097,-0.0004091474424823185,-0.00028289988991438614
409.58431420000124,-0.00040596526681489347,-0.00028122770375817326
409.63433559999976,-0.00040663271567774095,-0.00028170049559718657
409.6866762999998,-0.00040666551469679735,-0.0002816377299822587
409.7364637999999,-0.0004091716395044823,-0.00028264085726350114
409.78693550000025,-0.00040761253865605256,-0.00028136346276221204
409.8359195000012,-0.0004075600989035121,-0.00028131090563689344
409.8860151999979,-0.00040869468457337523,-0.00028212978179266755
409.9352684999976,-0.00040869826853983217,-0.00028207962915506905
409.9859832000002,-0.0004062767653085603,-0.00028094960775639036
410.0359887000013,-0.0004067785652990106,-0.0002812558774659845
410.081654900001,-0.0004077844236622814,-0.00028113618487681094
410.1357379999972,-0.00040682174751237137,-0.0002811995933885856
410.1852402000004,-0.0004064639042351382,-0.00028084507097715726
410.2356303999986,-0.0004064493536410751,-0.0002807662678353674
410.28686970000126,-0.0004080003265134348,-0.0002810384281407713
410.3360831999962,-0.0004093302845127241,-0.00028202798509937036
410.3883425000022,-0.0004066187352165078,-0.0002807111616490865
410.432103799998,-0.00040792015722000853,-0.00028086744290369085
410.485018899999,-0.00040688583922208885,-0.00028086745689250096
410.532927799999,-0.00040692910385840695,-0.0002808411639246979
410.58643779999693,-0.00040808866108642467,-0.0002806674597625323
410.6364844999989,-0.0004067582591644589,-0.000280521368712164
410.6829940000025,-0.00040666921076247314,-0.00028041949069503014
410.7352955000024,-0.0004082528787037074,-0.00028071142533815706
410.785323600001,-0.0004087341358711595,-0.0002810875788131924
410.84032899999875,-0.00040996705853512614,-0.0002819275287006152
410.8846730000005,-0.00040719089929928894,-0.0002806240230749522
410.9345441999976,-0.0004069051892880828,-0.0002803000079158039
410.9849563000025,-0.0004089716447281863,-0.00028097318604016034
411.03582689999894,-0.000408297992416473,-0.0002804250121560964
411.0866672999982,-0.00040807272955255464,-0.00028096873623297095
411.1375049999988,-0.00040810714602222903,-0.0002809429543674395
411.1840432999961,-0.00040961207686884094,-0.00028124853743739954
411.23713329999737,-0.0004071535266276647,-0.00028006871835052556
411.2894873999976,-0.0004085431005058544,-0.0002802702987140384
411.3347313999984,-0.0004072983729736937,-0.00028000701708420696
411.383310600002,-0.0004100164588411943,-0.00028127340936414
411.43591229999583,-0.000407261962388036,-0.0002799195852890697
411.4844538999969,-0.00040733254965739913,-0.00027989791417971823
411.53491850000137,-0.000408914292483011,-0.0002801259836208292
411.58336070000223,-0.000408791476214744,-0.00028006121155534005
411.6370988999988,-0.0004095209123151569,-0.00028051086881121523
411.68929819999903,-0.0004101773346871729,-0.0002810028810532755
411.7362009999997,-0.000409951529334978,-0.00028079414379246563
411.78649900000164,-0.0004081404887730116,-0.0002801760798479958
411.8355090999976,-0.00040944476474912613,-0.00028028246147372677
411.8895210999981,-0.00040816852893209527,-0.00028006699578399176
411.9381862000009,-0.0004090593501155837,-0.0002798294536091722
411.9869522000008,-0.00040840242414640375,-0.00028008253191193146
412.03832500000135,-0.0004076802239800651,-0.00027949848101539547
412.086510000001,-0.0004083994100130164,-0.00027995862002007285
412.13621160000184,-0.00040837904302714077,-0.0002798989111599943
412.1842375999986,-0.00040776499058491175,-0.00027938469688882993
412.23489439999685,-0.0004093049228333008,-0.0002795906892231315
412.286237399996,-0.00041047353055500646,-0.00028050176710293933
412.3346937999959,-0.00041069441990626164,-0.00028056136613975624
412.3838276999959,-0.00040866262097715263,-0.0002797663623436268
412.4358637999976,-0.0004079059512391724,-0.00027901578283396906
412.4870507000014,-0.00041079558047507256,-0.00028044546835949424
412.5371199000001,-0.00040960509730746765,-0.00027943010403354095
412.58312149999983,-0.00041074940915275147,-0.00028031472929547475
412.6360327000002,-0.0004100428903204219,-0.0002797189082585209
412.6847734999974,-0.0004086521649966267,-0.0002793766462619981
412.7421431999974,-0.0004096846832342057,-0.0002791467506150339
412.78325129999575,-0.00041019658779739023,-0.0002796549573139808
412.8363909999971,-0.0004094660314930477,-0.00027977176516626054
412.8861692999999,-0.00041023509123116493,-0.00027954842914991283
412.9386316000018,-0.00040985103533296884,-0.00027913147399062394
412.9882223999957,-0.000409921301947718,-0.000279119868462974
413.0379399000012,-0.0004112215991731703,-0.0002800843678877472
413.08842580000055,-0.0004109831622474105,-0.00027986294179917106
413.13811279999936,-0.00041042353283792877,-0.00027938788518290313
413.18853339999623,-0.00041117034700399486,-0.0002798983039901244
413.2398594999977,-0.00040863034281922813,-0.0002786605040942075
413.2870743999956,-0.00040870197108921043,-0.00027866765042218136
413.3361195999969,-0.0004107535845683203,-0.0002793129943338253
413.3881638000021,-0.0004088325038626899,-0.0002785581231793502
413.4391392999969,-0.00040920683011046725,-0.00027885089357616556
413.48688689999835,-0.000408806229324589,-0.00027834396911819874
413.5372522999969,-0.00040918069695926855,-0.00027875598029892775
413.58998679999786,-0.00040898374018615485,-0.0002784671932157913
413.6365958000024,-0.0004103626229940932,-0.00027861949677444533
413.6863977999965,-0.0004096991818698312,-0.0002788848536109499
413.7397165000002,-0.0004089975538585831,-0.00027828206130598864
413.78673269999854,-0.0004090029316234831,-0.000278279932164681
413.8364494999987,-0.00041057344583105964,-0.00027852317821020964
413.88409149999643,-0.00041039205200887397,-0.00027840489877951517
413.93295919999946,-0.0004117499527118699,-0.0002793618759547985
413.9839202000003,-0.0004117678457766775,-0.00027931312356378534
414.0389677999992,-0.0004124050120741808,-0.00027969712195242833
414.0871756999986,-0.0004093150027035727,-0.00027810929044170656
414.1369407999955,-0.00040939317084220147,-0.00027802081589179783
414.18525860000227,-0.0004113582588345357,-0.00027871782793987784
414.23653609999747,-0.000409715826944039,-0.00027826973738632614
414.2869924999977,-0.0004109636851274936,-0.00027824051050985153
414.3379122999977,-0.0004109561090543913,-0.00027819382717487594
414.3858742000011,-0.00040987050686846403,-0.000278196025960474
414.43621780000103,-0.00041233427508014056,-0.0002791373459046901
414.4826163999969,-0.0004104926299437438,-0.00027846692564094014
414.53740039999684,-0.000410968813036702,-0.0002779991392535357
414.5820057000019,-0.00040968037904386817,-0.00027776400584079487
414.6368557999958,-0.0004103437805331683,-0.0002781884687167543
414.69363840000005,-0.0004112449680466734,-0.0002779206502604528
414.73656440000195,-0.0004112857725619956,-0.00027790859458177525
414.78546719999576,-0.0004126445278813692,-0.0002789028027531225
414.8371344999978,-0.0004098397380587416,-0.00027751351746630744
414.8875724000027,-0.0004114209419487906,-0.00027780053170090913
414.9372829999993,-0.00041007156612659604,-0.0002775558346160918
414.9872353999963,-0.000411488489605148,-0.00027763625549715755
415.03450039999734,-0.0004099843422984357,-0.0002774194650449007
415.08476939999673,-0.0004104210419637552,-0.0002776747948466472
415.134819400002,-0.0004105194928001276,-0.00027767174019011943
415.1899057999981,-0.0004116892494472325,-0.00027758819314306095
415.23213250000117,-0.00041272264353975563,-0.00027846239092389383
415.28490549999697,-0.000410959998909496,-0.0002777988063588177
415.33940789999906,-0.00041058434049400926,-0.00027750899263024605
415.3834346000003,-0.000410350548386113,-0.0002770647900444199
415.4343114000003,-0.00041188270111303067,-0.0002773213984345127
415.4842110000027,-0.0004119288727906232,-0.00027740443040470117
415.53795399999944,-0.00041157703591987313,-0.0002778986136767838
415.58394340000086,-0.000410935521433894,-0.0002773578567708627
415.6352160999959,-0.0004124280546531369,-0.00027765338268571395
415.6892133000001,-0.0004110471674152431,-0.00027731811194121295
415.7389403999987,-0.00041202864399303435,-0.0002771639869950737
415.7833537999977,-0.00041202438277943015,-0.00027714799357737234
415.83748139999807,-0.00041280849909575384,-0.00027762441838808684
415.88659349999944,-0.00041139382007737517,-0.0002773553113514318
415.93654129999777,-0.00041086392652611367,-0.00027686739163568946
415.9869385999991,-0.00041096224663372507,-0.00027679726790664366
416.03629450000153,-0.0004109603946817999,-0.00027674030497227414
416.08656930000143,-0.0004133442114591142,-0.0002777890570019404
416.13719039999705,-0.0004110093645877081,-0.0002766951299196864
416.18740940000134,-0.0004129430673744967,-0.00027733522212115255
416.2339404000013,-0.00041292628834077865,-0.0002772967146128593
416.28619980000076,-0.0004115545115264116,-0.0002769606347267157
416.33675770000264,-0.0004114519099547282,-0.0002768838619385888
416.38822210000217,-0.0004132003263996912,-0.00027725207955054635
416.43354980000004,-0.0004111201628249602,-0.0002764856685381132
416.48364969999966,-0.00041397238614915885,-0.0002777582634120401
416.53798649999953,-0.0004113073545870517,-0.0002764841424699525
416.58499859999574,-0.0004117099195906073,-0.00027669569413502754
416.63592999999673,-0.0004137036632274657,-0.0002774036322875732
416.6853035000022,-0.00041284855176804385,-0.00027662555704999875
416.7323552000016,-0.0004117460457815351,-0.0002766259027623464
416.7864993999974,-0.0004120678386072553,-0.00027678010075005843
416.83692090000113,-0.000412272515327273,-0.00027681025027737765
416.8829043000005,-0.00041410955526966577,-0.00027739367971547343
416.9356880999985,-0.0004141006640596753,-0.00027731086200722646
416.98652720000246,-0.00041209856567259195,-0.000276523097609067
417.0366403000007,-0.00041369296780514,-0.0002768610237961005
417.0844494999983,-0.00041236520181908823,-0.00027661947839020096
417.1370878000016,-0.00041327261843871307,-0.0002763659166408257
417.1869444999975,-0.00041320674081313604,-0.000276299322399593
417.2390822000016,-0.0004122749785013821,-0.00027637517376922284
417.2859518999976,-0.00041330074028800686,-0.0002762240223223082
417.3322171999971,-0.0004127403080540515,-0.0002765398165575149
417.3835390000022,-0.0004121114620121439,-0.00027598219443126235
417.43760699999984,-0.00041212215383734684,-0.00027596178040523715
417.4856620999999,-0.0004121580116318584,-0.00027591503878355276
417.5367938999989,-0.0004126793850651753,-0.0002762941587078965
417.5858765000012,-0.0004137020206413984,-0.0002760111454173153
417.63845359999686,-0.00041374313618570106,-0.00027608786795674814
417.688012599996,-0.0004137779911601633,-0.0002760464449472811
417.73570889999974,-0.0004129050707575326,-0.00027617449691630966
417.7849642000001,-0.00041372243854210193,-0.0002759233326713516
417.8342765999987,-0.0004125841789111035,-0.00027576989047906574
417.88742739999725,-0.000414982955377461,-0.0002767966053699515
417.93606400000135,-0.0004126301491720349,-0.0002756053034683784
417.98395499999606,-0.00041409767730438775,-0.0002758858759558445
418.03591069999675,-0.0004146393607913437,-0.0002762665667791547
418.0895290999979,-0.00041542623787705837,-0.00027682446917010766
418.13824880000175,-0.00041297635116133456,-0.00027575635513954987
418.1831919999968,-0.000414756819811632,-0.0002761787505359884
418.23460579999664,-0.00041283173092332675,-0.0002754807450270393
418.289388600002,-0.0004143571264665429,-0.00027571794984949054
418.33701830000064,-0.00041433435288352354,-0.00027563519751117526
418.38619130000006,-0.00041364726933790723,-0.00027589346548484976
418.43691039999976,-0.0004134857745870014,-0.00027576391419293316
418.4854215000014,-0.00041342033566605247,-0.0002756062956080822
418.5382537999976,-0.0004144816820435068,-0.00027532212962844566
418.58724999999686,-0.0004156663723227206,-0.00027638804751573616
418.6351710000017,-0.00041453286421312067,-0.00027544359277909447
418.687817500002,-0.00041338115695022516,-0.00027525456030053487
418.738500200001,-0.00041631318250591394,-0.00027664840929231954
418.7854758999965,-0.00041388145941634877,-0.00027556143887864015
418.8355281999975,-0.0004153952807402043,-0.0002758106564363424
418.88728000000265,-0.0004134807455431533,-0.0002750770975782396
418.93686709999747,-0.0004159217356309983,-0.00027612713321446017
418.98525869999867,-0.00041607608924977416,-0.0002761884408623075
419.03530989999854,-0.00041359027659404956,-0.0002749705729224764
419.08940189999703,-0.00041418683362005155,-0.0002754031305233262
419.1368299999958,-0.0004150760435812733,-0.0002751681228655474
419.1853407000017,-0.0004152346121173532,-0.00027507700015616917
419.23586480000085,-0.00041375555868206597,-0.00027488983955803806
419.28537289999804,-0.0004142784702960769,-0.0002751810184612498
419.3379655000026,-0.00041436069400169916,-0.0002752148233867754
419.38626020000083,-0.0004153618730857835,-0.0002750664265586161
419.43344819999766,-0.0004166820121949276,-0.0002760423379103483
419.48526039999706,-0.00041443542706588076,-0.0002750656676656676
419.53400939999847,-0.00041445131406870527,-0.0002750074257987826
419.5879683000021,-0.00041406544744116493,-0.0002745151452269196
419.63600269999733,-0.0004154730372192378,-0.00027488684066801286
419.68529899999703,-0.0004142428760907159,-0.0002744707320537803
419.73595229999773,-0.00041464872326880367,-0.00027492675100971106
419.783045199998,-0.0004161378265095232,-0.0002752318003732587
419.83219149999786,-0.00041448683959567,-0.0002745818979746935
419.88323610000225,-0.0004144971350046399,-0.00027458471497688057
419.9363713999992,-0.0004149072755483907,-0.0002748499416064288
419.9847468000007,-0.00041763603865276386,-0.00027607226641446783
420.03555770000094,-0.0004169836641427934,-0.00027554911041816543
420.0888621999984,-0.0004152147471965337,-0.00027493440252246784
420.13372920000256,-0.0004149603407561743,-0.00027469432715177303
420.1824848999968,-0.0004147647026726625,-0.00027445235412127116
420.2400086999987,-0.0004148452684600376,-0.00027443539556449003
420.284585399997,-0.0004150459416936241,-0.00027459918321459957
420.33476459999656,-0.0004152636624794692,-0.00027466745020665904
420.3859081999981,-0.0004155801547340963,-0.00027482647482235726
420.43677000000025,-0.00041633037222223103,-0.0002745339288460242
420.4838049000027,-0.0004168681475465045,-0.0002749349477751997
420.5341744999969,-0.00041652701438034395,-0.00027435888401184077
420.58791519999795,-0.0004164461874796157,-0.00027446186563506996
420.637524400001,-0.00041671726088778115,-0.00027451279303070396
420.6845424999992,-0.0004167448113607952,-0.0002743493339622008
420.73306249999587,-0.0004171589047537051,-0.00027481849622679525
420.7859726000024,-0.00041836666655538927,-0.00027564400101354685
420.8363262999992,-0.0004157165710456769,-0.0002743955930809586
420.88538410000183,-0.00041585196797268076,-0.000274418118140554
420.93493930000113,-0.00041547052367431006,-0.00027401904104695974
420.98478339999565,-0.00041595963145081387,-0.000274359756880285
421.03559790000145,-0.00041567997578552125,-0.0002740247726621422
421.0875806999975,-0.00041809921169712804,-0.000275068355648837
421.133800399999,-0.0004160525385439441,-0.00027425490416488574
421.1831495000006,-0.0004158324831145094,-0.0002739917767783391
421.23293209999974,-0.0004172514889273665,-0.00027398628524888575
421.28838990000077,-0.0004159851444647377,-0.00027396781301403285
421.3322754999972,-0.000416558374727996,-0.000274348044693509
421.38302359999943,-0.0004161245373952697,-0.0002738534588878643
421.4386175999971,-0.0004160292965134217,-0.00027384674806707634
421.4863613999987,-0.00041620316864122883,-0.0002738327670396294
421.53608600000007,-0.0004168111112041886,-0.0002742922892488033
421.5872520999983,-0.00041691676883128084,-0.00027427973097216246
421.6364496000024,-0.0004162785734791582,-0.0002737712498038794
421.6848386999991,-0.00041785076597757444,-0.0002740189979369997
421.7371654000017,-0.00041794439394961675,-0.0002740093171474963
421.7843930000017,-0.00041692487967660954,-0.0002740109922075869
421.8327636999966,-0.00041894447582249055,-0.000274726805882589
421.8869454000014,-0.00041718930408120503,-0.00027410017038354196
421.9348145999975,-0.0004166718253990762,-0.00027359928838100014
421.9843966999979,-0.0004168368584529662,-0.0002735930011325005
422.0358570000026,-0.00041832920735298266,-0.0002738592607801643
422.08757999999943,-0.0004195677067116109,-0.0002748531766964025
422.13796580000053,-0.00041873055706200647,-0.00027420135682054925
422.1863088999962,-0.0004173671595004866,-0.00027387039246462737
422.2347346000024,-0.0004170633522877653,-0.00027356648314469476
422.28571750000265,-0.00041765598420908165,-0.00027396044929328857
422.3369598999998,-0.00041711125177214443,-0.0002734994301704106
422.3873220999958,-0.00041782011761594797,-0.0002739579853309211
422.43452239999897,-0.0004173735641661733,-0.0002734220815540097
422.48349210000015,-0.00041980094146534434,-0.00027451748755325244
422.5342698000022,-0.00041876162626477265,-0.0002736563661013281
422.5886937999967,-0.00041745901358038466,-0.0002734052826361973
422.63243829999556,-0.0004177303746362335,-0.00027340713836288076
422.68700009999884,-0.0004190420898393604,-0.0002736071434753529
422.73630389999744,-0.0004180999756415913,-0.00027369067148208656
422.78849479999917,-0.0004183234513462003,-0.0002738084538104217
422.8333769000019,-0.0004201702074275977,-0.00027438612706409937
422.8844555999967,-0.0004178840893660676,-0.0002733011644554534
422.93621059999714,-0.0004183826021637777,-0.0002736451640953386
422.98646819999703,-0.0004210067903971659,-0.0002747890373026063
423.037951899998,-0.0004199131652955733,-0.00027393226629291063
423.087838499996,-0.00042055070724813923,-0.0002743269407748962
423.13469249999616,-0.0004201765656304508,-0.00027395901910398825
423.18671480000194,-0.000419826487264154,-0.0002735546845048519
423.23447060000035,-0.0004185186196499414,-0.00027324611631163214
423.28642430000036,-0.00041840144788875836,-0.00027323274274271324
423.33643769999617,-0.0004199718162574385,-0.0002734885996894541
423.3844657000009,-0.0004189276110018392,-0.00027350884120902567
423.4383450999958,-0.00041875741132526407,-0.00027321559316095855
423.4817103000023,-0.00041914127166877666,-0.0002734876326851996
423.53388930000074,-0.00042077787246810807,-0.0002738706284869402
423.58802840000135,-0.0004193342852405693,-0.0002735104943533138
423.6349812999979,-0.0004204469839182138,-0.0002734426609144477
423.6844990000027,-0.00042103604719415105,-0.00027386803918039317
423.73224969999865,-0.000420044651950471,-0.0002738269913485928
423.7860925999994,-0.0004192614723848243,-0.00027318921942443046
423.8366851999963,-0.00041988311068122045,-0.00027360964035583305
423.8829427000019,-0.0004209305461640163,-0.0002734304806909512
423.9360583000016,-0.0004200684720297135,-0.0002736248470917036
423.9851178000026,-0.00041999603484013334,-0.0002734684433128862
424.0374396999978,-0.00042161011190103477,-0.00027380715006442165
424.0873558999956,-0.000420061547235642,-0.0002734213285119366
424.13650139999663,-0.0004211514305303703,-0.00027336448202886014
424.1873503999959,-0.0004218883455815752,-0.0002738691332274684
424.23561029999837,-0.0004225132425379798,-0.0002742788603907777
424.2873061999999,-0.0004201012287492727,-0.0002731837616124503
424.3358789999984,-0.0004220700440711632,-0.0002738600355381998
424.38563740000245,-0.00042048185253731716,-0.0002731252381930063
424.4326785000012,-0.0004205666740093857,-0.0002731265496883631
424.4877567000003,-0.0004211953350770353,-0.00027370386317426967
424.5377729999964,-0.00042343723335517473,-0.0002745350677461095
424.5871335999982,-0.0004212119822717692,-0.000273602196987689
424.6344570000001,-0.00042166261824475227,-0.0002738394273230653
424.68558669999766,-0.00042172144896282727,-0.0002737726086613504
424.7380899999989,-0.0004216812053210748,-0.0002735458482397989
424.7863163000002,-0.00042259569310657496,-0.00027423733541842804
424.83252650000213,-0.00042345709420147574,-0.00027404131657282805
424.88427070000034,-0.0004224139465887388,-0.0002738870338528948
424.93744219999644,-0.00041756654870563385,-0.0002708776016272468
424.9835737999965,-0.0004164220301035161,-0.0002708008492561213
425.0348207999996,-0.0004174484007253453,-0.0002707346276501446
425.0859055999972,-0.00041631092350181905,-0.00027040130768962245
425.13619579999795,-0.0004164455564288485,-0.00027068563747156403
425.18628929999977,-0.0004169298061469523,-0.00027090719303434933
425.2343183999983,-0.0004164315826289535,-0.0002702925813727836
425.28544420000253,-0.0004177525397726266,-0.0002705950091000897
425.3359651999999,-0.0004178899676972227,-0.0002706353174012312
425.3861318999989,-0.00041908476510268364,-0.0002714893655223455
425.4352135000008,-0.00041729470163855376,-0.0002708193807768837
425.4859223999956,-0.0004190768621022074,-0.0002713514995814595
425.5357357999965,-0.0004167398636740904,-0.00027029269712463617
425.586464,-0.0004180373857860704,-0.00027046532862262196
425.63532639999903,-0.00041832424387890636,-0.0002703866219037018
425.6848985999968,-0.0004200259559834742,-0.0002717689386869648
425.73337829999946,-0.00041690453072075576,-0.0002701130501051532
425.7882219999956,-0.0004194808500564092,-0.00027126304952307075
425.8350978000017,-0.0004185372959326838,-0.00027039273549111587
425.88453489999665,-0.00041799590750970123,-0.0002707207002131631
425.93629409999994,-0.0004186228788512139,-0.0002701922082185508
425.9855871999971,-0.0004190704502422754,-0.0002706840315561634
426.03482639999856,-0.00041743277580176823,-0.0002700412283566046
426.087531899997,-0.00041879702914539996,-0.0002702684539616035
426.13535129999946,-0.0004200565583485608,-0.0002712114191675242
426.18573990000004,-0.0004178026150831915,-0.00027023975292006004
426.23578850000195,-0.00041815070882591165,-0.00027042796230147354
426.28436800000054,-0.00041801265586795705,-0.0002702943951330367
426.3344834000018,-0.0004195130246749343,-0.00027055111302442647
426.38494830000127,-0.0004179362381513578,-0.0002701373421846124
426.43956230000185,-0.00042019153613306615,-0.0002709798757275468
426.4849036000014,-0.000420433648063571,-0.00027106760094352736
426.5380116000015,-0.000419666343798998,-0.0002704433842651796
426.58328439999605,-0.00042085863816224096,-0.0002712648213613024
426.6376784000022,-0.00041932150693992955,-0.000270011559600264
426.6840435999984,-0.0004198359184755215,-0.00027040386476639495
426.7348985999997,-0.0004207402659057993,-0.00027099338266755777
426.78423610000027,-0.00041846853262652347,-0.00027002687894605595
426.8373496999993,-0.000418651087220188,-0.0002701085356607794
426.8848500000022,-0.0004196888333758656,-0.00026995811027751834
426.93503749999945,-0.00041881830226200156,-0.00027008151116702535
426.9825436999963,-0.0004198168051423829,-0.0002699192246494674
427.0389408999981,-0.0004188191968242036,-0.00026995669770745747
427.0857363999967,-0.000418817855341723,-0.00026990807383586154
427.1336553000001,-0.0004183992807445165,-0.00026956048029302325
427.1861319000018,-0.0004204162500805167,-0.00027021714066354825
427.23384400000214,-0.00042056893477873523,-0.00027024948345865713
427.2898994999996,-0.0004210796268118435,-0.00027060317235904746
427.3347328000018,-0.0004200664530114276,-0.0002697734947435467
427.3847382000022,-0.00041874987549774656,-0.0002695243779829929
427.43358499999886,-0.00042080503357480527,-0.0002701761556814734
427.4836049000005,-0.0004207509343608076,-0.0002701341915048952
427.5349292999963,-0.0004194309841672133,-0.0002698188198316739
427.5838414999962,-0.0004203737139836496,-0.00026965109110076933
427.6312211999975,-0.00042093214832686327,-0.00027008876313272003
427.68599820000236,-0.0004216075875980459,-0.0002705266759498403
427.73592590000044,-0.0004207708309895967,-0.000269709799572187
427.7855741999956,-0.00042126689389146503,-0.00027011338601423153
427.83665699999983,-0.00041931380633311057,-0.0002694111423621127
427.88515560000087,-0.00042138378678682867,-0.00027008189320587036
427.93713359999674,-0.0004197970315485095,-0.00026965921781118505
427.9850138999973,-0.0004215008530657219,-0.0002700542039771827
428.0342512999996,-0.00042141079238458676,-0.0002699823431931925
428.0835311999981,-0.0004196646856698084,-0.00026937734500830817
428.13760219999676,-0.0004217089613629843,-0.00027004036713439996
428.1848389000006,-0.0004199494126451397,-0.0002693339117846238
428.23404219999793,-0.00042045575458018834,-0.0002697554802647491
428.2845687000008,-0.00042140508576052457,-0.0002695713733572517
428.33796620000066,-0.0004204578681672715,-0.00026960070917991173
428.38364290000027,-0.00042051095760012156,-0.00026957884395916663
428.43624779999664,-0.0004207728054879393,-0.00026972228788257294
428.48913390000234,-0.00042220786875616186,-0.00026994297533977077
428.5382580000005,-0.0004204142941340008,-0.0002692730558532184
428.5851402999979,-0.00042234062379645633,-0.000269936941954868
428.63525800000207,-0.00042202232945002003,-0.0002695548720680278
428.68582140000217,-0.00042152666637276955,-0.0002699258239039436
428.7361851999958,-0.0004220474165601872,-0.00026948523892433206
428.7860746000006,-0.0004222918005510096,-0.0002695397899991007
428.83665219999966,-0.0004235438218709665,-0.0002704709096582556
428.8843695999967,-0.0004212762213524908,-0.00026952547105307177
428.93477110000094,-0.0004210618528406597,-0.0002692537737661802
428.9896119999976,-0.0004210962623936445,-0.0002692396981810383
429.0339873999983,-0.0004218358474979171,-0.00026970507489598126
429.0829029000015,-0.00042187491294879125,-0.000269675622710846
429.13528550000046,-0.00042410285657838297,-0.0002704698303549422
429.1844932000022,-0.00042164106517431267,-0.0002692549383901331
429.2337106999985,-0.0004217137622226941,-0.00026922995095578916
429.28413790000195,-0.0004218964824727361,-0.00026924396675542117
429.3339597000013,-0.00042293286792797243,-0.00027000144345900597
429.38600289999886,-0.0004238149410203206,-0.0002698952958016753
429.4386577999976,-0.0004221352194029617,-0.0002693320947936217
429.4835526999959,-0.0004237284523485403,-0.00026960387042895205
429.53395009999804,-0.00042300547633614756,-0.0002698273358084866
429.5838201000006,-0.00042389612370311925,-0.00026961309741479415
429.6351824000012,-0.00042279797235548203,-0.0002694116820193205
429.68599969999923,-0.0004240248063010304,-0.00026962396213502874
429.7331529000003,-0.0004249191303713885,-0.00027020095892981756
429.78771119999874,-0.0004235079485444349,-0.0002698652288305402
429.8379494999972,-0.0004247390770657894,-0.00026989493959772
429.88712040000246,-0.00042394149089090366,-0.0002700305907657964
429.934986399996,-0.0004241568618120015,-0.00027016341168672504
429.98712949999754,-0.00042479203071836346,-0.0002705378965742699
430.03534180000133,-0.0004264422657780824,-0.000270965366367167
430.08264220000274,-0.00042406724822878066,-0.00026990602882725464
430.1358158000003,-0.0004255804419102537,-0.0002701701457666853
430.18651659999887,-0.0004266583445662786,-0.00027090285148500707
430.2371039999998,-0.0004264510667158388,-0.00027076708842865426
430.2842469000025,-0.0004249275175179213,-0.00027030420378692583
430.33377910000127,-0.0004251162385678204,-0.00027043074469800893
430.3837707999992,-0.00042461002528541587,-0.0002700522270252472
430.43546349999815,-0.0004245729368974994,-0.0002699447011370537
430.4899888,-0.0004261904426712701,-0.00027034116406620746
430.536211300001,-0.00042427894574385475,-0.0002695999497873629
430.5854876000012,-0.0004246894585453858,-0.000269917414586257
430.63215720000153,-0.0004250454725081414,-0.00026941676450930495
430.6861043999961,-0.000423880535039426,-0.00026922331340972083
430.73488469999575,-0.00042408842500022824,-0.0002693566618975285
430.78310200000124,-0.000426554009281422,-0.00027036972252180786
430.8344481000022,-0.00042031252053334245,-0.00026698459946216134
430.8877773999993,-0.00041836683620856977,-0.0002663305322395549
430.93502250000165,-0.0004199127253030864,-0.0002665972861252025
430.9877953999967,-0.00042129237359869823,-0.00026756675342053517
431.0343256999986,-0.000418751591969156,-0.0002663048286336445
431.084469100002,-0.00041997042005206494,-0.0002665094654744508
431.13635729999805,-0.00042000528564025926,-0.0002664507007036235
431.1856209999969,-0.00042036396283931315,-0.0002665333428634058
431.2358233999985,-0.0004200780183267997,-0.0002664161320445771
431.28471629999694,-0.0004196337005109253,-0.00026672605398824184
431.3395281999983,-0.0004190318226522598,-0.00026613816811492527
431.38737659999606,-0.00041911430557275384,-0.0002661210012358958
431.43825610000204,-0.0004206101689059591,-0.00026637255157201296
431.4857583999983,-0.00042115016841773366,-0.00026679916828064015
431.5382573999959,-0.00041951931414387994,-0.00026635128258544095
431.5868088999996,-0.00042058726447205406,-0.0002662888945795683
431.6360471000007,-0.00042205746977400414,-0.0002672915573323949
431.6871114999958,-0.00042122458722218596,-0.0002666580114055624
431.7369622999977,-0.0004207692792530796,-0.00026622579231171275
431.784430599997,-0.0004196242637706472,-0.00026597394751114276
431.8334260999982,-0.00041986590960732176,-0.0002662295524039503
431.88595350000105,-0.0004195669986335703,-0.00026593788269334387
431.9386250000025,-0.0004215637333555861,-0.00026655806059127036
431.98462070000096,-0.00042229744766711765,-0.000267010733001938
432.0345517999958,-0.00042126735727635115,-0.00026608992294040315
432.0846101999996,-0.0004212567833235266,-0.0002660768948284805
432.13360100000136,-0.0004199905326525389,-0.00026578415487398053
432.1887984999994,-0.0004213547208926926,-0.000266003362181842
432.2338439000014,-0.0004216289962506744,-0.0002660534942137012
432.2849117000005,-0.00042022976333225016,-0.0002657228169947601
432.33625729999767,-0.0004201849221348283,-0.0002656889618538472
432.38716459999705,-0.0004209221923907877,-0.0002661288412312154
432.43547709999984,-0.0004234648662733507,-0.0002671603446361309
432.48289179999847,-0.00042100310590001405,-0.0002660621127862235
432.5345606999981,-0.00042090360317173465,-0.00026589038729683915
432.58418430000165,-0.0004225314733770405,-0.00026627739924155343
432.634387099999,-0.00042199399458223456,-0.0002658392187163553
432.6829902000027,-0.00042228488858001413,-0.0002658517294310417
432.73523879999993,-0.0004231444212694846,-0.0002665690671869053
432.7861062000011,-0.00042079741425851615,-0.0002655379093833152
432.8360157999996,-0.0004209877879086941,-0.00026557341104048487
432.8851951999968,-0.0004229258401274087,-0.000266187611508749
432.93494569999893,-0.00042248030123274055,-0.00026575591758369675
432.9830656999984,-0.0004224571598328331,-0.00026573350382395953
433.03361759999825,-0.00042274170928350267,-0.000265794639575976
433.08646829999634,-0.00042269247657670227,-0.00026575262834814615
433.1370222999976,-0.00042285176755710877,-0.0002657155792732269
433.1835324999993,-0.0004216951223774711,-0.0002657171246592683
433.23407399999996,-0.00042388703782662363,-0.0002664726060256243
433.2844374999986,-0.00042355116054507944,-0.00026611768247951497
433.33475570000155,-0.00042203540201527265,-0.0002657002328712999
433.3846487999981,-0.0004215941866510271,-0.00026537851360895764
433.4355323999989,-0.0004236441362055836,-0.0002660550773917343
433.4862635000027,-0.0004234418209743483,-0.0002657018522870125
433.53513859999657,-0.0004232249252396417,-0.00026561420973823845
433.58341839999775,-0.000422109934229007,-0.0002652893471125488
433.634973799999,-0.000423401107785972,-0.0002656301661855131
433.6871131000007,-0.0004225884919335836,-0.0002656730322406631
433.7375918999969,-0.0004237505795042037,-0.0002655366746931873
433.78705679999985,-0.00042386319156832215,-0.00026554202738925147
433.83512370000244,-0.00042257498549317307,-0.00026528551928560446
433.8882971999992,-0.0004232635595798132,-0.00026585583903258967
433.93452969999635,-0.00042420001733560085,-0.0002656417199545657
433.9833664999969,-0.0004230332644079911,-0.00026539982388472394
434.03473849999864,-0.00042443015049257695,-0.0002656550465499485
434.0842424000002,-0.00042304632784721037,-0.0002653966205027198
434.13672860000224,-0.00042388172635314037,-0.00026589226478389386
434.185974,-0.0004246867662878578,-0.0002656533992787402
434.23348489999626,-0.0004258843897882323,-0.0002665353871392655
434.2844025000013,-0.00042342630689543774,-0.0002654243210445802
434.3358737000017,-0.00042518890605096256,-0.0002657190503300023
434.3873650000023,-0.00042452219286630006,-0.00026598440422441586
434.4349832000007,-0.0004240299339215808,-0.00026546739291287446
434.4854437999966,-0.0004242260975513657,-0.00026552232603759023
434.53419230000145,-0.00042555588202279653,-0.0002657858982127872
434.58458480000263,-0.000424743732441874,-0.0002659058877089042
434.6346642999997,-0.00042646866971267675,-0.00026634676406654857
434.6824830999976,-0.00042497512415877307,-0.00026584715858733824
434.73980719999963,-0.00042556228273608925,-0.000266223515910423
434.7844641999982,-0.0004261846377147545,-0.00026583484928931287
434.83547220000037,-0.0004249562451493062,-0.00026561443813331913
434.88971429999947,-0.00042512316647051637,-0.00026573925375782196
434.93640179999784,-0.00042823882918723916,-0.0002669208348130448
434.98725459999696,-0.0004266899193090991,-0.00026657312406396183
435.0337589999981,-0.0004279536251601764,-0.00026668377990400854
435.087675499999,-0.0004263553017199052,-0.00026570350093489746
435.13638560000254,-0.00042704190511626787,-0.00026614578470006563
435.18737079999846,-0.00042719074543411676,-0.00026620564139744215
435.2344279999961,-0.0004256872284010151,-0.0002657358152971946
435.28493439999875,-0.000425707974927734,-0.00026573416266360904
435.3356349999958,-0.00042686857861866834,-0.0002657902383521462
435.3872363999981,-0.0004275000605076722,-0.00026611903941630013
435.43371630000183,-0.0004261660047973233,-0.0002657961979960357
435.4829752000005,-0.0004268691755633842,-0.0002662945133294781
435.5334057,-0.0004260906332771868,-0.00026553581222753286
435.5850816999955,-0.00042848226923313947,-0.00026660336307525684
435.6342108000026,-0.0004260756943826209,-0.00026540150641661547
435.6858399999983,-0.0004261558271719141,-0.00026564817536854683
435.73474179999903,-0.00042630879749721017,-0.00026542167965747115
435.7846333999987,-0.0004261753677188724,-0.00026554538888921874
435.8425683999958,-0.00042720453742388923,-0.000266147122696446
435.8842231000017,-0.00042828211723816074,-0.00026617567114893694
435.933855700001,-0.00042604210389667247,-0.00026518036544441426
435.98471150000114,-0.00042686865250401063,-0.0002657096352723799
436.03546520000236,-0.00042921512832877305,-0.00026666573527155357
436.08451570000034,-0.00042585723328896066,-0.0002649457399809117
436.13427399999637,-0.0004286151959583226,-0.00026612184983486467
436.18404569999984,-0.0004281776597288516,-0.000265606157779139
436.2350951999979,-0.0004284011747020489,-0.000265900447493959
436.2851073999991,-0.00042698937659029434,-0.0002655150992850605
436.3387969999967,-0.00042933340893630404,-0.00026640075558891275
436.38308680000046,-0.00043049906146636296,-0.00026719870905888063
436.43536329999915,-0.0004290336719566222,-0.00026612798507162774
436.48744160000206,-0.00042917314013807083,-0.00026684583280843765
436.53563980000035,-0.00043024205769254405,-0.0002668702821731927
436.5829204999973,-0.00042886824057691554,-0.0002665570597030092
436.63589830000274,-0.00042831655225966187,-0.0002658385455437265
436.6869635999974,-0.0004288778408752496,-0.0002664108985864657
436.734266200001,-0.0004299203448472904,-0.00026639301348195716
436.7859041999982,-0.00043042106269225656,-0.00026676142731473206
436.8343093000003,-0.0004282816591268342,-0.0002659029617938384
436.88599819999945,-0.00042958115872365694,-0.0002660860319972799
436.93681249999645,-0.00043422338071937065,-0.0002752271166087713
436.98560200000065,-0.00043585591419444716,-0.0002757123372280118
437.0365047000014,-0.0004351595323422616,-0.00027513351265085313
437.08544229999825,-0.0004337576698828079,-0.00027479187267898445
437.13375390000147,-0.00043526427074909836,-0.00027510602037572997
437.1834020000024,-0.000434171017960797,-0.00027498984480656493
437.23763309999777,-0.00043522659759561257,-0.0002749902095259308
437.2857254999981,-0.00043599508677901545,-0.0002755615343800247
437.3379793999993,-0.0004360399671562081,-0.00027555492168074763
437.38653049999994,-0.00043388804911244307,-0.0002746509218279933
437.4355232000016,-0.0004364909613315478,-0.00027581496996365555
437.48551929999667,-0.00043454433696983754,-0.0002750158257128802
437.53863190000266,-0.00043417022679366517,-0.00027469825720805344
437.58646269999736,-0.0004342744211135044,-0.00027472326867872585
437.63437249999697,-0.00043431748534346424,-0.0002747122986427351
437.6864975999997,-0.00043647007510546574,-0.0002755714146321967
437.73685079999996,-0.00043610412419144823,-0.00027524524788303113
437.78664969999954,-0.00043433149371570426,-0.00027458544025227587
437.8364400999999,-0.00043429605253238266,-0.00027451302352410616
437.8863140999965,-0.00043664246415294774,-0.0002755041020544626
437.93666420000227,-0.00043438035337646616,-0.0002744753799247573
437.9842000999997,-0.00043409297739789587,-0.00027421552886186756
438.03659699999844,-0.0004347330213934791,-0.0002746324141437192
438.0858911999967,-0.0004347220093133425,-0.00027456584064145266
438.13530309999624,-0.0004347495219943649,-0.0002745225637482724
438.18929009999556,-0.0004347754210994477,-0.0002744783686562418
438.2347372000004,-0.0004348012550899502,-0.00027443414961670064
438.28655779999826,-0.0004348270969852405,-0.00027438994458817405
438.33367039999575,-0.0004348529255023435,-0.0002743457406143593
438.3867181999958,-0.00043487874413846144,-0.00027430154028207604
438.4342589000007,-0.0004349045543257823,-0.0002742573444795028
438.48399410000275,-0.0004349303572411423,-0.00027421315397269336
438.5374903999982,-0.00043495615216289656,-0.0002741689682731495
438.58977149999555,-0.00043498193927978294,-0.0002741247876695295
438.6355842999983,-0.0004350077185473925,-0.0002740806118953796
438.6860455999995,-0.0004350334904764279,-0.00027403644150581137
438.7355319999988,-0.00043505925440075535,-0.0002739922762121667
438.78542890000244,-0.0004350850106867482,-0.00027394811588121916
438.83763739999995,-0.0004351107592677934,-0.00027390396066839963
438.8854191999999,-0.0004351365000772774,-0.00027385981056260607
438.93477890000213,-0.00043516223329283596,-0.00027381566565265616
438.9868682000015,-0.0004351879585480954,-0.0002737715258164256
439.0366040000008,-0.00043521367629824716,-0.0002737273911649365
439.08561550000013,-0.00043523938614361104,-0.0002736832614206332
439.1349818000017,-0.00043526508832843593,-0.00027363913703870704
439.1850016000026,-0.00043529078280831303,-0.0002735950178415225
439.2392944000021,-0.0004353164697164692,-0.0002735509037957728
439.28868599999987,-0.00043534214856440635,-0.00027350679472382214
439.33274510000047,-0.00043536781985172447,-0.00027346269105865765
439.38655239999935,-0.0004353934834007882,-0.0002734185925227236
439.4357631000021,-0.0004354191392226997,-0.0002733744990827132
439.48697549999633,-0.00043544478735076564,-0.00027333041102728443
439.53757609999593,-0.0004354704276295548,-0.0002732863280677794
439.58737960000144,-0.0004354960603588273,-0.00027324225047065153
439.63662040000054,-0.0004355216851166986,-0.00027319817803606077
439.6871390000015,-0.00043554730224733767,-0.0002731541107529048
439.74111840000114,-0.0004355729116841311,-0.00027311004875441047
439.7849500000011,-0.00043559851334936344,-0.00027306599217380445
439.8357496999961,-0.0004356241072652391,-0.0002730219407446333
439.8891586999962,-0.0004356496934872691,-0.00027297789465563493
439.933824300002,-0.0004356752718600223,-0.00027293385379578694
439.9879507000005,-0.0004357008424945211,-0.00027288981825390724
440.035741599997,-0.00043572640546848105,-0.0002728457880410981
440.08903579999605,-0.00043575196063757313,-0.00027280176309074606
440.13351479999983,-0.00043577750802400176,-0.0002727577434139534
440.1855118999956,-0.0004358030477831983,-0.00027271372914394694
440.2392994999973,-0.00043582857970422015,-0.00027266972031403315
440.28568670000095,-0.0004358541040202144,-0.0002726257168464967
440.33691669999826,-0.00043587962030929614,-0.00027258171849708836
440.3848657999988,-0.00043590512889343005,-0.00027253772569879516
440.43693560000247,-0.00043593062981702515,-0.0002724937382517769
440.4854020999992,-0.0004359561230356725,-0.00027244975608942026
440.5374337999965,-0.0004359816085160653,-0.00027240577940046304
440.58447049999813,-0.0004360070861027723,-0.0002723618083625412
440.63463870000123,-0.00043603255584020263,-0.00027231784240944065
440.6864857999972,-0.0004360580179837075,-0.00027227388201855754
440.7397708999997,-0.0004360834723556511,-0.0002722299270011538
440.7839653999981,-0.0004361089188450113,-0.00027218597753486527
440.8358503999989,-0.00043613435771824155,-0.00027214203335323826
440.8876939999973,-0.00043615978875329725,-0.0002720980948448509
440.93779959999665,-0.00043618521203899613,-0.0002720541617765565
440.98411060000217,-0.00043621062753092943,-0.00027201023398182127
441.0384464000017,-0.00043623603520689274,-0.0002719663117382013
441.08778059999895,-0.00043626143506688585,-0.00027192239504569637
441.1324270999976,-0.00043628682727744233,-0.0002718784840375334
441.19310060000134,-0.0004363122116942332,-0.00027183457834733865
441.2367804000023,-0.00043633758819513395,-0.0002717906780972368
441.2852255999969,-0.0004363629569688824,-0.00027174678347596565
441.33505709999736,-0.0004363883179155584,-0.0002717028943614007
441.3864908999967,-0.0004364136712461046,-0.00027165901096448425
441.43535580000025,-0.0004364390167384764,-0.00027161513309647856
441.4849744999956,-0.00043646435415952654,-0.00027157126059085
441.535609999999,-0.00043648968414208253,-0.00027152739390279025
441.5870012000014,-0.00043651500608662383,-0.0002714835325326986
441.63503409999976,-0.00043654032023739944,-0.0002714396770023802
441.6869471000027,-0.0004365656267498407,-0.0002713958270675857
441.73677470000257,-0.00043659092536859625,-0.0002713519826728042
441.7875587000017,-0.0004366162160492572,-0.0002713081437292177
441.83759389999614,-0.0004366414992470148,-0.0002712643108918579
441.88410979999753,-0.00043666677447337123,-0.00027122048336136414
441.93400219999603,-0.00043669204180604194,-0.0002711766614819055
441.9827484999987,-0.00043671730135604926,-0.00027113284537560664
442.0376318999988,-0.0004367425530678819,-0.00027108903504246754
442.0870364000002,-0.00043676779704146014,-0.00027104523021603464
442.1356216999993,-0.00043679303303253487,-0.0002710014311183525
442.1886872999967,-0.0004368182612853551,-0.0002709576376606033
442.2364622000023,-0.00043684348182212535,-0.0002709138500204228
442.28474650000135,-0.0004368686943652897,-0.000270870068197811
442.3347298000008,-0.0004368938991035864,-0.0002708262919818254
442.3867726999961,-0.0004369190960814239,-0.0002707825213280572
442.43556720000197,-0.0004369442850989625,-0.00027073875683602676
442.4830598999979,-0.0004369694662228153,-0.00027069499765086235
442.5327812999967,-0.0004369946395862092,-0.00027065124466074247
442.58535490000213,-0.0004370198052335531,-0.0002706074973105555
442.63578979999875,-0.00043704496289839344,-0.00027056375563360823
442.6874228000015,-0.0004370701126362413,-0.00027052001976312734
442.73643569999695,-0.0004370952547357548,-0.000270476289898953
442.78511479999725,-0.0004371203887750491,-0.00027043256580793845
442.83404190000147,-0.0004371455148873512,-0.000270388847268039
442.8868624000024,-0.0004371706332280919,-0.0002703451348010595
442.9349054999984,-0.00043719574376396484,-0.00027030142829597765
442.9827820999999,-0.0004372208462840275,-0.0002702577274974421
443.0359320999996,-0.0004372459410547334,-0.00027021403243875964
443.0864135000011,-0.00043727102784293595,-0.0002701703434752016
443.1373214999985,-0.00043729610705941726,-0.00027012666046243895
443.1854940999983,-0.000437321177949226,-0.0002700829831340181
443.23476089999895,-0.00043734624110078026,-0.00027003931171198383
443.2841475999958,-0.0004373712964252622,-0.00026999564641838066
443.3369397999995,-0.00043739634376724053,-0.0002699519868091194
443.3824722999998,-0.0004374213831045109,-0.00026990833316175563
443.4345785999976,-0.0004374464146591179,-0.00026986468562061863
443.4856176999965,-0.0004374714383533458,-0.0002698210438637436
443.5378305999984,-0.0004374964539984568,-0.00026977740819089066
443.58516029999737,-0.00043752146191641556,-0.0002697337784244243
443.6377741999968,-0.00043754646190738195,-0.0002696901547308778
443.68643399999564,-0.00043757145364939126,-0.0002696465369659223
443.7376221000013,-0.00043759643774196394,-0.0002696029252627845
443.7854815999963,-0.000437621413951953,-0.00026955931962146444
443.8356691000008,-0.00043764638205731415,-0.00026951571996424643
443.8868053999977,-0.0004376713422800918,-0.0002694721263022328
443.93814810000185,-0.0004376962944981614,-0.0002694285386798324
443.98571809999703,-0.0004377212388225452,-0.0002693849571414542
444.0361946999983,-0.0004377461753198568,-0.00026934138173150706
444.08262190000096,-0.00043777110345718904,-0.0002692978121391286
444.13614609999786,-0.00043779602406720906,-0.00026925424910816825
444.1842786999987,-0.00043782093640606766,-0.0002692106918170609
444.2354811999976,-0.000437845841017774,-0.00026916714079871357
444.285151600001,-0.0004378707373472166,-0.00026912359576446843
444.3387416999976,-0.0004378956258828935,-0.00026908005691416554
444.38657819999935,-0.00043792050643606687,-0.0002690365241811915
444.4332265999983,-0.00043794537900673677,-0.00026899299769877306
444.4856684999977,-0.00043797024327293823,-0.0002689494771338434
444.5324690999987,-0.0004379950999896233,-0.00026890596309702504
444.58683200000087,-0.0004380199487571115,-0.0002688624550554111
444.63792880000256,-0.0004380447889758824,-0.00026881895314222816
444.68399659999704,-0.0004380696215563189,-0.0002687754575018054
444.7359785000008,-0.00043809444598771836,-0.00026873196801201817
444.78824619999796,-0.00043811926245881873,-0.0002686884849726266
444.8335633999959,-0.0004381440709030067,-0.00026864500792843956
444.8887343999959,-0.00043816887123146426,-0.00026860153717921695
444.93383360000007,-0.0004381936634997028,-0.00026855807250291433
444.98523439999553,-0.0004382184478409487,-0.00026851461453235873
445.03706840000086,-0.00043824322394433996,-0.00026847116245708744
445.0837803999966,-0.00043826799213184114,-0.00026842771684331405
445.1389179999969,-0.00043829275231463405,-0.00026838427755781206
445.18456329999754,-0.0004383175042595723,-0.0002683408444340477
445.2376221000013,-0.00043834224817759803,-0.0002682974177384748
445.2846234000026,-0.00043836698414642693,-0.0002682539973267641
445.3394079999998,-0.00043839171183299196,-0.00026821058316560913
445.3871899000005,-0.00043841643142603136,-0.00026816717548815654
445.4353778000004,-0.0004384411429366468,-0.00026812377421669086
445.48397329999716,-0.00043846584665349685,-0.00026808037917357635
445.5343231000006,-0.00043849054191044744,-0.0002680369905586531
445.5864588999975,-0.0004385152291182811,-0.00026799360832751223
445.63948150000215,-0.00043853990828810006,-0.0002679502325800739
445.683357599999,-0.00043856457914234856,-0.0002679068631498045
445.73547049999615,-0.00043858924208070685,-0.00026786350021433986
445.78345940000145,-0.00043861389675900594,-0.0002678201436959643
445.8345580000023,-0.0004386385432438589,-0.0002677767935835756
445.88742739999725,-0.0004386631816018795,-0.0002677334498105603
445.93348519999563,-0.00043868781185527197,-0.0002676901127432921
445.98698039999726,-0.0004387124340373431,-0.0002676467821264197
446.03630500000145,-0.0004387370479260482,-0.00026760345793773856
446.0953972999996,-0.00043876165351028497,-0.00026756014026606663
446.13622469999973,-0.0004387862510676094,-0.0002675168289559726
446.18770969999605,-0.00043881084029826097,-0.0002674735245292614
446.23424250000244,-0.00043883542142428473,-0.0002674302263086968
446.28746859999956,-0.00043885999420143124,-0.00026738693468285704
446.3342937999987,-0.00043888455882954076,-0.0002673436497627643
446.3855038999973,-0.0004389091153530222,-0.000267300371226454
446.4353443,-0.0004389336635498308,-0.00026725709946250406
446.48559650000243,-0.00043895820340886455,-0.0002672138340490299
446.5381733999966,-0.00043898273515216807,-0.00026717057544122283
446.58721700000024,-0.0004390072585576967,-0.00026712732332822046
446.6360141999976,-0.0004390317737031659,-0.0002670840779653742
446.6848929999978,-0.00043905628074400715,-0.00026704083908623026
446.73798839999654,-0.0004390807793582556,-0.0002669976069572423
446.787677399996,-0.0004391052696569335,-0.00026695438145628585
446.8354016000012,-0.0004391297517510635,-0.00026691116259446317
446.8875177000009,-0.00043915422559623617,-0.00026686795058271644
446.93772270000045,-0.0004391786910148162,-0.00026682474492144547
446.98665769999934,-0.00043920314808451903,-0.0002667815461879661
447.03575529999944,-0.00043922759696077605,-0.00026673835407141605
447.08566459999565,-0.00043925203741044014,-0.0002666951688715553
447.1352356999996,-0.0004392764695001249,-0.00026665199017760166
447.1847856000022,-0.00043930089326313707,-0.0002666088184114396
447.2369649999964,-0.0004393253087660899,-0.00026656565329551346
447.28663109999616,-0.00043934971590906327,-0.00026652249508517456
447.3372575999965,-0.00043937411434788833,-0.0002664793434473559
447.3837248999989,-0.00043939850470428956,-0.00026643619870402225
447.43745599999966,-0.00043942288653417807,-0.00026639306072194686
447.48768969999946,-0.00043944725999298497,-0.00026634992963435645
447.5365896000003,-0.0004394716250474035,-0.0002663068052747176
447.5869642999969,-0.0004394959816419227,-0.00026626368773184807
447.6339919999955,-0.0004395203298320535,-0.0002662205771389746
447.684794599998,-0.0004395446696288982,-0.00026617747342948397
447.73565940000117,-0.0004395690009436391,-0.0002661343767143984
447.78751049999846,-0.0004395933238650938,-0.00026609128664954875
447.8354954000024,-0.00043961763819342254,-0.00026604820351249067
447.8851921999958,-0.0004396419441062605,-0.0002660051273032244
447.937608799999,-0.0004396662415369947,-0.00026596205806615866
447.9865342999983,-0.00043969053047452267,-0.00026591899576798686
448.03626539999823,-0.0004397148108855379,-0.0002658759402976866
448.0878719999964,-0.000439739082758938,-0.000265832892088245
448.1395249999987,-0.00043976334610582534,-0.0002657898506178571
448.1887457999983,-0.0004397876009261998,-0.0002657468161085676
448.23861079999915,-0.0004398118471201413,-0.00026570378878242105
448.2877934999997,-0.00043983608478757007,-0.0002656607682175327
448.33816300000035,-0.00043986031395069046,-0.000265617754769174
448.3852104999969,-0.0004398845345761957,-0.00026557474845954925
448.4393048999991,-0.00043990874639763237,-0.0002655317489555917
448.48863859999983,-0.0004399329498146808,-0.00026548875661257265
448.538939799997,-0.00043995714449427407,-0.00026544577137498104
448.5839602999986,-0.0004399813306584567,-0.0002654027933538389
448.6368011000013,-0.0004400055082073086,-0.0002653598222160797
448.6860563000009,-0.00044002967687437636,-0.00026531685817264555
448.7381974000018,-0.00044005383702603354,-0.00026527390129014994
448.7858460999996,-0.0004400779885401555,-0.00026523095164630834
448.83743089999916,-0.0004401021313834357,-0.00026518800906348534
448.8864914000005,-0.00044012626556697634,-0.00026514507368600966
448.93610069999704,-0.00044015039089093723,-0.0002651021453029391
448.98585319999984,-0.0004401745075995674,-0.0002650592242695449
449.03516809999564,-0.00044019861551523133,-0.00026501631033047586
449.08856989999913,-0.0004402227148155645,-0.0002649734036633676
449.1380233000018,-0.00044024680522301114,-0.0002649305040572778
449.1864063999965,-0.000440270886859696,-0.0002648876116676377
449.2356527000011,-0.00044029495985884565,-0.0002648447268941275
449.2872626000026,-0.0004403190240872335,-0.0002648018491150224
449.33554999999615,-0.0004403430792450992,-0.0002647589785190602
449.3860792999985,-0.0004403671257210209,-0.00026471611533938785
449.440308199999,-0.0004403911633595673,-0.0002646732593650629
449.4870005999983,-0.00044041519223845404,-0.0002646304109291523
449.53532070000074,-0.00044043921203571645,-0.0002645875693655222
449.58536399999866,-0.0004404632232287503,-0.00026454473550684
449.6379670000024,-0.0004404872255400001,-0.0002645019089090163
449.6852938000011,-0.00044051121879182996,-0.0002644590894721311
449.7373093999995,-0.0004405352031507733,-0.00026441627754035356
449.7890180999966,-0.0004405591787500572,-0.00026437347310258145
449.83384769999975,-0.00044058314526771656,-0.00026433067605889464
449.88432920000196,-0.000440607102814774,-0.0002642878861539419
449.94161339999846,-0.00044063105138012707,-0.0002642451037985058
449.9861868000007,-0.0004406549909859804,-0.0002642023289481773
450.035901999996,-0.00044067892161012937,-0.0002641595615585474
450.08695089999674,-0.00044070284327477863,-0.0002641168016185142
450.13693369999964,-0.00044072675596882585,-0.00026407404916138405
450.18573379999725,-0.00044075065962565765,-0.00026403130415385046
450.234681599999,-0.0004407745539344115,-0.0002639885665626066
450.28722359999665,-0.00044079843937248344,-0.00026394583647647047
450.333452400002,-0.0004408223158177489,-0.00026390311398425976
450.3856252999976,-0.0004408461830148566,-0.00026386039899715675
450.4416988000012,-0.00044087004120805547,-0.0002638176916150814
450.4859675999978,-0.0004408938902863233,-0.0002637749918602383
450.53761429999577,-0.0004409177301497401,-0.00026373229961050283
450.58805510000093,-0.0004409415608760214,-0.00026368961489918165
450.6358123999962,-0.0004409653822431225,-0.000263646937926115
450.68520320000243,-0.0004409891945841106,-0.0002636042683693381
450.73684669999784,-0.00044101299774355424,-0.00026356160658412244
450.7909819999986,-0.0004410367915216132,-0.00026351895243724113
450.8360767999984,-0.00044106057632907014,-0.00026347630588428536
450.8863638999974,-0.0004410843516219158,-0.00026343366709178853
450.9358032000018,-0.00044110811784423936,-0.0002633910359043194
450.98879750000197,-0.0004411318745741561,-0.00026334841248841143
451.0353621999966,-0.0004411556221891417,-0.0002633057967108379
451.08938959999796,-0.0004411793601562893,-0.0002632631886826211
451.1349332000027,-0.0004412030890085058,-0.000263220588359352
451.18691460000264,-0.000441226808434929,-0.0002631779958409508
451.2369871999981,-0.0004412505186131942,-0.00026313541118292864
451.28575419999834,-0.0004412742192879504,-0.0002630928340966275
451.3331967999984,-0.00044129791047029963,-0.00026305026508164774
451.3880258999998,-0.0004413215921602421,-0.00026300770360508234
451.4376331999956,-0.0004413452647796625,-0.000262965150233145
451.4854276999977,-0.00044136892762912025,-0.00026292260444403087
451.5359968999983,-0.0004413925809528644,-0.0002628800667262382
451.58841389999725,-0.00044141622481750844,-0.0002628375367133933
451.63703800000076,-0.0004414398591786433,-0.000262795014683052
451.68540159999975,-0.0004414634839918602,-0.00026275250045757853
451.7357680999994,-0.0004414870992349546,-0.00026270999424791525
451.78467819999787,-0.0004415107048857222,-0.0002626674959319377
451.83889890000137,-0.0004415343008664471,-0.0002626250055207481
451.8849986999994,-0.000441557887055005,-0.0002625825229699375
451.9335484999974,-0.00044158146399540506,-0.0002625400486458795
451.98418149999634,-0.0004416050309326957,-0.00026249758202676933
452.03553739999916,-0.0004416285884441929,-0.00026245512372322956
452.0908541000026,-0.00044165213595258063,-0.00026241267318014884
452.13577390000137,-0.00044167567399076586,-0.00026237023083051393
452.1875605999958,-0.00044169920218127296,-0.00026232779647448486
452.23509979999653,-0.0004417227205241017,-0.00026228536996773257
452.28970590000245,-0.0004417462292079904,-0.0002622429517099373
452.33925920000183,-0.0004417697279997917,-0.0002622005415900768
452.38350509999873,-0.0004417932169439148,-0.00026215813950823105
452.4357777999976,-0.00044181669594043976,-0.00026211574559762676
452.48936339999636,-0.0004418401651781042,-0.0002620733597805483
452.5360070000024,-0.0004418636245236815,-0.0002620309821014046
452.583590000002,-0.0004418870737884337,-0.00026198861277113803
452.63552450000134,-0.00044191051316109885,-0.00026194625122353497
452.68710529999953,-0.00044193394268608575,-0.0002619038982135468
452.73735560000205,-0.0004419573619859186,-0.0002618615531971645
452.7852933999966,-0.0004419807715379932,-0.0002618192163964326
452.8393389999983,-0.00044200417087601605,-0.00026177688812221354
452.8835044000007,-0.0004420275601554183,-0.0002617345678749069
452.9371597999998,-0.0004420509393206887,-0.0002616922559209663
452.9844107999961,-0.00044207430837182746,-0.0002616499523603117
453.037356599998,-0.00044209766716450546,-0.00026160765690428527
453.0882120000024,-0.0004421210159762784,-0.00026156536989705597
453.1383666999973,-0.00044214435455179515,-0.0002615230912831128
453.1835424000019,-0.0004421676830020779,-0.00026148082099584224
453.23758319999615,-0.0004421910010495708,-0.00026143855893532436
453.286342899999,-0.00044221430880529635,-0.0002613963052680925
453.3381064999994,-0.00044223760644689016,-0.0002613540601273735
453.3862556999957,-0.0004422608935746718,-0.0002613118234132472
453.43491509999876,-0.0004422841705328107,-0.0002612695951146115
453.48618179999903,-0.0004423074368994219,-0.0002612273751426485
453.537167399998,-0.00044233069306308343,-0.0002611851638637317
453.58691440000257,-0.00044235393855750167,-0.0002611429607116475
453.6366734999974,-0.0004423771738378682,-0.0002611007662526096
453.68428129999666,-0.00044240039852670704,-0.0002610585803533912
453.736175799997,-0.0004424236126795294,-0.0002610164029806856
453.7922524000023,-0.0004424468164295619,-0.0002609742340345728
453.83369390000007,-0.0004424700095991692,-0.00026093207364827944
453.8869792999976,-0.00044249319203291964,-0.0002608899220105436
453.9391678999964,-0.0004425163640083693,-0.0002608477787549915
453.98719880000135,-0.000442539524948202,-0.0002608056441924858
454.0348664999983,-0.00044256267557406286,-0.0002607635183896397
454.08539539999765,-0.0004425858153752492,-0.000260721401091102
454.1354771999977,-0.0004426089443406589,-0.0002606792924189971
454.18872259999625,-0.0004426320626479274,-0.0002606371924954498
454.2365262999956,-0.0004426551702082372,-0.00026059510118723304
454.285804799998,-0.00044267826691056587,-0.00026055301872749385
454.33616880000045,-0.0004427013526327885,-0.0002605109448164719
454.3848596000025,-0.00044272442754143923,-0.00026046887993156324
454.43899919999967,-0.00044274749137006395,-0.00026042682348434947
