t,ax,ay,az,gx,gy,gz
0.598740400004317,0.0,0.0,0.0,-0.002411821841381574,-0.06318960780761253,0.0003396688722323699
0.6266613000043435,0.0,0.0,0.0,0.0009319942266373375,0.003659320687151988,1.8497851614715805e-05
0.6715717999977642,0.0,0.0,0.0,9.131814436195706e-05,0.00242479249905876,0.00018288568490954597
0.7201459999996587,0.0,0.0,0.0,-1.5513454182870406e-05,-0.00011712174349690935,0.00028791353851585804
0.7689689000035287,0.0,0.0,0.0,-2.3759054407640764e-05,-0.0005704969099568054,0.00040284279610374265
0.8213615999993635,0.0,0.0,0.0,4.264350732768815e-05,0.0002912818958217801,0.00038942410553096383
0.8708731000006082,0.0,0.0,0.0,-1.2891689765491176e-05,-0.00036507163780961693,0.0003357034626715332
0.9184901000044192,0.0,0.0,0.0,9.310507546079143e-06,0.00012964692344217768,-3.739144550284227e-05
0.9757182000030298,0.0,0.0,0.0,4.109601076455252e-05,0.0004368345690676554,0.00017707527961097127
1.0246125999983633,0.0,0.0,0.0,2.681642206681785e-05,0.0004291526281001909,0.0002398373092782521
1.0761268999995082,0.0,0.0,0.0,8.031658793177076e-06,0.0003299520401476435,0.00019271590335825798
1.1272737000035704,0.0,0.0,0.0,-2.3407561950024824e-05,-0.0011600930743184497,-0.00012579686403810193
1.1724756999974488,0.0,0.0,0.0,9.826830721829102e-06,-3.268946924085827e-05,-0.00023668036853558602
1.223066700003983,0.0,0.0,0.0,-4.409542342516524e-05,0.0004937915762510525,-0.00018570918593406306
1.274357800000871,0.0,0.0,0.0,3.310126747547877e-05,0.0002492127943570432,-9.442671150511136e-05
1.3244823999993969,0.0,0.0,0.0,-7.659378096304655e-05,-0.0010494041347176885,0.00010476108799200937
1.3728317999994033,0.0,0.0,0.0,-6.290977440570163e-06,-9.714837934979218e-05,0.0003049515454262038
1.4204810000010184,0.0,0.0,0.0,0.000110034311820252,0.001061925172625221,0.00045224234391131126
1.475452700004098,0.0,0.0,0.0,-3.345365660022286e-05,0.0005031683423671306,0.0002544969901531403
1.526949600003718,0.0,0.0,0.0,-1.0924696278148128e-05,-0.0004248634273655245,0.00048070625165743953
1.5748603000029107,0.0,0.0,0.0,-2.738023366923234e-05,-0.00038271060272521953,0.0004087277329943741
1.625246600000537,0.0,0.0,0.0,6.400727373743197e-05,0.0005380617792159052,0.00017755454728139703
1.671178399999917,0.0,0.0,0.0,-8.174009994464106e-05,-0.0007735843292382297,0.0002880908329609403
1.7222869000033825,0.0,0.0,0.0,5.699599587771667e-05,0.00021296671898103135,0.0003133744968282383
1.770319200004451,0.0,0.0,0.0,-3.121976101173358e-05,1.4057129364639793e-05,0.0003191964864812913
1.8186346000002231,0.0,0.0,0.0,4.351163687070522e-05,0.0003606792677742136,0.0002663888423971182
1.8689952999993693,0.0,0.0,0.0,-5.052485510147563e-06,-0.00011729938245887942,0.0003613825423769587
1.9208779000036884,0.0,0.0,0.0,-2.7605157582223262e-05,0.0007010239425337676,0.00017406503380046763
1.969790399998601,0.0,0.0,0.0,3.724989506853782e-07,-0.0001411400061146772,0.00012216305705100078
2.019452500004263,0.0,0.0,0.0,-2.5556858697463386e-05,-0.0008084262612380003,0.0002516268325829339
2.068573299999116,0.0,0.0,0.0,2.2068441015591518e-05,-0.00016829450499877954,0.0004045131278777786
2.12107339999784,0.0,0.0,0.0,2.9513501478978142e-05,-0.00014161848811593806,0.0001123741761270673
2.1724423999985447,0.0,0.0,0.0,-5.026452319958913e-06,0.00043316907048321254,0.0001500109793795213
2.220867600000929,0.0,0.0,0.0,-5.468322209950958e-05,0.0003146778117874049,0.0002686303627879315
2.2689871999973548,0.0,0.0,0.0,-7.324308247830284e-05,0.0006489833218720157,0.0002585167773785296
2.3198199000034947,0.0,0.0,0.0,0.00015110153681352202,-0.0009813051792906446,0.000309327789451899
2.3704400999995414,0.0,0.0,0.0,-5.3942245123398595e-05,-0.00025741645909085203,0.00016214204954149666
2.420090400002664,0.0,0.0,0.0,-5.266967275303307e-05,-0.00018701100318413132,0.00045269532371267323
2.469119400004274,0.0,0.0,0.0,6.031011548029382e-06,-0.00028108791426030517,0.000313063441974238
2.521037200000137,0.0,0.0,0.0,-5.361583152956917e-05,0.00023344863161310368,0.0002834497939331924
2.575224000000162,0.0,0.0,0.0,4.181838790148402e-05,-0.0002613334402492813,0.00023749630745838662
2.620102200002293,0.0,0.0,0.0,4.550795313910691e-05,0.0004215816042927576,0.00029919201285695415
2.6696945000003325,0.0,0.0,0.0,-4.75776124483259e-05,-0.0006130903076340771,0.00027259031300480894
2.7183808000045246,0.0,0.0,0.0,-8.014670851364908e-05,0.0003823932280120288,0.00013988643891835602
2.770590899999661,0.0,0.0,0.0,0.00010264637448850792,0.00011565428947249968,4.4648489334543016e-05
2.827430600002117,0.0,0.0,0.0,3.4272013162728225e-05,0.00017969995696886045,2.5302778257584594e-05
2.8775113000010606,0.0,0.0,0.0,-2.5463217998111828e-05,0.00018007887952648457,0.0005601036756670789
2.9247907000026316,0.0,0.0,0.0,-6.114120530382538e-05,0.00013314072067691692,0.00027697554128850214
2.970996900003229,0.0,0.0,0.0,8.739616921350972e-05,-3.813597653109993e-05,0.00017375120278997542
3.02748199999769,0.0,0.0,0.0,-5.033675224584672e-05,-0.0007138801313605013,9.76394251328077e-05
3.076251799997408,0.0,0.0,0.0,-5.2236660555843e-06,-0.0001730793638733558,5.8512313463712816e-05
3.1206334000016795,0.0,0.0,0.0,5.2805400975131374e-05,-0.00028602284692902364,0.00016114078362294902
3.174912200003746,0.0,0.0,0.0,-0.0001476404618915842,-0.00021091348227902294,0.00024895746397022764
3.2281863000025623,0.0,0.0,0.0,-1.742121007185156e-05,-0.00027353016102537274,0.00016591529354019637
3.273159600001236,0.0,0.0,0.0,6.416155268907658e-05,0.00036626989754330147,0.00017981017789731068
3.3177951000034227,0.0,0.0,0.0,8.555356102172743e-05,-0.00028325030550706157,0.00012904499649727243
3.3720042999993893,0.0,0.0,0.0,-5.802690417232432e-05,-0.00015584495762512414,0.00011857329240571998
3.430162199998449,0.0,0.0,0.0,2.7162027999809523e-06,0.0014658513761241587,0.0003216225472110329
3.474840900002164,0.0,0.0,0.0,-4.576631226213882e-05,-7.167010113022028e-05,0.00031126936904044727
3.5204577000040445,0.0,0.0,0.0,6.198309504874864e-05,-0.0006055108922650714,0.0002298487810521475
3.56946230000176,0.0,0.0,0.0,9.66809281827163e-06,-0.00032705309651524236,0.00041665316260557946
3.6243917000028887,0.0,0.0,0.0,2.4910486275863643e-06,-0.0003861947290448888,0.0003416431771741681
3.6729931000008946,0.0,0.0,0.0,4.66268537001042e-05,0.00035170212167607597,0.0003542902948471953
3.719475899997633,0.0,0.0,0.0,-8.620333705652969e-05,0.0009662860481802256,0.0003387190043573364
3.769492100000207,0.0,0.0,0.0,-5.443108330430782e-05,-0.0013257259032965988,0.00026403895886346977
3.8212930000008782,0.0,0.0,0.0,3.821752166318989e-05,0.00012977277603984507,0.00010178377578180064
3.871538400002464,0.0,0.0,0.0,3.872110874149954e-05,0.000203896624268425,-1.82020863853401e-05
3.9201123000020743,0.0,0.0,0.0,4.270670365315625e-05,-0.00025711606624049366,-5.6890609734356544e-05
3.9703945000001113,0.0,0.0,0.0,-6.388306846641426e-05,-0.00011222211930718106,-6.937761409814e-05
4.019455300003756,0.0,0.0,0.0,-2.9877030408478048e-05,2.9045428644930383e-05,7.725634424064651e-05
4.070897800003877,0.0,0.0,0.0,7.803460917832994e-05,0.0008955616063436892,0.00024419934457462573
4.118508600004134,0.0,0.0,0.0,-1.1040507127080902e-05,-0.00035426750979425457,0.00041769683276137327
4.1694986000002245,0.0,0.0,0.0,8.298765182546779e-07,-0.00057367544397965,-0.00013358793048194253
4.218487400001322,0.0,0.0,0.0,-3.6204538488700524e-05,-0.00022597707697579386,-9.96550521543182e-05
4.2703257000030135,0.0,0.0,0.0,-4.7579673477292055e-05,0.00010296950078378655,8.64604980133069e-05
4.3206511000025785,0.0,0.0,0.0,3.8368643447941036e-05,0.00024970171900731686,0.00017207138851333786
4.368831300002057,0.0,0.0,0.0,0.00010023313312078536,-0.0004853309695206444,0.00025524601628123107
4.418271599999571,0.0,0.0,0.0,-5.337635192268443e-05,-9.791846059524653e-05,0.0003318602888909396
4.469989600002009,0.0,0.0,0.0,3.333436297205606e-05,0.0004308009815441927,3.947812322909086e-05
4.52048630000354,0.0,0.0,0.0,-6.5388487515723015e-06,0.00010759168274791569,0.00023055584359786376
4.570022799998696,0.0,0.0,0.0,-7.046906508899401e-05,-0.00015477582771897301,2.080705602961347e-05
4.6177498000033665,0.0,0.0,0.0,1.6174717098599805e-05,-6.549562181040229e-05,7.846600124022541e-05
4.6693104000005405,0.0,0.0,0.0,8.670577880744349e-06,-0.0003233126012915916,0.00015960348521966607
4.727214899998216,0.0,0.0,0.0,-6.721008200969685e-05,0.00027468787235147455,0.00012842451804884197
4.768959699998959,0.0,0.0,0.0,6.287906844652904e-05,-8.299065823388979e-05,-3.5628642092527895e-05
4.819370800003526,0.0,0.0,0.0,-3.956109844198766e-05,-6.252948997784158e-05,0.00011542737186673217
4.870685599998978,0.0,0.0,0.0,-2.4226479991356147e-06,-5.799707317356418e-05,-0.00022646696278299207
4.919933900004253,0.0,0.0,0.0,4.208920560721583e-06,0.00030244415116125514,-0.000477219707717027
4.967599499999778,0.0,0.0,0.0,7.623196212892819e-05,-0.0008657292008943519,-0.00021729825218689213
5.020063199997821,0.0,0.0,0.0,4.164395437375203e-05,0.0005940596981414283,-0.000331638021598819
5.069380499997351,0.0,0.0,0.0,-0.00011368432789195159,0.00012433639377621038,-0.0001930615265647151
5.128788900001382,0.0,0.0,0.0,-1.9408465073512688e-05,7.1638924473897e-05,-0.00011643548212143185
5.179763500003901,0.0,0.0,0.0,8.096174216003589e-05,0.0003973726211133219,0.00016675534002748657
5.226181600002747,0.0,0.0,0.0,-9.327677747280489e-06,-0.0006725082371207042,0.00033891894852815225
5.271228500001598,0.0,0.0,0.0,-6.959192939771132e-05,0.0007057478815643562,0.0002294839655814847
5.322123800004192,0.0,0.0,0.0,2.9535610923562817e-05,-0.0007594928644708373,0.0003634860304175045
5.374017499998445,0.0,0.0,0.0,-1.1257248224966637e-05,0.0005677590717175134,0.0003514181390564831
5.419365399997332,0.0,0.0,0.0,4.913620784665186e-05,3.985701371179966e-05,0.0003485976450054494
5.471478300001763,0.0,0.0,0.0,-5.398148812439153e-05,-0.000565120352218093,0.00034638836150760477
5.524633100001665,0.0,0.0,0.0,-2.0538259206617527e-06,9.082944439817349e-05,0.0003042114274243422
5.5755724999980885,0.0,0.0,0.0,-2.4041384036474722e-05,-0.00012249685736571067,0.00018349578840653433
5.622626199998194,0.0,0.0,0.0,7.355875998370958e-06,2.9877417662505975e-05,0.0002279893280870902
5.668668600003002,0.0,0.0,0.0,3.993167707737164e-05,-0.00022660057788194426,0.00025234864963261946
5.728619599998638,0.0,0.0,0.0,-5.562466393681538e-05,0.0001210750964810228,0.00019009329203132586
5.772712600002706,0.0,0.0,0.0,7.475785328634398e-05,0.00029683615647657543,0.00028821545503100753
5.822086699998181,0.0,0.0,0.0,-4.453230705965138e-05,-0.0005786122428703159,0.00030021472989886523
5.8740589000008185,0.0,0.0,0.0,2.5979023469514943e-05,1.4444686977417883e-05,0.000234744228319155
5.9218164999983856,0.0,0.0,0.0,3.0099023738226097e-05,0.0005696478619053354,0.00030671710310094567
5.991989300004207,0.0,0.0,0.0,-9.043844103498077e-05,-0.00044520049131802476,0.0001053794118940257
6.020450500000152,0.0,0.0,0.0,-1.927946452821516e-06,-0.00017677690384473827,8.608724219119968e-05
6.06838869999774,0.0,0.0,0.0,3.0464714557149167e-05,0.0010507397657595128,0.00014899115238563017
6.117716100001417,0.0,0.0,0.0,-3.5838646667194095e-05,-0.0009861182054256201,-9.557013340864461e-05
6.169794499997806,0.0,0.0,0.0,8.099327716964879e-05,-9.68405056526772e-05,-0.00010165132794992228
6.219265300002007,0.0,0.0,0.0,-8.69571096353928e-05,0.0005630893373724241,1.944172403721396e-05
6.266156400000909,0.0,0.0,0.0,0.00011764180008202195,-0.0005560931647375092,-0.0001672806799959632
6.318523699999787,0.0,0.0,0.0,-5.604582876637134e-06,0.0006875374989786304,-0.00017437049928486746
6.367234900004405,0.0,0.0,0.0,-3.507695833074582e-05,0.0003834682582272701,-5.287772722167199e-05
6.418346200000087,0.0,0.0,0.0,7.749161906778202e-05,-0.0004220391170434741,-5.254803898265123e-08
6.466741800002637,0.0,0.0,0.0,-3.6120082766088206e-05,-0.0002785427536361688,-1.9031273855213495e-05
6.517088100001274,0.0,0.0,0.0,6.273639422373007e-05,-0.00018420732452073324,-0.00022858780204555184
6.567978099999891,0.0,0.0,0.0,-7.097759563485177e-05,0.0006593607536656645,-1.8645836604380294e-05
6.618892999998934,0.0,0.0,0.0,-2.4828692432659953e-05,0.00025952106119128936,0.0006140020011484719
6.6685770000040065,0.0,0.0,0.0,1.410826128282135e-05,-0.000415435601043561,0.000524382680695116
6.723980000002484,0.0,0.0,0.0,1.2380749298660091e-05,-0.0004998774983672966,0.00043876645380974005
6.772320399999444,0.0,0.0,0.0,2.5877987442112543e-05,0.0001797933731658534,0.00021097179478061866
6.819610400001693,0.0,0.0,0.0,-4.1828504678454246e-05,2.819480715445497e-05,0.00025291133444670983
6.8771514000036404,0.0,0.0,0.0,6.002913130864622e-06,0.00011597726597692098,0.0002976447808759416
6.920390500003123,0.0,0.0,0.0,4.672688557519706e-05,-0.00017053879902422176,-1.5081313279230641e-05
6.97434179999982,0.0,0.0,0.0,-2.2581781490464432e-05,0.00019104422271732735,-7.437950245439848e-05
7.020556900002703,0.0,0.0,0.0,-7.95546219943861e-05,-0.00020318460556755983,0.00022719016384316646
7.079765900001803,0.0,0.0,0.0,5.4196911885405206e-05,-0.00021179009863511115,-1.7281953703963376e-05
7.1277126999993925,0.0,0.0,0.0,-4.447258883891695e-05,-0.00013224200983096067,2.203235905525673e-05
7.17435960000148,0.0,0.0,0.0,5.2403686945423376e-05,7.386639405534909e-05,-0.00014697320514865016
7.227483599999687,0.0,0.0,0.0,4.064060064428501e-05,0.0002326420899044013,-0.0002575124016775658
7.278671100000793,0.0,0.0,0.0,-8.508139539993642e-06,-5.037152808646548e-05,-7.618314266913928e-05
7.325645600001735,0.0,0.0,0.0,1.3129277168702178e-05,-0.00015971063993028796,-0.00016444806890087983
7.370084300004237,0.0,0.0,0.0,-8.441040636571011e-05,3.393752184267046e-05,-8.656603586690718e-05
7.42344569999841,0.0,0.0,0.0,2.761212361861762e-05,0.00017599721296574964,-0.00018581472455345504
7.470300599998154,0.0,0.0,0.0,-2.269486911894465e-05,-0.00017550467022220135,-0.0003837276887709982
7.519506000004185,0.0,0.0,0.0,-2.9773756938156053e-05,-0.0001625036933233036,-0.00033568624500758147
7.568905100000848,0.0,0.0,0.0,6.432375265305575e-05,8.256247020933733e-05,-0.0002494575967734792
7.618707300003734,0.0,0.0,0.0,-2.650931990001761e-05,0.00030517002286471295,-0.0002987183004970811
7.6686257000037585,0.0,0.0,0.0,-1.1373931764389171e-06,-0.0002440031369928153,-0.0003951591149155517
7.719806300003256,0.0,0.0,0.0,2.391813365524856e-05,-0.0002671940998066225,-0.0003267792144149922
7.76976580000337,0.0,0.0,0.0,6.448923111689747e-05,0.00027281492542592396,-0.000287971111658112
7.8258072000026,0.0,0.0,0.0,-5.475174427020113e-05,6.9047050113536945e-06,-0.0002712269712665167
7.878572900001018,0.0,0.0,0.0,-2.4444073337026622e-05,5.7166541290328506e-05,-0.0003359596706815708
7.9296647000010125,0.0,0.0,0.0,4.7974564368866546e-05,-0.00018807869200707306,0.00011574700503315136
7.9742306000043754,0.0,0.0,0.0,-1.3432036360735982e-05,0.0006428310106988419,0.0002767157542284663
8.026625099999364,0.0,0.0,0.0,-1.854567265156848e-05,-0.0004265689324970776,0.00024278375721190328
8.074813799998083,0.0,0.0,0.0,3.055834255703168e-05,0.0003335380658972632,0.0003241641743689756
8.12547440000344,0.0,0.0,0.0,-3.269509600520529e-05,0.0005254469874952828,0.00030275234461613873
8.1809745999999,0.0,0.0,0.0,4.505534875795989e-05,5.893555530956322e-05,0.0003324315737537867
8.231485000003886,0.0,0.0,0.0,-4.559480867939816e-05,-0.000780384023170552,0.0004178876047840444
8.275633800003561,0.0,0.0,0.0,8.374366323396407e-05,0.00036873703688538706,0.0002983961989371815
8.319561000003887,0.0,0.0,0.0,-2.156604844470638e-05,-0.00030038114661185054,0.00034596858397169185
8.37842819999787,0.0,0.0,0.0,-1.9281292499540068e-06,-0.00020170870806903793,0.0003354136552639642
8.429010100000596,0.0,0.0,0.0,-3.9488457629298035e-05,0.0002874836272504749,3.0504223668583053e-05
8.47199769999861,0.0,0.0,0.0,-2.881426843392514e-05,7.372406068508264e-05,-6.232182167893771e-05
8.519015899997612,0.0,0.0,0.0,0.00012391463931915066,8.21763940393198e-05,-6.885292892381172e-05
8.574815100000706,0.0,0.0,0.0,-0.0001312000795606101,-0.00012460003306657567,-7.183828509942696e-05
8.626256800002011,0.0,0.0,0.0,3.108054701590523e-05,0.00011812373362641201,-1.1055114229128448e-06
8.676944200000435,0.0,0.0,0.0,-3.98289287838739e-05,-0.00033631705557000095,-7.793423390223595e-05
8.725765000002866,0.0,0.0,0.0,9.290205507763111e-05,9.888643936429924e-05,-6.539465244097876e-05
8.773769600004016,0.0,0.0,0.0,-6.524416613787471e-05,-0.00029070501535526094,-0.00011223482883555891
8.818765600000916,0.0,0.0,0.0,9.46182697330556e-05,6.424325359799251e-05,-0.00010229381040176337
8.877823000002536,0.0,0.0,0.0,-4.8464633737797526e-05,0.00023920610646051727,-0.0001765560464565415
8.925004700002319,0.0,0.0,0.0,-8.821942188812367e-05,-2.885257730690182e-05,-0.00033069584141137795
8.975727600001846,0.0,0.0,0.0,6.038165572870367e-05,-0.00012338548545220987,-0.00028354720954686075
9.023869099997682,0.0,0.0,0.0,-5.697902684535168e-05,0.00023547266325143785,-0.0002955027909260336
9.07616969999799,0.0,0.0,0.0,2.2501955542183678e-05,-0.0001473540057086683,0.00029068759794322383
9.12665630000265,0.0,0.0,0.0,-4.7388635063208375e-05,0.0001455818300118359,3.475188604756435e-05
9.175863900003606,0.0,0.0,0.0,6.133212569405379e-05,0.00015097098599621574,0.00010433178185760825
9.227681299998949,0.0,0.0,0.0,-2.835031809045634e-05,-0.00010083958063170049,-0.0002063630711545041
9.268549599997641,0.0,0.0,0.0,4.206981479092358e-05,-0.00034382766352060516,-0.0002738629407312022
9.326376299999538,0.0,0.0,0.0,-5.795931089072776e-05,-0.0002818894455414045,-0.00037041953128203885
9.377243900002213,0.0,0.0,0.0,0.00012598599775297603,6.431441133150619e-05,-0.0002011326224686709
9.427283800003352,0.0,0.0,0.0,-0.00010838285063409167,0.0002497593986610998,-0.00023361855701256042
9.473515300000145,0.0,0.0,0.0,-5.795802638732847e-05,9.015732646316939e-05,-0.0002553126740936023
9.525263900002756,0.0,0.0,0.0,1.559225842831574e-05,0.00026502388128467916,-3.442888634760991e-05
9.573169100003724,0.0,0.0,0.0,2.1979590031514425e-05,-0.00012873595350660456,-2.5292572827677244e-05
9.628674799998407,0.0,0.0,0.0,5.674291746522382e-05,-0.0002066025253427538,-0.00011398774746258425
9.669779399999243,0.0,0.0,0.0,-4.676408720346778e-05,1.231281660366181e-05,-0.00018475969277312928
9.72457569999824,0.0,0.0,0.0,-7.179972974985993e-05,0.0005946252045576307,-0.00016190887076845246
9.774870499997633,0.0,0.0,0.0,7.355874308023283e-05,0.00037952975201838526,-0.00014290461451479486
9.828190699998231,0.0,0.0,0.0,-1.2216638766932077e-05,-5.794348960231687e-05,-0.0002379996985462335
9.877833899998222,0.0,0.0,0.0,-1.3325134925824957e-05,-0.0005508637880302622,-0.0002640030356393935
9.928684300000896,0.0,0.0,0.0,-6.681696634542855e-05,0.0006104318648984298,-0.0002508620260796317
9.97878800000035,0.0,0.0,0.0,6.11836155397942e-05,0.00012865780217763753,-0.00019358895430014692
10.027604599999904,0.0,0.0,0.0,-3.6472302557624658e-06,-0.00046407978460782603,0.00012059043875175439
10.081558600002609,0.0,0.0,0.0,-2.5672350651556064e-05,-0.0002523328452105364,8.252170173963043e-05
10.127738900002441,0.0,0.0,0.0,2.1065156245414436e-05,2.259482954398123e-05,-9.602533583187567e-05
10.17551100000128,0.0,0.0,0.0,6.864858080276195e-05,-0.000540335016680239,-0.0003305909927917636
10.227888900000835,0.0,0.0,0.0,-5.5071910271980204e-05,0.00038126239686610524,-0.00018539500260038113
10.274627300001157,0.0,0.0,0.0,-1.3737613034863627e-06,0.00015176621961132482,-8.769827623923167e-05
10.327338100003544,0.0,0.0,0.0,-4.578857412797005e-05,-0.00011294219220463718,-0.00014452009757110685
10.377107200001774,0.0,0.0,0.0,0.00016660191596500488,0.0005910477302326256,-0.00019861620974896577
10.427427299997362,0.0,0.0,0.0,-9.076952953043058e-05,-0.00011506626231735938,-0.00011042148480240974
10.478882299998077,0.0,0.0,0.0,2.1667226617365994e-05,-0.00021045555481798015,1.640059949726128e-06
10.524348899998586,0.0,0.0,0.0,6.723606071279034e-05,0.00014406983643435898,-5.290737816546361e-06
10.571974899998168,0.0,0.0,0.0,-9.300642488994924e-05,0.00030624995266381684,-2.4362416504000317e-05
10.627138500000001,0.0,0.0,0.0,-3.3636144753169515e-05,0.0002440436398371397,-4.2675485809038126e-05
10.671797700000752,0.0,0.0,0.0,0.00013902073210083458,-0.0002302501508824461,-0.0003332560617837684
10.725180100002035,0.0,0.0,0.0,-8.093325431236757e-05,-0.00021939844078115928,-0.00021191819151755622
10.772092799998063,0.0,0.0,0.0,-6.513201889953244e-05,-0.0005247105291932547,-7.707704952543427e-05
10.826697900003637,0.0,0.0,0.0,6.904092925738753e-05,0.0001184676085649409,0.00030898181950092133
10.878961599999457,0.0,0.0,0.0,-2.3665337293207116e-06,-0.0003796328742830275,0.0004761286576891936
10.921871600003215,0.0,0.0,0.0,-2.0901387134580468e-05,0.0005668994558222219,-9.995706796136405e-05
10.97589539999899,0.0,0.0,0.0,9.64929498832986e-05,-0.00045261754356693874,-0.00024297947203031657
11.027190599997994,0.0,0.0,0.0,-0.00013377012599748725,0.0007351693862277214,-0.0002842797584215379
11.074101500002143,0.0,0.0,0.0,1.5831872118318455e-05,-5.4605911776514624e-05,-2.3912542570466454e-05
11.128928400001314,0.0,0.0,0.0,-3.9069255337741915e-06,-0.0005650453118131696,-0.000501366349724334
11.179578200004471,0.0,0.0,0.0,9.69771264884495e-06,-0.00022341404973733495,-0.00018472994800948663
11.23008739999932,0.0,0.0,0.0,-1.0293821818019806e-05,-1.6656995943608323e-05,-0.00019617512960759154
11.275725500003318,0.0,0.0,0.0,0.00010804307036742361,0.00034048289090932133,-0.0004882212627912055
11.33131339999818,0.0,0.0,0.0,-3.1014779792537974e-05,0.00010604785089785479,6.414157330809112e-06
11.378682700000354,0.0,0.0,0.0,-0.00012544191860895033,0.0010003236985937922,2.71020321539873e-05
11.41953640000429,0.0,0.0,0.0,9.325733908644418e-05,-0.0007638825939373478,-1.795486415949688e-05
11.478740099999413,0.0,0.0,0.0,8.140685980584588e-06,-0.0005923109026361173,-0.00012799887286513102
11.527670800001943,0.0,0.0,0.0,8.774551220765489e-06,0.0008317639611134302,-7.927616785056581e-05
11.580430399997567,0.0,0.0,0.0,4.669625267888412e-05,0.00034917653684426146,0.00015368162385473902
11.62830109999777,0.0,0.0,0.0,6.198147122565983e-05,-0.0004765773544928995,9.778872885549064e-05
11.676189899997553,0.0,0.0,0.0,-8.27444207298693e-05,-0.00031823574629056574,5.558781863226326e-06
11.722909600001003,0.0,0.0,0.0,-4.825455953976932e-05,-0.0002559521696536374,6.462016164914816e-05
11.779610099998536,0.0,0.0,0.0,-5.8076039181216315e-06,-0.00011610187139052653,0.00016520106595134263
11.828127000000677,0.0,0.0,0.0,7.267790817843347e-05,0.00033734460204375366,9.165246656706112e-05
11.876982300003874,0.0,0.0,0.0,-0.0005712689544289976,-0.02057059269634904,-7.35305938706868e-05
11.92180019999796,0.0,0.0,0.0,0.000218134863623246,0.0004824188798607632,-0.01378866400354173
11.97370100000262,0.0,0.0,0.0,1.770009165333848e-05,0.01351692635614091,-0.01916931289135595
12.022590699998545,0.0,0.0,0.0,1.8964846013101585e-05,-0.0035030380574125387,-0.008190895965147625
12.069448100002774,0.0,0.0,0.0,-0.00027353322142646057,0.007158613765178651,0.026385435293286002
12.121678100003919,0.0,0.0,0.0,0.0004605392819814827,0.0016725315458294998,0.08138244982300452
12.170205900001747,0.0,0.0,0.0,0.0008160888254423467,0.00833872436753291,0.22167167606354857
12.22001380000438,0.0,0.0,0.0,0.0008317367985244571,0.008010639713939447,0.4033798686757937
12.274625500002003,0.0,0.0,0.0,0.0008770902542857891,-0.0008443390263139358,0.42664741918604165
12.327741900000547,0.0,0.0,0.0,0.0011174964580481313,0.0015577080171296095,0.4407791148013779
12.372896499997296,0.0,0.0,0.0,0.0016000670509486404,0.0194883944153897,0.45789445833395037
12.4241927999974,0.0,0.0,0.0,-8.362546867758567e-06,0.0028271828192065794,0.45763731408007763
12.47258950000105,0.0,0.0,0.0,-0.0004846132314048485,0.0009950182068075024,0.4586259917459352
12.519682700003614,0.0,0.0,0.0,0.0007954164210497729,-0.00625827752604378,0.4204652323597227
12.57197879999876,0.0,0.0,0.0,0.0005280519585847644,-0.0036509224694152623,0.30379812790971106
12.624322700001358,0.0,0.0,0.0,0.000509668280729231,7.374725538512856e-05,0.23283647535894747
12.66911059999984,0.0,0.0,0.0,0.00012199293454408029,0.00025214103671657466,0.11049853328276016
12.719507399997383,0.0,0.0,0.0,-4.577130777153596e-05,-0.00027268139769500755,-0.04306069247193332
12.771490500002983,0.0,0.0,0.0,-0.0003176904348173202,-4.122138940290278e-05,-0.21932481183293678
12.821716200000083,0.0,0.0,0.0,-0.0005921089206429997,0.000738253153336537,-0.4125025678708355
12.87166889999935,0.0,0.0,0.0,-0.0005968505863773933,-0.000551153484256141,-0.6142022179599086
12.920846699998947,0.0,0.0,0.0,-0.001528373088635003,-0.008636038543277453,-0.7482048668098563
12.972231699997792,0.0,0.0,0.0,-0.0014894178003364233,0.00254188277356588,-0.7458500455605845
13.020783400002983,0.0,0.0,0.0,-0.0010896335571448023,-0.002253347728652011,-0.6967097990388127
13.072526700001617,0.0,0.0,0.0,-0.0013338097036782808,0.001276580772204889,-0.6463162958527049
13.12116270000115,0.0,0.0,0.0,-0.0014835594520677218,-0.008169461805123842,-0.592998871472366
13.17130719999841,0.0,0.0,0.0,-0.0007717587983107554,-0.0011599060070259792,-0.5466566784910031
13.222130499998457,0.0,0.0,0.0,-0.0018278253999636453,0.0031185414262038936,-0.6455443264877727
13.271877300001506,0.0,0.0,0.0,-0.0010649360603421003,0.0025807412733039672,-0.8186829500563603
13.321346800003084,0.0,0.0,0.0,-0.002422854100751537,0.006606898482637161,-1.0303045916994797
13.374275200003467,0.0,0.0,0.0,-0.002436741596318674,-0.0009401087772039488,-1.2380441222801046
13.420624799997313,0.0,0.0,0.0,-0.002904148924957608,-0.001597603895078971,-1.4128998486581743
13.471753300000273,0.0,0.0,0.0,-0.0030225011926307186,0.0005584478665101047,-1.536682315681238
13.521396000003733,0.0,0.0,0.0,-0.00254922507822244,0.0025308206567981346,-1.4869667195694531
13.570842599998286,0.0,0.0,0.0,-0.001991636571364177,0.004077803141057985,-1.2994540838004307
13.62184200000047,0.0,0.0,0.0,-0.0017350620409444198,-0.0007285603254734102,-1.091562516021297
13.671364399997401,0.0,0.0,0.0,-0.0014473608839248192,-0.0017083073144584147,-0.8740895409337657
13.722351600001275,0.0,0.0,0.0,-0.0008880731395124998,0.002297044696665473,-0.6627048810588534
13.770944800002326,0.0,0.0,0.0,-0.0007410799466975017,-0.004936486606528233,-0.4430714430053917
13.819966900002328,0.0,0.0,0.0,-0.0006555767796457842,0.0016608187550892937,-0.22422219394760445
13.870456199998443,0.0,0.0,0.0,0.0004863097086846217,-0.0017210454156016434,-0.008392051406297386
13.921330400000443,0.0,0.0,0.0,0.0005613649566907005,0.005063376755317433,0.20873894870029594
13.971467499999562,0.0,0.0,0.0,0.0008329960021002732,0.0027421336847738417,0.4342445389010823
14.020421000001079,0.0,0.0,0.0,0.0009244843897926847,-0.002366214526930219,0.5535386008357255
14.071055000000342,0.0,0.0,0.0,0.0008692175148582462,0.0009518286162444088,0.5310302334813113
14.120773399998143,0.0,0.0,0.0,0.0008150060435815601,-0.0007100498932857118,0.5008347453311414
14.17144840000401,0.0,0.0,0.0,0.0005939962241930577,-0.0010211245438740079,0.46411234077188956
14.2190161000035,0.0,0.0,0.0,0.0005572230326138924,0.004682015304010549,0.4418432142008017
14.273357500002021,0.0,0.0,0.0,0.0005736641969991259,-2.7125623569563984e-05,0.42627858433330146
14.331224599998677,0.0,0.0,0.0,0.0006676593088704606,-0.004600778375109629,0.4052458402697623
14.379523100004008,0.0,0.0,0.0,0.0006682917100208362,-0.0011578453259600708,0.38694124912426686
14.423403200002213,0.0,0.0,0.0,0.0004916584652090701,0.0043864570141845,0.3681065663860176
14.474284900003113,0.0,0.0,0.0,0.0005091389500690509,-0.002571244621561699,0.35329199837335146
14.520789399997739,0.0,0.0,0.0,0.0005022364777753275,0.0034238340022982048,0.340787318104116
14.58060800000385,0.0,0.0,0.0,0.0005498710834966969,-0.00357606724460616,0.3288333423526626
14.623614000003727,0.0,0.0,0.0,0.00037469780717107565,0.0033069798245964166,0.3170229017427265
14.67152960000385,0.0,0.0,0.0,0.0005821706490587626,-0.003463242437207188,0.30648274001069
14.723457400003099,0.0,0.0,0.0,0.00039959347420905815,0.0023661746061837624,0.2983475395126697
14.778486399998656,0.0,0.0,0.0,0.0005342419687630224,-0.0031012778396862896,0.292081753434129
14.82597209999949,0.0,0.0,0.0,0.0002926776711238402,0.0036860987819677354,0.28495777184424764
14.87939650000044,0.0,0.0,0.0,0.0004734522203567309,-0.0021045681574451,0.28152861948288427
14.926440700000967,0.0,0.0,0.0,0.000582276742577901,-0.00012214184891432686,0.27925816417993915
14.97437699999864,0.0,0.0,0.0,0.0003876612307849948,0.001120784706252275,0.2813393986043244
15.024295299997902,0.0,0.0,0.0,0.00033825456614624167,0.0010937120703262385,0.2815056623012758
15.072814300001482,0.0,0.0,0.0,0.00043095390097702246,-0.0033623162371068382,0.285456858751159
15.126307200000156,0.0,0.0,0.0,0.0003936265807082182,0.0024081044747692112,0.29285896062203765
15.176836400001775,0.0,0.0,0.0,0.0003319477497897319,0.0010427981629184398,0.3031160384372116
15.22279300000082,0.0,0.0,0.0,0.0005713971667771474,-0.00017275382656554503,0.3186194000469303
15.279268199999933,0.0,0.0,0.0,0.000620750935641144,-0.0032359210787043713,0.34473143165067144
15.328298300002643,0.0,0.0,0.0,0.0005366170861293774,0.002260340427920746,0.3789980333572996
15.374132500000997,0.0,0.0,0.0,0.0007149924375114021,0.0020248655465524533,0.4381598487867221
15.431641200004378,0.0,0.0,0.0,0.0009601262510126571,-0.004323997623679778,0.5267611653936336
15.476925100003427,0.0,0.0,0.0,0.0005452765134006522,0.009964389367162003,0.5481388079147482
15.525623900000937,0.0,0.0,0.0,0.0004223961457322083,0.001941511998992868,0.5549646556887544
15.57878950000304,0.0,0.0,0.0,0.00045222059667549865,-0.0006765182620847539,0.547708850859205
15.627949499998067,0.0,0.0,0.0,0.0004737892769851316,3.052071566254541e-05,0.5283301043640085
15.673059300002933,0.0,0.0,0.0,0.0003674245339902681,0.001027116327611629,0.5009146281339609
15.729170400001749,0.0,0.0,0.0,0.0003022720672083752,-0.001136069482291348,0.4667914441201159
15.77418469999975,0.0,0.0,0.0,0.0002989064124318212,-0.0009799165467958089,0.42009179367297744
15.822312800002692,0.0,0.0,0.0,0.0014068508589127453,-0.0016107980370580089,0.3880206553560109
15.875566100003198,0.0,0.0,0.0,-0.0003328005616036419,-0.006984638185437456,0.3087337235518945
15.924051800000598,0.0,0.0,0.0,0.00021202958535568195,-0.003820153725864867,0.1356120682114895
15.97733739999967,0.0,0.0,0.0,0.00014022407576564356,-0.004334962848320684,0.010360170924570622
16.029093800003466,0.0,0.0,0.0,5.175793464939072e-05,-0.0010880506458572903,0.0015619974037840668
16.078026499999396,0.0,0.0,0.0,-6.252296762926435e-05,0.0002904377541476452,0.0011266893527960631
16.124726699999883,0.0,0.0,0.0,2.9775459494240168e-05,-0.0001682411831416065,0.0005968556833296844
16.17820510000456,0.0,0.0,0.0,3.515437524257483e-05,-0.00019561519810207007,0.00029875620076168853
16.226728800000274,0.0,0.0,0.0,-5.603310418851434e-05,0.00036828304854386333,0.000130599761638937
16.280855999997584,0.0,0.0,0.0,4.800812301921547e-06,-0.0004205642465808288,8.293374100416805e-05
16.329708099998243,0.0,0.0,0.0,-1.895995673501813e-05,-0.0004651658650668621,-5.013714661615142e-05
16.37586359999841,0.0,0.0,0.0,-4.1631495751172395e-05,3.119256876799675e-06,7.910652224632237e-05
16.42395779999788,0.0,0.0,0.0,-3.2611170373294984e-05,-4.2063516293269225e-05,3.3540757731077686e-05
16.475886599997466,0.0,0.0,0.0,4.083650174240405e-05,0.0004219523756970782,0.00010139236579298738
16.53343780000432,0.0,0.0,0.0,5.3697933638722436e-05,-0.0002895344054369711,-0.00018011170596986611
16.578866000003472,0.0,0.0,0.0,-2.260524286438434e-05,0.00036424716885199716,-0.00017848412547336674
16.629535599997325,0.0,0.0,0.0,-1.8325938924561773e-06,0.00018971465545268004,-0.00010825989675569973
16.67458169999736,0.0,0.0,0.0,3.791768933881941e-05,-0.00023648094280508244,0.0001257977633486667
16.72807489999832,0.0,0.0,0.0,3.023441087844786e-06,0.00018344281587734146,0.0005705845555512003
16.778409400001692,0.0,0.0,0.0,2.5311652862297557e-05,-0.00017883304531253838,0.000310130916912838
16.828419700002996,0.0,0.0,0.0,-2.6345239548363756e-05,-0.00017597913111230034,-0.00019166350979930735
16.871908000000985,0.0,0.0,0.0,3.4009426878497022e-06,-3.8935083130153585e-05,-1.5423691843744918e-06
16.925640100002056,0.0,0.0,0.0,-4.301593500988954e-05,-0.00021854375976756665,-1.0417681979452572e-05
16.973140399997646,0.0,0.0,0.0,3.202539017184172e-05,0.00034622681061336543,0.00011871755443002733
17.026045200000226,0.0,0.0,0.0,1.4629426082547e-05,0.00019171548553291128,0.0003055680060137634
17.075605400001223,0.0,0.0,0.0,-6.279720882304385e-05,-9.977351037243387e-05,-4.756095907021052e-05
17.130337299997336,0.0,0.0,0.0,-1.3848094648428656e-06,0.00034667408621429107,8.5088375187262e-05
17.174067300002207,0.0,0.0,0.0,2.3335427186748933e-05,-0.0005889451183465509,0.00027883922636214346
17.22202390000166,0.0,0.0,0.0,5.534903325926932e-05,0.0003513936107451594,0.0001366870717679049
17.27176150000014,0.0,0.0,0.0,-2.8562854421102624e-05,4.385172083869954e-05,-0.0001314124658508571
17.326527500001248,0.0,0.0,0.0,9.671212201958914e-06,-0.0004463969399665232,-0.00019197610051757861
17.378384299998288,0.0,0.0,0.0,-2.256571810280994e-05,4.099890196344602e-05,0.00025256789515415055
17.425774200004525,0.0,0.0,0.0,6.351728190510609e-05,-1.170673135058459e-05,4.585619128076147e-05
17.48202200000378,0.0,0.0,0.0,-5.1963609192014024e-05,0.00018791045509200082,-0.0003013249587447765
17.529924100002972,0.0,0.0,0.0,-3.737046945782816e-05,7.46386688946026e-05,-0.00041617510925011467
17.577944700002263,0.0,0.0,0.0,6.537002323476798e-06,6.0137393843117756e-05,-0.0003205105742810461
17.623170099999697,0.0,0.0,0.0,-4.673564441896335e-06,-0.00016821248042897644,-0.00011469169926299057
17.67592329999752,0.0,0.0,0.0,-1.5125714985606502e-05,6.454219779412964e-06,-0.00016448329577223439
17.72149509999872,0.0,0.0,0.0,-1.6390469526560172e-06,-2.148363593343375e-05,-0.0001980399034599323
17.773133000002417,0.0,0.0,0.0,-2.6267409413405055e-05,0.00017071290392292704,-0.0003070012837081307
17.81950080000388,0.0,0.0,0.0,5.587795454396606e-05,-0.0003467960306120367,-0.00026328662125055886
17.869391799998994,0.0,0.0,0.0,6.010308657798532e-05,-0.0001681447369225249,-2.947405320576987e-05
17.929587999999058,0.0,0.0,0.0,-9.326756817364955e-05,0.0002657439104345083,-0.00012672065768879568
17.980868400001782,0.0,0.0,0.0,-8.49364491155799e-05,0.0008993664559703945,-8.753438867601064e-05
18.028176100000564,0.0,0.0,0.0,2.2052974271198394e-05,-0.0009634360829934247,-5.80355892456498e-06
18.080213900000672,0.0,0.0,0.0,-3.623524587245697e-05,0.00017564909115012862,-4.355062248528218e-06
18.12543960000039,0.0,0.0,0.0,8.262540440168648e-05,-0.00018980926040666906,-0.00021993405574335419
18.183044999997946,0.0,0.0,0.0,2.718811041362559e-05,0.0001211769674539814,0.00020598101397721283
18.22777209999913,0.0,0.0,0.0,5.267213164933597e-05,0.0005317384995705871,-0.00013050422528495831
18.278897199998028,0.0,0.0,0.0,-9.032311297341473e-06,-0.0006461755950612563,-0.00021211875873149974
18.32145390000369,0.0,0.0,0.0,-6.684900303332622e-05,7.123421329455669e-05,-5.772452676609465e-05
18.374919100002444,0.0,0.0,0.0,9.988669957004683e-05,-0.0003806232409033301,0.00030870765756994774
18.428674100003263,0.0,0.0,0.0,-8.573781604254674e-05,0.0002418361495110362,-5.532688520192919e-05
18.47322279999935,0.0,0.0,0.0,-1.5251674848394831e-05,0.00011393459732812526,0.0002659752584555372
18.525409699999727,0.0,0.0,0.0,6.0325589608117113e-05,-0.00011186884781412685,9.551776821007631e-05
18.574801700000535,0.0,0.0,0.0,1.0526256530442112e-05,0.0006775944631284589,-5.570657578486904e-05
18.629817699998966,0.0,0.0,0.0,-4.827837627371556e-05,-0.0006423660723255344,-5.3642905623579206e-05
18.672014900002978,0.0,0.0,0.0,2.934047716926032e-06,-1.0610473049420875e-05,0.0001401445284813891
18.73088060000009,0.0,0.0,0.0,2.961121887963255e-05,0.0001863813728789443,-5.7524054630102295e-05
18.779536000001826,0.0,0.0,0.0,-2.1517429566821452e-05,-0.0003388379998133633,1.9670617502558946e-05
18.827315100003034,0.0,0.0,0.0,-3.1731194050248396e-05,0.0004044868414854888,5.94825052764076e-05
18.877870600001188,0.0,0.0,0.0,2.867970215185039e-05,-0.00018643206738805287,-9.727832710452011e-06
18.92811040000379,0.0,0.0,0.0,-1.5294345297341683e-05,0.00017299557328081107,5.6681329188860254e-05
18.977841799998714,0.0,0.0,0.0,5.187932529914868e-06,8.770446987499636e-05,0.0002884575801031853
19.026856199998292,0.0,0.0,0.0,-1.2793843768616287e-05,0.00017257921420471063,8.797812008538051e-05
19.075940299997455,0.0,0.0,0.0,6.247344963906682e-05,-0.0004897925664254812,9.57222498262664e-05
19.127329000002646,0.0,0.0,0.0,-2.0230295701490256e-05,0.0004352636053208649,0.0002102459913458243
19.17527289999998,0.0,0.0,0.0,8.632805639144184e-06,1.4337041050926152e-05,0.00019298134204226295
19.22829030000139,0.0,0.0,0.0,-1.710252967155285e-05,-0.0002936196266569961,0.0001708234777306356
19.279560299997684,0.0,0.0,0.0,2.3556224378293736e-05,-4.8615536368356835e-05,0.00010207994640192624
19.328979199999594,0.0,0.0,0.0,5.9619982886954036e-05,0.00033212241249729393,-5.1498609692665865e-06
19.380118000000948,0.0,0.0,0.0,-5.872726532384042e-05,-0.0005059910589461402,0.00018827646857564419
19.42886720000388,0.0,0.0,0.0,-4.082118805768824e-05,-9.522314079007e-05,-0.00023258811923311697
19.48076620000211,0.0,0.0,0.0,6.741226917149149e-06,0.00058074425935938,-0.00035785380832902133
19.528223300003447,0.0,0.0,0.0,5.1148249497803594e-05,-0.0004402828935717492,6.264036463607638e-05
19.575746000002255,0.0,0.0,0.0,-1.4843229584216345e-05,8.591056440090074e-05,5.317426312981777e-05
19.629182700002275,0.0,0.0,0.0,-0.000135236323472799,-3.672642057359528e-05,-5.792735784682411e-05
19.680528400000185,0.0,0.0,0.0,0.00014219987361863669,-0.00041414980197160533,-8.201591236855807e-05
19.722864399998798,0.0,0.0,0.0,-7.276307406479772e-05,0.0001765602095375602,8.392692995936736e-05
19.778244900000573,0.0,0.0,0.0,4.763312641791743e-05,0.00034823093209387424,0.00013576542856399455
19.830609199998435,0.0,0.0,0.0,-6.144300858448812e-05,0.00011630948118549039,0.0001924018818278066
19.882267000000866,0.0,0.0,0.0,3.220521323068892e-05,-0.0004052009514917489,0.00025295593011934045
19.928165199999057,0.0,0.0,0.0,-1.8650329745994452e-05,0.0004484327319960636,0.0003169875117243177
19.97411380000267,0.0,0.0,0.0,5.249970643588962e-06,0.00016606980113714967,0.0003827797482132987
20.02767660000245,0.0,0.0,0.0,2.508513535070285e-05,-0.00027871052258955403,0.00028643419082148363
20.075219199999992,0.0,0.0,0.0,-4.428114792422888e-05,-0.0003071863582180487,0.00016011547140206084
20.12988359999872,0.0,0.0,0.0,-1.0417796114395304e-05,-1.9197218257468457e-05,0.00019157998261771323
20.175231000001077,0.0,0.0,0.0,-1.7517281728118497e-05,0.00013351723183742547,6.6547898852151e-05
20.22122870000021,0.0,0.0,0.0,-5.157533475979488e-05,-6.803123493038629e-05,-2.8258515751366436e-05
20.28015640000376,0.0,0.0,0.0,1.0569596680060438e-07,0.0003693829624361165,-0.00016751665177611012
20.33036130000255,0.0,0.0,0.0,9.271508034654643e-05,-0.0006419080068693058,-0.0001629876277197942
20.38213309999992,0.0,0.0,0.0,-0.00010365237033107883,4.037681541910794e-05,-0.00019988931804343495
20.429080200003227,0.0,0.0,0.0,7.784040291591628e-05,0.000254902289772343,-0.00010386999402153258
20.474147699998866,0.0,0.0,0.0,-1.8501101864320723e-06,0.0001854598412075258,-0.0001558288853941386
20.531871899998805,0.0,0.0,0.0,4.397382748105535e-05,0.0002511904371985419,-0.00033497496008355425
20.577534700001706,0.0,0.0,0.0,-6.633352202764913e-05,-0.00033852818783436194,5.043357646603564e-05
20.626958900000318,0.0,0.0,0.0,-2.1832702060779538e-05,0.0002877886789068232,-1.3597494704179835e-05
20.67932060000021,0.0,0.0,0.0,3.6151171687500195e-05,0.00018556574846464863,-0.00011215937990021343
20.72721029999957,0.0,0.0,0.0,3.793860351058262e-05,-4.823213643620092e-05,0.00023577655503343006
20.77371100000164,0.0,0.0,0.0,-3.9383631714211525e-05,-0.0005318182488990046,0.0003810865078375669
20.829073699998844,0.0,0.0,0.0,7.934495624570136e-05,-6.331291805959228e-05,0.00028348195637011177
20.878271900000982,0.0,0.0,0.0,-1.5235220246802444e-05,-6.38456000147356e-05,0.0004483577790388591
20.928643200000806,0.0,0.0,0.0,-6.020819881712479e-05,0.0002262184095721081,4.113955916609394e-05
20.981400399999984,0.0,0.0,0.0,3.1146786884988825e-05,-0.00014609449520748327,-8.904563457408092e-05
21.029606399999466,0.0,0.0,0.0,-2.4998521290934508e-05,0.00018171841170719404,6.840630070373952e-05
21.077123299997766,0.0,0.0,0.0,4.976843223006497e-05,0.0002768030722658961,6.723638834003035e-06
21.127165899997635,0.0,0.0,0.0,-1.045754197845116e-05,-0.000564298328850414,-3.287825278582602e-05
21.18125880000298,0.0,0.0,0.0,-1.411169792959283e-05,0.000202879019112879,-2.680522727292279e-05
21.225923600002716,0.0,0.0,0.0,-1.4265659546842164e-05,0.0004389143967469674,6.303990638545733e-05
21.278809100003855,0.0,0.0,0.0,7.61626948661123e-06,-0.0004586378358780503,-7.20331904588028e-05
21.329196999999112,0.0,0.0,0.0,-3.27535232463128e-05,1.2692789038694423e-05,1.6148971832790727e-05
21.384478200001467,0.0,0.0,0.0,1.1801670004579193e-05,-0.0003585223506203494,4.276683237624514e-05
21.429479500002344,0.0,0.0,0.0,-4.210650013874093e-06,0.0005694770266956537,-0.0001314920885489571
21.47717840000405,0.0,0.0,0.0,2.592538064445363e-05,2.1381311842210658e-05,-0.00021596633847994278
21.531513599999016,0.0,0.0,0.0,5.053588697840528e-06,0.0005241977253728909,0.00016131377377719868
21.58039529999951,0.0,0.0,0.0,-8.542401807303716e-06,-0.0007261200851610049,0.0003152955864785845
21.628836100004264,0.0,0.0,0.0,-4.0183951874121155e-05,0.0008083603430843314,-4.638581842294264e-06
21.678922600003716,0.0,0.0,0.0,3.2721202752761656e-05,-0.0005143559779415595,0.0001342176731969045
21.730014500004472,0.0,0.0,0.0,5.643504056034925e-05,7.274973440297679e-05,-0.00019752907174213052
21.780296000004455,0.0,0.0,0.0,-4.333330525596679e-05,-0.0005186921894860595,-4.992859614020292e-05
21.826201700001548,0.0,0.0,0.0,6.169000737003706e-05,0.0006218415530006488,-0.00017152470140100715
21.873901700004353,0.0,0.0,0.0,-4.075902568629718e-06,-0.0005725234847966578,-0.00029993619743900264
21.929212399998505,0.0,0.0,0.0,-0.00010624714966707993,-1.8215327247655573e-05,0.00010112851764006541
21.97818659999757,0.0,0.0,0.0,4.518670619463079e-05,-0.00011042611655966579,-0.0002639593966764445
22.027467600004456,0.0,0.0,0.0,1.7505908763483382e-06,-8.901656866668292e-05,-5.405482493348213e-06
22.079004899998836,0.0,0.0,0.0,5.1664245018705546e-05,8.902699040808485e-05,-4.4496307029062495e-05
22.127198700000008,0.0,0.0,0.0,-5.4489058221197794e-05,-7.928212850830075e-05,-0.00019580837170180576
22.177825999999186,0.0,0.0,0.0,-4.10290116488984e-06,0.0008189816213150973,-3.7411480714166456e-05
22.229753899999196,0.0,0.0,0.0,3.878424225364148e-05,-0.0004095077617747279,-0.00030400648151484964
22.275644499997725,0.0,0.0,0.0,3.8924577009797766e-05,-0.00025154535476311606,-0.0005142612019962718
22.329634599998826,0.0,0.0,0.0,-5.776541538911071e-05,0.0005078127387827336,-0.00042763845927023126
22.37880949999817,0.0,0.0,0.0,4.611848074207848e-05,-0.00043172777701460676,-0.00033382792196734245
22.427428599999985,0.0,0.0,0.0,-2.166762171134188e-05,0.0003668872498659386,-0.0002557292594101063
22.482099599998037,0.0,0.0,0.0,6.388947325103547e-06,-0.0005052119901805451,-0.00022964441045045478
22.52540769999905,0.0,0.0,0.0,-3.603676346560433e-06,0.00035427174931568185,-0.00040393695090838483
22.573698300002434,0.0,0.0,0.0,-6.424111992400769e-05,-0.0001209026122983831,7.173141224798376e-05
22.630077599998913,0.0,0.0,0.0,7.084643203939314e-05,0.0002970731760828064,0.000119281864588278
22.681331100000534,0.0,0.0,0.0,-4.085579298040396e-05,5.6648557862783065e-05,0.00026800225685962584
22.746494099999836,0.0,0.0,0.0,6.0030396411124505e-06,0.00012822260938803831,0.0002568965354483243
22.80238570000074,0.0,0.0,0.0,6.562484170845135e-06,-3.6989090855667636e-05,0.0003842848659938065
22.857633600004192,0.0,0.0,0.0,-2.94847136635685e-05,-0.0001614421264492451,0.00017444166671340508
22.9254843000017,0.0,0.0,0.0,4.93002011154487e-05,-0.00044725223601045367,-6.150573240795463e-05
22.965793800001848,0.0,0.0,0.0,-6.504832782740975e-05,-9.541986649349584e-05,3.511986881761571e-06
23.015148799997405,0.0,0.0,0.0,5.6707353229589205e-05,0.0001459698735765302,-4.246917359329957e-06
23.071870799998578,0.0,0.0,0.0,-8.258878643036086e-05,0.0003607742663820984,0.0001550878143912523
23.115179599997646,0.0,0.0,0.0,6.762012351246902e-05,-0.000532059808754338,9.868393411210401e-05
23.163547000003746,0.0,0.0,0.0,-2.2108245715866906e-05,-0.0003373547528052169,-0.0001891334155369203
23.218275500003074,0.0,0.0,0.0,3.877401490743362e-05,0.0002936352595926138,-0.00011493618040685125
23.25575150000077,0.0,0.0,0.0,-0.00013610398769446142,1.8775930762924e-07,0.00037216776391523116
23.30884099999821,0.0,0.0,0.0,6.261490941724933e-05,-4.314019049433889e-05,-4.759191064703297e-05
23.359898100003193,0.0,0.0,0.0,1.9178154376336027e-05,-0.00012482694052685686,8.561962657276957e-05
23.40971569999965,0.0,0.0,0.0,-7.140976459979612e-05,0.0007884812411697837,0.00015422522438845725
23.453597300002002,0.0,0.0,0.0,0.00013615031864655665,-0.0008520187848472196,7.29579236031351e-05
23.504799599999387,0.0,0.0,0.0,-4.7807230057509e-05,0.00037100659400490354,4.711809252065319e-05
23.560037200004444,0.0,0.0,0.0,1.7874921254106769e-06,-0.00012928737514593242,0.00031565360811085306
23.611675200001628,0.0,0.0,0.0,-1.8783741143307932e-05,0.00041964494517959295,1.560652285562889e-05
23.653250900002604,0.0,0.0,0.0,1.8638048900283593e-05,0.00014013130833974576,-7.268484710099209e-05
23.708303799998248,0.0,0.0,0.0,2.8365666570888303e-05,-0.00016897700822562619,0.00011936724483027316
23.758379300001252,0.0,0.0,0.0,-2.372134397506535e-05,-0.0005528415744564665,6.028229406440422e-05
23.806630200000654,0.0,0.0,0.0,2.0461468013283655e-05,0.00034017099375472086,7.912458641920913e-05
23.850672100001248,0.0,0.0,0.0,-3.527264479314348e-05,0.00026525949740462747,-0.00016410939617277605
23.90543730000354,0.0,0.0,0.0,1.81793259100424e-05,-0.0002701648241615376,4.8536314239084715e-05
23.95770469999843,0.0,0.0,0.0,1.6697616899942106e-05,3.898687772033549e-05,0.0004883060976334921
24.006493200002296,0.0,0.0,0.0,-0.0001178939423130524,-0.00021894776875532105,0.0002728472114267331
24.056364700001723,0.0,0.0,0.0,3.0779551896099674e-05,0.00024213973509612388,0.00021570414548181132
24.10836610000115,0.0,0.0,0.0,-5.877358304809352e-06,-0.0002321124437243702,0.00014085393181408144
24.156723400003102,0.0,0.0,0.0,4.9947140940440635e-05,0.00023989448318978993,6.0934808276075366e-05
24.209621699999843,0.0,0.0,0.0,4.617452425949091e-05,-0.00015718488620332193,-0.00020150323091432223
24.254843700000492,0.0,0.0,0.0,-2.558932076255372e-05,0.0004924396842230804,-0.00012869384941935986
24.29893119999906,0.0,0.0,0.0,4.067600600312808e-05,-0.00017566020433114077,-0.0002100013669363506
24.352511800003413,0.0,0.0,0.0,-0.00011370539186662816,4.0614304909901155e-05,-0.0001752886693729592
24.40897170000244,0.0,0.0,0.0,5.824501386365668e-05,-0.0001627725111187711,-3.590399725565606e-05
24.456482599998708,0.0,0.0,0.0,5.155315538285532e-05,-0.0002082432356599693,9.022169064188036e-05
24.503033900000446,0.0,0.0,0.0,-7.535667305466364e-05,0.00014057454611190296,0.00011602075654427421
24.55204750000121,0.0,0.0,0.0,2.833067670375855e-05,0.0005228629115966527,-1.0266313939462018e-05
24.610885800000688,0.0,0.0,0.0,-5.164659224294927e-05,0.00018281010801183702,0.00017845327934823014
24.65540250000049,0.0,0.0,0.0,-1.0820766561713999e-05,-0.000647573655419142,-0.00016584091347319173
24.703450599998177,0.0,0.0,0.0,3.5439440151714105e-05,0.0008456798116570775,-0.00022284388127773397
24.75702160000219,0.0,0.0,0.0,4.368384807481881e-05,-0.00045495884998179934,-0.0002021722731857858
24.81102600000304,0.0,0.0,0.0,-4.310190101248399e-05,-0.00022828122864840378,-0.00022137099910858322
24.860341799998423,0.0,0.0,0.0,-4.8289495084196734e-05,-3.064774428414949e-05,9.235659014975871e-05
24.905164499999955,0.0,0.0,0.0,0.00012120065117807588,-0.00044035960518159297,0.0005040691581678556
24.9582384000023,0.0,0.0,0.0,-8.132537932256396e-05,-3.0438972974634142e-05,0.00034601364089748216
25.005166000002646,0.0,0.0,0.0,6.991318448247737e-05,0.00018419350370849655,-2.1809441184428513e-05
25.060123499999463,0.0,0.0,0.0,-6.196817905882991e-05,0.0002408655171762081,0.00017309658849447605
25.102510199998505,0.0,0.0,0.0,1.8170615693039025e-06,-3.8373914086290526e-05,3.1256182565469314e-05
25.155844000000798,0.0,0.0,0.0,5.6429579506404884e-05,-0.00042761582836119795,6.645390263971824e-05
25.20701640000334,0.0,0.0,0.0,2.6217353757738363e-05,0.0004974993100199965,0.0002059648881466498
25.258111800001643,0.0,0.0,0.0,-0.00011047700742429575,0.0005890645498469933,-5.892455528891227e-05
25.30863749999844,0.0,0.0,0.0,5.378561263040103e-06,-0.0006431612462623775,0.00016893726709870464
25.358232999999018,0.0,0.0,0.0,3.399499719058768e-05,-9.127867331935888e-05,0.0002831938672506602
25.401185700000497,0.0,0.0,0.0,1.5153832912536088e-05,2.9048518215131716e-05,0.00027582712577713765
25.45769840000139,0.0,0.0,0.0,-4.5413740250432404e-05,0.00040868496347762817,3.115348243760224e-05
25.507237500001793,0.0,0.0,0.0,1.682387426034394e-05,0.0002969636093585927,-0.00012091331390626952
25.55727460000344,0.0,0.0,0.0,1.6847315100844075e-05,-0.0007041605540457413,-0.00017283908034303704
25.60554609999963,0.0,0.0,0.0,1.25642210242876e-05,-0.00021783399174360408,-0.00017352877164350042
25.65267550000135,0.0,0.0,0.0,2.047785187555004e-05,-0.0002625676488389118,-3.480861114990084e-05
25.709713199998077,0.0,0.0,0.0,1.4896052531291696e-05,0.0003018408078051415,-0.00020273712714841637
25.755330300002242,0.0,0.0,0.0,-5.008224893781342e-06,-0.00016525661428837423,-7.923826158107173e-05
25.807771200001298,0.0,0.0,0.0,-1.8588207524979046e-05,-0.00013305371921473348,-3.2911521672214985e-05
25.857309600003646,0.0,0.0,0.0,-5.7469221475161644e-05,0.00010102127642475301,0.0001440772154588109
25.90549530000135,0.0,0.0,0.0,2.8363086153906582e-05,0.001576191441060925,-3.8793259826475174e-05
25.94618420000188,0.0,0.0,0.0,-3.1405952335105864e-05,0.00021271361182409088,2.378556057405874e-05
26.00466679999954,0.0,0.0,0.0,1.6581431518648158e-06,3.456388898218794e-05,0.00010804049586419438
26.0537153999976,0.0,0.0,0.0,1.1174382237632886e-05,9.182078450501501e-05,-0.0001075171166505437
26.10606589999952,0.0,0.0,0.0,-7.724802858729635e-06,0.0003463905826891562,5.782868173765029e-05
26.156050400000822,0.0,0.0,0.0,-3.434025842561423e-05,-0.0006568708481322586,-5.04141761743787e-05
26.204372799998964,0.0,0.0,0.0,3.1029484471842774e-05,0.00016995154684917244,8.366901327557019e-05
26.25699739999982,0.0,0.0,0.0,3.6930540297037444e-05,0.00034449870540025063,8.663152221445984e-06
26.30016369999794,0.0,0.0,0.0,-4.349852416576082e-05,-0.0001676770369627031,-5.795752376543762e-06
26.355503400001908,0.0,0.0,0.0,3.718820431410124e-05,2.104770981342472e-06,-0.0001464185009594271
26.40688339999906,0.0,0.0,0.0,-3.1063771473225943e-05,1.6865142343902617e-05,4.011353295548977e-05
26.452688600002148,0.0,0.0,0.0,1.3994899220394249e-05,0.00025880313806584537,-2.0722671264355925e-05
26.501665600000706,0.0,0.0,0.0,-3.5507748103589656e-06,-0.0005255344548176081,0.0007540588964843507
26.554276399998344,0.0,0.0,0.0,2.0755926326133963e-05,6.727490731857568e-05,-5.245470058592811e-06
26.603002100004232,0.0,0.0,0.0,-1.2696071840790361e-05,0.000297960632224502,0.0003750336575246706
26.64783790000365,0.0,0.0,0.0,7.597641402736109e-06,-8.632661510447269e-05,0.00034368607775053415
26.702476899998146,0.0,0.0,0.0,-1.2683386826303523e-05,-0.00016899944264282138,-4.8879340556760625e-05
26.753270499997598,0.0,0.0,0.0,5.0598753366854495e-05,2.2354104709559193e-05,-1.9042742783616137e-05
26.804743500004406,0.0,0.0,0.0,-3.605004882064169e-05,2.745801302504921e-05,5.782355199587321e-05
26.84746450000239,0.0,0.0,0.0,-2.676829102791207e-06,0.00011766773010158335,-2.2331752875379234e-05
26.898692000002484,0.0,0.0,0.0,-0.0001413139470393847,0.0008947861101679415,4.08739626322518e-05
26.953105100001267,0.0,0.0,0.0,-3.815566183436683e-05,0.0003118157471122867,5.933836923703955e-06
27.00026760000037,0.0,0.0,0.0,-4.872839759391339e-06,-2.1523636670837182e-05,-9.75349627187163e-07
27.05286519999936,0.0,0.0,0.0,-5.507610144067526e-07,-2.906931113829253e-06,-5.03099631092577e-07
27.096863999999186,0.0,0.0,0.0,1.1528990799556834e-09,-1.4200244375488386e-06,-4.94294904325333e-07
27.15611070000159,0.0,0.0,0.0,6.724640551622856e-08,-1.586866065146537e-06,-7.618959913217725e-07
27.20874719999847,0.0,0.0,0.0,7.466768549465794e-08,-1.573355494781397e-06,-1.0522844412974823e-06
27.255274800001644,0.0,0.0,0.0,7.544193698800226e-08,-1.5621307601489042e-06,-1.3348207223059584e-06
27.304582700002356,0.0,0.0,0.0,7.565317198754732e-08,-1.5524741429219845e-06,-1.6235876829944495e-06
27.354582899999514,0.0,0.0,0.0,7.595641089878489e-08,-1.5421428792012515e-06,-1.9279611506956985e-06
27.400796900001296,0.0,0.0,0.0,7.648257292806157e-08,-1.5310923828666955e-06,-2.252189268242364e-06
27.45142230000056,0.0,0.0,0.0,7.73820018660036e-08,-1.5192378962646034e-06,-2.600224082337381e-06
27.499292200001946,0.0,0.0,0.0,7.89283828575813e-08,-1.5063560607386732e-06,-2.9778778358705776e-06
27.549663099998725,0.0,0.0,0.0,8.172643395541316e-08,-1.4920030804003603e-06,-3.393985539265147e-06
27.60017969999899,0.0,0.0,0.0,8.751149425265144e-08,-1.475087577931681e-06,-3.861292307263222e-06
27.651252900002874,0.0,0.0,0.0,1.049448510794419e-07,-1.4503628982364416e-06,-4.378630765680625e-06
27.704083500000706,0.0,0.0,0.0,4.449685516933775e-07,-1.1464782201883038e-06,-3.911927026070704e-06
27.752780200004054,0.0,0.0,0.0,6.340394048612233e-10,-2.0146558841402378e-06,-1.179554689573726e-05
27.806294900001376,0.0,0.0,0.0,-3.7651828007262676e-09,-1.1152386089754912e-06,-1.212535044448694e-05
27.851218900003005,0.0,0.0,0.0,3.10805450352708e-08,-1.2058386790467958e-06,-1.1455342510669266e-05
27.8975500000015,0.0,0.0,0.0,3.666664022913924e-08,-1.241625833256105e-06,-1.1328158131043942e-05
27.95580660000269,0.0,0.0,0.0,3.508778432196111e-08,-1.2390677512035383e-06,-1.1429638608490692e-05
28.005927700003667,0.0,0.0,0.0,3.4109491622625477e-08,-1.2337223418792638e-06,-1.1558558386068298e-05
28.056213700001535,0.0,0.0,0.0,3.3928690960240806e-08,-1.2296771571638902e-06,-1.1681793118437652e-05
28.105299599999853,0.0,0.0,0.0,3.39344146572568e-08,-1.2261359673663313e-06,-1.1806167839506382e-05
28.150433399998292,0.0,0.0,0.0,3.392181238151528e-08,-1.222522424606392e-06,-1.1936677256771324e-05
28.20546910000121,0.0,0.0,0.0,3.387916380107113e-08,-1.2187153864446582e-06,-1.2074446010915956e-05
28.253453500001342,0.0,0.0,0.0,3.3820078471041394e-08,-1.2147238391572861e-06,-1.2219562063855896e-05
28.303392399997392,0.0,0.0,0.0,3.374982925072898e-08,-1.210559886491487e-06,-1.2372119386568786e-05
28.34681119999732,0.0,0.0,0.0,3.366919593205062e-08,-1.2062262181057677e-06,-1.2532309958397471e-05
28.405507199997373,0.0,0.0,0.0,3.357819314786209e-08,-1.2017226152623935e-06,-1.2700370366130584e-05
28.451653900003294,0.0,0.0,0.0,3.34771949047234e-08,-1.1970486498889313e-06,-1.287655927506958e-05
28.497875400003977,0.0,0.0,0.0,3.3366810101022955e-08,-1.1922045224242044e-06,-1.3061158865572963e-05
28.55154020000191,0.0,0.0,0.0,3.324780021148663e-08,-1.1871910814083834e-06,-1.325448010515763e-05
28.599232300002768,0.0,0.0,0.0,3.3121192871769126e-08,-1.1820092640360874e-06,-1.345686795248123e-05
28.656183500002953,0.0,0.0,0.0,3.298818646577392e-08,-1.1766609178978718e-06,-1.3668708171559656e-05
28.70764240000426,0.0,0.0,0.0,3.2850270734691014e-08,-1.1711484380118678e-06,-1.389043390494608e-05
28.754253099999914,0.0,0.0,0.0,3.270933406225684e-08,-1.1654751033292473e-06,-1.4122534265308588e-05
28.801961299999675,0.0,0.0,0.0,3.256764273080604e-08,-1.1596455231771802e-06,-1.4365565211735241e-05
28.855319100002816,0.0,0.0,0.0,3.242803432357715e-08,-1.153665761444151e-06,-1.4620162080735463e-05
28.904831200001354,0.0,0.0,0.0,3.229405152034158e-08,-1.1475438303250129e-06,-1.4887055207785316e-05
28.95473309999943,0.0,0.0,0.0,3.2170129628462336e-08,-1.14129068032778e-06,-1.51670905269053e-05
29.005893900000956,0.0,0.0,0.0,3.206198035152025e-08,-1.1349208770087538e-06,-1.546125488386304e-05
29.054061299997556,0.0,0.0,0.0,3.1976869691478255e-08,-1.1284541720350818e-06,-1.5770710247476558e-05
29.099462800004403,0.0,0.0,0.0,3.1924279596736136e-08,-1.1219173480731481e-06,-1.6096836692602527e-05
29.154715900003794,0.0,0.0,0.0,3.1916866198893035e-08,-1.1153472472215371e-06,-1.64412916407225e-05
29.20269940000435,0.0,0.0,0.0,3.197159806142518e-08,-1.1087953187129091e-06,-1.6806091376556337e-05
29.25415839999914,0.0,0.0,0.0,3.211197074799828e-08,-1.1023341720069333e-06,-1.7193723862108657e-05
29.300774600000295,0.0,0.0,0.0,3.2371136917294525e-08,-1.096068699993727e-06,-1.7607312454642945e-05
29.351503899997624,0.0,0.0,0.0,3.279737208366518e-08,-1.090153670537994e-06,-1.805085856559973e-05
29.397774299999583,0.0,0.0,0.0,3.346347825648936e-08,-1.0848240493528937e-06,-1.8529614706028468e-05
29.452011300003505,0.0,0.0,0.0,3.448413990190973e-08,-1.0804494153672155e-06,-1.9050685376106074e-05
29.505617100003292,0.0,0.0,0.0,3.6049813253636404e-08,-1.0776372165106386e-06,-1.962404607677808e-05
29.552658599997812,0.0,0.0,0.0,3.8499304287086283e-08,-1.0774427281583418e-06,-2.026438875144197e-05
29.601761600002646,0.0,0.0,0.0,4.249156833665714e-08,-1.0818390409564073e-06,-2.0994766787350387e-05
29.647001600002113,0.0,0.0,0.0,4.9472419206481254e-08,-1.0948938462010617e-06,-2.185465586848587e-05
29.7006029999975,0.0,0.0,0.0,6.319170360012334e-08,-1.1262407477020548e-06,-2.292088551310025e-05
29.75121090000175,0.0,0.0,0.0,9.574286844908326e-08,-1.2041212008045677e-06,-2.437661045434606e-05
29.80486430000019,0.0,0.0,0.0,1.9095833879602903e-07,-1.4471466955634484e-06,-2.6821483689375187e-05
29.852600899997924,0.0,0.0,0.0,5.0592364273615e-07,-2.5626712067354232e-06,-3.302337503039699e-05
29.90565140000399,0.0,0.0,0.0,-1.7051071685692895e-07,-3.3364486557817868e-06,-3.992983105526578e-05
29.94911819999834,0.0,0.0,0.0,-1.4362518554415604e-07,-1.7689042594091344e-07,-3.978018578888844e-05
30.003469100003713,0.0,0.0,0.0,-6.353772841119812e-08,-2.639460517443966e-07,-3.901929817240135e-05
30.0465067000041,0.0,0.0,0.0,-5.310574991009348e-08,-3.431620465872904e-07,-3.8619865327130863e-05
30.10372869999992,0.0,0.0,0.0,-5.592845291324146e-08,-3.577207636603046e-07,-3.8363942224906684e-05
30.14777740000136,0.0,0.0,0.0,-5.780295617242148e-08,-3.6277492124998676e-07,-3.813807917618866e-05
30.199542200003634,0.0,0.0,0.0,-5.818152077575022e-08,-3.6612294714405706e-07,-3.7912206195186954e-05
30.25282470000093,0.0,0.0,0.0,-5.796077925561268e-08,-3.6938137465543923e-07,-3.768133348754062e-05
30.299266800000623,0.0,0.0,0.0,-5.7580040298429874e-08,-3.72762992606949e-07,-3.7445211513847044e-05
30.354946400002518,0.0,0.0,0.0,-5.717019062914638e-08,-3.7623773195783133e-07,-3.7203888692226446e-05
30.404362699999183,0.0,0.0,0.0,-5.675882239790713e-08,-3.797801733159083e-07,-3.695720228130121e-05
30.446144800000184,0.0,0.0,0.0,-5.634964116679814e-08,-3.833818653678201e-07,-3.6704857606747146e-05
30.505700599998818,0.0,0.0,0.0,-5.594301124983086e-08,-3.8704135511301394e-07,-3.6446494057725866e-05
30.554220400001213,0.0,0.0,0.0,-5.5539579102720137e-08,-3.9075850155373625e-07,-3.6181704394611024e-05
30.60420690000319,0.0,0.0,0.0,-5.514050149740625e-08,-3.9453317195293656e-07,-3.591003409287083e-05
30.65379799999937,0.0,0.0,0.0,-5.474733705848177e-08,-3.9836445197980904e-07,-3.563097444504184e-05
30.698245699997642,0.0,0.0,0.0,-5.4362014479484273e-08,-4.0225100648399647e-07,-3.534395334646639e-05
30.755302099998516,0.0,0.0,0.0,-5.398699190513024e-08,-4.0618989830979146e-07,-3.504832332189673e-05
30.807102300001134,0.0,0.0,0.0,-5.362533158801872e-08,-4.101772419994163e-07,-3.474334722382102e-05
30.846566400003212,0.0,0.0,0.0,-5.328091342465835e-08,-4.1420682815816946e-07,-3.4428179686208014e-05
30.900312899997516,0.0,0.0,0.0,-5.295870717173579e-08,-4.1826996862646847e-07,-3.410184391835127e-05
30.949826700001722,0.0,0.0,0.0,-5.2665096589568415e-08,-4.2235429646510864e-07,-3.3763201683798604e-05
31.006454399997892,0.0,0.0,0.0,-5.24085107095092e-08,-4.264424159477608e-07,-3.3410913983922516e-05
31.048380599997472,0.0,0.0,0.0,-5.22000950690862e-08,-4.3050962915216496e-07,-3.304338791136348e-05
31.098699399997713,0.0,0.0,0.0,-5.2054928030322246e-08,-4.3452106221977804e-07,-3.2658705558403475e-05
31.15595300000132,0.0,0.0,0.0,-5.1993795009833265e-08,-4.384269625842518e-07,-3.2254524648195934e-05
31.205814000000828,0.0,0.0,0.0,-5.204606603833387e-08,-4.4215507536921453e-07,-3.182793721091107e-05
31.257407500001136,0.0,0.0,0.0,-5.225428533208681e-08,-4.455994039363184e-07,-3.1375263052518235e-05
31.29767079999874,0.0,0.0,0.0,-5.268237505573529e-08,-4.486002166873411e-07,-3.08917377187115e-05
31.352265100002114,0.0,0.0,0.0,-5.343023784209342e-08,-4.5090979232115333e-07,-3.037102083435686e-05
31.404913799997303,0.0,0.0,0.0,-5.466215393947488e-08,-4.5213115654697086e-07,-2.980438766723524e-05
31.458222599998408,0.0,0.0,0.0,-5.666643435896703e-08,-4.515974126846264e-07,-2.917931871965587e-05
31.502988000000187,0.0,0.0,0.0,-5.999385228622442e-08,-4.4812329431543026e-07,-2.8476862681508474e-05
31.554984100002912,0.0,0.0,0.0,-6.582551763493557e-08,-4.394443370644807e-07,-2.7666254198299592e-05
31.604041400001734,0.0,0.0,0.0,-7.714842890648031e-08,-4.2083756486852403e-07,-2.6692675563897647e-05
31.655566000001272,0.0,0.0,0.0,-1.0364058133736655e-07,-3.8160860151837384e-07,-2.5446103121490395e-05
31.707326199997624,0.0,0.0,0.0,-1.910397552501196e-07,-3.012439091899609e-07,-2.3691888671144536e-05
31.746980000003532,0.0,0.0,0.0,-4.596527339006654e-07,4.436833509982809e-07,-2.049091744993395e-05
31.804786699998658,0.0,0.0,0.0,1.3858161704025286e-07,-2.6114074098070624e-07,-1.2011864325274974e-05
31.85580040000059,0.0,0.0,0.0,7.699393989997711e-08,-1.3625180693843303e-06,-1.263986095270468e-05
31.901982299998053,0.0,0.0,0.0,2.6788968559360013e-08,-1.194569332812694e-06,-1.3866194250715716e-05
31.955255400003807,0.0,0.0,0.0,2.3684556404944873e-08,-1.1406454596482207e-06,-1.4340076630648451e-05
31.998222700000042,0.0,0.0,0.0,2.7329729325812815e-08,-1.1333092753755487e-06,-1.4576172930240109e-05
32.05640139999741,0.0,0.0,0.0,2.850926744118591e-08,-1.1297406106642806e-06,-1.481072983004025e-05
32.10071179999795,0.0,0.0,0.0,2.8308461859129967e-08,-1.124215140671899e-06,-1.5071517475051216e-05
32.155720200004,0.0,0.0,0.0,2.787404089967441e-08,-1.1176584005979074e-06,-1.5348242368090078e-05
32.20472829999926,0.0,0.0,0.0,2.7476898413803364e-08,-1.1108434872349344e-06,-1.5635951668721504e-05
32.254959199999576,0.0,0.0,0.0,2.7109612312700782e-08,-1.1039489350306036e-06,-1.5934433716661954e-05
32.303525200004515,0.0,0.0,0.0,2.6750227777726833e-08,-1.0969778508322393e-06,-1.6244593853171183e-05
32.350598800003354,0.0,0.0,0.0,2.6395349869057565e-08,-1.0899291992903664e-06,-1.6567405850596164e-05
32.40459600000031,0.0,0.0,0.0,2.6049186611286966e-08,-1.0828177238738712e-06,-1.6903891722460297e-05
32.45474510000349,0.0,0.0,0.0,2.5717889067134442e-08,-1.07566836238844e-06,-1.7255221848078587e-05
32.50005180000153,0.0,0.0,0.0,2.540914924522326e-08,-1.0685147115854308e-06,-1.7622781743227062e-05
32.557053900003666,0.0,0.0,0.0,2.513291666085716e-08,-1.0614021913962877e-06,-1.8008232690513767e-05
32.60572630000388,0.0,0.0,0.0,2.4902711830562556e-08,-1.0543922692799548e-06,-1.8413588253473942e-05
32.6474825999976,0.0,0.0,0.0,2.4737265852681794e-08,-1.0475709501745993e-06,-1.8841323993187515e-05
32.69604350000009,0.0,0.0,0.0,2.4663163169662853e-08,-1.0410599234641074e-06,-1.9294534646314212e-05
32.7472912000012,0.0,0.0,0.0,2.4719240843164536e-08,-1.0350362087550192e-06,-1.9777166614013226e-05
32.79772470000171,0.0,0.0,0.0,2.496397060218385e-08,-1.0297644872476253e-06,-2.0294374491851753e-05
32.854278600003454,0.0,0.0,0.0,2.5489376088272402e-08,-1.0256538182394865e-06,-2.0853086659195992e-05
32.90479100000084,0.0,0.0,0.0,2.6447797909855056e-08,-1.0233653234666666e-06,-2.1462959039978358e-05
32.95099340000161,0.0,0.0,0.0,2.8107879482068672e-08,-1.0240261312315567e-06,-2.2138080433003313e-05
33.003410400000575,0.0,0.0,0.0,3.0985585001353096e-08,-1.0296973358256888e-06,-2.290028115900681e-05
33.05343079999875,0.0,0.0,0.0,3.618923914225836e-08,-1.0445187863738667e-06,-2.378629439571432e-05
33.0984998999993,0.0,0.0,0.0,4.6500809711534155e-08,-1.07796654905456e-06,-2.4865754047342134e-05
33.15187700000388,0.0,0.0,0.0,7.05227893362632e-08,-1.1564315254294435e-06,-2.6297664538634244e-05
33.20302339999762,0.0,0.0,0.0,1.4002959405563614e-07,-1.3816361966303006e-06,-2.8572767016737335e-05
33.25393640000402,0.0,0.0,0.0,3.961213036081597e-07,-2.3115990952610228e-06,-3.4011442714487476e-05
33.297010900001624,0.0,0.0,0.0,-4.414742029920684e-08,-4.283825990599693e-06,-4.2666578424488395e-05
33.35642740000185,0.0,0.0,0.0,-1.8707380760447976e-07,-2.605026528641396e-07,-4.31497849323696e-05
33.404376099999354,0.0,0.0,0.0,-8.034947980673568e-08,-1.2303966580779618e-07,-4.237202454183962e-05
33.44846310000139,0.0,0.0,0.0,-6.10594137156794e-08,-2.360495642629047e-07,-4.195209450940326e-05
33.496321300001,0.0,0.0,0.0,-6.297949469630432e-08,-2.5627771686275614e-07,-4.1705295716170634e-05
33.55320190000202,0.0,0.0,0.0,-6.523404802103203e-08,-2.622465996662228e-07,-4.150214696961055e-05
33.5994742000039,0.0,0.0,0.0,-6.589457408452022e-08,-2.653982700935524e-07,-4.130377692100097e-05
33.648434499998984,0.0,0.0,0.0,-6.579003392638057e-08,-2.681027818186457e-07,-4.1102158882155215e-05
33.707232900000236,0.0,0.0,0.0,-6.54458839884352e-08,-2.708447408961649e-07,-4.089626531344093e-05
33.74578560000373,0.0,0.0,0.0,-6.50434598322497e-08,-2.736573784190931e-07,-4.0686048894581556e-05
33.79894659999991,0.0,0.0,0.0,-6.462900438611586e-08,-2.7652396698452797e-07,-4.0471415504173635e-05
33.846931699998095,0.0,0.0,0.0,-6.421126184622198e-08,-2.794354916114928e-07,-4.025217193244485e-05
33.89968080000108,0.0,0.0,0.0,-6.379128865936346e-08,-2.82389146271983e-07,-4.0028069846212476e-05
33.94870790000277,0.0,0.0,0.0,-6.33691559205311e-08,-2.8538444944918255e-07,-3.979882701619492e-05
33.997627299999294,0.0,0.0,0.0,-6.294513681726038e-08,-2.8842093981620434e-07,-3.956413127879004e-05
34.04806860000099,0.0,0.0,0.0,-6.251964339519611e-08,-2.9149823663343044e-07,-3.932363854800137e-05
34.10447270000441,0.0,0.0,0.0,-6.209327896280652e-08,-2.946153313685062e-07,-3.907696861316891e-05
34.156374800004414,0.0,0.0,0.0,-6.166680402799166e-08,-2.977707049838351e-07,-3.882369924343727e-05
34.19833870000002,0.0,0.0,0.0,-6.12411698919185e-08,-3.0096220498139907e-07,-3.8563359728992996e-05
34.25321409999742,0.0,0.0,0.0,-6.081755947586242e-08,-3.0418667350667915e-07,-3.8295422734468705e-05
34.296553599997424,0.0,0.0,0.0,-6.039752096376979e-08,-3.074397402796369e-07,-3.8019294250176555e-05
34.354965400001674,0.0,0.0,0.0,-5.998296693015287e-08,-3.107154726070443e-07,-3.773430140516888e-05
34.39714760000061,0.0,0.0,0.0,-5.9576377975411525e-08,-3.140058161885555e-07,-3.743967700827423e-05
34.45603839999967,0.0,0.0,0.0,-5.918089144280778e-08,-3.1730007860771415e-07,-3.713454046019571e-05
34.50049020000006,0.0,0.0,0.0,-5.88006634526057e-08,-3.2058365725204424e-07,-3.681787285969465e-05
34.55285670000012,0.0,0.0,0.0,-5.8441049969051636e-08,-3.238370604844236e-07,-3.648848518853628e-05
34.603776600000856,0.0,0.0,0.0,-5.810922792183087e-08,-3.270338898698699e-07,-3.614497636659127e-05
34.65760109999974,0.0,0.0,0.0,-5.781483750726734e-08,-3.301380404281913e-07,-3.578567711489852e-05
34.70194199999969,0.0,0.0,0.0,-5.757107813674161e-08,-3.330998954024537e-07,-3.5408573696301664e-05
34.75387950000004,0.0,0.0,0.0,-5.739634100873159e-08,-3.358499039251725e-07,-3.5011201682511824e-05
34.80019590000302,0.0,0.0,0.0,-5.731695853698668e-08,-3.382897336035401e-07,-3.459049500968033e-05
34.84728719999839,0.0,0.0,0.0,-5.737165058730035e-08,-3.4027641153445585e-07,-3.414256342162428e-05
34.90365400000155,0.0,0.0,0.0,-5.761914909858639e-08,-3.415974494131054e-07,-3.366235573606785e-05
34.94900079999934,0.0,0.0,0.0,-5.8152558052176226e-08,-3.4192779734991407e-07,-3.314312996925842e-05
35.00150659999781,0.0,0.0,0.0,-5.912713871037094e-08,-3.407490348583844e-07,-3.257557463683832e-05
35.046236000001954,0.0,0.0,0.0,-6.081903216174242e-08,-3.3719754510479964e-07,-3.1946275404546806e-05
35.10101410000061,0.0,0.0,0.0,-6.376350604008578e-08,-3.297441638328978e-07,-3.123483778667976e-05
35.15494469999976,0.0,0.0,0.0,-6.912390194213136e-08,-3.154769414236286e-07,-3.0408009590201725e-05
35.20513609999762,0.0,0.0,0.0,-7.986815112261943e-08,-2.883286029637088e-07,-2.9406368583008647e-05
35.25362519999908,0.0,0.0,0.0,-1.0548750238142696e-07,-2.344574375717768e-07,-2.811103955498355e-05
35.30001830000401,0.0,0.0,0.0,-1.8627543412095255e-07,-1.231869052843346e-07,-2.627071604025317e-05
35.35110530000384,0.0,0.0,0.0,4.253954600244723e-07,1.2470471305598182e-06,-2.2446967489424568e-05
35.3974515000009,0.0,0.0,0.0,4.568905502774272e-08,-4.148808912348042e-06,-2.8451804359181474e-05
35.44865920000302,0.0,0.0,0.0,-1.1131562403091504e-06,7.030372658156236e-08,-3.3731448437420884e-05
35.50521000000299,0.0,0.0,0.0,4.309662539382629e-08,2.768983093227562e-06,-1.3747133482971422e-05
35.54892729999847,0.0,0.0,0.0,1.826676575112331e-07,-1.4845070069552432e-06,-1.0219842821083718e-05
35.59773110000242,0.0,0.0,0.0,4.109016031424658e-08,-1.3454401237918056e-06,-1.2668687246613194e-05
35.65429420000146,0.0,0.0,0.0,1.4406347459037262e-08,-1.1720538028705812e-06,-1.3734307602628557e-05
35.69913490000181,0.0,0.0,0.0,2.066537425409575e-08,-1.146107162663993e-06,-1.3997997088602778e-05
35.753752700002224,0.0,0.0,0.0,2.4845630209672885e-08,-1.145413084138897e-06,-1.4148841744651465e-05
35.80424779999885,0.0,0.0,0.0,2.5306917282767626e-08,-1.1428769607982747e-06,-1.4337817412373552e-05
35.85565530000167,0.0,0.0,0.0,2.4756439127868462e-08,-1.1375465692336383e-06,-1.4552355698190703e-05
35.90572339999926,0.0,0.0,0.0,2.419628490863011e-08,-1.1313759144022659e-06,-1.4775833968235851e-05
35.95879170000262,0.0,0.0,0.0,2.3709731383823536e-08,-1.1250871272722932e-06,-1.5004198432756486e-05
36.005405800002336,0.0,0.0,0.0,2.3237721895516157e-08,-1.1187451364604054e-06,-1.5237668716707534e-05
36.055453599998145,0.0,0.0,0.0,2.2754787292776418e-08,-1.1123105407536379e-06,-1.5476765727747837e-05
36.09853400000429,0.0,0.0,0.0,2.225795185239572e-08,-1.1057667691872283e-06,-1.5721764653804844e-05
36.15101760000107,0.0,0.0,0.0,2.1748453627477116e-08,-1.0991127602461902e-06,-1.597285196170163e-05
36.19715290000022,0.0,0.0,0.0,2.1226962471945824e-08,-1.0923509311000745e-06,-1.6230220851919993e-05
36.25381760000164,0.0,0.0,0.0,2.0693615330871808e-08,-1.0854835762604607e-06,-1.6494089156710076e-05
36.306133600002795,0.0,0.0,0.0,2.0148536212474127e-08,-1.0785128948209351e-06,-1.676469893172849e-05
36.35416450000048,0.0,0.0,0.0,1.9591803356004253e-08,-1.0714416560546145e-06,-1.7042318305941186e-05
36.396707500003686,0.0,0.0,0.0,1.902360775140202e-08,-1.0642729123879169e-06,-1.7327243253121583e-05
36.455836400004046,0.0,0.0,0.0,1.8444179328125033e-08,-1.0570104665942045e-06,-1.761980227944165e-05
36.50747080000292,0.0,0.0,0.0,1.785386430765869e-08,-1.0496589738660637e-06,-1.792036108759719e-05
36.55201720000332,0.0,0.0,0.0,1.725302582614037e-08,-1.0422240730325074e-06,-1.8229328713206432e-05
36.599324299997534,0.0,0.0,0.0,1.6642249450128536e-08,-1.034712436643172e-06,-1.8547163340075878e-05
36.65009350000037,0.0,0.0,0.0,1.6022210512334833e-08,-1.0271328324787057e-06,-1.887438194129901e-05
36.70343280000088,0.0,0.0,0.0,1.5393845149160092e-08,-1.0194954634211635e-06,-1.9211569802892352e-05
36.74756509999861,0.0,0.0,0.0,1.475830197345343e-08,-1.0118135331521577e-06,-1.9559393259182607e-05
36.79768830000103,0.0,0.0,0.0,1.411716164410546e-08,-1.004103482788866e-06,-1.9918615570606608e-05
36.85313319999841,0.0,0.0,0.0,1.3472470552122243e-08,-9.963861444592772e-07,-2.0290116997185293e-05
36.903122800002166,0.0,0.0,0.0,1.2826949772727711e-08,-9.88688284070181e-07,-2.067492044882645e-05
36.952613599998585,0.0,0.0,0.0,1.2184182753395725e-08,-9.81044425568491e-07,-2.1074224649058272e-05
37.006235100001504,0.0,0.0,0.0,1.1549086813672868e-08,-9.734996521927333e-07,-2.1489447481752567e-05
37.04641249999986,0.0,0.0,0.0,1.092835931028516e-08,-9.661141152976205e-07,-2.1922285020905868e-05
37.10035929999867,0.0,0.0,0.0,1.0331278734981411e-08,-9.589685763157034e-07,-2.2374791970617318e-05
37.15393050000421,0.0,0.0,0.0,9.7710046490085e-09,-9.521738101776095e-07,-2.284949296349637e-05
37.19778110000334,0.0,0.0,0.0,9.26659423661263e-09,-9.458850341545097e-07,-2.3349543677311355e-05
37.25256719999743,0.0,0.0,0.0,8.84639554736635e-09,-9.403252079258851e-07,-2.387896851868462e-05
37.300202700003865,0.0,0.0,0.0,8.553836094737956e-09,-9.358236530483708e-07,-2.4443024729592797e-05
37.35112540000409,0.0,0.0,0.0,8.458578064176274e-09,-9.328848967903718e-07,-2.5048782540230906e-05
37.40228030000435,0.0,0.0,0.0,8.677615044411512e-09,-9.323169182732363e-07,-2.570610448959594e-05
37.44752790000348,0.0,0.0,0.0,9.420925428875434e-09,-9.354871745113523e-07,-2.6429400826388628e-05
37.49744559999817,0.0,0.0,0.0,1.1098209974990868e-08,-9.448815383308916e-07,-2.7241051816451048e-05
37.55322370000067,0.0,0.0,0.0,1.4605512486400053e-08,-9.654766755003363e-07,-2.8178860681470555e-05
37.599469200002204,0.0,0.0,0.0,2.223920839471954e-08,-1.0086777659637383e-06,-2.9315004681303827e-05
37.65079600000172,0.0,0.0,0.0,4.134347232546262e-08,-1.1065393404170156e-06,-3.0816817418187247e-05
37.70195889999741,0.0,0.0,0.0,1.014615534155806e-07,-1.385945002318254e-06,-3.322381902232819e-05
37.74569619999966,0.0,0.0,0.0,4.0932991617876163e-07,-2.6668929591667514e-06,-3.989531909227966e-05
37.7959886000026,0.0,0.0,0.0,-1.4654062803170321e-07,-5.509270959434744e-06,-4.997846662161834e-05
37.84589750000305,0.0,0.0,0.0,-2.1549730858561613e-07,-6.750782927044077e-08,-5.023221320967754e-05
37.8967821000042,0.0,0.0,0.0,-9.929487156952601e-08,4.3300424280574906e-08,-4.9528098381142816e-05
37.953103400002874,0.0,0.0,0.0,-7.844549652694115e-08,-8.009072927933825e-08,-4.91736903176055e-05
38.00306840000121,0.0,0.0,0.0,-7.976653581487158e-08,-9.998042208888446e-08,-4.8976977414176817e-05
38.05519880000065,0.0,0.0,0.0,-8.193755005818736e-08,-1.0604481281077286e-07,-4.8823874346155376e-05
38.097657099999196,0.0,0.0,0.0,-8.271146561088522e-08,-1.0880360324789843e-07,-4.8678951752691304e-05
38.14890369999921,0.0,0.0,0.0,-8.273279114374574e-08,-1.1074912750944916e-07,-4.853360289040125e-05
38.206542300002184,0.0,0.0,0.0,-8.248371022617457e-08,-1.125698777438187e-07,-4.838610002070379e-05
38.251749399998516,0.0,0.0,0.0,-8.215280449375042e-08,-1.1439619248098681e-07,-4.8236141500054495e-05
38.30320660000143,0.0,0.0,0.0,-8.179801950173486e-08,-1.1624543737764418e-07,-4.8083641505725053e-05
38.353466799999296,0.0,0.0,0.0,-8.143449107158534e-08,-1.1811786221748392e-07,-4.792851906656465e-05
38.396227900004305,0.0,0.0,0.0,-8.10655217444002e-08,-1.2001267476144894e-07,-4.777067759613419e-05
38.44670290000067,0.0,0.0,0.0,-8.069165879250403e-08,-1.2192944880022081e-07,-4.7610008375512564e-05
38.503255000003264,0.0,0.0,0.0,-8.031285043995132e-08,-1.2386848097249722e-07,-4.744639365440372e-05
38.5453611999983,0.0,0.0,0.0,-7.99289778166514e-08,-1.2582973166188662e-07,-4.727970699311666e-05
38.594398499997624,0.0,0.0,0.0,-7.953992967344918e-08,-1.278135112548271e-07,-4.710981309515337e-05
38.65340160000051,0.0,0.0,0.0,-7.914557767611508e-08,-1.2981977777187957e-07,-4.6936566890995774e-05
38.705589600001986,0.0,0.0,0.0,-7.874582856710417e-08,-1.3184858246442933e-07,-4.6759812589663855e-05
38.75567140000203,0.0,0.0,0.0,-7.834055433468855e-08,-1.3389974515737285e-07,-4.657938251358891e-05
38.80145450000418,0.0,0.0,0.0,-7.792966340669311e-08,-1.3597321269052614e-07,-4.639509597085022e-05
38.84743999999773,0.0,0.0,0.0,-7.751305419786168e-08,-1.3806837387177909e-07,-4.620675747855879e-05
38.903437300003134,0.0,0.0,0.0,-7.709064685503746e-08,-1.4018477342907458e-07,-4.601415530068718e-05
38.94649070000014,0.0,0.0,0.0,-7.666236307358438e-08,-1.4232159045364942e-07,-4.581705948463951e-05
39.00303089999943,0.0,0.0,0.0,-7.622815223243982e-08,-1.444777203231775e-07,-4.561521943372548e-05
39.04633710000053,0.0,0.0,0.0,-7.57879983151046e-08,-1.4665176836705838e-07,-4.5408361445787305e-05
39.103624299998046,0.0,0.0,0.0,-7.534189368384082e-08,-1.4884178815150185e-07,-4.519618532952994e-05
39.150803800002905,0.0,0.0,0.0,-7.488989429602776e-08,-1.5104538090314852e-07,-4.4978361102112434e-05
39.203548900004535,0.0,0.0,0.0,-7.443209964463181e-08,-1.5325955951469128e-07,-4.475452443030487e-05
39.25306300000375,0.0,0.0,0.0,-7.396868728519289e-08,-1.5548053721813306e-07,-4.452427165914397e-05
39.30596700000024,0.0,0.0,0.0,-7.349992134353726e-08,-1.5770322600629567e-07,-4.428715340758168e-05
39.35558599999786,0.0,0.0,0.0,-7.302621292988256e-08,-1.5992165374344217e-07,-4.4042667259839365e-05
39.39629170000262,0.0,0.0,0.0,-7.254810838814429e-08,-1.6212788651059497e-07,-4.379024856856459e-05
39.44453439999779,0.0,0.0,0.0,-7.206638058047977e-08,-1.643121468930304e-07,-4.352925931642945e-05
39.50411539999914,0.0,0.0,0.0,-7.158210882577646e-08,-1.6646180043911587e-07,-4.3258974106662023e-05
39.55520170000091,0.0,0.0,0.0,-7.109672695500961e-08,-1.685610694906833e-07,-4.297856288846304e-05
39.59920470000361,0.0,0.0,0.0,-7.061223261120698e-08,-1.7058912014037065e-07,-4.268706839339021e-05
39.64680729999964,0.0,0.0,0.0,-7.013133529190053e-08,-1.7251952478518306e-07,-4.2383378006570155e-05
39.69874240000354,0.0,0.0,0.0,-6.965775997121336e-08,-1.7431753128490266e-07,-4.206618653468952e-05
39.75115989999904,0.0,0.0,0.0,-6.919667704549332e-08,-1.7593737729972445e-07,-4.173394675641273e-05
39.80436380000174,0.0,0.0,0.0,-6.875535398847857e-08,-1.7731758869821634e-07,-4.13848029436352e-05
39.85406530000182,0.0,0.0,0.0,-6.834411972981152e-08,-1.7837536593286767e-07,-4.101649978762762e-05
39.90016589999868,0.0,0.0,0.0,-6.797804038864962e-08,-1.789958469297179e-07,-4.0626253163459347e-05
39.9531380000044,0.0,0.0,0.0,-6.76794134594867e-08,-1.7901732218234983e-07,-4.02105639909483e-05
39.9981231999991,0.0,0.0,0.0,-6.748246312832343e-08,-1.7820646374739385e-07,-3.976494083450956e-05
40.05212570000003,0.0,0.0,0.0,-6.744146367927733e-08,-1.762157200437913e-07,-3.928347050071516e-05
40.101093299999775,0.0,0.0,0.0,-6.764634555560471e-08,-1.7250951373208905e-07,-3.875812620207617e-05
40.147836399999505,0.0,0.0,0.0,-6.825502490739514e-08,-1.6622598250174977e-07,-3.817759437486184e-05
40.19821410000441,0.0,0.0,0.0,-6.956539864693128e-08,-1.5589967976043904e-07,-3.752515517002533e-05
40.24730070000078,0.0,0.0,0.0,-7.219597328807258e-08,-1.3886781552683084e-07,-3.6774556406722776e-05
40.29755760000262,0.0,0.0,0.0,-7.760764263826573e-08,-1.0986614827570844e-07,-3.588120377762605e-05
40.35014950000186,0.0,0.0,0.0,-8.9906464859288e-08,-5.740344346322278e-08,-3.476135077230665e-05
40.40263489999779,0.0,0.0,0.0,-1.232260098050031e-07,4.603761387147585e-08,-3.324054815443156e-05
40.45262489999732,0.0,0.0,0.0,-2.3309894755696144e-07,2.5706011086167865e-07,-3.098336006818498e-05
40.49768100000074,0.0,0.0,0.0,-9.341956809081443e-07,1.7293622414800301e-06,-3.303162751616044e-05
40.54564140000002,0.0,0.0,0.0,2.2278243950104261e-07,6.55711283592735e-07,-1.2342939471347307e-06
40.602510199998505,0.0,0.0,0.0,2.033364453748335e-07,-2.3234436910266924e-06,2.592360459931044e-06
40.651180699998804,0.0,0.0,0.0,9.524330999775323e-08,-1.7850309208098247e-06,-1.1086166537233492e-06
40.7035584999976,0.0,0.0,0.0,6.441664781476907e-08,-1.6222994117617333e-06,-2.7600078524663094e-06
40.74557890000142,0.0,0.0,0.0,6.223836799557882e-08,-1.6150848349101261e-06,-3.2436218127388555e-06
40.79857379999885,0.0,0.0,0.0,6.455025297212212e-08,-1.6106623619599927e-06,-3.5629802111468403e-06
40.848783000001276,0.0,0.0,0.0,6.746933957950961e-08,-1.5929872131968984e-06,-3.958567010836516e-06
40.90314170000056,0.0,0.0,0.0,7.532325592193376e-08,-1.5620725859166754e-06,-4.4117961770852435e-06
40.95384349999949,0.0,0.0,0.0,1.0782506053721366e-07,-1.4339055221137881e-06,-4.735588117151927e-06
41.00466959999903,0.0,0.0,0.0,-6.533133501811614e-08,-1.7724781535212133e-06,-7.854746031024398e-06
41.05432970000402,0.0,0.0,0.0,9.874747357513319e-08,-1.3267897387640464e-06,-5.606628876312628e-06
41.09732040000381,0.0,0.0,0.0,2.27431324136001e-07,-1.2467997656784503e-06,-3.935343887306184e-06
41.15073890000349,0.0,0.0,0.0,-3.6093094415786346e-08,-1.9897183048106115e-06,-8.777212045387307e-06
41.20333460000256,0.0,0.0,0.0,-8.268252800827516e-09,-1.3490838381990688e-06,-1.0027071252757442e-05
41.253910699997505,0.0,0.0,0.0,2.4883346564296198e-08,-1.36737872756233e-06,-9.483667302532974e-06
41.30527180000354,0.0,0.0,0.0,3.228616187239607e-08,-1.4126610633322414e-06,-9.204141731417086e-06
41.353938799999014,0.0,0.0,0.0,3.207859349677455e-08,-1.4202276984296878e-06,-9.131771515326602e-06
41.40281459999824,0.0,0.0,0.0,3.1427241160445015e-08,-1.4226757995410168e-06,-9.094292749136281e-06
41.452373300002364,0.0,0.0,0.0,3.1202033902153554e-08,-1.4262754309505624e-06,-9.044601457244285e-06
41.500182399999176,0.0,0.0,0.0,3.1117168449996776e-08,-1.4309506307407752e-06,-8.982079209138063e-06
41.55044690000068,0.0,0.0,0.0,3.101113614246447e-08,-1.436256401344991e-06,-8.90957707310196e-06
41.59659079999983,0.0,0.0,0.0,3.0844635984189084e-08,-1.4421384069862622e-06,-8.826818514338291e-06
41.64663609999843,0.0,0.0,0.0,3.059543651808719e-08,-1.4487342339690423e-06,-8.731894389466822e-06
41.70473309999943,0.0,0.0,0.0,3.021859653034161e-08,-1.4562632040531114e-06,-8.622142418468759e-06
41.74755600000208,0.0,0.0,0.0,2.9623086927734184e-08,-1.4650544107229417e-06,-8.494080473799462e-06
41.804806500003906,0.0,0.0,0.0,2.86155250779761e-08,-1.4756703883293582e-06,-8.34303115744161e-06
41.84728650000034,0.0,0.0,0.0,2.6712851890137972e-08,-1.4892495984855885e-06,-8.16296341814919e-06
41.897792600000685,0.0,0.0,0.0,2.229155106357573e-08,-1.508848866393807e-06,-7.949786023958782e-06
41.94415010000375,0.0,0.0,0.0,3.7093627201211094e-09,-1.5506905591444185e-06,-7.76955510879065e-06
42.00258300000132,0.0,0.0,0.0,-4.096084336188775e-08,-1.6949233084686478e-06,-7.603588455263353e-06
42.04865480000444,0.0,0.0,0.0,1.200077764304105e-07,-1.5205079178327432e-06,-3.4684780647542388e-06
42.10001829999965,0.0,0.0,0.0,8.044385165418162e-08,-1.6911311191227157e-06,-4.094590195032427e-06
42.14755420000438,0.0,0.0,0.0,7.391610514786846e-08,-1.5909340860543516e-06,-4.931623107916656e-06
42.20315610000398,0.0,0.0,0.0,9.912823497109033e-08,-1.450748846178006e-06,-5.3583279770187365e-06
42.25433000000339,0.0,0.0,0.0,-8.797547821613401e-08,-1.816547715231691e-06,-8.614075066633306e-06
42.30345849999867,0.0,0.0,0.0,-5.057593315327802e-08,-1.7697470936078853e-06,-8.097706333850386e-06
42.354799300002924,0.0,0.0,0.0,1.3169968513065765e-07,-1.39047085559768e-06,-3.5742955458467933e-06
42.4042707999979,0.0,0.0,0.0,8.540322695493358e-08,-1.745612412008992e-06,-3.498127616559896e-06
42.44935819999955,0.0,0.0,0.0,6.686242458489883e-08,-1.6560635831884126e-06,-4.357807764018886e-06
42.5021768000006,0.0,0.0,0.0,6.618993243478064e-08,-1.6054913914434166e-06,-4.969683212956337e-06
42.552027600002475,0.0,0.0,0.0,8.502765262667572e-08,-1.5544573633171435e-06,-5.385514793654795e-06
42.598228100003325,0.0,0.0,0.0,-1.5157928141853547e-07,-6.395081436619129e-06,-9.856789398594166e-06
42.653827300004195,0.0,0.0,0.0,5.599858058122905e-07,-3.0302660320495998e-06,1.036058791570318e-05
42.70439289999922,0.0,0.0,0.0,1.5482597838229388e-07,-2.8668592448261324e-06,1.1562382946301003e-05
42.749159700004384,0.0,0.0,0.0,1.0688058710898046e-07,-2.511547337197352e-06,1.1041634124521222e-05
42.796683000000485,0.0,0.0,0.0,1.0125436375470192e-07,-2.425576215400281e-06,1.0686687439306005e-05
42.84822600000189,0.0,0.0,0.0,9.965272264810965e-08,-2.419089596534123e-06,1.051103184676537e-05
42.903993300002185,0.0,0.0,0.0,9.880316366462944e-08,-2.42094591422702e-06,1.0401689326341522e-05
42.95284260000335,0.0,0.0,0.0,9.830694924534273e-08,-2.422040468700808e-06,1.0308545499149463e-05
43.00430380000034,0.0,0.0,0.0,9.795965567794241e-08,-2.4221703215813616e-06,1.021747480621611e-05
43.05356000000029,0.0,0.0,0.0,9.765936494417591e-08,-2.4218892208867e-06,1.0125829159515254e-05
43.10392120000324,0.0,0.0,0.0,9.736939627435672e-08,-2.4214770381882005e-06,1.003347138755517e-05
43.15289399999892,0.0,0.0,0.0,9.707983661158178e-08,-2.421020769947405e-06,9.940540636212618e-06
43.206334100003005,0.0,0.0,0.0,9.678880648009444e-08,-2.420538909492041e-06,9.847110107553323e-06
43.24792590000288,0.0,0.0,0.0,9.649617165866384e-08,-2.4200332825815846e-06,9.753200814849006e-06
43.2944725999987,0.0,0.0,0.0,9.620199178447537e-08,-2.4195030826165543e-06,9.658814610480336e-06
43.346236400000635,0.0,0.0,0.0,9.590630680426202e-08,-2.4189476475930522e-06,9.563948375258345e-06
43.40655820000393,0.0,0.0,0.0,9.560911580656559e-08,-2.418366370571296e-06,9.468598104348681e-06
43.452715200000966,0.0,0.0,0.0,9.531041233674587e-08,-2.4177589465910345e-06,9.372759693269437e-06
43.49806610000087,0.0,0.0,0.0,9.501018417735302e-08,-2.417125034838637e-06,9.276429025055178e-06
43.55562569999893,0.0,0.0,0.0,9.47083932966196e-08,-2.4164642401900208e-06,9.179601998586766e-06
43.59767419999844,0.0,0.0,0.0,9.440505614095369e-08,-2.415776182767566e-06,9.082274321180714e-06
43.65435240000079,0.0,0.0,0.0,9.410014355846528e-08,-2.4150604696040366e-06,8.984441526723498e-06
43.701775200002885,0.0,0.0,0.0,9.37936546014288e-08,-2.4143166710774276e-06,8.886099183493766e-06
43.74773129999812,0.0,0.0,0.0,9.348553968483918e-08,-2.413544528740055e-06,8.787242623609126e-06
43.801856700003555,0.0,0.0,0.0,9.317582328440674e-08,-2.412743513768309e-06,8.68786722492469e-06
43.85374199999933,0.0,0.0,0.0,9.286446394145969e-08,-2.4119132188503144e-06,8.587968096678086e-06
43.903706400000374,0.0,0.0,0.0,9.255144300460619e-08,-2.411053244178182e-06,8.487540260100424e-06
43.95157199999812,0.0,0.0,0.0,9.22367621249591e-08,-2.4101632172944398e-06,8.386578627046114e-06
44.00506419999874,0.0,0.0,0.0,9.192038462514362e-08,-2.409242544072113e-06,8.285078040578407e-06
44.05170360000193,0.0,0.0,0.0,9.160230545890195e-08,-2.4082909602787913e-06,8.183033077821763e-06
44.09971999999834,0.0,0.0,0.0,9.128251050133713e-08,-2.407307823524069e-06,8.080438295937571e-06
44.14482890000363,0.0,0.0,0.0,9.096096506246137e-08,-2.4062927814769805e-06,7.977288055586879e-06
44.20360050000454,0.0,0.0,0.0,9.063765326289903e-08,-2.4052453623783085e-06,7.873576586966054e-06
44.24908700000378,0.0,0.0,0.0,9.031257284597476e-08,-2.404164961471787e-06,7.769297934300813e-06
44.30318260000058,0.0,0.0,0.0,8.998568038789641e-08,-2.403051143458273e-06,7.664446098828006e-06
44.35149049999745,0.0,0.0,0.0,8.965697845887684e-08,-2.4019034344282004e-06,7.559014742292378e-06
44.399456500003,0.0,0.0,0.0,8.932642846330377e-08,-2.400721192181528e-06,7.452997507330895e-06
44.453963699997985,0.0,0.0,0.0,8.899402073834586e-08,-2.3995039775836226e-06,7.34638778619154e-06
44.504450200001884,0.0,0.0,0.0,8.865972197984829e-08,-2.3982512170796833e-06,7.239178832093048e-06
44.54565140000341,0.0,0.0,0.0,8.832352485218414e-08,-2.3969622756768765e-06,7.131363720041285e-06
44.60201880000386,0.0,0.0,0.0,8.798538968993724e-08,-2.3956367103228847e-06,7.022935369079088e-06
44.6541980999973,0.0,0.0,0.0,8.764531110766728e-08,-2.394273794498194e-06,6.913886404572865e-06
44.69881990000431,0.0,0.0,0.0,8.730324343264825e-08,-2.3928730154770943e-06,6.804209320357536e-06
44.75416419999965,0.0,0.0,0.0,8.69591885647432e-08,-2.391433677702407e-06,6.693896383744512e-06
44.79608720000397,0.0,0.0,0.0,8.661310547810299e-08,-2.3899551904791533e-06,6.582939703874417e-06
44.85402500000055,0.0,0.0,0.0,8.626496207608262e-08,-2.388436905318419e-06,6.4713311209298e-06
44.9071707999974,0.0,0.0,0.0,8.591475752011926e-08,-2.3868781501612383e-06,6.35906218862735e-06
44.94631980000122,0.0,0.0,0.0,8.5562436617883e-08,-2.3852782040706425e-06,6.246124345549827e-06
44.9972431999995,0.0,0.0,0.0,8.520798815635283e-08,-2.383636407418099e-06,6.132508694394591e-06
45.053158700000495,0.0,0.0,0.0,8.485138840402577e-08,-2.3819520308747945e-06,6.018206081133586e-06
45.10430520000227,0.0,0.0,0.0,8.44925908782314e-08,-2.380224352906155e-06,5.9032071266615915e-06
45.15080780000426,0.0,0.0,0.0,8.413157943633252e-08,-2.3784525618004838e-06,5.787502271159429e-06
45.2035149000003,0.0,0.0,0.0,8.376831548268177e-08,-2.37663596886138e-06,5.671081462162651e-06
45.24504860000161,0.0,0.0,0.0,8.340278543198196e-08,-2.374773661704876e-06,5.553934491482263e-06
45.303270299998985,0.0,0.0,0.0,8.303492891320759e-08,-2.3728649814335793e-06,5.436050863971129e-06
45.35405180000089,0.0,0.0,0.0,8.266474441824642e-08,-2.3709089664314872e-06,5.317419684757206e-06
45.404701999999816,0.0,0.0,0.0,8.229217067345035e-08,-2.3689047903979108e-06,5.198029864729938e-06
45.45334620000358,0.0,0.0,0.0,8.191719270817988e-08,-2.3668516015248803e-06,5.077869842059001e-06
45.50611239999853,0.0,0.0,0.0,8.153976532287052e-08,-2.3647484288238754e-06,4.9569277746144005e-06
45.55048859999806,0.0,0.0,0.0,8.11598601184937e-08,-2.3625944302967817e-06,4.835191387258975e-06
45.60287799999787,0.0,0.0,0.0,8.077743137614196e-08,-2.36038856739137e-06,4.712648136203907e-06
45.6531535000031,0.0,0.0,0.0,8.03924532565721e-08,-2.3581298951436306e-06,4.589284998299691e-06
45.705409100002726,0.0,0.0,0.0,8.000486962765198e-08,-2.3558174091604686e-06,4.465088551856379e-06
45.7533573000037,0.0,0.0,0.0,7.961465575275499e-08,-2.3534500125198194e-06,4.3400450326539965e-06
45.80170050000015,0.0,0.0,0.0,7.922175925243538e-08,-2.3510267131957017e-06,4.214140074475674e-06
45.8497475999975,0.0,0.0,0.0,7.882614097586152e-08,-2.3485464059905484e-06,4.087358984412665e-06
45.90577740000299,0.0,0.0,0.0,7.842776272737234e-08,-2.3460079073775455e-06,3.959686576896063e-06
45.95166759999847,0.0,0.0,0.0,7.802657323582313e-08,-2.343410054882459e-06,3.831107085166089e-06
46.0025558999987,0.0,0.0,0.0,7.762253144786454e-08,-2.3407516948053407e-06,3.7016043172374468e-06
46.05798019999929,0.0,0.0,0.0,7.721558099577226e-08,-2.338031552133958e-06,3.571161466911612e-06
46.09952209999756,0.0,0.0,0.0,7.680568270645166e-08,-2.335248356357789e-06,3.439761149269765e-06
46.15313210000022,0.0,0.0,0.0,7.63927826337407e-08,-2.332400820164652e-06,3.307385483969851e-06
46.202988999997615,0.0,0.0,0.0,7.597682903781397e-08,-2.3294875867224682e-06,3.174015894282099e-06
46.25332999999955,0.0,0.0,0.0,7.555776352616912e-08,-2.32650721586962e-06,3.03963312763681e-06
46.30321560000448,0.0,0.0,0.0,7.513554054705134e-08,-2.3234582983569333e-06,2.9042172728110036e-06
46.35110340000392,0.0,0.0,0.0,7.471009709493889e-08,-2.320339307875858e-06,2.767747783276063e-06
46.404878400004236,0.0,0.0,0.0,7.428137770981072e-08,-2.3171487997722996e-06,2.63020328537681e-06
46.451639899998554,0.0,0.0,0.0,7.384931495552914e-08,-2.3138850835717703e-06,2.4915616774479443e-06
46.502031000003626,0.0,0.0,0.0,7.34138554854373e-08,-2.310546623935456e-06,2.351800005986622e-06
46.554997600003844,0.0,0.0,0.0,7.297492361341356e-08,-2.307131612596749e-06,2.2108944942886604e-06
46.60909730000276,0.0,0.0,0.0,7.253246461340488e-08,-2.3036383632809623e-06,2.068820468287892e-06
46.6465051999985,0.0,0.0,0.0,7.208640231273321e-08,-2.300065018770558e-06,1.9255522156066986e-06
46.69745920000423,0.0,0.0,0.0,7.163666974169901e-08,-2.2964097478822166e-06,1.7810631237439862e-06
46.75012830000196,0.0,0.0,0.0,7.118319524303797e-08,-2.292670569058286e-06,1.6353255052336307e-06
46.79850330000045,0.0,0.0,0.0,7.072589498388579e-08,-2.288845481205476e-06,1.4883105646178851e-06
46.8556355000037,0.0,0.0,0.0,7.026469700446717e-08,-2.284932395810162e-06,1.3399884075867375e-06
46.90378729999793,0.0,0.0,0.0,6.97995128445146e-08,-2.2809290554940427e-06,1.190327840611444e-06
46.95471120000002,0.0,0.0,0.0,6.933026576533319e-08,-2.2768333640114988e-06,1.0392963303842651e-06
47.00512890000391,0.0,0.0,0.0,6.885686984800212e-08,-2.272642852211646e-06,8.868601015552728e-07
47.05225700000301,0.0,0.0,0.0,6.837921464377694e-08,-2.2683550903466187e-06,7.329837439911215e-07
47.098671300002025,0.0,0.0,0.0,6.789722732463911e-08,-2.2639675640460124e-06,5.776304822285097e-07
47.14655379999749,0.0,0.0,0.0,6.741079350372348e-08,-2.259477693145631e-06,4.2076180056870357e-07
47.19816050000372,0.0,0.0,0.0,6.691982413737564e-08,-2.2548826787122796e-06,2.6233751102190303e-07
47.25088300000061,0.0,0.0,0.0,6.642421367359049e-08,-2.2501795812518276e-06,1.0231557765044052e-07
47.30390869999974,0.0,0.0,0.0,6.592382792656112e-08,-2.2453654933717253e-06,-5.934807632713734e-08
47.352337099997385,0.0,0.0,0.0,6.541858917923632e-08,-2.2404373008339136e-06,-2.2269955334135883e-07
47.40243390000251,0.0,0.0,0.0,6.49083430085938e-08,-2.2353916460321544e-06,-3.8778722420878684e-07
47.44681710000441,0.0,0.0,0.0,6.43929762701451e-08,-2.2302251701447125e-06,-5.546618709131042e-07
47.495286600002146,0.0,0.0,0.0,6.387236641798583e-08,-2.224934270976347e-06,-7.233769063744866e-07
47.550074899998435,0.0,0.0,0.0,6.3346359750286e-08,-2.2195151686704262e-06,-8.939884019096777e-07
47.60309660000348,0.0,0.0,0.0,6.281481855852546e-08,-2.213963925037524e-06,-1.06655536261185e-06
47.65500240000256,0.0,0.0,0.0,6.227759954346396e-08,-2.208276346828983e-06,-1.241140022369425e-06
47.706964900004095,0.0,0.0,0.0,6.173453268348292e-08,-2.2024480777307574e-06,-1.4178082862738066e-06
47.75172729999758,0.0,0.0,0.0,6.118546315881011e-08,-2.1964744290127986e-06,-1.5966296115810754e-06
47.80420939999749,0.0,0.0,0.0,6.063021458891327e-08,-2.190350597509716e-06,-1.777677492575497e-06
47.85134960000141,0.0,0.0,0.0,6.006859397403099e-08,-2.184071327705359e-06,-1.9610298047323058e-06
47.89911740000389,0.0,0.0,0.0,5.9500407343975994e-08,-2.177631144844687e-06,-2.1467694686538943e-06
47.94795480000175,0.0,0.0,0.0,5.892547244765773e-08,-2.17102423096293e-06,-2.3349844878250654e-06
48.00594920000003,0.0,0.0,0.0,5.834354469122007e-08,-2.1642443323114234e-06,-2.525768636047536e-06
48.05469910000102,0.0,0.0,0.0,5.775441982335723e-08,-2.1572847981933414e-06,-2.7192220878660437e-06
48.10194149999734,0.0,0.0,0.0,5.715784249234229e-08,-2.1501384788266953e-06,-2.9154520957168498e-06
48.15322759999981,0.0,0.0,0.0,5.6553571831032465e-08,-2.1427977849462193e-06,-3.114573616711937e-06
48.19487949999893,0.0,0.0,0.0,5.5941319788804716e-08,-2.1352544577389164e-06,-3.3167102082474074e-06
48.252625699999044,0.0,0.0,0.0,5.5320808527304904e-08,-2.1274995408936884e-06,-3.5219950777725467e-06
48.30042410000169,0.0,0.0,0.0,5.469175085218929e-08,-2.1195234027385803e-06,-3.7305724758259487e-06
48.352595700001984,0.0,0.0,0.0,5.4053789587802925e-08,-2.1113155750309513e-06,-3.942598614684318e-06
48.40330600000016,0.0,0.0,0.0,5.340660547072943e-08,-2.1028644326867882e-06,-4.158243587751574e-06
48.44685639999807,0.0,0.0,0.0,5.274984905453431e-08,-2.0941572845460252e-06,-4.377693227458582e-06
48.500957399999606,0.0,0.0,0.0,5.208310623832555e-08,-2.08518027593357e-06,-4.6011514922095e-06
48.55630989999918,0.0,0.0,0.0,5.140600461454148e-08,-2.075917696349394e-06,-4.82884315014636e-06
48.603882800001884,0.0,0.0,0.0,5.0718120924089496e-08,-2.0663521255726486e-06,-5.061016929883768e-06
48.652976400000625,0.0,0.0,0.0,5.001900259315559e-08,-2.056463967093985e-06,-5.297949978617802e-06
48.702847200002,0.0,0.0,0.0,4.930824383469347e-08,-2.0462308188565445e-06,-5.539952657233105e-06
48.75596460000088,0.0,0.0,0.0,4.8585402812039426e-08,-2.0356270560226932e-06,-5.78737491983679e-06
48.79823330000363,0.0,0.0,0.0,4.785007743379969e-08,-2.024622855337102e-06,-6.0406146299291475e-06
48.854216100000485,0.0,0.0,0.0,4.710194875952189e-08,-2.013183459160357e-06,-6.300127123333793e-06
48.90507290000096,0.0,0.0,0.0,4.634079822871459e-08,-2.0012673226557353e-06,-6.566438744835707e-06
48.9519597000035,0.0,0.0,0.0,4.55667062643336e-08,-1.988824376756429e-06,-6.840164406500216e-06
49.00017630000366,0.0,0.0,0.0,4.478012922238531e-08,-1.975793038002155e-06,-7.1220305615101865e-06
49.0554467999973,0.0,0.0,0.0,4.398229591125209e-08,-1.9620960098379033e-06,-7.412906614296607e-06
49.102965199999744,0.0,0.0,0.0,4.3175842466893175e-08,-1.947633488347738e-06,-7.71384828902695e-06
49.14993749999849,0.0,0.0,0.0,4.2365930780418975e-08,-1.932272948620115e-06,-8.026158822242356e-06
49.20600600000034,0.0,0.0,0.0,4.1562688812310796e-08,-1.9158308245317177e-06,-8.351475402946432e-06
49.25288400000136,0.0,0.0,0.0,4.0786381734491807e-08,-1.8980399775348877e-06,-8.691892274908877e-06
49.30519050000294,0.0,0.0,0.0,4.008003894150193e-08,-1.8784832770799003e-06,-9.050126270033214e-06
49.35450800000399,0.0,0.0,0.0,3.9543845785115415e-08,-1.8564435255467214e-06,-9.429688346870491e-06
49.40770820000034,0.0,0.0,0.0,3.9450395297362e-08,-1.8304869599238952e-06,-9.8347082370451e-06
49.44928600000276,0.0,0.0,0.0,4.077572090898145e-08,-1.7968964139496996e-06,-1.026659391588503e-05
49.50125919999846,0.0,0.0,0.0,5.026906174103987e-08,-1.73810503577423e-06,-1.067718353512979e-05
49.545730199999525,0.0,0.0,0.0,-2.588080000747649e-08,-1.977672617079596e-06,-1.2452813838261192e-05
49.60617450000427,0.0,0.0,0.0,-2.816737269817157e-08,-1.6186705695725233e-06,-1.2175867285809882e-05
49.65152769999986,0.0,0.0,0.0,1.7084203200893643e-07,-1.5117331608956652e-06,-1.0935569272938487e-05
49.69871050000074,0.0,0.0,0.0,-6.681800387491001e-08,-2.0719592297423135e-06,-1.3745266029143045e-05
49.750235300001805,0.0,0.0,0.0,-1.693271328093013e-08,-1.957040639415136e-06,-1.4070609696227894e-05
49.804660399997374,0.0,0.0,0.0,1.2423018612266647e-07,-1.5850314698683595e-06,-1.0597391718881031e-05
49.84784390000277,0.0,0.0,0.0,9.024875278602257e-08,-1.7521908766413203e-06,-1.0703894364066097e-05
49.90222740000172,0.0,0.0,0.0,3.9134005672351855e-07,-7.441818339222013e-06,-1.285448792386275e-05
49.9539775000012,0.0,0.0,0.0,4.893900995528593e-07,-2.727870562857089e-06,7.822236526129037e-07
50.003416200001084,0.0,0.0,0.0,1.3050825460839961e-07,-2.8729465942268273e-06,1.2453896662555343e-06
50.05588210000133,0.0,0.0,0.0,8.01313263046927e-08,-2.653921035401617e-06,9.757044225079006e-07
50.10554530000081,0.0,0.0,0.0,7.344434266570175e-08,-2.5981092321549877e-06,7.492415266105945e-07
50.151406900004076,0.0,0.0,0.0,7.22591561032104e-08,-2.588874856124608e-06,5.921882309631534e-07
50.20298999999795,0.0,0.0,0.0,7.175923116633254e-08,-2.5870019266339067e-06,4.644392557014215e-07
50.25344420000329,0.0,0.0,0.0,7.136401640961066e-08,-2.5861635173210255e-06,3.4531717906377074e-07
50.30506459999742,0.0,0.0,0.0,7.099228662575784e-08,-2.585259873876254e-06,2.279009513610688e-07
50.35326050000003,0.0,0.0,0.0,7.062634194627921e-08,-2.584221831251361e-06,1.1039562504508173e-07
50.40410100000008,0.0,0.0,0.0,7.026078998643228e-08,-2.5831035697189345e-06,-7.549767057415518e-09
50.45463290000043,0.0,0.0,0.0,6.989398749265891e-08,-2.581935898184435e-06,-1.2597286325301358e-07
50.50678129999869,0.0,0.0,0.0,6.952546365334748e-08,-2.580729488219894e-06,-2.448685975054348e-07
50.55285079999885,0.0,0.0,0.0,6.91551251083352e-08,-2.5794866849355682e-06,-3.64235115453937e-07
50.60472480000317,0.0,0.0,0.0,6.878291690527149e-08,-2.5782076581059356e-06,-4.840755542684832e-07
50.65259050000168,0.0,0.0,0.0,6.840881649846978e-08,-2.5768917649201734e-06,-6.043954131237913e-07
50.70219960000395,0.0,0.0,0.0,6.803280769318799e-08,-2.5755383485970853e-06,-7.252009977777458e-07
50.7524087999991,0.0,0.0,0.0,6.765484005610834e-08,-2.5741467349373054e-06,-8.464990064200016e-07
50.80316750000202,0.0,0.0,0.0,6.727489674087263e-08,-2.572716124250025e-06,-9.682963273931449e-07
50.851738600002136,0.0,0.0,0.0,6.689294834686419e-08,-2.5712459759712716e-06,-1.0906001146577562e-06
50.90284509999765,0.0,0.0,0.0,6.650895386682267e-08,-2.5697353311384514e-06,-1.2134177047816187e-06
50.95213550000335,0.0,0.0,0.0,6.612289478985412e-08,-2.568183664676324e-06,-1.3367566974908812e-06
50.99727780000103,0.0,0.0,0.0,6.573471572756703e-08,-2.566589936462826e-06,-1.460624952252764e-06
51.05373490000056,0.0,0.0,0.0,6.534439970077283e-08,-2.564953563147601e-06,-1.5850305414707769e-06
51.10279889999947,0.0,0.0,0.0,6.495190850730764e-08,-2.563273620314282e-06,-1.7099817770482284e-06
51.150564399998984,0.0,0.0,0.0,6.455719957267799e-08,-2.561549305105776e-06,-1.8354873472543108e-06
51.20386139999755,0.0,0.0,0.0,6.416025014785288e-08,-2.5597796286292216e-06,-1.961556126333029e-06
51.24768169999879,0.0,0.0,0.0,6.376100790430971e-08,-2.557963858176672e-06,-2.0881973193560858e-06
51.29632510000374,0.0,0.0,0.0,6.335942628068703e-08,-2.5561009499173743e-06,-2.2154203434430404e-06
51.35367290000431,0.0,0.0,0.0,6.295548234335047e-08,-2.5541900493705446e-06,-2.3432350484515024e-06
51.404211200002464,0.0,0.0,0.0,6.254911808419804e-08,-2.5522300469706572e-06,-2.4716515689704554e-06
51.450627400001395,0.0,0.0,0.0,6.214029768384976e-08,-2.55022006251456e-06,-2.600680401550138e-06
51.50329269999929,0.0,0.0,0.0,6.172898116963727e-08,-2.548158917509661e-06,-2.73033234887133e-06
51.55434139999852,0.0,0.0,0.0,6.13151043103843e-08,-2.546045685285732e-06,-2.8606186909968625e-06
51.60430489999999,0.0,0.0,0.0,6.089863902928493e-08,-2.5438791958676535e-06,-2.9915509453255627e-06
51.64717910000036,0.0,0.0,0.0,6.047952708972684e-08,-2.5416582841176936e-06,-3.123141178789212e-06
51.70401980000315,0.0,0.0,0.0,6.00577227836006e-08,-2.5393818051466656e-06,-3.255401727006129e-06
51.751870599997346,0.0,0.0,0.0,5.963314770243518e-08,-2.5370485853327747e-06,-3.388345505100159e-06
51.79619400000229,0.0,0.0,0.0,5.920579590828529e-08,-2.5346573358235375e-06,-3.521985766322026e-06
51.84584709999763,0.0,0.0,0.0,5.877556063971738e-08,-2.5322066964065028e-06,-3.656336356685809e-06
51.900714499999594,0.0,0.0,0.0,5.8342425643670634e-08,-2.529695405464018e-06,-3.7914115974690134e-06
51.94574149999971,0.0,0.0,0.0,5.790629736401984e-08,-2.527122091099638e-06,-3.927226276167569e-06
52.00357680000161,0.0,0.0,0.0,5.746713670518903e-08,-2.5244853873114673e-06,-4.063795795392417e-06
52.045492500001274,0.0,0.0,0.0,5.7024866144530264e-08,-2.5217836016138277e-06,-4.201136024557106e-06
52.103265400000964,0.0,0.0,0.0,5.657942614733687e-08,-2.519015476928418e-06,-4.339263543372127e-06
52.14495909999823,0.0,0.0,0.0,5.613074153933372e-08,-2.516179274952892e-06,-4.478195498286841e-06
52.20870509999804,0.0,0.0,0.0,5.567875220226906e-08,-2.5132733503662336e-06,-4.617949792662915e-06
52.251403900001606,0.0,0.0,0.0,5.5223365835509836e-08,-2.510296149375305e-06,-4.7585448702365845e-06
52.3032411000022,0.0,0.0,0.0,5.476452660531344e-08,-2.5072457740540535e-06,-4.900000084040139e-06
52.35307599999942,0.0,0.0,0.0,5.430214375088348e-08,-2.5041205444686793e-06,-5.042335384936145e-06
52.39807480000309,0.0,0.0,0.0,5.383613816446315e-08,-2.500918455757768e-06,-5.185571482070278e-06
52.45264450000104,0.0,0.0,0.0,5.33664170499329e-08,-2.4976376502786497e-06,-5.329730127635752e-06
52.503847799998766,0.0,0.0,0.0,5.289290361863415e-08,-2.4942760211380576e-06,-5.474833872638632e-06
52.54700410000078,0.0,0.0,0.0,5.241549429206438e-08,-2.4908315371069975e-06,-5.620906233679837e-06
52.59909509999852,0.0,0.0,0.0,5.19341078878311e-08,-2.487302006740309e-06,-5.767971627489953e-06
52.65350590000162,0.0,0.0,0.0,5.144863132550569e-08,-2.4836851183797397e-06,-5.916055534915567e-06
52.703469599997334,0.0,0.0,0.0,5.0958956536919805e-08,-2.4799785103398946e-06,-6.065184575618543e-06
52.75106560000131,0.0,0.0,0.0,5.046499424501981e-08,-2.476179769186516e-06,-6.215386551387541e-06
52.80260529999941,0.0,0.0,0.0,4.996660067480142e-08,-2.472286320210449e-06,-6.366690452172315e-06
52.85375410000415,0.0,0.0,0.0,4.946369853454845e-08,-2.4682954386927047e-06,-6.5191265508434804e-06
52.89954520000174,0.0,0.0,0.0,4.895614794287733e-08,-2.464204484745858e-06,-6.672726532421008e-06
52.95240909999848,0.0,0.0,0.0,4.844380530669277e-08,-2.4600104100231134e-06,-6.827523478292129e-06
53.001613699998416,0.0,0.0,0.0,4.792655865334511e-08,-2.4557102900585184e-06,-6.9835520558326425e-06
53.05244600000151,0.0,0.0,0.0,4.740425508130851e-08,-2.4513009279451696e-06,-7.140848587992697e-06
53.09624880000047,0.0,0.0,0.0,4.6876739506286505e-08,-2.446779018043736e-06,-7.299451150205388e-06
53.14808020000055,0.0,0.0,0.0,4.634389356428816e-08,-2.442141127316888e-06,-7.459399630929639e-06
53.20376150000084,0.0,0.0,0.0,4.5805521994838e-08,-2.437383590693846e-06,-7.620736022419432e-06
53.25618409999879,0.0,0.0,0.0,4.526146899808299e-08,-2.432502682412939e-06,-7.783504211283267e-06
53.30215770000359,0.0,0.0,0.0,4.4711555087365874e-08,-2.4274942928650105e-06,-7.947750596809298e-06
53.35301540000364,0.0,0.0,0.0,4.4155600089144725e-08,-2.422354407543682e-06,-8.113523919195474e-06
53.401017000003776,0.0,0.0,0.0,4.359339189314212e-08,-2.4170785410271124e-06,-8.28087544879489e-06
53.45081290000235,0.0,0.0,0.0,4.302473977197189e-08,-2.411662109979611e-06,-8.449859262901158e-06
53.504224199998134,0.0,0.0,0.0,4.244940949765376e-08,-2.406100168052595e-06,-8.620532466613687e-06
53.55134700000053,0.0,0.0,0.0,4.1867184000217005e-08,-2.400387701311055e-06,-8.792955483505206e-06
53.60500850000244,0.0,0.0,0.0,4.1277810069783835e-08,-2.3945191838456827e-06,-8.967192065271775e-06
53.65540699999838,0.0,0.0,0.0,4.0681038022010784e-08,-2.388488920974411e-06,-9.143309881310083e-06
53.70479709999927,0.0,0.0,0.0,4.007657847669686e-08,-2.3822908496038e-06,-9.321380544483243e-06
53.74587569999858,0.0,0.0,0.0,3.94641465924174e-08,-2.375918483915965e-06,-9.501480142402446e-06
53.80322139999771,0.0,0.0,0.0,3.884342607422656e-08,-2.369365044468692e-06,-9.683689677601462e-06
53.856329399997776,0.0,0.0,0.0,3.8214080822405755e-08,-2.3626231674814043e-06,-9.868095220748798e-06
53.90466100000049,0.0,0.0,0.0,3.757574823581645e-08,-2.3556850922813037e-06,-1.0054788773291703e-05
53.95384300000296,0.0,0.0,0.0,3.6928074331125675e-08,-2.348542589080662e-06,-1.0243868635525818e-05
53.99504870000237,0.0,0.0,0.0,3.62706088704503e-08,-2.3411866476501834e-06,-1.0435439858348137e-05
54.04584700000123,0.0,0.0,0.0,3.560293321147088e-08,-2.333607718785427e-06,-1.0629615302815627e-05
54.10594560000027,0.0,0.0,0.0,3.4924550451772764e-08,-2.325795551676351e-06,-1.0826516230676412e-05
54.143932400002086,0.0,0.0,0.0,3.4234946710954674e-08,-2.3177390595471276e-06,-1.1026273263101008e-05
54.19656760000362,0.0,0.0,0.0,3.353355514167662e-08,-2.309426050284309e-06,-1.1229027525003182e-05
54.25414969999838,0.0,0.0,0.0,3.281976675478822e-08,-2.300843478769199e-06,-1.1434931899056423e-05
54.297929000000295,0.0,0.0,0.0,3.209288424404871e-08,-2.291977087845726e-06,-1.164415243923163e-05
54.35232540000288,0.0,0.0,0.0,3.1352171229572796e-08,-2.2828110793657755e-06,-1.1856870099728612e-05
54.404917200001364,0.0,0.0,0.0,3.05968097995864e-08,-2.2733282680910403e-06,-1.2073282686160097e-05
54.45506269999896,0.0,0.0,0.0,2.982588229925057e-08,-2.263509331176888e-06,-1.2293607506724968e-05
54.5050104999973,0.0,0.0,0.0,2.9038366528600264e-08,-2.253333102657622e-06,-1.2518084117519768e-05
54.55408929999976,0.0,0.0,0.0,2.8233132083393393e-08,-2.242775395975969e-06,-1.2746977768076678e-05
54.59823250000045,0.0,0.0,0.0,2.7408905971062142e-08,-2.2318093617053573e-06,-1.2980583969082191e-05
54.648198100003356,0.0,0.0,0.0,2.656421910981295e-08,-2.2204039511123225e-06,-1.3219233404462583e-05
54.699069100002816,0.0,0.0,0.0,2.569745333362254e-08,-2.2085236251419082e-06,-1.346329897495676e-05
54.74594600000273,0.0,0.0,0.0,2.4806711012359834e-08,-2.196126989194856e-06,-1.3713203805995093e-05
54.803929900001094,0.0,0.0,0.0,2.3889837077659053e-08,-2.1831652478402117e-06,-1.3969432207522741e-05
54.85270300000411,0.0,0.0,0.0,2.294435886386003e-08,-2.169579751439302e-06,-1.4232543151981892e-05
54.89819539999735,0.0,0.0,0.0,2.1967416715231078e-08,-2.1552995832483105e-06,-1.4503188718596068e-05
54.95538780000061,0.0,0.0,0.0,2.0955782782437393e-08,-2.140236036783249e-06,-1.4782138145375898e-05
55.00048750000133,0.0,0.0,0.0,1.9905797730507446e-08,-2.1242763207293667e-06,-1.5070310057822399e-05
55.04607950000354,0.0,0.0,0.0,1.8813572094052128e-08,-2.1072724698190166e-06,-1.5368818039003885e-05
55.09883049999917,0.0,0.0,0.0,1.767548877838781e-08,-2.0890225791318675e-06,-1.5679031283719982e-05
55.155594299998484,0.0,0.0,0.0,1.6489599775765344e-08,-2.0692386217248313e-06,-1.6002659075136155e-05
55.204417799999646,0.0,0.0,0.0,1.5259924757922965e-08,-2.0474822697701624e-06,-1.634185784586688e-05
55.25452380000206,0.0,0.0,0.0,1.4009310836915611e-08,-2.0230280748939255e-06,-1.669933010201297e-05
55.301960199998575,0.0,0.0,0.0,1.2825408083634111e-08,-1.994513635632707e-06,-1.7078201440988342e-05
55.35327259999758,0.0,0.0,0.0,1.2066749138538169e-08,-1.958802818876036e-06,-1.7480271512570936e-05
55.399871400004486,0.0,0.0,0.0,1.3882391585414249e-08,-1.9051208305701889e-06,-1.7889280094860274e-05
55.45125240000198,0.0,0.0,0.0,-5.5342119881321246e-08,-1.82323597700873e-06,-1.874946769640564e-05
55.49486540000362,0.0,0.0,0.0,2.405997478715379e-07,-1.2245068025489699e-06,-1.6905694969870553e-05
55.556676599997445,0.0,0.0,0.0,-1.66645162101082e-07,-2.241307250675498e-06,-2.1143189797706713e-05
55.604504100003396,0.0,0.0,0.0,-1.1455808627556404e-07,-1.6873661423735122e-06,-2.5387024023150642e-05
55.654027500000666,0.0,0.0,0.0,-2.9229551101152486e-08,-1.4942424352843385e-06,-2.5355174456163773e-05
55.702934200002346,0.0,0.0,0.0,-4.838546901262867e-09,-1.5633503104681133e-06,-2.512933900968817e-05
55.75447189999977,0.0,0.0,0.0,-2.953446759944115e-09,-1.5773777619322187e-06,-2.5174844779397206e-05
55.807861400004185,0.0,0.0,0.0,-4.634784043518554e-09,-1.573088177270248e-06,-2.5334865019063664e-05
55.84563850000268,0.0,0.0,0.0,-5.7960860980456696e-09,-1.56575376938134e-06,-2.5514727882790174e-05
55.89553480000177,0.0,0.0,0.0,-6.4739701702086214e-09,-1.5585973350269335e-06,-2.5693619001061813e-05
55.95596859999932,0.0,0.0,0.0,-7.027244500453799e-09,-1.5516831660450611e-06,-2.5872240324613968e-05
56.00417279999965,0.0,0.0,0.0,-7.583649313494424e-09,-1.5447341278252268e-06,-2.6052690680113926e-05
56.05029700000159,0.0,0.0,0.0,-8.158178041088743e-09,-1.5376406033035767e-06,-2.6235662412246625e-05
56.10699569999997,0.0,0.0,0.0,-8.744826370656808e-09,-1.530388728041485e-06,-2.6421194842814903e-05
56.151426000003994,0.0,0.0,0.0,-9.339819621384399e-09,-1.5229852163783404e-06,-2.6609206821529547e-05
56.19562020000012,0.0,0.0,0.0,-9.942207592707422e-09,-1.5154362927938254e-06,-2.6799628645459167e-05
56.255171800003154,0.0,0.0,0.0,-1.0551810472906344e-08,-1.507746125018436e-06,-2.6992403974094666e-05
56.29517370000394,0.0,0.0,0.0,-1.1168557552641915e-08,-1.499918479404579e-06,-2.7187479900179243e-05
56.34372900000017,0.0,0.0,0.0,-1.1792284878014741e-08,-1.4919568162451393e-06,-2.7384802206191446e-05
56.40339530000347,0.0,0.0,0.0,-1.2422821354702054e-08,-1.4838647757245347e-06,-2.7584315126137525e-05
56.45715249999921,0.0,0.0,0.0,-1.3060001222010606e-08,-1.4756461901646233e-06,-2.7785961820160876e-05
56.500506600001245,0.0,0.0,0.0,-1.3703622142009623e-08,-1.4673047499462164e-06,-2.7989684512515635e-05
56.55002329999843,0.0,0.0,0.0,-1.4353528286781153e-08,-1.4588443360108192e-06,-2.8195424341064498e-05
56.60435629999847,0.0,0.0,0.0,-1.5009525793824403e-08,-1.450268759683729e-06,-2.8403122418445846e-05
56.660356400003366,0.0,0.0,0.0,-1.567146350457197e-08,-1.441581984424594e-06,-2.86127195078201e-05
56.699201399998856,0.0,0.0,0.0,-1.6339138003188426e-08,-1.4327877473182013e-06,-2.8824155882502836e-05
56.7473433999985,0.0,0.0,0.0,-1.7012395246207858e-08,-1.423889981398941e-06,-2.9037371775246615e-05
56.80455559999973,0.0,0.0,0.0,-1.7691024589222906e-08,-1.4148925970923577e-06,-2.9252307752756185e-05
56.856521200003044,0.0,0.0,0.0,-1.8374901329286215e-08,-1.4057993682017842e-06,-2.9468904264800195e-05
56.90381850000267,0.0,0.0,0.0,-1.906381475073534e-08,-1.3966142936500876e-06,-2.968710225889313e-05
56.95181980000052,0.0,0.0,0.0,-1.975760121272131e-08,-1.3873409879090503e-06,-2.9906842911198957e-05
57.00508709999849,0.0,0.0,0.0,-2.0456094228177082e-08,-1.3779833582463896e-06,-3.0128068013790638e-05
57.04975430000195,0.0,0.0,0.0,-2.115911107712651e-08,-1.3685451741122974e-06,-3.035071993912141e-05
57.10377940000035,0.0,0.0,0.0,-2.1866500500265566e-08,-1.359030144835286e-06,-3.0574742001915676e-05
57.144926799999666,0.0,0.0,0.0,-2.257807162161527e-08,-1.349441898617472e-06,-3.0800077935764304e-05
57.20124059999944,0.0,0.0,0.0,-2.3005620263296e-05,0.007150755760491667,0.00012297766024290473
57.256957199999306,0.0,0.0,0.0,8.182574668964427e-06,0.0032571053419708238,0.00010102933539599139
57.30651729999954,0.0,0.0,0.0,-5.7025298760138265e-06,8.472761283930059e-05,7.481624572988518e-05
57.35101130000112,0.0,0.0,0.0,-1.4769825677263451e-06,-0.00019128826259285432,9.580611777092003e-05
57.40197970000008,0.0,0.0,0.0,7.90482635511271e-06,-0.0008589050086989192,7.008786975245179e-05
57.45718260000285,0.0,0.0,0.0,-4.4003352139657046e-06,0.002035937340649392,0.00010983130828777351
57.50092230000155,0.0,0.0,0.0,5.60870872258487e-07,-0.0011177884624335114,9.834826093453362e-05
57.54709520000324,0.0,0.0,0.0,-5.205450329792035e-07,0.0005294351340527442,0.00015266906004815845
57.60562600000412,0.0,0.0,0.0,9.45231531098857e-06,-0.0019708297957158746,3.1625774024079264e-06
57.65534900000057,0.0,0.0,0.0,-7.262499835861396e-06,0.0019354312597880158,6.447254959268901e-05
57.70195519999834,0.0,0.0,0.0,7.478164745083568e-06,-0.0009959820663542588,2.474760612178644e-05
57.75081560000399,0.0,0.0,0.0,1.3187502618722578e-07,0.0003173707730448487,1.698879420265707e-05
57.80616820000432,0.0,0.0,0.0,2.3758013191119134e-06,-0.0003580974690769998,3.3572586168290443e-06
57.8529458999983,0.0,0.0,0.0,-5.1685565049565015e-06,0.0006430118597780737,2.782023359204813e-05
57.89704820000043,0.0,0.0,0.0,5.826803894274453e-06,-0.0010235969102541673,7.4454017829487834e-06
57.94950429999881,0.0,0.0,0.0,1.5763219993064338e-06,-0.00011239150396985378,9.804636662930144e-06
57.99731109999993,0.0,0.0,0.0,-7.2919286227167935e-06,0.002088861790224192,1.9143410836276253e-05
58.05360820000351,0.0,0.0,0.0,1.4287505141316709e-06,-0.0002955202356233264,4.770887517311314e-05
58.097163999998884,0.0,0.0,0.0,1.2325515863112143e-06,-0.0012280680835478287,1.83272933955049e-05
58.15402500000346,0.0,0.0,0.0,-6.050416527087846e-07,0.0002425360850061286,2.7322155402565437e-05
58.1974263000011,0.0,0.0,0.0,-4.127920779490956e-06,-0.0003278972432627162,6.63690793996735e-05
58.244387099999585,0.0,0.0,0.0,2.4424855059280044e-06,0.0004297544416690503,5.549718027153494e-05
58.30135280000104,0.0,0.0,0.0,5.518552074939888e-06,-0.00026169069517520426,4.3015532594013475e-05
58.35846190000302,0.0,0.0,0.0,-2.4243311941570807e-06,0.0002933698544229479,5.0395802571738933e-05
58.40313440000318,0.0,0.0,0.0,7.335396318262913e-06,-0.0012674659184032044,3.69340081541787e-05
58.45297379999829,0.0,0.0,0.0,-6.696914363702339e-06,0.0013845226109421697,6.983175096454682e-05
58.49611320000258,0.0,0.0,0.0,2.0280315648505994e-06,-0.00030012842306581587,5.327863045757067e-05
58.548485999999684,0.0,0.0,0.0,-2.235881610377514e-06,0.001404837310609986,5.133370196668025e-05
58.60576669999864,0.0,0.0,0.0,4.481146241122713e-07,-0.0012607140464660678,6.224901310690238e-05
58.6494920000041,0.0,0.0,0.0,2.6160149107827687e-06,4.7843057916363585e-06,3.896329494670103e-05
58.70375749999948,0.0,0.0,0.0,0.00038932219769022996,-0.0032938696733112263,0.13421771610762345
58.75413249999838,0.0,0.0,0.0,0.0008411355326308575,-0.007718014233938871,0.3557542871341959
58.80570950000401,0.0,0.0,0.0,0.0012202927217268562,-0.0029624814619068213,0.577292889307388
58.850557800004026,0.0,0.0,0.0,0.0015564487996339697,0.004141505253617678,0.7995766087206192
58.906356600004074,0.0,0.0,0.0,0.0014004783093678028,0.0027860164587774957,0.9510134341456978
58.95155969999905,0.0,0.0,0.0,0.0017737796230336122,-0.003084412655746337,0.9919746721173993
58.99760750000132,0.0,0.0,0.0,0.0021611212828404128,-0.0031136740821111155,0.9328473542012973
59.05266710000433,0.0,0.0,0.0,0.001460791189954915,0.00022486845914296145,0.8573031723622205
59.099073500001396,0.0,0.0,0.0,0.002008619171048372,-0.0030982066449506897,0.7926296503911324
59.15353689999756,0.0,0.0,0.0,0.001454467026359,-0.002117020589576045,0.7228237596788203
59.201334999997925,0.0,0.0,0.0,0.0015254997169915096,-0.00015323639996851402,0.6680976495716531
59.246564499997476,0.0,0.0,0.0,0.0018684219583657508,-0.007771226956563995,0.6527551134856722
59.30390820000321,0.0,0.0,0.0,0.0016472221495347306,0.0026750045408172078,0.6402840312473966
59.34843510000064,0.0,0.0,0.0,0.0016411641244530215,0.0006394088199829786,0.6402990173824188
59.40559590000339,0.0,0.0,0.0,0.0014371696209051852,0.003968295776769953,0.6563920112970573
59.44689450000442,0.0,0.0,0.0,0.0014939441090744423,0.0004690797505672715,0.6808230498283875
59.49710900000355,0.0,0.0,0.0,0.0012970315416530372,-0.0003433293750569214,0.6995059678432205
59.553043899999466,0.0,0.0,0.0,0.002108345958600222,-0.0018152586138565903,0.6578609464646599
59.602791800003615,0.0,0.0,0.0,0.00102365654389655,0.004218938379143129,0.5365029120756399
59.65489009999874,0.0,0.0,0.0,0.000572423603859587,0.005259125780262582,0.36395635259612197
59.696740500003216,0.0,0.0,0.0,0.0005103882162322948,-0.0035144012012703475,0.19227635005715418
59.751113300000725,0.0,0.0,0.0,-0.00015766821558503704,0.013889452042653447,0.11590894973737098
59.8039088000005,0.0,0.0,0.0,0.00018392104950276498,-0.0027451011875807576,0.18730709965372278
59.85458910000307,0.0,0.0,0.0,0.000524416452985911,0.00019118475216354838,0.22092658373954172
59.89450780000334,0.0,0.0,0.0,0.000437482206449544,-0.0006478462409156877,0.22060280556360323
59.95334539999749,0.0,0.0,0.0,0.00028232592303438833,-0.00038013955414917445,0.20133622018945713
59.99585379999917,0.0,0.0,0.0,0.0002484004355365742,0.0005249136231363803,0.1835839848831186
60.05427810000401,0.0,0.0,0.0,0.00022108987958602895,-0.00046755844191639744,0.1705950034869519
60.10653699999966,0.0,0.0,0.0,0.0002107018505209165,0.0013248700437101528,0.16622771562618738
60.15244540000276,0.0,0.0,0.0,0.000170881331218254,0.0008287345937380399,0.16393617038432215
60.20332159999816,0.0,0.0,0.0,0.00025839702696746537,-0.0012607667548948944,0.15792049955783855
60.244821500004036,0.0,0.0,0.0,0.00026793673966501866,0.0004631476173175912,0.15036838234433703
60.30290640000021,0.0,0.0,0.0,0.00017970323364438175,5.413347411915388e-05,0.14199662785101702
60.35349690000294,0.0,0.0,0.0,0.0002999622707915081,-0.0017369676542876302,0.13689976346702898
60.40569169999799,0.0,0.0,0.0,0.00013368083867127545,0.003925583168623504,0.12376180575609994
60.45460289999755,0.0,0.0,0.0,0.0001969115139939864,-0.0036097063300875778,0.11485222625763133
60.505815199998324,0.0,0.0,0.0,0.00013421900313805333,0.00041740859988558215,0.1087413873869738
60.547476200001256,0.0,0.0,0.0,0.00011867849178843352,0.0006620855756534048,0.10770982491005288
60.599960999999894,0.0,0.0,0.0,5.3224971742524816e-05,0.0019259425532917615,0.11987552920435635
60.651718599998276,0.0,0.0,0.0,0.00012312092267858924,-0.002223572432510648,0.12002396059594558
60.69782950000081,0.0,0.0,0.0,0.00020612497165130935,0.00023578883836665836,0.11801618151980747
60.7456611000016,0.0,0.0,0.0,0.00017253268797614343,0.0002241643427613592,0.1160360497521664
60.80546350000077,0.0,0.0,0.0,0.0001468711964109305,-0.00027915152653266046,0.11624275404403012
60.84798769999907,0.0,0.0,0.0,0.00021223108855881025,-0.0012310043252787735,0.11729848513195582
60.89773430000059,0.0,0.0,0.0,0.00020235610064281634,0.004014378970940454,0.11958614810507742
60.95298870000261,0.0,0.0,0.0,0.00017987493042819223,-0.0030865810305845216,0.12288181235720541
60.9975345999992,0.0,0.0,0.0,0.00015947081956600088,0.0003986576220200241,0.12841368101153558
61.052962200003094,0.0,0.0,0.0,0.0002316383928477302,0.0034590527597797797,0.13644318171909003
61.10037929999817,0.0,0.0,0.0,0.000263427425365227,0.0010724629541151562,0.15625715465821965
61.15981550000288,0.0,0.0,0.0,0.00023931100496362904,-0.0012651327072900512,0.16742099704690405
61.20305680000456,0.0,0.0,0.0,0.0002644738859897551,-9.908612168462522e-05,0.19013270247301362
61.24835660000099,0.0,0.0,0.0,0.00044901373423659856,-0.004476644430873754,0.23332481932752136
61.297744199997396,0.0,0.0,0.0,0.00020768794674581173,0.010349329982458607,0.24263964584408465
61.35516830000415,0.0,0.0,0.0,0.0002480447065700005,2.9215543688451645e-05,0.2353101893513623
61.39955700000428,0.0,0.0,0.0,0.00011233661485836225,-1.8132856227521097e-05,0.22288933199263483
61.44417539999995,0.0,0.0,0.0,0.000271985729337271,0.0019290351197211047,0.2076228771777058
61.4987953000018,0.0,0.0,0.0,0.00018283201486219677,-0.0009341794483125304,0.2022010608610647
61.55381710000074,0.0,0.0,0.0,0.00014869357879105616,-4.913750653186031e-05,0.1912348440861149
61.604414800000086,0.0,0.0,0.0,0.00014478137715470303,-0.0007943697797569534,0.17500609382297483
61.64693190000253,0.0,0.0,0.0,0.00012724668648894975,7.12814612343055e-05,0.16138178948331372
61.69995790000394,0.0,0.0,0.0,0.00018590819791058363,-0.0028246601237244704,0.1319162584956014
61.752401600002486,0.0,0.0,0.0,2.2833002069422317e-05,-0.009358754737071047,0.02430746928788148
61.79850699999952,0.0,0.0,0.0,3.281334591935564e-05,-0.0037229744094115134,0.0016887937842284119
61.851765600004,0.0,0.0,0.0,7.004315142749232e-05,-0.000286765108210872,0.0006391371515774014
61.90285050000239,0.0,0.0,0.0,-9.82969045860838e-06,0.008582736294419486,0.0002226828661310855
61.954371400002856,0.0,0.0,0.0,4.454997467872015e-05,0.0017762190268092802,-2.1233167368882084e-05
62.00569650000398,0.0,0.0,0.0,-3.399104335546631e-05,-0.0011120496926577638,1.025305524777679e-05
62.05029700000159,0.0,0.0,0.0,1.6103381353639634e-05,0.0008998714836888407,-9.403603860554174e-06
62.1035641999988,0.0,0.0,0.0,-1.656122764178717e-05,-0.00028653852284050735,-0.00010936156689457436
62.14794599999732,0.0,0.0,0.0,2.920438358053392e-05,0.00121136702559327,8.932897294684647e-05
62.20478010000079,0.0,0.0,0.0,1.2393596031050322e-05,-0.0011508818767959614,5.431901078835897e-05
62.2463063000032,0.0,0.0,0.0,-9.16718941845855e-06,-0.0005147884569950303,-0.000277870154136967
62.30587480000395,0.0,0.0,0.0,3.775487803533445e-06,-8.32237533296987e-05,-0.00044184254423610775
62.3494903000028,0.0,0.0,0.0,1.5088446935099924e-05,0.0007914360182241912,-0.00025547831363799655
62.40251069999795,0.0,0.0,0.0,-2.4254380766567888e-05,0.0001282706135433462,-0.00024030883495054786
62.446424200003094,0.0,0.0,0.0,6.971785072684855e-06,-0.0008072591960381748,-0.00023844045455097165
62.50435010000365,0.0,0.0,0.0,-2.0886849966519174e-05,-0.00017387892132592506,-0.00046168924720740807
62.55364810000174,0.0,0.0,0.0,-1.2242521695377635e-05,0.00022748219768144528,-0.00020524480804175665
62.603826200000185,0.0,0.0,0.0,4.6021114688587144e-05,0.00133438533730349,-9.650510308128764e-05
62.651223000000755,0.0,0.0,0.0,-2.5398187051023426e-05,-0.0014045817232118988,-9.955059883742539e-05
62.704088300000876,0.0,0.0,0.0,-2.972365224001581e-05,0.000546212203802057,-0.00018607128856712522
62.74488279999787,0.0,0.0,0.0,2.7098989688793e-05,0.00010596961085715432,-0.00016011122064478022
62.80615969999781,0.0,0.0,0.0,3.855513196313739e-05,0.00045053419714204894,-4.996906221210688e-05
62.85724769999797,0.0,0.0,0.0,-1.0975806728125182e-05,0.0002629496931192976,-0.0001250318691950488
62.89588860000367,0.0,0.0,0.0,-2.0297466482216433e-05,-0.0013839249422685422,-0.0003247757695991888
62.95417319999979,0.0,0.0,0.0,-1.5564687826066315e-05,-0.0004624393516609502,-6.655854292658433e-05
63.004100400001334,0.0,0.0,0.0,9.34680557923713e-06,0.000716561071601202,-0.00012409551556333658
63.0458837000042,0.0,0.0,0.0,3.147421158825674e-05,0.0005787163707037003,1.4261558419310453e-05
63.09703360000276,0.0,0.0,0.0,-1.1869697030753522e-07,-0.0009579802487466415,0.00012683976271612906
63.14491350000026,0.0,0.0,0.0,-2.958148469872247e-05,0.001307804556315182,-5.995376754625425e-05
63.19658200000413,0.0,0.0,0.0,2.2959621509359726e-05,-0.00044171632096289264,2.668400571964977e-05
63.245136500001536,0.0,0.0,0.0,-4.2327171238815773e-05,-0.0005347614311258628,0.000135163064748259
63.297874600000796,0.0,0.0,0.0,-3.204690521139841e-05,-0.0009434289743850176,-0.0004232888162883715
63.346412200000486,0.0,0.0,0.0,1.3005881790830615e-05,-0.0017895295086467677,-0.00036783810663590426
63.39698679999856,0.0,0.0,0.0,1.300141514926295e-05,0.00013183315632448925,-0.00036328630792912056
63.44758749999892,0.0,0.0,0.0,-1.0913324061686708e-05,0.0018750589200021953,-0.0003650997102253371
63.49608299999818,0.0,0.0,0.0,1.9252355384122132e-05,-0.0003409726065794907,-0.00039100118773039436
63.54898060000414,0.0,0.0,0.0,-3.363189131447236e-05,-0.0005660564400392457,0.00017702717947631826
63.59810699999798,0.0,0.0,0.0,4.021298487368959e-05,-0.0003501719973617839,-2.53685151315099e-05
63.64795220000087,0.0,0.0,0.0,3.429084454823714e-07,-0.0004229707802720024,-0.0005371334379482513
63.69949839999754,0.0,0.0,0.0,8.850655163418329e-06,0.00025582124847023293,-0.00033932734730974417
63.746847200003685,0.0,0.0,0.0,-3.986267961929679e-05,0.001201762388417186,4.2477178608907016e-05
63.79587840000022,0.0,0.0,0.0,-3.356390601672802e-06,-0.0016308992610683233,0.00025790788099092304
63.84501099999761,0.0,0.0,0.0,5.25066607092627e-05,0.0015375144979695218,-2.735132256438835e-05
63.897582099998544,0.0,0.0,0.0,-4.512573328728895e-05,0.0016059542543514895,-0.00013485478022673818
63.94592410000041,0.0,0.0,0.0,2.272671428978813e-05,0.0007406001323258161,-0.00013359342985625798
63.99584409999807,0.0,0.0,0.0,2.0095960923331093e-06,-0.0006924440486024471,-0.0005257349754102899
64.0453037000043,0.0,0.0,0.0,-1.6227165493602085e-07,-0.001167495361609953,-0.00022997484190452925
64.09482089999801,0.0,0.0,0.0,-1.1447821620418095e-05,0.0006367810838750038,-5.09126461699263e-05
64.14535400000022,0.0,0.0,0.0,-1.5145476567918215e-05,4.1379411122341647e-05,-1.9370353768847136e-05
64.19497989999945,0.0,0.0,0.0,-3.329984311944994e-06,0.00054752729478883,-0.0003558875757918768
64.24468290000368,0.0,0.0,0.0,8.06405465535909e-06,-0.0001136432491189419,-0.00029948892652263806
64.29539600000135,0.0,0.0,0.0,-3.8310925901964744e-06,-5.0072505509252965e-05,-0.0001739794817570618
64.34561509999912,0.0,0.0,0.0,-9.34153729144416e-06,-0.0003639342556451717,-3.921106703028337e-05
64.39479910000227,0.0,0.0,0.0,2.8157826991202455e-06,0.0004942763469127425,-0.00025946025038210685
64.44560700000147,0.0,0.0,0.0,-9.894776672073484e-06,-0.00043267830320639064,-0.00019011612346946783
64.49670740000147,0.0,0.0,0.0,1.7364991720183972e-05,0.00012499339070971136,-8.179158905637174e-05
64.54492759999994,0.0,0.0,0.0,5.071046113744062e-05,0.0007253345246019075,-4.282944899306493e-05
64.59530990000349,0.0,0.0,0.0,-3.28582027735326e-05,-0.0012616809086328025,-0.0005421586368631994
64.64314300000115,0.0,0.0,0.0,5.77838913872819e-06,0.00023248797110090132,-0.00019073257935293156
64.69398139999976,0.0,0.0,0.0,9.895899696032342e-06,0.0008188897513650578,-0.0001538196612415348
64.74348800000007,0.0,0.0,0.0,-1.374635906601999e-05,-0.0010487623472430398,-0.00015049660102320445
64.7960280000043,0.0,0.0,0.0,-1.7640395763829586e-05,0.0005323897637496655,0.00018399147614593024
64.8440178000019,0.0,0.0,0.0,-6.094327786799765e-06,-0.0003200048709786795,-0.00019110920158791963
64.89564750000136,0.0,0.0,0.0,-2.1159978163404304e-05,0.0003368039487109711,9.385154135194021e-05
64.94460690000415,0.0,0.0,0.0,5.611991887979155e-06,-0.001566214306475053,-5.195004822656359e-05
64.99876080000104,0.0,0.0,0.0,3.7617886075696e-05,0.0014131062733709196,5.078322673606609e-05
65.04571849999775,0.0,0.0,0.0,1.883084786517072e-05,-0.00010572254011356752,-0.00024176337749951693
65.09525920000306,0.0,0.0,0.0,1.722323453759835e-05,0.0005799848909273119,-0.00018177590976250753
65.14532499999768,0.0,0.0,0.0,-4.8685503410145735e-05,-0.0015116555840003314,-0.0002674375688546815
65.19624140000087,0.0,0.0,0.0,-1.2190090852891349e-05,0.00016852421772877127,-0.00022380630455833255
65.24333109999861,0.0,0.0,0.0,2.6022083029366696e-05,0.00021450465232730374,-0.0001572496932507374
65.29344639999908,0.0,0.0,0.0,6.107833371208201e-07,0.0009788307239900164,-0.0002676907402620515
65.3437006000022,0.0,0.0,0.0,7.825285489816268e-06,-0.0007891575637158043,-0.0003683379653731645
65.3958238999985,0.0,0.0,0.0,1.3034431469245146e-05,0.0005541756609133875,-0.00037731854057330896
65.44522359999974,0.0,0.0,0.0,-2.0069362867126853e-05,-0.0005407421323352761,-0.0002318628595398397
65.49507879999874,0.0,0.0,0.0,1.872919435455872e-05,0.00012010217002733712,-0.00043614203383845665
65.54662749999989,0.0,0.0,0.0,-7.1452226915364955e-06,0.00011101075546553787,-0.00029230625694551325
65.59467849999783,0.0,0.0,0.0,-7.456065363959258e-06,0.0008565731243479834,-0.00026861598793291965
65.647157899999,0.0,0.0,0.0,-1.8678589027144893e-05,-0.0007532338193745764,-0.000313135823561353
65.6945893000011,0.0,0.0,0.0,3.1689793016241064e-06,-0.00047981015805499715,-0.00028982276455854513
65.74450149999757,0.0,0.0,0.0,2.5216084186126962e-05,0.00034820948298516416,-0.0002299161761036432
65.7946368999983,0.0,0.0,0.0,2.16177705877227e-06,-0.0001995626191335309,-0.00014772657015799155
65.84600820000196,0.0,0.0,0.0,-1.985537747164906e-05,-0.00035597089337185495,-9.69282519454672e-05
65.89524620000157,0.0,0.0,0.0,3.652286879165406e-05,0.0003539706751409886,-1.929683883319162e-05
65.94473880000442,0.0,0.0,0.0,-3.701838947997868e-05,0.00013772819756903957,-6.83359191238825e-05
65.9942377000043,0.0,0.0,0.0,-1.0356183126134942e-05,1.4364892060306544e-05,-0.00021552419349971314
66.04926420000265,0.0,0.0,0.0,-6.1991201412125246e-06,-0.0008707631159383285,-0.00018386888941355903
66.09536310000112,0.0,0.0,0.0,1.429758131099837e-05,0.0006784325670399925,-6.435964616169537e-05
66.14434379999875,0.0,0.0,0.0,-1.4462529266604948e-05,-8.477015620605681e-05,-5.5397396189484375e-05
66.19518410000455,0.0,0.0,0.0,3.81893237110126e-05,0.0006767624623477726,-6.371448926141695e-05
66.24528160000045,0.0,0.0,0.0,-9.38845125827709e-06,0.00019514979969564904,-0.0003029956582347508
66.29572670000198,0.0,0.0,0.0,-2.3027458536410656e-05,-0.0004030441216128608,-0.0002061209658891919
66.34354549999989,0.0,0.0,0.0,2.722552035056981e-07,-2.1939510374001644e-05,-0.000336674941925384
66.39519100000325,0.0,0.0,0.0,-2.0184066202586113e-05,-0.0018371679963537927,-0.00037636797594080957
66.44595090000075,0.0,0.0,0.0,4.4253025897045235e-05,0.001497822386472312,-1.9202300509337544e-05
66.49616629999946,0.0,0.0,0.0,-1.0488196759019175e-05,-0.0006324977985473918,-3.242986580319829e-05
66.54594109999744,0.0,0.0,0.0,2.555430531153235e-05,0.000377419932957318,-0.0001032047531017563
66.59525030000077,0.0,0.0,0.0,-7.575920865544599e-06,-0.001243752522569092,-8.272574935689017e-05
66.6448418,0.0,0.0,0.0,-6.862548713306486e-06,-0.0009171484865190386,5.7353828523929285e-05
66.69647740000073,0.0,0.0,0.0,-1.2987705346163778e-05,-5.542386428150787e-05,0.00018948879578100893
66.74295330000314,0.0,0.0,0.0,-1.300253320392461e-05,0.0020189310008537614,0.00010398389944828573
66.79531680000218,0.0,0.0,0.0,7.156726177479224e-06,0.0014450812512603651,-4.1157460297052324e-05
66.84463880000112,0.0,0.0,0.0,-4.228746299302358e-06,-0.0005370740944525604,4.2434172437790115e-05
66.895869699998,0.0,0.0,0.0,4.5784307601789025e-06,0.0006807275909220111,8.437083265768833e-05
66.94372200000362,0.0,0.0,0.0,-2.3459997145179645e-06,-0.0007580994994205639,-0.00010036820319987912
66.99441220000153,0.0,0.0,0.0,4.933471687656925e-06,0.0004927352191485934,-0.00010125477947299658
67.04604600000312,0.0,0.0,0.0,1.4319230482236483e-05,-0.0004970750709362088,-0.00014374218626847534
67.09624320000148,0.0,0.0,0.0,-3.4083557089938964e-05,-0.0006986395380197371,6.920131411409603e-05
67.14517940000223,0.0,0.0,0.0,-3.56829370175879e-06,0.0009509368719509243,-0.0002566250377956047
67.19557270000223,0.0,0.0,0.0,4.827866954575459e-05,-0.0003316544138782251,-0.00021184531962098346
67.24424500000168,0.0,0.0,0.0,-3.2711479670628486e-05,0.0008628229797436719,6.715735299022656e-05
67.29433789999894,0.0,0.0,0.0,3.350981129462375e-05,-0.0017512280870574362,-0.00022982206520610047
67.3463042000003,0.0,0.0,0.0,-7.243023112450504e-05,0.0011486235201298815,-0.0003359796004811079
67.39463690000412,0.0,0.0,0.0,3.858366284038125e-05,-2.554091998788068e-05,-0.0001797195340682686
67.4440459000034,0.0,0.0,0.0,1.453618587710178e-05,-0.0022799977942368015,-0.00020210712946763267
67.49499669999932,0.0,0.0,0.0,7.464866573241827e-05,0.0018430591170698106,-0.0001443173527154863
67.54602270000032,0.0,0.0,0.0,-8.107732550578843e-05,-0.0013735306820586205,0.00010638681585344216
67.59709129999828,0.0,0.0,0.0,5.660071088101841e-06,0.0001698669453564682,6.654639305306111e-05
67.6451350999996,0.0,0.0,0.0,-1.7408455197949365e-05,0.00036467262024730346,0.00012135840026230863
67.69465250000212,0.0,0.0,0.0,6.119108674101346e-06,-0.00020034483039528384,0.00016817858649013397
67.7450777999984,0.0,0.0,0.0,2.282300780565308e-05,0.0009169135806498617,-5.8048341080379866e-05
67.79494130000239,0.0,0.0,0.0,-1.2920926311919691e-05,0.0003708698215182317,2.4229676738439295e-05
67.84331480000401,0.0,0.0,0.0,-7.96819500922159e-06,0.0007302474475364139,-0.0001258912465735924
67.89451030000055,0.0,0.0,0.0,5.234158444615207e-06,-0.0005083062792825067,1.2649212445347317e-05
67.94529740000144,0.0,0.0,0.0,-6.913340679010314e-06,-0.0014265519815798628,-0.00014396874285186014
67.99611729999742,0.0,0.0,0.0,-3.159656384064127e-05,0.0011316529153152107,-8.000844323071188e-05
68.0447353999989,0.0,0.0,0.0,2.7314226878145624e-05,-0.00019705692660645018,-0.0003819386949506006
68.09886060000281,0.0,0.0,0.0,9.166143574041772e-08,0.0010090660662358819,-0.00012949602871477537
68.145809499998,0.0,0.0,0.0,-3.0918076198309785e-05,-0.0004269122846153146,-0.0003168850780308716
68.197636900004,0.0,0.0,0.0,1.9621954893241278e-05,-0.00020783806384987532,-0.00018776911706737558
68.24532049999834,0.0,0.0,0.0,9.67619261640082e-06,9.893714748606792e-05,-0.00020160961638850344
68.29579010000452,0.0,0.0,0.0,-1.4469099879031694e-05,-5.881830116358015e-05,-0.0001804281753416015
68.34583759999805,0.0,0.0,0.0,1.0924149928298588e-05,-0.0008369899325048301,-8.384988001527618e-05
68.39690949999931,0.0,0.0,0.0,7.4912923501914135e-06,0.0014652772139280054,-7.357269998865227e-05
68.4463762000014,0.0,0.0,0.0,-1.1298160743359376e-05,-0.00026532571067462566,-1.9732566514248835e-05
68.49546270000428,0.0,0.0,0.0,3.7741418977065337e-06,-0.00012240207831084956,-6.734942962024575e-05
68.54573769999843,0.0,0.0,0.0,3.0428715397566325e-05,0.0006424095388170999,-8.342582979345604e-05
68.5959303999989,0.0,0.0,0.0,2.1638641833816328e-05,-0.0003533418838650783,-0.0001525740068067837
68.65004310000222,0.0,0.0,0.0,-4.1096570887412275e-05,6.472545643591231e-05,-8.605490149267401e-05
68.69445339999947,0.0,0.0,0.0,-1.3234287495346315e-05,-0.0009590277535971326,3.8940208169912186e-05
68.74428389999957,0.0,0.0,0.0,1.1683391998224307e-07,0.00045606524581227295,5.359805068946789e-05
68.79559039999731,0.0,0.0,0.0,-5.084781075891478e-06,0.00028927876086849507,-0.00015119147146493096
68.84602380000433,0.0,0.0,0.0,3.4250100979809806e-05,0.0004906751462778836,6.097518617936406e-07
68.89545850000286,0.0,0.0,0.0,3.869682305400225e-05,-0.0003054254245524724,-3.103982855354092e-05
68.94550270000036,0.0,0.0,0.0,-3.4445060794398364e-05,-0.0005696200253743398,1.8071439196698816e-05
68.99463079999987,0.0,0.0,0.0,-1.0967455336443031e-05,0.0006247154286298339,-6.96114147561262e-05
69.0458273999975,0.0,0.0,0.0,-3.949751843171849e-05,2.609123231812448e-05,-5.2310705375177504e-05
69.0941892999981,0.0,0.0,0.0,2.1397958906304114e-05,-8.045425954690521e-05,-0.00015432646913922493
69.14721260000078,0.0,0.0,0.0,7.37556313459638e-06,-0.0002686548002590257,-4.5976349008999545e-05
69.19386210000084,0.0,0.0,0.0,-2.448716905118301e-05,-0.00023141316311304442,-8.333787122671575e-05
69.24892140000156,0.0,0.0,0.0,4.550254547576113e-05,0.0009388917223127969,-8.23361467918117e-05
69.2951097000041,0.0,0.0,0.0,9.704110615019264e-06,-0.0009416641576403919,-0.00021813441025857595
69.34531620000052,0.0,0.0,0.0,-3.8839471809124496e-05,-0.0003847380411707969,-0.0004719144589545271
69.39686079999956,0.0,0.0,0.0,0.00041099830422557885,-0.0006987698450403305,0.10186771016179243
69.44534030000068,0.0,0.0,0.0,0.000624713181084434,-0.002815640216253868,0.27053357335969913
69.49768400000175,0.0,0.0,0.0,0.0006908046927185693,-0.00522911113856583,0.448054306593961
69.54484840000077,0.0,0.0,0.0,0.0008686584220048511,-0.0009503048055232578,0.6273431023355185
69.59444390000135,0.0,0.0,0.0,0.0017066771784319751,-0.0010496785069287534,0.8302840872967664
69.64723439999943,0.0,0.0,0.0,0.001963238257056941,0.0014302764083009203,1.0854025666914588
69.6980298999988,0.0,0.0,0.0,0.0022301497817920533,0.004015722857618034,1.376780939874664
69.74427210000431,0.0,0.0,0.0,0.0026941997308840985,0.0009040625343756617,1.673257936913787
69.79505359999894,0.0,0.0,0.0,0.0032839996060595135,-0.003940805630960434,1.8348164361048525
69.84479999999894,0.0,0.0,0.0,0.003591113121136992,-0.00013166707597349372,1.8450340478008038
69.896940300001,0.0,0.0,0.0,0.003942641713555263,-0.0048107330546631275,1.847327391993221
69.94320960000186,0.0,0.0,0.0,0.004113863036873149,-0.002913771106653682,1.8806465958058478
69.9949018000043,0.0,0.0,0.0,0.0032862582473420815,0.005726562943719963,1.881446374940945
70.04449649999879,0.0,0.0,0.0,0.003975194619285293,-0.0020575134801522534,1.8801631892424835
70.0966286000039,0.0,0.0,0.0,0.003318040553021945,0.003040603317530893,1.8874506170706404
70.14470670000446,0.0,0.0,0.0,0.0030530235565285075,0.002981661461173761,1.8824039693086312
70.19685059999756,0.0,0.0,0.0,0.003442362044806487,-0.0049904524513231805,1.8823204287998472
70.24510349999764,0.0,0.0,0.0,0.003031729768606963,0.0001670459756564184,1.8839098200762503
70.29546049999772,0.0,0.0,0.0,0.004108487551677035,0.0018301523342498414,1.8816460165386475
70.3456301000042,0.0,0.0,0.0,0.0031886356124537284,-0.0005503437078619828,1.8356594035774576
70.39454500000284,0.0,0.0,0.0,0.0035856079329516432,-0.0028871820536167676,1.7196331607455149
70.44466639999882,0.0,0.0,0.0,0.003330215876376519,0.00019054300627784093,1.5928304009264316
70.49581700000272,0.0,0.0,0.0,0.002972405831696483,0.0006759327812236586,1.4724033211709942
70.54728389999946,0.0,0.0,0.0,0.003033138383159717,0.0003092384518740013,1.3478983124757855
70.59580619999906,0.0,0.0,0.0,0.0027525036945563464,-0.0010476463676727765,1.2390596684837916
70.64571219999925,0.0,0.0,0.0,0.0021873007543010783,0.0007563890986741961,1.1367200830085602
70.69745649999822,0.0,0.0,0.0,0.0022180681300976867,-0.0007576208144957095,1.0572246857076195
70.74483390000387,0.0,0.0,0.0,0.001911457358086178,0.002062540523211083,0.9758746164198907
70.79560769999807,0.0,0.0,0.0,0.0017314726464451296,-0.00016579915607910396,0.8951571317675175
70.84476189999987,0.0,0.0,0.0,0.0019103817248736668,-0.005908575841987296,0.8261764744794611
70.8945281999986,0.0,0.0,0.0,0.001742324313420856,-0.0006638086998980666,0.7612551514090014
70.94473830000061,0.0,0.0,0.0,0.0015986295034751304,0.00011933143398331691,0.7024421714404677
70.9968876999992,0.0,0.0,0.0,0.001474304603579312,-0.00015213901562094714,0.6509012498359352
71.04430639999919,0.0,0.0,0.0,0.0018609375535899452,-0.0076680156171250605,0.6467023314899983
71.09491500000149,0.0,0.0,0.0,0.0015462768798569925,0.0032776663042881865,0.6420710780808597
71.14525120000326,0.0,0.0,0.0,0.0016638216220646945,0.000715746820348216,0.6526641997898384
71.20080130000133,0.0,0.0,0.0,0.0009364773848666893,0.0009037023568230228,0.6805222574212377
71.24637320000329,0.0,0.0,0.0,0.0019106786097055045,0.003845493459292146,0.7104564210023538
71.29427310000028,0.0,0.0,0.0,0.0020712104295310734,-0.0037201758862146672,0.7324888100628753
71.34490370000276,0.0,0.0,0.0,0.0017548119175102446,0.0035465680053642884,0.6882658495432257
71.39645490000112,0.0,0.0,0.0,0.0011606018357504704,0.003035999952161466,0.5805221101464986
71.44505780000327,0.0,0.0,0.0,0.0007522624212013879,0.004391772842226722,0.42628964036243194
71.49532619999809,0.0,0.0,0.0,0.0005185446442965023,-0.002009670375821594,0.2657380561939568
71.54559580000205,0.0,0.0,0.0,-5.836291889158944e-06,0.010160473813179336,0.16951643181157816
71.59710720000294,0.0,0.0,0.0,0.00013550376844370955,0.0002559147560264433,0.18312167334305413
71.64611049999803,0.0,0.0,0.0,0.0003178086641439225,-0.003574576057182954,0.18786973066371582
71.69614020000154,0.0,0.0,0.0,0.0002469534534208248,0.0030988559167983345,0.1816161229628443
71.74648080000043,0.0,0.0,0.0,0.00029396156127471933,-0.0011955634710095343,0.172741437248308
71.79679960000067,0.0,0.0,0.0,0.00021584576727624207,0.0003474917900797821,0.16395507222006306
71.84775549999904,0.0,0.0,0.0,0.0002623085169340194,-0.0022231048277275155,0.15800648152758556
71.89444699999876,0.0,0.0,0.0,0.0003012169345927737,-0.0012074382116218753,0.15469968555853172
71.94354220000241,0.0,0.0,0.0,0.00024564689601249784,-0.00035393397228778697,0.15025321472706135
71.99470650000148,0.0,0.0,0.0,0.00022110268607003334,0.0021568185311533566,0.1466801152329417
72.04741179999837,0.0,0.0,0.0,0.00014980452823610415,0.0032183841099944726,0.14376729228551546
72.09448549999797,0.0,0.0,0.0,0.00024398611520906827,-0.001022301712796375,0.14140350339995114
72.14384070000233,0.0,0.0,0.0,0.00020999913473189756,-0.0008440216760404537,0.13991636185335066
72.19473640000069,0.0,0.0,0.0,0.00020718533770782842,0.0009728512789788412,0.13979267012023674
72.24761150000268,0.0,0.0,0.0,0.0001343304244731428,-0.0007673527606664195,0.14037943564668226
72.29467750000185,0.0,0.0,0.0,0.0003300249126513845,-0.0019904732252099097,0.142715020766298
72.34384900000441,0.0,0.0,0.0,0.00013090872856596694,0.001810041713194131,0.1458200659094338
72.39465989999735,0.0,0.0,0.0,0.00032236584394637895,-0.0006075902111851799,0.15169861772333187
72.44559010000376,0.0,0.0,0.0,0.00028066642372037823,-0.002161826667394954,0.16137773204562156
72.49390290000156,0.0,0.0,0.0,0.0002260079408587411,0.0016687130655836822,0.172933265257563
72.5460665999999,0.0,0.0,0.0,0.0002616303564715922,0.0017610431336759717,0.19006698107193737
72.59645360000286,0.0,0.0,0.0,0.0002714370821900882,0.00229737601448994,0.21759096968179084
72.64753960000235,0.0,0.0,0.0,0.0005630237401644681,-0.0011135194163536075,0.26383762248635373
72.69879590000346,0.0,0.0,0.0,0.0004332926223673463,0.006765481384154328,0.2757601243315854
72.7485044999994,0.0,0.0,0.0,0.0003017419399396579,-0.0006820896146872542,0.2709202692037219
72.79670530000294,0.0,0.0,0.0,0.00013688096314718874,0.0022451983168141386,0.25331917211028443
72.84575510000286,0.0,0.0,0.0,-4.937210767448824e-07,0.0007158075679057007,0.23337478109944565
72.90284760000213,0.0,0.0,0.0,7.191918967312856e-05,-5.568369583020178e-05,0.2228957311011161
72.94737249999889,0.0,0.0,0.0,0.00022769622283089813,-0.0011046014656681394,0.22469110317649788
72.99387710000155,0.0,0.0,0.0,0.00020841680705165652,-0.0008250770821422371,0.2264045247595016
73.04376970000158,0.0,0.0,0.0,0.00013092165935173647,-4.124673718873241e-05,0.22470495024686515
73.09754619999876,0.0,0.0,0.0,0.0002827592709064572,-0.004109411223905577,0.20158439826090555
73.14414309999847,0.0,0.0,0.0,0.00022713652826870118,-0.007615350426639038,0.08107634636508898
73.19563229999767,0.0,0.0,0.0,4.692615152214453e-05,-0.002666450022267266,0.005918805693139762
73.24552950000361,0.0,0.0,0.0,-3.4857956570225084e-05,-0.00038297359681335166,5.969900197447802e-05
73.29506219999894,0.0,0.0,0.0,4.325611108421927e-06,0.008844221524807948,-0.0006416665462990436
73.34489890000259,0.0,0.0,0.0,-1.77909630006085e-06,0.0008150597780997697,0.00010754958873209335
73.3961941000016,0.0,0.0,0.0,4.251634859325938e-06,0.0002782797291264829,0.00011153286434570988
73.44490170000063,0.0,0.0,0.0,8.768106994153362e-07,-3.147185218500157e-05,5.4068012470466254e-05
73.49455229999876,0.0,0.0,0.0,-1.3451631057461712e-07,0.0004137323061822234,8.614322899361574e-05
73.54585020000377,0.0,0.0,0.0,2.2328602251573534e-07,2.502465099136035e-06,-6.42682930363402e-05
73.59392040000239,0.0,0.0,0.0,-1.6259751492333556e-06,3.611750306650875e-05,2.0284398535553142e-05
73.64370159999817,0.0,0.0,0.0,-1.6335942919606015e-06,-0.0016978061806235492,0.00019814070365862336
73.69428200000402,0.0,0.0,0.0,1.5550363821162982e-06,0.0012130883733012044,0.00020971286952138824
73.74817640000401,0.0,0.0,0.0,3.2499056506184695e-06,0.0006617985311611271,0.0002393511300169429
73.79459240000142,0.0,0.0,0.0,-3.8985546523231915e-07,0.00015370949149878628,0.00019589684797645613
73.84391580000374,0.0,0.0,0.0,-9.255742437911851e-07,-0.001900206137968038,-3.180833004045978e-05
73.89412260000245,0.0,0.0,0.0,-6.573347601288189e-07,0.0008097549546113013,0.00014292782795172107
73.94638230000419,0.0,0.0,0.0,3.1442911744128977e-06,0.0013823280790868921,0.00015335085527222057
73.99500390000321,0.0,0.0,0.0,-2.630398470029303e-06,-0.0012788542301462756,0.00010355247471333102
74.04370519999793,0.0,0.0,0.0,2.114485332358524e-06,0.0008550319401915307,0.00014280086657646865
74.09526310000365,0.0,0.0,0.0,-1.2556210439201402e-06,-0.0006962660266926641,0.0001595302774394297
74.14321899999777,0.0,0.0,0.0,4.0510704960619903e-07,0.0004929051330896772,0.0002799012720354312
74.1957528999992,0.0,0.0,0.0,1.5101108416995806e-06,-0.000121748610251482,0.00033275763256413696
74.24440229999891,0.0,0.0,0.0,-1.8773488267823329e-06,-0.00035665525091244815,0.00016092803992918004
74.29744260000007,0.0,0.0,0.0,2.8311430409098986e-06,0.0005680289633309408,0.00019893202087036232
74.3462942000042,0.0,0.0,0.0,4.075021678795759e-07,-8.974909715960803e-05,6.745144404880868e-05
74.39662990000215,0.0,0.0,0.0,-7.791149017038708e-07,-0.0004827535304678035,5.140307711820662e-05
74.44410249999783,0.0,0.0,0.0,-6.675042218772848e-07,0.0001353587455720658,2.314548274783411e-05
74.49390690000291,0.0,0.0,0.0,-4.22965590158337e-07,0.0010810903047160274,8.747848049056402e-05
74.54320050000388,0.0,0.0,0.0,-1.7734382211991778e-06,-0.002383201327453898,0.00020968843245637765
74.59480749999784,0.0,0.0,0.0,7.949328550406331e-07,0.0013472656838806494,0.00027755077883938193
74.64275030000135,0.0,0.0,0.0,3.786680223493056e-06,0.0004020747378510525,0.00021481699423858962
74.6928998000003,0.0,0.0,0.0,-2.120708382077867e-06,-2.7607185033638595e-06,0.00032028776632612847
74.74343640000006,0.0,0.0,0.0,2.7095825221291443e-06,-0.000655428577790528,-4.471798114448255e-05
74.79754859999957,0.0,0.0,0.0,-7.516027749082885e-07,0.0005023759751276021,1.7788118892458507e-05
74.84425049999845,0.0,0.0,0.0,1.247435248480071e-06,0.0009082896571952445,7.012490515287208e-05
74.89329649999854,0.0,0.0,0.0,-2.6536898651231676e-06,-0.0009471472294369489,5.254024719946033e-05
74.94427659999928,0.0,0.0,0.0,-1.12663039329913e-06,-0.0008563429531012149,0.00010047377038520719
74.99362020000262,0.0,0.0,0.0,3.1460281024132035e-06,0.001071316412731528,0.00022710129639377935
75.04425740000443,0.0,0.0,0.0,2.7912822261284575e-07,-0.00036038579934738853,0.00013348156495397693
75.0937821999978,0.0,0.0,0.0,-1.7319905630829705e-06,-0.0013630091270880563,5.400902764013293e-05
75.14332339999964,0.0,0.0,0.0,1.4789789132031841e-06,0.001599569547324165,0.00010475995272846804
75.19285939999827,0.0,0.0,0.0,7.548248703460856e-07,0.0006899322015392033,2.396928149912281e-05
75.24541060000047,0.0,0.0,0.0,-5.079836349459639e-07,-0.0006428805762843536,-4.413967063690855e-05
75.29421459999867,0.0,0.0,0.0,-8.389758360829596e-07,-0.000502374092551702,0.00010875353830673642
75.34320000000298,0.0,0.0,0.0,-1.8946072391186192e-07,0.0002032091094818775,0.0002442994612694701
75.39402100000007,0.0,0.0,0.0,-2.1139271227818137e-06,-0.0011401370626915163,0.0003251205467217206
75.44490629999927,0.0,0.0,0.0,1.1491039641605537e-06,-0.0005086760458103698,0.00013366333002061125
75.4931179999985,0.0,0.0,0.0,2.291411997530092e-06,0.0021764029310926527,0.0002677428742465468
75.54314770000201,0.0,0.0,0.0,-6.307502812270009e-07,-0.0006642201189964408,0.000140012695846912
75.59354829999938,0.0,0.0,0.0,1.0061434247945755e-06,9.732006355264718e-05,6.181518737192115e-05
75.64344459999847,0.0,0.0,0.0,-1.1815507430657607e-06,0.00010101832689708232,0.00017191286196564695
75.69414770000003,0.0,0.0,0.0,2.952138618035996e-06,0.0003268178436545533,-8.449903289307945e-06
75.74281870000414,0.0,0.0,0.0,-1.4598689125348554e-06,-0.00037686120725938184,6.5079431158857735e-06
75.7952781999993,0.0,0.0,0.0,1.4742133975907701e-06,-0.0002433708680504777,-5.276222141699473e-05
75.84543700000359,0.0,0.0,0.0,-5.914201180004895e-07,0.0011138939870398174,6.750846674327202e-05
75.89502229999925,0.0,0.0,0.0,-1.5438397029056645e-06,-0.0012705737032481339,1.1198711416652187e-05
75.94304969999939,0.0,0.0,0.0,-7.719475241826763e-08,-0.0003104098757206443,-3.256243532604208e-05
75.99283390000346,0.0,0.0,0.0,2.422700510197582e-06,0.0005927458240846867,-0.0001145951120772741
76.04413039999781,0.0,0.0,0.0,-7.627296609917476e-07,0.0003711108853080559,-0.00012805509232277065
76.09529189999739,0.0,0.0,0.0,-6.374061872179221e-07,-0.0015344842766184242,1.833473038838123e-05
76.14307840000401,0.0,0.0,0.0,1.2977802846910364e-07,0.000477943822760766,-0.0001907262743892846
76.19315520000237,0.0,0.0,0.0,-1.9797565189145547e-06,3.9508739966117794e-05,0.00011262887107943615
76.24349159999838,0.0,0.0,0.0,2.0092668508048026e-06,5.4297278348737965e-05,-8.636647108136594e-05
76.29441560000123,0.0,0.0,0.0,4.527489124302951e-07,0.0009965923918400616,5.157799812159517e-05
76.34502839999914,0.0,0.0,0.0,-5.805944827127649e-07,-0.00022974458683988782,2.0904675927942647e-05
76.39418770000339,0.0,0.0,0.0,-1.2908042247275734e-06,-0.00014928432495612938,3.779896467341117e-05
76.44350850000046,0.0,0.0,0.0,1.935550978588566e-06,-0.0003886903596988937,7.4094299055188e-05
76.49402440000267,0.0,0.0,0.0,-9.975650738953117e-07,-0.00047919007546386324,-3.30108540557297e-06
76.54346890000306,0.0,0.0,0.0,-1.7237214033038163e-06,-0.00029139551980422853,0.00012336080456494368
76.59273519999988,0.0,0.0,0.0,1.0668188677548476e-06,1.459998936209444e-05,-9.434928180525505e-05
76.64404939999804,0.0,0.0,0.0,2.394940795450766e-06,0.0009168788092552627,1.1051663984156292e-05
76.6943941999998,0.0,0.0,0.0,-1.4200307998718861e-06,-0.0003872421109038418,-9.724892512111856e-05
76.74418970000261,0.0,0.0,0.0,6.362544363750206e-07,0.0005262063483726651,-0.00013911879530511328
76.79418060000171,0.0,0.0,0.0,-1.0331081156650642e-06,-1.9318901645877735e-05,9.10951343297701e-05
76.84551379999903,0.0,0.0,0.0,2.6100048596316904e-06,0.0006427638106628016,-0.00015339166883535378
76.89298489999783,0.0,0.0,0.0,-1.378993026792412e-06,-0.0007874981694507123,-7.936358715767401e-05
76.94451870000194,0.0,0.0,0.0,-2.099144317806319e-06,-0.000925213365469666,-4.208643680885086e-05
76.99402959999861,0.0,0.0,0.0,1.3203936473412613e-06,0.0009385005590338394,-2.8916848612688596e-05
77.04533010000159,0.0,0.0,0.0,1.478244723479257e-06,0.00017403179413878118,-1.4173750968421222e-05
77.09514650000347,0.0,0.0,0.0,7.670090184723148e-08,0.00011770948890161004,7.335649966105862e-05
77.14385530000436,0.0,0.0,0.0,-4.383345853887354e-06,-0.001743958911953866,6.330037385884309e-05
77.19344439999986,0.0,0.0,0.0,2.6915137721331167e-06,0.0014460241645433015,0.0003111960053109767
77.24320509999961,0.0,0.0,0.0,8.909308136490598e-07,0.0008271837218441043,0.00022784730755092466
77.29470640000363,0.0,0.0,0.0,-1.8571675474102656e-06,-0.0015338024010039663,0.0003500716617282094
77.34554290000233,0.0,0.0,0.0,1.7558891241744985e-06,0.0015234942202871828,0.0004009307787523322
77.39610849999735,0.0,0.0,0.0,5.600422826332334e-07,-0.0013148339132853292,0.0005633098954423403
77.44313379999949,0.0,0.0,0.0,2.937114100037381e-07,0.0005985465957127998,0.00035939279636889167
77.49309039999935,0.0,0.0,0.0,-8.948982653246989e-07,-0.0007601725563608675,0.0003956543845952817
77.54385220000404,0.0,0.0,0.0,1.9010530718074462e-06,0.00016054724531824253,0.0003372825203415309
77.59711860000243,0.0,0.0,0.0,-1.411190555020443e-06,-0.001981950933357682,0.00032587124852280166
77.64361220000137,0.0,0.0,0.0,-8.595805066001955e-07,0.0003518492935954311,0.00022101770587939224
77.69378670000151,0.0,0.0,0.0,3.919212419897256e-06,0.001824915451328382,0.000163092650375037
77.7446590000036,0.0,0.0,0.0,2.16303623882263e-06,0.00022024350461643285,0.0002262928668708955
77.79509569999937,0.0,0.0,0.0,2.4172257253320304e-07,0.0006548243693521494,0.0002266560767524598
77.84594880000077,0.0,0.0,0.0,2.2227962753229943e-06,0.0004627442472670959,0.00021678682329548854
77.89329259999795,0.0,0.0,0.0,-1.4302489902300217e-06,-0.0005971011815108467,0.00033154888918894305
77.94460560000152,0.0,0.0,0.0,-6.791403058905755e-07,-0.0002641911689596769,0.0003389975878269286
77.994534999998,0.0,0.0,0.0,1.483115749822478e-06,-0.00013217091071052382,-4.57787887738774e-05
78.04368100000283,0.0,0.0,0.0,4.73247444048281e-07,7.09397136304942e-05,0.00011750857922985321
78.09403469999961,0.0,0.0,0.0,4.6540682927018977e-07,0.0011764733083682005,0.0001513812558677099
78.14427360000263,0.0,0.0,0.0,4.0151943817809384e-08,-0.0009641060262478091,-0.00018003994700348263
78.19334040000103,0.0,0.0,0.0,-8.327438393068758e-07,0.00041210530493845243,0.00014318163215798493
78.24470339999971,0.0,0.0,0.0,-1.7976798367413096e-06,-0.0012404473243456096,0.00024893653998391506
78.29407090000313,0.0,0.0,0.0,3.0203407253591876e-07,0.0004642344547048448,6.338278326470328e-05
78.34591390000423,0.0,0.0,0.0,2.0491405000246694e-06,4.969509697844799e-05,0.0003115515283964182
78.39454520000436,0.0,0.0,0.0,-1.685647002135291e-06,-0.0004208750266210251,0.00035094248619249927
78.44480309999926,0.0,0.0,0.0,5.106322198238094e-07,0.0004969892152113086,0.0002005989942748035
78.4945824000024,0.0,0.0,0.0,2.520436561577752e-07,0.0004833823726761986,0.00021201023724060493
78.54403479999746,0.0,0.0,0.0,2.7581030343669005e-06,0.00027355923431086177,0.00012661022732976082
78.59402930000215,0.0,0.0,0.0,-1.6444153371196467e-06,-0.0006494370911739045,0.00016378560618381333
78.645491700001,0.0,0.0,0.0,-6.02734555205092e-07,0.00036052653850805825,0.0001830147623397806
78.69288360000064,0.0,0.0,0.0,2.272346143784867e-06,-2.9199795844126714e-05,-7.026488758943158e-05
78.74450420000358,0.0,0.0,0.0,2.8211193849023945e-07,0.00040724472621444835,3.2941081846956596e-05
78.79311900000175,0.0,0.0,0.0,-2.0480391469756487e-07,0.0004878457221875645,0.0001434754915732633
78.84478759999911,0.0,0.0,0.0,-2.0575657655969226e-06,-0.0016674401144667914,0.00026715099490282057
78.8975231000004,0.0,0.0,0.0,3.778266488206102e-07,-0.0004956974677913415,0.0001670713362908704
78.94266050000442,0.0,0.0,0.0,-1.2045765213726972e-06,0.0005596964278577137,7.752925185496968e-05
78.99403590000293,0.0,0.0,0.0,4.295261070248295e-06,0.0010608296700397276,9.097786532703249e-05
79.04266810000263,0.0,0.0,0.0,1.4747703745345974e-06,0.0005799329387132634,5.647116371718132e-05
79.09456009999849,0.0,0.0,0.0,-1.3727754925226484e-06,-0.0010060184874245445,0.00011935103068342596
79.14488430000347,0.0,0.0,0.0,1.5127507230084553e-06,0.0005847846111492686,0.00025849984549818707
79.19392660000449,0.0,0.0,0.0,-1.94842975842414e-06,-0.001294221289965023,0.0001861571804543153
79.24426490000042,0.0,0.0,0.0,-1.886888874632685e-06,0.0005571136744372182,0.0003271631019769545
79.29677200000151,0.0,0.0,0.0,3.048000249950116e-06,-0.0005120222359378886,0.00012228130600723799
79.34366299999965,0.0,0.0,0.0,9.973102151958773e-07,-0.001369429090535599,-5.277590889981458e-05
79.39664970000013,0.0,0.0,0.0,-2.710741004276151e-06,-0.0006500717121545303,0.0004169279674643944
79.44502690000081,0.0,0.0,0.0,-7.877663086391178e-07,-0.0002400439097204637,0.00030925420435623307
79.49535530000139,0.0,0.0,0.0,-3.849075644001671e-06,0.0014634335640747388,0.0005580696978279747
79.5427101000023,0.0,0.0,0.0,6.030558644070756e-06,-0.0009541955018201948,0.0002505728991767779
79.59417000000394,0.0,0.0,0.0,3.4834853700201114e-06,0.0014723497464209166,0.0002839002121644741
79.64533949999895,0.0,0.0,0.0,1.4553231697220091e-06,-0.0015008520436687054,-0.0002524864419593564
79.69278620000114,0.0,0.0,0.0,-2.4829162534960657e-06,0.00024508658920416093,0.00014571598665637814
79.74463079999987,0.0,0.0,0.0,-1.1156697939459378e-06,0.0008716749763813053,1.7644287443177942e-05
79.79242299999896,0.0,0.0,0.0,-5.411176409799532e-06,-0.0003209172645991414,0.0006631964027165437
79.8445012000011,0.0,0.0,0.0,4.600223874205558e-06,-0.0006858478789038028,0.00017806034158538475
79.8962085000021,0.0,0.0,0.0,-5.932526246963121e-07,-0.00026193926288997144,0.00041337666872121774
79.94681619999756,0.0,0.0,0.0,4.8024668141494635e-06,0.0008620065454692882,0.000461022660657679
79.99472760000208,0.0,0.0,0.0,-4.4408813279362906e-06,0.0005849170318648633,0.000645006544221005
80.04343189999781,0.0,0.0,0.0,4.495126216877657e-06,0.0003924926386394799,0.00011236170358366978
80.09346920000098,0.0,0.0,0.0,1.1950809826861687e-06,-0.001166084992014979,6.1825455067093e-05
80.1462343000021,0.0,0.0,0.0,-3.1310854900952104e-06,0.0007613956688615709,-0.00025887652319084927
80.19423670000106,0.0,0.0,0.0,-4.5327199629653615e-07,-0.002345550459063793,0.00048547923303869715
80.24496750000253,0.0,0.0,0.0,3.979369603193673e-06,0.0006237267183675697,-0.00036981059637655327
80.29402529999788,0.0,0.0,0.0,-4.161766599139348e-06,0.0010786947061224017,0.0003849946537972347
80.34318560000247,0.0,0.0,0.0,3.384400451673717e-06,0.00017651808270479892,0.00011778628397826621
80.39623500000016,0.0,0.0,0.0,-3.982303515372528e-06,0.0007484822341548201,0.0004888156878143923
80.44376059999922,0.0,0.0,0.0,2.966918999859565e-06,-0.0015188106711834257,2.364908101300286e-05
80.49454459999833,0.0,0.0,0.0,-7.997128749946118e-07,-0.0007166600097809464,-0.00011459181738397738
80.54296669999894,0.0,0.0,0.0,2.266864573630091e-06,-0.00012214020186464443,0.00015108719824471307
80.59584780000296,0.0,0.0,0.0,1.4479696844451045e-06,0.0005983118828525665,0.0004426388981049754
80.64491010000347,0.0,0.0,0.0,-5.64379857318811e-07,0.00020234199932237104,0.00021120712470173398
80.69423310000275,0.0,0.0,0.0,4.989407347338188e-07,-0.00044102579750225385,-3.987581524619436e-05
80.74292450000212,0.0,0.0,0.0,-1.6228454548958223e-06,0.0005068246508162879,0.0005852359472993291
80.79449649999879,0.0,0.0,0.0,4.212872002505197e-06,6.644094141138405e-05,-0.00031554550022953984
80.8443191999977,0.0,0.0,0.0,-6.054656948282218e-06,-0.00052749315200444,0.0006699101091060664
80.89400279999973,0.0,0.0,0.0,-1.013319204818363e-06,0.00029741856987092495,0.0004089405550261558
80.94628060000105,0.0,0.0,0.0,5.341609346940011e-06,-2.143873720892732e-05,0.0005473572555270515
80.9949947999994,0.0,0.0,0.0,2.71016867533248e-06,0.00013048276616040196,-7.310686759943786e-05
81.04439260000072,0.0,0.0,0.0,5.718379390035375e-07,0.0010983974038967512,-0.0003355586448172747
81.09369929999957,0.0,0.0,0.0,-2.9201188523145567e-06,-0.0018378165503575104,-4.4961860875423396e-05
81.14269770000101,0.0,0.0,0.0,-6.347650394647193e-07,0.0008704536515925379,0.00036166580219763433
81.19325080000272,0.0,0.0,0.0,-3.606406530921664e-06,-8.80434583267648e-05,-2.804825393927513e-05
81.2454773999998,0.0,0.0,0.0,2.293721879402767e-06,-0.001212147244421936,-0.00017227245215931293
81.2927869999985,0.0,0.0,0.0,-5.177009234326767e-06,0.00025969229021564726,0.00037430314974520873
81.34400080000341,0.0,0.0,0.0,5.5045272815995915e-06,0.0014621846857986872,-0.00012768120631392012
81.39372110000113,0.0,0.0,0.0,-1.3128593628791926e-06,-0.0007584779260141744,0.00013022575502179132
81.44664550000016,0.0,0.0,0.0,3.549779620722537e-06,0.0007110261673322514,0.0005359045852499392
81.49401080000098,0.0,0.0,0.0,1.3920105005725762e-06,-9.31050080424794e-05,-3.7970407878168236e-05
81.54267390000314,0.0,0.0,0.0,-1.5599617507370917e-06,-0.0007901298905275393,3.983990720278655e-05
81.5933675999986,0.0,0.0,0.0,5.131016243019537e-08,0.0008969449439368009,0.00016330298512229915
81.64595270000427,0.0,0.0,0.0,3.2407620314319262e-06,0.0006146761735814312,0.0003208757629256399
81.69385979999788,0.0,0.0,0.0,-1.5987985384432797e-07,-0.00012074684003539266,0.0002534612463310944
81.74343229999795,0.0,0.0,0.0,6.116179629576432e-07,-0.0009097847544440557,-1.4986149266601117e-05
81.79545879999932,0.0,0.0,0.0,-4.292786301153513e-05,0.0022985681397275845,-0.09434920492600557
81.84472520000418,0.0,0.0,0.0,-0.00041428115611847694,-0.006310469929134428,-0.26599699033112534
81.89385690000199,0.0,0.0,0.0,-0.0003549228317908917,-0.001276607120405303,-0.4180000401638584
81.94289189999836,0.0,0.0,0.0,-0.0014870216526095487,-0.0005702849643587945,-0.5633157129172909
81.99477710000065,0.0,0.0,0.0,-0.0014010752991509409,-0.002233870702580811,-0.7034723392236043
82.04339769999933,0.0,0.0,0.0,-0.0015466924121576805,-0.0024952388909093865,-0.8379450582564432
82.09476469999936,0.0,0.0,0.0,-0.0018013654196526237,0.0013958267730477016,-1.0383327472134876
82.14387800000259,0.0,0.0,0.0,-0.0021057424596038587,0.0036996410645240667,-1.3184038668161353
82.19360250000318,0.0,0.0,0.0,-0.0026550595750067236,-0.0037840826661215666,-1.5610403737726757
82.24469859999954,0.0,0.0,0.0,-0.002778119019343499,0.0011605208634231372,-1.5857908192424306
82.29573669999809,0.0,0.0,0.0,-0.003032127460431922,-0.002616121682844808,-1.56791335953735
82.343320699998,0.0,0.0,0.0,-0.0031706956573952522,-0.000603666586614124,-1.5338684887069711
82.39487750000262,0.0,0.0,0.0,-0.0030501408438563544,-0.002167386809299177,-1.4948091938066874
82.44476040000154,0.0,0.0,0.0,-0.003669270165131949,-0.0053556032251103666,-1.5605394799141494
82.49946230000205,0.0,0.0,0.0,-0.0035102603228966377,0.004154494930283613,-1.6929656447800974
82.54345099999773,0.0,0.0,0.0,-0.003809891708420165,0.0016845109583735534,-1.8369300412037743
82.59375829999772,0.0,0.0,0.0,-0.004723930067512416,0.0018657337114041785,-1.8856516612975636
82.64358340000035,0.0,0.0,0.0,-0.004092521980130121,0.002174822159180967,-1.8917467013439102
82.69316889999754,0.0,0.0,0.0,-0.0035868294522538448,0.0015933278278790148,-1.822649002904104
82.74492660000396,0.0,0.0,0.0,-0.003448817473348662,-0.0014963480565865156,-1.698561067643147
82.79298610000114,0.0,0.0,0.0,-0.0031382719588940403,0.0005092792618755393,-1.5654704550894636
82.84363450000092,0.0,0.0,0.0,-0.0025679935404004867,0.0028350298183175667,-1.434164863318037
82.89259470000252,0.0,0.0,0.0,-0.002701833500607965,-0.001520388885371405,-1.3234320997005744
82.94487579999986,0.0,0.0,0.0,-0.0024523633708987366,-0.002225106883434692,-1.2226209327364574
82.9948538000026,0.0,0.0,0.0,-0.0023242251089574508,-0.0004953563790902071,-1.1272618378750083
83.0426673999973,0.0,0.0,0.0,-0.001978070420098852,0.002600731997074588,-1.0356857548266967
83.09323500000028,0.0,0.0,0.0,-0.0018127612705028098,0.0005449304219822959,-0.9576193045247812
83.14591320000181,0.0,0.0,0.0,-0.001857482055661183,-0.003437232577428173,-0.885802788494716
83.19379090000439,0.0,0.0,0.0,-0.0017171038524115844,0.00045637708663855847,-0.8168506993024903
83.2430658000012,0.0,0.0,0.0,-0.0017770874872954897,-0.004579144452531331,-0.7568263257817887
83.29403319999983,0.0,0.0,0.0,-0.0016193391378306716,-0.0016837472478969159,-0.6979744052124469
83.34435069999745,0.0,0.0,0.0,-0.0015368578129704505,0.0015471226615837094,-0.644891795338036
83.39425800000026,0.0,0.0,0.0,-0.0019693286910348697,-0.0032601563799950556,-0.6496127821204054
83.4435983000003,0.0,0.0,0.0,-0.001573991982573934,0.0017985454554676694,-0.6585731359115331
83.49628110000049,0.0,0.0,0.0,-0.0015998568220481092,0.004850147093988056,-0.6846305125538178
83.54385590000311,0.0,0.0,0.0,-0.0017036083130348505,-0.0006182394438525352,-0.7253482793107402
83.59601180000027,0.0,0.0,0.0,-0.0020353958661796213,-0.0031342617238045963,-0.7755846925600597
83.64246780000394,0.0,0.0,0.0,-0.0020045448312008014,-0.000541770554520431,-0.8062791842351449
83.69401279999875,0.0,0.0,0.0,-0.001930857282778517,0.004848017004598488,-0.7676861522683481
83.74392780000198,0.0,0.0,0.0,-0.0013117768468405466,0.0033614956081666615,-0.6633861296948295
83.79586360000394,0.0,0.0,0.0,-0.0008781993347609737,0.003341635187992615,-0.5117156682660701
83.84358310000243,0.0,0.0,0.0,-0.000570195776226152,-0.0037621532298607483,-0.35589485102658813
83.89269700000295,0.0,0.0,0.0,-0.0009957178158887196,0.006057445768822092,-0.19746938793832766
83.94472690000111,0.0,0.0,0.0,-2.0822432774716445e-05,0.009261694081792926,-0.14670318619656086
83.99737299999833,0.0,0.0,0.0,-0.0002598182587403107,-0.005655239119744875,-0.14712588851774241
84.04471740000008,0.0,0.0,0.0,-0.00022798309455387806,0.001577625223813209,-0.14841049703827439
84.09448770000017,0.0,0.0,0.0,-0.00028502467607309165,-0.0029393357879487635,-0.14628163491391977
84.1433928999977,0.0,0.0,0.0,-0.0001816470074123351,0.0032952753530141976,-0.14195470783008565
84.19419629999902,0.0,0.0,0.0,-0.00027532554419588826,-0.0021620236192238613,-0.13922853928705686
84.24445940000442,0.0,0.0,0.0,-0.0002548693368195777,-0.0014044621510197236,-0.13900586358973327
84.29248270000244,0.0,0.0,0.0,-0.001323905035207666,0.004912806913314371,-0.14016153346733629
84.34452620000229,0.0,0.0,0.0,0.0020174528964715856,-0.0015223894771002697,-0.14329815022350822
84.3931214999975,0.0,0.0,0.0,-0.00024450689634413967,-0.002113988029553603,-0.14438757113902473
84.4444067000004,0.0,0.0,0.0,-0.00016384396296394854,0.005675644175838129,-0.15083850691326128
84.49310960000003,0.0,0.0,0.0,-0.00021367225826983486,-0.002533860747775658,-0.1574905869181923
84.54529500000353,0.0,0.0,0.0,-0.0002772457733430687,0.0019015644808725333,-0.16962302341303
84.59367989999737,0.0,0.0,0.0,-0.0002695133685699123,-0.0019774648203222606,-0.18623515698574533
84.64493799999764,0.0,0.0,0.0,-0.00034129063847825156,-0.0005085675380342488,-0.2121142726356508
84.69398660000297,0.0,0.0,0.0,-0.0004657731806294867,-0.0012723750393598618,-0.2574732502242216
84.74344810000184,0.0,0.0,0.0,-8.687500250445023e-05,0.009769248987161888,-0.2551462317431411
84.79400049999822,0.0,0.0,0.0,-0.000203184620180792,-0.00032739648805868947,-0.24546438970630857
84.84497170000395,0.0,0.0,0.0,-0.00014208051130377986,0.0022449683194680375,-0.23129191410776798
84.89412470000389,0.0,0.0,0.0,-0.0001813436472911845,-0.00039549095207257705,-0.20927950309497728
84.94332520000171,0.0,0.0,0.0,-0.00020780892556971248,0.0008649932015055417,-0.19071619799872697
84.99461750000046,0.0,0.0,0.0,0.00045186491219675136,-0.0011954000201875369,-0.16959641893668104
85.04600190000201,0.0,0.0,0.0,-0.0005373128061320015,-0.00029220943688017405,-0.15772403724327455
85.09499170000345,0.0,0.0,0.0,-0.0004196679985443197,-0.0005883586721665774,-0.14830641548241502
85.1426449999999,0.0,0.0,0.0,-0.0001899355603704514,-0.0018328452943101154,-0.11885214370948188
85.19324110000161,0.0,0.0,0.0,5.725239063872387e-05,-0.011201044293837944,-0.026974117874319914
85.24519560000044,0.0,0.0,0.0,-2.216806386063428e-05,-0.0018676429028271853,-0.006572274296830818
85.29574380000122,0.0,0.0,0.0,-3.117567285518635e-05,8.756691945251304e-05,-0.0028878180454712547
85.34347839999828,0.0,0.0,0.0,-1.4955071213908964e-05,1.063592980029613e-06,-0.001269764239782129
85.3930693000002,0.0,0.0,0.0,-6.235608853479313e-06,-2.2256170045773074e-06,-0.0006439243264256232
85.44481069999892,0.0,0.0,0.0,-3.148993721228695e-06,1.2152115870764204e-06,-0.00041371012252226286
85.49513950000255,0.0,0.0,0.0,-1.331938552276377e-06,1.3701957779003622e-06,-0.00032676404901851587
85.54500990000088,0.0,0.0,0.0,-6.620552328043933e-07,1.2212567573560262e-06,-0.00029332325878065783
85.59466210000392,0.0,0.0,0.0,-5.088483646092691e-07,1.077172523572799e-06,-0.0002824226680334859
85.64441120000265,0.0,0.0,0.0,-5.137961769893432e-07,9.213670899025853e-07,-0.0002790913218230993
85.6962721000018,0.0,0.0,0.0,-5.402260670059827e-07,8.397738073698783e-07,-0.0002778752871075823
85.74420200000168,0.0,0.0,0.0,-5.621021494182119e-07,7.970997438657108e-07,-0.00027716783692967626
85.79404629999772,0.0,0.0,0.0,-5.782149755647226e-07,7.736996388695863e-07,-0.0002765594514047387
85.8593308999989,0.0,0.0,0.0,-5.904081060835321e-07,7.605710454549041e-07,-0.00027594948747391973
85.90381499999785,0.0,0.0,0.0,-6.002142306543784e-07,7.534912326943605e-07,-0.00027531712153162766
85.95746530000179,0.0,0.0,0.0,-6.0861433536095e-07,7.503867981164363e-07,-0.0002746603775054988
85.99913540000125,0.0,0.0,0.0,-6.162159949327749e-07,7.501791765614672e-07,-0.00027398042250968723
86.05186069999763,0.0,0.0,0.0,-6.234079472190266e-07,7.522874414993362e-07,-0.0002732779353330573
86.10375930000009,0.0,0.0,0.0,-6.304564045809217e-07,7.564033842530668e-07,-0.00027255257093129087
86.15680710000015,0.0,0.0,0.0,-6.375610244310967e-07,7.623839769338367e-07,-0.0002718030779423649
86.20109840000077,0.0,0.0,0.0,-6.448887624912034e-07,7.701995377584346e-07,-0.00027102746930404036
86.25102470000274,0.0,0.0,0.0,-6.525949191176792e-07,7.79909989354585e-07,-0.0002702231152593718
86.30118539999967,0.0,0.0,0.0,-6.608399593927745e-07,7.916578009474328e-07,-0.00026938675727082855
86.35371100000339,0.0,0.0,0.0,-6.698031871394318e-07,8.056730668374725e-07,-0.0002685144424603071
86.40465589999803,0.0,0.0,0.0,-6.79698945261212e-07,8.222893077206624e-07,-0.00026760139109557293
86.45046880000154,0.0,0.0,0.0,-6.907973792288696e-07,8.41974636332389e-07,-0.00026664177476346483
86.50252380000165,0.0,0.0,0.0,-7.034543976573253e-07,8.653824753223128e-07,-0.0002656283864183911
86.55256489999738,0.0,0.0,0.0,-7.181591529283371e-07,8.934356141970676e-07,-0.00026455213487653755
86.60114320000139,0.0,0.0,0.0,-7.356140486280199e-07,9.274708951306137e-07,-0.0002634012617984727
86.65371620000224,0.0,0.0,0.0,-7.56878963899022e-07,9.694954882567e-07,-0.00026216007553885425
86.70455120000406,0.0,0.0,0.0,-7.836524688575859e-07,1.0226770798793406e-06,-0.00026080677262370154
86.7515310000017,0.0,0.0,0.0,-8.188796875067216e-07,1.0923678797908376e-06,-0.00025930940532347427
86.80333029999747,0.0,0.0,0.0,-8.682600872468292e-07,1.1885215964448508e-06,-0.0002576175791201263
86.84833810000418,0.0,0.0,0.0,-9.448503314256568e-07,1.3325428184149075e-06,-0.00025564248703342936
86.90273470000102,0.0,0.0,0.0,-1.0893197599347863e-06,1.583552590242243e-06,-0.00025319479136149715
86.95306690000143,0.0,0.0,0.0,-1.648398619144113e-06,2.2461586811521637e-06,-0.0002496356256152148
87.00358389999747,0.0,0.0,0.0,-1.0185814613082271e-05,0.00013492470535357142,0.00014599555646318925
87.05021280000074,0.0,0.0,0.0,2.467863705488249e-06,1.9123980611692013e-05,0.00020555594059306354
87.10035249999783,0.0,0.0,0.0,6.890502911166743e-07,-2.070395759027447e-06,0.00020629654613365652
87.15273329999764,0.0,0.0,0.0,4.194202975677362e-07,7.724488854412661e-08,0.00020651514665865297
87.20409730000392,0.0,0.0,0.0,4.80804472606998e-07,8.371115356653645e-07,0.00020712543603940647
87.25121650000074,0.0,0.0,0.0,4.0585695671092294e-07,2.8454668962999806e-07,0.0002070980882808313
87.30077600000368,0.0,0.0,0.0,3.402690621151683e-07,4.813008458710808e-07,0.0002067883891997012
87.35117560000072,0.0,0.0,0.0,2.1255503112509662e-07,9.792636554241473e-08,0.00020664108784159687
87.40106119999837,0.0,0.0,0.0,3.1615845333863937e-07,1.9654226577576926e-07,0.00020844069385805614
87.45327330000146,0.0,0.0,0.0,3.757109156982123e-07,3.842559768253214e-07,0.00020940320995300581
87.50100679999741,0.0,0.0,0.0,3.9239201208629765e-07,4.201511526922979e-07,0.00020990847806493136
87.55045249999966,0.0,0.0,0.0,3.9870202247744507e-07,4.305108219925079e-07,0.00021033985598337918
87.60087049999856,0.0,0.0,0.0,4.0278739668699115e-07,4.3827786195221533e-07,0.00021076501508143953
87.65445700000419,0.0,0.0,0.0,4.0626509572921886e-07,4.453843543560298e-07,0.00021118734602680616
87.70082560000446,0.0,0.0,0.0,4.0941113244541856e-07,4.5193798822191704e-07,0.0002116044522245298
87.75086259999807,0.0,0.0,0.0,4.1228813364875815e-07,4.579239418829811e-07,0.00021201567524686872
87.80657380000048,0.0,0.0,0.0,4.1493718498068324e-07,4.633888575653641e-07,0.000212421434794711
87.85428900000261,0.0,0.0,0.0,4.173960308261275e-07,4.6840382714319473e-07,0.00021282241273882713
87.9041744999995,0.0,0.0,0.0,4.1969668193039085e-07,4.730351268755738e-07,0.00021321924951468683
87.95132890000241,0.0,0.0,0.0,4.2186472075711057e-07,4.773371607028756e-07,0.0002136124825253829
88.00344050000422,0.0,0.0,0.0,4.2392035012474265e-07,4.813533019333848e-07,0.00021400255505582856
88.05254869999771,0.0,0.0,0.0,4.258796569084919e-07,4.851181345473919e-07,0.00021438983676866954
88.1012686000031,0.0,0.0,0.0,4.277554490813659e-07,4.886599168450446e-07,0.00021477463876048465
88.15148249999766,0.0,0.0,0.0,4.295583266371731e-07,4.920018044733167e-07,0.00021515722703233624
88.2055193999986,0.0,0.0,0.0,4.3129693057519137e-07,4.951631276434916e-07,0.00021553783109160902
88.25289150000026,0.0,0.0,0.0,4.3297860485305797e-07,4.981602641234493e-07,0.00021591665091477824
88.30659220000234,0.0,0.0,0.0,4.346092923336483e-07,5.01007073885056e-07,0.00021629386145724673
88.35651979999966,0.0,0.0,0.0,4.361943607090759e-07,5.037156274929808e-07,0.0002166696176974956
88.40242009999929,0.0,0.0,0.0,4.377382227869507e-07,5.062962411570536e-07,0.00021704405712654368
88.45027149999805,0.0,0.0,0.0,4.392446908161551e-07,5.087579171891381e-07,0.0002174173028385129
88.50416609999957,0.0,0.0,0.0,4.407171798748538e-07,5.111086849511182e-07,0.00021778946572204136
88.55032519999804,0.0,0.0,0.0,4.4215857068680664e-07,5.133555327228732e-07,0.00021816064547292724
88.60084479999932,0.0,0.0,0.0,4.435714649536546e-07,5.155047172238737e-07,0.00021853093271444033
88.65111099999922,0.0,0.0,0.0,4.4495815402376717e-07,5.175617455024951e-07,0.00021890041038290922
88.70652050000353,0.0,0.0,0.0,4.4632065031918384e-07,5.195317305111203e-07,0.00021926915386759373
88.74878639999952,0.0,0.0,0.0,4.476607287496486e-07,5.214190549906843e-07,0.0002196372325116593
88.80196869999781,0.0,0.0,0.0,4.4898007142711836e-07,5.232278549475708e-07,0.00022000471022268857
88.85246170000028,0.0,0.0,0.0,4.502801286262833e-07,5.249618810094069e-07,0.00022037164572149046
88.90817100000277,0.0,0.0,0.0,4.5156214936222736e-07,5.266243188965344e-07,0.0002207380940319866
88.95318820000102,0.0,0.0,0.0,4.528273549504822e-07,5.28218405655276e-07,0.00022110410563952975
89.00104509999801,0.0,0.0,0.0,4.540768747705891e-07,5.297469678373382e-07,0.00022146972770997032
89.04946500000369,0.0,0.0,0.0,4.5531162560500227e-07,5.312124671310435e-07,0.00022183500445391833
89.09973929999978,0.0,0.0,0.0,4.5657851652714375e-07,5.330535240041433e-07,0.00022219934307898814
89.15252460000193,0.0,0.0,0.0,4.5775060938260877e-07,5.340544964435431e-07,0.00022256385106755576
89.20099370000389,0.0,0.0,0.0,4.589399523757391e-07,5.35254145800436e-07,0.0002229283722084537
89.25207519999822,0.0,0.0,0.0,4.601235269765068e-07,5.364975924277208e-07,0.00022329266795614457
89.30307739999989,0.0,0.0,0.0,4.6129658474970434e-07,5.376810565062873e-07,0.00022365678493613123
89.35642240000016,0.0,0.0,0.0,4.6245924732495635e-07,5.388125679678824e-07,0.00022402076484637887
89.40134370000305,0.0,0.0,0.0,4.636120678285214e-07,5.398944432635069e-07,0.00022438464037369087
89.45471230000112,0.0,0.0,0.0,4.647555731335936e-07,5.409282565839989e-07,0.0002247484396374066
89.49948569999833,0.0,0.0,0.0,4.6589030623015574e-07,5.419153614396089e-07,0.00022511218881395145
89.55232329999853,0.0,0.0,0.0,4.670167244585539e-07,5.428570765328804e-07,0.0002254759123856239
89.60074470000109,0.0,0.0,0.0,4.6813514893254737e-07,5.437544936182262e-07,0.00022583963362913194
89.65214520000154,0.0,0.0,0.0,4.6924600450191854e-07,5.446087774066126e-07,0.00022620337478858628
89.70177179999882,0.0,0.0,0.0,4.703496777465417e-07,5.454210410918451e-07,0.00022656715719330481
89.75359359999857,0.0,0.0,0.0,4.7144648311563906e-07,5.461921607783285e-07,0.0002269310010135874
89.80353710000054,0.0,0.0,0.0,4.725367339906929e-07,5.469231640486915e-07,0.00022729492585130581
89.8494056999989,0.0,0.0,0.0,4.7362075971748935e-07,5.476149848387731e-07,0.00022765895004487927
89.90126469999814,0.0,0.0,0.0,4.746987673838789e-07,5.482683701325744e-07,0.00022802309142656697
89.95373710000422,0.0,0.0,0.0,4.757710800869852e-07,5.488841265653951e-07,0.0002283873671601722
90.00778649999847,0.0,0.0,0.0,4.76837919683276e-07,5.494630617455748e-07,0.0002287517937101473
90.05145179999818,0.0,0.0,0.0,4.778995673134394e-07,5.500059717285365e-07,0.00022911638688141847
90.10065310000209,0.0,0.0,0.0,4.78956140025683e-07,5.505133849920035e-07,0.000229481161599751
90.15154669999902,0.0,0.0,0.0,4.800079938267448e-07,5.509861396350281e-07,0.00022984613270855212
90.2048894000036,0.0,0.0,0.0,4.810551688067011e-07,5.514246351105032e-07,0.00023021131428321913
90.24961540000368,0.0,0.0,0.0,4.82097958546129e-07,5.518296985016325e-07,0.0002305767199526296
90.30126949999976,0.0,0.0,0.0,4.831365712375114e-07,5.522018929789763e-07,0.00023094236281948112
90.34963910000079,0.0,0.0,0.0,4.84171044471084e-07,5.525415542660128e-07,0.00023130825560913865
90.40344410000398,0.0,0.0,0.0,4.852016382672844e-07,5.528494570787952e-07,0.00023167441050943698
90.451078099999,0.0,0.0,0.0,4.862284973049366e-07,5.53125972421364e-07,0.0002320408394640499
90.50361749999865,0.0,0.0,0.0,4.872517435654188e-07,5.533716002396238e-07,0.0002324075540347584
90.55206480000197,0.0,0.0,0.0,4.882715022805514e-07,5.5358683796415e-07,0.000232774565323708
90.6043725999989,0.0,0.0,0.0,4.892879508782251e-07,5.537721107789274e-07,0.00023314188406662174
90.65494610000314,0.0,0.0,0.0,4.903011870561046e-07,5.539278698102719e-07,0.00023350952100595522
90.70153990000108,0.0,0.0,0.0,4.913113492825865e-07,5.540544979016822e-07,0.0002338774862424164
90.75106660000165,0.0,0.0,0.0,4.923185136818076e-07,5.541524559198188e-07,0.0002342457896125377
90.80053580000094,0.0,0.0,0.0,4.933228609671833e-07,5.542220944967892e-07,0.00023461444093721224
90.85342830000445,0.0,0.0,0.0,4.943244740093953e-07,5.542637620740372e-07,0.00023498344954447976
90.90208490000077,0.0,0.0,0.0,4.953234104603648e-07,5.542778429083947e-07,0.00023535282452703658
90.94982490000257,0.0,0.0,0.0,4.963197806905075e-07,5.542646771993659e-07,0.0002357225748443039
91.00534879999759,0.0,0.0,0.0,4.973137406714524e-07,5.542246597666634e-07,0.00023609270924694197
91.05727299999853,0.0,0.0,0.0,4.983053101631867e-07,5.541580130822484e-07,0.00023646323591063008
91.10255899999902,0.0,0.0,0.0,4.99294586343598e-07,5.540650653868058e-07,0.00023683416347505614
91.15489510000043,0.0,0.0,0.0,5.002816771672169e-07,5.539461999530144e-07,0.0002372054998849002
91.20484020000004,0.0,0.0,0.0,5.012666329187865e-07,5.53801613893532e-07,0.0002375772529494395
91.25330580000445,0.0,0.0,0.0,5.022496279272655e-07,5.536317594085079e-07,0.0002379494305466844
91.30263240000204,0.0,0.0,0.0,5.032305527624238e-07,5.534366606425422e-07,0.00023832204009968964
91.3501208000016,0.0,0.0,0.0,5.042096873019304e-07,5.532168583020063e-07,0.00023869508900231756
91.40378359999886,0.0,0.0,0.0,5.051869174404793e-07,5.529723748314426e-07,0.00023906858427128532
91.4520091000013,0.0,0.0,0.0,5.061624172686779e-07,5.527036281290186e-07,0.00023944253324725348
91.5026754999999,0.0,0.0,0.0,5.071362451181002e-07,5.524108294064127e-07,0.00023981694276915708
91.55452750000404,0.0,0.0,0.0,5.081084124984204e-07,5.520941131568788e-07,0.00024019181968929295
91.60263059999852,0.0,0.0,0.0,5.090790026552033e-07,5.517538521817343e-07,0.00024056717036252177
91.6528352000023,0.0,0.0,0.0,5.100481045533094e-07,5.513902146847173e-07,0.00024094300163663178
91.70567680000386,0.0,0.0,0.0,5.110157360291745e-07,5.51003440125069e-07,0.00024131931975773525
91.75247449999733,0.0,0.0,0.0,5.119819733710638e-07,5.505937133597944e-07,0.0002416961310051976
91.80018330000166,0.0,0.0,0.0,5.129468554705382e-07,5.501612851673365e-07,0.0002420734416206719
91.85172520000197,0.0,0.0,0.0,5.139104208577648e-07,5.497062853443492e-07,0.0002424512574927562
91.90251069999795,0.0,0.0,0.0,5.148727629506144e-07,5.492290261503808e-07,0.00024282958498074138
91.95310590000008,0.0,0.0,0.0,5.158339064600422e-07,5.487296316921077e-07,0.0002432084295802181
92.00175670000317,0.0,0.0,0.0,5.167938308354887e-07,5.482082927955698e-07,0.00024358779696667597
92.05116319999797,0.0,0.0,0.0,5.177527401944745e-07,5.476652467354023e-07,0.00024396769323951271
92.1017026000045,0.0,0.0,0.0,5.187104555678815e-07,5.471005652782633e-07,0.0002443481232994177
92.15457649999735,0.0,0.0,0.0,5.196672942914382e-07,5.465145965873478e-07,0.00024472909325457394
92.20134130000224,0.0,0.0,0.0,5.206230309990489e-07,5.45907349768655e-07,0.0002451106083432177
92.25483830000303,0.0,0.0,0.0,5.215778676027154e-07,5.452791019759314e-07,0.0002454926736921941
92.3038682999977,0.0,0.0,0.0,5.225317536479448e-07,5.446299534933138e-07,0.0002458752945795556
92.35241020000103,0.0,0.0,0.0,5.234848407291239e-07,5.439601454071801e-07,0.00024625847629428316
92.40094310000131,0.0,0.0,0.0,5.244370474163682e-07,5.432697343948651e-07,0.0002466422238901903
92.45039070000348,0.0,0.0,0.0,5.253884812482713e-07,5.425590129987115e-07,0.0002470265423365542
92.50243369999953,0.0,0.0,0.0,5.263391195397541e-07,5.418279455115497e-07,0.0002474114367071167
92.55369449999853,0.0,0.0,0.0,5.272890702276597e-07,5.410769428098889e-07,0.00024779691167139885
92.60120730000199,0.0,0.0,0.0,5.282382643275427e-07,5.403059038934468e-07,0.00024818297196345243
92.65357100000256,0.0,0.0,0.0,5.291868397272124e-07,5.395150813952844e-07,0.000248569622632463
92.70261320000282,0.0,0.0,0.0,5.301347711858289e-07,5.387046619000159e-07,0.0002489568681482207
92.75349010000355,0.0,0.0,0.0,5.310821161382137e-07,5.37874684699574e-07,0.000249344713344591
92.79951670000446,0.0,0.0,0.0,5.32028842400018e-07,5.370253797986615e-07,0.00024973316280461465
92.85241189999942,0.0,0.0,0.0,5.329750784925464e-07,5.361568371479158e-07,0.00025012222102236754
92.90117509999982,0.0,0.0,0.0,5.33920766293833e-07,5.352691523151451e-07,0.000250511892358864
92.95183540000289,0.0,0.0,0.0,5.348659392204359e-07,5.343625266022933e-07,0.0002509021811905841
93.00250880000385,0.0,0.0,0.0,5.358107173886542e-07,5.334370916974015e-07,0.0002512930920937691
93.05175840000447,0.0,0.0,0.0,5.36755006188765e-07,5.324929448116969e-07,0.0002516846291963186
93.10079360000236,0.0,0.0,0.0,5.376988831239251e-07,5.315301637069036e-07,0.00025207679671701783
93.15061920000153,0.0,0.0,0.0,5.386423946971386e-07,5.305489271661771e-07,0.0002524695991588997
93.20397650000086,0.0,0.0,0.0,5.395855419683067e-07,5.295493913689357e-07,0.000252863040483248
93.24829580000369,0.0,0.0,0.0,5.40528369760582e-07,5.285316295946113e-07,0.00025325712499547367
93.30344860000332,0.0,0.0,0.0,5.414708607723008e-07,5.274957207167256e-07,0.0002536518567567941
93.35190670000156,0.0,0.0,0.0,5.42413065331583e-07,5.264418348014718e-07,0.00025404723973289036
93.40761819999898,0.0,0.0,0.0,5.433549897289959e-07,5.253700513578637e-07,0.00025444327790502265
93.44983959999809,0.0,0.0,0.0,5.442966898285244e-07,5.242805501795986e-07,0.00025483997548533734
93.50167340000189,0.0,0.0,0.0,5.452381281152261e-07,5.231733172868255e-07,0.0002552373362242035
93.55264149999857,0.0,0.0,0.0,5.461794208751424e-07,5.220486150594767e-07,0.00025563536421825363
93.6008490000022,0.0,0.0,0.0,5.471204734321035e-07,5.209064165416068e-07,0.0002560340632934023
93.65140090000205,0.0,0.0,0.0,5.480613787296509e-07,5.197469258241168e-07,0.0002564334369712045
93.70249219999823,0.0,0.0,0.0,5.490021716398597e-07,5.18570256369087e-07,0.00025683348927508484
93.75057709999965,0.0,0.0,0.0,5.499427952450939e-07,5.173763641402915e-07,0.00025723422396209
93.79941279999912,0.0,0.0,0.0,5.508833544362793e-07,5.161655327679592e-07,0.00025763564488239356
93.85113110000384,0.0,0.0,0.0,5.518237736630473e-07,5.149376615640105e-07,0.0002580377556109797
93.90013700000418,0.0,0.0,0.0,5.527641573065889e-07,5.136930576771893e-07,0.0002584405600712982
93.95282620000216,0.0,0.0,0.0,5.53704493829149e-07,5.124317521070256e-07,0.0002588440617849906
94.00512020000315,0.0,0.0,0.0,5.546447923969166e-07,5.111537730082376e-07,0.00025924826427145954
94.05442210000183,0.0,0.0,0.0,5.555850928189722e-07,5.09859302201889e-07,0.0002596531712943355
94.10345960000268,0.0,0.0,0.0,5.565253635931012e-07,5.085483642602306e-07,0.00026005878637083604
94.15200460000051,0.0,0.0,0.0,0.0004417566499003295,0.0016790216070101092,0.1168141480491117
94.2024390000006,0.0,0.0,0.0,0.0004497760911068893,0.00012496545363260944,0.27549148750115504
94.25146839999798,0.0,0.0,0.0,0.0005352026526610655,0.0048982111198523776,0.41194781233864913
94.30186900000263,0.0,0.0,0.0,0.00042901013879180353,-0.000600986859792578,0.5344983339666116
94.35307760000433,0.0,0.0,0.0,0.0013455867243633993,-0.004690475490163769,0.6767054444029357
94.40165720000368,0.0,0.0,0.0,0.0019182239046074056,-0.0021494714930650914,0.8794112314413778
94.45161599999847,0.0,0.0,0.0,0.001907106916404789,0.0017336030543104097,1.1428897832110572
94.50329760000022,0.0,0.0,0.0,0.0019371037590420405,0.005928253217656436,1.4329931799362208
94.55132740000408,0.0,0.0,0.0,0.0027395834365477097,-0.005314189981761199,1.6583846155663275
94.605369900004,0.0,0.0,0.0,0.003589567069304119,-0.005290944021750033,1.6913484660901845
94.6491881999973,0.0,0.0,0.0,0.003245832323274974,0.0010266627239820245,1.6758099148837546
94.70106970000052,0.0,0.0,0.0,0.003605805879138728,-0.004101436651675682,1.6749781242948292
94.75219379999908,0.0,0.0,0.0,0.004043101929438816,-0.0015115388123121505,1.7451358726773747
94.80087260000437,0.0,0.0,0.0,0.00410667927097927,-0.00119293094168836,1.8533762341457538
94.8516088000033,0.0,0.0,0.0,0.003518985552933492,0.00932520661093722,1.8792069589400184
94.90348280000035,0.0,0.0,0.0,0.0033641790661254785,-0.003450175216631983,1.8813573708789555
94.94945089999965,0.0,0.0,0.0,0.003908142831311978,0.0014061420062123908,1.8842889134123055
95.00079240000196,0.0,0.0,0.0,0.004003494852909609,-0.0006954028185765934,1.8812688202847847
95.05269170000247,0.0,0.0,0.0,0.0037185927450683817,-0.0007815991999243069,1.882396152255853
95.10347339999862,0.0,0.0,0.0,0.0036027976421145556,0.0026890139497583255,1.8816424247075567
95.1538847999982,0.0,0.0,0.0,0.003390157075863058,-7.590255348454125e-06,1.8816121758976745
95.19911139999749,0.0,0.0,0.0,0.0032123931793569846,0.0012025291590935577,1.8819212732129982
95.25000870000076,0.0,0.0,0.0,0.0034129400136097233,-0.001026093399859669,1.881825577121815
95.30146529999911,0.0,0.0,0.0,0.0043588845541799315,-0.0014664167824898085,1.882145637795663
95.35345950000192,0.0,0.0,0.0,0.0034401413194503983,-0.0025498545589338786,1.7865494816865035
95.40035960000387,0.0,0.0,0.0,0.002867244721606477,0.0025022608749768723,1.654186646861961
95.45016169999872,0.0,0.0,0.0,0.0028752774036824922,0.00018499038892698426,1.5253359166099951
95.50127140000404,0.0,0.0,0.0,0.002765458522662092,0.00034300250588285223,1.4039630555740108
95.55029540000396,0.0,0.0,0.0,0.0024705737565926004,-0.0004521005716540791,1.2937293374345347
95.6013563000015,0.0,0.0,0.0,0.0021446935830567717,0.0002805944067398119,1.1878212442187794
95.65334440000152,0.0,0.0,0.0,0.002325614921277504,-0.0022734422100702785,1.0927497440066811
95.70455460000085,0.0,0.0,0.0,0.0020245048710845325,0.0010860518373977319,1.0158594973422854
95.75293989999773,0.0,0.0,0.0,0.0018011600885663253,0.0002121592940820219,0.9316838591398746
95.80044740000449,0.0,0.0,0.0,0.001986895212921224,-0.005090760831931223,0.8673600322052224
95.85082890000194,0.0,0.0,0.0,0.001908385527631526,-0.0010138436151060257,0.7979781900366167
95.90002370000002,0.0,0.0,0.0,0.0017020331456592142,0.00016451405966783533,0.7390022555773597
95.95115149999765,0.0,0.0,0.0,0.00155058450292135,0.0005647521993199995,0.681935459339311
96.00211510000372,0.0,0.0,0.0,0.0016511907795961275,-0.0052887059602002556,0.6670894597454344
96.05165629999829,0.0,0.0,0.0,0.0017272258188915468,0.0008144008695750933,0.6541634333625546
96.1025249000013,0.0,0.0,0.0,0.0017106968893776796,0.0015250352930911524,0.6541559567725079
96.15214689999993,0.0,0.0,0.0,0.0014480083754588883,0.0041916797675319835,0.6704716726547099
96.20239369999763,0.0,0.0,0.0,0.00182082004323992,-0.005218005983909995,0.6924704394883096
96.25208109999949,0.0,0.0,0.0,0.0015898582829277392,0.001085645179119119,0.6913325977547227
96.30435009999928,0.0,0.0,0.0,0.0016082669427644547,0.001254115841809181,0.6459124944777407
96.35126210000453,0.0,0.0,0.0,0.0007856385325226183,0.00791639515944059,0.5213377479556232
96.40253949999897,0.0,0.0,0.0,0.00047007201616810633,0.004257540518044844,0.36218311934065917
96.45200669999758,0.0,0.0,0.0,0.0006908213651477642,-0.0015775583550775997,0.20454108284129546
96.4996433999986,0.0,0.0,0.0,-0.00010844662970023164,0.0072307840866356774,0.14369267591617557
96.55210290000105,0.0,0.0,0.0,0.00044626087240946317,-0.00031493407881774807,0.24177754899433052
96.60627499999828,0.0,0.0,0.0,0.0005969187744115054,-0.0033511549421857455,0.2867404544141301
96.65143209999951,0.0,0.0,0.0,0.0005716085864003952,-3.217397936000024e-05,0.2847527824795775
96.70129930000257,0.0,0.0,0.0,0.00037228372090497027,-0.0004380342064222218,0.26954228448103257
96.75396320000436,0.0,0.0,0.0,0.0001577577621372032,0.004549418233164417,0.26375443348864525
96.80518609999854,0.0,0.0,0.0,0.0005186571442625434,-0.0015570568117793835,0.2610207217855726
96.85404299999936,0.0,0.0,0.0,0.000402279162407696,-0.00013652105599873106,0.2563775665510507
96.90524359999836,0.0,0.0,0.0,-0.0008549690268965513,0.0007158972870429,0.25042494933642223
96.95198209999944,0.0,0.0,0.0,0.0009020772429774172,0.0001936036964862039,0.23873219344994484
97.00037230000453,0.0,0.0,0.0,0.0009630037807438576,-0.001792657122360533,0.2655985026806781
97.05187360000127,0.0,0.0,0.0,0.0006219860719480725,-0.0013370643790620875,0.2765778921982699
97.10215289999906,0.0,0.0,0.0,0.0005184147579437877,0.00044609227425269053,0.290288080758771
97.15229440000257,0.0,0.0,0.0,0.0005315242164892019,-0.0006565832546960565,0.3087778101182962
97.20257890000357,0.0,0.0,0.0,0.0004019567955819741,0.005422398786171165,0.33644688144708507
97.25408810000226,0.0,0.0,0.0,0.0006557651414368568,-0.0036380777527648387,0.37648544549659846
97.30331819999992,0.0,0.0,0.0,0.0006628575534154997,-9.057935041245307e-05,0.43558357645267975
97.3528215999977,0.0,0.0,0.0,0.0009742079245249897,-0.0010768558918463952,0.5367143340976468
97.40142570000171,0.0,0.0,0.0,0.0006023950817139784,0.00917765506797926,0.5641475700184586
97.45364120000158,0.0,0.0,0.0,0.0005132183057122985,0.0026926714615215412,0.57933971314575
97.50179170000047,0.0,0.0,0.0,0.0004183797406679502,0.0005191989212754568,0.5685251396985932
97.55116110000381,0.0,0.0,0.0,0.000473719020831029,-0.00048501538671132463,0.5457211702104044
97.60378660000424,0.0,0.0,0.0,0.0004464881351304067,-0.00010466547967350384,0.51761687255778
97.65512049999961,0.0,0.0,0.0,7.672406665823368e-05,-0.0011060589932844122,0.4827177798103777
97.7041481999986,0.0,0.0,0.0,0.0008505751574018617,0.00040863178741409265,0.44186490127043765
97.75259950000327,0.0,0.0,0.0,0.0007422295734273378,-0.00022766043867481926,0.4110422548565585
97.80205800000113,0.0,0.0,0.0,0.0009027457730460716,-0.014615702557790237,0.5101192353739222
97.8522673999978,0.0,0.0,0.0,0.001211643210476145,-0.0007339791047630789,0.7235812936457325
97.90313099999912,0.0,0.0,0.0,0.001308705931902443,0.000703990711032542,0.9590691476736399
97.95248549999815,0.0,0.0,0.0,0.002268152927779568,0.0019447990758369288,1.2313490599735228
98.0034536000021,0.0,0.0,0.0,0.0022432521093301238,0.0033665712752676148,1.453911772656595
98.05421770000248,0.0,0.0,0.0,0.0022150937891443605,0.002491457786343408,1.6733660748472072
98.10533790000045,0.0,0.0,0.0,0.003025369558976484,-0.005157368689032068,1.8604442724122956
98.1517049000031,0.0,0.0,0.0,0.003195897346202522,-0.0007508810287085525,1.88063457467849
98.20366540000396,0.0,0.0,0.0,0.003721486425050097,-0.004335497446996491,1.8855765068181984
98.25131870000041,0.0,0.0,0.0,0.002877178100173928,0.0020813882539065342,1.8830888169929125
98.30352069999935,0.0,0.0,0.0,0.004268053787759247,-0.004486523281071384,1.8822640204848113
98.35382709999976,0.0,0.0,0.0,0.0033631737587871777,0.0036011278378935796,1.8829295945076276
98.4017432000037,0.0,0.0,0.0,0.0035038207260445174,-0.0008891709279079436,1.8840919769908733
98.45117230000324,0.0,0.0,0.0,0.0036340569475216407,0.0010900937911787203,1.8821607027889518
98.50080870000238,0.0,0.0,0.0,0.003316987839303766,-0.0023981437770139932,1.8822619799279043
98.55143610000232,0.0,0.0,0.0,0.0033852202857398116,0.0033117182516083695,1.8814416641075886
98.60715250000067,0.0,0.0,0.0,0.004172687424799846,-0.001712856299167622,1.8815226603884043
98.65635370000382,0.0,0.0,0.0,0.003799565266567065,0.00012680254706776283,1.8821649992784992
98.69986320000316,0.0,0.0,0.0,0.0037403787007742927,-0.003103504856068409,1.8098727398505632
98.75342580000142,0.0,0.0,0.0,0.0034205702722978236,8.759467918493177e-05,1.7054724619592807
98.8010792999994,0.0,0.0,0.0,0.0030145496227493235,0.0018129303299948588,1.587721890968166
98.84870349999983,0.0,0.0,0.0,0.0029620866040336574,-0.0017275618053768818,1.4664836562333439
98.90163539999776,0.0,0.0,0.0,0.0027998319138127113,0.0003520049112799049,1.3745190681620334
98.95205069999793,0.0,0.0,0.0,0.002556839593771311,0.00013692377286013811,1.2781642644622289
98.99967689999903,0.0,0.0,0.0,0.0025474143263393883,-0.0022770156959226193,1.194895828174863
99.04815750000125,0.0,0.0,0.0,0.0020947331907004802,0.003205739906311256,1.1105602807171369
99.10034710000036,0.0,0.0,0.0,0.002126594801659559,-0.0020719062209535967,1.0393552020856787
99.15218740000273,0.0,0.0,0.0,0.0019444794559942077,0.0011037972039807718,0.9733803300657397
99.20432499999879,0.0,0.0,0.0,0.0018768988212425923,0.000359619822544868,0.9102783783331375
99.24971299999743,0.0,0.0,0.0,0.0018797976244506337,-0.003518123219478801,0.8521402646537984
99.30251719999796,0.0,0.0,0.0,0.001828827458699049,-0.0018726893068428912,0.7941006411031271
99.3493735000011,0.0,0.0,0.0,0.0016926434473866297,2.8600081667061264e-05,0.7479279773859644
99.40105819999735,0.0,0.0,0.0,0.0015599028056258952,8.328682015854626e-05,0.7001987574133944
99.4487466999999,0.0,0.0,0.0,0.001472404521256646,-0.00014206060946093558,0.6550585424656147
99.50284770000144,0.0,0.0,0.0,0.0025163912696820542,-0.0075638877122595665,0.6381298463909573
99.55181920000177,0.0,0.0,0.0,0.0007563440041675352,0.002722609741502558,0.6036808987548213
99.60213140000269,0.0,0.0,0.0,0.001154878838016289,-7.050968069967241e-05,0.5820305065013229
99.6513261,0.0,0.0,0.0,0.0014211854108595202,0.0013953106940339432,0.5725228495914887
99.70192510000197,0.0,0.0,0.0,0.0013923439678111126,0.004655120827968495,0.575652286727371
99.75357390000136,0.0,0.0,0.0,0.0015880740754515078,-0.003966146471179269,0.5804711089848223
99.80228989999887,0.0,0.0,0.0,0.0012790430383380876,0.0021457236793671125,0.5242065079894536
99.84738920000382,0.0,0.0,0.0,0.0015057565662940841,0.005397712646845312,0.37643513444117954
99.8992109000028,0.0,0.0,0.0,-0.00054514663645566,0.02171416706851179,0.26774302946414735
99.94905290000315,0.0,0.0,0.0,-9.339980647108221e-05,-8.507791425253937e-05,0.2130791060135134
100.00151809999807,0.0,0.0,0.0,8.648614722962653e-05,-0.0012402415284489036,0.18201604251682557
100.05174619999889,0.0,0.0,0.0,0.0001471116565342759,-9.672046764854013e-05,0.16279953773648043
100.1001660999973,0.0,0.0,0.0,0.00013164633688952387,-5.6634009910343996e-05,0.14405118495691868
100.15229800000088,0.0,0.0,0.0,0.0001534075234263301,-0.0014657083766011372,0.12101397663234655
100.19959019999806,0.0,0.0,0.0,6.171182317151445e-05,-0.012219525138578392,-0.007354522740812677
100.25272670000413,0.0,0.0,0.0,-0.0002201785360973242,-0.004059203890812144,-0.02137514422571128
100.3024499000021,0.0,0.0,0.0,-9.756457734473513e-05,0.0001847682891890523,-0.007305480640137286
100.35170640000433,0.0,0.0,0.0,-1.3322620065321919e-05,2.146410945909351e-05,-0.003162284437130606
100.40093470000284,0.0,0.0,0.0,-2.3575974269327682e-06,-9.833040265243062e-06,-0.0013943577609344584
100.44863939999777,0.0,0.0,0.0,-6.451594989713838e-07,-3.5453829742532453e-06,-0.0006451584356512801
100.49940090000018,0.0,0.0,0.0,-3.5402781469341464e-07,-2.7795958817138076e-06,-0.00033002011719545916
100.54900479999924,0.0,0.0,0.0,-2.7907431473942276e-07,-2.3051636767377084e-06,-0.00019780953006796813
100.60025160000077,0.0,0.0,0.0,-2.844054646712292e-07,-2.130284768838818e-06,-0.00014311575176831763
100.65148970000155,0.0,0.0,0.0,-2.521403530383148e-07,-2.0329618035055274e-06,-0.00012005409199597017
100.69826900000044,0.0,0.0,0.0,-2.490055336492887e-07,-1.9819025859672227e-06,-0.00011047259913919501
100.74907260000327,0.0,0.0,0.0,-2.4835956390361023e-07,-1.9740742709963195e-06,-0.00010646176069861336
100.8017422999983,0.0,0.0,0.0,-2.48059514486515e-07,-1.9694660751403083e-06,-0.00010478518662090694
100.85180580000451,0.0,0.0,0.0,-2.47884129079577e-07,-1.969456430670493e-06,-0.00010408607431871207
100.90598689999752,0.0,0.0,0.0,-2.4788871872073423e-07,-1.9692272474539952e-06,-0.00010379565506409583
100.94949120000092,0.0,0.0,0.0,-2.479056812653617e-07,-1.972559588527024e-06,-0.00010367606329594843
101.00103079999826,0.0,0.0,0.0,-2.4786508485260416e-07,-1.970662175482984e-06,-0.00010362782751255563
101.05104569999821,0.0,0.0,0.0,-2.4788492761939e-07,-1.9765688238561885e-06,-0.00010360874147733935
101.10137910000049,0.0,0.0,0.0,-2.4789552023453267e-07,-1.9754217772737656e-06,-0.00010360174671890275
101.14929339999799,0.0,0.0,0.0,-2.478798462268537e-07,-1.9765747422244713e-06,-0.00010359944896949325
101.19917220000207,0.0,0.0,0.0,-2.4793383266528493e-07,-1.980360343059414e-06,-0.0001035986926262735
101.25341399999888,0.0,0.0,0.0,-2.4794787434083813e-07,-1.9820180284006555e-06,-0.00010359855800731469
101.30631130000256,0.0,0.0,0.0,-2.479114745663388e-07,-1.9828389636519836e-06,-0.00010359817977934646
101.35171270000137,0.0,0.0,0.0,-2.479640244137381e-07,-1.9858763789799595e-06,-0.00010359738250449611
101.39993790000153,0.0,0.0,0.0,-2.4797083764722495e-07,-1.9878454695016666e-06,-0.00010359618199216829
101.45017499999813,0.0,0.0,0.0,-2.479341742585792e-07,-1.987791567016847e-06,-0.00010359420534192505
101.50099649999902,0.0,0.0,0.0,-2.4794790426561414e-07,-1.989862727009011e-06,-0.00010359187058898636
101.54925640000147,0.0,0.0,0.0,-2.480121391954168e-07,-1.9950215264303274e-06,-0.00010358906385858327
101.59616330000426,0.0,0.0,0.0,-2.479558598095425e-07,-1.9916131653785576e-06,-0.00010358557595039063
101.6465984000024,0.0,0.0,0.0,-2.479670869159577e-07,-1.996882210887117e-06,-0.00010358150844654821
101.69808629999898,0.0,0.0,0.0,-2.4799751108585946e-07,-1.998004229987911e-06,-0.00010357686192666161
101.75437780000357,0.0,0.0,0.0,-2.479704108496757e-07,-1.9986978256333156e-06,-0.00010357155479192692
101.79968209999788,0.0,0.0,0.0,-2.479368851274842e-07,-2.0004259894788376e-06,-0.0001035656568193029
101.85089339999831,0.0,0.0,0.0,-2.4790925093462265e-07,-2.001852033123553e-06,-0.00010355907855692034
101.89966940000159,0.0,0.0,0.0,-2.4797003370048294e-07,-2.0053079454216196e-06,-0.00010355185285644199
101.9510775000017,0.0,0.0,0.0,-2.479235158519215e-07,-2.0055099557475874e-06,-0.00010354413914765939
102.00286849999975,0.0,0.0,0.0,-2.478812256841521e-07,-2.00571098091963e-06,-0.0001035357271128001
102.05074500000046,0.0,0.0,0.0,-2.47945433877323e-07,-2.011702784869227e-06,-0.00010352660126510766
102.09987650000403,0.0,0.0,0.0,-2.478906951011384e-07,-2.0111013502080077e-06,-0.00010351668085493035
102.15053930000431,0.0,0.0,0.0,-2.4785979341220275e-07,-2.0118575175472173e-06,-0.00010350611221702816
102.19709200000216,0.0,0.0,0.0,-2.4785908091900734e-07,-2.0150286719140092e-06,-0.00010349501662887927
102.25103890000173,0.0,0.0,0.0,-2.4784033788173915e-07,-2.0153239317139824e-06,-0.00010348319830603807
102.29959210000379,0.0,0.0,0.0,-2.47797645216885e-07,-2.0169845404308282e-06,-0.00010347052110724008
102.35000820000278,0.0,0.0,0.0,-2.478016427664834e-07,-2.0191936292888833e-06,-0.0001034571215545158
102.39998970000306,0.0,0.0,0.0,-2.4773856913085036e-07,-2.0201229382113313e-06,-0.0001034432180609694
102.44962910000322,0.0,0.0,0.0,-2.477675110463622e-07,-2.0230265655691736e-06,-0.00010342837448858501
102.50099770000088,0.0,0.0,0.0,-2.4771939476681694e-07,-2.023086860258842e-06,-0.00010341284316867727
102.54905090000102,0.0,0.0,0.0,-2.4763289227242936e-07,-2.023147740789899e-06,-0.0001033964670358191
102.59840249999979,0.0,0.0,0.0,-2.4765068464845324e-07,-2.0293907120198974e-06,-0.00010337941602580335
102.65098179999768,0.0,0.0,0.0,-2.4763276866593025e-07,-2.0286077593568273e-06,-0.00010336165402111383
102.70047309999791,0.0,0.0,0.0,-2.4753911624460657e-07,-2.0298488615727295e-06,-0.00010334271610289045
102.74997409999924,0.0,0.0,0.0,-2.475485269798085e-07,-2.032511794143811e-06,-0.00010332333411894186
102.80079190000106,0.0,0.0,0.0,-2.4747414019169135e-07,-2.0335158511911246e-06,-0.00010330298247134543
102.85162970000238,0.0,0.0,0.0,-2.474567846129922e-07,-2.03256046435418e-06,-0.00010328176976964911
102.89723799999774,0.0,0.0,0.0,-2.47375482831315e-07,-2.0366312649001487e-06,-0.00010325990845190881
102.94910080000409,0.0,0.0,0.0,-2.473460883151802e-07,-2.037355074862865e-06,-0.00010323693578450464
102.99909180000395,0.0,0.0,0.0,-2.4730847054043303e-07,-2.0376236675462763e-06,-0.00010321308640927403
103.0515544000009,0.0,0.0,0.0,-2.4723148024946284e-07,-2.0400036724724074e-06,-0.00010318851262876884
103.10235719999764,0.0,0.0,0.0,-9.530862362573486e-07,-4.093715826729648e-05,-0.00010443934333365017
103.15350829999807,0.0,0.0,0.0,-8.099000700519249e-07,-1.407490219490657e-05,-0.00010333876195688243
103.19954470000084,0.0,0.0,0.0,-2.5338314406916885e-07,-3.573417646927931e-07,-0.00010247107488355227
103.25342510000337,0.0,0.0,0.0,-2.4097275251086934e-07,-2.0597717501327288e-06,-0.00010237401841869034
103.29858580000291,0.0,0.0,0.0,-2.3677099303085892e-07,-2.053852217182086e-06,-0.00010222059791823476
103.35289229999762,0.0,0.0,0.0,-2.3574349664283627e-07,-2.040575256936965e-06,-0.00010200052639717982
103.40116919999855,0.0,0.0,0.0,-2.352061746761395e-07,-2.037652499769924e-06,-0.00010174593500725426
103.4503893000001,0.0,0.0,0.0,-2.346822412635983e-07,-2.036944104566424e-06,-0.00010147433585227199
103.50073829999747,0.0,0.0,0.0,-2.341491116799717e-07,-2.0335015677736616e-06,-0.00010119306993058887
103.54990160000307,0.0,0.0,0.0,-2.3368754730981587e-07,-2.033443179495449e-06,-0.00010090527257390432
103.59911989999819,0.0,0.0,0.0,-2.3320579628614258e-07,-2.0339756653496167e-06,-0.0001006125880873809
103.65436939999927,0.0,0.0,0.0,-2.325970211350621e-07,-2.0280595787583963e-06,-0.0001003149356174854
103.70177780000085,0.0,0.0,0.0,-2.3208490942572823e-07,-2.0261121155820154e-06,-0.00010001276133991794
103.75046999999904,0.0,0.0,0.0,-2.315518748212971e-07,-2.0229082716105174e-06,-9.970614794508828e-05
103.7996318000005,0.0,0.0,0.0,-2.3101090136133384e-07,-2.0234883954586985e-06,-9.939503465720746e-05
103.85045450000325,0.0,0.0,0.0,-2.30421375779258e-07,-2.016447692628586e-06,-9.907947441646944e-05
103.90144180000061,0.0,0.0,0.0,-2.2985474812114482e-07,-2.018211316752092e-06,-9.875949281112838e-05
103.94966520000162,0.0,0.0,0.0,-2.2924126205915904e-07,-2.013675527321457e-06,-9.843485104836649e-05
103.9995459999991,0.0,0.0,0.0,-2.286812437711825e-07,-2.0095640383958947e-06,-9.810575021465876e-05
104.0534845000002,0.0,0.0,0.0,-2.280606325734771e-07,-2.007401681090175e-06,-9.777194426348038e-05
104.10492430000158,0.0,0.0,0.0,-2.274542755903604e-07,-2.0032010895671014e-06,-9.743373442846654e-05
104.15176000000065,0.0,0.0,0.0,-2.2683238137505182e-07,-2.0000017489313126e-06,-9.70907003033421e-05
104.20179970000027,0.0,0.0,0.0,-2.2623902341594143e-07,-1.99757207661699e-06,-9.674308786690115e-05
104.25173640000139,0.0,0.0,0.0,-2.255481805495033e-07,-1.99466989607398e-06,-9.639096357590532e-05
104.3051650999987,0.0,0.0,0.0,-2.2493499467453426e-07,-1.9890536113323665e-06,-9.603399080193131e-05
104.35024169999815,0.0,0.0,0.0,-2.2422800113791368e-07,-1.9863951536390354e-06,-9.567260272245505e-05
104.39942470000096,0.0,0.0,0.0,-2.2357771347898105e-07,-1.981680564612261e-06,-9.530638185398975e-05
104.45163960000355,0.0,0.0,0.0,-2.2290818380854843e-07,-1.977044479330639e-06,-9.493536663552574e-05
104.50386280000384,0.0,0.0,0.0,-2.221727858275878e-07,-1.9742988835209432e-06,-9.455967500157978e-05
104.55057490000036,0.0,0.0,0.0,-2.2153311941346842e-07,-1.9703393660869673e-06,-9.417963434227273e-05
104.59906050000427,0.0,0.0,0.0,-2.2078672336235263e-07,-1.963715074874721e-06,-9.37946297010328e-05
104.65062919999764,0.0,0.0,0.0,-0.0003679099223676794,-0.0009969683231010134,-0.1322894490349586
104.69974789999833,0.0,0.0,0.0,-0.0006637831405011471,-0.002168213244147483,-0.34326851682794846
104.75674360000266,0.0,0.0,0.0,-0.0011146790383133485,-1.1742571842069055e-05,-0.5566646738983138
104.80422389999876,0.0,0.0,0.0,-0.00158976616963145,0.0004639643887220893,-0.7885976712323227
104.85294270000304,0.0,0.0,0.0,-0.0018547931661125861,0.0020393246847786382,-1.0404908735946652
104.9005599000011,0.0,0.0,0.0,-0.0021567521760406387,0.0033549077741766853,-1.2939553151335914
104.95173179999983,0.0,0.0,0.0,-0.002470818017054373,0.005676102988529714,-1.583858584304195
105.00290990000212,0.0,0.0,0.0,-0.0030853362952627437,-0.0048204770127500685,-1.821118109994678
105.05084650000208,0.0,0.0,0.0,-0.0034259649582078435,-0.0012051346088530928,-1.8677028793722006
105.10054500000115,0.0,0.0,0.0,-0.0038554793866763916,-0.0038707984821163737,-1.7989759125887004
105.15605900000082,0.0,0.0,0.0,-0.003742471430232318,-0.0018272488731003406,-1.6759300725624093
105.20239369999763,0.0,0.0,0.0,-0.003570983283670888,-0.0013574603732002177,-1.5421360856713315
105.24998010000127,0.0,0.0,0.0,-0.0029411189831367833,0.0025066874017462566,-1.4142888989731537
105.30305410000437,0.0,0.0,0.0,-0.002716598288721111,0.00108894115709257,-1.308102601131286
105.35428949999914,0.0,0.0,0.0,-0.002601244964371475,-0.001831590586926814,-1.206181328540122
105.40123609999864,0.0,0.0,0.0,-0.0024179589828306532,0.0011921546621749834,-1.1134482553262683
105.4555124000035,0.0,0.0,0.0,-0.0021091502633007594,0.0006075358254527711,-1.027588812015832
105.50138800000423,0.0,0.0,0.0,-0.0019922167715336237,0.0005543012222962959,-0.9480386295731289
105.55247190000227,0.0,0.0,0.0,-0.0019086847888590643,-0.0009785995710785292,-0.8792956501205197
105.60263580000174,0.0,0.0,0.0,-0.0018781175097639941,-0.003196322979505681,-0.8134648236319157
105.65174829999887,0.0,0.0,0.0,-0.0017249183960251603,0.00013153079745350585,-0.7493876126732477
105.700691500002,0.0,0.0,0.0,-0.0013175061234569705,0.000723978535934473,-0.7011354736997049
105.75177590000385,0.0,0.0,0.0,-0.0016936282424534045,-0.0009272206767471815,-0.6507557801645052
105.80431780000072,0.0,0.0,0.0,-0.002024183623738069,-0.006442076212785846,-0.6654733641616596
105.8500978000011,0.0,0.0,0.0,-0.0018020210544905854,0.0021308532744209892,-0.6662924202283262
105.90124739999737,0.0,0.0,0.0,-0.002019781610592537,-0.0006809194166189866,-0.6746194417105891
105.95236660000228,0.0,0.0,0.0,-0.0011717600498560108,0.008520876421157918,-0.7090881894224443
106.00336360000074,0.0,0.0,0.0,-0.0016617507816988383,-0.00011261184816380111,-0.7583086742256507
106.0529263999997,0.0,0.0,0.0,-0.0021092622078306006,-0.007062948711275276,-0.7874620646550367
106.10067590000108,0.0,0.0,0.0,-0.0021334530670611544,0.00465195371834655,-0.747478150238189
106.15055849999771,0.0,0.0,0.0,-0.0016337888035087632,0.0005074811794619913,-0.625920786318102
106.20041520000086,0.0,0.0,0.0,-0.0007732128027718371,0.0055891915419805085,-0.47004460078851773
106.25236379999842,0.0,0.0,0.0,-0.00016026042551155884,0.006898808625429039,-0.33999562320199345
106.30055600000196,0.0,0.0,0.0,-0.00012844482873148103,0.001750582316851549,-0.21071685479986968
106.35334040000453,0.0,0.0,0.0,-8.65772506156297e-05,0.0017871678756893835,-0.16840827810860884
106.40107340000395,0.0,0.0,0.0,-0.0003928258426496669,-0.001009520966476109,-0.16756256137966558
106.45392770000035,0.0,0.0,0.0,-0.0003247739395212169,0.0005522373316767806,-0.1673388325355567
106.49995940000372,0.0,0.0,0.0,-0.0003036353594248819,-0.0024090013516050016,-0.16687589483288856
106.5524155000021,0.0,0.0,0.0,-0.00033804061337499214,-0.0013731785321954154,-0.16450464533226983
106.60570259999804,0.0,0.0,0.0,2.824338901566992e-05,0.0033150523749445153,-0.1666429382535598
106.65486719999899,0.0,0.0,0.0,-0.00037145152746302635,0.00027164755626552813,-0.1697139652438515
106.705575400003,0.0,0.0,0.0,-0.00011986435000553492,-0.002107494168997553,-0.17516516022239279
106.75056690000201,0.0,0.0,0.0,-0.00038444639243715334,0.0053781523469333715,-0.182152899106568
106.79965770000126,0.0,0.0,0.0,-0.00037535094378046745,-0.0023689897774594936,-0.192142120327103
106.85357120000117,0.0,0.0,0.0,-0.0001493922413415523,0.003355356098354353,-0.2098528191700615
106.90290000000095,0.0,0.0,0.0,-0.0003531302205756359,-0.0019136880872422167,-0.2366788101708603
106.95151749999786,0.0,0.0,0.0,-0.0006222035419397797,-0.002602217007468617,-0.2793767980570539
107.00146669999958,0.0,0.0,0.0,-0.0005544555262328023,-0.00018734792454116935,-0.3471366743756938
107.05116519999865,0.0,0.0,0.0,-0.0003159862968101645,0.009305226730403642,-0.35282274074844794
107.10153220000211,0.0,0.0,0.0,-0.00031735897148564503,0.00023903328220440195,-0.3515734227410272
107.15037149999989,0.0,0.0,0.0,0.0001417231471195222,0.0016092734642110264,-0.3420334386863787
107.20265260000451,0.0,0.0,0.0,-0.00035599051870757986,0.0011631028412739195,-0.3230131712107305
107.25135250000312,0.0,0.0,0.0,-0.0004785250231916487,-0.0008650697217542717,-0.2983131089821962
107.30107359999965,0.0,0.0,0.0,8.145188660588836e-06,-0.0012813879174489908,-0.2708614398087357
107.34846800000378,0.0,0.0,0.0,-0.0009449517848737283,2.3012261009921917e-05,-0.2386425671433505
107.39886619999743,0.0,0.0,0.0,-7.706636311075762e-05,6.442114059772179e-05,-0.20185804053520073
107.44924100000208,0.0,0.0,0.0,-1.082617798284673e-05,-0.0026510289938846926,-0.1501697258209707
107.499865400001,0.0,0.0,0.0,0.00013332399038857462,-0.008780671776729254,-0.026966189362337894
107.54748870000185,0.0,0.0,0.0,-0.00010475122093645407,-0.002910251338604801,-0.0031744127457410216
107.59967150000011,0.0,0.0,0.0,-3.647495237813705e-05,-0.0001086832210256139,-0.0010280403546527631
107.64917389999755,0.0,0.0,0.0,-4.3822255711805566e-05,-2.7230381118018914e-05,-0.00027504210595580053
107.70211830000335,0.0,0.0,0.0,2.2944746178779788e-05,-1.527789927319598e-05,-5.952070819933549e-05
107.75444199999765,0.0,0.0,0.0,-2.2476114599054208e-05,1.3444564564632762e-05,-2.947456749013444e-07
107.79970350000076,0.0,0.0,0.0,2.246451565331864e-07,-5.698528122946457e-07,-1.2990722887203285e-06
107.8509783000045,0.0,0.0,0.0,-1.3118626315249862e-05,-2.646832329773666e-05,-4.75139421182622e-06
107.89945769999758,0.0,0.0,0.0,1.211722958667094e-05,9.422946658411681e-06,-1.343704888255197e-05
107.95210729999962,0.0,0.0,0.0,1.8985654180928522e-06,1.605912514349961e-05,1.5085258594101811e-06
107.99812679999741,0.0,0.0,0.0,-1.352595678960493e-05,-1.284834264646231e-05,-8.33733845729773e-06
108.0503663999989,0.0,0.0,0.0,1.2653226739580068e-05,8.995160057647052e-06,-1.2703617351939065e-05
108.10226800000237,0.0,0.0,0.0,8.457100188315452e-06,1.877440144792664e-05,5.97589989094996e-06
108.15305790000275,0.0,0.0,0.0,-1.953005632573531e-05,7.183516526294482e-07,-4.373580127809386e-06
108.19929290000437,0.0,0.0,0.0,1.267863737681134e-05,4.835522078752134e-06,-6.284562911170154e-06
108.24822130000393,0.0,0.0,0.0,2.465170459169616e-08,-1.5622093340829715e-05,-9.360251931904793e-06
108.30209019999893,0.0,0.0,0.0,2.0865606588738675e-05,5.228488520189835e-07,-8.134923886616906e-06
108.3592626000027,0.0,0.0,0.0,-2.8929097370743545e-05,1.283577858020031e-05,-5.170579458633586e-06
108.4001081000024,0.0,0.0,0.0,1.3574959856233818e-05,-3.4031604843920053e-06,-5.15541159614742e-06
108.44926909999776,0.0,0.0,0.0,1.6839842827559307e-05,9.006507012328615e-06,-1.537892023605848e-06
108.49726299999747,0.0,0.0,0.0,-2.5119396661159866e-05,-1.1165293516087375e-05,8.076290358361e-06
108.55065350000223,0.0,0.0,0.0,-1.4329361437176081e-05,1.2847735624931049e-05,-3.008511965888812e-06
108.60070560000167,0.0,0.0,0.0,1.4322392863635711e-05,-7.887347763247208e-06,2.5676164368734956e-06
108.64689010000438,0.0,0.0,0.0,-4.709547865972036e-06,4.1991315888460885e-06,-9.795309733716526e-06
108.70063279999886,0.0,0.0,0.0,3.9588902610339635e-07,-4.603376350066471e-06,-7.798702813892523e-06
108.75205390000338,0.0,0.0,0.0,8.864397052927246e-06,1.2427753746811895e-05,-4.518006352489246e-06
108.79994479999732,0.0,0.0,0.0,7.487956207996908e-06,-2.1972188263607122e-05,-6.039137879554031e-06
108.84961399999884,0.0,0.0,0.0,-8.310794542763964e-06,4.356863907984155e-05,-2.864691647712851e-06
108.89995260000433,0.0,0.0,0.0,2.4804289871097708e-05,-5.3557987860383666e-05,-4.565718411373887e-06
108.95020759999898,0.0,0.0,0.0,-2.3896248212981066e-05,3.497317004004962e-05,7.59002302793825e-06
109.00285540000186,0.0,0.0,0.0,7.071439961135124e-06,2.7958927490629816e-06,-1.6826322874280996e-05
109.04863869999826,0.0,0.0,0.0,-1.5670245468102114e-05,-1.9061467164843261e-07,1.2629188581489458e-05
109.09729050000169,0.0,0.0,0.0,1.3466413913139e-06,-1.1143486361642337e-05,3.842197041145045e-06
109.15046879999863,0.0,0.0,0.0,1.2163476006389335e-05,1.665989051695917e-05,9.86859264028403e-06
109.19927099999768,0.0,0.0,0.0,-7.106725787632042e-06,-2.336176024157557e-05,-6.809421559864383e-06
109.25215249999746,0.0,0.0,0.0,-9.219799062163402e-07,1.1999123720808209e-05,3.6133594182583586e-06
109.30259300000034,0.0,0.0,0.0,1.0084854889432354e-05,5.4940743182283786e-06,6.9203248102752e-06
109.34752560000197,0.0,0.0,0.0,-7.891762049655967e-06,7.799912221166048e-06,5.395487767886567e-06
109.40005489999749,0.0,0.0,0.0,-1.948372524619967e-06,-1.1461516198976892e-05,7.322926608580471e-06
109.45635729999776,0.0,0.0,0.0,3.230009893092577e-06,6.093528760068151e-06,6.484550109077022e-07
109.50043520000327,0.0,0.0,0.0,2.0645718048921134e-07,5.0688470903512425e-06,1.569518600948189e-06
109.55042300000059,0.0,0.0,0.0,1.3736374327015913e-07,5.168068845695703e-06,-8.17394945577615e-06
109.5996385000035,0.0,0.0,0.0,-1.991963739758291e-06,-1.4503725752940519e-05,-1.1371281148577426e-05
109.65234390000114,0.0,0.0,0.0,-4.623383302728142e-06,-2.666015333463122e-06,-3.2421504128739984e-06
109.6984924999997,0.0,0.0,0.0,6.630464999854393e-06,5.407650644595106e-06,5.1005384165828605e-06
109.74936819999857,0.0,0.0,0.0,-1.301944611481915e-05,1.8165119031355955e-05,9.96256726497381e-06
109.80277860000206,0.0,0.0,0.0,1.158242288096993e-05,-7.917921246555592e-06,-9.106480372284123e-06
109.85222680000152,0.0,0.0,0.0,-1.2806490640392185e-05,-4.922113991625034e-06,5.337471343901023e-06
109.90037039999879,0.0,0.0,0.0,7.955850311818431e-06,5.557266603734222e-06,-1.3911227088372811e-05
109.95070900000428,0.0,0.0,0.0,3.7742262027315593e-06,7.135660261623413e-06,2.1277154586980406e-06
110.00164600000426,0.0,0.0,0.0,3.092590216586692e-05,-1.629828702552046e-05,1.4553654122070093e-06
110.05383630000142,0.0,0.0,0.0,-3.948438980854833e-05,2.311012599001117e-05,-1.1703963324899974e-05
110.10172830000374,0.0,0.0,0.0,-2.1398720777961346e-06,-3.7224644765398815e-05,-4.389295673143213e-06
110.14895989999786,0.0,0.0,0.0,-9.671311308504328e-06,-1.1802122539900594e-07,-1.636034517722149e-05
110.20026850000431,0.0,0.0,0.0,4.103087105265551e-05,3.9236030626718435e-05,-3.943805438113686e-06
110.25321070000064,0.0,0.0,0.0,-1.692148339228134e-05,-9.904035625930895e-06,3.3274464325333737e-06
110.30005550000351,0.0,0.0,0.0,-1.3437560434456526e-05,9.28055381888937e-06,9.481951990993912e-06
110.34837300000072,0.0,0.0,0.0,-5.159042585980253e-06,-2.4075457129377977e-05,6.979886069996296e-06
110.40098009999929,0.0,0.0,0.0,1.02431927884655e-05,1.5224716926082074e-05,7.974117923941757e-06
110.44737870000245,0.0,0.0,0.0,-4.765180123521889e-06,1.4734131260043031e-05,7.680746505015366e-06
110.50043420000293,0.0,0.0,0.0,2.2253619514698915e-05,1.651870020211519e-05,-3.931707996066338e-06
110.55054540000128,0.0,0.0,0.0,-2.1111364578917716e-05,-1.9447761788695356e-05,3.2889050588291257e-06
110.60656369999924,0.0,0.0,0.0,4.3354693307604236e-06,2.1403318058700254e-06,4.316245246644623e-06
110.65249539999786,0.0,0.0,0.0,8.576068020899073e-06,2.667699765289096e-05,5.6673177749865675e-06
110.69948190000287,0.0,0.0,0.0,-7.124093652837849e-06,-1.1242058442842268e-05,-1.965079815209284e-07
110.74889889999758,0.0,0.0,0.0,7.89614208020026e-07,-1.422431245552079e-05,-6.722431870681248e-06
110.80166640000243,0.0,0.0,0.0,1.1390957778470336e-06,-5.577757405231978e-06,4.3245053170194135e-06
110.85027670000272,0.0,0.0,0.0,-2.554733654073608e-09,-5.581400127747105e-06,8.299434693080893e-06
110.90032059999794,0.0,0.0,0.0,2.861052025688003e-06,1.2538578155252471e-05,5.343970660261387e-06
110.94972019999841,0.0,0.0,0.0,3.2496914559475275e-06,4.224072244870268e-06,6.840837644908409e-06
111.00082710000424,0.0,0.0,0.0,-5.794914197972678e-06,-6.864581472353603e-06,5.444475098611966e-06
111.05053179999959,0.0,0.0,0.0,-1.1742190392701237e-05,-1.3233338356454461e-05,-2.0006087777372426e-06
111.10039310000138,0.0,0.0,0.0,1.7498508151310232e-05,1.7487521261705702e-05,1.0217993589176726e-06
111.15242040000157,0.0,0.0,0.0,7.287049270035787e-06,-1.3448529205774179e-05,-3.209471160012232e-06
111.19862509999803,0.0,0.0,0.0,-1.0302264422237612e-06,-1.7787533677973244e-05,7.981435680119506e-06
111.25181359999988,0.0,0.0,0.0,-1.1062717809755652e-05,3.899628340352976e-05,1.2569091553157031e-05
111.30134120000002,0.0,0.0,0.0,1.0406329750063541e-05,-5.1109552039435296e-06,-1.078836958354905e-06
111.3514131999982,0.0,0.0,0.0,-5.104402267545385e-06,-1.517917106027522e-06,1.3210979244545114e-05
111.39969890000066,0.0,0.0,0.0,1.9403238473111386e-05,-9.913775240908484e-06,9.481221858475513e-06
111.45073760000378,0.0,0.0,0.0,-5.108857291736268e-06,9.120802826451098e-06,5.17878748064434e-06
111.50254100000166,0.0,0.0,0.0,-6.354936471032101e-06,3.1382822832276584e-05,1.1159888726253418e-05
111.55030149999948,0.0,0.0,0.0,-2.1377614536825482e-05,-2.4726534487539904e-05,7.0425987845968854e-06
111.599601300004,0.0,0.0,0.0,4.0423578825561086e-05,-1.5346179163795662e-05,3.72361024699496e-06
111.65076060000138,0.0,0.0,0.0,-5.989919016656516e-06,1.5529299936840216e-05,4.005305677793223e-06
111.7028003000014,0.0,0.0,0.0,-1.8394442083490075e-05,-2.2556019350973083e-05,1.9216233788805816e-06
111.75563810000313,0.0,0.0,0.0,2.5273154849199144e-05,8.054666317291437e-06,2.6220374444415345e-06
111.80477840000094,0.0,0.0,0.0,-3.8900582601104645e-05,2.6133344511239373e-05,9.677520347964193e-07
111.84760200000164,0.0,0.0,0.0,3.904434844907235e-05,-2.0086720615779044e-05,-3.8887503876036296e-08
111.89808540000377,0.0,0.0,0.0,-8.046647129115836e-06,4.257057954129132e-07,1.8182325851060588e-05
111.94994399999996,0.0,0.0,0.0,-4.25647960981947e-06,1.439949377665128e-05,-5.974956575002256e-06
112.00250000000233,0.0,0.0,0.0,-2.6715970307474265e-05,6.589610166129927e-06,1.1767457356507584e-06
112.04857930000435,0.0,0.0,0.0,2.665783356880734e-05,9.744970586177217e-06,-6.702477815273306e-06
112.10216450000007,0.0,0.0,0.0,-6.56484348484853e-06,9.27026897450926e-06,8.454668221807664e-06
112.14995920000365,0.0,0.0,0.0,-2.202453531495817e-05,-1.949599609262833e-05,-5.826702323992209e-06
112.20104620000347,0.0,0.0,0.0,1.4779425005957846e-05,4.823555723086019e-06,-6.66926405319672e-07
112.2527390000032,0.0,0.0,0.0,5.501069593693194e-06,-2.33551966615551e-06,-7.219447593576684e-06
112.30283829999826,0.0,0.0,0.0,-7.837009751853005e-06,2.4890090680043746e-05,4.542681208106893e-07
112.34892509999918,0.0,0.0,0.0,2.19541839508625e-05,-5.860729759491809e-05,5.082115922153954e-06
112.40258020000329,0.0,0.0,0.0,-2.6509098752303152e-05,3.563186363117712e-05,2.6558015119854967e-06
112.45150619999913,0.0,0.0,0.0,3.4136969707784285e-05,-6.9876616473659965e-06,-5.848526984902095e-06
112.50249550000444,0.0,0.0,0.0,-3.944853126345754e-05,8.841735694086001e-06,1.3285126951187997e-05
112.55115630000364,0.0,0.0,0.0,2.0086521652172275e-05,-1.4457173175619375e-05,5.706999990939112e-07
112.60120800000004,0.0,0.0,0.0,-1.3703617782499906e-05,2.6600297434585384e-05,1.6007222358415254e-05
112.65503410000383,0.0,0.0,0.0,1.4137669535599966e-05,6.8935995560069135e-06,2.298112715544518e-06
112.70041530000162,0.0,0.0,0.0,-1.5234050789208292e-05,-2.120443460748533e-05,-1.538718644548561e-06
112.75120289999904,0.0,0.0,0.0,8.274867604058945e-06,2.9219529721431623e-06,9.699009095337798e-06
112.80036349999864,0.0,0.0,0.0,5.017074039861856e-06,-1.2788239324560213e-06,1.0374064636846386e-05
112.85127820000343,0.0,0.0,0.0,4.981412891284718e-08,7.243960742364465e-06,1.1674283492846862e-05
112.90378670000064,0.0,0.0,0.0,-1.2183221932203343e-05,-6.63673520817055e-06,6.483258137977811e-06
112.95208819999971,0.0,0.0,0.0,9.412536214521509e-07,1.0916243358174682e-05,-5.059623017155276e-06
112.99963900000148,0.0,0.0,0.0,7.934804173240311e-06,2.01894690155114e-05,8.034951261782339e-06
113.05027980000159,0.0,0.0,0.0,-1.6559809788731162e-06,-2.7488084876133893e-06,-1.593737003571917e-06
113.10146610000083,0.0,0.0,0.0,-9.172909190782241e-07,-2.821697648327123e-05,1.2992718281569846e-05
113.15198400000372,0.0,0.0,0.0,2.5268907342169175e-06,2.963184892218137e-05,1.0014409029851933e-05
113.20386049999797,0.0,0.0,0.0,2.87479863467825e-05,-3.430715261232378e-05,1.696925536536579e-05
113.25021520000155,0.0,0.0,0.0,-4.65521729119653e-05,2.2458212568102142e-05,7.605505697175238e-06
113.3003807999994,0.0,0.0,0.0,1.4942578181771325e-05,-1.4326900208391532e-05,8.011909886771113e-06
113.34907589999784,0.0,0.0,0.0,1.675782015153848e-05,1.9465439518427666e-05,7.4273104141281755e-06
113.39975100000447,0.0,0.0,0.0,-2.1520462060918475e-05,6.845889586207874e-06,1.2866814347981847e-06
113.45167390000279,0.0,0.0,0.0,5.447679200374273e-06,-1.5322046462446261e-06,3.620205453211835e-06
113.50560039999982,0.0,0.0,0.0,2.309235329864537e-06,-5.991322876652515e-06,2.7808436375986858e-06
113.55248900000151,0.0,0.0,0.0,2.816363041079009e-06,-9.066229320569178e-06,1.1692219609966037e-05
113.6003309000007,0.0,0.0,0.0,-1.6208001248730148e-05,-2.3757037618628495e-06,6.664515424173404e-06
113.65173920000234,0.0,0.0,0.0,7.053291976488423e-06,3.0126358291978093e-05,1.3931494256321547e-05
113.7032029999973,0.0,0.0,0.0,1.0332662242664258e-05,-3.2931664686992404e-05,8.29755090513465e-06
113.75150880000001,0.0,0.0,0.0,-5.4798848854464e-06,2.1328464841252712e-05,1.1595761250437895e-05
113.80401530000381,0.0,0.0,0.0,9.804858866077453e-06,9.981927311090088e-06,1.177915761530293e-05
113.85082870000042,0.0,0.0,0.0,-9.705552933117288e-06,-2.686870020196521e-05,9.563120245260787e-06
113.90375869999843,0.0,0.0,0.0,1.04658952096057e-05,-4.583651155282439e-08,1.5986175888185082e-05
113.94760520000273,0.0,0.0,0.0,5.72500512446321e-06,5.937057313126591e-06,1.547592476977013e-05
114.00207860000228,0.0,0.0,0.0,-1.9110532667692694e-05,4.424463887437515e-06,1.1614117777702722e-05
114.05273200000374,0.0,0.0,0.0,1.314136067911456e-05,2.232626035739296e-05,1.526451091820184e-05
114.10074580000219,0.0,0.0,0.0,-1.979166686246331e-05,-6.6103584698334265e-06,2.2848146409797696e-05
114.15204749999975,0.0,0.0,0.0,1.0303655745655981e-05,-1.7926604537816333e-05,5.550649688071824e-06
114.19828950000374,0.0,0.0,0.0,2.1870598766858243e-06,1.2040611132321142e-05,9.388285784096599e-06
114.25249030000123,0.0,0.0,0.0,-8.029777659730975e-06,1.6253854814415238e-05,1.5421153801132705e-05
114.300115500002,0.0,0.0,0.0,2.283970327913817e-05,-1.9316490707160028e-05,6.977716524366522e-06
114.35391199999867,0.0,0.0,0.0,-3.0657588086054485e-05,-5.159616703895373e-06,1.675777234888683e-05
114.40009029999783,0.0,0.0,0.0,-1.0205457383412483e-06,-7.76856139607148e-06,1.907033719044685e-05
114.44789830000082,0.0,0.0,0.0,2.459173692396294e-05,1.984560877380863e-05,8.11455891222116e-06
114.5010895000014,0.0,0.0,0.0,-8.930100321606704e-06,1.491536060639523e-06,1.9043596306461224e-05
114.55166060000192,0.0,0.0,0.0,1.7037720348804142e-05,-8.61331622438688e-06,-2.0264870726715384e-06
114.60542480000004,0.0,0.0,0.0,-1.4525062853624578e-05,1.074732589095309e-05,-2.0739091658450045e-07
114.64809490000334,0.0,0.0,0.0,-1.9836452739449747e-06,-3.1592704126214945e-06,1.7232305990980865e-05
114.7005730000019,0.0,0.0,0.0,-1.3835366403210235e-08,1.825309900317661e-05,1.291250115658962e-05
114.75367730000289,0.0,0.0,0.0,2.2325082605520695e-06,-5.306723220599582e-06,1.0186452257013794e-05
114.7997389000011,0.0,0.0,0.0,-2.6820218793006676e-06,3.0667929498124128e-06,1.9107529142219108e-05
114.8522987000033,0.0,0.0,0.0,2.30997660317149e-07,4.070098303767905e-07,1.1443698814823277e-05
114.89993069999764,0.0,0.0,0.0,1.856273299320101e-05,1.4705293445728447e-06,1.6982226163657603e-05
114.94779410000046,0.0,0.0,0.0,4.00620858879691e-07,1.3296161653171808e-05,5.679907133934789e-06
115.00341460000345,0.0,0.0,0.0,-2.2931570516339508e-05,-2.753269700709355e-05,1.3574044707150646e-05
115.04946500000369,0.0,0.0,0.0,1.5317657830663974e-05,2.539123322637122e-05,8.440587654431109e-06
115.10043710000173,0.0,0.0,0.0,-2.1650348869243062e-05,-2.9678542862110942e-05,1.308879054700099e-05
115.15468959999998,0.0,0.0,0.0,-3.466315571386807e-06,1.0571966143896373e-05,1.0371692975679307e-05
115.20131950000359,0.0,0.0,0.0,3.837124889685065e-05,-3.963155135765367e-06,1.1544494107102854e-05
115.24777349999931,0.0,0.0,0.0,-3.113360318030737e-05,3.2141003610837337e-06,2.4204300491091103e-05
115.29850070000248,0.0,0.0,0.0,5.160083734577956e-06,-1.3379437034894673e-05,1.7637009280609915e-05
115.34843510000064,0.0,0.0,0.0,2.4087403048310667e-05,1.3627935792012614e-05,1.2556265345126683e-05
115.3987868999975,0.0,0.0,0.0,-1.8697224884624842e-05,1.8176127330121645e-07,1.5625252531177376e-05
115.44833810000273,0.0,0.0,0.0,3.898658544495562e-05,-4.170308041222228e-05,1.031699546814443e-05
115.49755949999962,0.0,0.0,0.0,-4.579603549047263e-05,5.712430803666895e-05,1.554962548498635e-05
115.55175740000413,0.0,0.0,0.0,7.3886705129534566e-06,-3.3300332075621298e-06,1.0257121571898939e-05
115.59992870000133,0.0,0.0,0.0,1.2748845824261182e-05,-2.4204636792141804e-05,8.22807661564926e-06
115.65174049999769,0.0,0.0,0.0,8.85775001343343e-06,2.7464210110370976e-05,2.1636094697121195e-05
115.7007442000031,0.0,0.0,0.0,-2.8808986363214002e-05,-2.454736300277047e-06,2.3383351903214454e-05
115.752290000004,0.0,0.0,0.0,-1.0094162298254655e-05,5.355729402365528e-07,3.1913467641559947e-06
115.80051370000001,0.0,0.0,0.0,2.676935401792841e-05,-1.106384329281196e-05,4.408468307389404e-06
115.8521819000016,0.0,0.0,0.0,-8.46309870238446e-06,1.4057623907447835e-05,2.0817503577104164e-05
115.89978730000439,0.0,0.0,0.0,1.319673471603835e-05,-2.294407097276055e-05,1.5088045672233145e-05
115.95130780000181,0.0,0.0,0.0,-1.6035225777084215e-05,4.153466866617606e-05,1.453675600569657e-05
116.00139080000372,0.0,0.0,0.0,1.921647959572689e-05,-1.3115468438155028e-05,9.520228577644683e-06
116.05093180000404,0.0,0.0,0.0,-1.8931402717059182e-05,2.7532059313964925e-06,2.3641525219780704e-06
116.09891649999918,0.0,0.0,0.0,8.00195107951768e-06,-8.330333907714497e-06,1.8765463968966034e-05
116.1497692999983,0.0,0.0,0.0,-7.113644330673466e-06,9.116113349250738e-07,1.997226675103697e-05
116.20199500000308,0.0,0.0,0.0,2.1868239161168045e-06,-1.8187229336705364e-06,8.030915277530175e-06
116.25175619999936,0.0,0.0,0.0,-7.840407390551797e-06,-4.958602920506583e-06,7.842387388786834e-06
116.30114989999856,0.0,0.0,0.0,1.3405960074317613e-05,1.957109395199942e-05,1.9267729345461423e-05
116.35081519999949,0.0,0.0,0.0,-8.029203287013168e-06,-3.7861085770274186e-06,2.1726275293468155e-05
116.39961290000065,0.0,0.0,0.0,-4.516515546112642e-06,-2.0428422169314076e-05,1.4962685604763697e-05
116.45059279999987,0.0,0.0,0.0,1.2501138748015408e-05,2.4232323177821304e-05,1.780094614884662e-05
116.50221389999933,0.0,0.0,0.0,-1.923514203219102e-06,-2.41035551100778e-05,1.695350707077007e-05
116.54970609999873,0.0,0.0,0.0,2.4717972834846562e-05,1.961616549361119e-06,2.1804901302615288e-05
116.60010019999754,0.0,0.0,0.0,-4.242449704304465e-05,9.132766081762124e-06,1.3731923332531108e-05
116.65053949999856,0.0,0.0,0.0,1.3612764159253798e-05,2.1123076728203537e-05,9.117317791206257e-06
116.70143649999955,0.0,0.0,0.0,-1.1697612572885034e-05,-1.827692674418824e-05,9.051332795447255e-06
116.74942559999909,0.0,0.0,0.0,1.2649878459255791e-05,-2.3216889477616564e-05,2.6700209712865785e-05
116.80218170000444,0.0,0.0,0.0,8.224316617522256e-06,1.9351687544022415e-05,1.3225906576224211e-05
116.84998469999846,0.0,0.0,0.0,-1.4346534647119455e-05,2.1610862213875212e-05,1.9379397734349093e-05
116.90076180000324,0.0,0.0,0.0,2.4254008341470637e-05,-5.709798178186747e-06,1.1358828304948965e-05
116.94960340000398,0.0,0.0,0.0,-1.9314564409097948e-05,1.4270267100703331e-05,2.19761643965954e-05
116.99930680000398,0.0,0.0,0.0,8.110984959829759e-06,-3.7777147004076683e-06,2.0769363493414785e-05
117.04839480000373,0.0,0.0,0.0,-1.2529754479462336e-05,-1.684701321513391e-05,2.0420274741204184e-05
117.10211790000176,0.0,0.0,0.0,-1.0773800833578249e-05,7.837115715578603e-06,2.4198363962825452e-05
117.14935040000273,0.0,0.0,0.0,1.827740414157241e-05,1.55148525388828e-05,2.9612176694512344e-05
117.20043350000196,0.0,0.0,0.0,-7.948259603853528e-06,-2.2890049990283762e-05,1.5044955688716654e-05
117.2503144000002,0.0,0.0,0.0,3.526782267003294e-05,-1.4707446170209018e-05,1.8130871592379847e-05
117.30015719999938,0.0,0.0,0.0,-1.9640655657506168e-05,2.7455805052276254e-05,3.160983699399187e-05
117.35395509999944,0.0,0.0,0.0,-9.696538613028603e-06,1.7710817706997977e-05,3.167726530869996e-05
117.40066749999824,0.0,0.0,0.0,-1.5154110781114033e-05,-1.59373513522977e-05,2.9114668938278054e-05
117.45384700000432,0.0,0.0,0.0,1.7544497636495427e-05,1.0162498895890036e-05,1.639714890868754e-05
117.50081289999798,0.0,0.0,0.0,-1.7161529370485158e-05,-6.1439349414499085e-06,2.0477543737642395e-05
117.55264880000323,0.0,0.0,0.0,7.877237642364723e-06,-1.4727310734303729e-05,2.4052960685211252e-05
117.59918910000124,0.0,0.0,0.0,0.0005314572706314647,0.002127640094689784,0.12415397007830835
117.64954209999996,0.0,0.0,0.0,0.0006473481003856159,0.00020155374744278636,0.3012505431031898
117.69978809999884,0.0,0.0,0.0,0.0008612120000410881,-0.0004143371990831561,0.4559816814524469
117.75116759999946,0.0,0.0,0.0,0.001693449768459509,-0.001398928235242842,0.5891882678829714
117.80070730000443,0.0,0.0,0.0,0.000711834847401193,-0.0019285122141319503,0.717243095269184
117.85034669999732,0.0,0.0,0.0,0.0017224790663560071,-0.0014989372610360097,0.9019504809385079
117.90177240000048,0.0,0.0,0.0,0.0019423392589743588,0.0029074389190104325,1.148969661715227
117.95008390000294,0.0,0.0,0.0,0.0024147368490562504,0.004854137013302922,1.4398888521054616
118.00504770000407,0.0,0.0,0.0,0.0030157545615952398,-0.004566928816226803,1.6829607685835328
118.05355250000139,0.0,0.0,0.0,0.003317264950081066,-0.0028211318688839892,1.7154970438993191
118.10074010000244,0.0,0.0,0.0,0.00320805702238272,-0.00037218316472395203,1.6949204462588487
118.14851970000018,0.0,0.0,0.0,0.0029147266404173596,0.0022986515181278792,1.664213696131839
118.20730229999754,0.0,0.0,0.0,0.003503063485379009,-0.008668181465521523,1.6687425950491783
118.25047260000429,0.0,0.0,0.0,0.004000660354807814,0.0013474957627209066,1.7955617995183464
118.297017900004,0.0,0.0,0.0,0.004231869538432887,0.0033220401037375087,1.879439707639852
118.34776160000183,0.0,0.0,0.0,0.003698543651471418,0.0012314169134383084,1.8730049645112783
118.40519260000292,0.0,0.0,0.0,0.0037096729807350034,-0.0023090387376724867,1.8010862969456367
118.4499599999981,0.0,0.0,0.0,0.003185619600419259,0.002969023312416525,1.6888117710974804
118.50229160000163,0.0,0.0,0.0,0.002928337951590165,0.00013623754939363336,1.5554321406173164
118.55356929999834,0.0,0.0,0.0,0.002623168763793348,-9.37660213003595e-05,1.4279811236787885
118.60544769999979,0.0,0.0,0.0,0.00252734142526891,-0.0007554624388944964,1.319196893995285
118.65084899999783,0.0,0.0,0.0,0.0025659282019400223,-0.0020377809154726798,1.213001961033652
118.69786359999853,0.0,0.0,0.0,0.0023425474346673546,-0.0013055222510306359,1.1257767773576184
118.7481031999996,0.0,0.0,0.0,0.0022198632139184904,0.0011247073936947521,1.043821277836111
118.80124600000272,0.0,0.0,0.0,0.0018699694669874927,0.0028284715645867015,0.9641651678220826
118.85502170000109,0.0,0.0,0.0,0.0020076529542323415,-0.005422864778869307,0.8835716121050174
118.90208849999908,0.0,0.0,0.0,0.001927596288489695,-0.001227149943332449,0.8204138959909925
118.9524894999995,0.0,0.0,0.0,0.0017789749636625985,-0.0003483560865237062,0.7587812560908669
119.00261209999735,0.0,0.0,0.0,0.001578263102778796,0.00028022159631308483,0.6981693471198174
119.04940709999937,0.0,0.0,0.0,0.0014660344775127108,0.00040651811652216347,0.6489439441573432
119.1031296000001,0.0,0.0,0.0,0.0017796216626481767,-0.006150864507520055,0.6379596583366551
119.15129400000296,0.0,0.0,0.0,0.0015575213024561052,0.0017266711200509012,0.6265418351902592
119.20283909999853,0.0,0.0,0.0,0.0015240024050987755,0.0013423714222073747,0.6259990839033513
119.25516459999926,0.0,0.0,0.0,0.0017295456740079873,-0.0006170263266049969,0.6437990341960165
119.300310300001,0.0,0.0,0.0,0.0018285872419582844,0.004364829170299764,0.6658785319944271
119.35137650000252,0.0,0.0,0.0,0.0016956846125265742,-0.005762635081372941,0.6697282708064967
119.40091850000317,0.0,0.0,0.0,0.0018874803683433057,0.00363035628969101,0.6176848146157538
119.45437839999795,0.0,0.0,0.0,0.000525475373139441,0.0038039280719460904,0.493732049042116
119.49977740000031,0.0,0.0,0.0,0.0002522772470080768,0.002478913710381653,0.338301007819363
119.55036950000067,0.0,0.0,0.0,0.00013745425469712544,0.0031025311483014427,0.1835819979417079
119.59825740000088,0.0,0.0,0.0,-0.00027161171979659586,0.0066068355430407445,0.11913789280827897
119.65068849999807,0.0,0.0,0.0,0.0008049248305861969,0.0004193661175703802,0.22281434977116013
119.70506140000361,0.0,0.0,0.0,0.00046869917163519395,-0.001342324889016183,0.3157798920181156
119.74893339999835,0.0,0.0,0.0,0.0005900872868413845,0.0008018455742943387,0.34231046537021526
119.80129039999883,0.0,0.0,0.0,0.0006508810113051248,-4.533271387838554e-05,0.32728755178125635
119.84884330000204,0.0,0.0,0.0,0.0005348431502985539,0.0020143471695596186,0.3111912591214724
119.90125880000414,0.0,0.0,0.0,0.0005022063802226992,4.862071620847004e-05,0.3196913917898194
119.95092670000304,0.0,0.0,0.0,0.00034197362314264873,-0.0003521807871863112,0.3362054399616201
120.00177570000233,0.0,0.0,0.0,0.0003289491341581833,0.0051370884160388906,0.3584764018742177
120.04889260000346,0.0,0.0,0.0,0.0006821009919808277,-0.0049448117459569,0.39007765772838965
120.10325459999876,0.0,0.0,0.0,0.00031190069743258244,0.00163242437826976,0.43600999434037757
120.14636389999941,0.0,0.0,0.0,0.0011371641403941798,-0.0030161313985527373,0.5095970991450859
120.20023960000253,0.0,0.0,0.0,0.0011126162698345033,0.0022128305946504103,0.621705400020063
120.2540388999987,0.0,0.0,0.0,0.00040297931374554683,0.008088844443438103,0.653518640447686
120.30018640000344,0.0,0.0,0.0,0.0005802148734331015,-0.00017112507996557257,0.6618208330956412
120.35213700000168,0.0,0.0,0.0,0.0004935059724761263,0.0004509754409550258,0.6582274563868318
120.39884510000411,0.0,0.0,0.0,0.0006789331363090627,-0.0001258271243392058,0.6338537781945217
120.44886940000288,0.0,0.0,0.0,0.0004976607421413527,0.0010150411973235927,0.6043915857504192
120.50051399999938,0.0,0.0,0.0,0.0004910058069740072,-0.000500655026838789,0.5699326029976357
120.55313290000049,0.0,0.0,0.0,0.0002483632208922342,-0.0017208074559050745,0.526218899090136
120.6007083000004,0.0,0.0,0.0,0.001454521529368237,-0.0020526343400060244,0.477904556330423
120.6485823999974,0.0,0.0,0.0,0.000994579362426629,-0.014450917962501975,0.5536987173230768
120.70267840000452,0.0,0.0,0.0,0.0008505635653055254,-0.0010561683739173462,0.7566064186024178
120.75451540000358,0.0,0.0,0.0,0.001103783380781723,0.0019025345922699282,0.98564331357534
120.80282380000426,0.0,0.0,0.0,0.003130885095727937,0.0036164468356722317,1.257139383335252
120.85106249999808,0.0,0.0,0.0,0.002379242224906277,0.002035005906326641,1.4940456235024266
120.9025185999999,0.0,0.0,0.0,0.0022846057029464748,0.0025612398090993065,1.700897971111928
120.9505197000035,0.0,0.0,0.0,0.0033032208280098316,-0.006395533085880243,1.8683200234691908
121.00409860000218,0.0,0.0,0.0,0.0035526904447134404,-0.002964018477342437,1.8834897066764469
121.04958649999753,0.0,0.0,0.0,0.004024886752155185,-0.001087344280736232,1.8814191031388818
121.10185450000426,0.0,0.0,0.0,0.0034501287436273583,0.0010609233589251332,1.8834052307473792
121.15035760000319,0.0,0.0,0.0,0.00294002185792761,-0.0003208602238867353,1.8825465204270164
121.2039356000023,0.0,0.0,0.0,0.0032304636340236125,-8.51180677448741e-05,1.8817782283518079
121.2519403999977,0.0,0.0,0.0,0.003125467570271617,0.0018910343161237617,1.8827639417840023
121.30152929999895,0.0,0.0,0.0,0.003971004890500914,0.00020285415129565228,1.8828265619918185
121.35012239999924,0.0,0.0,0.0,0.003835352671170772,-0.001500498706300927,1.8825475885351932
121.40478660000372,0.0,0.0,0.0,0.003697106424444067,-0.0013256564376740586,1.8815710042103848
121.44964540000365,0.0,0.0,0.0,0.004228917613068895,0.002609156748434085,1.8821556354980873
121.49974379999912,0.0,0.0,0.0,0.0036438825654014936,-0.003027138972332964,1.8342133333370976
121.55290940000123,0.0,0.0,0.0,0.0035844812429611235,-0.0013769027379544971,1.7345021525498063
121.60319629999867,0.0,0.0,0.0,0.0029235257343393573,0.003359463524886339,1.6122031649782191
121.64929590000247,0.0,0.0,0.0,0.0028948606536826744,-0.0023497249035874467,1.4977598860692707
121.70293300000048,0.0,0.0,0.0,0.0025452473438211535,0.0016060174357861656,1.3927532404868537
121.74995270000363,0.0,0.0,0.0,0.002671250235079842,-0.0020766072915130826,1.2979480252224904
121.8041904999991,0.0,0.0,0.0,0.002644928240081805,-0.00020218954974531586,1.209643286882285
121.852261,0.0,0.0,0.0,0.002342633254716524,-0.003019736904208414,1.1228961280975642
121.90007920000062,0.0,0.0,0.0,0.002190429696579673,0.002391908787313205,1.0529901990602517
121.95459459999984,0.0,0.0,0.0,0.0018076106363344878,0.002968110589080861,0.9858147582809339
122.00172210000164,0.0,0.0,0.0,0.0018325461142094982,-0.0004156427217654418,0.9195194494666281
122.05164940000395,0.0,0.0,0.0,0.001892611696667186,-0.004446095359569156,0.8600229474524106
122.10106390000146,0.0,0.0,0.0,0.00186055152382412,-0.0012949491835604436,0.8043239980371077
122.15004849999968,0.0,0.0,0.0,0.0016980248820809291,0.00023192574158745926,0.7579229900553661
122.20324429999891,0.0,0.0,0.0,0.0015786421219911115,-1.398452772429884e-05,0.710119196921464
122.25065800000448,0.0,0.0,0.0,0.0014811321216543739,3.303891745945904e-06,0.6612913404014621
122.29942039999878,0.0,0.0,0.0,0.0016864209621466244,-0.0059405868004310915,0.6490769674689313
122.35159569999814,0.0,0.0,0.0,0.001651376901999835,0.0020272175015893126,0.641996888406791
122.40205360000255,0.0,0.0,0.0,0.0014263379581631378,0.0028975169681686543,0.6450086634755563
122.45153969999956,0.0,0.0,0.0,0.001528338660331856,0.001196674704126528,0.6591164051613447
122.50176210000063,0.0,0.0,0.0,0.0007718372123993512,0.0001986032876525296,0.6842316255357344
122.5527968000024,0.0,0.0,0.0,0.002285044722172911,-0.002800611244874432,0.6836203609307994
122.60018690000288,0.0,0.0,0.0,0.0026999907165418447,0.003929444375741639,0.6466215821246968
122.65170500000386,0.0,0.0,0.0,0.0009145364586130932,0.004627803337477322,0.5337624182503005
122.70215140000073,0.0,0.0,0.0,0.0004239859384317632,-0.0032004907152074114,0.38117938381294647
122.74952299999859,0.0,0.0,0.0,-0.0009337333539697699,0.020579304496446963,0.27194178376494227
122.8015749000042,0.0,0.0,0.0,0.0003008853229148516,0.0021531879468735904,0.21806856705004585
122.85271230000217,0.0,0.0,0.0,0.00013107162511496247,-0.00010920003913783406,0.16915745060748755
122.90285849999782,0.0,0.0,0.0,0.00015096665528318385,-0.0010297736548260442,0.14453110158229454
122.95139539999946,0.0,0.0,0.0,0.00010276522727127562,0.00018971916144638922,0.12292856645410727
122.99949890000426,0.0,0.0,0.0,8.498291078411156e-05,0.00033541598217491837,0.1003063010544612
123.04927019999741,0.0,0.0,0.0,7.402216643060414e-05,-0.0007802460613022629,0.08014268009483376
123.10558029999811,0.0,0.0,0.0,-6.211469349473501e-05,-0.011725556364901838,0.02280533806891399
123.15119389999745,0.0,0.0,0.0,-2.2402377217526587e-05,-0.004217712694458568,-0.00029400528792963626
123.20234670000355,0.0,0.0,0.0,2.1760106106732546e-05,0.00019815226548293752,0.00016576427899921056
123.25103780000063,0.0,0.0,0.0,5.959346258511608e-06,1.8130742413310798e-05,0.00014192363715532613
123.30080740000267,0.0,0.0,0.0,1.1090529309343218e-06,-1.181476975681183e-06,9.569407961274737e-05
123.35085600000457,0.0,0.0,0.0,6.607664426997182e-08,4.765843361666506e-07,8.200143240974961e-05
123.39983419999771,0.0,0.0,0.0,6.861666744289416e-08,5.491236036786923e-07,8.100003538141266e-05
123.45209949999844,0.0,0.0,0.0,1.5365720425505044e-07,5.786023861219658e-07,8.176818673186572e-05
123.49978679999913,0.0,0.0,0.0,1.8292720122779484e-07,5.906417806483941e-07,8.212156152927476e-05
123.55093360000319,0.0,0.0,0.0,1.8613631167551104e-07,5.901327130563034e-07,8.218676877646224e-05
123.59967619999952,0.0,0.0,0.0,1.8488129385447562e-07,5.884741511256193e-07,8.21860881241609e-05
123.65287499999977,0.0,0.0,0.0,1.8419239339691785e-07,5.876775226877737e-07,8.218603768199e-05
123.7021906000009,0.0,0.0,0.0,1.841105492475484e-07,5.880526508041331e-07,8.219097656566156e-05
123.74882839999918,0.0,0.0,0.0,1.8411681863275848e-07,5.877575072562589e-07,8.219792209207811e-05
123.80022560000361,0.0,0.0,0.0,1.8416150453539696e-07,5.876229101003611e-07,8.220520093454394e-05
123.8485159999982,0.0,0.0,0.0,1.8422335733439846e-07,5.884796597108867e-07,8.221244815510202e-05
123.8996135999987,0.0,0.0,0.0,1.8424525150966462e-07,5.883333195949024e-07,8.221930524142921e-05
123.94959499999823,0.0,0.0,0.0,1.8424446423708509e-07,5.874955948128251e-07,8.222602188563731e-05
123.99912300000142,0.0,0.0,0.0,1.8426342011459183e-07,5.875850854742832e-07,8.22332013170048e-05
124.05148249999911,0.0,0.0,0.0,1.842900349279909e-07,5.870604614805861e-07,8.224030855829203e-05
124.10437929999898,0.0,0.0,0.0,1.843223307729031e-07,5.876403624658576e-07,8.224687886498818e-05
124.1510758000004,0.0,0.0,0.0,1.843352949294475e-07,5.869688089881719e-07,8.225409705555333e-05
124.20101209999848,0.0,0.0,0.0,1.843789786089185e-07,5.87580463035301e-07,8.226082363271379e-05
124.25212720000127,0.0,0.0,0.0,1.844272133783003e-07,5.882812665005397e-07,8.226763538326739e-05
124.29841329999908,0.0,0.0,0.0,1.844034244366983e-07,5.865775758061153e-07,8.227471185488631e-05
124.34931340000185,0.0,0.0,0.0,1.8444182790080777e-07,5.867186264690199e-07,8.228156469602916e-05
124.40190160000202,0.0,0.0,0.0,1.8446848230568147e-07,5.872023792932079e-07,8.228828012158318e-05
124.45040159999917,0.0,0.0,0.0,1.8448834448092313e-07,5.865745748983748e-07,8.229493783543456e-05
124.50021689999994,0.0,0.0,0.0,1.8453048099724725e-07,5.872806576912066e-07,8.230169497533856e-05
124.55024419999972,0.0,0.0,0.0,1.8453486176877491e-07,5.868796008921205e-07,8.23085336026892e-05
124.60199860000284,0.0,0.0,0.0,1.8454908389740396e-07,5.860905954125809e-07,8.231542316809438e-05
124.6484608000028,0.0,0.0,0.0,1.8458874799343533e-07,5.867203235565453e-07,8.232202500702266e-05
124.69973680000112,0.0,0.0,0.0,1.8463333699463512e-07,5.869539327912396e-07,8.232851798250775e-05
124.75144189999992,0.0,0.0,0.0,1.84603353068642e-07,5.85388199314891e-07,8.233524422478339e-05
124.80363909999869,0.0,0.0,0.0,1.846638762072593e-07,5.863351380891095e-07,8.234232901084102e-05
124.84982870000385,0.0,0.0,0.0,1.8471344856303924e-07,5.871255677049254e-07,8.234877102567128e-05
124.89875340000435,0.0,0.0,0.0,1.8470081245328707e-07,5.861048154329965e-07,8.23553100578817e-05
124.94717990000208,0.0,0.0,0.0,1.847037364732906e-07,5.850975433823373e-07,8.236185941494922e-05
125.0006452000016,0.0,0.0,0.0,1.8477808715275555e-07,5.868817571032154e-07,8.236863915259086e-05
125.04991600000358,0.0,0.0,0.0,1.84781562953656e-07,5.85560372826791e-07,8.237495009233335e-05
125.10019289999764,0.0,0.0,0.0,1.8479836494551255e-07,5.855943453312036e-07,8.238171058500422e-05
125.14911320000101,0.0,0.0,0.0,1.8483925492874336e-07,5.862274410775446e-07,8.238796796931384e-05
125.20079149999947,0.0,0.0,0.0,1.8482602664279692e-07,5.85015077278519e-07,8.239474670998631e-05
125.2532394000009,0.0,0.0,0.0,1.848787883297983e-07,5.854620214595524e-07,8.240082109614508e-05
125.3030534999998,0.0,0.0,0.0,1.849061779723255e-07,5.857299624645212e-07,8.24076776512648e-05
125.35080700000253,0.0,0.0,0.0,1.84930857113936e-07,5.857796491274746e-07,8.24139797525952e-05
125.4039116999993,0.0,0.0,0.0,1.8491147070224187e-07,5.842222460875205e-07,8.242053757797508e-05
125.45274729999801,0.0,0.0,0.0,1.8498935318117717e-07,5.861765120774991e-07,8.242720385835336e-05
125.5012915000043,0.0,0.0,0.0,1.8498885933764275e-07,5.849590202551661e-07,8.243330403401387e-05
125.5511306000044,0.0,0.0,0.0,1.8501224981877716e-07,5.84934323214878e-07,8.243997542306472e-05
125.60124740000174,0.0,0.0,0.0,1.850383752918845e-07,5.84686986067473e-07,8.244593609144741e-05
125.65567210000154,0.0,0.0,0.0,1.850718413186205e-07,5.851033253292643e-07,8.245223560066864e-05
125.70415270000376,0.0,0.0,0.0,1.8508305922945817e-07,5.846892041882507e-07,8.245867543114529e-05
125.74827989999903,0.0,0.0,0.0,1.850834532767028e-07,5.84074447067327e-07,8.246509410300503e-05
125.80090349999955,0.0,0.0,0.0,1.8515488690341475e-07,5.852801772947248e-07,8.247130164547175e-05
125.84716330000083,0.0,0.0,0.0,1.851407252465486e-07,5.841163987243858e-07,8.247754593811972e-05
125.9037685000003,0.0,0.0,0.0,1.8515437632555323e-07,5.833766733646782e-07,8.248369944298402e-05
125.9535892999993,0.0,0.0,0.0,1.8522754914963697e-07,5.85591583999743e-07,8.248987679253928e-05
126.00496840000415,0.0,0.0,0.0,1.8520012070442315e-07,5.83216369368557e-07,8.249622157142422e-05
126.05118790000415,0.0,0.0,0.0,1.8523174041429513e-07,5.83365449906042e-07,8.250229000360603e-05
126.09801750000042,0.0,0.0,0.0,1.852927301767954e-07,5.849593781523867e-07,8.25082771217705e-05
126.15161230000376,0.0,0.0,0.0,1.8528065511500131e-07,5.837534402861651e-07,8.251474347572832e-05
126.19945510000252,0.0,0.0,0.0,1.853121270876988e-07,5.835152841217093e-07,8.252067721892359e-05
126.2533614999993,0.0,0.0,0.0,1.8533635884593372e-07,5.835451599022059e-07,8.252669862200148e-05
126.3036906999987,0.0,0.0,0.0,1.853572487913824e-07,5.838490965505636e-07,8.253292011626564e-05
126.35007800000312,0.0,0.0,0.0,1.8539949082777754e-07,5.836779479074177e-07,8.253916016525385e-05
126.39968000000226,0.0,0.0,0.0,1.854033977295071e-07,5.83696226472898e-07,8.254513348024394e-05
126.44661279999855,0.0,0.0,0.0,1.8540652672685336e-07,5.823788791511931e-07,8.255099591443782e-05
126.50155900000391,0.0,0.0,0.0,1.8545162658173104e-07,5.835014411420915e-07,8.255702900808752e-05
126.55339590000222,0.0,0.0,0.0,1.8547459938182595e-07,5.828969611054804e-07,8.256301898251175e-05
126.59909619999962,0.0,0.0,0.0,1.8549780490560908e-07,5.830706559155794e-07,8.256892527722917e-05
126.65033660000336,0.0,0.0,0.0,1.8549970337315766e-07,5.824334841957741e-07,8.25750211381876e-05
126.70099789999949,0.0,0.0,0.0,1.8558120118334922e-07,5.840358035619022e-07,8.258071989966756e-05
126.7502786000041,0.0,0.0,0.0,1.8553459882726913e-07,5.816178204309942e-07,8.258661582408515e-05
126.79933490000258,0.0,0.0,0.0,1.8559697890649695e-07,5.830469189854236e-07,8.259261856898068e-05
126.8485342999993,0.0,0.0,0.0,1.8559407227547662e-07,5.820161141245023e-07,8.259835984730972e-05
126.90046199999779,0.0,0.0,0.0,1.856399315660586e-07,5.830246000675109e-07,8.260426681233575e-05
126.94448510000075,0.0,0.0,0.0,1.856205769357783e-07,5.812309392227049e-07,8.261008680956568e-05
126.99333050000132,0.0,0.0,0.0,1.85688532484456e-07,5.824574777410591e-07,8.26161085288855e-05
127.04194300000381,0.0,0.0,0.0,1.8572486658247056e-07,5.830464124464654e-07,8.2621740704143e-05
127.09831080000004,0.0,0.0,0.0,1.8570811095702937e-07,5.814776872237988e-07,8.262750870901136e-05
127.14349129999755,0.0,0.0,0.0,1.857197084915707e-07,5.812085178424678e-07,8.263297511356789e-05
127.19344229999842,0.0,0.0,0.0,1.857801419818577e-07,5.825530257501968e-07,8.263876338620794e-05
127.24178960000427,0.0,0.0,0.0,1.8575982037149811e-07,5.808563259314643e-07,8.264446528454957e-05
127.29127390000212,0.0,0.0,0.0,1.8579605624206205e-07,5.812198850598799e-07,8.265025948863321e-05
127.34356970000226,0.0,0.0,0.0,1.8584228454313389e-07,5.821503882220262e-07,8.265597479022318e-05
127.39265120000346,0.0,0.0,0.0,1.8585676615131663e-07,5.811468586609621e-07,8.266139614508412e-05
127.44250810000085,0.0,0.0,0.0,1.8584981890055502e-07,5.806266686481893e-07,8.266687440750458e-05
127.49307640000188,0.0,0.0,0.0,1.8590503164056073e-07,5.815447052043944e-07,8.267267948876838e-05
127.54289080000308,0.0,0.0,0.0,1.8592211593552352e-07,5.810953760816917e-07,8.26784794284219e-05
127.59534440000425,0.0,0.0,0.0,1.8594559241616168e-07,5.811531997536236e-07,8.268387168265432e-05
127.6429685999974,0.0,0.0,0.0,1.8594586448608428e-07,5.803151020808985e-07,8.268937734918247e-05
127.69294900000386,0.0,0.0,0.0,1.859744446514511e-07,5.804425149816655e-07,8.269500031483089e-05
127.74264779999794,0.0,0.0,0.0,1.8600669685847016e-07,5.806443570375665e-07,8.270057884879215e-05
127.79300520000106,0.0,0.0,0.0,1.8604355259904098e-07,5.814068935823487e-07,8.270573958903056e-05
127.84132810000301,0.0,0.0,0.0,1.8602734591870454e-07,5.796778527403291e-07,8.271124702895994e-05
127.89187649999803,0.0,0.0,0.0,1.8607234421127226e-07,5.803964732617348e-07,8.271693450372851e-05
127.94334370000433,0.0,0.0,0.0,1.8609510025944478e-07,5.803770182963336e-07,8.272211053516622e-05
127.99309280000307,0.0,0.0,0.0,1.8609947759600906e-07,5.794454840885185e-07,8.272753533022463e-05
128.04130570000416,0.0,0.0,0.0,1.861497236876526e-07,5.806485297103602e-07,8.273287165901308e-05
128.0924218,0.0,0.0,0.0,1.861342597690836e-07,5.79475376740281e-07,8.273836667792872e-05
128.14225820000138,0.0,0.0,0.0,1.8616558491205136e-07,5.793371468243973e-07,8.274352795785414e-05
128.1914187000002,0.0,0.0,0.0,1.8620642516076376e-07,5.798682794243106e-07,8.274890068752902e-05
128.2518756999998,0.0,0.0,0.0,1.8621128925699802e-07,5.793535052434363e-07,8.275453740842195e-05
128.29304260000208,0.0,0.0,0.0,1.862589729181584e-07,5.800026581237335e-07,8.275951702825304e-05
128.34194550000393,0.0,0.0,0.0,1.8625237504073138e-07,5.791244126466218e-07,8.276489202390779e-05
128.39354650000314,0.0,0.0,0.0,-0.00033952250112626075,-0.001405855113441508,-0.0945196854041392
128.4438031000027,0.0,0.0,0.0,-0.0003269087355982608,-0.000820624878888452,-0.25663259854917064
128.49260109999886,0.0,0.0,0.0,-0.0008141292079924268,-0.0006061785639740236,-0.4196578617192965
128.5431127999982,0.0,0.0,0.0,-0.0012216942879329869,-6.241166543008921e-05,-0.6063443625123139
128.59313020000263,0.0,0.0,0.0,-0.0016198860093693617,0.0007652272793676255,-0.8319498402831198
128.64571350000188,0.0,0.0,0.0,-0.0015630494215536559,0.0033741016098012945,-1.093275242528367
128.69290529999853,0.0,0.0,0.0,-0.0023385858959282324,0.0037304503089356997,-1.38154663811897
128.74289539999882,0.0,0.0,0.0,-0.0027347133307529707,-0.0008970040151470987,-1.6730919609735309
128.79312260000006,0.0,0.0,0.0,-0.003342490078182246,-0.003241668167929256,-1.8278076632258247
128.84491379999963,0.0,0.0,0.0,-0.0035409285357351277,-0.0002886715116948157,-1.85623451457427
128.89214870000433,0.0,0.0,0.0,-0.0035995466225361176,-0.00028904508657597917,-1.8538753478774475
128.94259810000221,0.0,0.0,0.0,-0.0036407682253149953,-0.001478067588139317,-1.8773434117870873
128.99412940000184,0.0,0.0,0.0,-0.0036825858584454718,0.0004734843026332152,-1.83222354654851
129.04344420000416,0.0,0.0,0.0,-0.0033285086209444135,0.0004057441860707205,-1.730470056024762
129.09369529999822,0.0,0.0,0.0,-0.0035896453880350093,-0.0010910092398207997,-1.603840036945916
129.1447113000031,0.0,0.0,0.0,-0.0031451470949889287,0.0006194933467283053,-1.477728990695987
129.19213820000004,0.0,0.0,0.0,-0.0028187968787278853,-0.0001038901327340387,-1.3719907271870753
129.24243520000164,0.0,0.0,0.0,-0.0024008672617655672,0.0020603194509145207,-1.276276552833848
129.29337210000085,0.0,0.0,0.0,-0.0023145497371105978,-0.0038980480294979955,-1.18065778503522
129.34388330000365,0.0,0.0,0.0,-0.002195422328533087,0.0013232672532427277,-1.0972320123315198
129.39197850000346,0.0,0.0,0.0,-0.002016623066527801,0.00147048846412963,-1.0171923762738075
129.44261040000129,0.0,0.0,0.0,-0.001830563632962477,-0.00023897534359926603,-0.9454606749660579
129.49364380000043,0.0,0.0,0.0,-0.0015232584432430729,-0.0030896324101711194,-0.8792035070604859
129.54345589999866,0.0,0.0,0.0,-0.0017974143670385309,-0.002302277410740171,-0.8185902232050406
129.59307719999924,0.0,0.0,0.0,-0.0017214275415484,0.0003352096568744639,-0.7621846525234484
129.6452891000008,0.0,0.0,0.0,-0.0015419303777186295,-0.00015391344334474347,-0.7137954720364698
129.6926433999979,0.0,0.0,0.0,-0.0010401378985809985,-0.001581804470708359,-0.667707690636008
129.74417900000117,0.0,0.0,0.0,-0.0023446920463845765,-0.003646017331113592,-0.6684199948161829
129.79320749999897,0.0,0.0,0.0,-0.0018853015942631773,0.001863542779390703,-0.6831851611526403
129.8435243999993,0.0,0.0,0.0,-0.0018683093137675441,0.0010858841981638977,-0.7094881332930804
129.89245279999886,0.0,0.0,0.0,-0.0018982809723749605,0.0020555396364247934,-0.74756769825358
129.94480420000036,0.0,0.0,0.0,-0.0019790807011285105,-0.001287052743405947,-0.7874572089894718
129.99358580000262,0.0,0.0,0.0,-0.0017087101124737796,-0.002197421802033577,-0.8073721322789075
130.0440727000023,0.0,0.0,0.0,-0.002412001676844553,0.00288700222221013,-0.778107497630953
130.0935221000036,0.0,0.0,0.0,-0.001315720513467345,0.009343857189285982,-0.6784314157741089
130.14577029999782,0.0,0.0,0.0,-0.0013151925242547294,-0.003694253164130132,-0.5415166581223428
130.19349250000232,0.0,0.0,0.0,-0.0004630931787640278,0.0008784694077066768,-0.3980247976096887
130.24270570000226,0.0,0.0,0.0,-0.0007844514673776169,0.009132482797065206,-0.35250447975090415
130.2949957000019,0.0,0.0,0.0,-0.00039330988216278997,0.000825850503692075,-0.4515926924521097
130.34330330000375,0.0,0.0,0.0,-0.000996596969453276,0.011516743775904332,-0.5099446707266772
130.39408679999906,0.0,0.0,0.0,-0.00017878982237778157,-0.0006920174780986086,-0.5296872755293704
130.44224580000446,0.0,0.0,0.0,-0.00021816364129414133,-9.200996360261932e-05,-0.5634131775505098
130.49251599999843,0.0,0.0,0.0,-0.000532399537051873,0.0015478468972451357,-0.5878383881564229
130.5426265999995,0.0,0.0,0.0,-0.0005121223568679713,-0.0016395015871834482,-0.5719121101517342
130.59451529999933,0.0,0.0,0.0,-0.0005447269774253375,-0.00012654836922886627,-0.5346040204327231
130.64396829999896,0.0,0.0,0.0,-0.0004844543223699543,-0.00028463035251593063,-0.48823486779831926
130.69617930000095,0.0,0.0,0.0,-0.0004679969027761233,-0.00029859326269677703,-0.4308106461630123
130.7422332999995,0.0,0.0,0.0,-0.0005235912562324555,-0.007014109118905185,-0.3334127611976214
130.7945491999999,0.0,0.0,0.0,-6.151506116176232e-05,-0.0009829819307816108,-0.17095228570254903
130.84394569999859,0.0,0.0,0.0,-0.00022778858474587348,0.0021595460409400847,-0.026924975741320883
130.89334770000278,0.0,0.0,0.0,-2.816902246571908e-05,0.0016126572167126337,0.0008351713817751078
130.94470580000052,0.0,0.0,0.0,-1.1210498338877101e-05,-0.0013629483767998109,0.000436380731519443
130.9950303000005,0.0,0.0,0.0,4.3776432901135866e-05,0.0020685474461407914,0.00019271786749110235
131.04460619999736,0.0,0.0,0.0,-5.06183330660599e-06,-0.00047264176878509823,0.00011971183762897983
131.09289890000218,0.0,0.0,0.0,-2.3148383180055424e-05,-0.0014300112100086478,5.2810141627512246e-05
131.14317740000115,0.0,0.0,0.0,1.7242693298595646e-05,0.000946013790786844,7.026549719026184e-05
131.19890229999874,0.0,0.0,0.0,9.171335973991316e-06,0.000645288170051958,7.719664425766338e-05
131.24412650000158,0.0,0.0,0.0,-2.4845078531293615e-06,-0.00018449802611512176,4.535417467197645e-05
131.2934352000011,0.0,0.0,0.0,-9.758999808754926e-07,-3.9050206594793275e-05,4.736781949241728e-05
131.34231929999805,0.0,0.0,0.0,-2.2103539534757476e-05,-0.001298775822634457,8.171513091131715e-05
131.39336909999838,0.0,0.0,0.0,5.368577844618414e-06,0.0003135909668101495,9.709719837291321e-05
131.44262680000247,0.0,0.0,0.0,-4.1397260225574714e-06,-0.0002588392692323073,2.6475508198310636e-05
131.4918730999998,0.0,0.0,0.0,1.2773995092319013e-05,0.0007040068925253241,3.905826988898294e-05
131.5426038000005,0.0,0.0,0.0,-2.3392074091856865e-05,-0.001348011822563558,1.9989929474221874e-05
131.5933017999996,0.0,0.0,0.0,8.458312248455309e-06,0.0004917033267308218,2.1131660563020662e-05
131.64348430000246,0.0,0.0,0.0,9.076396894876784e-06,0.00040515302558945645,3.678630651797065e-05
131.69274040000164,0.0,0.0,0.0,8.911778781477938e-06,0.0006296690957486912,3.75426055197068e-05
131.7450033999994,0.0,0.0,0.0,7.05778738572653e-06,0.0004097157036253303,4.398776486700797e-05
131.79221520000283,0.0,0.0,0.0,4.54437727089748e-07,4.919515286274761e-05,3.652120846611733e-05
131.8423518999989,0.0,0.0,0.0,7.54953864906108e-06,0.0003706843583154621,6.717260397977823e-05
131.89359469999908,0.0,0.0,0.0,-2.279084011263403e-05,-0.0013753431480174566,6.163086938130808e-05
131.94222620000073,0.0,0.0,0.0,3.064431672361307e-06,0.00025806951225071335,4.803706757321955e-05
131.99469710000267,0.0,0.0,0.0,8.995020244556985e-06,0.0004962817965482129,3.135545691387245e-05
132.04476959999738,0.0,0.0,0.0,-9.672822113676108e-06,-0.0005766768642231003,5.3064824362392936e-05
132.09291990000202,0.0,0.0,0.0,1.811260349915001e-05,0.0011034186089033374,4.5637631302012806e-05
132.1425887000005,0.0,0.0,0.0,1.0526674055977412e-05,0.0006044218072117454,6.188267119204472e-05
132.19421870000224,0.0,0.0,0.0,-1.547065986052853e-05,-0.0009648633669855603,5.398506213596694e-05
132.24487899999804,0.0,0.0,0.0,-5.5686955838354975e-06,-0.00029208430422495514,6.039468025724667e-05
132.29479120000178,0.0,0.0,0.0,-8.069297889075598e-06,-0.0004676086749061191,5.901389080235471e-05
132.34317870000086,0.0,0.0,0.0,-7.261475347738573e-07,-2.083703474494173e-05,4.980552917679517e-05
132.39442630000121,0.0,0.0,0.0,4.5060567698698203e-07,-5.7927855110647245e-05,6.157286984512957e-05
132.4426330999995,0.0,0.0,0.0,1.0605268796978368e-05,0.0006495512824815255,6.428842788478039e-05
132.49647769999865,0.0,0.0,0.0,9.0705132950646e-07,4.48337285659835e-05,9.913867803833919e-05
132.54297809999844,0.0,0.0,0.0,3.125862462546219e-06,0.0001423483172890205,0.00010398433750304106
132.5919314999992,0.0,0.0,0.0,-5.551236193895298e-06,-0.0004529328338858551,5.5495626296713455e-05
132.64481450000312,0.0,0.0,0.0,3.7326816614565517e-06,0.00023144193284718728,-5.189478729570878e-05
132.6939069,0.0,0.0,0.0,1.3399892788416609e-07,0.00014144790809938028,3.6361864152259895e-05
132.7463781999977,0.0,0.0,0.0,-7.216379903337091e-07,-3.585850707686779e-05,6.284537307041862e-05
132.79223579999962,0.0,0.0,0.0,-4.584862697401811e-06,-0.0002944378020448379,4.1193271770453706e-05
132.8438576000044,0.0,0.0,0.0,3.643432322197014e-06,0.00017851866171706972,8.1747948517841e-05
132.89411670000118,0.0,0.0,0.0,-1.3589379180770367e-06,-0.00010317813085760507,7.488984366153971e-05
132.94256999999925,0.0,0.0,0.0,-4.189092266971645e-06,-0.00018261134082458522,9.366975166592639e-05
132.99463539999851,0.0,0.0,0.0,3.7858513741875645e-06,0.00022546081758208772,7.265346160101988e-05
133.04448019999836,0.0,0.0,0.0,1.0386086939146996e-05,0.0005840975407944014,0.00010816199624751135
133.09461120000196,0.0,0.0,0.0,-5.700293502554516e-07,-1.908092669489474e-05,9.416076348749186e-05
133.14565120000043,0.0,0.0,0.0,-2.3702294758554517e-05,-0.0014448456429856011,8.577441815497276e-05
133.19207550000283,0.0,0.0,0.0,3.791046627728677e-05,0.002340544436023602,8.410561745115749e-05
133.24438240000018,0.0,0.0,0.0,-1.2752371155661177e-05,-0.0008151095941793465,8.404896468787562e-05
133.29185030000372,0.0,0.0,0.0,-1.255419053888088e-05,-0.0008525768512695189,7.039296886299284e-05
133.34364530000312,0.0,0.0,0.0,-1.6348007561429225e-05,-0.0009530876888615707,2.8049665000081645e-05
133.39147020000382,0.0,0.0,0.0,2.617498757796536e-05,0.0015747480886000483,1.8997474094647463e-05
133.4444416000042,0.0,0.0,0.0,-1.3923866427496181e-05,-0.0009775258445325838,-1.2907964286458161e-05
133.49207549999846,0.0,0.0,0.0,7.894540863465424e-06,0.00047321400208807593,-4.0143920853939676e-05
133.5436239999981,0.0,0.0,0.0,7.0701498090895416e-06,0.0006339606794287845,3.7616247473207244e-05
133.5933103999996,0.0,0.0,0.0,-1.2729153686076206e-05,-0.0008384315820606832,0.00010011943267329407
133.64216450000094,0.0,0.0,0.0,6.690015444979838e-06,0.00038166004520166536,9.13940711420386e-05
133.69363570000132,0.0,0.0,0.0,1.785571198398713e-06,9.47034552951776e-05,8.630829772991231e-05
133.74363430000085,0.0,0.0,0.0,-1.780425814831129e-05,-0.001093067685083335,7.201694524537208e-05
133.7943271999975,0.0,0.0,0.0,4.134823097434896e-06,0.00020275495873929475,4.690447370784262e-05
133.84236170000077,0.0,0.0,0.0,2.270497591788806e-05,0.0014526873737430407,2.2140554253782367e-05
133.89176730000327,0.0,0.0,0.0,-7.023005134554854e-06,-0.0004920758132458769,0.00010308416646638513
133.94310940000287,0.0,0.0,0.0,-1.9671010240391593e-06,-1.5861611055368393e-05,8.466497281422618e-05
133.99421869999787,0.0,0.0,0.0,1.342503747288176e-05,0.0008403505307487911,7.922557054309968e-05
134.04408590000094,0.0,0.0,0.0,-8.014796663197574e-06,-0.0005126709256135807,7.962185271012589e-05
134.0938102,0.0,0.0,0.0,-4.210878583581232e-06,-0.00031516923727453733,9.871284474362313e-05
134.14472570000362,0.0,0.0,0.0,-6.571129034062169e-06,-0.0004350024065950077,0.00010742456789517627
134.19501740000123,0.0,0.0,0.0,6.6289211555246776e-06,0.0003751968092288185,8.107228064264058e-05
134.24314949999825,0.0,0.0,0.0,-5.725956791122071e-06,-0.0003445517488362039,7.355576009811708e-05
134.29260010000144,0.0,0.0,0.0,-7.908654237071009e-06,-0.00044057078541189247,9.709086866344061e-05
134.3427029000013,0.0,0.0,0.0,1.5386637244088563e-05,0.0009306825160727056,0.00010983426048568506
134.39237909999792,0.0,0.0,0.0,-8.829319594724427e-06,-0.0006019549809274917,8.52968537954325e-05
134.4426850000018,0.0,0.0,0.0,-2.504887735252491e-06,-0.00017141372540972337,9.444063428040299e-05
134.4926751000021,0.0,0.0,0.0,1.1111515178378642e-05,0.0006415616947627958,7.845771675303537e-05
134.58135420000326,0.0,0.0,0.0,5.780232336608371e-06,0.00038281806976087833,9.626665296751e-05
134.60651460000372,0.0,0.0,0.0,-5.893162456031725e-06,-0.000406108447332602,0.00010964095894008073
134.65227500000037,0.0,0.0,0.0,-9.230763126968518e-06,-0.000551202180689316,8.224852879215609e-05
134.70307470000262,0.0,0.0,0.0,8.74359275681226e-06,0.0005474216204740155,8.19775906420323e-05
134.75125330000446,0.0,0.0,0.0,4.55487136110679e-06,0.00028678985921593914,0.0001097529169100595
134.80382400000235,0.0,0.0,0.0,-3.659918021451962e-06,-0.00023188975249861912,0.00011766425499873043
134.85075750000397,0.0,0.0,0.0,-2.671148653647529e-05,-0.0017810702421307096,0.00010332297401953842
134.90342640000017,0.0,0.0,0.0,2.0396524388770477e-05,0.0012995897784401236,0.00012162234046809922
134.94956290000118,0.0,0.0,0.0,2.556393922201643e-06,0.00017833792285264772,0.0001144894170216654
135.00064710000152,0.0,0.0,0.0,9.554749142124508e-06,0.0005533682411018706,0.00011438378314103524
135.05196769999748,0.0,0.0,0.0,1.0548906688450093e-05,0.0006035299564202908,9.23077835275242e-05
135.1000256999978,0.0,0.0,0.0,-6.968880215408594e-06,-0.00044929192798442546,0.00011610765634802666
135.14999940000416,0.0,0.0,0.0,-3.163465587212155e-06,-0.00017109472874986717,6.105838199496995e-05
135.2013764000003,0.0,0.0,0.0,-2.200547817315245e-06,-0.00019340727861178025,6.761875311999999e-05
135.2500280000022,0.0,0.0,0.0,-1.3255737719044121e-05,-0.0008218599837955295,0.0001026693661097166
135.30432970000402,0.0,0.0,0.0,-1.047973905994072e-06,-8.686946857868056e-05,5.7889261384856075e-05
135.3502993000002,0.0,0.0,0.0,4.252040194620655e-06,7.749359978177572e-05,0.000185583489174844
135.4009384000019,0.0,0.0,0.0,7.809522310903994e-06,0.0005259799975400657,0.00027018343698454264
135.45126220000384,0.0,0.0,0.0,1.0707672356576383e-06,-6.929719362086593e-06,0.000264597078283711
135.500893000004,0.0,0.0,0.0,-4.9677576316148445e-06,-0.00034150524223529804,0.00032073577512135534
135.55132720000256,0.0,0.0,0.0,1.8104241976078116e-06,0.00020444217464081761,0.000298000833176083
135.5996570999996,0.0,0.0,0.0,1.7487115493201805e-06,6.108038286662609e-05,0.0002502520675381237
135.65025430000242,0.0,0.0,0.0,-2.4700512931329563e-06,-0.0002426365928882575,0.0002495788953257747
135.70149520000268,0.0,0.0,0.0,3.9585045277755633e-07,-6.902800145360092e-05,0.00024901041902902673
135.75102019999758,0.0,0.0,0.0,-4.077799035844486e-06,-0.00028021632233689634,0.0002964809651801456
135.8032299999977,0.0,0.0,0.0,1.7008212963839608e-05,0.0009872010125358856,0.0003306817378821484
135.85005739999906,0.0,0.0,0.0,-6.624959498636191e-06,-0.0003995615136934892,0.00018773746919818944
135.90246760000446,0.0,0.0,0.0,1.368146355520824e-05,0.0008445845369723688,0.0001239357162918575
135.95107219999772,0.0,0.0,0.0,-2.7740652688058384e-05,-0.0019252144657488117,0.00016672891859461253
135.99945930000104,0.0,0.0,0.0,5.715755215825527e-06,0.0003566247440243519,-6.820127892544879e-06
136.05157470000267,0.0,0.0,0.0,-7.839022909206291e-06,-0.000545966469980732,-9.156162582452294e-05
136.1014512000038,0.0,0.0,0.0,-2.077645019057247e-06,-0.00023121097055832203,-0.00014600944700033633
136.15086840000004,0.0,0.0,0.0,8.009104358558947e-06,0.0005233431772990113,-0.00016804927043304524
136.20013019999897,0.0,0.0,0.0,1.8948714517137886e-05,0.00113113599534487,-0.00015765191676532725
136.2501684000017,0.0,0.0,0.0,-4.185948891595542e-05,-0.0026728769958285366,-0.00010441970697599229
136.30227040000318,0.0,0.0,0.0,2.220261645622603e-05,0.0015493335401568198,-0.00015718616172783427
136.3531396000035,0.0,0.0,0.0,-3.1342259513448743e-06,-0.00028029511711416923,-0.0001744451809728753
136.40118380000058,0.0,0.0,0.0,4.525293132478211e-06,0.00043487947106337705,-0.00014463248336025244
136.44967500000348,0.0,0.0,0.0,6.699423901795813e-06,0.0002807602402989756,-0.0001860936811381169
136.50135830000363,0.0,0.0,0.0,-3.237577363753015e-05,-0.0022009293255022826,-0.00010800461387067065
136.55149160000292,0.0,0.0,0.0,3.093132731995908e-05,0.001913046698386739,-0.00022501189803719995
136.60152329999983,0.0,0.0,0.0,-3.5061717569908734e-05,-0.002295692260537779,-0.00014870878356198727
136.65191770000092,0.0,0.0,0.0,2.863764671791636e-05,0.0017794381304525922,-0.00020755728458080288
136.70203690000199,0.0,0.0,0.0,-2.6029196247799428e-05,-0.0014296600977754654,-0.00017892658126341805
136.75109720000182,0.0,0.0,0.0,2.6715372079994413e-05,0.001657031888764029,-0.0002535673851064131
136.801990699998,0.0,0.0,0.0,-2.8846306492423154e-05,-0.001913706076202449,-0.00015816400056073643
136.85346019999997,0.0,0.0,0.0,-4.120760873431654e-06,-0.00036908726297611266,-0.0001842290286208401
136.90160550000292,0.0,0.0,0.0,1.5717767975538766e-05,0.0011167069809450438,-0.00026002535871190376
136.95060489999742,0.0,0.0,0.0,1.4105353836928588e-05,0.000819908640305416,-0.00027110647425911745
137.0026158000037,0.0,0.0,0.0,-2.654663699996336e-05,-0.0016987342000285874,-0.0001861584797015413
137.05053040000348,0.0,0.0,0.0,-1.7891279405939685e-05,-0.0012660363410966062,-0.0001447022759801506
137.10138390000066,0.0,0.0,0.0,-7.711532525891287e-07,-7.412981391786219e-05,-0.00020867229050051345
137.1506681000028,0.0,0.0,0.0,3.2819489754152264e-05,0.002465519603196489,-0.00027620197533022734
137.20940240000346,0.0,0.0,0.0,-7.076404020800223e-05,-0.003949995111251334,-7.743530011170489e-05
137.25191099999938,0.0,0.0,0.0,-8.958163316875515e-05,-0.005074808446711792,5.013947752543441e-05
137.30249470000126,0.0,0.0,0.0,-1.0594105465092162e-06,8.923103965657628e-05,8.178588825824367e-05
137.35362220000388,0.0,0.0,0.0,3.405671171342685e-07,2.7901353572243304e-05,9.125720483186249e-05
137.40402500000346,0.0,0.0,0.0,7.68727888713726e-08,-5.395277555854849e-06,9.057299367286091e-05
137.45057760000054,0.0,0.0,0.0,1.4831192234375765e-07,-1.985257022266445e-06,9.05745578814726e-05
137.50103820000368,0.0,0.0,0.0,1.539776384102608e-07,-1.9029270634933343e-06,9.06808136415821e-05
137.55110850000347,0.0,0.0,0.0,1.5481465791580646e-07,-1.9266850387603784e-06,9.081103512056825e-05
137.60231190000195,0.0,0.0,0.0,1.5540915382390377e-07,-1.924162406372998e-06,9.095203183655589e-05
137.65098749999743,0.0,0.0,0.0,1.558124153820128e-07,-1.9239281734871735e-06,9.109654703944336e-05
137.69997100000182,0.0,0.0,0.0,1.5616053442572916e-07,-1.9242120153218626e-06,9.124225827970991e-05
137.7494697000002,0.0,0.0,0.0,1.5649244549697085e-07,-1.924593191200709e-06,9.138844215137258e-05
137.80113549999805,0.0,0.0,0.0,1.568192358094126e-07,-1.9250096486615785e-06,9.153486507984097e-05
137.85404240000207,0.0,0.0,0.0,1.5714445433366833e-07,-1.92543619132393e-06,9.168144898963268e-05
137.90134160000162,0.0,0.0,0.0,1.5746919689879943e-07,-1.9258648402943905e-06,9.1828164601215e-05
137.95133740000165,0.0,0.0,0.0,1.5779388804355007e-07,-1.9262929876668285e-06,9.19749980409361e-05
138.00061260000075,0.0,0.0,0.0,1.5811856112867988e-07,-1.926719812257802e-06,9.21219406557119e-05
138.05372180000268,0.0,0.0,0.0,1.5844329751567454e-07,-1.927144857765482e-06,9.226898583965173e-05
138.10107620000053,0.0,0.0,0.0,1.587681254083277e-07,-1.9275679769638425e-06,9.241612767302073e-05
138.1515614000018,0.0,0.0,0.0,1.5909299257569836e-07,-1.9279890430534115e-06,9.256336047152607e-05
138.2017782999974,0.0,0.0,0.0,1.594179221348386e-07,-1.9284080473908952e-06,9.271067870179e-05
138.2537033999979,0.0,0.0,0.0,1.5974292004377003e-07,-1.9288247743024627e-06,9.285807753656168e-05
138.3021551999991,0.0,0.0,0.0,1.6006800152006995e-07,-1.9292392123345844e-06,9.300555210194399e-05
138.35341080000217,0.0,0.0,0.0,1.6039311459746476e-07,-1.929651265873775e-06,9.315309788159815e-05
138.48824199999945,0.0,0.0,0.0,1.6071832322162678e-07,-1.930060793709074e-06,9.330071035241744e-05
138.51350770000136,0.0,0.0,0.0,1.6104357057165428e-07,-1.930467879454299e-06,9.344838529560046e-05
138.56179580000025,0.0,0.0,0.0,1.6136889877896437e-07,-1.9308723256631416e-06,9.359611872541157e-05
138.60649600000033,0.0,0.0,0.0,1.6169426980296038e-07,-1.931274103270411e-06,9.374390684270106e-05
138.6579434000014,0.0,0.0,0.0,1.6201971199515564e-07,-1.9316731403934485e-06,9.3891745983706e-05
138.70865570000024,0.0,0.0,0.0,1.62345197155167e-07,-1.9320694049876557e-06,9.403963241366057e-05
138.76054139999906,0.0,0.0,0.0,1.6267074899643677e-07,-1.9324628840989412e-06,9.418756265976245e-05
138.80782010000257,0.0,0.0,0.0,1.6299635159144675e-07,-1.932853403647852e-06,9.433553365559485e-05
138.859234800002,0.0,0.0,0.0,1.6332200685914132e-07,-1.9332410041358523e-06,9.448354214375708e-05
138.90844030000153,0.0,0.0,0.0,1.6364771295179252e-07,-1.9336256567448625e-06,9.463158506447471e-05
138.9611248000001,0.0,0.0,0.0,1.639734946256091e-07,-1.9340072384439107e-06,9.477965951116311e-05
139.00679160000436,0.0,0.0,0.0,1.6429926786766307e-07,-1.9343857085149087e-06,9.492776258621796e-05
139.0589794999978,0.0,0.0,0.0,1.6462514709807973e-07,-1.93476110264953e-06,9.507589185147868e-05
139.10836250000284,0.0,0.0,0.0,1.6495104537212956e-07,-1.9351333282050837e-06,9.522404452036822e-05
139.15986659999908,0.0,0.0,0.0,1.6527701815079994e-07,-1.9355023242406098e-06,9.53722183035552e-05
139.2087748999984,0.0,0.0,0.0,1.6560299197282226e-07,-1.935868133534575e-06,9.55204104521921e-05
139.25660190000053,0.0,0.0,0.0,1.6592904905712384e-07,-1.9362306212337254e-06,9.566861884345896e-05
139.30797539999912,0.0,0.0,0.0,1.6625509795122786e-07,-1.936589843066281e-06,9.581684098609663e-05
139.3591499000031,0.0,0.0,0.0,1.6658126040852904e-07,-1.936945713228196e-06,9.596507483496179e-05
139.4094669000042,0.0,0.0,0.0,1.6690739786137124e-07,-1.93729824299118e-06,9.611331825411294e-05
139.45950099999754,0.0,0.0,0.0,1.6723359965423605e-07,-1.9376473725981367e-06,9.626156913848403e-05
139.50698930000362,0.0,0.0,0.0,1.6755982793718783e-07,-1.9379929693688398e-06,9.640982582944117e-05
139.5586747999987,0.0,0.0,0.0,1.678860938040312e-07,-1.9383351969180515e-06,9.655808610429892e-05
139.60852510000404,0.0,0.0,0.0,1.6821241275635554e-07,-1.938673971228749e-06,9.670634804457911e-05
139.65813440000056,0.0,0.0,0.0,1.6853873586363253e-07,-1.939009140369638e-06,9.68546100405089e-05
139.70854770000005,0.0,0.0,0.0,1.688650980850498e-07,-1.939340826595277e-06,9.700287037120331e-05
139.75964580000436,0.0,0.0,0.0,1.691915027423504e-07,-1.9396689783800406e-06,9.71511272092327e-05
139.80982080000103,0.0,0.0,0.0,1.6951789754191576e-07,-1.9399934891860216e-06,9.729937888709385e-05
139.8606484999982,0.0,0.0,0.0,1.698444022188492e-07,-1.9403144662969075e-06,9.744762399246526e-05
139.90725090000342,0.0,0.0,0.0,1.701708445992793e-07,-1.9406317947660105e-06,9.759586091568823e-05
139.95950000000448,0.0,0.0,0.0,1.7049738057376765e-07,-1.9409453722355973e-06,9.774408815781822e-05
140.00689499999862,0.0,0.0,0.0,1.7082389307703567e-07,-1.9412553948294593e-06,9.789230425124104e-05
140.05827950000094,0.0,0.0,0.0,1.7115046256724823e-07,-1.9415617086947794e-06,9.804050793023203e-05
140.10737199999858,0.0,0.0,0.0,1.7147700889767456e-07,-1.9418642256731165e-06,9.818869754729751e-05
140.15744809999887,0.0,0.0,0.0,1.7180360806246307e-07,-1.9421630858605554e-06,9.83368720276637e-05
140.20791170000302,0.0,0.0,0.0,1.7213024523814398e-07,-1.942458230428329e-06,9.848502989474894e-05
140.2575407999975,0.0,0.0,0.0,1.7245687807975218e-07,-1.9427495500065675e-06,9.863317004059382e-05
140.30779579999944,0.0,0.0,0.0,1.7278352722615364e-07,-1.9430370857125097e-06,9.878129112402669e-05
140.35775889999786,0.0,0.0,0.0,1.7311018319268456e-07,-1.9433208550191883e-06,9.892939182610966e-05
140.4093353999997,0.0,0.0,0.0,1.7343684734954558e-07,-1.943600800364141e-06,9.907747119871239e-05
140.46011610000278,0.0,0.0,0.0,1.737635600375006e-07,-1.9438768675241556e-06,9.922552815155932e-05
140.5091584000038,0.0,0.0,0.0,1.7409027729445106e-07,-1.944149152342818e-06,9.937356137684392e-05
140.55849560000206,0.0,0.0,0.0,1.7441700032552505e-07,-1.9444174850253955e-06,9.952157005744705e-05
140.61058780000167,0.0,0.0,0.0,1.7474371062373108e-07,-1.944682044018607e-06,9.966955294548704e-05
140.65886070000124,0.0,0.0,0.0,1.750704804982686e-07,-1.944942631832684e-06,9.981750911275678e-05
140.70642039999802,0.0,0.0,0.0,1.7539721661462485e-07,-1.9451993316435174e-06,9.996543757790247e-05
140.75731649999943,0.0,0.0,0.0,1.757239636200277e-07,-1.945452094497104e-06,0.00010011333728395087
140.8065069000004,0.0,0.0,0.0,1.7605074604134614e-07,-1.9457009748637053e-06,0.00010026120730717052
140.85855879999872,0.0,0.0,0.0,1.763775223380868e-07,-1.94594585799147e-06,0.00010040904683270047
140.9107487000001,0.0,0.0,0.0,1.767042725609382e-07,-1.946186785296978e-06,0.00010055685481916771
140.95756110000366,0.0,0.0,0.0,1.7703108381249285e-07,-1.946423773168814e-06,0.00010070463047378986
141.01046399999905,0.0,0.0,0.0,1.773578523126523e-07,-1.946656749919796e-06,0.00010085237294623568
141.05694650000078,0.0,0.0,0.0,1.776846360185115e-07,-1.9468857458770867e-06,0.0001010000812483501
141.10803809999925,0.0,0.0,0.0,-0.0003706884470728644,-0.0010248504116993325,-0.12529561230833178
141.1577737999978,0.0,0.0,0.0,-0.0007303455718566319,-0.0016118590239478656,-0.3286923730706841
141.2125167999984,0.0,0.0,0.0,-0.001082788239154506,-0.00043092248409349194,-0.5273003682208326
141.25851770000008,0.0,0.0,0.0,-0.0014877587967523356,0.00020215754122590715,-0.7441707949107567
141.31076520000352,0.0,0.0,0.0,-0.0016918259467917538,0.0025677760282439436,-0.9880574320110185
141.35677479999868,0.0,0.0,0.0,-0.0019849185736054405,0.0014506160645313538,-1.2426712227714762
141.40738489999785,0.0,0.0,0.0,-0.0023085637769064945,0.002427518448283492,-1.5221268677083684
141.45869920000405,0.0,0.0,0.0,-0.0032332976866335825,-0.0023927810654408846,-1.7849717286256663
141.51071380000212,0.0,0.0,0.0,-0.0034892730624859073,0.0002641233328393057,-1.8863576869438128
141.55955820000236,0.0,0.0,0.0,-0.004018052253491464,-0.0026761155460776594,-1.8891765618471412
141.60752050000156,0.0,0.0,0.0,-0.0034837583169712283,0.0027202556458187626,-1.8828822616981766
141.65849739999976,0.0,0.0,0.0,-0.0036517460241826173,-0.0010532094974070082,-1.882127649541282
141.70760200000223,0.0,0.0,0.0,-0.0035169790422277195,0.001929290079688371,-1.8834762381484556
141.75862000000052,0.0,0.0,0.0,-0.003849152173625109,-0.003097716727931733,-1.8806871649928074
141.808280199999,0.0,0.0,0.0,-0.003624248185083138,0.0028711313784435194,-1.8821157508580033
141.85817320000206,0.0,0.0,0.0,-0.003956600294024506,-0.0027448336967698357,-1.8822465425724888
141.90813809999963,0.0,0.0,0.0,-0.003345985138171147,0.0038794985914231924,-1.798224779402524
141.96081460000278,0.0,0.0,0.0,-0.0035180528723716457,-0.002547037514531016,-1.6678701340136364
142.00760340000124,0.0,0.0,0.0,-0.003337209880261928,-0.0015540299114628195,-1.5412567518517928
142.059199299998,0.0,0.0,0.0,-0.0028023965785975297,0.0017317381538317325,-1.4080861238464337
142.1082258000024,0.0,0.0,0.0,-0.0026431234029717413,0.0002934343432406165,-1.3045799148193642
142.15984880000178,0.0,0.0,0.0,-0.0025233397470330833,-0.0016951986054567721,-1.2035339212733782
142.20820249999815,0.0,0.0,0.0,-0.0023896271461053675,-0.00114985586468421,-1.1131218035331476
142.2574061999985,0.0,0.0,0.0,-0.002084395529306185,0.002421055289261749,-1.0212503079782864
142.30693070000416,0.0,0.0,0.0,-0.0019317147940954016,0.00018424528641194612,-0.9412302601279059
142.35912380000082,0.0,0.0,0.0,-0.001975721472253288,-0.0037113290024626956,-0.8683863972377999
142.40904140000202,0.0,0.0,0.0,-0.001812603554606649,-0.0009273585968248768,-0.8059734359813392
142.45806789999915,0.0,0.0,0.0,-0.0016851833665104,0.0004879344300781705,-0.7428287276755308
142.50963539999793,0.0,0.0,0.0,-0.0015776713414242536,-4.5153110521583604e-05,-0.6848116603472566
142.55893410000135,0.0,0.0,0.0,-0.0005093232881441213,-0.004954163457291843,-0.00694380170050087
142.6079591000016,0.0,0.0,0.0,6.571414527073568e-06,6.194338329286883e-05,-0.008695126336889156
142.65862760000164,0.0,0.0,0.0,-9.370692170849569e-06,0.00035687294442989014,-0.010327405642870425
142.70723569999973,0.0,0.0,0.0,-0.00034728241917765187,0.005935988348370366,-0.13639449366367118
142.7583702999982,0.0,0.0,0.0,-0.0002989680495813376,0.00037662091481324017,-0.13613361900387405
142.80880839999736,0.0,0.0,0.0,-0.0002967707055129026,3.626466292003872e-05,-0.13598283489343893
142.8578415000011,0.0,0.0,0.0,-0.0002962240863578384,1.224858133032207e-05,-0.13583249671028497
142.90644740000425,0.0,0.0,0.0,-0.0002955256198175593,1.1915008203559922e-05,-0.13567918321239583
142.95812470000237,0.0,0.0,0.0,-0.00029454966529772735,1.3326878215429968e-05,-0.13552454138593367
143.00807290000375,0.0,0.0,0.0,-0.00029312866548284334,1.5539991761354276e-05,-0.13536928583930732
143.05720080000174,0.0,0.0,0.0,-0.00029093887503833056,1.7075167774415937e-05,-0.13521877934888327
143.1094013000038,0.0,0.0,0.0,-0.0002875546900484478,1.8309908841527234e-05,-0.13507814660007997
143.15761410000414,0.0,0.0,0.0,-0.0008650733221970086,0.00017566884555693689,-0.39366265207126966
143.20705940000335,0.0,0.0,0.0,-0.0013888674819970393,0.0005639737623949036,-0.6516998707950279
143.2607613,0.0,0.0,0.0,-0.0017923871286164555,-0.0018896171837153967,-0.8068927260634935
143.30869389999862,0.0,0.0,0.0,-0.0017907976778914524,-0.0013120888876375402,-0.7511269145274337
143.35763240000233,0.0,0.0,0.0,-0.0018099361635084553,-0.005278447750066366,-0.7464916284729488
143.40776400000323,0.0,0.0,0.0,-0.0021920947684746232,0.0007912488242244504,-0.7521898289813101
143.45761230000062,0.0,0.0,0.0,-0.0020425731717329328,0.0014151395286838907,-0.7706811278843475
143.50748290000047,0.0,0.0,0.0,-0.0019454052595513987,0.0016952104937428326,-0.7965678647143377
143.55740470000455,0.0,0.0,0.0,-0.001608022997855142,0.004639525748100246,-0.8278199012840257
143.60879130000103,0.0,0.0,0.0,-0.0021576567880568225,-0.006067330451924709,-0.8584484811851846
143.65851040000416,0.0,0.0,0.0,-0.0022514661530544204,0.004892619241063576,-0.8484256054444081
143.70645350000268,0.0,0.0,0.0,-0.002134974673729015,0.0013441505966505323,-0.7622931352129202
143.75718620000407,0.0,0.0,0.0,-0.0011744975047791523,0.00411998553382468,-0.6001694223424626
143.80687430000398,0.0,0.0,0.0,-0.0009393426837093084,-0.0050522996290067665,-0.43577645129372317
143.85832179999852,0.0,0.0,0.0,0.00011218989002275491,0.012005512369776877,-0.24951271555526822
143.90697170000203,0.0,0.0,0.0,0.00011549407586095409,0.002919762053438513,-0.0711326381184497
143.95742009999958,0.0,0.0,0.0,-1.3649611715101602e-05,0.0014149833301600558,-0.031238022817674335
144.00738170000113,0.0,0.0,0.0,3.482516689137116e-05,-0.0013914940557440345,-0.03413624181666583
144.05718580000394,0.0,0.0,0.0,1.9791609875886013e-05,0.003507721512162231,-0.04753901944212171
144.109535100004,0.0,0.0,0.0,-0.00015488415971871275,-0.0193490226418221,-0.013159213851345004
144.157918900004,0.0,0.0,0.0,-2.496182515136064e-05,-0.0012554050523817103,-0.012997327588373922
144.20755980000104,0.0,0.0,0.0,-2.9445510699433128e-05,-8.28013011063865e-05,-0.012979138072110836
144.25849530000414,0.0,0.0,0.0,-2.9042803691826412e-05,5.870149599840988e-06,-0.012965196918998504
144.30962459999864,0.0,0.0,0.0,-2.987066872400595e-05,7.828585954833579e-06,-0.012949638657024566
144.35797769999772,0.0,0.0,0.0,-3.0020365298526305e-05,6.678327723061526e-06,-0.012933955084633051
144.4074735000031,0.0,0.0,0.0,-3.059684602370847e-05,3.135596888994487e-06,-0.012916743758674586
144.4572268999982,0.0,0.0,0.0,-9.279028946337425e-05,-2.458852279902822e-06,-0.027605390814928483
144.5113687999983,0.0,0.0,0.0,-4.040396196801844e-06,0.004884081236510339,-0.042433792125051245
144.55704169999808,0.0,0.0,0.0,-0.00014100694338349505,-0.0015690625691365248,-0.06216343167540522
144.60690949999844,0.0,0.0,0.0,-0.00014515455190389554,0.004372915629263795,-0.08695327994763591
144.66087479999987,0.0,0.0,0.0,-0.0002726513989431323,-0.002090791282082047,-0.11799338134171669
144.70751739999832,0.0,0.0,0.0,-0.00023809617538885815,0.00667117229826463,-0.15237186386011475
144.7589502999981,0.0,0.0,0.0,-0.00046196262900713485,-0.004813727798834355,-0.18941679584471854
144.80790530000377,0.0,0.0,0.0,-0.0006098633743841569,0.005835924918527009,-0.25433941101052415
144.85932499999763,0.0,0.0,0.0,-0.0006951476882328892,0.002441492975737756,-0.3996779074433081
144.90846540000348,0.0,0.0,0.0,-0.0006544746983855776,0.0013035371967678863,-0.5063452061952709
144.9591008999996,0.0,0.0,0.0,-0.0007023892101704219,0.0019565171651934232,-0.4938761755419246
145.00864410000213,0.0,0.0,0.0,-0.0006861887675032579,0.0016384270333331865,-0.45084791619958925
145.0566661999983,0.0,0.0,0.0,-0.0006608097320005904,-0.0032129709741002183,-0.4108656151445813
145.10898330000055,0.0,0.0,0.0,-0.0005692052483372812,-0.000525597337382197,-0.38505905812775804
145.16025739999895,0.0,0.0,0.0,-0.0005029162846059658,0.0021820023210825323,-0.3639499126503662
145.2074891000011,0.0,0.0,0.0,-0.0004057771424464327,0.0023900832425733654,-0.3435126816558976
145.25847120000253,0.0,0.0,0.0,-0.0004934126776591852,-0.002491838056721184,-0.3224733058099838
145.30677470000228,0.0,0.0,0.0,-0.00048146270970990244,-0.0022640020902459316,-0.30180360065734313
145.36131569999998,0.0,0.0,0.0,-0.0004529376774506096,0.00018352283458487415,-0.28314852479835717
145.40915210000094,0.0,0.0,0.0,-0.0004373839572983747,-0.0012453987754665918,-0.26737751122165704
145.45772910000233,0.0,0.0,0.0,-0.0003708024825759865,0.0017861901979160733,-0.25207348489372083
145.50944670000172,0.0,0.0,0.0,-0.0003679852569726179,0.0008465211122489758,-0.2371020731102665
145.55758870000136,0.0,0.0,0.0,-0.000343615633111944,-0.0005331246374102209,-0.22311713271589434
145.60829730000114,0.0,0.0,0.0,-0.0003406747532874629,-0.0006790899371971228,-0.21078727040175213
145.65947430000233,0.0,0.0,0.0,-0.00033511964826174126,-8.58651679779104e-05,-0.20006549544271793
145.70869680000033,0.0,0.0,0.0,-0.0002459549759646337,0.001154110489027071,-0.19018711967709584
145.75791390000086,0.0,0.0,0.0,-0.00012829023937077714,0.004435266301320299,-0.1800613875277607
145.8089445000005,0.0,0.0,0.0,-0.00034187665114932203,-0.005897604543667065,-0.17143639811592737
145.85846909999964,0.0,0.0,0.0,-0.00018793863098225973,0.003085614087633025,-0.1628783531789912
145.90670600000158,0.0,0.0,0.0,-0.00016580868783620784,0.0031799739092166464,-0.15559773417905892
145.95770569999877,0.0,0.0,0.0,-0.00024602351531622074,-0.004676485957863999,-0.1489098696975228
146.0099577000001,0.0,0.0,0.0,-0.00021777752591770917,2.4096112636948536e-05,-0.14235813580091983
146.0575480999978,0.0,0.0,0.0,-0.00019346040451798257,0.0004130791560670479,-0.1366262076880261
146.10828610000317,0.0,0.0,0.0,-0.00015735099653218143,0.0019130708224521543,-0.13069156772100973
146.15849529999832,0.0,0.0,0.0,-0.00017174121794470338,0.001120733864139483,-0.12653718034083178
146.20968250000442,0.0,0.0,0.0,-0.00019525674062649323,-0.0030633144498089532,-0.12218490753591703
146.25728360000357,0.0,0.0,0.0,-0.00015429316581545686,0.00040366854229274655,-0.11818334396828709
146.3072433999987,0.0,0.0,0.0,-0.0001722257379158062,-0.0020740483685355612,-0.115095760083737
146.3573028000028,0.0,0.0,0.0,-0.00015666465072812746,0.003452817766200324,-0.11249151570888077
146.4077860000034,0.0,0.0,0.0,-0.0001822980863645657,-0.003036659992270309,-0.11033727996888659
146.45775090000097,0.0,0.0,0.0,-0.00016376278862368396,0.00020534591701405094,-0.10930588339707281
146.50769220000075,0.0,0.0,0.0,-9.881228294158916e-05,0.005248741101117128,-0.1080822365936854
146.55790030000207,0.0,0.0,0.0,-0.00019783590451949776,-0.0007788800482934917,-0.10706011673253439
146.60835919999954,0.0,0.0,0.0,-0.00024224431082440432,-0.0007505421744755162,-0.10741281462664534
146.65938299999834,0.0,0.0,0.0,-0.00016448615279392786,0.0023528523645370497,-0.10972302558163724
146.70749120000255,0.0,0.0,0.0,5.838864143070699e-05,-0.005372679082800406,-0.11230236542476824
146.76045750000048,0.0,0.0,0.0,-0.00026860492113130695,-0.0021260787651230396,-0.11605282951509543
146.80653149999853,0.0,0.0,0.0,-0.00014148989288491882,0.006775023226967311,-0.12157062694706325
146.85912610000378,0.0,0.0,0.0,-0.00027617412547445257,-0.006955595595819655,-0.13109199466612975
146.90618579999864,0.0,0.0,0.0,-0.000195265815651587,0.0027230390430572765,-0.14477976412506902
146.95652359999804,0.0,0.0,0.0,-0.00031755805569939384,-0.0043595254939261885,-0.16619649625343544
147.10117449999962,0.0,0.0,0.0,-0.00037410628706207515,0.0009669237965621272,-0.20043500123083957
147.122586700003,0.0,0.0,0.0,-0.0002719244186484423,0.010297085958246932,-0.19780791226550268
147.173354999999,0.0,0.0,0.0,-0.000269359321094019,-7.907391914930049e-05,-0.19052893892951428
147.2219996999993,0.0,0.0,0.0,-0.00016743135076333486,0.001735507753124297,-0.17379958894783054
147.27036000000226,0.0,0.0,0.0,-0.0001039339804707959,0.0005084727172742161,-0.15414465906744437
147.3244199000037,0.0,0.0,0.0,-0.0001388718538519717,0.0004486758602624475,-0.13109327946382418
147.37140920000093,0.0,0.0,0.0,-9.63464550595958e-05,-0.0004415207893325803,-0.10703259518041289
147.42173159999948,0.0,0.0,0.0,-6.626651913294699e-05,-9.243284600773315e-05,-0.08138723029476444
147.47002439999778,0.0,0.0,0.0,-1.8531805230449965e-05,-0.00015735950597386015,-0.05582104950021968
147.52102900000318,0.0,0.0,0.0,1.8625103463114268e-05,-9.760505613534927e-07,-0.027902108463144934
147.57250519999798,0.0,0.0,0.0,3.580983680630288e-05,-0.013272387390314614,-0.001844207016781571
147.6214301,0.0,0.0,0.0,-4.099209300484068e-07,-0.0011368659188976805,-0.0010752734551509977
147.6700095999986,0.0,0.0,0.0,-1.9284202741092784e-07,0.00012691315466160772,-0.0007105156883122823
147.72007809999923,0.0,0.0,0.0,-1.4846102171512704e-06,7.988138519634884e-07,-0.0005616434041167299
147.77251690000412,0.0,0.0,0.0,-1.2157117438780674e-06,-7.891128460506705e-07,-0.00048732685309683856
147.82358950000344,0.0,0.0,0.0,2.7186153879756878e-05,0.0001677534846506108,-1.5063392320333431e-05
147.87058770000294,0.0,0.0,0.0,0.00028557713872115904,0.0008461304948193798,0.11825219954438179
147.92137290000392,0.0,0.0,0.0,0.00022316177007574746,-4.7605011378916136e-05,0.11773911722609964
147.97290559999965,0.0,0.0,0.0,3.545481393841167e-05,0.004090494775298146,0.09625301629201838
148.0248877999984,0.0,0.0,0.0,0.00030179599864763095,-0.003995670101415582,0.11755337777291655
148.07292840000446,0.0,0.0,0.0,0.0004007170805075809,-0.00033263187656762324,0.12866595436388473
148.1211095000035,0.0,0.0,0.0,9.530513478279302e-05,0.003902029701541367,0.11815232732349641
148.17151190000004,0.0,0.0,0.0,0.000274493868136772,0.0017413221935930017,0.12834476531665415
148.222107900001,0.0,0.0,0.0,1.814433828782486e-05,-0.005723165425040578,0.1078885793081062
148.26986240000406,0.0,0.0,0.0,0.0007277935213785878,-0.0009570844104553117,0.2637419469702513
148.32439210000302,0.0,0.0,0.0,0.0008152019596854502,-0.0014437295660805058,0.3984737159183496
148.37344999999914,0.0,0.0,0.0,0.001295450907034649,-0.0009860596973578363,0.5445987366769527
148.42331040000136,0.0,0.0,0.0,0.001146995882801353,0.0006754586994322521,0.713326496510108
148.47067709999828,0.0,0.0,0.0,0.001602252393750686,0.001851972106286197,0.9470198979796303
148.52245280000352,0.0,0.0,0.0,0.002023295247414383,0.001846828585892117,1.2389490872230833
148.57162880000396,0.0,0.0,0.0,0.002346928484564321,0.004255765189704569,1.5387807702494551
148.62203520000185,0.0,0.0,0.0,0.002840772487360291,-0.006775791527593271,1.7203561997308048
148.67023419999896,0.0,0.0,0.0,0.004341382646625341,-0.0013591131301683413,1.7199793623146404
148.7218709000008,0.0,0.0,0.0,0.003080074961538493,7.13645854191411e-05,1.7307906504820902
148.77174699999887,0.0,0.0,0.0,0.003619612487692424,-0.0022279381461555847,1.7984961652587061
148.82455270000355,0.0,0.0,0.0,0.0035653476554381638,0.0020087229955405355,1.8712733172200877
148.87244669999927,0.0,0.0,0.0,0.003282814991352464,0.0015676786089660285,1.881579570345588
148.92038300000422,0.0,0.0,0.0,0.004282062067584453,-0.001621233117824236,1.8681151296112242
149.02630769999814,0.0,0.0,0.0,0.0027825774997307737,-0.0003790574318153332,1.7721912241284055
149.05249200000253,0.0,0.0,0.0,0.0032320001196868503,-0.0033302001093000223,1.6279427212267379
149.09734780000144,0.0,0.0,0.0,0.003024141042101784,0.0008073742687396564,1.496582917684487
149.14666630000283,0.0,0.0,0.0,0.0026800277692642584,0.002120190848229462,1.3719779127789298
149.19721890000073,0.0,0.0,0.0,0.002501818851445488,-0.001084055954294246,1.2669735200233307
149.2486543999985,0.0,0.0,0.0,0.0024268864654493835,-0.002044708517093209,1.1687303012682746
149.30205189999833,0.0,0.0,0.0,0.002060830870725055,0.0026344038754471263,1.074327574192068
149.34991940000327,0.0,0.0,0.0,0.0018372725209567905,0.0008251453743631371,0.9907812684870605
149.3950044000012,0.0,0.0,0.0,0.0018007791780044772,-0.001957765744719161,0.9132261246410894
149.44720850000158,0.0,0.0,0.0,0.001867116286955291,-0.003573587619930549,0.8398437995736843
149.49538439999742,0.0,0.0,0.0,0.001989790796389874,-0.0013376784982726683,0.7722160044403715
149.54792190000444,0.0,0.0,0.0,0.0016774872332213397,1.0744232522220876e-05,0.7113049973196857
149.59576430000016,0.0,0.0,0.0,0.0015243541784765904,4.9721965651497045e-05,0.6603167178901141
149.64606220000132,0.0,0.0,0.0,0.0015813290060452763,-0.00488432545072765,0.6446385750659298
149.69617260000086,0.0,0.0,0.0,0.001595075175090621,0.0017575918153292097,0.6340130428437201
149.7479461000039,0.0,0.0,0.0,0.0015856764820438053,0.0014871267690800322,0.634514539740157
149.7961628999983,0.0,0.0,0.0,0.0015203793925587345,0.0018411162081505476,0.6504752253393711
149.846804599998,0.0,0.0,0.0,0.001649052255520575,-0.0012734241723235445,0.6732723625993229
149.89717139999993,0.0,0.0,0.0,0.0016907507204868494,-0.002398931536203221,0.6725088609396543
149.9474721000006,0.0,0.0,0.0,0.0015947919803691608,0.003209799250883932,0.6158209779688746
149.99582499999815,0.0,0.0,0.0,0.0010227908852568366,0.0025605194688889,0.5021202061864101
150.04597459999786,0.0,0.0,0.0,0.0006754612603226262,0.0025882834142199745,0.3457144110572383
150.09590749999916,0.0,0.0,0.0,0.0003481957638352726,-0.002130759943973003,0.1836606103587063
150.14783950000128,0.0,0.0,0.0,0.0004115154464592284,0.010808402325592492,0.11909105343731605
150.1957442999992,0.0,0.0,0.0,-0.000293730180111818,0.004385390801185961,0.18023488330582457
150.24643050000304,0.0,0.0,0.0,0.000449381476316657,-0.0034491804412086395,0.20171009256800615
150.29641980000451,0.0,0.0,0.0,0.00033551881715931567,0.0012189316121518103,0.19879973067872553
150.34701309999946,0.0,0.0,0.0,0.00012689454498531903,-0.0003143786474731887,0.18139620801568626
150.40011139999842,0.0,0.0,0.0,0.0001311957814445861,0.0001346644470265647,0.16751807592028764
150.44621890000417,0.0,0.0,0.0,0.0002671294106913941,0.0025235310285147573,0.15768881833495188
150.49688360000437,0.0,0.0,0.0,0.0003323456139407498,-0.00279126572199744,0.15020044715210057
150.54493720000028,0.0,0.0,0.0,0.00025336468326251645,-0.0022823147331246497,0.14104400938295963
150.59824920000392,0.0,0.0,0.0,-9.98548073829052e-05,0.005433714251799594,0.1303531951319877
150.6468281999987,0.0,0.0,0.0,0.0003144703690838005,-0.001355748896148434,0.11784702537210472
150.696042399999,0.0,0.0,0.0,0.00011196807204987908,-0.002478542912913417,0.1146659070651922
150.7472901000001,0.0,0.0,0.0,0.00016020016114260755,-0.00011276124661227163,0.10856368246242135
150.7959467000037,0.0,0.0,0.0,0.0001742789557662161,0.0016389729610980755,0.10225301790046092
150.84632989999955,0.0,0.0,0.0,0.00012176503122759413,-0.0032741179638911383,0.09654347094866415
150.89710419999756,0.0,0.0,0.0,0.00015328377911530552,0.002844629994624062,0.09101235422994383
150.94602830000076,0.0,0.0,0.0,0.00010948999100755534,-0.0017413273676511027,0.08592068455636423
150.99765440000192,0.0,0.0,0.0,0.00015667578209046514,0.0008633270580237437,0.0816090475300584
151.0472074999998,0.0,0.0,0.0,0.0003128824112688945,0.0009632237753890756,0.07725704716617574
151.09723179999855,0.0,0.0,0.0,0.00012294881836717186,-0.0027872649150675497,0.07361137758126876
151.1454373000015,0.0,0.0,0.0,9.608973098277188e-05,0.00237279451358238,0.06990834023890138
151.19482360000256,0.0,0.0,0.0,-0.00017524122686124618,0.001529269015889716,0.0666435547891224
151.24803090000205,0.0,0.0,0.0,8.128822497283298e-05,-0.0010419942368313645,0.0629632164575956
151.2953323000038,0.0,0.0,0.0,0.00011380640468922068,0.0024927140546558762,0.06055912097300005
151.34737860000314,0.0,0.0,0.0,4.5007396883239257e-05,-0.0025537459841363398,0.05806754506401086
151.39592090000224,0.0,0.0,0.0,9.492612070853355e-05,0.0023189931429467457,0.0556950569753223
151.44971320000332,0.0,0.0,0.0,1.2783118278674015e-05,-0.003854444379004099,0.05365178774168443
151.495216299998,0.0,0.0,0.0,0.00010700300941405419,0.000785549702308607,0.051766807601313594
151.54689810000127,0.0,0.0,0.0,3.1230239779216675e-05,-0.002547378164512181,0.05011172008508619
151.59707850000268,0.0,0.0,0.0,0.00012041979663821422,0.0010855349547500893,0.048797680444055594
151.64785760000086,0.0,0.0,0.0,7.13800790562431e-05,0.001738518060195348,0.04732199673265603
151.69504930000403,0.0,0.0,0.0,6.81360243593457e-05,0.0004529480861276802,0.04627615906477978
151.74774510000134,0.0,0.0,0.0,6.644492461113125e-05,0.0010812574009931857,0.04566250820533229
151.7950295999981,0.0,0.0,0.0,8.227501731889535e-05,-0.002137072464221129,0.04506396065594709
151.8461016000001,0.0,0.0,0.0,3.9668064474979665e-06,-0.001492686747480315,0.04504026412786507
151.89724289999867,0.0,0.0,0.0,0.00013970257537904,0.010028434246391589,0.0592568236226152
151.9464616000041,0.0,0.0,0.0,0.00011464046925970726,0.002654492076482613,0.07618643700501422
151.99462579999818,0.0,0.0,0.0,0.0001635265418697355,-0.00010377224761236747,0.09562257888783794
152.04551840000204,0.0,0.0,0.0,0.00010455610743428142,0.0015153447270329547,0.11315979624098844
152.0966602000044,0.0,0.0,0.0,0.00018040463927535835,-0.0013897462710035792,0.1246086351495968
152.14614989999973,0.0,0.0,0.0,0.00016670084508226088,-0.007731282419959342,0.17447089072904265
152.1950130999976,0.0,0.0,0.0,0.000422468441753613,-0.0013664918007692288,0.30449394603785374
152.24628420000226,0.0,0.0,0.0,0.0007976163233145749,0.0021019906213389236,0.43305053211228484
152.29647040000418,0.0,0.0,0.0,0.000870422168642304,-0.0013567743322556308,0.5872099862798231
152.3445195000022,0.0,0.0,0.0,0.001062797334578827,0.00020194131680293263,0.7465487075024302
152.39447179999843,0.0,0.0,0.0,0.0011968297938648696,0.0002573486993015151,0.9120732483509281
152.4476618999979,0.0,0.0,0.0,0.001448790502062986,-0.0004361939786713589,1.085785218506447
152.49757430000318,0.0,0.0,0.0,0.0018346612036086898,-0.0013381027020294577,1.2597752146356038
152.54518069999904,0.0,0.0,0.0,0.0017753028072880217,0.00029341814388268,1.4523773073272146
152.5957256000038,0.0,0.0,0.0,0.0024885766844903773,0.0004812195140645113,1.666573069153336
152.6462163000033,0.0,0.0,0.0,0.003151501881477115,-0.004067204092414169,1.8614283599968893
152.6962898999991,0.0,0.0,0.0,0.0032800908301194175,-0.002476071403834234,1.882472710241812
152.74713860000338,0.0,0.0,0.0,0.0036017228761602528,-0.00599455048573725,1.8635337526247486
152.7951338999992,0.0,0.0,0.0,0.0035863425414660007,0.0017008838023207854,1.871508125197283
152.8449980000005,0.0,0.0,0.0,0.003014046060418033,0.0024221590675052177,1.882081163324128
152.89476619999914,0.0,0.0,0.0,0.003167179986510676,7.982231927926135e-05,1.881045060718371
152.94715920000453,0.0,0.0,0.0,0.0034359032548501455,-0.0005185102860384297,1.8837680207038914
152.9976850000021,0.0,0.0,0.0,0.00450328231208968,-0.002223423461075464,1.8743721074202124
153.0441634000017,0.0,0.0,0.0,0.0037331085311866474,0.0008804551851602692,1.7699093904457777
153.09581649999745,0.0,0.0,0.0,0.003161810539581611,-0.0026836970021340257,1.626766399562583
153.1477326000022,0.0,0.0,0.0,0.0030168230270445806,0.0004074643656936051,1.500529987873154
153.19576640000014,0.0,0.0,0.0,0.0028021612768423603,0.0021411787899262217,1.3800337819286612
153.24670019999758,0.0,0.0,0.0,0.0027877468146486613,-0.0006148208324017395,1.2721702561630397
153.29621960000077,0.0,0.0,0.0,0.0024019675518594666,-0.0004884244481507298,1.1689583179924945
153.34870619999856,0.0,0.0,0.0,0.002214957116631463,-0.0013056428133667438,1.0757606494223806
153.3967554999981,0.0,0.0,0.0,0.0019500565814660471,0.001986617282958206,0.9950315115122866
153.44714940000267,0.0,0.0,0.0,0.0017694434171940006,-1.5356354738251015e-05,0.910415558668155
153.49709850000363,0.0,0.0,0.0,0.0019155792586891172,-0.0043998102452254524,0.8444334032768065
153.5468381000028,0.0,0.0,0.0,0.001792840292078653,-0.0020507687814071613,0.7801717984562855
153.59744800000044,0.0,0.0,0.0,0.0016226846449496958,0.00010022670416120875,0.7208150725943606
153.6446599999981,0.0,0.0,0.0,0.0015080032531528183,-7.75494515606756e-05,0.6627083972865453
153.69606329999806,0.0,0.0,0.0,0.001572238807682893,-0.0060283232759140715,0.6461201982634934
153.7450411000027,0.0,0.0,0.0,0.0015111305249113742,0.0015538975037558678,0.6340362489433825
153.79597340000328,0.0,0.0,0.0,0.0016962035290845172,0.0005509277153031333,0.637431209147489
153.84606680000434,0.0,0.0,0.0,0.001763085455855301,0.002134217658564353,0.6667073046996015
153.89564480000263,0.0,0.0,0.0,0.0011966976575682098,0.001889125459120928,0.6943571989609844
153.9460435000001,0.0,0.0,0.0,0.0018566073873139775,-0.002053390057436023,0.6984376319438129
153.9978203999999,0.0,0.0,0.0,0.0016168262486690064,0.0047891681006434405,0.6579002609235597
154.05423780000274,0.0,0.0,0.0,0.0011540142300533842,0.000119485557346275,0.5267580548544125
154.09503080000286,0.0,0.0,0.0,0.0008824234248782998,0.0035247529804610053,0.3658565280347471
154.14508480000222,0.0,0.0,0.0,0.00027225712497020186,6.54354735331111e-05,0.22821939338383318
154.19683729999815,0.0,0.0,0.0,-0.0006010006786144894,0.01049362662717548,0.1581793312400575
154.24594269999943,0.0,0.0,0.0,-0.0004908978315431289,-0.0032466736022227,0.2084429132970384
154.29480300000432,0.0,0.0,0.0,0.0002612800855629617,0.00123620984771981,0.2416054351397716
154.3465118000022,0.0,0.0,0.0,0.00022352974918040321,0.002829242103185522,0.22260982993449172
154.39661519999936,0.0,0.0,0.0,0.00013537066561688816,-0.0036714329006197564,0.20863855487963856
154.4474149000016,0.0,0.0,0.0,0.0002420086651704709,0.0021066607831161425,0.1997304604344616
154.49585220000154,0.0,0.0,0.0,0.000162445326220244,-0.0004980124623994998,0.19120992864388275
154.54754150000372,0.0,0.0,0.0,0.0001548245115893795,0.0004182817378450117,0.18191089979868502
154.59686769999826,0.0,0.0,0.0,0.00011184917881580394,-0.0035490720569438527,0.1741609775300359
154.647999599998,0.0,0.0,0.0,0.0002199517500234911,0.0028530378552762098,0.1663924756492806
154.70007769999938,0.0,0.0,0.0,0.0010403831716919857,-0.0004772044101328407,0.15881284699086576
154.7478218000033,0.0,0.0,0.0,0.0013774219314852925,-0.002002332817695657,0.14643327113645419
154.7971622000041,0.0,0.0,0.0,0.00033397364690759807,0.00027792289282093226,0.1443572029019158
154.84821979999833,0.0,0.0,0.0,0.00042830532051870676,0.0029548304193942393,0.13973881897343385
154.8968584000031,0.0,0.0,0.0,0.00031088343140659857,-0.0026121382397868136,0.13733347489790462
154.9447172,0.0,0.0,0.0,-0.0003729955599277101,0.0016133632411067707,0.1362917409630044
154.99622510000336,0.0,0.0,0.0,0.000754010122018264,-0.0002590447573476695,0.13498593180005553
155.04701909999858,0.0,0.0,0.0,0.00022911608943941913,-0.0014120042891000437,0.13528832624731787
155.0961868000013,0.0,0.0,0.0,0.0001517332651741017,0.0018643263178311866,0.136895156063041
155.14576279999892,0.0,0.0,0.0,0.00015579897972918538,0.0009415572040860662,0.13992469868791327
155.1945143999983,0.0,0.0,0.0,0.000204422038516501,-0.0003645976681857161,0.14477056170232008
155.24671939999826,0.0,0.0,0.0,0.000342218353649334,-0.003380689026403157,0.15223764169036091
155.29696220000187,0.0,0.0,0.0,0.0003045530328518224,-0.0005340964870121095,0.16309309323013652
155.34584890000406,0.0,0.0,0.0,0.0002062689799670839,0.002423142476812426,0.17943499554493048
155.395818099998,0.0,0.0,0.0,0.0004167819410521182,-0.0020686681490280096,0.20460124760851223
155.445624400003,0.0,0.0,0.0,0.0004135196128873796,0.0021709138987300374,0.2451440891172295
155.4958814999991,0.0,0.0,0.0,0.00017122102562832189,0.009083630083692621,0.24980167931792155
155.547370100001,0.0,0.0,0.0,0.00013161713556908802,-1.1632110078149051e-05,0.25795881862053277
155.5965617000038,0.0,0.0,0.0,0.0001596858030911665,0.0008337558740331377,0.2636029096723237
155.64601499999844,0.0,0.0,0.0,0.00024610723041475723,-0.00025332299644638493,0.26067273424340903
155.69677280000178,0.0,0.0,0.0,0.00019855715936031322,0.0011849237115471344,0.25467034146512346
155.74509530000068,0.0,0.0,0.0,0.00023271310963328472,-0.0005881497491752059,0.24508679875885386
155.79449120000208,0.0,0.0,0.0,0.0002492609016752701,0.00013660286939743668,0.23635913129929836
155.8464832000027,0.0,0.0,0.0,0.0001672457317710912,-0.00093632987781368,0.2170087328347889
155.89497200000187,0.0,0.0,0.0,0.0002484670916564145,-0.0031482169431540715,0.18005214174762935
155.945741800002,0.0,0.0,0.0,5.0409259789241895e-05,-0.008580492350727977,0.05798357025211298
155.9944770000002,0.0,0.0,0.0,-4.404886373624852e-05,-0.004638317503462508,0.0005275929967958616
156.04593269999896,0.0,0.0,0.0,4.841153109100325e-05,-2.4601976836248033e-05,-1.0601334466310888e-05
156.09755610000138,0.0,0.0,0.0,8.211858650134003e-06,8.279882704197069e-05,-0.00017408422226263998
156.1478849999985,0.0,0.0,0.0,7.585229886277777e-05,-9.2620487533674e-05,-0.0002809970299028126
156.19565639999928,0.0,0.0,0.0,-4.063928928586469e-05,6.644728720818746e-05,-0.0002885445930647073
156.24430170000414,0.0,0.0,0.0,-4.486556232227244e-05,1.7454789442739803e-05,-0.00010324319426705236
156.2948314000023,0.0,0.0,0.0,4.8710390892574195e-05,3.189627460963319e-05,0.00027124969883645885
156.34668539999984,0.0,0.0,0.0,2.647208309919915e-05,-0.00021921538163872912,0.0003277201300324503
156.3949111000038,0.0,0.0,0.0,-4.357604562100301e-05,-0.00012129365647113553,-4.388654224801978e-05
156.44667350000236,0.0,0.0,0.0,-1.717985690576902e-05,0.0002795268315372154,-4.2303014015456565e-05
156.49506310000288,0.0,0.0,0.0,4.447275304411042e-05,3.5278907367175045e-05,-0.00012072678470202288
156.5456486999974,0.0,0.0,0.0,-4.475485032925906e-05,-0.00019916598115833915,-6.648445663745076e-05
156.59753450000426,0.0,0.0,0.0,4.2451584871291396e-05,3.1736460320076364e-05,-0.00014468313965564973
156.64647749999858,0.0,0.0,0.0,-8.69483771070822e-06,0.00020184005660448467,-5.039772355946807e-05
156.69533539999975,0.0,0.0,0.0,-4.897364861321384e-05,0.00018598664757667074,-0.00012288616393984383
156.74578740000288,0.0,0.0,0.0,2.779430014654616e-05,-0.0003141481214626282,-0.00022792542635856735
156.79596070000116,0.0,0.0,0.0,1.7111036654602438e-05,-0.00014222107349397565,-0.00017413524923290538
156.84483880000334,0.0,0.0,0.0,7.879077096456433e-06,5.071074992606386e-05,-0.00032230371518856323
156.8963339999973,0.0,0.0,0.0,1.2448406137987531e-05,4.880659661581702e-05,-0.0004037553273034588
156.94643730000098,0.0,0.0,0.0,-3.3138144671153814e-05,0.0002262241403175953,-0.0003032973554654759
156.99539979999827,0.0,0.0,0.0,-3.4598057606450246e-05,9.458354140258168e-06,-0.00020304341531911777
157.04582870000013,0.0,0.0,0.0,5.432090059842924e-05,-0.00034422624008434134,-0.0004028969184370595
157.09620700000232,0.0,0.0,0.0,-6.360452720546164e-07,0.00047968676359535985,-0.0002751387724135299
157.14682010000251,0.0,0.0,0.0,-0.00010618160920649641,0.00033429249061659724,-0.0002810891040500455
157.19579859999794,0.0,0.0,0.0,8.602276928895846e-05,-0.0004838433461659786,-0.000373126034841307
157.24481560000277,0.0,0.0,0.0,-2.341290977032006e-05,-0.0002123433287918184,-0.0003934690997297475
157.29505570000038,0.0,0.0,0.0,-7.308875805836799e-06,0.0005770126401421557,-0.00011506217325785678
157.3464460000032,0.0,0.0,0.0,6.948926756953909e-05,-0.0006760504800853292,-0.0002838517800596088
157.39519219999784,0.0,0.0,0.0,-6.860615445525806e-05,0.000810818281983255,-0.00020050267198368414
157.44758010000078,0.0,0.0,0.0,0.00014536512583758317,-0.001087171553036434,-0.00034199845749900194
157.49532760000147,0.0,0.0,0.0,2.148044348677829e-05,-6.688250524278191e-05,-6.58220319839974e-05
157.5459009000042,0.0,0.0,0.0,-0.00012219437269714366,0.00040205807378814357,0.00022472184125943326
157.596183200003,0.0,0.0,0.0,-1.608213482000737e-05,-1.6001805847813082e-05,4.75360121823283e-06
157.64953889999742,0.0,0.0,0.0,-7.056317322741397e-06,0.00015602837921988998,-8.177581541275099e-05
157.69577379999828,0.0,0.0,0.0,-6.883664139751866e-07,0.0006477654666425255,7.566735621442382e-05
157.74562900000456,0.0,0.0,0.0,7.038346457467545e-05,-0.0008755241686996916,-6.491590524393844e-05
157.79495139999926,0.0,0.0,0.0,-1.6280361080403787e-05,8.687750953052726e-05,8.392286983302748e-05
157.84625070000038,0.0,0.0,0.0,-5.773847624660579e-05,-0.00014343801956897618,-6.028542139456564e-05
157.8948337000038,0.0,0.0,0.0,-5.4614308421567e-07,0.00042137743199361846,-2.4398938813284717e-05
157.9448943000025,0.0,0.0,0.0,0.00010755904224809976,-0.0005253010003075291,-0.0002142808887121995
157.99560700000438,0.0,0.0,0.0,-9.004438719387505e-05,0.0004222893231844532,-0.00012124392597804143
158.04689350000262,0.0,0.0,0.0,4.069159838196574e-05,-8.11947190833835e-05,-0.0002788415245303862
158.09589440000127,0.0,0.0,0.0,-3.9191503011866756e-05,4.737549734003183e-05,-0.00029174605669492085
158.1466722000041,0.0,0.0,0.0,-2.045037765182908e-05,-0.00011164251231563107,-0.0003608348466750396
158.19668919999822,0.0,0.0,0.0,2.5154002682212278e-05,-6.494753022462404e-05,-0.00039842755441830177
158.24596880000172,0.0,0.0,0.0,2.062395401574559e-05,-0.00020278657538687085,-0.00022407962782730798
158.29580200000055,0.0,0.0,0.0,-1.0694820091003776e-05,-3.705464412540104e-06,-4.67814868027109e-05
158.34587509999983,0.0,0.0,0.0,-1.3816305950240502e-05,3.0059688072153167e-05,-5.1181660819169116e-05
158.39576600000146,0.0,0.0,0.0,3.206553385945224e-05,0.00012405118102152548,0.0002443664782336697
158.44537560000026,0.0,0.0,0.0,-5.72031359868824e-05,3.9528769202190866e-05,-4.067035714558688e-05
158.49676370000088,0.0,0.0,0.0,5.6985953266880516e-05,0.00010448045769706748,3.840710654607436e-05
158.5448569,0.0,0.0,0.0,-1.6709183275169908e-05,8.920061601736925e-05,-4.438544942993136e-05
158.5959326000011,0.0,0.0,0.0,-1.03498725173737e-05,0.0002424459763184749,-4.502339698409388e-05
158.64617220000218,0.0,0.0,0.0,-2.928538766531928e-05,-0.000309740257053074,-0.000222743234156623
158.6985335999998,0.0,0.0,0.0,-2.0290860125572638e-05,0.0004556399881307949,-0.0002946198788535951
158.7473769999997,0.0,0.0,0.0,1.3455410478330761e-05,-0.00018095957312942962,-5.0767930188559564e-05
158.79629019999993,0.0,0.0,0.0,2.5047482721904647e-05,-0.00021024769187302572,-6.837939816443979e-06
158.84654710000177,0.0,0.0,0.0,8.171878640007243e-06,-5.761037151571689e-05,0.00014673612283296273
158.89737360000436,0.0,0.0,0.0,4.114384803533507e-05,8.379503613560836e-05,-6.024511605733117e-06
158.9476274999979,0.0,0.0,0.0,3.5163342666796225e-06,-0.00032179942419499716,-1.9147651972677775e-05
158.9959721999985,0.0,0.0,0.0,3.3075986912983524e-05,0.00013423601567160055,-3.803245138872699e-05
159.0501024000041,0.0,0.0,0.0,-9.248608165805075e-05,0.0005125682235779831,-4.239767930805517e-05
159.0981574000034,0.0,0.0,0.0,2.7430406969916978e-05,-0.0006425344387627615,-1.3065477434175718e-05
159.1469556000011,0.0,0.0,0.0,-4.32303278342082e-05,0.0001430874644348231,-0.0001461416165645537
159.19889590000093,0.0,0.0,0.0,2.2112189168748694e-05,-5.975956377555999e-05,2.614781180231801e-05
159.2465536000018,0.0,0.0,0.0,4.313544187047273e-06,0.00026188598441133235,-6.659145368486508e-05
159.29725820000021,0.0,0.0,0.0,-1.425210736659563e-05,-0.00012189634197253232,-8.628385461967012e-05
159.34753930000443,0.0,0.0,0.0,3.273561476030782e-05,-0.0002321075895681312,-3.929940682368728e-06
159.39563559999806,0.0,0.0,0.0,-6.464206844759924e-07,-1.9872662302430132e-05,-0.0001161742384350143
159.44600280000304,0.0,0.0,0.0,1.2336914131266629e-05,-4.4247709467230554e-05,-3.7307278852645964e-05
159.49701440000354,0.0,0.0,0.0,-2.802624213520181e-06,0.0003762586257724402,-2.306291811295484e-05
159.548472399998,0.0,0.0,0.0,-8.20853255289374e-05,-4.935453873768218e-05,7.91720131036741e-05
159.59572910000134,0.0,0.0,0.0,5.398541278594793e-05,-0.00016330955888414,-3.617686274681205e-05
159.64691989999847,0.0,0.0,0.0,1.0049532729353798e-05,-0.00016745382070206476,-8.100956608490318e-05
159.69824530000187,0.0,0.0,0.0,5.184086996256726e-05,8.856999245810448e-05,-8.487763768341854e-05
159.7452439999979,0.0,0.0,0.0,2.9711687689650512e-05,-0.00023077167391898895,-5.362639767811108e-05
159.79770819999976,0.0,0.0,0.0,5.463517956413463e-06,0.000124478344030282,-0.0002096459382925844
159.8461821000019,0.0,0.0,0.0,1.6869737357969988e-05,0.00014290485522813873,0.00024212462810095084
159.8952860999998,0.0,0.0,0.0,-1.786571149325779e-05,-0.000335564166151197,-0.00010704267621813541
159.947056099998,0.0,0.0,0.0,-9.666192920767012e-05,0.00039087508805655115,0.00043704545450921585
159.99689370000124,0.0,0.0,0.0,3.648118036307862e-05,-7.998936479518944e-05,0.00014390341533096303
160.0452712999977,0.0,0.0,0.0,5.689448496259082e-05,-1.5356260769949996e-05,-0.00018105768183464762
160.096881700003,0.0,0.0,0.0,1.2491134223157257e-05,-5.156772883988927e-05,-3.1261018472825006e-05
160.1456421000039,0.0,0.0,0.0,-5.092852519409255e-06,-1.9308674621441815e-05,-0.00020386205985536347
160.1987281000038,0.0,0.0,0.0,-2.4562401295365226e-06,5.166359678611952e-06,7.1699322265546604e-06
160.24567299999762,0.0,0.0,0.0,-4.1169105766970335e-05,6.0704510096102503e-05,-0.00019657914043940867
160.29536370000278,0.0,0.0,0.0,-4.952776309069623e-05,0.00014211132569736447,-0.000269587186202245
160.34566830000404,0.0,0.0,0.0,7.212356325906056e-05,-0.00025198546053036095,-0.00010891219199988347
160.3957623000024,0.0,0.0,0.0,3.018774624109781e-05,-5.180426446311827e-05,-0.00022194640992011526
160.44602119999763,0.0,0.0,0.0,9.836570418947738e-06,6.511682042640833e-05,-0.00017307980914771912
160.4957751999973,0.0,0.0,0.0,-3.9325667203981334e-05,5.498774166921783e-05,-0.0001626079151375501
160.55203679999977,0.0,0.0,0.0,-7.046514118236092e-06,0.00034119330759319034,-0.00012333587887748194
160.60395229999995,0.0,0.0,0.0,-3.2681611637479455e-05,-0.0002263377917955577,-0.000270799671438297
160.65599640000437,0.0,0.0,0.0,3.14716241748315e-05,-0.0001984207443213407,-0.00029257862162422165
160.70257929999934,0.0,0.0,0.0,-7.043263856403346e-05,0.0002774136966811478,9.182732864990746e-05
160.75999489999958,0.0,0.0,0.0,-2.844194352669001e-08,-8.108711667587246e-05,8.76642000608232e-06
160.8062332000045,0.0,0.0,0.0,-5.668208224532912e-05,0.00019851707402880365,-0.0002802548060822416
160.85743540000112,0.0,0.0,0.0,6.469944045435593e-05,-0.0001186473697318638,-0.000250123021648608
160.9020698000022,0.0,0.0,0.0,1.601654050302665e-05,-8.624547744587797e-05,-0.00015392089708647584
160.9578693000003,0.0,0.0,0.0,-3.6711689499296564e-06,3.2289084943376526e-05,-0.00021697763832894006
161.0035785,0.0,0.0,0.0,-8.719634284934434e-05,6.686560430967388e-05,-0.00018015796184878233
161.0551964000042,0.0,0.0,0.0,1.3401481978129112e-05,-1.7717994050501262e-05,-0.00034252708523694226
161.10334230000444,0.0,0.0,0.0,-1.2928277517354534e-05,2.6073800898149252e-05,-0.00031003797538529015
161.15193980000186,0.0,0.0,0.0,-3.80722898046027e-05,0.0003735917097027081,-0.00030457734825574227
161.20425609999802,0.0,0.0,0.0,0.00010717868229898631,-0.0005186530228984665,-0.00020058639348951996
161.25393830000394,0.0,0.0,0.0,4.4379744081446384e-05,-0.0001250132260498532,2.1941128252418924e-05
161.30714620000072,0.0,0.0,0.0,-8.098483821437547e-05,0.00019494557317919158,-0.00011363467166008279
161.35508539999864,0.0,0.0,0.0,-8.200404160451457e-06,0.00017034361634576738,-9.966204432384983e-05
161.4035842000012,0.0,0.0,0.0,1.861649956956907e-05,4.3533965758776124e-05,-9.365334314462162e-05
161.4519403000013,0.0,0.0,0.0,5.444564831467141e-05,-0.0002185659038015384,0.00021514369806137983
161.50548700000218,0.0,0.0,0.0,-7.305519561067926e-05,-0.00011751374046603419,0.00015189422761449555
161.5539110000027,0.0,0.0,0.0,1.0106304525433222e-05,0.00024189454244684928,-0.00023115906212580769
161.60355359999812,0.0,0.0,0.0,0.0001037447145939194,-0.00017232146352094793,-0.00017514401229292743
161.65517620000173,0.0,0.0,0.0,-3.715947666061432e-05,-0.00010344353549641211,-5.091974887496621e-05
161.70508459999837,0.0,0.0,0.0,-5.433164744253165e-05,4.450270128840076e-05,4.619249427829612e-05
161.75296810000145,0.0,0.0,0.0,-2.572509361860154e-05,0.00023388576301119196,-0.00028288849468711383
161.80499560000317,0.0,0.0,0.0,-1.1331003223183587e-05,-0.00022173382214428657,-0.0001248553262281045
161.854325100001,0.0,0.0,0.0,8.443089048212218e-06,-1.3307695368946894e-05,0.00010149726188551975
161.90755840000202,0.0,0.0,0.0,4.34169265710299e-05,0.00017991240385240614,0.0001518485289774842
161.95215219999955,0.0,0.0,0.0,2.287822534851581e-05,0.00014910865906749934,1.9463323941005232e-05
162.00375429999985,0.0,0.0,0.0,6.153253812327152e-05,-0.00048475138087550915,-0.00011298120254728128
162.05381460000353,0.0,0.0,0.0,-1.2073864154771872e-05,0.0005175525907013587,-3.117527272183954e-05
162.10219779999898,0.0,0.0,0.0,6.944927915955216e-06,-0.0004376340240412615,-0.0001612744093346412
162.15266490000067,0.0,0.0,0.0,-0.00011168722807920394,0.0002232899913171145,2.056811117609026e-05
162.2021162000019,0.0,0.0,0.0,0.00010974975763735923,-8.944055836168275e-05,-7.99210691788622e-05
162.25187390000065,0.0,0.0,0.0,-4.982787488429233e-05,4.328231001514917e-05,6.465378663708435e-05
162.3037964000032,0.0,0.0,0.0,-1.0892663481825389e-05,7.656071322746134e-05,-2.558054151585492e-05
162.3539438000007,0.0,0.0,0.0,7.799775175024699e-05,-0.000320567754979389,-0.0002573940637655609
162.40210880000086,0.0,0.0,0.0,-3.1541388180080214e-06,-0.0001245492008548084,-0.00024276739677919683
162.45482269999775,0.0,0.0,0.0,-2.2834738442697854e-05,0.00029881260202404886,5.2844069395828586e-05
162.50314510000317,0.0,0.0,0.0,-5.603817886897796e-05,-0.00010555265249260705,0.0001804588711363473
162.55775780000113,0.0,0.0,0.0,7.345933726560815e-06,6.338870575722336e-05,-0.0001260972628376447
162.60325649999868,0.0,0.0,0.0,3.4515429972099975e-05,0.00025449507262731533,-0.00013823572829280378
162.65255040000193,0.0,0.0,0.0,-3.438113472873961e-05,-2.129461842586338e-05,2.2766924918307845e-05
162.70394980000128,0.0,0.0,0.0,-8.36047658041548e-06,-0.00028804867303202524,-0.00016352984331406069
162.75433160000102,0.0,0.0,0.0,4.475894594830283e-05,2.9537307948772987e-05,-0.00011745392497779572
162.80230550000124,0.0,0.0,0.0,-6.642207486511675e-05,0.00015000825458199275,-0.00012681922444497646
162.85646940000152,0.0,0.0,0.0,-2.017409197359572e-05,0.00043751692588421906,-0.00014705052524923226
162.9025560000009,0.0,0.0,0.0,5.897439895712765e-05,-0.000489924479460201,-0.00017770879626412996
162.95292930000141,0.0,0.0,0.0,-2.5395453541648387e-05,1.814182922933872e-05,6.004387049771653e-05
163.0071769999995,0.0,0.0,0.0,0.00012035055173285337,-0.00010557345832830145,-2.9827110209352167e-05
163.0535744000008,0.0,0.0,0.0,-1.955259465518739e-05,0.0001388900381872045,0.000194104218148067
163.10295829999814,0.0,0.0,0.0,-4.634555697520819e-05,-0.00025160538659136267,2.2715862134880967e-05
163.15488580000238,0.0,0.0,0.0,4.1055167455138005e-05,-1.0954031753299438e-05,-3.3980467213781e-05
163.20641170000454,0.0,0.0,0.0,2.4191093550234612e-05,-0.00012558939075908368,-7.739300659082546e-05
163.25310719999834,0.0,0.0,0.0,-0.00012961494261110073,0.0004265479778208718,0.0002983066421120532
163.30274030000146,0.0,0.0,0.0,-6.744706435336525e-06,2.2535328413346543e-05,0.0003048652984269914
163.35262309999962,0.0,0.0,0.0,-4.7905031668141216e-05,0.00033747392414628914,-4.724258918379932e-05
163.40462249999837,0.0,0.0,0.0,0.0002614648397544384,0.0004950786031761583,0.10702716181588705
163.45254920000298,0.0,0.0,0.0,0.0006394297935966567,-0.00015371287654264746,0.27830762789679897
163.50195150000218,0.0,0.0,0.0,0.0008281331280391802,-0.0011217926444825987,0.4415553247150272
163.55398070000228,0.0,0.0,0.0,0.0011828933538336258,-0.0007468166941033516,0.6225445349303858
163.60507730000245,0.0,0.0,0.0,0.0019372681029470999,0.0006128529471245958,0.8333105160654529
163.65626670000347,0.0,0.0,0.0,0.0018053794200923606,0.0019603983393897124,1.0912703369363883
163.70060789999843,0.0,0.0,0.0,0.0020834342761922135,0.0014236419527095445,1.264466869708294
163.75262649999786,0.0,0.0,0.0,0.002724921674217891,-0.005877714258985627,1.2513046548613824
163.80524839999998,0.0,0.0,0.0,0.002159628280761121,-0.00019976722279042877,1.1690724966441597
163.85472300000401,0.0,0.0,0.0,0.0020214831010627763,-0.00014300807221794495,1.07985100797408
163.90213159999985,0.0,0.0,0.0,0.002110906007727016,-0.0011386675262036326,0.9878199129528173
163.95249360000162,0.0,0.0,0.0,0.0018748947651661414,0.0002069549129658918,0.9140700781237187
164.0034239000015,0.0,0.0,0.0,0.0017125749114563489,-0.0033325881869118285,0.8459264111203268
164.05465569999797,0.0,0.0,0.0,0.0019316310288808142,-0.0013655696769767326,0.7878082348583703
164.10341530000005,0.0,0.0,0.0,0.0017332948071582207,0.0004700285642111011,0.7331674647944211
164.15616930000397,0.0,0.0,0.0,0.0016523188175507385,7.4751060209222216e-06,0.6806335187637591
164.20513570000185,0.0,0.0,0.0,0.0012950021528715361,-0.0002734256769995023,0.6515985968203026
164.25481189999846,0.0,0.0,0.0,0.001947305642703739,-0.008668983576213204,0.6450919678167311
164.302829500004,0.0,0.0,0.0,0.0010813881143618388,0.005171735704955095,0.6325317514871325
164.35243379999883,0.0,0.0,0.0,0.0022393632703102597,-0.001643489022596982,0.6091185929214377
164.4033034000022,0.0,0.0,0.0,0.0015076216988554728,0.005540524646198889,0.633707833655965
164.45382370000152,0.0,0.0,0.0,0.0007394521897834928,0.0017160121036259395,0.6744284501658354
164.5057711000045,0.0,0.0,0.0,0.002313109816790168,-0.007168009162760082,0.685510373699782
164.55052160000196,0.0,0.0,0.0,0.0016635532840896113,0.007158905681089972,0.636246174532596
164.60264019999886,0.0,0.0,0.0,0.0009627687745498599,0.002198694135065305,0.5161424560376954
164.65108970000438,0.0,0.0,0.0,0.0006765898519964315,-0.0010138894346512115,0.34817023427923444
164.70731080000405,0.0,0.0,0.0,0.0004515386164131061,0.00446638644734803,0.1814678729832142
164.75452609999775,0.0,0.0,0.0,-3.966399896775824e-05,0.009810378473642335,0.18319343040935912
164.80392569999822,0.0,0.0,0.0,0.0005612244245908827,-0.0018271225788361201,0.3220641237186445
164.8535531000016,0.0,0.0,0.0,0.0004459686355448832,0.011319717077520521,0.42031378409250136
164.90685060000396,0.0,0.0,0.0,0.00041137917573296943,0.00019542788757478466,0.4397950220810929
164.95326550000027,0.0,0.0,0.0,0.0004129016923262472,0.00047758328721946963,0.46655710147764345
165.00329839999904,0.0,0.0,0.0,0.0002877284116036517,-0.0008020286413437802,0.4894913516156269
165.05412559999968,0.0,0.0,0.0,0.00035807267435333985,-0.001430397414967146,0.4764401600173041
165.1063045999981,0.0,0.0,0.0,5.262255885522188e-06,0.00014045851343774267,0.4419418209062569
165.1535847999985,0.0,0.0,0.0,0.0010301770636561298,-0.0004344821585171633,0.41593844897559706
165.20358690000285,0.0,0.0,0.0,0.00041953149137044895,-0.0017850515564880438,0.3694976508351214
165.25292759999866,0.0,0.0,0.0,0.0005832067453169812,-0.01006818510254106,0.22747396182476634
165.30781969999953,0.0,0.0,0.0,0.00041569231158339423,-0.0022647977300618376,0.0614505230928385
165.35545640000055,0.0,0.0,0.0,-3.4239923410971665e-05,-0.0032436825400993896,0.003218817686395153
165.40320130000327,0.0,0.0,0.0,-0.0005258729793087335,-0.0011946856939469752,0.0012031729436196143
165.45393580000382,0.0,0.0,0.0,3.7370015561547374e-06,-0.0005950119262495446,0.0003677503488556406
165.50408379999863,0.0,0.0,0.0,-7.61613548783402e-05,4.848889964614744e-05,0.00021088664635945858
165.55564759999834,0.0,0.0,0.0,3.2412001607990746e-05,-1.0537416804883433e-05,0.00010987287869858627
165.60312230000272,0.0,0.0,0.0,-1.3141304797493571e-05,-2.6486915257345638e-05,6.587016451762888e-05
165.65334840000287,0.0,0.0,0.0,1.2178855538292838e-07,-9.721177979435771e-05,2.262057913885863e-05
165.70573339999828,0.0,0.0,0.0,3.462519331472476e-05,0.00023455861097871868,6.729144181106861e-05
165.75719240000035,0.0,0.0,0.0,6.614864892349501e-05,0.0001554470285128368,-0.0002642212434252747
165.8036049000002,0.0,0.0,0.0,-5.1965774665899165e-05,-0.00020809546751305525,-0.00023239305613085155
165.85480890000326,0.0,0.0,0.0,-2.4980640050526737e-05,0.0002042777767003772,0.0002506483327026657
165.90449259999878,0.0,0.0,0.0,-3.209039337711225e-05,-0.00046005874323498696,-7.73304539333469e-05
165.95491430000402,0.0,0.0,0.0,8.264920843560052e-07,0.00016266986419845382,-6.763134580513442e-05
166.00704319999932,0.0,0.0,0.0,6.741170465287351e-06,-0.00011109296408693306,2.525683316159932e-05
166.0547527000017,0.0,0.0,0.0,-5.886038302852249e-05,3.837218746136114e-05,0.00018698253245088385
166.1045210000011,0.0,0.0,0.0,6.28082746505342e-05,0.0001469920094073401,5.065432298919941e-05
166.1538120999976,0.0,0.0,0.0,-3.762978776547506e-05,-0.0002258527970530725,-0.00010406595391149634
166.20454969999992,0.0,0.0,0.0,-1.5182342396699678e-05,5.7842569597080154e-05,-9.378479344474276e-05
166.25375180000265,0.0,0.0,0.0,6.322778006480352e-05,9.734626924085121e-05,-7.314818620108307e-06
166.30315390000032,0.0,0.0,0.0,-0.00011464446063784993,0.00010142774461235682,-0.00013790723383812372
166.3555159000025,0.0,0.0,0.0,1.7533500414311493e-05,-0.00023535847115250944,-0.00025206209515686085
166.4051357999997,0.0,0.0,0.0,8.57143065560555e-05,0.00015274690602654808,-0.00022217129987755932
166.45586600000388,0.0,0.0,0.0,9.875184004570704e-06,-0.00013321032065015972,-0.00014863264643067634
166.5036659000034,0.0,0.0,0.0,-1.5268791107241626e-05,-0.0002263795591024525,0.0003373718706205041
166.5538935000004,0.0,0.0,0.0,-1.4890305271521931e-05,0.00020058622920140953,0.00036440131422141113
166.60632990000158,0.0,0.0,0.0,1.8619204144606746e-06,0.0001942424095580567,0.00031729985138011105
166.6539158000014,0.0,0.0,0.0,-2.7890486055814547e-05,-0.00014129790073988865,0.00023761262216458542
166.70312469999772,0.0,0.0,0.0,5.4051150603738385e-05,0.0002862595745668397,0.00016828674657833149
166.75445690000197,0.0,0.0,0.0,1.2796775620976099e-05,-0.00014999835327352608,0.00016658101555631146
166.80293840000377,0.0,0.0,0.0,-1.1243681150836183e-05,-0.0002653709325125044,0.00012571904340253414
166.85491390000243,0.0,0.0,0.0,1.724515827913813e-05,-2.2552852080739486e-05,-4.382448422655741e-06
166.90109559999837,0.0,0.0,0.0,-0.00016790225292191566,0.000690382914759966,-8.317027895968691e-05
166.9530980999989,0.0,0.0,0.0,0.00011777723643004637,-0.00033556105195823395,9.247486862441314e-05
167.0032788000026,0.0,0.0,0.0,1.0810663122447246e-06,0.00035719841752467014,-2.048348998333441e-05
167.05909350000002,0.0,0.0,0.0,1.715653394109456e-05,-0.0003219326830695451,-0.0001399582089881696
167.10365499999898,0.0,0.0,0.0,3.294655426905942e-05,-5.4506470911792914e-05,-7.876043462290999e-05
167.15226059999986,0.0,0.0,0.0,-4.200650242832199e-05,-0.00021592541532541604,-0.00010209194484478505
167.2023810000028,0.0,0.0,0.0,2.5326541422410527e-05,6.333477620182581e-05,-0.0003147980374793047
167.25502530000085,0.0,0.0,0.0,-2.4925710992180782e-05,3.992472729547117e-06,-0.00032991795145864396
167.30273060000036,0.0,0.0,0.0,-2.5038054820619882e-05,5.736452015771502e-06,-0.0003489375957171761
167.35097900000255,0.0,0.0,0.0,2.1571443851747298e-05,-0.00015645003387389968,-0.00027313384477451694
167.40312750000157,0.0,0.0,0.0,8.721895128435128e-05,0.00012232184540224685,-0.00024371393642900455
167.45689710000443,0.0,0.0,0.0,-6.91879848225133e-05,0.00014639876692075905,2.2418377236757058e-05
167.5034661000027,0.0,0.0,0.0,-1.1207811400909898e-05,-0.00025511982711437617,-0.00019395823626012734
167.55545169999823,0.0,0.0,0.0,4.0399854883837064e-05,0.0002258357864119085,1.86989744201046e-05
167.60120389999793,0.0,0.0,0.0,-3.6933013869094147e-05,0.0001410463883646474,9.025630848239586e-05
167.65439799999876,0.0,0.0,0.0,9.040084009832518e-05,-0.00048436044550361976,8.39524027779133e-05
167.7050612000021,0.0,0.0,0.0,-4.5500259911806576e-05,0.00043878815439062633,0.00017037688499981372
167.753226300003,0.0,0.0,0.0,-2.135634946189694e-05,6.398576141409725e-05,0.0003235567353932032
167.8040256000022,0.0,0.0,0.0,-5.702514781445252e-05,-0.00017719451868466942,0.0002739953882297207
167.85267739999836,0.0,0.0,0.0,-5.7184066420559706e-05,-0.00039948277064398645,0.0003195037387467705
167.90569880000112,0.0,0.0,0.0,9.080244743612937e-05,0.0006119933074955131,-0.00016987896423153908
167.95242300000245,0.0,0.0,0.0,-7.16202183419421e-05,3.8454023798403753e-05,3.0917252500460125e-05
168.0033659000037,0.0,0.0,0.0,-2.89419401761002e-05,-0.0002974028410921845,-0.00014379883329737755
168.05541310000262,0.0,0.0,0.0,5.531167166086206e-05,0.0005859516064577986,1.4412562584611369e-05
168.10464499999944,0.0,0.0,0.0,5.2172670704022365e-05,-0.000541356109010993,-0.00012126126442479378
168.15335459999915,0.0,0.0,0.0,-6.791186904278636e-05,0.00014864879565280076,6.139748594399473e-06
168.20546950000426,0.0,0.0,0.0,7.725636499813776e-05,-0.0001950157170409264,-0.0002959499417350231
168.25437950000196,0.0,0.0,0.0,4.2514409871660287e-05,-1.9033535651235663e-05,-4.56931878814843e-05
168.30357399999775,0.0,0.0,0.0,-5.2211382202426126e-05,7.140680967905654e-05,0.0002835226111484847
168.3530541,0.0,0.0,0.0,7.212300451504941e-05,0.0003104665331561284,0.000331382654108223
168.4032542999994,0.0,0.0,0.0,-6.373880693978929e-05,-0.0001105527578898862,0.00026397530002079885
168.45661480000126,0.0,0.0,0.0,6.68536430353624e-05,-6.333744427122112e-05,0.00030162523425364103
168.5027001999988,0.0,0.0,0.0,-0.0001262804959134971,-5.917279712329125e-05,4.92698827761858e-06
168.55614670000068,0.0,0.0,0.0,7.958035730066604e-05,-0.00012753048404750184,0.00020765233798992919
168.60315770000307,0.0,0.0,0.0,-2.7952509388498626e-05,0.000369570402047871,-0.00014353890567462128
168.6532473000043,0.0,0.0,0.0,3.38209365803392e-05,-0.00046170200640922626,-0.0002715050114960531
168.70362960000057,0.0,0.0,0.0,-2.5255055250480048e-05,0.0001414095710587235,-0.00026123271903200827
168.75767990000168,0.0,0.0,0.0,-1.5141823902065488e-05,-1.4678960568642613e-05,8.722372940309775e-06
168.80649300000368,0.0,0.0,0.0,-8.759404943988557e-06,-2.3899496415624284e-05,-0.0002591783054140793
168.85261049999826,0.0,0.0,0.0,-2.5709868588116448e-05,-0.0004851777688785961,-6.62744610533899e-05
168.9046548999977,0.0,0.0,0.0,-5.870810079278483e-06,0.0003238705677525972,-6.115429085018725e-06
168.95620829999825,0.0,0.0,0.0,3.104987489501802e-05,-2.145784364114529e-05,-4.925668300778464e-05
169.00325570000132,0.0,0.0,0.0,-3.0181649451413605e-05,0.0004313542013961786,-0.00029811648175501746
169.0523538999987,0.0,0.0,0.0,6.262683384437547e-05,9.844935360442857e-05,0.00011084566028958019
169.1028759000037,0.0,0.0,0.0,-8.162342303816492e-05,0.0002738748947060331,-5.6047228934206445e-05
169.15464050000446,0.0,0.0,0.0,-1.7839652668726925e-05,-0.0007408906486809002,-6.729254020924475e-05
169.20645060000243,0.0,0.0,0.0,3.694286677916856e-05,0.0003195000847046241,-5.987452315019028e-06
169.2548930999983,0.0,0.0,0.0,-2.6222556087235593e-05,0.00028686603361329014,0.00010886644548622194
169.30390510000143,0.0,0.0,0.0,5.624887077752083e-05,8.855589649133316e-05,0.0003050838481840834
169.35455870000442,0.0,0.0,0.0,1.2918842640632504e-05,-0.0006070500055217558,-5.360953375737719e-06
169.40506289999757,0.0,0.0,0.0,-5.657359276775581e-06,5.9231218619358134e-05,-0.0001819219362004971
169.45054979999986,0.0,0.0,0.0,3.959980355613746e-07,0.00018964647572071748,-0.0002913243911042607
169.50562899999932,0.0,0.0,0.0,-1.896690200875904e-05,-0.00012025706112819536,-7.418359391539495e-05
169.555159800002,0.0,0.0,0.0,-8.579069480071064e-06,1.7490115696160627e-07,0.00013999434499855975
169.6067544000034,0.0,0.0,0.0,5.1133509548382316e-05,0.00026225267961311257,0.00017448848847942928
169.65412189999915,0.0,0.0,0.0,-7.039714866491035e-05,-0.0002789695522626366,1.0292918779905317e-05
169.7047148999991,0.0,0.0,0.0,-2.2436409283492338e-05,-0.0004947247459502268,-2.5293609964910148e-05
169.75494730000355,0.0,0.0,0.0,1.377193242922822e-05,0.00023007458111321056,-3.199792742151243e-05
169.80237730000226,0.0,0.0,0.0,-3.2887275529802775e-05,-0.00011722298627894818,4.0543354677503575e-05
169.85358770000312,0.0,0.0,0.0,1.3480452721759383e-05,0.0006663181667956245,4.7847107724895876e-05
169.90435630000138,0.0,0.0,0.0,-4.4814755365273946e-05,-9.648892902374894e-05,4.977120693522326e-05
169.9510162000006,0.0,0.0,0.0,0.00012723787883735352,-0.00031664448876591504,-0.00032859169144246257
170.00281969999924,0.0,0.0,0.0,-2.7821387839299755e-06,-0.00032615912831534925,-0.00025284893504783535
170.0552852000037,0.0,0.0,0.0,6.925568870324681e-06,0.00011124431404784305,7.931260183593099e-05
170.10221090000414,0.0,0.0,0.0,3.851290982353413e-05,0.00022285852345710013,2.3902206771692063e-05
170.15330769999855,0.0,0.0,0.0,-0.00012164471836001052,-0.00016705115712364633,3.7364668922807475e-05
170.20493320000242,0.0,0.0,0.0,8.337052174871259e-06,0.00031376673155768026,-1.687250520549869e-05
170.25672599999962,0.0,0.0,0.0,7.479090204352227e-05,-0.0004510828086471976,0.00023217800373695073
170.30245719999948,0.0,0.0,0.0,2.9559470500220523e-05,7.620331778327333e-05,-0.0001427291240138725
170.35227780000423,0.0,0.0,0.0,-2.2610874993764498e-05,0.00031760327389594506,-0.0002235467539034923
170.40333600000304,0.0,0.0,0.0,-1.0114242790972653e-05,-0.00010240979559436676,-0.00024797598293754066
170.45582670000294,0.0,0.0,0.0,1.8813985876338602e-05,-0.00023736400402698084,-0.000289355731851287
170.5038851999998,0.0,0.0,0.0,3.072517735272706e-05,0.0002389572103594302,-0.00010710679981972567
170.55329789999814,0.0,0.0,0.0,-5.645957088111655e-05,0.0004822679270684611,-0.00013246878772824971
170.60366559999966,0.0,0.0,0.0,-1.7228476984755057e-05,-0.0001424822956064427,-0.00011499648981210655
170.65726970000105,0.0,0.0,0.0,-1.6546805928647796e-05,-0.00035554080209080507,-0.0001820277237409652
170.70350150000013,0.0,0.0,0.0,1.276072751111564e-05,0.00017472821622590206,-0.00015281884435207089
170.7540125000014,0.0,0.0,0.0,1.8393820415368198e-05,-0.00026886057821842106,-0.00017267417609464553
170.80381240000133,0.0,0.0,0.0,3.358254182988607e-06,-0.00016991513592265004,4.66397842925933e-05
170.8538544999974,0.0,0.0,0.0,-3.878713975813904e-05,9.233746578325195e-05,-0.00017869123986032287
170.90408369999932,0.0,0.0,0.0,3.119040769786199e-05,0.00022851904931994748,-0.00019257989964941298
170.9545986000012,0.0,0.0,0.0,-3.5650125428814574e-06,0.00037339673261989613,-3.7828172892237695e-05
171.00202939999872,0.0,0.0,0.0,-4.863268132578313e-05,-0.0002826177673425937,-0.00036214700450636577
171.0549155999979,0.0,0.0,0.0,3.644938397706703e-05,-0.0001586299144666183,-3.9881797976614196e-05
171.1075359000024,0.0,0.0,0.0,-2.0347512225551554e-06,0.00039364571889001254,1.1466222083132163e-05
171.1548455000011,0.0,0.0,0.0,-3.308871476892907e-05,-0.00018356068798877417,-0.000203030200253448
171.20460479999747,0.0,0.0,0.0,-5.4412886955445576e-06,-0.00022529465472714377,-0.0004025376738030784
171.25315370000317,0.0,0.0,0.0,0.00013213265197875457,-0.00041808869542939284,-0.0004145364773076507
171.30452810000133,0.0,0.0,0.0,-9.191788646745297e-05,0.00032288064691546965,-9.880245448618612e-05
171.35324190000392,0.0,0.0,0.0,1.6331426863554317e-05,-0.00013409694682230887,-6.81494002583864e-05
171.40267080000194,0.0,0.0,0.0,-7.120358815801478e-05,1.2383090307193269e-05,6.21685259744224e-05
171.45429500000319,0.0,0.0,0.0,3.835096423859196e-05,0.00017070385254505682,8.748465200960527e-06
171.50389859999996,0.0,0.0,0.0,6.644785406946552e-05,0.00038662416871598207,9.488093962765299e-05
171.5563301000002,0.0,0.0,0.0,-1.6344418155437496e-05,-0.00031890844840510625,0.00032891579703690907
171.60540559999936,0.0,0.0,0.0,-1.4534029698055935e-05,0.00018698489288914723,0.0002621851207729347
171.65469380000286,0.0,0.0,0.0,-2.6659287168149167e-05,-0.00039734310833796374,0.0003336578730775802
171.70596099999966,0.0,0.0,0.0,6.0655591195429764e-05,0.00040277850754362997,0.00031711660124631276
171.75492010000016,0.0,0.0,0.0,-9.806100065637625e-05,-0.00015890699581315662,0.00022348800969974292
171.8038355000026,0.0,0.0,0.0,3.508647679678008e-05,-7.195360178971838e-05,-3.269261105278274e-05
171.85276629999862,0.0,0.0,0.0,6.346007045944076e-05,-5.034744464293434e-05,4.5475401017779755e-05
171.90223449999758,0.0,0.0,0.0,-5.0026829324953395e-05,-0.0001644638517478054,0.00014107532429466523
171.95614550000028,0.0,0.0,0.0,3.297474032091884e-05,0.00039745208896789237,0.00023534230484434298
172.0035390999983,0.0,0.0,0.0,2.0225001201458397e-05,0.0006742658756290253,0.0003276047222261384
172.05211869999766,0.0,0.0,0.0,-3.0448598191017866e-05,-0.0005855601128365205,0.00023289458245280906
172.10225090000313,0.0,0.0,0.0,2.84341317589351e-06,-7.554743214101487e-05,9.514293505823645e-05
172.1570434000023,0.0,0.0,0.0,-2.833560438791576e-05,-5.267982149235573e-05,-2.193867511145784e-05
172.2052393999984,0.0,0.0,0.0,5.493060589388714e-05,0.0004865568317353599,-0.0004343902805452241
172.2532818000036,0.0,0.0,0.0,-2.655799535654731e-05,-0.0004952256333301951,-7.827071033686213e-05
172.30060159999994,0.0,0.0,0.0,-4.625287220220576e-05,-8.506706319341588e-05,-2.6011554962164467e-06
172.35439980000228,0.0,0.0,0.0,7.960745299600212e-05,-5.1787764894303146e-05,7.115184591609684e-05
172.40492939999967,0.0,0.0,0.0,-3.196097999808269e-05,0.00032872125503713803,-3.750803286777932e-05
172.45420610000292,0.0,0.0,0.0,3.0470829709840206e-05,-0.00047296964058587797,2.3881210629623024e-05
172.5051889000024,0.0,0.0,0.0,-0.00011271646698286572,0.00011867695083273999,5.7376889164077735e-05
172.55319869999948,0.0,0.0,0.0,-2.2342969793093586e-05,-0.0001627151466491216,0.00014870324482733598
172.60378750000382,0.0,0.0,0.0,-1.39833713254806e-05,0.00024035848892349623,2.6435853958333385e-05
172.65493830000196,0.0,0.0,0.0,8.965088015305266e-05,-0.0001092222891027054,-7.041078543617192e-05
172.7033756000019,0.0,0.0,0.0,1.2195601771542616e-05,2.5033213071690665e-05,7.024606956302154e-05
172.75523560000147,0.0,0.0,0.0,-3.604842491401572e-05,0.000759943626657456,0.0002744728328524182
172.80496270000003,0.0,0.0,0.0,-8.74027264342644e-06,-6.892552886786111e-05,-9.003800516419101e-05
172.8530028000023,0.0,0.0,0.0,2.8574825583021422e-05,-3.2975812040053427e-06,0.00020850857221042842
172.90430120000383,0.0,0.0,0.0,-4.7885766486550174e-05,-5.2471962708442966e-05,5.786233105924048e-05
172.95527840000432,0.0,0.0,0.0,3.993192155667793e-05,-0.0003331844234962828,0.0003305320086133037
173.0043644000034,0.0,0.0,0.0,-1.5045138627247266e-05,0.0002202959776098994,2.8215374654947836e-05
173.05373160000454,0.0,0.0,0.0,1.559280593679954e-05,-0.00016838387555582034,0.00016578934485275758
173.1045559999984,0.0,0.0,0.0,-1.5688436934206502e-06,0.000297493149836988,0.00023869400272190347
173.15268020000076,0.0,0.0,0.0,-9.448911731876528e-06,-0.00046267350152780977,-5.380537243722741e-05
173.20370879999973,0.0,0.0,0.0,6.140443009995508e-06,0.00022497613830183791,-0.00013162936852780205
173.2537048000013,0.0,0.0,0.0,-3.64774860161716e-05,-0.00040815972126871035,-3.774672083475145e-05
173.304899499999,0.0,0.0,0.0,3.269837392088518e-05,0.00035891068538084826,7.997692491097709e-05
173.35372020000068,0.0,0.0,0.0,-2.061636617573291e-05,-8.48858914456216e-05,-4.7388777954929366e-05
173.4036855000013,0.0,0.0,0.0,2.319255975663038e-05,4.8752081336207446e-05,6.379902449078007e-05
173.4546674000012,0.0,0.0,0.0,-1.2453825245692234e-05,-0.00041622698578880487,0.00011878128519124393
173.50405370000226,0.0,0.0,0.0,7.436282454475988e-06,0.00012989217991148927,6.939663221355578e-05
173.5547211000012,0.0,0.0,0.0,-9.450110419904615e-06,1.0264851438449305e-05,-0.00014077855917628637
173.60354100000404,0.0,0.0,0.0,4.4242517122260134e-05,0.00031154882165993153,-0.0002719500341604187
173.65416800000094,0.0,0.0,0.0,-2.116089125498745e-05,-0.00030181280527606484,0.00015425762215372978
173.70240449999983,0.0,0.0,0.0,-1.9405110989981997e-05,0.0008071374057109205,7.857044260958718e-05
173.7525306000025,0.0,0.0,0.0,5.039101225106955e-05,-0.0008967032672894893,-0.00023701373367886086
173.80490970000392,0.0,0.0,0.0,-7.205378640051552e-05,-0.0001500368817287544,-5.2329169153295856e-05
173.857852000001,0.0,0.0,0.0,1.7445796400874945e-05,3.8342963091009686e-05,0.00011805840985134469
173.90585809999902,0.0,0.0,0.0,-4.654631943152023e-05,0.00036917115855260194,-2.3898619998648647e-05
173.95329889999994,0.0,0.0,0.0,6.36818436614656e-05,-5.659057753396753e-05,0.00024521184245432734
174.0000321999978,0.0,0.0,0.0,-3.0803437877025525e-06,-0.00024908502825818693,0.00016395444925255376
174.04600319999736,0.0,0.0,0.0,1.8082901298576253e-05,0.0001771831990391047,0.00021248562412248405
174.09853499999736,0.0,0.0,0.0,-1.114148189992157e-05,-6.549992975431313e-05,0.00043791292093711654
174.14758570000413,0.0,0.0,0.0,1.4501066111210188e-06,0.00035186724392451016,0.00046458515970049827
174.19626109999808,0.0,0.0,0.0,2.5645350360298424e-05,-0.0002886374916624975,0.0003233417724652325
174.24701169999753,0.0,0.0,0.0,-9.31997788262628e-06,0.00025709408585920297,0.0003351402821586706
174.2981992999994,0.0,0.0,0.0,3.5966682544668596e-06,0.0005293169135037241,0.0002512104108417988
174.34742769999866,0.0,0.0,0.0,4.293746420298494e-05,-0.0006969184271986412,3.765410199546932e-05
174.39738090000174,0.0,0.0,0.0,-9.441683783342002e-05,-9.4107866526866e-05,-7.402818823113814e-05
174.4464270000026,0.0,0.0,0.0,2.563014314918498e-06,0.00022171090673716258,0.00032705272640847654
174.4964684000006,0.0,0.0,0.0,2.628979584914235e-05,0.00030942475486033405,0.00021452245465426801
174.54574760000105,0.0,0.0,0.0,3.1443110938531036e-05,-0.0005557441916377821,0.00023583754774873168
174.5955552000014,0.0,0.0,0.0,-8.550567226838265e-06,0.0005027997613426746,0.00013790383755581334
174.64623410000058,0.0,0.0,0.0,-1.470845896661276e-05,-0.0001350052917665921,1.1123410775875871e-05
174.69587400000455,0.0,0.0,0.0,2.5673954039262463e-05,-0.00030920837800604785,6.678111241468411e-05
174.74658540000382,0.0,0.0,0.0,-7.627894555802525e-05,0.0001469306482847303,0.0003059545563641172
174.79602650000015,0.0,0.0,0.0,1.0730725310378724e-05,0.0005205852692444127,6.11227824948146e-06
174.8464088000037,0.0,0.0,0.0,6.613255958860464e-05,-0.00044294515046698846,-7.02267955735119e-05
174.89880690000427,0.0,0.0,0.0,8.732738105672989e-06,-0.00041667714387618436,4.034999759354779e-05
174.94700000000012,0.0,0.0,0.0,-6.094453630186272e-05,0.000439897938204883,0.00019717687802231715
174.99655460000213,0.0,0.0,0.0,3.096006139866945e-05,9.254437573844821e-05,0.00029087845770811956
175.04622080000263,0.0,0.0,0.0,-1.2010736523159128e-05,-0.00027387619428626795,0.00045757246410828485
175.09516380000423,0.0,0.0,0.0,-3.0929101579134435e-05,0.00035206502373083016,-0.0001577225285342702
175.14570380000077,0.0,0.0,0.0,4.265717361021687e-06,-0.00010807818134686797,-0.00016667460972951933
175.19598309999856,0.0,0.0,0.0,3.049636165296173e-05,-0.0004894577484666487,0.11690518588319683
175.2467159000007,0.0,0.0,0.0,0.0009217714298681363,-0.0007653283640285233,0.2999575691212886
175.29545890000009,0.0,0.0,0.0,0.0003538160802462719,0.0004055171999909728,0.4846615844758426
175.34659629999805,0.0,0.0,0.0,0.002312193672870196,0.0007158024905758525,0.6868733697470509
175.39558760000364,0.0,0.0,0.0,0.0018561830483571446,0.0033474166244237065,0.9314544896409385
175.44845689999784,0.0,0.0,0.0,0.0023249642343317247,-0.00015539595923521346,1.2130540169318147
175.49593520000053,0.0,0.0,0.0,0.002586921584419415,0.003677664466882457,1.5007923436798343
175.54557619999832,0.0,0.0,0.0,0.003276660586075522,-0.0009581736322338747,1.7762719654479697
175.59713280000142,0.0,0.0,0.0,0.0030166773485788712,-0.0029393530925171337,1.8721000097863811
175.6446716999999,0.0,0.0,0.0,0.0038894118889078546,-0.0048558605663651935,1.8848365964983926
175.69668680000177,0.0,0.0,0.0,0.0031834776733768353,0.00217309851797896,1.8795188106458902
175.74684140000318,0.0,0.0,0.0,0.004229349566731029,-4.412064580040143e-05,1.881350968164976
175.79766770000424,0.0,0.0,0.0,0.003633331101301302,0.00010724173203072519,1.8817230731190064
175.8449757999988,0.0,0.0,0.0,0.0034931542859171147,0.0016083439056685026,1.8809839475697165
175.89503420000256,0.0,0.0,0.0,0.003454793858165455,0.00047156219598271955,1.8826178257082995
175.94608709999738,0.0,0.0,0.0,0.0031305877328384303,0.0015408293409907782,1.8554655738079164
175.9974915999992,0.0,0.0,0.0,0.003088927400488155,-0.0005972648066097139,1.7480168301900556
176.04692900000373,0.0,0.0,0.0,0.0032731503733686392,-0.0024997994465261225,1.6056101395176683
176.09512189999805,0.0,0.0,0.0,0.0032849548436333443,-0.002146801316830861,1.4815658920482189
176.14669560000038,0.0,0.0,0.0,0.002722887554240233,0.002688708472325184,1.377651592123089
176.19570509999903,0.0,0.0,0.0,0.002463078145778894,-0.0018966373852801574,1.2661447264129175
176.24699300000066,0.0,0.0,0.0,0.0022466627409848906,0.0010882730945402871,1.1797760706761447
176.29514149999886,0.0,0.0,0.0,0.002089257509610064,-0.0002991432596174423,1.0867780646083618
176.34526790000382,0.0,0.0,0.0,0.001969856120228321,-0.00012932918371623466,1.0012950687405302
176.39607889999752,0.0,0.0,0.0,0.0017912818767179817,0.00031830449624293503,0.9314027416827081
176.44663500000024,0.0,0.0,0.0,0.00218288903736371,-0.004607381427665874,0.8592777185979932
176.49750689999928,0.0,0.0,0.0,0.0019080877543104966,-0.0013693772515798006,0.8033116775558303
176.54655590000039,0.0,0.0,0.0,0.001664441246668133,0.0003082304168587115,0.7428902703751235
176.59748979999858,0.0,0.0,0.0,0.0015480485853130907,-0.00022958340033382693,0.6881101479573736
176.64871259999927,0.0,0.0,0.0,0.0014737442529450745,-0.00028014345554231156,0.6371281423249098
176.696254399998,0.0,0.0,0.0,0.0017603987816756303,-0.005044256157307795,0.6307988635750689
176.7456388999999,0.0,0.0,0.0,0.0015228534775385385,0.0014619556614025473,0.6201852517759163
176.79487710000103,0.0,0.0,0.0,0.0014722267612055297,0.0016735109604707258,0.620360424599336
176.84676810000383,0.0,0.0,0.0,0.0015497001435684583,-0.0005516920915924389,0.6358382033879417
176.89564080000127,0.0,0.0,0.0,0.001481239837023422,0.00047490244274047224,0.6547459677086042
176.94484380000358,0.0,0.0,0.0,0.0015621866482100997,-0.0037308762777171966,0.6518905730689941
176.99651689999882,0.0,0.0,0.0,0.0016062917559725395,0.0077354167722053484,0.59191757432332
177.0463091999991,0.0,0.0,0.0,0.0009772050616594812,-0.0005011727101642626,0.4703781721933118
177.09862109999813,0.0,0.0,0.0,0.00047552589978592337,0.003204869037541924,0.2982149856366987
177.14640579999832,0.0,0.0,0.0,0.0002060573492395895,0.0012874049911537123,0.13951331153322682
177.1954840000035,0.0,0.0,0.0,8.014458357428282e-05,0.007856363267287446,0.11977887497215475
177.2460183000003,0.0,0.0,0.0,0.00038589997012577056,0.0038741893171103468,0.22722538776591208
177.29639329999918,0.0,0.0,0.0,0.0007283552495754508,-0.0015344205089224102,0.3882303053946694
177.3451972000039,0.0,0.0,0.0,0.0009125705353200844,0.002740147549514485,0.46709381234145975
177.39626090000093,0.0,0.0,0.0,0.0009574366822054836,-0.005304820490067958,0.5217177070064292
177.44699969999783,0.0,0.0,0.0,0.001266037258685732,0.002302796301295651,0.5998315472398185
177.4964828000011,0.0,0.0,0.0,0.0003532451964864455,0.009797584750787095,0.5929165547125813
177.5472488000014,0.0,0.0,0.0,0.0006911907508392452,0.00042632329417611586,0.5665089761710943
177.59525450000365,0.0,0.0,0.0,0.0004200938869309829,0.00015791525348366609,0.5396671063665155
177.64521219999733,0.0,0.0,0.0,0.0004711345372144856,0.0003817947052123825,0.5181361742787719
177.69634600000427,0.0,0.0,0.0,0.00012486126760776847,0.0006846245116867412,0.49438551981184076
177.74611300000106,0.0,0.0,0.0,0.0001594155579315213,-0.0008783221504480963,0.47310069504331315
177.79539730000397,0.0,0.0,0.0,0.0006786736314118529,-0.0009548582150817584,0.4566479811401131
177.84517259999848,0.0,0.0,0.0,0.00048170658654475025,-0.0005705122359467894,0.43859590172735075
177.89515770000435,0.0,0.0,0.0,0.0005735737648767911,-0.008290618984608821,0.35195938559360473
177.94575500000064,0.0,0.0,0.0,0.00021356872463763446,-0.002552484994283561,0.19277852230493223
177.99456030000147,0.0,0.0,0.0,0.00030562580921713597,-0.0021485133078809103,0.04011893238416817
178.04698939999798,0.0,0.0,0.0,-0.00010540581250488332,-0.0032818339409292976,0.0012890418608596122
178.0972787999999,0.0,0.0,0.0,-0.0004579473834075013,-0.0009906500405966426,0.00043476605971440313
178.14749630000006,0.0,0.0,0.0,-3.1117961116708214e-05,0.0005034637882298861,0.00010692150516125606
178.19596040000033,0.0,0.0,0.0,-3.100803892387989e-05,-0.0006152109621845243,-0.0002319739490155905
178.2450747000039,0.0,0.0,0.0,3.6469877011767387e-06,-1.1984010592516616e-05,-0.00035749459935145435
178.29657210000005,0.0,0.0,0.0,-8.64585042599463e-06,5.6983046324526315e-06,-8.783795444341087e-05
178.34755350000341,0.0,0.0,0.0,-3.1923539579571734e-06,7.084553096177532e-05,-7.799619447066696e-05
178.39570030000323,0.0,0.0,0.0,1.7941127909826326e-05,-7.81180731931183e-05,9.45367084016549e-05
178.4450444000031,0.0,0.0,0.0,-1.4553330203795067e-05,0.00022175450836842353,-9.951625267060479e-06
178.49598610000248,0.0,0.0,0.0,-2.9776706537534625e-05,-0.0005054685542490047,1.1114132268859594e-05
178.54567230000248,0.0,0.0,0.0,8.75960211190608e-05,0.00044688036092147264,-4.603341271389416e-05
178.59685490000265,0.0,0.0,0.0,-9.406626802278386e-06,0.00022698439763608406,-3.911553598375223e-06
178.6457853000029,0.0,0.0,0.0,4.250927782030057e-05,-0.00012106230611631247,-7.631796254649201e-06
178.69528210000135,0.0,0.0,0.0,-4.852357984591489e-05,-0.0003344153607168515,-0.00022736732403396486
178.74661339999875,0.0,0.0,0.0,-3.213128928592874e-05,0.0003383304075438938,-0.00010827666298438478
178.79630210000323,0.0,0.0,0.0,-6.13703780185983e-05,-0.00012070497868096384,-0.0002670497978722603
178.84727379999822,0.0,0.0,0.0,3.872883430274102e-06,3.818221440848173e-05,-0.0003903296347610816
178.89744130000327,0.0,0.0,0.0,3.5529787485401945e-05,8.156800853682301e-05,-0.00021450135074779192
178.94625310000265,0.0,0.0,0.0,-2.4275931873791105e-05,-0.00011297715532977687,-0.0003259071038655693
178.9960465999975,0.0,0.0,0.0,4.0299711374407495e-06,-6.419601488096866e-05,-0.000279784983260969
179.05081079999945,0.0,0.0,0.0,1.2932524716222459e-05,-2.26112414755862e-05,-0.00029505238421508257
179.0980084000039,0.0,0.0,0.0,-5.486344122695053e-05,-0.00024321555524907122,-0.0002981956833128937
179.14709060000314,0.0,0.0,0.0,5.298586220806331e-05,-8.815628379703852e-05,-0.0002852342727294318
179.19863700000133,0.0,0.0,0.0,3.1982239969727425e-05,8.551925108548551e-05,-0.00015883239407942103
179.2477147000027,0.0,0.0,0.0,3.3684982460875395e-05,0.0004931973973864962,-0.0001676695101120542
179.29526550000446,0.0,0.0,0.0,-6.863591655501295e-06,-0.00039966793922723053,-6.494914001556021e-06
179.3474955999991,0.0,0.0,0.0,-2.7514869035481002e-05,-0.00012977661757122548,-4.199433474590703e-06
179.3983692000038,0.0,0.0,0.0,7.474746625790061e-05,0.00044895427416585397,-0.00022068384923159607
179.44888109999738,0.0,0.0,0.0,-3.3939950162737906e-05,1.2845450336741664e-05,-0.00024939082212927703
179.49544150000293,0.0,0.0,0.0,-7.663187563625446e-06,-5.870146633198634e-05,-0.00022694256044805997
179.54536760000337,0.0,0.0,0.0,-1.4977415969088146e-05,-0.00012635300088911195,-3.583015010947751e-05
179.59762510000292,0.0,0.0,0.0,-6.2995312137655145e-06,9.200531263132295e-05,-0.00012254091509160658
179.64675150000403,0.0,0.0,0.0,1.3746353731956917e-05,5.9449587731074074e-05,-6.393366110954056e-05
179.69558710000274,0.0,0.0,0.0,1.5848305314876514e-06,-0.0001812934593488195,-5.1948192645838414e-05
179.7455071000004,0.0,0.0,0.0,1.5441108845658306e-06,-0.00015329858311240397,2.6333897970115546e-05
179.79545900000085,0.0,0.0,0.0,-1.3344671827097815e-05,0.00046862131761762893,9.707891847258913e-05
179.8468312000041,0.0,0.0,0.0,4.899971907578757e-06,2.0525325877566994e-05,3.9415463545901074e-05
179.89573109999765,0.0,0.0,0.0,3.678172366811303e-05,-3.109966789011111e-05,0.00010142787594920511
179.9465928999998,0.0,0.0,0.0,-8.113999306564199e-05,-0.00019909195476141553,-0.0004948520535755262
179.99647209999966,0.0,0.0,0.0,-2.2109121077297112e-05,-7.949659412550323e-05,-0.00010828311177675865
180.04653130000224,0.0,0.0,0.0,8.235289364529627e-06,5.8060939101654076e-05,-2.8805284421491218e-05
180.09570720000193,0.0,0.0,0.0,5.378849330300873e-05,-0.00015943640907715466,-0.00045128284748706507
180.1480453999975,0.0,0.0,0.0,-3.2427720425404482e-06,-6.62533050976209e-05,-0.000248128357877202
180.19576310000411,0.0,0.0,0.0,1.146303989685443e-05,0.0002888669734086286,0.00011951513706495771
180.24612640000123,0.0,0.0,0.0,-2.0963899916522297e-07,-9.916540088405742e-06,0.00013809348770063
180.29631589999917,0.0,0.0,0.0,1.0818868853650038e-06,-9.263309485097106e-05,-0.00019851238763477825
180.34655850000127,0.0,0.0,0.0,4.449730949598862e-06,0.00027213844370811534,-0.0005817396873813456
180.39628240000457,0.0,0.0,0.0,-1.7189049982037705e-05,-0.00038029066858392025,-0.0004664998028938124
180.44639630000165,0.0,0.0,0.0,5.302464679374857e-06,8.524996339730891e-06,-0.00041265052671750205
180.4976356000043,0.0,0.0,0.0,-5.414373580761816e-06,-0.00019369156153342096,-0.000435626221416964
180.54504520000046,0.0,0.0,0.0,-1.1934438542215332e-05,0.0003930121203697392,-0.00034561068415095084
180.5965623000011,0.0,0.0,0.0,7.994139439167618e-06,-0.0003843296963048862,-0.0004342206842710033
180.6478833000001,0.0,0.0,0.0,2.3350374192320174e-05,0.0002277631195564388,-0.0004280575002982215
180.69676930000423,0.0,0.0,0.0,-3.217338633843211e-05,-0.00028659567906226356,-0.00044941407296853527
180.74522550000256,0.0,0.0,0.0,-3.4084094311878447e-06,0.00039002439808564593,-0.0003156106565596233
180.7971916000024,0.0,0.0,0.0,-1.2645410962093945e-05,-0.0002894777852043199,-0.000201396374288318
180.84561840000242,0.0,0.0,0.0,6.679927510818414e-05,0.0001917835351543204,2.829781284233302e-05
180.89465310000378,0.0,0.0,0.0,-2.7299625549246162e-05,0.0007698863647774051,-0.0002286991017371028
180.94738170000346,0.0,0.0,0.0,-6.639993838106502e-05,-0.0004801826221377362,-3.2460502826069944e-06
180.995874799999,0.0,0.0,0.0,1.3485228655405113e-05,-0.00023414804851888308,-9.085015884609363e-05
181.04616489999898,0.0,0.0,0.0,3.729043101731718e-05,-8.414834783893027e-05,-9.460150214592454e-05
181.0960930000001,0.0,0.0,0.0,-1.6140905829926318e-05,-0.00013877873400034078,-0.00018837434499481385
181.14892130000226,0.0,0.0,0.0,1.8339794571113808e-05,0.00012337780899118308,-0.00026137432642895796
181.1975489000033,0.0,0.0,0.0,3.788845994525848e-05,0.0001320682623406658,-0.00019681259160422545
181.2451119000034,0.0,0.0,0.0,-3.3119665526219924e-06,-0.000211347440822818,-0.00011571400022658847
181.29565910000383,0.0,0.0,0.0,-4.141661708975682e-05,-8.002214909524994e-05,-0.0002222532572461355
181.34999239999888,0.0,0.0,0.0,-0.0001234459299781343,0.0019185074157460243,-2.7634707814654734e-05
181.3958511000019,0.0,0.0,0.0,-9.05707116213029e-07,7.815604937325902e-05,-2.5572520302105926e-05
181.44717240000318,0.0,0.0,0.0,-0.0002490491691024808,0.003068012604803762,-0.13240354175956737
181.49490859999787,0.0,0.0,0.0,-0.00014602474405309623,-2.8476328625378933e-05,-0.12586961233254582
181.54709379999986,0.0,0.0,0.0,-0.0002135820722640572,3.0486066232131093e-05,-0.12554225892998025
181.59824990000197,0.0,0.0,0.0,-0.00021287970691648167,2.912085273229858e-05,-0.1252068081985622
181.64686439999787,0.0,0.0,0.0,-0.00021260338006996924,-1.460238127942961e-05,-0.12493402488107774
181.69934980000107,0.0,0.0,0.0,-0.00021200110043547468,1.6585177704181155e-05,-0.12460848418941692
181.74547190000158,0.0,0.0,0.0,-0.00021144103996538792,1.5422135597718108e-05,-0.12428283214067173
181.79704499999934,0.0,0.0,0.0,-0.00021091509841455195,1.1873788582936953e-05,-0.12395979901743655
181.8465664000032,0.0,0.0,0.0,-0.00021044169400885498,7.686423763459875e-06,-0.12364047336441414
181.89675569999963,0.0,0.0,0.0,-0.00020998791076519885,3.4747738220096696e-06,-0.12332509343430635
181.94465379999747,0.0,0.0,0.0,-0.00020959653695676393,-8.624528884230159e-07,-0.12301416938752421
181.99627809999947,0.0,0.0,0.0,-0.00020923816265976081,-6.00364981475981e-06,-0.12270895511845223
182.0451131000009,0.0,0.0,0.0,-0.00019588428447612986,0.0010945686448732607,-0.1224028360258563
182.09488299999794,0.0,0.0,0.0,-0.00021916433260603244,-0.0009491761898049531,-0.1221253346732303
182.14655060000223,0.0,0.0,0.0,-0.00020815230346501556,-8.26927672802935e-05,-0.12188516466390245
182.2000257000036,0.0,0.0,0.0,-0.0005207559361639539,0.0005933455264720067,-0.2900677252537952
182.2489779000025,0.0,0.0,0.0,-0.0007982660285178527,-0.000141017141015312,-0.43281053038668327
182.2971075000023,0.0,0.0,0.0,-0.0010370122225387382,-0.0008628178199338776,-0.5588768255088492
182.34716160000244,0.0,0.0,0.0,-0.0012117845970824152,-0.002091051985520089,-0.6709044522393193
182.39601180000318,0.0,0.0,0.0,-0.0014681712269332193,-0.002444110091467609,-0.7931693266029471
182.44833369999833,0.0,0.0,0.0,-0.001248490618747879,0.001823826155881105,-0.971585274014716
182.4946001999997,0.0,0.0,0.0,-0.002254591280981393,0.004911654429535832,-1.2321553339980797
182.54584279999835,0.0,0.0,0.0,-0.002205925939085022,-0.0005622260257035162,-1.4932336550500156
182.59524899999815,0.0,0.0,0.0,-0.0028855811856194906,-0.004579430982615276,-1.544669371871289
182.64856500000315,0.0,0.0,0.0,-0.002812794857517936,-0.002722461546779565,-1.5157659168799649
182.69548529999884,0.0,0.0,0.0,-0.002854683570735462,-0.0020299956899454993,-1.4711484873712495
182.74812409999868,0.0,0.0,0.0,-0.0032042358908719367,-0.003737565345756094,-1.466172927443739
182.79561190000095,0.0,0.0,0.0,-0.0032817805612212515,0.0013917338967266502,-1.560134983785765
182.84709529999964,0.0,0.0,0.0,-0.003750082753391562,-0.0013922882968011871,-1.68717666883778
182.8958838000035,0.0,0.0,0.0,-0.0034650836431928604,0.005595298170083143,-1.8218841824505563
182.94644479999988,0.0,0.0,0.0,-0.00302211347781438,0.003750634039297304,-1.854176305578533
182.996664600003,0.0,0.0,0.0,-0.002696675365816924,0.00015850898487826596,-1.7545664611590948
183.0486407999997,0.0,0.0,0.0,-0.0042327792888498215,-0.0030372904310653572,-1.617381008191304
183.09437459999754,0.0,0.0,0.0,-0.004352393062053909,-0.00045031236244292286,-1.4836383238726005
183.14522740000393,0.0,0.0,0.0,-0.003018633823497787,4.0354749724862406e-05,-1.3610680809590467
183.19558379999944,0.0,0.0,0.0,-0.002572670418299253,0.00028341815316305436,-1.246838794230671
183.24825789999886,0.0,0.0,0.0,-0.0023354420765208917,0.0003617859529686271,-1.1405010774895694
183.29805289999786,0.0,0.0,0.0,-0.0022092894813461354,-0.0009772215853505672,-1.0568111711656123
183.34574209999846,0.0,0.0,0.0,-0.0021656467410214697,0.0011674829537364464,-0.9748787339082376
183.39578110000002,0.0,0.0,0.0,-0.001800866847831091,0.0030038314055198757,-0.8957603839109176
183.4449964000014,0.0,0.0,0.0,-0.0019748457552064367,-0.007046410484613004,-0.821365511452682
183.49743989999843,0.0,0.0,0.0,-0.0017243425545350659,-0.00035527819738674074,-0.7581003497216049
183.5467684000032,0.0,0.0,0.0,-0.0016119570650523123,6.872378040978833e-05,-0.6989102456114515
183.59514050000143,0.0,0.0,0.0,-0.0014027669719879042,1.1863460560002385e-05,-0.6455181964636301
183.64549690000422,0.0,0.0,0.0,-0.0017689625553058484,-0.00651846828646815,-0.6400684003252365
183.6967855000039,0.0,0.0,0.0,-0.0015127523136623132,0.0011544048047887566,-0.6557780711626908
183.7469865000021,0.0,0.0,0.0,-0.002154873868420176,0.0013726479358464503,-0.6544111649818151
183.79776459999994,0.0,0.0,0.0,-0.0013115613411792389,0.004615823312280173,-0.6827205386999334
183.84716930000286,0.0,0.0,0.0,-0.0018802260960351855,0.0002793432905270562,-0.7289498122163031
183.8966184000019,0.0,0.0,0.0,-0.001792377387867624,-0.005631928751709453,-0.7515337048287287
183.94603869999992,0.0,0.0,0.0,-0.0021845156935661274,0.002982882187243276,-0.7072622685986216
183.99565409999923,0.0,0.0,0.0,-0.001215738034566391,0.00470559319971797,-0.5936902705396844
184.045781300003,0.0,0.0,0.0,-0.0008386297719933597,0.00365083931363255,-0.4465152526436357
184.0958344000028,0.0,0.0,0.0,-0.0004991014544798848,0.004165425905795543,-0.2935831012872613
184.1471246000001,0.0,0.0,0.0,-0.00010203705769762099,0.0007314835032228783,-0.16666540954706016
184.19531789999746,0.0,0.0,0.0,-3.143236194787078e-05,0.007630066341481751,-0.13203271558739782
184.24785279999924,0.0,0.0,0.0,-0.00027198198295278733,-0.005686938511350537,-0.1219993485485517
184.29845600000408,0.0,0.0,0.0,-0.00016782760027763923,0.002017912309714785,-0.11347111590875888
184.34784790000413,0.0,0.0,0.0,-0.0001782750664783262,-0.0006158704458486922,-0.10523165520008781
184.39734870000393,0.0,0.0,0.0,-0.0001508205469108503,-0.00041385375645244956,-0.09766463106554135
184.44505519999802,0.0,0.0,0.0,5.251700856119641e-05,0.0024002271636588213,-0.09081856047834858
184.4985411000016,0.0,0.0,0.0,-0.00014152780833908253,-0.0016476654181923054,-0.08444593067057338
184.54714290000265,0.0,0.0,0.0,-0.0001379578970783357,0.0013381040759559662,-0.07816673794211527
184.59581269999762,0.0,0.0,0.0,-1.7715673031428354e-05,0.0022607316825536167,-0.07239964552803013
184.6459479000041,0.0,0.0,0.0,-0.0001979312138714975,-0.0030304954849748535,-0.06817262497123598
184.69553019999876,0.0,0.0,0.0,-0.00019184518712104975,-0.003382246318231151,-0.06398025614956834
184.746304100001,0.0,0.0,0.0,-5.719628679292269e-05,0.0029030536769999262,-0.059833772814819504
184.79599320000125,0.0,0.0,0.0,-0.00014595951366880148,0.0011170604502608015,-0.05571661999510635
184.85010260000126,0.0,0.0,0.0,5.186938365160173e-05,0.0019897015193696874,-0.052313363833190935
184.8967374999993,0.0,0.0,0.0,0.00038986317200368176,-0.003062245289418305,-0.04872521619583367
184.94535149999865,0.0,0.0,0.0,-0.0005371244243743429,-0.00016609111974404735,-0.04508807677225124
184.99773750000168,0.0,0.0,0.0,1.1574788365821377e-05,0.0019257286920880284,-0.04218907432856459
185.04607760000363,0.0,0.0,0.0,-7.729237968919783e-05,-0.0023541979474105386,-0.03969771178857076
185.0946053000007,0.0,0.0,0.0,-8.302033114248111e-05,-0.0014461555607108243,-0.03690891581226531
185.14514960000088,0.0,0.0,0.0,5.818684078903559e-05,0.006673580799334269,-0.03476487997945278
185.1982388000033,0.0,0.0,0.0,-8.384689747908142e-05,-0.0022006651661796717,-0.03231744425641399
185.24538290000055,0.0,0.0,0.0,-3.5061726644619443e-05,-0.0009034697031685214,-0.030511366485996613
185.29475339999772,0.0,0.0,0.0,-1.2913876916884996e-05,-0.0018994853968742765,-0.028727181484234976
185.3474494999973,0.0,0.0,0.0,7.906004085179179e-05,0.00123131254206531,-0.026878213580420952
185.3976804999984,0.0,0.0,0.0,7.241503886539581e-05,0.0022066931291005055,-0.02498904195253938
185.44531310000457,0.0,0.0,0.0,4.591658767811632e-05,-0.001968947275195841,-0.023895933479460153
185.49494750000304,0.0,0.0,0.0,4.818632058797695e-05,0.0011418809192036826,-0.022452472967537232
185.54540950000228,0.0,0.0,0.0,-4.2452731152672714e-05,0.003384335620877171,-0.02087986138345376
185.59593499999755,0.0,0.0,0.0,-2.4911001643897874e-05,-0.002970683200458054,-0.019904974861125035
185.64883510000072,0.0,0.0,0.0,3.296991623649891e-05,-0.001991447163680815,-0.0192785727182013
185.6979408000043,0.0,0.0,0.0,-0.00047126975504789277,0.000819393073851921,-0.018018945694046096
185.74745709999843,0.0,0.0,0.0,-0.0002405552220125303,-0.004129563948952542,-0.016763292596336146
185.7957796999981,0.0,0.0,0.0,-5.305528520597018e-05,0.0028909098836208762,-0.01616464957169992
185.84900989999733,0.0,0.0,0.0,-5.9287474620720374e-05,-0.002734824667447878,-0.015276331603006978
185.8976146999994,0.0,0.0,0.0,3.7833830164616515e-05,0.0037846227791753597,-0.015049845113749329
185.94583440000133,0.0,0.0,0.0,-7.124310933082558e-05,-0.00043332171193279046,-0.013963013300527904
185.9954699000009,0.0,0.0,0.0,0.0005509848204101836,-0.001211417392952157,-0.012887968067856201
186.04775379999774,0.0,0.0,0.0,0.00027921847527282844,-0.002197125124052359,-0.013119305636884078
186.0959234999973,0.0,0.0,0.0,-5.1759090915478566e-05,0.0034746029307569557,-0.012630956849300325
186.14682860000175,0.0,0.0,0.0,-0.0008361687354639081,0.0023841461551185722,-0.01220416413571157
186.1956685000041,0.0,0.0,0.0,-6.568904451752007e-05,-0.0032797437748671512,-0.011552254321460374
186.24674349999987,0.0,0.0,0.0,3.4332440540758633e-05,0.00043779558262562585,-0.012174986043790277
186.294988200003,0.0,0.0,0.0,-8.425792577530402e-06,0.002302748569067544,-0.009317851443395964
186.34558829999878,0.0,0.0,0.0,-0.0003116099341943251,0.0026942665054391765,-0.009036029845052241
186.3982668000026,0.0,0.0,0.0,0.0004981968080371487,-0.006227630559216993,-0.009326206434717838
186.44724929999938,0.0,0.0,0.0,-0.0002524676462182788,0.0013088590273479688,-0.00968050736783911
186.4965916000001,0.0,0.0,0.0,-6.223298365553574e-05,-0.0012485091669739554,-0.007927784850275161
186.54680129999906,0.0,0.0,0.0,4.122216038167361e-05,0.00024260201691486368,-0.009247148603247473
186.5964593000026,0.0,0.0,0.0,-0.00020548187985518747,0.0030272579497615483,-0.009247534319639535
186.64640810000128,0.0,0.0,0.0,0.00020238726276815494,0.001925523715330132,-0.008969582222638384
186.69786130000284,0.0,0.0,0.0,-0.00016702427126622546,-0.004642278971188475,-0.00916106939265414
186.74539709999954,0.0,0.0,0.0,-0.0006097797152236772,0.0008591160454440535,-0.009250860012505102
186.79639650000172,0.0,0.0,0.0,0.0007685977573313227,0.002946416066410349,-0.009930300713909485
186.84735390000424,0.0,0.0,0.0,-0.0010042493781690907,-0.0005404539839495076,-0.010100096699776098
186.89818560000276,0.0,0.0,0.0,0.0014554780987951737,-0.0019038523203551844,-0.011243539579600267
186.94639250000182,0.0,0.0,0.0,0.0003190525397205892,0.0024484445434279443,-0.011327414881654715
186.9955803999983,0.0,0.0,0.0,-0.0005767657095297183,-0.0020795526888449756,-0.012706571541481578
187.04623900000297,0.0,0.0,0.0,-0.00014413720002616804,-0.002516486820226495,-0.014872835849659182
187.09518560000288,0.0,0.0,0.0,-6.8635690727640325e-06,0.0006617233344425879,-0.01933285522724368
187.14548320000176,0.0,0.0,0.0,0.00010055494112607329,0.010283368806517966,-0.0015311869166445213
187.19577410000056,0.0,0.0,0.0,-1.7790913170497147e-06,0.000319182171792522,0.016330825325446875
187.24561399999948,0.0,0.0,0.0,5.349784177631091e-05,9.586627093963777e-05,0.031880748546207545
187.29600799999753,0.0,0.0,0.0,3.480718975772874e-05,0.0011288385807276915,0.05181615976231044
187.40622289999737,0.0,0.0,0.0,4.81528921105968e-05,-0.0007308573492503339,0.07266980894406137
187.42990760000248,0.0,0.0,0.0,6.086422800118276e-05,-7.31619868080664e-05,0.09349248096154573
187.48001810000278,0.0,0.0,0.0,4.8363710101262626e-05,0.00016339216638375605,0.10758484503075726
187.5259922999976,0.0,0.0,0.0,0.00010535931163937925,-0.0006280250541577442,0.11990248278065888
187.57661740000185,0.0,0.0,0.0,8.520249229681809e-05,-0.002210487740222825,0.11854262566943065
187.62502540000423,0.0,0.0,0.0,-6.951959397455052e-05,-0.009499732766331877,0.024178392283249354
187.67617540000356,0.0,0.0,0.0,4.524767083679758e-06,-0.0025989241950079844,-0.0005046027846253034
187.72695869999734,0.0,0.0,0.0,1.7339152994452754e-05,3.943568241431523e-05,-8.720130470116341e-05
187.77690950000397,0.0,0.0,0.0,7.41224693194247e-06,2.0729959236881452e-05,0.00012642310270235058
187.8275250000006,0.0,0.0,0.0,2.880737078370592e-06,1.8072153563113401e-06,0.00021193409214431832
187.87556100000074,0.0,0.0,0.0,1.2786947390300724e-06,7.27246496863038e-07,0.00024375299409391989
187.92584300000453,0.0,0.0,0.0,7.250065369481459e-07,1.757213062017739e-07,0.00025498852165999113
187.97847349999938,0.0,0.0,0.0,4.939926247795818e-07,-1.5118922428050177e-08,0.000259007674347032
188.02767580000364,0.0,0.0,0.0,5.007517071712046e-07,-7.232909364013536e-08,0.0002602844767253793
188.07596840000042,0.0,0.0,0.0,6.59241802074225e-07,-5.431390358220786e-07,0.00025944332335923564
188.1254759000003,0.0,0.0,0.0,5.798053248154257e-07,-4.097173465702014e-07,0.0002586687335437173
188.1749764999986,0.0,0.0,0.0,5.200827952371999e-07,-1.9983743355078646e-07,0.0002585759866148739
188.22724410000228,0.0,0.0,0.0,6.257694669008513e-07,-4.668362483596251e-07,0.00025755662466937025
188.27544620000117,0.0,0.0,0.0,1.3277950696521652e-06,2.0581088796137698e-06,0.0002621335723396567
188.325565799998,0.0,0.0,0.0,6.874420010976129e-07,-5.581516740099275e-07,0.0002744482967959688
188.37661240000307,0.0,0.0,0.0,5.629684522843516e-07,-6.391660087385716e-07,0.00027259941150360197
188.42617740000424,0.0,0.0,0.0,5.161027372547175e-07,-1.4894693451501704e-07,0.00027199175951568837
188.47691099999793,0.0,0.0,0.0,5.035186630992876e-07,-1.8543322085223277e-07,0.0002718148667324855
188.52487649999966,0.0,0.0,0.0,5.006401967055956e-07,-1.8973115264607712e-07,0.000271759501921255
188.57740809999814,0.0,0.0,0.0,5.002122133351119e-07,-1.904029688449297e-07,0.0002717310355478544
188.62669800000003,0.0,0.0,0.0,0.0003371916893258164,0.00035611400470489233,0.1090174459670168
188.67643300000054,0.0,0.0,0.0,0.000561818804417255,-0.0006189693785855773,0.26755785636347096
188.7261340000041,0.0,0.0,0.0,0.0007282845745420457,-0.000954622790985008,0.4164528716133705
188.77444020000257,0.0,0.0,0.0,0.0010608276232153815,-0.001064037170029063,0.5779198883816221
188.82587690000219,0.0,0.0,0.0,0.002057477690744096,-0.00014810758336137982,0.7719956157327851
188.87631440000405,0.0,0.0,0.0,0.0018157434128235547,0.0018218294826954809,1.0077161522176212
188.92572030000156,0.0,0.0,0.0,0.0022426453174284994,0.00014351994234401323,1.2944123110170005
188.97658840000076,0.0,0.0,0.0,0.0021128281083010927,0.006069700414615348,1.590182955531407
189.02668370000174,0.0,0.0,0.0,0.0038806343818238147,-0.0068158020737118345,1.7920279279411235
189.0760339000044,0.0,0.0,0.0,0.002908709990468551,0.0022530057924310285,1.8116172955183814
189.1253543999992,0.0,0.0,0.0,0.0037717669416145847,-0.004670240612854054,1.80406698432937
189.17616830000043,0.0,0.0,0.0,0.00362203008397894,-0.0016727666454767302,1.8442960525246486
189.22649850000016,0.0,0.0,0.0,0.00344394025886136,0.0010929983741207949,1.8803241582207693
189.27669569999853,0.0,0.0,0.0,0.00331979101441542,0.002766358787128255,1.876534056926126
189.32533530000364,0.0,0.0,0.0,0.003729267961827183,-0.0011322898447415012,1.87624155947802
189.37662500000442,0.0,0.0,0.0,0.004089850154386973,0.0006449355133766577,1.8794688138670672
189.42644329999894,0.0,0.0,0.0,0.0035727105598916233,-0.0013380045103339403,1.8823667838920137
189.4762692000004,0.0,0.0,0.0,0.003384253740906824,0.000246034100425657,1.7930167478443062
189.5285619999995,0.0,0.0,0.0,0.003266617042090471,-0.0014075928058137487,1.666516460396192
189.57455990000017,0.0,0.0,0.0,0.0029758661574656167,1.8884093254426734e-05,1.5334946591933332
189.62530900000274,0.0,0.0,0.0,0.00281611942118056,0.00020570973573877564,1.417604820419497
189.67701929999748,0.0,0.0,0.0,0.002741386878640858,-0.001479348712179645,1.2997155540129386
189.7256458999982,0.0,0.0,0.0,0.002296049806416217,0.0031033171640441467,1.1987416178151935
189.77546099999745,0.0,0.0,0.0,0.002230073562671988,-0.0019693942123536843,1.1038166946336527
189.82698489999893,0.0,0.0,0.0,0.0021500180147637766,-0.00013585438751824506,1.015612570967265
189.8759121999974,0.0,0.0,0.0,0.0020306358904552506,-0.0018907600658963524,0.9397789173863996
189.92598140000337,0.0,0.0,0.0,0.001939167040044692,-0.0013484790974025544,0.8679868651198255
189.9772127000033,0.0,0.0,0.0,0.001900417297486579,-0.001897358784897152,0.8011812152508736
190.02688900000066,0.0,0.0,0.0,0.0017029740519384064,0.00038819461274501685,0.7375120517975111
190.07629470000393,0.0,0.0,0.0,0.0015542662421363282,0.00022416455545468144,0.6834331574056114
190.1281780999998,0.0,0.0,0.0,0.0019391781604500633,-0.005829194096533229,0.6762436444628408
190.17505260000326,0.0,0.0,0.0,0.0015499029270637146,0.003371258746513917,0.6659901785651952
190.22639860000345,0.0,0.0,0.0,0.0017104816185809046,-0.0023593059644961573,0.6660373808349519
190.27703560000373,0.0,0.0,0.0,0.001549438206232831,0.004726649369934201,0.6814497704659841
190.32547989999875,0.0,0.0,0.0,0.001389801189420227,0.001803137809422013,0.7060060340804551
190.37732590000087,0.0,0.0,0.0,0.0017654670749714298,-0.0040366855116296535,0.7131251590040717
190.42606109999906,0.0,0.0,0.0,0.002007902010620144,0.005528146159203341,0.6658826049795631
190.47488169999997,0.0,0.0,0.0,0.0010763662567522079,0.0052767195104088,0.5370416355004147
190.52741750000132,0.0,0.0,0.0,0.0009899607245494584,-0.002895038538629289,0.3879446163773581
190.57726099999854,0.0,0.0,0.0,0.0005511497488811108,0.0006884670759040246,0.2285840221135456
190.62461050000275,0.0,0.0,0.0,0.0006179806852484424,0.008396787454820314,0.16752248796414992
190.6761428000027,0.0,0.0,0.0,0.0003525372491352261,0.0012074794891602405,0.2436772520396477
190.72499280000193,0.0,0.0,0.0,5.417140469231143e-05,-0.001278915373538594,0.2501719019753271
190.77736420000292,0.0,0.0,0.0,-0.00030153400980986706,0.0016750498584787185,0.2407438840921032
190.82475890000205,0.0,0.0,0.0,7.390227379658058e-05,-0.003126985219398994,0.2346933601825568
190.8749805000043,0.0,0.0,0.0,0.00016941591582606672,0.0029396975099792682,0.23259644452347716
190.92631419999816,0.0,0.0,0.0,0.00022870858510586178,0.001600448499648425,0.22829406946347564
190.97740509999858,0.0,0.0,0.0,0.00046945039134104654,-0.004570780340676101,0.22465494034339675
191.02613080000447,0.0,0.0,0.0,0.00023765184096209436,0.005648333366669234,0.22223427915876157
191.07788170000276,0.0,0.0,0.0,-4.433382937965634e-05,-0.0018307129400311436,0.22199609381406743
191.1269575000042,0.0,0.0,0.0,0.0007754778031167024,-0.004900399307559023,0.21994174842381212
191.1758620000037,0.0,0.0,0.0,0.00022501518773644996,0.007069179359684053,0.22334834396593242
191.228912700004,0.0,0.0,0.0,0.0004236267671821462,-0.0020882490845344466,0.22922539650376333
191.27713529999892,0.0,0.0,0.0,0.00033083554231251773,-0.0022142936430700976,0.23547232100737048
191.3253368000005,0.0,0.0,0.0,0.00030289620741180814,0.004477354091250222,0.24826134842972658
191.37724239999807,0.0,0.0,0.0,0.000461569964787352,-0.00315830319776464,0.2655081173606579
191.4267342000021,0.0,0.0,0.0,0.0003641774263106313,0.0014936412802764704,0.29218418680447167
191.4766290999978,0.0,0.0,0.0,0.0005631919357943883,-0.001804233832323227,0.3324908009461567
191.52450880000106,0.0,0.0,0.0,0.0006804420549957808,-0.0022736538383103045,0.39438235197266475
191.57807760000287,0.0,0.0,0.0,0.0008876919790682962,0.0002430328424459831,0.5004494767921114
191.62714370000322,0.0,0.0,0.0,0.00045384415002671036,0.010326949402977029,0.5284239905935206
191.67612940000254,0.0,0.0,0.0,0.00046507904426856903,-0.00015812927826286085,0.5322814896477401
191.7253789000024,0.0,0.0,0.0,0.0005169912305683443,0.00038891966028524824,0.5274115429454062
191.7749535000039,0.0,0.0,0.0,0.0005871127782199644,0.0016007164184299978,0.5068693664413944
191.82652059999964,0.0,0.0,0.0,0.0002920974461240126,0.0004521015896831404,0.48397681700095724
191.8773738000018,0.0,0.0,0.0,0.0003349941100455158,-0.000892562809331922,0.45050802677719765
191.92572669999936,0.0,0.0,0.0,0.0004721415153295322,-0.0005152821250525181,0.4122790371301488
191.9744428999984,0.0,0.0,0.0,0.0009585023160672883,-0.013344240305757432,0.50577099629958
192.02566710000247,0.0,0.0,0.0,0.0012507139837498668,-0.001318430578283976,0.7094008033302336
192.0797748000041,0.0,0.0,0.0,0.001465799297499178,0.004886359290372349,0.9168503735323366
192.12683090000064,0.0,0.0,0.0,0.0016684095873374658,0.002125268662064701,1.0809932089146317
192.17592069999955,0.0,0.0,0.0,0.001476326873342061,-0.0019862754309137487,1.260890297837296
192.22496189999947,0.0,0.0,0.0,0.002092106779210363,0.0012354437348224847,1.4427358837170354
192.27797819999978,0.0,0.0,0.0,0.0030782083580527665,-0.0012377074574755733,1.6407420634024439
192.32540110000264,0.0,0.0,0.0,0.0033690023949078723,-0.004761956624614975,1.836537259588074
192.3755661000032,0.0,0.0,0.0,0.0030135587458995283,0.0016735687465101537,1.8682521923147666
192.42569080000249,0.0,0.0,0.0,0.003701203195867216,-0.004350149665915544,1.854249233438841
192.4763724000004,0.0,0.0,0.0,0.0031679508532451942,0.0008914629816473528,1.8711322857289368
192.52641360000416,0.0,0.0,0.0,0.003882801840295416,-0.0006365925186619465,1.8822414441704705
192.57669760000135,0.0,0.0,0.0,0.0037800799409576434,-0.008478059855823521,1.8807342272727383
192.62731129999884,0.0,0.0,0.0,0.0033573218561319547,0.00656970502475902,1.8813090467531337
192.67562039999757,0.0,0.0,0.0,0.0033784287678627818,0.0009449255998873196,1.8823874600784913
192.7273647999973,0.0,0.0,0.0,0.003658817622931864,0.00020856069831441212,1.8827250996210496
192.77672439999878,0.0,0.0,0.0,0.002612812085734584,0.003914478453591363,1.8818714957511398
192.82413400000223,0.0,0.0,0.0,0.0030747929563004137,-0.0026982990220354593,1.8818099798903773
192.87532289999945,0.0,0.0,0.0,0.0031088564374577247,8.143464764847869e-05,1.8815476852396813
192.92718140000215,0.0,0.0,0.0,0.0048453477756214116,0.0011191672756600268,1.882270123139111
192.97745620000205,0.0,0.0,0.0,0.0038103992920568795,-0.0029199118666885316,1.785792347882994
193.02900760000193,0.0,0.0,0.0,0.0033038140975643615,-0.001602458499226034,1.6549526385110946
193.0763311999981,0.0,0.0,0.0,0.003094892518246083,0.0022821409902030916,1.535984482579845
193.12819210000453,0.0,0.0,0.0,0.002860257102571607,-0.001987299212833325,1.418107990133065
193.17816680000396,0.0,0.0,0.0,0.0027093642583093064,-0.0011178671900985006,1.3229716834750107
193.2256938999999,0.0,0.0,0.0,0.002569797554343093,0.0003065008690935156,1.2385927077804264
193.2753922999982,0.0,0.0,0.0,0.0024890948701744315,-0.0032676022846028605,1.1440314804195117
193.32781950000208,0.0,0.0,0.0,0.002236848477068859,0.002678510851165318,1.0692904699046109
193.37664919999952,0.0,0.0,0.0,0.002071750079757521,8.672755611029144e-05,0.9983365127536915
193.42515249999997,0.0,0.0,0.0,0.0018152169875860018,0.002364102115263422,0.932757711544701
193.4763301999992,0.0,0.0,0.0,0.0020344640712112064,-0.005703935684835229,0.8698739503538016
193.52547849999974,0.0,0.0,0.0,0.0018831284705673706,-0.0006592288973297185,0.8125895591519788
193.5771023999987,0.0,0.0,0.0,0.0017369414941588836,-0.00023837966342868096,0.7583172619523515
193.6293278000012,0.0,0.0,0.0,0.001597847959184666,0.0004895761086365659,0.7081668105609433
193.6753497000027,0.0,0.0,0.0,0.0015254395420740482,-0.0004236029978335048,0.665317028322123
193.72684819999995,0.0,0.0,0.0,0.0018746040717316159,-0.0064687554146085355,0.6526996766077306
193.77664820000064,0.0,0.0,0.0,0.001482156245667843,0.002059795287686307,0.6396160240118643
193.8259229000032,0.0,0.0,0.0,0.00158031258517573,0.0014449670611811913,0.6412847759611995
193.87712370000372,0.0,0.0,0.0,0.0014129635669411994,0.0015434525029513872,0.6492365496287533
193.9263088000007,0.0,0.0,0.0,0.0015662228618904088,0.0015274187085040749,0.6650625691501892
193.97619770000165,0.0,0.0,0.0,0.0021183972399983013,-0.0030507167020783653,0.6723253705312259
194.02546879999863,0.0,0.0,0.0,0.0017685490700205448,0.003802846978018982,0.6406338169012281
194.0762001999974,0.0,0.0,0.0,0.0011550677134740017,0.0010382031805482375,0.5098775950421155
194.12816939999902,0.0,0.0,0.0,0.0005032672191436934,0.0018784402923926993,0.32874728042341816
194.1771596000035,0.0,0.0,0.0,-0.0007758927173793422,0.032611096398832924,0.2021874271443282
194.22575759999745,0.0,0.0,0.0,0.0003147556332288041,-0.014427115568333444,0.16838894941199506
194.27678300000116,0.0,0.0,0.0,-0.00015459515789888905,0.005348525158108656,0.12134706820614066
194.32501860000048,0.0,0.0,0.0,8.566202087498037e-05,-0.00024345075576496454,0.09940363594623511
194.3766581000018,0.0,0.0,0.0,9.054084880592795e-05,-0.0010687543057816763,0.07637998313648268
194.42768610000348,0.0,0.0,0.0,3.0408744737722335e-05,0.0004058424921227985,0.05297044387717754
194.47650319999957,0.0,0.0,0.0,5.571917312366982e-05,-0.0010310732425263076,0.03339585612815815
194.52499790000002,0.0,0.0,0.0,-4.399944687665036e-05,-0.009779909201287348,0.0063977609769171676
194.57654100000218,0.0,0.0,0.0,2.749299944410531e-05,0.001527712154614488,0.00036940801891589917
194.62702980000176,0.0,0.0,0.0,4.967256811926652e-05,0.003603279845725704,0.00034783144006533026
194.6752398000026,0.0,0.0,0.0,-2.1430625173097707e-06,-0.0002269306435276556,0.00013092622573457525
194.72682630000054,0.0,0.0,0.0,-1.1523335729464741e-05,-0.0007601274099046526,0.0001340823801980344
194.7765619999991,0.0,0.0,0.0,5.027593525326072e-06,0.00021721174136353293,0.00012263216507187694
194.8273382999978,0.0,0.0,0.0,-2.377336682610582e-06,3.3094571028485895e-05,0.00016342166978751304
194.87672020000173,0.0,0.0,0.0,-3.635172741324169e-06,-0.00040777867035467105,0.00015836627867918572
194.92562770000222,0.0,0.0,0.0,-3.8603642686406296e-06,-0.00031986648288803243,0.00011552579694589655
194.97619390000182,0.0,0.0,0.0,7.215250937510738e-06,0.0005795480472718377,0.000115085768615882
195.02512720000232,0.0,0.0,0.0,-1.6606439004608882e-06,-0.00013044146869773033,0.00012344679401591165
195.07736899999873,0.0,0.0,0.0,1.4558966227333968e-06,0.00011947664128776434,0.00017396268228197918
195.1299988000028,0.0,0.0,0.0,-2.15866738411284e-06,-0.00031596121947022825,6.920111491657218e-05
195.18179090000194,0.0,0.0,0.0,2.661990308201499e-06,0.00038700516183560806,0.00010231792559808651
195.23639469999762,0.0,0.0,0.0,-4.49552808179847e-07,6.604682936503185e-05,0.00020564471182656587
195.28437159999885,0.0,0.0,0.0,-1.0853297587150618e-05,-0.00075019707270086,0.00014524250904163517
195.33744429999933,0.0,0.0,0.0,1.5861383763105505e-05,0.0011078918261885728,0.00022246282910164594
195.38328170000023,0.0,0.0,0.0,9.88888642004729e-06,0.0006495238987134557,0.00012893485332990918
195.43428049999784,0.0,0.0,0.0,-5.765125369118962e-07,-0.00011666432939822745,0.0001568046995082509
195.48552570000174,0.0,0.0,0.0,-8.196296911916846e-06,-0.0006209804512514635,0.00013419095890910936
195.5317656000043,0.0,0.0,0.0,5.60841221950404e-06,0.000496495041744802,0.0001818687109359592
195.57676760000322,0.0,0.0,0.0,-6.256802884961939e-05,-0.004231630102428939,9.841366549355616e-05
195.63626920000388,0.0,0.0,0.0,3.1810319841169644e-05,0.0018346370764438127,2.7171055328318714e-06
195.67888279999897,0.0,0.0,0.0,-1.8102655402237307e-05,-0.001268293773435353,-0.00013551761238879387
195.7355377999993,0.0,0.0,0.0,7.812665306498643e-06,0.0007424451464662142,0.0001324689554891298
195.78488549999747,0.0,0.0,0.0,-4.7999002240355664e-06,-0.00032880535670496054,5.334344099064719e-05
195.83379879999848,0.0,0.0,0.0,-2.1423858629515206e-06,7.318399096151487e-05,0.00022652852059223803
195.88630170000397,0.0,0.0,0.0,4.3782378206354e-06,0.00010683753429605875,0.0003154028759039016
195.93712190000224,0.0,0.0,0.0,7.369025808948875e-06,0.0002585143993806374,7.506713550996672e-05
195.98311880000256,0.0,0.0,0.0,1.2571665118328307e-05,0.0008939197449657699,1.4972859239382195e-05
196.03556650000246,0.0,0.0,0.0,1.2561393551288682e-05,0.000835874811591011,1.5599577365978592e-05
196.0839621999985,0.0,0.0,0.0,1.753381345568874e-05,0.0013766135004295518,0.00018108864500877787
196.1325674000036,0.0,0.0,0.0,-1.857562099145495e-05,-0.0012678033984161482,0.00024453261792200447
196.18466540000372,0.0,0.0,0.0,9.266823254612735e-07,-0.00012420257891299525,8.48211531642776e-05
196.23314499999833,0.0,0.0,0.0,4.625319692408021e-06,0.0003435631324987657,0.00011713115878279953
196.28745340000023,0.0,0.0,0.0,-8.757821946804127e-06,-0.0006197398074497081,0.000132819938982955
196.336077699998,0.0,0.0,0.0,1.100243817952947e-05,0.0006224602992184121,0.00011483694581854498
196.3836119999978,0.0,0.0,0.0,-7.126905530754222e-06,-0.0003810453352924589,0.00014635826233487626
196.43498430000182,0.0,0.0,0.0,-2.4376976223922407e-06,-0.00015348571417638592,0.00021712232527115573
196.48556290000124,0.0,0.0,0.0,2.3279428030709044e-06,0.00014062450302546465,0.00010247340952807742
196.52750160000141,0.0,0.0,0.0,1.2485115374688305e-05,0.0008632792582947339,0.00020072479873222993
196.5850980000032,0.0,0.0,0.0,-1.7967075935648953e-05,-0.001390637969619741,5.559182351211959e-05
196.63179479999962,0.0,0.0,0.0,4.2616963248398755e-06,0.00033491354718046386,0.00011744140340106657
196.67736190000142,0.0,0.0,0.0,1.633265733212949e-05,0.0010740249585381,0.00010918274106121176
196.7339654000025,0.0,0.0,0.0,-2.617624995047201e-05,-0.0016750503367676242,0.00014453112282467934
196.78012989999843,0.0,0.0,0.0,2.5205009565827006e-06,6.480998586019831e-05,0.00010705669757945422
196.83465670000442,0.0,0.0,0.0,1.9475456442803786e-05,0.001314398587709132,6.024485404565143e-05
196.88694319999922,0.0,0.0,0.0,6.269386124520343e-06,0.00041182799254782374,0.00016426072058564254
196.9306729000018,0.0,0.0,0.0,2.315719211834795e-06,0.0002746188927253171,0.00020431307956486356
196.98597950000112,0.0,0.0,0.0,-1.8334581983841566e-05,-0.001337997342269171,5.0160018032803394e-05
197.0353991000011,0.0,0.0,0.0,4.8206919239124085e-06,0.00034049899959307276,0.00016590851866759622
197.0838678,0.0,0.0,0.0,-7.817637846225068e-07,-0.00013211814795098176,7.541063347169642e-05
197.1340868000043,0.0,0.0,0.0,7.119167168919935e-06,0.0005458835192706739,0.0001036176814828111
197.1863119000045,0.0,0.0,0.0,-5.236417904428193e-07,-0.00012745013617806883,0.00012145693959314348
197.23568479999813,0.0,0.0,0.0,2.446823374843153e-06,0.00024305205811436377,0.00018408163775997168
197.2837459000002,0.0,0.0,0.0,1.1725499296109686e-07,-1.2407149835376386e-05,0.00022767396763767936
197.32826139999815,0.0,0.0,0.0,-3.237319331005938e-06,-9.588294133226923e-05,0.00010150676197323515
197.38689729999896,0.0,0.0,0.0,-1.3056659050926109e-05,-0.0010227604727143097,7.928399175338286e-05
197.4340635999979,0.0,0.0,0.0,1.2378675540376382e-05,0.0007657302128010509,4.312422738206735e-05
197.48433069999737,0.0,0.0,0.0,4.5322936836351695e-06,0.0003111307259883389,8.883204714121832e-05
197.53404330000194,0.0,0.0,0.0,-1.7967647577518341e-06,-8.310474303254564e-05,7.230693538142509e-05
197.5831565999979,0.0,0.0,0.0,-7.23288457875689e-07,-3.421632504287158e-05,0.0001930570897126572
197.63876249999885,0.0,0.0,0.0,5.310946270005286e-06,0.00025796065364358826,1.7941197912595781e-06
197.68401150000136,0.0,0.0,0.0,-1.5497351271329923e-05,-0.000964805608525733,0.0001090881277690242
197.73067730000184,0.0,0.0,0.0,9.295085949198298e-06,0.00047810436005369446,9.072136917634009e-05
197.78542939999897,0.0,0.0,0.0,8.711158440333422e-06,0.0007254198391464773,0.00012189302396977856
197.83590540000296,0.0,0.0,0.0,-5.495613984030227e-06,-0.00038484647021452356,0.00019201577011684104
197.88453670000308,0.0,0.0,0.0,4.88897595663357e-07,-0.00013378823644835002,0.00010726235005665608
197.93033819999982,0.0,0.0,0.0,1.707226135915804e-06,0.00010833306730738659,0.00014995275186906597
197.98456989999977,0.0,0.0,0.0,-1.6066422821006982e-05,-0.001066752919820693,0.00013321926219210964
198.03666299999895,0.0,0.0,0.0,1.762077366247447e-05,0.0009723751935996574,8.801988825299798e-05
198.0799909999987,0.0,0.0,0.0,3.7176776728161886e-06,0.00045166133250210377,0.00023795194977286203
198.13505740000255,0.0,0.0,0.0,-3.0426673868111697e-06,-0.0003281247208351785,0.00011687541151023906
198.18095190000167,0.0,0.0,0.0,-2.042823269064019e-06,-0.00011302168191410335,0.00014560145289782032
198.23610120000376,0.0,0.0,0.0,-7.262541110395187e-06,-0.0005498351834344905,0.0001332349157487991
198.28971599999932,0.0,0.0,0.0,1.6659263950268188e-05,0.0011289632508636833,0.00018484823088673032
198.33586179999838,0.0,0.0,0.0,-1.3863200274626475e-05,-0.0010031093733407963,7.788004651267303e-05
198.38041389999853,0.0,0.0,0.0,-1.2179190988043167e-05,-0.0007096398295305699,0.00013434392304178668
198.43199730000197,0.0,0.0,0.0,1.0541573765651154e-05,0.0006003985450174551,0.00018121863827942725
198.48780380000244,0.0,0.0,0.0,-2.9869370749071216e-06,-0.0001459904766729677,0.00021386380953616023
198.53307830000267,0.0,0.0,0.0,-1.066700377621865e-05,-0.0009532429394652259,0.0001367212296230092
198.58813969999755,0.0,0.0,0.0,1.0185676414440965e-05,0.0008479824542249165,0.0001666672662477302
198.63562520000414,0.0,0.0,0.0,-8.819748670887971e-07,-0.00016300869977013856,0.0001393269927476562
198.68073580000055,0.0,0.0,0.0,1.8655857424457752e-05,0.001324480627114669,0.0002109595880649496
198.73371459999908,0.0,0.0,0.0,-8.65811393675607e-06,-0.0005851885677422788,0.0002363676972582503
198.78620519999822,0.0,0.0,0.0,6.3381165366744985e-06,0.0003485618341337096,0.0001886732438506456
198.83661109999957,0.0,0.0,0.0,-7.375466273620709e-06,-0.0005580561142850516,0.00017486790437728933
198.88688360000378,0.0,0.0,0.0,-1.2957387150027737e-06,4.0931928997238225e-05,0.00023610716140707496
198.93568139999843,0.0,0.0,0.0,-0.00042990830249718193,-0.0025975695036353523,-0.106546370317043
198.97693540000182,0.0,0.0,0.0,-0.0004501496520919589,-0.0065021000538746185,-0.27151193789133093
199.03460079999786,0.0,0.0,0.0,-0.000700453978741474,-0.002826745720509538,-0.42321446588608064
199.08401220000087,0.0,0.0,0.0,-0.0011067769829416194,-0.000758869154997545,-0.5977310697666769
199.1339952999988,0.0,0.0,0.0,-0.001563808298040841,0.0007182377200632155,-0.7981446829297411
199.17836869999883,0.0,0.0,0.0,-0.0011887043537453406,0.004066163908134438,-0.9658797345867974
199.23576290000346,0.0,0.0,0.0,-0.002026260849504224,-0.0025146687972228045,-1.0181321237233416
199.28528160000133,0.0,0.0,0.0,-0.001793756516571795,-0.0005360816535624766,-0.9661303448647801
199.33631450000394,0.0,0.0,0.0,-0.001825691930425866,-0.002846288797857691,-0.8983080660052933
199.3821872999979,0.0,0.0,0.0,-0.0016955935489272574,-0.0016077849782494599,-0.8218093901752261
199.4342839000019,0.0,0.0,0.0,-0.0016391521434498142,-0.0014498552831817319,-0.7547354433520355
199.48631510000268,0.0,0.0,0.0,-0.001694299822775322,-0.0023511783971210225,-0.6985632231425077
199.5358683000013,0.0,0.0,0.0,-0.0013271979627402708,-0.00021677019208227438,-0.6526108579515142
199.58362930000294,0.0,0.0,0.0,-0.0022117213938827773,-0.008108416822412295,-0.6672075434412748
199.6306276000032,0.0,0.0,0.0,-0.0017272800381912974,0.0038406822797127814,-0.6747403194338132
199.68715800000064,0.0,0.0,0.0,-0.001958981217351853,0.0001124655096170391,-0.6737045733104619
199.73579079999763,0.0,0.0,0.0,-0.0015323118114544138,0.005924700224981127,-0.6961467890958453
199.78840140000102,0.0,0.0,0.0,-0.0018633665006800105,-0.0021351013377318125,-0.7469374729422
199.83155249999982,0.0,0.0,0.0,-0.0020993689888745616,-0.0022078016181160632,-0.7606636764690795
199.88452739999775,0.0,0.0,0.0,-0.001779806722595529,0.004769338222121311,-0.710847939439279
199.9332366000017,0.0,0.0,0.0,-0.001594694367034345,0.002041023727196255,-0.5982700848059583
199.98154819999763,0.0,0.0,0.0,-0.0008967332325929993,0.003466710798072738,-0.44629302646966384
200.03660300000047,0.0,0.0,0.0,0.0004234851484313404,0.00163626934918943,-0.29485057767315215
200.0776246000023,0.0,0.0,0.0,0.00012907223617296415,0.007422662512985971,-0.22522026944994378
200.13703700000042,0.0,0.0,0.0,-0.00037822437877079585,-0.0011418092007198137,-0.26388390990065896
200.18892770000093,0.0,0.0,0.0,-0.00034444549191331116,-0.0010233627630008696,-0.30901418475578785
200.23516969999764,0.0,0.0,0.0,-0.0003367248181179611,0.004600870993587759,-0.33014423348130273
200.28624429999763,0.0,0.0,0.0,-0.00041121610732751694,-0.0021374340899263373,-0.35615265643172184
200.3330833,0.0,0.0,0.0,-0.00037047613483238664,0.00017787788950412891,-0.3980958983722065
200.38670439999987,0.0,0.0,0.0,-0.0005040728315929445,0.001392424253214063,-0.46933217129914
200.4337990999993,0.0,0.0,0.0,-0.0006470804659495159,0.0014275860642884248,-0.5838774608439247
200.48608980000427,0.0,0.0,0.0,-0.0006211504253663079,0.0066316881846534585,-0.6257707064328087
200.53481399999873,0.0,0.0,0.0,-0.001211235381733977,0.0007108373520470095,-0.6402429060966496
200.58279140000377,0.0,0.0,0.0,-0.0015427923494383614,-0.0009195558305166923,-0.6317857913585725
200.63664480000443,0.0,0.0,0.0,-0.0006589461406277511,0.0011790871431915633,-0.6094257597014742
200.68436430000293,0.0,0.0,0.0,-0.0004656672499700976,0.00015348239429221387,-0.5806651366335442
200.7339385000014,0.0,0.0,0.0,-0.0004393501228713609,-0.000873029941676575,-0.547623678393435
200.78687139999965,0.0,0.0,0.0,-0.0004537194152821368,-0.0006903955111463873,-0.501630606726102
200.8375773000007,0.0,0.0,0.0,-0.00041878396098625573,-0.0001901466638073128,-0.44834559019031384
200.88179920000402,0.0,0.0,0.0,-0.0009886669793108239,-0.015269408016085454,-0.5063096584221591
200.93313099999796,0.0,0.0,0.0,-0.0013576017131511943,-0.0009061285370334073,-0.6993724249397438
200.98674700000265,0.0,0.0,0.0,-0.0017305832490301367,0.0008881781743710503,-0.9294661817417476
201.03802810000343,0.0,0.0,0.0,-0.0018317955637263872,0.004089623940918618,-1.2034342900511539
201.08086390000244,0.0,0.0,0.0,-0.0019625811406129207,0.0034982513427021644,-1.4447230406966485
201.1338020999974,0.0,0.0,0.0,-0.0023254492403896104,0.00016185102824721259,-1.6595924810390414
201.18527280000126,0.0,0.0,0.0,-0.003380405705339389,-0.0032546134126398966,-1.853306630192352
201.23296259999915,0.0,0.0,0.0,-0.00407265085390059,-0.0018877160424434253,-1.8754559464831808
201.28317110000353,0.0,0.0,0.0,-0.0036001056287158946,-0.0003170115273237251,-1.862051864579222
201.33257679999952,0.0,0.0,0.0,-0.0033534974648072786,-0.005753354397629939,-1.8704543714447561
201.38514030000078,0.0,0.0,0.0,-0.0038613272703356466,-0.0003762037876380577,-1.8818238745152724
201.43615580000187,0.0,0.0,0.0,-0.003919087083480177,0.0021379999153373266,-1.882268023337705
201.48935789999814,0.0,0.0,0.0,-0.0034763687143628376,0.003123410997086596,-1.8840992804581251
201.53291870000248,0.0,0.0,0.0,-0.004037465727851497,-0.0001565524886306847,-1.8820435698081417
201.5822055000026,0.0,0.0,0.0,-0.0033624180799667358,0.002407281442695361,-1.881445015012865
201.63379410000198,0.0,0.0,0.0,-0.0036446955995625176,-0.0013143386390072561,-1.8823025788774377
201.68652409999777,0.0,0.0,0.0,-0.0035385941347941797,-0.00017236518827145806,-1.8812066707335753
201.73108019999927,0.0,0.0,0.0,-0.003272919173893873,0.002415169966320776,-1.8819928897036253
201.78477510000084,0.0,0.0,0.0,-0.0033861063213497427,-0.001548664042709095,-1.807641866187657
201.83223810000345,0.0,0.0,0.0,-0.0035894555803305207,-0.0006410230463106897,-1.6873026269002898
201.87724300000264,0.0,0.0,0.0,-0.003547251596610686,-0.0011641168182677192,-1.5788956666192242
201.92883000000438,0.0,0.0,0.0,-0.002555358035050196,0.0031095073611260822,-1.4674655034959592
201.98520940000162,0.0,0.0,0.0,-0.002578431163035829,-0.0001821873570696913,-1.3645803045398417
202.03635829999985,0.0,0.0,0.0,-0.0024775297365583365,-0.0011310371736976822,-1.273604585698237
202.08449700000347,0.0,0.0,0.0,-0.0024499641961371805,-0.0026098146347964856,-1.1848190078059502
202.13746189999802,0.0,0.0,0.0,-0.0021688475963502693,0.002441939224687756,-1.1050395421773194
202.18397600000026,0.0,0.0,0.0,-0.002054817927657216,-0.0003133307790021041,-1.0320918271035004
202.23559319999913,0.0,0.0,0.0,-0.001959477159392713,-0.0006382106296236985,-0.9681018330753057
202.28243700000166,0.0,0.0,0.0,-0.0018729143283697162,0.00029860971008570034,-0.9048882594120727
202.33631800000148,0.0,0.0,0.0,-0.0019221914196283613,-0.004042639192797972,-0.8462018123620321
202.38387080000393,0.0,0.0,0.0,-0.0018807350753243376,-0.0009657521236356722,-0.7856862228005502
202.43437059999997,0.0,0.0,0.0,-0.001697716806908201,0.00030471184536675906,-0.7351626330201745
202.4822961000027,0.0,0.0,0.0,-0.0014038134626375527,7.601495439783829e-05,-0.6928305080545363
202.53865490000317,0.0,0.0,0.0,-0.0016318797150765773,0.0001785135095603499,-0.6496724181797282
202.5803070999973,0.0,0.0,0.0,-0.0021751854095790227,-0.009072486771581116,-0.652470193391962
202.63250690000132,0.0,0.0,0.0,-0.0017014361713590565,0.004549543619554066,-0.6754459496624556
202.6862878000029,0.0,0.0,0.0,-0.0018166409772089318,0.0014234153170794228,-0.6999623573176248
202.73098230000323,0.0,0.0,0.0,-0.0017631587000450986,0.00396731847739822,-0.7378817936328607
202.78146650000417,0.0,0.0,0.0,-0.001931416159018629,0.0007143635602360047,-0.7834964407591444
202.8343135000032,0.0,0.0,0.0,-0.0021143546984013586,-0.0028173529855845996,-0.8127027082980837
202.88177469999937,0.0,0.0,0.0,-0.002163128193745911,-8.873287933749006e-05,-0.784116878977186
202.93699790000392,0.0,0.0,0.0,-0.0013118697089974534,0.005105166067235959,-0.6852340353702662
202.9872991000011,0.0,0.0,0.0,-0.0011178882219113474,-0.0003927394036455747,-0.5283857831534967
203.0263605,0.0,0.0,0.0,-0.00010085419831885401,0.031007386893376405,-0.4166528376826992
203.08338430000003,0.0,0.0,0.0,0.0005739595927816284,-0.006867929007863843,-0.3787797196694276
203.13768230000278,0.0,0.0,0.0,-0.0004980508630914241,0.00010617848015577632,-0.30455390400009985
203.18865280000318,0.0,0.0,0.0,-0.00020911232841894163,0.00029953420241881804,-0.23347493699528732
203.2351798000018,0.0,0.0,0.0,-0.0001457788050280013,-0.000157230041730887,-0.16419651865736012
203.2785326000012,0.0,0.0,0.0,-7.949541785779257e-05,-2.6035559204836788e-05,-0.09430154813520213
203.33452460000262,0.0,0.0,0.0,-4.3268669859069655e-05,-0.0006309226616670667,-0.026918531460185295
203.3884154999978,0.0,0.0,0.0,1.7867619642556348e-06,-0.005969827462088454,0.00929338632911233
203.43200090000028,0.0,0.0,0.0,-2.597469324027264e-05,0.0006581630983139705,-0.0003751879272463921
203.48071499999787,0.0,0.0,0.0,-2.0535023871886366e-05,-0.0011676462630200984,-0.0002933572744790398
203.53432659999817,0.0,0.0,0.0,1.6516573545478426e-06,0.0015987741049693883,3.124883337904239e-05
203.58107259999815,0.0,0.0,0.0,-3.883590978321589e-06,-0.0006227841550349783,-4.855466800584955e-05
203.63979280000058,0.0,0.0,0.0,-3.9701422263993535e-07,5.344629982000006e-05,3.934764838915144e-05
203.68486819999816,0.0,0.0,0.0,-3.647753378940271e-06,-8.588463608504858e-07,0.00017554676023140046
203.73287379999965,0.0,0.0,0.0,-3.82425655515561e-06,-0.0009263536032010512,9.506176848820736e-05
203.78125340000406,0.0,0.0,0.0,1.804710791273577e-06,0.0002350641178221759,0.00018886367819307854
203.83441210000456,0.0,0.0,0.0,8.405601414439906e-06,0.001551066521454511,0.0001761324488317187
203.88143040000432,0.0,0.0,0.0,-5.831077217739282e-06,-0.0007209257164367348,0.00022435835026025835
203.93248219999805,0.0,0.0,0.0,1.4388914336563788e-06,-0.0006572440144531463,-1.4094391220748408e-05
203.98452469999756,0.0,0.0,0.0,-2.32265824838923e-07,-0.0001823215024869766,7.971694170954526e-05
204.03002099999867,0.0,0.0,0.0,1.361548448455343e-07,0.0004540256171724977,0.00010339001635759736
204.0822988,0.0,0.0,0.0,5.0793175564635764e-06,0.0007817697442634128,7.693811102539076e-05
204.13192759999947,0.0,0.0,0.0,-1.2394180865486947e-06,-0.0009311915145870386,-2.9126162082865718e-06
204.1821018999981,0.0,0.0,0.0,7.636857967557267e-07,0.0006058083155581469,0.0001659766926451695
204.2350260000021,0.0,0.0,0.0,8.613311743543424e-07,-0.0003164352277052825,8.010620867179524e-05
204.28290389999893,0.0,0.0,0.0,-2.345967319619868e-06,-0.00032457356967530355,8.844336694498805e-05
204.32539379999798,0.0,0.0,0.0,1.037450721470091e-06,0.00016896846045845316,-4.7146780187537115e-06
204.38081349999993,0.0,0.0,0.0,6.270359568629609e-08,0.0005167991669839697,0.0001334550275642599
204.4326116000011,0.0,0.0,0.0,-2.9101438100323514e-06,-0.0006858838323385756,9.80534263777671e-05
204.48437350000313,0.0,0.0,0.0,-2.9295450391231447e-06,-0.0003737578572051619,0.00017949534506109827
204.5325748000032,0.0,0.0,0.0,1.7569273196611848e-06,-0.0002675054405878376,-4.059982779786872e-05
204.58388659999764,0.0,0.0,0.0,3.2394773645383997e-06,0.0011235412842964343,0.00012564668300747795
204.63412580000295,0.0,0.0,0.0,-5.112725348383699e-07,-0.0004749049560561384,-4.984859444181973e-05
204.6867057999989,0.0,0.0,0.0,-7.229372012776489e-07,2.689047419941383e-06,0.00011305720514597157
204.73551910000242,0.0,0.0,0.0,2.1958567670780155e-06,0.0006625012876348348,0.00015605078939419104
204.7814367000028,0.0,0.0,0.0,-3.125935642737269e-06,-0.0006139846838897463,0.0001667290133000044
204.83162009999796,0.0,0.0,0.0,2.3920318576306863e-06,-0.0005593671381369441,8.530215823913674e-05
204.88565200000448,0.0,0.0,0.0,2.7975279268221316e-06,0.0013755846466293015,0.00011843031976720767
204.9301656000025,0.0,0.0,0.0,3.1421802847991673e-06,0.00032229066174664645,0.00010248115569587905
204.97523830000137,0.0,0.0,0.0,7.937776338793569e-07,0.00031337258984435453,0.00017393517159818218
205.03520579999895,0.0,0.0,0.0,-5.35605329499246e-06,-0.0011054536303926334,5.285031602551023e-05
205.0764773999981,0.0,0.0,0.0,-1.0478742854142971e-06,-0.00043067842354500423,9.449325645476705e-05
205.13310150000325,0.0,0.0,0.0,3.0317195190019493e-06,0.0007934804706925204,0.0002203852347861126
205.1808721999987,0.0,0.0,0.0,-1.397175926189714e-06,-0.0002047770375688848,0.00011207369501979982
205.23264480000216,0.0,0.0,0.0,1.068767859201751e-06,-0.00027945866347385594,0.00016732388076314323
205.28469300000143,0.0,0.0,0.0,2.090676265344046e-06,0.00040168687867856595,0.00010280055967132016
205.3331309999994,0.0,0.0,0.0,-1.4773616658188795e-06,-0.0003008963523210747,6.382273154810135e-05
205.3815390000018,0.0,0.0,0.0,-2.294467091235032e-06,-0.0008546234045221926,0.00015877620296889886
205.43027930000244,0.0,0.0,0.0,3.667944078206809e-06,0.0006937077832838203,7.062778595367759e-05
205.48348319999786,0.0,0.0,0.0,-2.0965752923736187e-06,0.0004984898021309554,0.00022667071718306077
205.53303210000013,0.0,0.0,0.0,4.332202273072207e-07,-0.0006076458746654392,4.73013266286344e-05
205.58272160000342,0.0,0.0,0.0,-1.3365141190736937e-06,-7.758214506032678e-05,0.00017783313785531572
205.63044269999955,0.0,0.0,0.0,2.910904716111574e-06,0.0004762358310166288,0.00013796437527387154
205.68293889999768,0.0,0.0,0.0,-3.214500818481813e-06,-0.0008355492546540267,6.165154348134108e-05
205.7339901000014,0.0,0.0,0.0,1.146492077410303e-06,0.00014577897847571468,6.955845979220706e-05
205.78348550000374,0.0,0.0,0.0,-1.5611155239591702e-06,-0.0003677125033494304,0.00014946022349638207
205.83373220000067,0.0,0.0,0.0,-1.0420569298161943e-06,0.0006654098307416739,0.0002359884409481252
205.88389540000207,0.0,0.0,0.0,2.8617758078618233e-06,-9.052892627079497e-05,0.00014172887623989253
205.93147590000444,0.0,0.0,0.0,6.02427078204485e-06,0.001217879783862215,0.00020762694129117877
205.98333999999886,0.0,0.0,0.0,-4.603987096181913e-06,-0.0006956275951420392,0.00019054934670371143
206.02982699999848,0.0,0.0,0.0,-3.6786303038814413e-06,-0.0012104148849822207,0.00015274783888592932
206.07752649999748,0.0,0.0,0.0,7.568710960427684e-06,0.0014332994459935057,0.00010093717505170666
206.13298139999824,0.0,0.0,0.0,-2.5643391609647984e-06,-0.0002797055704971417,0.00014781119391472255
206.18430950000038,0.0,0.0,0.0,-4.839995300517639e-06,-0.0007849988005132965,0.00015398227226861327
206.23294449999958,0.0,0.0,0.0,4.770116938761694e-07,-0.0002633941449541894,9.483837336509123e-05
206.28409600000305,0.0,0.0,0.0,1.8789072751293395e-06,-6.701531045779265e-05,7.748596808674867e-05
206.33093029999873,0.0,0.0,0.0,6.200779077450076e-08,0.0009515025265736326,0.00028578960276010767
206.38626340000337,0.0,0.0,0.0,3.856047933464425e-06,-2.87155020710812e-05,0.00013875035616706588
206.42844719999994,0.0,0.0,0.0,-5.716364034717777e-06,-0.0008193076225964806,0.0002543435875030632
206.48231060000398,0.0,0.0,0.0,2.3485705642418095e-06,-0.00017695917145701994,9.380640855755776e-05
206.53268280000339,0.0,0.0,0.0,4.905914044787266e-06,0.0014107281127647545,0.0003362372771305895
206.58510630000092,0.0,0.0,0.0,-4.791639070855893e-06,-0.0010082789886414498,0.00021747980118313245
206.63340869999956,0.0,0.0,0.0,3.568026284735405e-06,0.0005376134059255874,0.00033897768365586084
206.68239039999753,0.0,0.0,0.0,-2.2722829612953203e-06,-0.0004990626549395377,0.0002998064640702781
206.73268400000234,0.0,0.0,0.0,-3.584838375517055e-06,-0.000907610380350826,0.00018766403801738412
206.7821069999991,0.0,0.0,0.0,5.009550719118118e-06,0.0016607869971343604,0.0003933526814072117
206.8336666000032,0.0,0.0,0.0,1.2675173271560245e-06,-0.0008108177624889594,0.0003314946232958016
206.8840366000004,0.0,0.0,0.0,-1.6620769206398737e-06,-0.00012571389123017102,0.000261498778054479
206.93455410000024,0.0,0.0,0.0,-5.741668449334853e-06,-0.0013749334311193642,0.0003247932838349569
206.98345990000234,0.0,0.0,0.0,4.424313802748005e-06,0.0008297548963661011,0.00026852975983438773
207.03347410000424,0.0,0.0,0.0,2.3170396424834996e-06,-1.8224900067270634e-05,0.00025377735457727505
207.08207989999937,0.0,0.0,0.0,1.500416026578399e-08,-0.0006265332691791211,0.0003054404727436202
207.13177510000241,0.0,0.0,0.0,-1.095973118636798e-06,0.0006675023896305922,0.0002965772712915842
207.18455900000117,0.0,0.0,0.0,1.4714257445297647e-06,-0.0006734601396424872,0.0002911077293794805
207.23287600000185,0.0,0.0,0.0,5.527852197730368e-07,0.000761662726772712,0.00033936463422476297
207.2775982000021,0.0,0.0,0.0,-3.7590384025359105e-07,-0.000588202038645877,0.0004217458908570572
207.3325554999974,0.0,0.0,0.0,-7.899787354057347e-06,-0.0015480030046780041,0.00017172723578661565
207.38448770000105,0.0,0.0,0.0,-2.7380841874033104e-05,-0.006860525100758659,-0.00028043334415146754
207.43261309999798,0.0,0.0,0.0,-1.7639124955926326e-06,-0.00016587063644364131,-0.00020786136124733215
207.48498049999762,0.0,0.0,0.0,-9.447987447754e-08,5.0604025823817645e-05,-0.0002201936436863702
207.53377999999793,0.0,0.0,0.0,-4.1416879269944145e-07,-1.1700997939684056e-06,-0.00022103374825930023
207.58229910000227,0.0,0.0,0.0,-4.46984298807499e-07,8.102377393537894e-07,-0.00022092500035023331
207.63280739999755,0.0,0.0,0.0,-4.510186640790716e-07,1.0807268673775328e-06,-0.00022095515821933678
207.68384260000312,0.0,0.0,0.0,-4.506065292096899e-07,1.0496722236736328e-06,-0.00022098212161964084
207.73150310000347,0.0,0.0,0.0,-4.50015284815096e-07,1.0466706495074282e-06,-0.0002209958413741921
207.78206579999824,0.0,0.0,0.0,-4.49831322659774e-07,1.0461568132942325e-06,-0.0002210036902740171
207.83378130000347,0.0,0.0,0.0,-4.498077961957826e-07,1.0455853293359498e-06,-0.00022100979954266006
207.87777769999957,0.0,0.0,0.0,-4.4985195400230395e-07,1.0449057547992576e-06,-0.0002210158350775859
207.93261960000382,0.0,0.0,0.0,-4.498654014552839e-07,1.0441569279924315e-06,-0.0002210219012115404
207.9816170999984,0.0,0.0,0.0,-4.499011810207674e-07,1.0429107927837267e-06,-0.00022102803271655214
208.03257970000413,0.0,0.0,0.0,-4.498791875212898e-07,1.0434487208189103e-06,-0.00022103423485755037
208.08560399999988,0.0,0.0,0.0,-4.49939249824079e-07,1.0416052625969127e-06,-0.0002210403618857194
208.13031860000046,0.0,0.0,0.0,-4.499298198040768e-07,1.041816236082387e-06,-0.0002210461889202215
208.18355370000063,0.0,0.0,0.0,-4.4996495439995335e-07,1.0399726041028371e-06,-0.00022105236232823432
208.23219750000135,0.0,0.0,0.0,-4.499674076562893e-07,1.0403237444661796e-06,-0.0002210582238183566
208.28302709999844,0.0,0.0,0.0,-4.499994034062968e-07,1.0389326319410483e-06,-0.00022106424587501098
208.33255330000247,0.0,0.0,0.0,-4.5002134573215205e-07,1.038285842783757e-06,-0.00022107007132332742
208.38131270000304,0.0,0.0,0.0,-4.500282620121379e-07,1.0376640438051624e-06,-0.00022107610205023822
208.43228079999972,0.0,0.0,0.0,-4.5006384293796496e-07,1.0367027849454668e-06,-0.00022108185602801484
208.47756340000342,0.0,0.0,0.0,-4.5005413260381293e-07,1.0366974700708345e-06,-0.00022108765168338395
208.5268231000009,0.0,0.0,0.0,-4.501021118248088e-07,1.0348774357189019e-06,-0.00022109347199339075
208.58482209999784,0.0,0.0,0.0,-4.5008947954377577e-07,1.034967546502822e-06,-0.00022109931213352556
208.63572120000026,0.0,0.0,0.0,-4.5013179884098977e-07,1.0336776732863606e-06,-0.00022110513476218593
208.68338329999824,0.0,0.0,0.0,-4.501434783631497e-07,1.0330562912085726e-06,-0.00022111081077824936
208.7270598000032,0.0,0.0,0.0,-4.5014523913531354e-07,1.0327047833755458e-06,-0.00022111654212711107
208.7832550000021,0.0,0.0,0.0,-4.501444829061589e-07,1.0328157077317122e-06,-0.00022112228323605183
208.8334135000041,0.0,0.0,0.0,-4.5020501858424626e-07,1.0307719663651507e-06,-0.00022112789757962206
208.88325610000174,0.0,0.0,0.0,-4.50205269392929e-07,1.0302608186304236e-06,-0.000221133500039685
208.93345160000172,0.0,0.0,0.0,-4.50225285445719e-07,1.0295347315573015e-06,-0.00022113906686148992
208.98204980000446,0.0,0.0,0.0,-4.50233247443948e-07,1.028845338144103e-06,-0.00022114472021257084
209.0322343000007,0.0,0.0,0.0,-4.5025495331430774e-07,1.0282269521640913e-06,-0.00022115018364272
209.08314650000102,0.0,0.0,0.0,-4.5026471492118323e-07,1.0276612060222113e-06,-0.00022115574417413565
209.13269050000235,0.0,0.0,0.0,-4.502966836839619e-07,1.0265236002323588e-06,-0.0002211611501684905
209.18498120000004,0.0,0.0,0.0,-4.503103370340109e-07,1.0255155159614822e-06,-0.00022116682329121408
209.23107490000257,0.0,0.0,0.0,-4.5031069924856156e-07,1.0257683110198357e-06,-0.00022117222863125106
209.28222870000172,0.0,0.0,0.0,-4.5032919018303134e-07,1.0247407674478567e-06,-0.00022117758484356816
209.32901839999977,0.0,0.0,0.0,-4.5038972157039966e-07,1.0226188872719702e-06,-0.0002211830575553909
209.38369570000214,0.0,0.0,0.0,-4.5034971980415364e-07,1.0236542319430638e-06,-0.00022118826115040177
209.4321246000036,0.0,0.0,0.0,-4.503880354467745e-07,1.0222808392615117e-06,-0.00022119369043336484
209.48141929999838,0.0,0.0,0.0,-4.504096930223308e-07,1.0212276683145561e-06,-0.000221198994285601
209.53440319999936,0.0,0.0,0.0,-4.504145083087209e-07,1.020867031458531e-06,-0.0002212042044507497
209.5830466999978,0.0,0.0,0.0,-4.504094518755551e-07,1.020734260587029e-06,-0.0002212095425765602
209.63108140000259,0.0,0.0,0.0,-4.5046250742762264e-07,1.0190090022652968e-06,-0.0002212146739070128
209.68039660000068,0.0,0.0,0.0,-4.5045836468277544e-07,1.018523257232111e-06,-0.00022121997150263082
209.73434519999864,0.0,0.0,0.0,-4.504840409528677e-07,1.0176474409798193e-06,-0.00022122497328849066
209.78424890000315,0.0,0.0,0.0,-4.5051571038127265e-07,1.0166491989426233e-06,-0.00022123005368609658
209.8310038999989,0.0,0.0,0.0,-4.504850105464789e-07,1.0170223352749306e-06,-0.00022123527000079886
209.87576190000254,0.0,0.0,0.0,-4.505219528822408e-07,1.0155133745122695e-06,-0.00022124039703697664
209.92967230000068,0.0,0.0,0.0,-4.5056260107687347e-07,1.0140820285603828e-06,-0.000221245391116613
209.9837667000029,0.0,0.0,0.0,-4.505386101231824e-07,1.0150510396234959e-06,-0.00022125046095645834
210.0341813999985,0.0,0.0,0.0,-4.505783070355801e-07,1.0130324586481438e-06,-0.00022125546957200743
210.08452650000254,0.0,0.0,0.0,-4.505814276568437e-07,1.0123326941566416e-06,-0.00022126052343688895
210.13264060000074,0.0,0.0,0.0,-4.506172765309401e-07,1.0114983718955058e-06,-0.00022126534075841433
210.18324890000076,0.0,0.0,0.0,-4.5060299737542516e-07,1.0112709969307662e-06,-0.00022127029149770572
210.23522039999807,0.0,0.0,0.0,-4.5062702695957093e-07,1.0105572714553114e-06,-0.00022127514455142045
210.28493980000349,0.0,0.0,0.0,-4.5066087274390703e-07,1.008759824456809e-06,-0.00022128000074276817
210.3335645000043,0.0,0.0,0.0,-4.506623124468721e-07,1.0086798804534799e-06,-0.00022128482894720418
210.38048530000378,0.0,0.0,0.0,-4.506702588138374e-07,1.0084914114972613e-06,-0.0002212896785314946
210.4322377999997,0.0,0.0,0.0,-4.5067571149438604e-07,1.0074118701275635e-06,-0.0002212945142422702
210.48359360000177,0.0,0.0,0.0,-4.50705544139877e-07,1.0066061066027156e-06,-0.0002212991996880192
210.53319850000116,0.0,0.0,0.0,-4.50721122635208e-07,1.0055391984890754e-06,-0.00022130383223825043
210.58380420000321,0.0,0.0,0.0,-4.5072550933999985e-07,1.0052745600616235e-06,-0.00022130842229587245
210.63372430000163,0.0,0.0,0.0,-4.507467193571134e-07,1.0040306587250908e-06,-0.0002213132939352392
210.68586230000074,0.0,0.0,0.0,-4.507743798350559e-07,1.0028261029928547e-06,-0.00022131797035672554
210.73282859999745,0.0,0.0,0.0,-4.507487906308564e-07,1.003482941912374e-06,-0.00022132255296522236
210.77838979999797,0.0,0.0,0.0,-4.5078195064910273e-07,1.0020334863333786e-06,-0.0002213271656348548
210.83359210000344,0.0,0.0,0.0,-4.5080205879812864e-07,1.0010515385337936e-06,-0.00022133168786723337
210.8880810999981,0.0,0.0,0.0,-4.508282046609978e-07,9.998690455623136e-07,-0.00022133615012155
210.9321764999986,0.0,0.0,0.0,-4.508142998403989e-07,1.0000181016190916e-06,-0.00022134077381386007
210.98410210000293,0.0,0.0,0.0,-4.508476742918239e-07,9.987138574934457e-07,-0.00022134526220295492
211.0321838000018,0.0,0.0,0.0,-4.508543373476494e-07,9.98240389087608e-07,-0.0002213496173082424
211.08385960000305,0.0,0.0,0.0,-4.508764601363549e-07,9.969966351939387e-07,-0.0002213541854071405
211.13129489999847,0.0,0.0,0.0,-4.5089038931482173e-07,9.961791758153527e-07,-0.00022135844576176743
211.18225969999912,0.0,0.0,0.0,-4.5086091303965054e-07,9.967254704475656e-07,-0.00022136278946196798
211.2357078999994,0.0,0.0,0.0,-4.5091308091381563e-07,9.947332055407514e-07,-0.00022136731909930791
211.2833462999988,0.0,0.0,0.0,-4.5092824628652575e-07,9.938229913917282e-07,-0.0002213714918872514
211.3328765999977,0.0,0.0,0.0,-4.509259239273071e-07,9.937764902057618e-07,-0.00022137579791003313
211.38036830000055,0.0,0.0,0.0,-4.5095165452742853e-07,9.925842407958112e-07,-0.00022138013067634713
211.42900599999848,0.0,0.0,0.0,-4.509674655110547e-07,9.916269903429169e-07,-0.00022138415558135957
211.47745569999825,0.0,0.0,0.0,-4.509669502844389e-07,9.912690359985038e-07,-0.00022138844095356087
211.5346875000032,0.0,0.0,0.0,-4.509673712880939e-07,9.9057636107658e-07,-0.00022139262996064072
211.5840462999986,0.0,0.0,0.0,-4.5100375383138244e-07,9.895576282799584e-07,-0.00022139667761453472
211.6350195999985,0.0,0.0,0.0,-4.510057533365143e-07,9.887221651418103e-07,-0.00022140080587055018
211.6805050999974,0.0,0.0,0.0,-4.5102257262488446e-07,9.879687136622851e-07,-0.000221404979690551
211.7353923999981,0.0,0.0,0.0,-4.5101956471051837e-07,9.874853042764774e-07,-0.00022140894334437574
211.78264859999763,0.0,0.0,0.0,-0.0002953258105055982,0.004902959664485252,-0.10330537688804539
211.83192989999952,0.0,0.0,0.0,-0.00024204332549115527,0.00015157054142412544,-0.2699544976784677
211.88474339999811,0.0,0.0,0.0,-0.0006784230281194343,-0.0021349074307766072,-0.41480395177829865
211.9345575999978,0.0,0.0,0.0,-0.0010365963597814881,-0.0009475162135734825,-0.5426937137422654
211.97829300000012,0.0,0.0,0.0,-0.0011740092035190538,0.0009197653189982629,-0.6580940743545869
212.0365165999974,0.0,0.0,0.0,-0.0009590657496794423,-0.0003180855779732071,-0.7709444779850222
212.08303650000016,0.0,0.0,0.0,-0.00191217172622965,-0.0035383218244047967,-0.9697039604753379
212.13459220000368,0.0,0.0,0.0,-0.002107544678144825,0.0027067598410148424,-1.2507231966967922
212.1836190000031,0.0,0.0,0.0,-0.002651397376198665,-0.0006530499458507978,-1.516343936451034
212.2323877000017,0.0,0.0,0.0,-0.003050316924734943,-0.0036373700021819595,-1.561659145045728
212.2841030999989,0.0,0.0,0.0,-0.0031173734271726767,-0.0025714482043684883,-1.5287343632977957
212.33165480000025,0.0,0.0,0.0,-0.00319351811161382,0.0014343456769625455,-1.49287494203566
212.3829981000017,0.0,0.0,0.0,-0.003390340916519415,-0.004597759548211168,-1.4569034570094104
212.4319667000018,0.0,0.0,0.0,-0.003464184863814634,-0.002618342044828909,-1.4815774332207832
212.48421270000108,0.0,0.0,0.0,-0.0035057112902767093,0.0009116876898400784,-1.5469963530603934
212.53132290000212,0.0,0.0,0.0,-0.0028942684210608496,0.006484175789653947,-1.5150668850550786
212.58431579999888,0.0,0.0,0.0,-0.0029455102125114044,-0.0005064984988441239,-1.426438098900146
212.63378109999758,0.0,0.0,0.0,-0.002735708928981269,0.0014189135161063586,-1.3139243165685253
212.67986530000053,0.0,0.0,0.0,-0.002561497982427421,-0.0008212669951090654,-1.2017990820987519
212.73374830000103,0.0,0.0,0.0,-0.002272556955134125,-0.0006309482859651638,-1.100346478387926
212.78440840000258,0.0,0.0,0.0,-0.0026507458647812092,0.00023226027842268045,-1.0246702417869062
212.83037460000196,0.0,0.0,0.0,-0.0020319580428296295,0.002163941306495048,-0.9492790142737119
212.88256450000335,0.0,0.0,0.0,-0.0018145278433850192,-0.003595329541224966,-0.877180019079742
212.9328572000013,0.0,0.0,0.0,-0.0020145177148092634,-0.0018614242058213185,-0.8082172188498975
212.98395999999775,0.0,0.0,0.0,-0.0016998296705926636,0.0003464964820869826,-0.7516069410306063
213.03337550000288,0.0,0.0,0.0,-0.0014837419435480368,0.0001349932688859682,-0.6948894748982261
213.07550910000282,0.0,0.0,0.0,-0.0011519035587995877,0.001847074040600616,-0.6509432007610638
213.13353450000432,0.0,0.0,0.0,-0.002069142295525059,-0.01024307006824048,-0.6468912550901539
213.18340700000408,0.0,0.0,0.0,-0.00164262276694053,0.0041691274500702015,-0.6718638057694364
213.23502580000059,0.0,0.0,0.0,-0.001785343799352429,0.00036155358194888147,-0.6878929692471194
213.28378489999886,0.0,0.0,0.0,-0.001163240761726088,0.0015935173049895128,-0.7030103049863291
213.33284190000268,0.0,0.0,0.0,-0.0023828700697271195,0.00015452968756676745,-0.7357298176209666
213.3834246999977,0.0,0.0,0.0,-0.0019139982622898527,0.0010242815799398623,-0.7596349445320338
213.4316680999982,0.0,0.0,0.0,-0.0017282058351990738,0.004550113422507022,-0.7246104786020656
213.47683459999826,0.0,0.0,0.0,-0.0013450856063704272,0.0011186471029346896,-0.6068921380353156
213.53333620000194,0.0,0.0,0.0,-0.0008111108756705472,0.0027426003298054264,-0.4524840244109176
213.5786666999993,0.0,0.0,0.0,-0.0005335189192844525,0.00322641774671504,-0.3038429999020319
213.63396649999777,0.0,0.0,0.0,0.00013578083973627187,0.00848735007165644,-0.2430142692110837
213.68206440000358,0.0,0.0,0.0,-0.00044514589756192944,-0.002494859726919172,-0.2931868624105804
213.73474949999945,0.0,0.0,0.0,-0.0007527499055614245,0.0021288024069693844,-0.3187457184702683
213.78271269999823,0.0,0.0,0.0,-0.0012926028230389338,-0.0012603783172479414,-0.3432376194299281
213.83120580000104,0.0,0.0,0.0,-0.002631703478864417,-8.969268936270615e-05,-0.3788504759094795
213.88377010000113,0.0,0.0,0.0,0.0019683083196784393,-0.002256842883211144,-0.43037289634346143
213.93394249999983,0.0,0.0,0.0,-0.0001370745798326832,0.0019894841171691573,-0.5164030176425652
213.98363880000397,0.0,0.0,0.0,0.000680478429138025,0.008654187665120777,-0.54601715212132
214.0324918999977,0.0,0.0,0.0,0.0009129653174457473,0.0029862941891824267,-0.5565629094322923
214.080008500001,0.0,0.0,0.0,-0.000589234210964014,0.0002442479277497751,-0.5477813649092427
214.1333375000031,0.0,0.0,0.0,-0.0020977029682688435,-0.0017346264057015867,-0.5253981665238021
214.1835718000002,0.0,0.0,0.0,-8.620994596412204e-05,6.70956407154982e-05,-0.4967094229046609
214.2317608000012,0.0,0.0,0.0,-0.0005458618710393845,-0.0009259961428532603,-0.4607872802507248
214.28552679999848,0.0,0.0,0.0,-0.00093872861955537,-0.0008907122355157355,-0.4319770742292598
214.33082999999897,0.0,0.0,0.0,-0.0012008653297042333,-0.0008432493769894927,-0.3990963152956673
214.38447959999758,0.0,0.0,0.0,0.00021564743918017356,-0.004792615991866083,-0.3287184707148807
214.43377899999905,0.0,0.0,0.0,-0.001070595349716182,-0.005064022613320125,-0.15161052115829557
214.48459269999876,0.0,0.0,0.0,-0.00032177236464330514,0.00040301107492124184,-0.024667444999569937
214.53047920000245,0.0,0.0,0.0,-6.878313286983533e-05,0.0026302190320022082,0.00014792810098749674
214.58288280000124,0.0,0.0,0.0,1.2903514433667802e-05,0.001526173081610974,0.0008522801727527965
214.6311222000004,0.0,0.0,0.0,3.025638201617325e-05,0.000437075720787024,4.304406228460371e-05
214.6823244000043,0.0,0.0,0.0,3.256791319071806e-05,-0.0013170538812141016,-0.00017758492209708242
214.73345269999845,0.0,0.0,0.0,2.9099239970639965e-05,0.0014503931980602088,-9.550780785095354e-05
214.78317439999955,0.0,0.0,0.0,-3.5873149442528545e-06,-0.0006842084112062892,-0.00014193643872987665
214.8323079000038,0.0,0.0,0.0,-8.179089195149087e-06,0.0006985601857966138,-6.727709914612031e-05
214.88613649999752,0.0,0.0,0.0,-2.9229898098698838e-06,0.0001708370048031233,-0.0002716113904050898
214.93267999999807,0.0,0.0,0.0,-4.36535243393165e-05,-0.00041689053437403477,-0.00019881176675817623
214.98212390000117,0.0,0.0,0.0,-6.726051906978133e-06,0.0003547607274214736,0.00019957534689143857
215.03302290000283,0.0,0.0,0.0,5.050929776314376e-05,-0.00030409229494503156,-9.482399134782598e-05
215.07547080000222,0.0,0.0,0.0,-5.2364824942896134e-05,-0.0005627103778593909,-0.00025310333741326396
215.13313600000401,0.0,0.0,0.0,3.990313752697078e-05,0.0012237164617757645,-0.00017327424406716324
215.18410589999985,0.0,0.0,0.0,-2.2705237238630373e-05,-0.0009154248298350251,-0.0002133114947318488
215.22854160000134,0.0,0.0,0.0,-2.5200904735216815e-06,2.5107447897676137e-05,-0.0004884561095218967
215.27749040000344,0.0,0.0,0.0,-3.059026953840603e-05,0.0002195348045045228,-6.104430184305053e-05
215.33193949999986,0.0,0.0,0.0,-4.775698583523665e-06,-0.00033603683129746387,-0.00026583984488227333
215.37803820000408,0.0,0.0,0.0,2.1906375865027687e-06,-0.00029715868968019094,-7.8605856182297e-05
215.4276183999973,0.0,0.0,0.0,-2.0195595203323154e-05,-0.0002533925854440992,-0.00019459590210489552
215.4757180000015,0.0,0.0,0.0,7.5244488874801655e-06,-0.0003494661168236505,-0.00020109055327640355
215.52588950000063,0.0,0.0,0.0,-1.4404413026861288e-06,0.00029224876767235147,-0.00026971248800437456
215.576979700003,0.0,0.0,0.0,9.487095210692982e-06,-0.00021744140418628337,-0.0002509299715423282
215.62650250000297,0.0,0.0,0.0,-1.1090865417593403e-05,0.0011216464314172726,-0.00017945202466617137
215.67593630000192,0.0,0.0,0.0,1.3823051841750864e-05,-0.00037225245916150884,-0.00010127029206390729
215.72681510000257,0.0,0.0,0.0,2.6894673699596903e-05,0.00012231363009741042,-0.00011068637860862602
215.7778638000018,0.0,0.0,0.0,2.6284026343274006e-05,-0.0005209022823105135,-0.00037757916132644326
215.8245289999977,0.0,0.0,0.0,-2.5013224764638775e-05,-0.00012512771829891383,-0.0003168992539915264
215.87654720000137,0.0,0.0,0.0,-1.585501585051971e-05,1.1863642620924464e-05,-0.00023963821951254017
215.93195080000442,0.0,0.0,0.0,5.977959419746869e-06,0.00041551320250017744,-5.535298795011635e-05
215.97785060000024,0.0,0.0,0.0,1.171780591731731e-05,-5.7164176785014e-06,-0.0001534168123154906
216.02552899999864,0.0,0.0,0.0,-8.429869637482201e-06,-0.0010001741483762242,-0.00022044626778749458
216.07541769999807,0.0,0.0,0.0,6.78271163338933e-06,0.0010348328640745186,-0.00018689218006524323
216.12594330000138,0.0,0.0,0.0,-2.7938701402748893e-05,-7.463450372378132e-05,-3.826797234689828e-06
216.17578250000224,0.0,0.0,0.0,-7.762212562295834e-07,-0.00010952926026974048,-0.0001409220807923804
216.22778529999778,0.0,0.0,0.0,-4.2054535300413783e-07,0.0002538798961186518,0.00011602981758609087
216.27468180000142,0.0,0.0,0.0,4.06181325195795e-05,0.00030204735005692583,0.00019632039258625863
216.32663370000228,0.0,0.0,0.0,7.252033756456028e-06,-0.0001870637597443036,6.006028242571719e-05
216.37510219999967,0.0,0.0,0.0,-2.7666004171934132e-06,-0.001000515852948704,-2.1732412608525984e-05
216.42898219999915,0.0,0.0,0.0,2.6174157667267612e-05,0.0010881044915988663,0.0001507993534269018
216.47577190000447,0.0,0.0,0.0,-2.6380756612634505e-05,1.855993749317707e-05,4.141207576206902e-05
216.5267120999997,0.0,0.0,0.0,-1.1247241870093623e-05,-0.000965256342085827,0.00015557300495584785
216.57557110000198,0.0,0.0,0.0,3.858838173257904e-06,0.0009385551934525558,7.723795336475183e-05
216.62574440000026,0.0,0.0,0.0,-8.972413934915434e-06,-0.0004152039770035989,0.000285954967593188
216.6755223,0.0,0.0,0.0,2.4921990789927547e-06,-0.0004745237606988869,0.0001663451828378076
216.72478910000063,0.0,0.0,0.0,1.712949779725472e-05,0.0008514492356745015,0.00018919913369384086
216.77646200000163,0.0,0.0,0.0,-5.133472529664322e-05,-0.0015138052411079663,0.0001413613721162174
216.8264094000042,0.0,0.0,0.0,-4.425130075227944e-07,0.0008760152084201586,0.00023762797475711817
216.87716360000195,0.0,0.0,0.0,-1.4173679253518388e-05,-0.0005730539823480945,0.0004902689768043417
216.9254723999984,0.0,0.0,0.0,2.5540152188960987e-05,0.0013517473542557072,0.00046064542868280554
216.9767043000029,0.0,0.0,0.0,5.171478017565193e-05,-0.0002637997400771119,5.568682402718653e-05
217.02542859999812,0.0,0.0,0.0,9.086973373500017e-06,-0.0007293667025392184,7.287699319432157e-05
217.07601350000186,0.0,0.0,0.0,9.450244530353154e-06,-0.0003753908694929394,0.00012213168929686182
217.12636580000253,0.0,0.0,0.0,-3.16721198943527e-05,-0.0010120554416440824,0.00025511507326465225
217.17596179999964,0.0,0.0,0.0,-4.0203697633179965e-05,0.0007722267423024337,8.286085820562907e-05
217.22641770000337,0.0,0.0,0.0,2.348247837289068e-05,0.0013332230619102887,0.0001767953190990874
217.276451800004,0.0,0.0,0.0,3.886479181209742e-06,-0.0007095153929468155,0.00024206697588364016
217.32445670000016,0.0,0.0,0.0,-4.288338017566828e-06,-0.0013599172979066921,0.00016107176691217584
217.3749045000004,0.0,0.0,0.0,-9.782131631368747e-06,0.0010004898464148647,3.394418547351064e-05
217.42466000000422,0.0,0.0,0.0,-4.745042733364001e-06,-0.00024024361495802093,0.00040239949811392045
217.47711410000193,0.0,0.0,0.0,3.0600711226516346e-05,0.000777658772999503,0.0005983565499122593
217.52491810000356,0.0,0.0,0.0,2.229835984599371e-05,-0.00011365123047397314,0.00044948635228663245
217.57521540000016,0.0,0.0,0.0,2.8504467160279884e-06,-0.000357656073769549,0.00039635792758126035
217.62591960000282,0.0,0.0,0.0,-2.8718700247127554e-06,-0.001162152187861262,0.00048667771570075737
217.6753239000027,0.0,0.0,0.0,3.6054513568631314e-06,4.929757572652969e-05,0.00047036829376222617
217.72692140000436,0.0,0.0,0.0,1.3064470256411998e-06,-0.0001730937806919328,0.0004328996186756258
217.77469310000015,0.0,0.0,0.0,-1.105470433758987e-05,0.0009407997226276064,0.0002951603190580526
217.82529230000364,0.0,0.0,0.0,8.169713666864921e-07,-0.0002584585146487245,0.000433983831240819
217.87592720000248,0.0,0.0,0.0,-1.0607106617169757e-05,-0.0005385145141667889,0.0004701626788426394
217.9275620000044,0.0,0.0,0.0,1.9447610138854255e-06,-0.000369308682876669,0.0003786208320510492
217.97812369999883,0.0,0.0,0.0,-1.6950210893234464e-05,-0.0013486323112538042,0.0003515563330889308
218.02623740000126,0.0,0.0,0.0,-1.550215531668177e-05,-0.0018410635279896073,0.0002586737195337724
218.07547019999765,0.0,0.0,0.0,1.806483530003577e-05,0.0035743760470823794,0.00040128968126663234
218.12646240000322,0.0,0.0,0.0,-1.4941667367548744e-05,-0.0014452658859548757,0.00028452097932190555
218.1773772000015,0.0,0.0,0.0,-5.176766843741472e-06,-0.0004847224727117322,0.0004051649140945051
218.22639689999778,0.0,0.0,0.0,5.65013618317992e-05,0.0010652920045126162,0.0005657174048942015
218.27545490000193,0.0,0.0,0.0,1.4404785697077148e-05,-0.0024029952835122018,0.0004195221778125607
218.32650190000277,0.0,0.0,0.0,-5.595050456316062e-05,0.0009124928824385014,0.0005365156540437086
218.37471170000208,0.0,0.0,0.0,4.999881061181922e-05,-5.83698574546216e-05,0.0002054260350620285
218.42420900000434,0.0,0.0,0.0,-2.8156601657530606e-05,-5.716022485296596e-06,0.00032298985838008336
218.47645500000363,0.0,0.0,0.0,-2.859629776041235e-05,-0.0012735750763136636,0.0005120924645435748
218.52581790000113,0.0,0.0,0.0,5.3084883055010986e-05,-0.0023674534416205394,0.000290094799974775
218.5766724999994,0.0,0.0,0.0,4.673494866649611e-06,0.0022423996491284124,0.0005669712965841007
218.62427420000313,0.0,0.0,0.0,-1.5687611732042518e-05,-0.0003225162236924384,0.0001850316558169688
218.67604840000422,0.0,0.0,0.0,1.0165531860848807e-06,-0.004176591312503024,-0.00029005000831631577
218.72637050000048,0.0,0.0,0.0,-1.102885178378236e-05,-0.0004836489986436064,-0.0003046520804588374
218.7755393000043,0.0,0.0,0.0,-5.6922044597267e-06,-6.192204403272451e-05,-0.00042869309864645283
218.82483820000198,0.0,0.0,0.0,3.941011379472683e-06,0.000204422172630033,-0.00040645599384346706
218.87594340000214,0.0,0.0,0.0,7.411690895434789e-06,9.359044172737193e-05,-0.00044884929159976644
218.92550640000263,0.0,0.0,0.0,-4.201623774085881e-06,0.00015138396455124505,-0.0004270283426844894
218.97667670000374,0.0,0.0,0.0,-1.3221641567907253e-07,-0.00016543228267719607,-0.0004332726949738487
219.02686189999804,0.0,0.0,0.0,-4.351728222415654e-06,1.9167692085173053e-05,4.767537235900369e-05
219.07522420000168,0.0,0.0,0.0,2.3243098682598758e-06,5.513960332988825e-05,-8.17975924663528e-06
219.12459540000418,0.0,0.0,0.0,3.4775407593425303e-06,0.00010176427446332714,-4.493998846428569e-05
219.1762963000001,0.0,0.0,0.0,-1.0369258864489877e-05,-7.980229054657538e-05,-0.00010792967420341832
219.22553630000039,0.0,0.0,0.0,3.674088170761655e-05,0.00014464884431737783,-1.7884702997959194e-06
219.27482790000067,0.0,0.0,0.0,-3.00127945365686e-05,0.0003182413331994558,2.2800349689824594e-05
219.32564719999937,0.0,0.0,0.0,8.543686237680602e-06,-0.0004063308446849144,-1.2403800167658818e-06
219.37492960000236,0.0,0.0,0.0,1.2308657847172684e-05,-0.00023714402797993866,9.053734122177129e-05
219.4268824000028,0.0,0.0,0.0,-7.28422571510394e-06,6.04016860106536e-05,1.609759145925321e-06
219.47522230000322,0.0,0.0,0.0,9.82014178184403e-06,0.00021008168094373254,-5.21730587855232e-06
219.52837040000304,0.0,0.0,0.0,-1.753552481640451e-05,-2.39583104621824e-05,-7.525225999935358e-05
219.57548769999994,0.0,0.0,0.0,-9.132770975416658e-06,-0.00017986517667813837,-0.00010540352811120716
219.6263997999995,0.0,0.0,0.0,9.82746734701916e-06,7.517492818010959e-05,-1.8853288627654086e-05
219.67468080000253,0.0,0.0,0.0,-9.201511517873872e-06,-3.584715840360669e-05,-4.2611228749363394e-05
219.72434280000016,0.0,0.0,0.0,1.2993662165126867e-05,1.4064064685157642e-05,-1.3744195173875282e-05
219.7755393000043,0.0,0.0,0.0,-6.665706860938124e-06,-6.859665131255924e-05,6.371582658344444e-06
219.8275827000034,0.0,0.0,0.0,1.5531089416604926e-05,0.0006016754009076412,-0.00022259032586704347
219.87663199999952,0.0,0.0,0.0,-1.8698435066849242e-05,-0.00032394654799749106,-0.00021446973411710566
219.92570839999826,0.0,0.0,0.0,2.1416294612489616e-05,0.00011038847022942701,-0.00018712961642140162
219.97529550000036,0.0,0.0,0.0,-3.447296169771959e-05,-4.548391303314172e-05,-0.0003215747668616645
220.02791409999918,0.0,0.0,0.0,-2.4894416133005925e-05,0.00011363006225404774,-0.00032656704876208914
220.07769109999936,0.0,0.0,0.0,-4.689871470299299e-06,-0.0004193933957652034,-0.0003797334448885373
220.12651449999976,0.0,0.0,0.0,2.9970000946357846e-06,-0.00018383877276022427,-0.00019367255438677567
220.17554019999807,0.0,0.0,0.0,2.9160897795037536e-06,0.00022990340457088585,-0.0004824406763693787
220.2265980000011,0.0,0.0,0.0,3.3698729979300024e-05,0.00020843749866949893,-0.00033070890931789066
220.2770348999984,0.0,0.0,0.0,-1.2342506355660358e-05,-0.0004347925999125151,-0.00032991666245443037
220.3257672000036,0.0,0.0,0.0,-3.865109364456517e-05,0.0003330548621868386,-0.00017852999585255843
220.37707539999974,0.0,0.0,0.0,-1.631960475156212e-05,-5.5438420196572605e-05,-0.000149718626065638
220.42637470000045,0.0,0.0,0.0,3.0130401078548453e-05,4.124376467406423e-05,-0.00022166641065411887
220.47753360000206,0.0,0.0,0.0,2.303690875999524e-05,-0.00024491284357347715,-0.0005996372454683158
220.52647589999833,0.0,0.0,0.0,5.340860048092331e-06,0.00017011556751680507,-0.0004688150927178846
220.57637039999827,0.0,0.0,0.0,1.1462153205718512e-06,-7.750285665079407e-05,-0.00048511403544329996
220.62494819999847,0.0,0.0,0.0,-1.4651609074841097e-05,-6.220429276809605e-05,-0.00047671675202024124
220.67796600000293,0.0,0.0,0.0,2.5648145515697698e-06,-0.00018457354760758005,-0.00043510868674431937
220.72502209999948,0.0,0.0,0.0,1.2198114136651936e-05,0.0001874278523638411,-0.0003804669663496032
220.7764707000024,0.0,0.0,0.0,1.6093208637531992e-06,6.394527430174182e-06,-0.0004741572117143855
220.82456100000127,0.0,0.0,0.0,-3.4208550390220023e-06,0.00016937032722474512,-0.0004862545649413676
220.8766719999985,0.0,0.0,0.0,-1.1774716917660904e-05,0.0002704492867946048,-0.0005224900271038611
220.92740649999905,0.0,0.0,0.0,-1.8636846130188272e-06,-0.0003704329994961926,-0.0005365780044395132
220.97572480000235,0.0,0.0,0.0,-2.466929203476688e-06,-0.0002089388112120636,-0.0003899054694452388
221.0257389000035,0.0,0.0,0.0,2.9713032135118363e-05,0.0002740279505026708,-2.7982351299638618e-05
221.07848650000233,0.0,0.0,0.0,2.3607372666748122e-07,1.7691423287523377e-05,7.989679420063039e-05
221.1273973999996,0.0,0.0,0.0,-3.509817020487879e-05,2.3131734538839774e-06,-0.00032781337583237985
221.17535540000245,0.0,0.0,0.0,-6.491760277799102e-05,-0.0004331455034617231,-0.00023926711088993616
221.225469099998,0.0,0.0,0.0,2.1223548179381594e-05,0.00023782753368162686,-7.767106787054074e-05
221.2755197000006,0.0,0.0,0.0,-1.5317319215750867e-05,0.00016069902108872518,-0.00011934953154753476
221.3285931999999,0.0,0.0,0.0,2.1243201815949525e-06,-7.152281423549802e-05,-0.0001533628013553722
221.37430129999848,0.0,0.0,0.0,3.171051996855156e-05,-0.000343063893435521,-0.0002054403907330438
221.42464969999855,0.0,0.0,0.0,-8.674335065645103e-06,-7.70671711462638e-06,-0.00014904055807745057
221.4757522,0.0,0.0,0.0,-6.931496776014704e-06,0.0005824370184691778,-7.043809112395772e-05
221.52599690000352,0.0,0.0,0.0,3.187694010232243e-06,-0.00030544806900137443,-0.0001426682222594186
221.5759007000015,0.0,0.0,0.0,-2.0679475302567737e-05,-0.000359955056437787,-0.00010931702846736644
221.62743539999792,0.0,0.0,0.0,-1.4423300977605549e-05,4.7587562152666793e-05,-0.00015638117072517714
221.6767375999989,0.0,0.0,0.0,1.0543921852907592e-05,3.5942338995819896e-05,-6.199631357084408e-05
221.72608300000138,0.0,0.0,0.0,1.2690488294206869e-05,0.00011655706936871883,-0.00017093057515045593
221.7755352000022,0.0,0.0,0.0,8.953803184459404e-06,0.000339498523539336,-0.00015186228199466235
221.82450100000278,0.0,0.0,0.0,1.7686487279842124e-05,0.00041304930157192414,-0.00013383453523765215
221.8749014999994,0.0,0.0,0.0,-1.4106262801929985e-05,-0.00044466875607159325,-6.281955935468348e-05
221.92470190000313,0.0,0.0,0.0,-4.767800405916525e-06,-0.000276500610231997,-0.00016193454081183967
221.9768578000003,0.0,0.0,0.0,3.627780881931054e-05,8.310616074743378e-05,-0.0005633689271482724
222.02553720000287,0.0,0.0,0.0,1.2162748967231096e-05,0.00014452899531217065,-0.000513416713718524
222.07509330000175,0.0,0.0,0.0,1.4647070955286016e-05,-4.0266739991809755e-05,-0.00044286888190438943
222.12682040000072,0.0,0.0,0.0,1.0980174087018211e-05,0.00026970553942616294,-0.0004576331629830977
222.177205400003,0.0,0.0,0.0,-2.2251204821881075e-05,-0.00022334173128611733,-0.0004629155941310311
222.22472550000384,0.0,0.0,0.0,-4.462451800607166e-06,0.0001077640911562442,-0.0004685027196118399
222.27517909999733,0.0,0.0,0.0,8.88361431076106e-06,9.511790139293252e-05,-0.0004562630942627358
222.3259263,0.0,0.0,0.0,-1.6208525825771987e-05,-0.00027033022155400864,-0.0004951263434728437
222.3766237000018,0.0,0.0,0.0,1.5108354109255397e-05,1.1286758166192049e-05,-0.0004988476068373717
222.42502210000384,0.0,0.0,0.0,-2.614893630661888e-05,-0.00016586880488934092,-0.000513668745762762
222.47508840000228,0.0,0.0,0.0,1.8071812144179277e-05,0.0004443806122373747,-0.0005151669434067964
222.52614840000024,0.0,0.0,0.0,-1.5394871891762746e-05,-0.00012441267552060965,-0.0005142286806050851
222.57529280000017,0.0,0.0,0.0,-4.7318833121444116e-07,-0.0003516216025319182,-0.000499013844123062
222.62873109999782,0.0,0.0,0.0,1.386344886351385e-05,2.7604227928005427e-06,-0.0005456574637731404
222.67573770000308,0.0,0.0,0.0,-1.767496605891716e-06,0.00020838197315375224,-0.000542542682322363
222.7269882000037,0.0,0.0,0.0,0.0005052085330747855,-0.0008996445483849217,-0.13028758054602516
222.7772960000002,0.0,0.0,0.0,-0.0009722909538160215,-0.0020203036815857264,-0.3254360886451986
222.82755270000052,0.0,0.0,0.0,-0.001039551652106853,0.001854078282591471,-0.5160354390186166
222.8767125000013,0.0,0.0,0.0,-0.0020514023047598483,-0.00036019411915958675,-0.735000562900074
222.9245929000026,0.0,0.0,0.0,-0.0011423363554326055,0.003967578488990971,-0.9665318034930324
222.97545589999936,0.0,0.0,0.0,-0.0023613936908582016,5.0556533333402454e-05,-1.2345377358275165
223.02802499999962,0.0,0.0,0.0,-0.002290982688812387,0.004557445506293181,-1.528958524079952
223.07625669999834,0.0,0.0,0.0,-0.0029720742351178513,-0.002716088987305883,-1.7910505553427187
223.12741110000206,0.0,0.0,0.0,-0.003443931141550319,-0.0013960053712709856,-1.845760927426177
223.17621959999815,0.0,0.0,0.0,-0.00405039320114499,-0.006512515907569721,-1.8432216675876707
223.22527210000408,0.0,0.0,0.0,-0.0037574608980728724,0.002353347047134867,-1.871434044655612
223.2770074,0.0,0.0,0.0,-0.003990263396500752,0.0018760632736239326,-1.882484205369002
223.32456449999881,0.0,0.0,0.0,-0.0036942316779423664,0.0002542408544758412,-1.8822585802378657
223.37556900000345,0.0,0.0,0.0,-0.003754026796909801,-0.0016092354626771538,-1.8816317364771233
223.42403919999924,0.0,0.0,0.0,-0.003588041293523119,0.0032907477109344447,-1.8821089757968632
223.4763540999993,0.0,0.0,0.0,-0.003182580767600381,-0.0008020320021954402,-1.8824586796238416
223.52510040000197,0.0,0.0,0.0,-0.003848378775175585,-0.0008287040083529868,-1.8823967465196731
223.57556199999817,0.0,0.0,0.0,-0.004095485170724077,0.0025264815607627432,-1.8809649542405693
223.62638870000228,0.0,0.0,0.0,-0.0036915592351064223,0.000867769138626376,-1.8821634051565639
223.67700209999748,0.0,0.0,0.0,-0.0036557524095235947,-0.0014636958952581498,-1.8820860648455509
223.72525300000416,0.0,0.0,0.0,-0.003948137422363072,0.0018418562753777712,-1.881881562804604
223.77595499999734,0.0,0.0,0.0,-0.003381522713793045,-0.0003404434384540449,-1.805514145981225
223.82600300000195,0.0,0.0,0.0,-0.003439337491447775,-0.0020563093403929943,-1.6854367915428303
223.87635880000016,0.0,0.0,0.0,-0.0028987256986833547,0.002162192794074659,-1.5631546855652625
223.92491719999816,0.0,0.0,0.0,-0.0027950123528494492,-0.0004873220295153737,-1.439596335692488
223.97776970000268,0.0,0.0,0.0,-0.0026584228249724173,-0.0020588578130332764,-1.3285659776466137
224.02520370000275,0.0,0.0,0.0,-0.002368416284380214,0.0017186248037293402,-1.2285582888880362
224.07599280000431,0.0,0.0,0.0,-0.002302288262338895,-0.0004677543595038783,-1.140397231996109
224.12666680000257,0.0,0.0,0.0,-0.00204969831861462,0.0005091342059221235,-1.0558628845234366
224.17755150000448,0.0,0.0,0.0,-0.001977747133348761,-0.0003515969479598274,-0.9760352762281619
224.22616369999741,0.0,0.0,0.0,-0.0018129441308810772,0.0011544118400265068,-0.9071195692416806
224.27507160000096,0.0,0.0,0.0,-0.0016906355902897717,-0.005098247520588192,-0.8427997690774253
224.32749650000187,0.0,0.0,0.0,-0.0019741722766111127,-0.0011430944264181214,-0.7833956614607842
224.37562810000236,0.0,0.0,0.0,-0.0017200638241745099,0.0006381967604427357,-0.7257352457127965
224.4255931000007,0.0,0.0,0.0,-0.0014538313229062094,0.0002185319073379946,-0.6691979441984185
224.47581530000025,0.0,0.0,0.0,-0.001584556513092958,-0.005736774263737395,-0.6633836548244696
224.52736210000148,0.0,0.0,0.0,-0.0018710095136410124,0.001169584588360353,-0.6743066289511702
224.57485750000342,0.0,0.0,0.0,-0.0021347333800069987,-0.0005795900115979015,-0.6910943265540594
224.62523740000324,0.0,0.0,0.0,-0.0015656863382784818,0.005163817020020464,-0.7211528315128954
224.6778964999976,0.0,0.0,0.0,-0.0021181477221511092,-0.0010390187625240945,-0.757106083797136
224.72701490000327,0.0,0.0,0.0,-0.0019925361100684405,0.00029578098244183377,-0.7808858314651067
224.77600859999802,0.0,0.0,0.0,-0.0019891185184281353,0.0023026987942105417,-0.7482388013887592
224.8258380000043,0.0,0.0,0.0,-0.0016892953759984962,0.0018726799949106876,-0.6417749707499111
224.87644600000203,0.0,0.0,0.0,-0.000844192160243896,0.0029665745340543507,-0.4785942417222821
224.9264389000018,0.0,0.0,0.0,-0.00023145487484356496,0.00920778942173853,-0.3226206378984283
224.9752903999979,0.0,0.0,0.0,-0.00012378929778706255,-0.00037348498773316055,-0.2820386904943191
225.02573130000383,0.0,0.0,0.0,-0.0004895587818612378,-0.0008680656483666118,-0.3710399799110931
225.07492910000292,0.0,0.0,0.0,-0.0008118515056319701,0.004684853298932041,-0.44829825196802675
225.12555380000413,0.0,0.0,0.0,-0.0010045657568955879,-0.0030399646392833906,-0.522842299911352
225.17756680000457,0.0,0.0,0.0,-0.000896969581737362,0.002349128572099958,-0.6338117728665169
225.22719949999737,0.0,0.0,0.0,-0.0006616086432098014,0.006503987371754108,-0.6579250384411146
225.27620549999847,0.0,0.0,0.0,-0.0005796827129590403,0.001926471448015756,-0.6482815600781272
225.32624139999825,0.0,0.0,0.0,-0.0005632352841248197,8.4143247605586e-05,-0.6359030897812029
225.3767982999998,0.0,0.0,0.0,-0.0006302078142128181,-0.0010077291222865023,-0.6143395303265541
225.42475150000246,0.0,0.0,0.0,-0.00048068826376185925,0.0008820116275709576,-0.5866421619381597
225.4762195000003,0.0,0.0,0.0,-0.00048606019051820935,-0.0009101267808972218,-0.5524631915073539
225.52462879999803,0.0,0.0,0.0,-0.0004640850940602702,0.00044989646910376384,-0.5174679581184467
225.5749477999998,0.0,0.0,0.0,-0.000454570244398217,-0.0010126220815261122,-0.4693249164666053
225.62549779999972,0.0,0.0,0.0,-0.00048460427831278175,-0.006604245496680262,-0.37408835116254363
225.67742440000438,0.0,0.0,0.0,-0.0009036348764384055,-0.00906211981104065,-0.40648238673633735
225.72738660000323,0.0,0.0,0.0,-0.0011503824045166402,0.0010167554006890365,-0.6137259457827317
225.77539830000023,0.0,0.0,0.0,-0.0015094753548783497,-0.0009635933518281462,-0.8342930407628009
225.8268276000017,0.0,0.0,0.0,-0.002046314476666101,0.0009031739183677533,-1.0895254862815758
225.87480280000455,0.0,0.0,0.0,-0.0020705087979862695,0.005221064889593231,-1.341438243812707
225.9252220999988,0.0,0.0,0.0,-0.0026386724414174632,0.00037137156212220166,-1.6264167271679693
225.97499790000438,0.0,0.0,0.0,-0.0033502530700970936,-0.00434791372100491,-1.856126496316365
226.0271406000029,0.0,0.0,0.0,-0.003023946891863377,-0.0011855815149796063,-1.874523216530739
226.07573260000208,0.0,0.0,0.0,-0.004017089192852787,-0.0030674390458208358,-1.869652570495419
226.12441650000255,0.0,0.0,0.0,-0.0041452919460092975,-0.0018648931553176694,-1.8777150630213366
226.1743329000019,0.0,0.0,0.0,-0.0036334324427153846,0.0053818865792055375,-1.8819141844573748
226.2289243999985,0.0,0.0,0.0,-0.0037275990002917916,-0.0009776853336768692,-1.8829604298400944
226.2752718999982,0.0,0.0,0.0,-0.003880458318400787,-0.00021815388352102583,-1.8822428876760433
226.32605370000238,0.0,0.0,0.0,-0.0036164478914972593,0.0037356849858113115,-1.8826022059964584
226.37604409999767,0.0,0.0,0.0,-0.003830544256676869,-0.0028208968032961764,-1.8824083938711027
226.42584599999827,0.0,0.0,0.0,-0.003371451605854313,0.002050757364540373,-1.8821197079406735
226.47762330000114,0.0,0.0,0.0,-0.003456994249213565,0.0005272770162505106,-1.8816853504120337
226.5256509000028,0.0,0.0,0.0,-0.0036824312917537387,-0.002773492872842491,-1.7897588314856183
226.57581270000082,0.0,0.0,0.0,-0.0036132040046806045,-0.001999255919752876,-1.6758101198163133
226.62464550000004,0.0,0.0,0.0,-0.0029925485699642393,0.003917972023161487,-1.5597379262175892
226.6765368999986,0.0,0.0,0.0,-0.0028580412962991076,-0.0003999476065578406,-1.4532720001332557
226.72757339999953,0.0,0.0,0.0,-0.0027604843602898927,-3.814041073874896e-05,-1.3512382001138843
226.7743197000018,0.0,0.0,0.0,-0.0026070489830501394,-0.0008628646091893978,-1.2602401947306194
226.8249852000008,0.0,0.0,0.0,-0.0024454989882209347,-0.0014329618933962562,-1.1762712199354313
226.87626979999914,0.0,0.0,0.0,-0.0023771720517611217,-0.001093961688294776,-1.1008110240012052
226.92471110000042,0.0,0.0,0.0,-0.0020708573439312318,0.0036832980498089133,-1.0326802679724039
226.97431640000286,0.0,0.0,0.0,-0.001959006307590437,-3.540635221781116e-05,-0.9648561027283866
227.0256315000006,0.0,0.0,0.0,-0.0018828585249767908,-0.00010458941715564822,-0.9042555631640053
227.07455440000194,0.0,0.0,0.0,-0.0019358042582058915,-0.0036315572844228114,-0.8448214468357502
227.1251420999979,0.0,0.0,0.0,-0.0018405416839211426,-0.0013459543067133428,-0.7929231419362657
227.1803523999988,0.0,0.0,0.0,-0.001654409753579965,0.0005435774092495931,-0.744517927308606
227.22568339999998,0.0,0.0,0.0,-0.0012589903507383934,0.001498004776278069,-0.7123132262090921
227.27556639999966,0.0,0.0,0.0,-0.0016337969910525298,-0.0025005859695968664,-0.6682323436255335
227.3267049999995,0.0,0.0,0.0,-0.0014416060862857826,-0.006446755148056621,-0.6446529370692557
227.37512250000145,0.0,0.0,0.0,-0.002187328691245624,0.0018469196976257068,-0.6524614717264923
227.42630970000027,0.0,0.0,0.0,-0.0020045821614579572,0.0010767091769588609,-0.6652621361731232
227.47608069999842,0.0,0.0,0.0,-0.0018054457187856453,0.003096128074208125,-0.7028341014532357
227.5282847999988,0.0,0.0,0.0,-0.0014822076635665068,0.0033022104964995805,-0.746894187512257
227.57471339999756,0.0,0.0,0.0,-0.002092564783003674,-0.004051821726209441,-0.771506774877438
227.62539619999734,0.0,0.0,0.0,-0.001509999268962438,0.003602618724067806,-0.7399941897196698
227.67534929999965,0.0,0.0,0.0,-0.0014579239033153122,0.003053244337972478,-0.6206073644099238
227.72734180000407,0.0,0.0,0.0,-0.0011275447837725467,0.0038636665216538134,-0.46593927519596207
227.77772189999814,0.0,0.0,0.0,-0.00012208322564852768,0.014936184324529256,-0.34897365542351283
227.825288,0.0,0.0,0.0,-4.6988884114760994e-05,0.003492489244044138,-0.28455831083956445
227.87639050000143,0.0,0.0,0.0,-0.00024764907698196655,0.0004179900889826777,-0.21041541783601497
227.92478710000432,0.0,0.0,0.0,-3.9355370736364146e-05,0.0009753494194911778,-0.13710357109089183
227.97553150000022,0.0,0.0,0.0,-0.00010131539168347998,-0.0012357942853468869,-0.06812444086291118
228.02553030000126,0.0,0.0,0.0,-9.928428363968197e-07,-0.00027203220410177624,0.0017315357358901342
228.07604990000254,0.0,0.0,0.0,6.546456310861316e-05,-0.0005917196132073113,0.0687989729060605
228.12453580000147,0.0,0.0,0.0,-1.8448055810459942e-05,-0.008943950271974688,0.0588846610396902
228.17586760000268,0.0,0.0,0.0,-4.9335978043855026e-05,-0.006300430381274754,0.0023691399209296387
228.22473800000444,0.0,0.0,0.0,-1.7110829843916254e-05,1.6062725079026954e-05,0.0006406531293649746
228.27764100000059,0.0,0.0,0.0,-9.178279830045235e-06,3.6233625395369955e-05,0.00010993428557981312
228.32573470000352,0.0,0.0,0.0,-2.8523230476699243e-06,-7.070970755695327e-07,7.468500604724597e-06
228.3770738000021,0.0,0.0,0.0,-7.771870675981528e-07,-9.529820334691872e-07,6.839317855742494e-06
228.42489780000324,0.0,0.0,0.0,3.25404710864693e-07,-5.5040012200858034e-08,1.521270886234424e-05
228.47448460000305,0.0,0.0,0.0,-9.988629987809877e-08,2.1879491271440405e-07,1.8031879793090893e-05
228.52570900000137,0.0,0.0,0.0,3.3454719260396805e-08,-2.4834096021732027e-06,1.8760575456887105e-05
228.5771803000025,0.0,0.0,0.0,5.193883888795905e-07,-7.234229100630359e-07,1.940039065912683e-05
228.62485159999778,0.0,0.0,0.0,-3.272887369258013e-07,1.1738952204686793e-06,1.8551961993542408e-05
228.67546690000017,0.0,0.0,0.0,1.9871243132283622e-07,-2.6683009462360217e-06,1.930133259581172e-05
228.72592769999756,0.0,0.0,0.0,4.2288786452832153e-07,-5.568516076142895e-07,1.9536846466263582e-05
228.7769341000021,0.0,0.0,0.0,9.841680186222086e-08,-1.4184985911769923e-07,1.9126387289751104e-05
228.82755229999748,0.0,0.0,0.0,-3.2536996510078907e-07,3.174473314098245e-08,1.990517803860648e-05
228.87565929999982,0.0,0.0,0.0,1.9197186746488274e-07,-1.2140190380447593e-06,1.936872044322045e-05
228.924425600002,0.0,0.0,0.0,4.269780980174259e-07,-1.3563446052639594e-06,1.9706180501363867e-05
228.97540290000325,0.0,0.0,0.0,1.007312207154573e-07,-7.310379960043266e-07,1.95046885075355e-05
229.02706359999866,0.0,0.0,0.0,1.0016682976492537e-07,-1.5363659402980852e-06,1.9054080446142685e-05
229.0759349,0.0,0.0,0.0,2.2624852904142355e-09,1.4730793481577107e-06,2.009679767519817e-05
229.12583219999942,0.0,0.0,0.0,1.0032682207847933e-07,-2.1921477998692714e-06,1.9857772703306142e-05
229.17691310000373,0.0,0.0,0.0,1.9167735795415766e-07,8.999741476406967e-08,2.0516954367360125e-05
229.22737690000213,0.0,0.0,0.0,-2.3718309491795513e-07,-1.118741871594593e-07,1.9837601732493697e-05
229.2748608000038,0.0,0.0,0.0,3.399975121189631e-07,-1.299094666252364e-06,1.9809184781619862e-05
229.3258180999983,0.0,0.0,0.0,-2.310821719022494e-07,-3.3923110711071863e-07,1.8980508891601525e-05
229.37487479999982,0.0,0.0,0.0,1.0274404709210313e-07,-1.4386753482264261e-06,2.0018760361703156e-05
229.4255265000029,0.0,0.0,0.0,5.192436947822538e-07,-2.17309911623531e-07,2.016129289980986e-05
229.4770478999999,0.0,0.0,0.0,1.0607747552419114e-07,-2.2629716494392727e-06,1.915220391845773e-05
229.52544350000244,0.0,0.0,0.0,4.249615399224195e-09,-1.652781632638085e-07,1.9665436273886018e-05
229.5763408999992,0.0,0.0,0.0,-1.4363506493737237e-07,2.0254097560854034e-07,2.0036392453068862e-05
229.6255106000026,0.0,0.0,0.0,1.1479773296754707e-09,-1.5868204712914534e-07,1.97515602735288e-05
229.6772482000015,0.0,0.0,0.0,1.9158892074673745e-07,-8.113036197553723e-07,2.01369986020447e-05
229.7254735000024,0.0,0.0,0.0,1.0883815740991397e-07,-1.8041041952610804e-06,1.9858593541182937e-05
229.77614480000193,0.0,0.0,0.0,6.8855506367351235e-09,-8.243570405084985e-07,2.013007613178438e-05
229.82634600000165,0.0,0.0,0.0,1.9455934816788008e-07,-1.1977071838015963e-06,2.002806441073064e-05
229.87562040000194,0.0,0.0,0.0,2.394642793610357e-09,-3.0759545780934984e-07,1.9936091283885873e-05
229.92454320000252,0.0,0.0,0.0,4.388806388717605e-07,-5.741055895248368e-07,2.072980573536044e-05
229.97601360000408,0.0,0.0,0.0,9.979493693525861e-08,-6.990914090461744e-07,2.0460039585650622e-05
230.02582950000215,0.0,0.0,0.0,1.9208007994072962e-07,-6.518138255983978e-07,2.0636210666717547e-05
230.07698850000452,0.0,0.0,0.0,1.0045955100340196e-07,-1.536151295438473e-06,2.0277946791622366e-05
230.12433459999738,0.0,0.0,0.0,-3.3712341659545674e-07,1.0581893441878052e-06,1.9588274031930166e-05
230.17542250000406,0.0,0.0,0.0,4.3772967517561823e-07,-1.7003565538676926e-06,2.0385245282581933e-05
230.22602460000053,0.0,0.0,0.0,-1.3805645483220792e-07,-9.378329188208725e-07,2.0086393294677903e-05
230.27497910000238,0.0,0.0,0.0,1.0125244701789221e-07,-6.728526021517601e-07,1.9723510714347465e-05
230.32812320000085,0.0,0.0,0.0,4.4164876458430827e-07,-1.04486958381658e-06,2.0305014860523124e-05
230.37583040000027,0.0,0.0,0.0,-2.47952389306932e-07,3.4188857860987895e-07,1.9692542228702175e-05
230.42558260000078,0.0,0.0,0.0,3.5044092422629806e-07,-1.2225693056164525e-06,2.05092213114265e-05
230.4756101000021,0.0,0.0,0.0,9.721418817684609e-08,-2.1385530098629536e-07,2.084933714192451e-05
230.52719420000358,0.0,0.0,0.0,1.0150346972828994e-07,-1.1187575336238785e-06,2.069053950770578e-05
230.57488459999877,0.0,0.0,0.0,1.1088651884257375e-07,-1.4578913070443023e-06,2.1055665267314586e-05
230.62762590000057,0.0,0.0,0.0,-1.518638218135308e-07,-2.1687437587702522e-07,2.106820982368616e-05
230.6742280000035,0.0,0.0,0.0,4.4679349539820995e-07,-1.1681399242058776e-06,2.0640008617063218e-05
230.72610829999758,0.0,0.0,0.0,1.0396423635387164e-07,-1.633419861610274e-06,2.0363421947893595e-05
230.77568620000238,0.0,0.0,0.0,-3.3078772087328345e-07,-9.395641664524684e-07,2.0718434410693907e-05
230.82877810000355,0.0,0.0,0.0,4.3891362136844357e-07,-1.2726735716020953e-07,2.1410308070238384e-05
230.87625300000218,0.0,0.0,0.0,-1.464974304417265e-07,8.33875604114706e-08,2.0624607742138133e-05
230.92628610000247,0.0,0.0,0.0,4.3923741910232435e-07,-8.08766327729711e-07,2.100762993324795e-05
230.97496769999998,0.0,0.0,0.0,-2.3551131424275713e-07,-9.066706902145937e-07,2.1068142593259404e-05
231.02459180000005,0.0,0.0,0.0,3.5006013215103016e-07,-1.4241593171239876e-06,2.1442507935988323e-05
231.07619169999816,0.0,0.0,0.0,-1.428379007189846e-07,-7.301774576150838e-07,2.105125117576393e-05
231.1262268999999,0.0,0.0,0.0,9.538066612810737e-08,-2.000924210741521e-07,2.08708413338285e-05
231.17694990000018,0.0,0.0,0.0,4.5087898340524924e-07,-1.7810996298457294e-06,2.104109884321738e-05
231.22597089999908,0.0,0.0,0.0,1.1109743038421341e-07,-1.9430759708206593e-06,2.156278755968873e-05
231.27574800000002,0.0,0.0,0.0,9.959394676684843e-08,3.534065156457865e-08,2.1034579232288004e-05
231.32651020000048,0.0,0.0,0.0,9.520552779071581e-08,3.395072480263835e-07,2.1061255166552293e-05
231.37780290000228,0.0,0.0,0.0,5.504625497482424e-09,-7.164818839242863e-07,2.1477259971331058e-05
231.42481019999832,0.0,0.0,0.0,1.0316108053806352e-07,-7.960068732476244e-07,2.193625169901222e-05
231.47464939999918,0.0,0.0,0.0,1.1315622647132406e-07,-1.7505262777578435e-06,2.1820104157019677e-05
231.5261520999993,0.0,0.0,0.0,-1.4474844441734527e-07,-6.985597505660595e-07,2.1674757657836636e-05
231.57543330000044,0.0,0.0,0.0,4.4631288998393674e-07,-7.716544213408695e-07,2.1553504257529587e-05
231.6242648000043,0.0,0.0,0.0,1.05720422131352e-07,-4.979257272050801e-07,2.186801090608375e-05
231.67449930000294,0.0,0.0,0.0,1.0384524437732369e-07,-1.4766398716320287e-06,2.1381687004005805e-05
231.72524060000433,0.0,0.0,0.0,-2.5333313262982854e-07,8.689004208754912e-07,2.2062393875381664e-05
231.77676030000293,0.0,0.0,0.0,1.0925713288467428e-07,-1.8673307862830276e-06,2.1284164732221345e-05
231.82723540000006,0.0,0.0,0.0,9.599128754296506e-08,4.665216616355892e-07,2.1452258983751054e-05
231.8798800000004,0.0,0.0,0.0,4.574484813590971e-07,-1.935055213464741e-06,2.2609141121781236e-05
231.9241583000039,0.0,0.0,0.0,-2.3795143282817243e-07,-1.63369346232716e-06,2.186359055786308e-05
231.97592710000026,0.0,0.0,0.0,9.402849017029375e-08,1.1459497612433544e-06,2.157235232783084e-05
232.02750740000192,0.0,0.0,0.0,4.5384307856599333e-07,-1.6455981860923553e-06,2.1963011299747192e-05
232.0763078000018,0.0,0.0,0.0,1.4735862811139591e-08,-7.082149542041465e-07,2.2373536161514913e-05
232.12558369999897,0.0,0.0,0.0,-2.574323992375081e-07,3.4780734044147985e-07,2.1640035585958415e-05
232.17609559999983,0.0,0.0,0.0,2.015878468059222e-07,-8.274204874197463e-07,2.1993057206508235e-05
232.2274824999986,0.0,0.0,0.0,1.0909459017133777e-07,-1.7636058739213647e-06,2.164191716076827e-05
232.27966600000218,0.0,0.0,0.0,3.6036559643561687e-07,-9.68406187793276e-07,2.176231208853032e-05
232.3252358000027,0.0,0.0,0.0,-1.4932924995193e-07,-7.603393032585381e-07,2.2588962953555725e-05
232.37766320000082,0.0,0.0,0.0,4.628577223659593e-07,-1.5972627017083254e-06,2.2334914728948145e-05
232.4268340999988,0.0,0.0,0.0,-3.570171931449584e-07,1.0073121390680802e-06,2.2246958067285262e-05
232.47801700000127,0.0,0.0,0.0,1.0497992722706687e-07,-1.0048723709080837e-06,2.2362377006955277e-05
232.52386520000437,0.0,0.0,0.0,4.69160737024451e-07,-2.3851071293802464e-06,2.275207807276811e-05
232.5752726999999,0.0,0.0,0.0,9.651779947150109e-08,3.042410083741568e-07,2.2844801665178373e-05
232.6315878000023,0.0,0.0,0.0,-1.4106161744975418e-07,-1.294913591798157e-06,2.220621222098371e-05
232.67663390000234,0.0,0.0,0.0,4.5442411444014655e-07,-7.756360879119205e-07,2.2236120199729437e-05
232.72547420000046,0.0,0.0,0.0,5.002378097186807e-10,5.80868892891502e-08,2.2084196324543205e-05
232.77409150000312,0.0,0.0,0.0,-1.455280418095054e-07,-1.2989697170308285e-06,2.180239064032938e-05
232.826086699999,0.0,0.0,0.0,9.43939167662535e-09,-1.931179401293912e-06,2.2001757792243864e-05
232.87869409999985,0.0,0.0,0.0,5.621239472535367e-07,-8.375918197529309e-07,2.2440842515917016e-05
232.92556010000408,0.0,0.0,0.0,1.0510491963120666e-07,-7.719696249731604e-07,2.2275232522161152e-05
232.97640890000184,0.0,0.0,0.0,-3.513101817901711e-07,6.286473162279844e-08,2.3141147813736546e-05
233.02571709999756,0.0,0.0,0.0,5.638676635503047e-07,-1.3220229576952226e-06,2.2627039858921114e-05
233.07527480000135,0.0,0.0,0.0,-3.4809626254087886e-07,-6.462578030662984e-07,2.2774780814997395e-05
233.12473909999972,0.0,0.0,0.0,2.0248114901229305e-07,-1.7286437453716832e-07,2.2907030423187715e-05
233.17485820000002,0.0,0.0,0.0,1.1131521967086655e-07,-2.123999059493568e-06,2.3086918268760742e-05
233.22767079999903,0.0,0.0,0.0,4.662035136391416e-07,-8.887425228239755e-07,2.3138243718828106e-05
233.27704390000144,0.0,0.0,0.0,-3.583845429985716e-07,4.631442082920376e-07,2.3149788013902132e-05
233.3274995000029,0.0,0.0,0.0,2.140838975710338e-07,-2.284586680046136e-06,2.2943566315504874e-05
233.37736369999766,0.0,0.0,0.0,1.070624468048661e-09,3.741744348036791e-07,2.3022811737952203e-05
233.42792940000072,0.0,0.0,0.0,2.0641007093870827e-07,-1.0651736788938895e-06,2.37335845537941e-05
233.47547679999843,0.0,0.0,0.0,1.0816477974675542e-07,-9.026113759018645e-07,2.285789666226984e-05
233.52838239999983,0.0,0.0,0.0,1.019415351796304e-07,-8.300672688964232e-07,2.3094140998747596e-05
233.57460990000254,0.0,0.0,0.0,1.6645804523422977e-08,-1.1813696015150771e-06,2.3619410666871774e-05
233.62585319999926,0.0,0.0,0.0,1.0171177383534927e-07,4.850105484028557e-08,2.345834347264484e-05
233.67589990000124,0.0,0.0,0.0,4.6608163056179e-07,-2.527908129965315e-07,2.409340057412243e-05
233.72792309999932,0.0,0.0,0.0,-1.4637363590121922e-07,-2.1386661974215955e-06,2.4040774752025565e-05
233.7754894000027,0.0,0.0,0.0,3.6105780565721494e-07,-4.67998294955543e-07,2.2915728297287742e-05
233.8266896999994,0.0,0.0,0.0,-2.433940808229811e-07,-1.619580647406867e-06,2.3505060269820004e-05
233.87640829999873,0.0,0.0,0.0,1.0469367682526875e-07,4.2548208662209357e-07,2.3733019985704496e-05
233.93138249999902,0.0,0.0,0.0,1.0981342768880642e-07,-2.2957622902723875e-06,2.3802129812831403e-05
233.98334949999844,0.0,0.0,0.0,4.7541766286756687e-07,-1.6537554452524597e-06,2.389630437400378e-05
234.02845560000424,0.0,0.0,0.0,-2.6208847514488855e-07,8.627311958092772e-07,2.4332567226584974e-05
234.0765293000004,0.0,0.0,0.0,4.7572636922625764e-07,-1.272492228679271e-06,2.3781994692636978e-05
234.126625900004,0.0,0.0,0.0,0.0003389479743934761,-0.0005939085105530075,0.10183698016439084
234.17575600000418,0.0,0.0,0.0,0.00025102881838265606,-0.000643796022338072,0.26422268070298194
234.2253273000024,0.0,0.0,0.0,0.0007521588673977737,-0.0007551073160947411,0.4312561866648023
234.27688050000143,0.0,0.0,0.0,0.0012650509749473648,-0.0003873056555276223,0.6188134153139507
234.3254476000002,0.0,0.0,0.0,0.0019841230916161855,0.0007309058190587275,0.8379616388758229
234.3783620000031,0.0,0.0,0.0,0.001736098075653706,0.0024808480184544133,1.0870109882385246
234.42748050000228,0.0,0.0,0.0,0.0023806455251483374,0.0020075207364789135,1.3826715623695163
234.47667940000247,0.0,0.0,0.0,0.0026652783903955745,0.0003155834962104023,1.6660950649752189
234.52507049999986,0.0,0.0,0.0,0.003249744690970035,-0.002984857589340515,1.7495553996800357
234.5775644000023,0.0,0.0,0.0,0.0035161164050567717,-0.005221838662474746,1.6560319561524552
234.625798699999,0.0,0.0,0.0,0.0030757264981332716,-0.0023816489125697044,1.512737746248952
234.6750131000008,0.0,0.0,0.0,0.002881000999437929,0.0011902078577864558,1.3649840839378935
234.72668410000188,0.0,0.0,0.0,0.002603749917671381,0.0002863217021940044,1.2514235436641785
234.77794630000426,0.0,0.0,0.0,0.002353859692183113,0.00023419290431745752,1.1556565728740715
234.825551300004,0.0,0.0,0.0,0.002238119230001491,0.000826333619692459,1.0682329442655834
234.87495679999847,0.0,0.0,0.0,0.0018904262982774548,0.0016590980806633518,0.981832425977001
234.9282125000027,0.0,0.0,0.0,0.001836024727176691,-0.0009299937692666985,0.9061786394283917
234.9756516999987,0.0,0.0,0.0,0.001872184227113079,-0.003913379149129671,0.8343676374171436
235.02800399999978,0.0,0.0,0.0,0.0017660084522153072,-0.0014557858162034232,0.7701950475357782
235.0764180000042,0.0,0.0,0.0,0.0016174315359035378,8.605311692817882e-05,0.709252900298083
235.12839910000184,0.0,0.0,0.0,0.0015167944599648398,-0.00011358184886455522,0.6598719886323856
235.1757288000008,0.0,0.0,0.0,0.0016602151002389801,-0.006177575491001255,0.6443704488665472
235.2265131000022,0.0,0.0,0.0,0.0015546361715948775,0.0026321457686681463,0.6337280799802476
235.27475160000176,0.0,0.0,0.0,0.0015495048536433337,0.0014017631762068268,0.6345783731595898
235.32635819999996,0.0,0.0,0.0,0.0016003976888989628,0.0005278125655442809,0.6517371886399491
235.37494999999763,0.0,0.0,0.0,0.001537285072723039,0.0009953744715675752,0.6732761473672934
235.4282239000022,0.0,0.0,0.0,0.0017689897878961772,-0.0035060883896870687,0.6765207803565604
235.47713300000032,0.0,0.0,0.0,0.0015482690478901633,0.005382405570249113,0.6283347088928961
235.52506140000332,0.0,0.0,0.0,0.0009550480035685999,0.0027900309483270816,0.505795333194884
235.57458929999848,0.0,0.0,0.0,0.0006590815452553039,-0.0003856318755808011,0.334836046647762
235.62551440000243,0.0,0.0,0.0,0.0001375834060506833,0.005221484452086512,0.17582473154234907
235.6756119999991,0.0,0.0,0.0,0.00010429718884719195,0.0018296928774149822,0.13394566627958807
235.72431060000235,0.0,0.0,0.0,0.00037512389353159533,0.004287245384068959,0.2210541873524417
235.77424990000145,0.0,0.0,0.0,0.0005317431766653176,-0.004801000139403958,0.2903664551042925
235.82544269999926,0.0,0.0,0.0,0.0004865842343283015,0.004921798432386307,0.30341903149893673
235.87755460000335,0.0,0.0,0.0,0.0005124874095640277,-0.0003706626393321263,0.2891962538350029
235.92551880000246,0.0,0.0,0.0,0.00042612056418834453,-0.0002585880722876367,0.2688212271947459
235.9779211999994,0.0,0.0,0.0,0.0003921388555516063,0.0009383816774447635,0.25784621273743313
236.02566300000035,0.0,0.0,0.0,0.00028988411611115153,0.0011280454755026878,0.2621871946000131
236.07547619999968,0.0,0.0,0.0,0.0003118105107528356,-0.00036182167588225985,0.27178257662572614
236.12594840000384,0.0,0.0,0.0,0.00031262768698086044,0.0012690925524112126,0.2789169809245832
236.1769781999974,0.0,0.0,0.0,0.0005350664483016335,-0.0028691208603722398,0.2859260335341959
236.2254613000041,0.0,0.0,0.0,0.00038735308803166556,0.002631187651856952,0.296401914954396
236.2777789000029,0.0,0.0,0.0,0.0004250361705343917,-0.00016887630387600936,0.31843542414141035
236.32568619999802,0.0,0.0,0.0,0.0006253081411112473,-0.0018302716153473712,0.35115878520172006
236.37552600000345,0.0,0.0,0.0,0.0007171602175913541,0.00012882830178413904,0.3973569619732048
236.42677980000008,0.0,0.0,0.0,0.0006775061388574408,-0.0014695214803536096,0.4689877953118293
236.47904019999987,0.0,0.0,0.0,0.0007436796781308974,0.0017117718731173837,0.5890550496589899
236.52670149999904,0.0,0.0,0.0,0.0006888890620372364,0.00919385021076535,0.6265294571471256
236.575854900002,0.0,0.0,0.0,0.0005456988283892407,-0.00011475590932096935,0.6331025181965382
236.62712160000228,0.0,0.0,0.0,0.0007313166059004798,0.0011214161711797948,0.6329833778408691
236.6764422999986,0.0,0.0,0.0,0.00048426885969242857,-0.00021215536570588106,0.6173334953807994
236.72762460000376,0.0,0.0,0.0,0.0005370510088490768,-0.000587724459863973,0.5973127795899135
236.77535460000217,0.0,0.0,0.0,0.0004614152431903956,-0.00030817265631895427,0.5644952401567844
236.82587259999855,0.0,0.0,0.0,0.00034724012050795346,-0.00045479725168698446,0.5232726870569233
236.8774424000003,0.0,0.0,0.0,0.001311464748884533,-0.014057254914670442,0.6134712611220652
236.9284581000029,0.0,0.0,0.0,0.001535889632400387,0.0003803702769323337,0.8246400272921148
236.97544560000097,0.0,0.0,0.0,0.0016410820985815894,0.002846439315507372,0.9952437341795333
237.02847270000348,0.0,0.0,0.0,0.0017760767194360226,0.0014106631037879395,1.1655083176060632
237.0754281000045,0.0,0.0,0.0,0.0020251587578410126,-0.0002717208299958954,1.3494896408251829
237.1271987,0.0,0.0,0.0,0.0023039174025232968,-0.0003921279712601298,1.5480018205489618
237.1757404000018,0.0,0.0,0.0,0.002438952580244825,0.001350680014433664,1.764946878211191
237.22565549999854,0.0,0.0,0.0,0.003625545312917261,-0.006809812198494097,1.8659508970439396
237.2756087000016,0.0,0.0,0.0,0.003740162548267778,-0.0011808190908893235,1.850540758666316
237.32588090000354,0.0,0.0,0.0,0.0033761744130228954,2.7996950448819895e-05,1.867058415619912
237.3777415000004,0.0,0.0,0.0,0.004158786573532014,-0.0033959376051973878,1.8818370975286445
237.4264697000035,0.0,0.0,0.0,0.003400965165960412,0.0035670040295300745,1.8824282180998
237.47650070000236,0.0,0.0,0.0,0.003701703913980477,-0.0027129467458819802,1.8836495039015475
237.5287668000019,0.0,0.0,0.0,0.003811336311666138,6.6920235289357e-05,1.8805776382105452
237.5759085000027,0.0,0.0,0.0,0.003681592035384618,0.0010738244134965561,1.8826676589748836
237.625099900004,0.0,0.0,0.0,0.0034284416590942223,2.1409336214163645e-05,1.881812913918664
237.67504049999843,0.0,0.0,0.0,0.0032073259323619745,0.0024779164713894333,1.8823880305478897
237.72644189999846,0.0,0.0,0.0,0.003062028105471402,0.00015109384669631225,1.8830277429627995
237.77810960000352,0.0,0.0,0.0,0.003604162724184244,-0.002609726077361884,1.8676858579911648
237.82608649999747,0.0,0.0,0.0,0.003916749392629989,-0.0008213622953519922,1.766073651380558
237.87662860000273,0.0,0.0,0.0,0.002972442760220992,0.00184931197928735,1.6339241452639441
237.9263104999991,0.0,0.0,0.0,0.0032092107587146004,-0.002622160397351354,1.5202325164753592
237.97699970000394,0.0,0.0,0.0,0.0028967283686601158,0.000448034831400621,1.4130778861187139
238.02653960000316,0.0,0.0,0.0,0.002792609338130674,-0.0008898845370128472,1.317878623802386
238.07752050000272,0.0,0.0,0.0,0.0029065660460316336,-0.0001057698813260506,1.221215359790371
238.1260567999998,0.0,0.0,0.0,0.0025426480453599807,-0.0015522415577277503,1.1409782229849643
238.17718230000173,0.0,0.0,0.0,0.0022489588036693287,0.002023350904760538,1.0686076502352073
238.2271314000027,0.0,0.0,0.0,0.0020073175985566376,7.778783665093863e-05,0.9927298831554079
238.2756608999989,0.0,0.0,0.0,0.0018841861346368428,0.0012231515959769596,0.9286038334047108
238.32706470000267,0.0,0.0,0.0,0.0019813140414790395,-0.004936965503744309,0.8671739297542548
238.37515030000213,0.0,0.0,0.0,0.001852940023766162,-0.0008133954174812596,0.8111818486143445
238.42578080000385,0.0,0.0,0.0,0.0017086481114623824,8.538806349734499e-05,0.757793460039542
238.47494410000218,0.0,0.0,0.0,0.0015993912426002749,0.00012430209369122363,0.7070220944733763
238.52631290000136,0.0,0.0,0.0,0.001530325703046293,-5.414103400588122e-05,0.6630102482600432
238.57664040000236,0.0,0.0,0.0,0.0015659735622999145,-0.007799205390493003,0.6588327640229021
238.6268482000014,0.0,0.0,0.0,0.0018976739937759262,0.002261037281050102,0.6466065315251637
238.67471389999992,0.0,0.0,0.0,0.001541472169657133,5.08460424850437e-05,0.6467982052389272
238.7256467000043,0.0,0.0,0.0,0.0009549637829177273,0.008371341079416731,0.6658164557960654
238.77690350000194,0.0,0.0,0.0,0.0017807463271973085,0.00030711838632222095,0.7040243775743632
238.82660490000126,0.0,0.0,0.0,0.0017471581066580237,-0.006522600281310369,0.7195022952555374
238.87871550000273,0.0,0.0,0.0,0.0020561058270497355,0.002121737255487488,0.6690609425753722
238.92478320000373,0.0,0.0,0.0,0.0010226456833681164,0.006576371217628779,0.5533947350189116
238.9751522000006,0.0,0.0,0.0,0.0006587185737583044,-0.00048514793912488014,0.4002417437912115
239.0258565999975,0.0,0.0,0.0,-1.2032896898195274e-05,0.02005741170695692,0.2900978501854762
239.07938950000243,0.0,0.0,0.0,7.493414366982942e-05,0.001577200756710259,0.2337140041897036
239.12593010000273,0.0,0.0,0.0,0.00016894027005524593,-0.00016221175131037068,0.17610260744389578
239.17463780000253,0.0,0.0,0.0,0.00011828358370156682,0.00044685896280787364,0.1482307127084454
239.22610420000274,0.0,0.0,0.0,0.00011439650781434717,-0.0008859979724425924,0.12447511892662112
239.2769096999982,0.0,0.0,0.0,0.00010183691757420217,-0.0007917065956699952,0.1023084328769609
239.3258535999994,0.0,0.0,0.0,4.995945483477597e-05,-0.00032347083094038715,0.08063619438415401
239.37677780000377,0.0,0.0,0.0,1.5969046484670533e-05,-0.010197130135038023,0.020742456476034253
239.42613290000008,0.0,0.0,0.0,-6.465243536970387e-05,-0.005524728489885328,-0.002832852990750582
239.4844499000028,0.0,0.0,0.0,-1.3157404642108435e-05,0.0001408725768662056,-0.0016512214073954251
239.52528110000276,0.0,0.0,0.0,-9.002028578021202e-06,2.726554579618528e-05,-0.001106208145799467
239.57836020000104,0.0,0.0,0.0,-5.3528276655933336e-06,-3.215054266337941e-06,-0.0008438244426189137
239.62481020000268,0.0,0.0,0.0,-3.1848608429534735e-06,-9.508248592533662e-07,-0.0007177342105913208
239.6767370000016,0.0,0.0,0.0,-2.1236325667647294e-06,-7.954395466446386e-07,-0.0006573148011397032
239.72729529999924,0.0,0.0,0.0,-1.6104063256899376e-06,-7.874295563678225e-07,-0.0006283461203871667
239.7761116000038,0.0,0.0,0.0,-1.3633161961604253e-06,-7.745787499767595e-07,-0.0006144713963131137
239.82512059999863,0.0,0.0,0.0,-1.2447481447698408e-06,-7.686696031751708e-07,-0.0006078344673658104
239.87671440000122,0.0,0.0,0.0,-1.1879387100554685e-06,-7.661756273566709e-07,-0.000604666311222179
239.92731749999803,0.0,0.0,0.0,-1.1607511754864548e-06,-7.653044117068764e-07,-0.0006031600281661048
239.97598210000433,0.0,0.0,0.0,-1.147761633927352e-06,-7.652378386833681e-07,-0.000602449735668798
240.02702010000212,0.0,0.0,0.0,-1.1415754091104707e-06,-7.655650681244475e-07,-0.0006021206127836768
240.07841200000257,0.0,0.0,0.0,-1.1386485426295643e-06,-7.660833708846534e-07,-0.0006019739761690157
240.135145799999,0.0,0.0,0.0,-1.1372829884195907e-06,-7.666940706930765e-07,-0.0006019146843306098
240.18237180000142,0.0,0.0,0.0,-1.1366652311285583e-06,-7.673489569561869e-07,-0.0006018971868527775
240.2263860000021,0.0,0.0,0.0,-1.1364057759790823e-06,-7.680254431015663e-07,-0.0006018996802939986
240.28437909999775,0.0,0.0,0.0,-1.1363177994530653e-06,-7.687117688995856e-07,-0.0006019117301457902
240.33898520000366,0.0,0.0,0.0,-1.1363118961699944e-06,-7.69403212666738e-07,-0.0006019283439579337
240.38690569999744,0.0,0.0,0.0,-1.1363450136452379e-06,-7.700976775820901e-07,-0.0006019471338572608
240.4347276000044,0.0,0.0,0.0,-1.136397414305092e-06,-7.707925465939535e-07,-0.0006019669567126937
240.47865699999966,0.0,0.0,0.0,-1.136458400802779e-06,-7.714884491497227e-07,-0.000601987267192998
240.5362645999994,0.0,0.0,0.0,-1.1365236682281082e-06,-7.721854426195015e-07,-0.0006020078043416931
240.58795210000244,0.0,0.0,0.0,-1.1365912544596501e-06,-7.728816994011139e-07,-0.0006020284427007276
240.63806209999893,0.0,0.0,0.0,-1.1366597045861883e-06,-7.735785381985397e-07,-0.0006020491232364154
240.68666289999965,0.0,0.0,0.0,-1.1367286770904263e-06,-7.742753396043556e-07,-0.0006020698173196946
240.73587090000365,0.0,0.0,0.0,-1.1367976829045352e-06,-7.749725919596282e-07,-0.0006020905118259572
240.78186070000083,0.0,0.0,0.0,-1.136866994605626e-06,-7.75670088481406e-07,-0.000602111200066961
240.8351995999983,0.0,0.0,0.0,-1.1369364444358373e-06,-7.763670903102085e-07,-0.0006021318788209576
240.88700090000202,0.0,0.0,0.0,-1.1370058396321847e-06,-7.770645011358161e-07,-0.0006021525470067986
240.94233859999804,0.0,0.0,0.0,-1.1370750835033277e-06,-7.777619600721642e-07,-0.0006021732041083023
240.9993422999978,0.0,0.0,0.0,-1.1371443329914813e-06,-7.784600897655259e-07,-0.0006021938500631796
241.03403490000346,0.0,0.0,0.0,-1.1372137881314647e-06,-7.791580665141527e-07,-0.000602214484480419
241.08669689999806,0.0,0.0,0.0,-1.1372830719499203e-06,-7.798558503860448e-07,-0.0006022351075091281
241.13591630000155,0.0,0.0,0.0,-1.1373524666169805e-06,-7.80554162219607e-07,-0.0006022557192445607
241.1922016000026,0.0,0.0,0.0,-1.137421885540051e-06,-7.812523847971945e-07,-0.0006022763196867708
241.23524709999765,0.0,0.0,0.0,-1.1374913031555305e-06,-7.819505712581054e-07,-0.0006022969089368133
241.28489380000246,0.0,0.0,0.0,-1.1375606768235553e-06,-7.826492733404488e-07,-0.0006023174872967298
241.33501350000006,0.0,0.0,0.0,-1.1376300479856964e-06,-7.833477784191958e-07,-0.000602338054785328
241.3858584000045,0.0,0.0,0.0,-1.1376993806110682e-06,-7.840466890380723e-07,-0.0006023586116491347
241.44199939999817,0.0,0.0,0.0,-1.1377688505228156e-06,-7.847457338446487e-07,-0.0006023791577891701
241.48330250000436,0.0,0.0,0.0,-1.137838330781984e-06,-7.854445153723211e-07,-0.0006023996932155253
241.53204769999866,0.0,0.0,0.0,-1.1379075485548311e-06,-7.861438455798519e-07,-0.0006024202185191174
241.58345050000207,0.0,0.0,0.0,-1.1379769775534718e-06,-7.868430990402579e-07,-0.000602440733483001
241.63750810000056,0.0,0.0,0.0,-1.1380464187970137e-06,-7.875429607034182e-07,-0.000602461238398261
241.68464620000304,0.0,0.0,0.0,-1.1381158701536216e-06,-7.882422595269406e-07,-0.0006024817330838867
241.73959810000088,0.0,0.0,0.0,-1.1381853507971526e-06,-7.889419858511498e-07,-0.0006025022178352195
241.78902219999873,0.0,0.0,0.0,-1.1382547442724123e-06,-7.896417104681763e-07,-0.0006025226928277627
241.83655839999847,0.0,0.0,0.0,-1.138324174633202e-06,-7.903418246733868e-07,-0.0006025431581313643
241.88160529999732,0.0,0.0,0.0,-1.1383936262434575e-06,-7.910421320529448e-07,-0.0006025636139925004
241.93412289999833,0.0,0.0,0.0,-1.138463122315373e-06,-7.917422348821163e-07,-0.0006025840602568129
241.986041199998,0.0,0.0,0.0,-1.1385324775015879e-06,-7.924425813598499e-07,-0.0006026044973119543
242.03889920000074,0.0,0.0,0.0,-1.138602044994486e-06,-7.931434935409133e-07,-0.0006026249251254236
242.08776149999903,0.0,0.0,0.0,-1.1386713741540566e-06,-7.938440322007565e-07,-0.0006026453439707041
242.12778609999805,0.0,0.0,0.0,-1.1387410039541726e-06,-7.945448203832207e-07,-0.0006026657536741403
242.1839949999994,0.0,0.0,0.0,-1.1388104239783165e-06,-7.95245703441053e-07,-0.0006026861545514893
242.2324432000023,0.0,0.0,0.0,-1.1388797649795636e-06,-7.959470713467836e-07,-0.0006027065469878963
242.2838386000003,0.0,0.0,0.0,-1.1389493626395674e-06,-7.966487572279724e-07,-0.0006027269307721101
242.3366748999979,0.0,0.0,0.0,-1.1390189409851284e-06,-7.973493691726866e-07,-0.0006027473057100346
242.3857605000012,0.0,0.0,0.0,-1.1390883153548838e-06,-7.980514211059147e-07,-0.0006027676726756821
242.43656829999964,0.0,0.0,0.0,-1.1391577753611692e-06,-7.987532031931054e-07,-0.0006027880314266954
242.4875622000036,0.0,0.0,0.0,-1.139227396067551e-06,-7.99455069529221e-07,-0.000602808381925273
242.52703589999874,0.0,0.0,0.0,-1.139296879730968e-06,-8.001569835767899e-07,-0.0006028287244681115
242.58307720000448,0.0,0.0,0.0,-1.1393665234148867e-06,-8.008591387009619e-07,-0.0006028490590327463
242.6378196000005,0.0,0.0,0.0,-1.1394359057777939e-06,-8.015614656709243e-07,-0.0006028693860658651
242.68648109999776,0.0,0.0,0.0,-1.1395055392130598e-06,-8.022639984838752e-07,-0.0006028897054104652
242.73693549999734,0.0,0.0,0.0,-1.139575111602243e-06,-8.029665606580853e-07,-0.0006029100172100399
242.78562919999968,0.0,0.0,0.0,-1.1396447728514607e-06,-8.036692951194957e-07,-0.0006029303215810332
242.83986630000436,0.0,0.0,0.0,-1.1397142131442667e-06,-8.0437204078201e-07,-0.0006029506188057149
242.88640110000415,0.0,0.0,0.0,-1.1397837847915613e-06,-8.050755490921649e-07,-0.0006029709090414494
242.93694590000086,0.0,0.0,0.0,-1.1398532772208642e-06,-8.057786094156423e-07,-0.000602991192263953
242.98682080000435,0.0,0.0,0.0,-1.1399230943425844e-06,-8.064821279225316e-07,-0.0006030114683907413
243.0297531000033,0.0,0.0,0.0,-1.1399925227127866e-06,-8.071853211010217e-07,-0.0006030317379209168
243.08807299999899,0.0,0.0,0.0,-1.140062226556639e-06,-8.078895255238522e-07,-0.0006030520008761384
243.1357363999996,0.0,0.0,0.0,-1.1401317854884914e-06,-8.085929918328196e-07,-0.0006030722572289599
243.18717330000072,0.0,0.0,0.0,-1.1402013939801264e-06,-8.092974857262806e-07,-0.0006030925074033813
243.23108360000333,0.0,0.0,0.0,-1.1402710440813926e-06,-8.100013017283239e-07,-0.0006031127511517627
243.28300780000427,0.0,0.0,0.0,-1.1403407759205144e-06,-8.107057162522084e-07,-0.0006031329886961634
243.33469290000357,0.0,0.0,0.0,-1.1404104215148e-06,-8.114101044096959e-07,-0.0006031532202831793
243.38270059999923,0.0,0.0,0.0,-1.1404801897596655e-06,-8.121146828819456e-07,-0.0006031734459170715
243.4317164000022,0.0,0.0,0.0,-1.1405497158501373e-06,-8.128195088075666e-07,-0.0006031936659445615
243.48521620000247,0.0,0.0,0.0,-1.140619564784739e-06,-8.135245937703332e-07,-0.0006032138801997167
243.5359666000004,0.0,0.0,0.0,-1.1406894279348872e-06,-8.142291021369189e-07,-0.0006032340886095077
243.58026029999746,0.0,0.0,0.0,-1.1407590499793125e-06,-8.149347363080553e-07,-0.0006032542919869156
243.63497030000144,0.0,0.0,0.0,-1.1408288092213438e-06,-8.156400038824307e-07,-0.000603274489957395
243.68550929999765,0.0,0.0,0.0,-1.140898665711892e-06,-8.163455853492945e-07,-0.0006032946827041961
243.73443319999933,0.0,0.0,0.0,-1.140968395562401e-06,-8.170510674531807e-07,-0.0006033148704206829
243.78444319999835,0.0,0.0,0.0,-1.1410379759079536e-06,-8.17757587843421e-07,-0.000603335053660923
243.8375573000012,0.0,0.0,0.0,-1.141107822265807e-06,-8.184634238249324e-07,-0.0006033552318837947
243.88560130000405,0.0,0.0,0.0,-1.1411775208181025e-06,-8.191699686037295e-07,-0.0006033754057236638
243.93398259999958,0.0,0.0,0.0,-1.1412474582953347e-06,-8.198763545867385e-07,-0.000603395574790459
243.98746770000434,0.0,0.0,0.0,-1.1413173912473407e-06,-8.205824995734195e-07,-0.0006034157391865369
244.03446110000368,0.0,0.0,0.0,-1.141387267757506e-06,-8.212892204718472e-07,-0.0006034358994082465
244.0800825999977,0.0,0.0,0.0,-1.1414570961126495e-06,-8.219961750556468e-07,-0.0006034560555488262
244.13653499999782,0.0,0.0,0.0,-1.1415268968479987e-06,-8.227033203814258e-07,-0.0006034762077348209
244.18626600000425,0.0,0.0,0.0,-1.141596754771554e-06,-8.234106975088048e-07,-0.0006034963560982722
244.2375119999997,0.0,0.0,0.0,-1.1416666335398901e-06,-8.241180985013665e-07,-0.000603516500638095
244.2781623999981,0.0,0.0,0.0,-1.1417367036161458e-06,-8.24825487131178e-07,-0.0006035366412797492
244.33647159999964,0.0,0.0,0.0,-1.1418065269356377e-06,-8.255333401371995e-07,-0.0006035567786487038
244.37935129999823,0.0,0.0,0.0,-1.1418765353027104e-06,-8.262410981990461e-07,-0.0006035769124092608
244.43579039999895,0.0,0.0,0.0,-1.1419465670284447e-06,-8.269492133317079e-07,-0.0006035970428380288
244.47876530000212,0.0,0.0,0.0,-1.1420165432837372e-06,-8.276574685051141e-07,-0.000603617170173769
244.53931680000096,0.0,0.0,0.0,-1.1420865480680669e-06,-8.283656370633656e-07,-0.0006036372943875304
244.58392090000416,0.0,0.0,0.0,-1.142156492871196e-06,-8.290744165270866e-07,-0.000603657415842464
244.63657450000028,0.0,0.0,0.0,-1.142226460179523e-06,-8.297834670843843e-07,-0.0006036775346539452
244.67849019999994,0.0,0.0,0.0,-1.1422965583945565e-06,-8.304921959872907e-07,-0.0006036976506075794
244.72631959999853,0.0,0.0,0.0,-1.1423666032280149e-06,-8.312013256034534e-07,-0.0006037177640488412
244.78392619999795,0.0,0.0,0.0,-1.1424366164864842e-06,-8.319107855070995e-07,-0.0006037378752386105
244.83735439999873,0.0,0.0,0.0,-1.142506809352132e-06,-8.326202290105602e-07,-0.0006037579839923863
244.87992379999923,0.0,0.0,0.0,-1.142576865431095e-06,-8.333295961275307e-07,-0.0006037780905091814
244.93163030000142,0.0,0.0,0.0,-1.142646941112548e-06,-8.340397162746386e-07,-0.0006037981951630333
244.98631059999752,0.0,0.0,0.0,-1.1427171503549985e-06,-8.347498116999063e-07,-0.0006038182978661005
245.03480139999738,0.0,0.0,0.0,-1.1427873249491862e-06,-8.35459906748375e-07,-0.0006038383987817386
245.08186240000214,0.0,0.0,0.0,-1.1428575789005101e-06,-8.361700317152721e-07,-0.0006038584978232487
245.12858190000406,0.0,0.0,0.0,-1.1429278463752238e-06,-8.368804797698513e-07,-0.0006038785952360611
245.1877444999991,0.0,0.0,0.0,-1.1429980766747034e-06,-8.37591018824218e-07,-0.0006038986912478082
245.2353848999992,0.0,0.0,0.0,-1.1430682551985041e-06,-8.383021127913462e-07,-0.0006039187861793765
245.2830083000008,0.0,0.0,0.0,-1.1431384131565486e-06,-8.390134077871745e-07,-0.0006039388800540385
245.328706100001,0.0,0.0,0.0,-1.1432087410530507e-06,-8.397244820715333e-07,-0.000603958972706182
245.38053790000413,0.0,0.0,0.0,-1.1432789967412914e-06,-8.404362018995815e-07,-0.0006039790645757088
245.43360450000182,0.0,0.0,0.0,-1.1433494380850755e-06,-8.411476614295267e-07,-0.0006039991554403052
245.4889256000024,0.0,0.0,0.0,-1.1434197153115963e-06,-8.4185925711167e-07,-0.0006040192456478025
245.53202210000018,0.0,0.0,0.0,-1.1434900644320733e-06,-8.425714860014343e-07,-0.0006040393353922975
245.57722649999778,0.0,0.0,0.0,-1.1435604486903562e-06,-8.432836613396951e-07,-0.0006040594247193145
245.6369870999988,0.0,0.0,0.0,-1.143630964805769e-06,-8.439959146994329e-07,-0.0006040795135521661
245.68131269999867,0.0,0.0,0.0,-1.1437013407525656e-06,-8.447081403533521e-07,-0.0006040996021886337
245.73010929999873,0.0,0.0,0.0,-1.1437717424222814e-06,-8.454213381588535e-07,-0.0006041196910038631
245.78442709999945,0.0,0.0,0.0,-1.143842253075972e-06,-8.461340560340418e-07,-0.0006041397797945505
245.8336294000037,0.0,0.0,0.0,-1.1439126970311157e-06,-8.468471891509194e-07,-0.0006041598687784934
245.88611289999972,0.0,0.0,0.0,-1.14398317231772e-06,-8.475605737848003e-07,-0.0006041799581088086
245.93483600000036,0.0,0.0,0.0,-1.1440537254833745e-06,-8.482739640466018e-07,-0.000604200047778782
245.987000000001,0.0,0.0,0.0,-1.1441243432016596e-06,-8.489877576869275e-07,-0.0006042201380349121
246.02545269999973,0.0,0.0,0.0,-1.144194974640887e-06,-8.497013118310365e-07,-0.0006042402288316996
246.08672939999815,0.0,0.0,0.0,-1.1442654733492925e-06,-8.504155653741882e-07,-0.0006042603206300567
246.13403619999735,0.0,0.0,0.0,-1.1443360118385517e-06,-8.511299394105315e-07,-0.0006042804134575605
246.181657000001,0.0,0.0,0.0,-1.1444068343038244e-06,-8.51844239170306e-07,-0.0006043005070619621
246.23714570000448,0.0,0.0,0.0,-1.144477454668853e-06,-8.525587355769439e-07,-0.0006043206018933516
246.27973429999838,0.0,0.0,0.0,-1.144548062583325e-06,-8.532738560937953e-07,-0.0006043406982047057
246.33366319999914,0.0,0.0,0.0,7.427962927751189e-05,0.004986296667142011,-0.0005407932516932007
246.3854100000026,0.0,0.0,0.0,6.72828729879893e-05,0.004322434754212302,-0.000488822636701749
246.43565410000156,0.0,0.0,0.0,4.6286997496531455e-06,0.0002994696221724934,-0.0002809020015963754
246.48471889999928,0.0,0.0,0.0,1.1316367918443793e-05,0.000994991051409896,-0.00026042064092020735
246.5352125999998,0.0,0.0,0.0,-1.4560206486673848e-07,-8.775444978055663e-05,-0.0002226964407927256
246.5840399000008,0.0,0.0,0.0,-1.2262529222296361e-05,-0.0006956583020456591,-0.00023322936651418584
246.62857050000457,0.0,0.0,0.0,3.909007320802773e-06,0.0003522533078962007,-0.00019190712702067109
246.68649729999743,0.0,0.0,0.0,-7.427688487215041e-06,-0.0006082996740608589,-0.00021233614253702128
246.73704900000303,0.0,0.0,0.0,1.3791028373496087e-05,0.0007726565727069893,-0.00012628556638748052
246.78602800000226,0.0,0.0,0.0,-3.507839686365221e-06,0.00011724891222089862,-0.0002662752140537426
246.8269771999985,0.0,0.0,0.0,-1.0633704977185294e-06,-0.00018873895628459346,-0.00023059734457216223
246.88533409999945,0.0,0.0,0.0,-7.892381878838317e-06,-0.0004960453194079344,-0.0002286503008331182
246.9323418999993,0.0,0.0,0.0,1.9697570062646127e-05,0.0011337377306985413,-0.0001019386815035774
246.97944180000195,0.0,0.0,0.0,-1.1628598015756627e-05,-0.0006595975858260065,-0.00019838754936119958
247.03076829999918,0.0,0.0,0.0,5.2502385760578825e-08,0.00015234620308019552,-0.0002018376085887328
247.08588269999746,0.0,0.0,0.0,-8.380342144349857e-06,-0.0007343724044585433,-0.00012378120982633233
247.13314779999928,0.0,0.0,0.0,-2.1200532374983712e-06,4.0878353600840886e-05,-0.00018951042556198948
247.18165260000387,0.0,0.0,0.0,1.7856099719998036e-05,0.0012659117179178567,-0.00013901912499121756
247.23587840000255,0.0,0.0,0.0,-1.4218686956205396e-05,-0.001111658911770443,-0.00017709660249007924
247.2826722000027,0.0,0.0,0.0,6.492482114222203e-06,0.0005246443112268011,-0.00012591162011037828
247.33982780000224,0.0,0.0,0.0,8.16548225794069e-06,0.0005247961524988828,-0.00023822549997669172
247.3875595999998,0.0,0.0,0.0,-1.5024074190124796e-05,-0.0011960256808255087,-0.00017930871628207612
247.42954219999956,0.0,0.0,0.0,3.179050981078476e-06,0.0005496215651882848,-0.00025422958507097845
247.48424270000396,0.0,0.0,0.0,-8.05186831378308e-07,-0.00015767653174952927,-0.0002597869851888497
247.53028949999862,0.0,0.0,0.0,6.5138944629271166e-06,0.00030248138370841124,-0.0001947998535091678
247.58466530000442,0.0,0.0,0.0,-8.891273151121301e-06,-0.00041248363202758224,-0.00017427733223203374
247.6343457000039,0.0,0.0,0.0,3.2352109460625242e-06,0.0001760659133465566,-0.0002261064709309195
247.68533490000118,0.0,0.0,0.0,-1.907780493094663e-06,-9.398870329028474e-05,-0.00016016471406645708
247.72775370000454,0.0,0.0,0.0,-1.9503421990600442e-05,-0.0014803810000922402,-0.00020315856629653112
247.77950920000148,0.0,0.0,0.0,4.119006286250773e-06,0.0004495404604467103,-0.0001648599167034253
247.83771200000047,0.0,0.0,0.0,2.2380991813664904e-05,0.0013701711465524422,-8.360191688361062e-05
247.88965350000217,0.0,0.0,0.0,-2.9806793761347574e-05,-0.002272949573065141,4.3989916209943405e-05
247.93430870000157,0.0,0.0,0.0,1.506110705962746e-05,0.0014551006316224047,-8.645385505503218e-05
247.98659050000424,0.0,0.0,0.0,-1.0248147436093049e-05,-0.000606914730858092,-0.00019394432099556475
248.03645379999944,0.0,0.0,0.0,7.482982295930641e-06,0.0005459103795123891,-0.00014247467937390744
248.08495979999861,0.0,0.0,0.0,6.298646841368746e-06,0.0004012519407867878,-0.00015628881081543373
248.135987499998,0.0,0.0,0.0,-6.445442588532428e-06,-0.0003536572380988661,-0.00020432665308944421
248.18627569999808,0.0,0.0,0.0,1.976796825384561e-05,0.0012692388288888874,-0.000171119822058373
248.23374940000213,0.0,0.0,0.0,-1.2751318205335203e-06,-0.00011070457124288834,-0.00010739729678041614
248.28229799999826,0.0,0.0,0.0,-5.767356566472002e-06,-0.0004425056867650972,-0.00012368387157760683
248.3315492000038,0.0,0.0,0.0,-8.468449215710898e-06,-0.0005070542931802434,-0.00017803995836837927
248.38686009999947,0.0,0.0,0.0,1.1995678736851783e-05,0.0007142139651392953,-6.615509015523645e-05
248.4319536999974,0.0,0.0,0.0,1.57175037023706e-06,0.00020970092467992248,-0.00014690275652288714
248.48146819999965,0.0,0.0,0.0,-1.726718806070081e-05,-0.0010814019436096486,-0.00018789195897838193
248.53135679999832,0.0,0.0,0.0,9.787733914174438e-06,0.0006904662849755459,-0.00012713885843208006
248.57974470000045,0.0,0.0,0.0,1.6624462129236336e-05,0.0009703281544639613,3.8893936421457854e-05
248.63540630000352,0.0,0.0,0.0,-1.8449755467344948e-05,-0.0013437466265803803,-3.851412721688936e-05
248.68716370000038,0.0,0.0,0.0,1.9085221262795908e-05,0.0012147495067478763,-0.00014661583486493698
248.72878940000373,0.0,0.0,0.0,-1.4875912535412588e-05,-0.0007071235035562348,-0.00028577407709079065
248.7751797000019,0.0,0.0,0.0,1.8870852378891631e-06,-0.00039718284625886956,-0.00018488749886563436
248.83507510000345,0.0,0.0,0.0,1.0859357610554339e-05,0.0005506939541434595,-8.799475595637328e-05
248.88031050000427,0.0,0.0,0.0,-1.5115077090985929e-05,-0.0009463264154813698,-0.00019943515787184863
248.92673050000303,0.0,0.0,0.0,3.039421466749469e-06,0.0001783878578025433,-0.0001843814348299551
248.98009900000034,0.0,0.0,0.0,-2.897249462223114e-06,-0.00016216878846016152,-0.00014392114063212246
249.0360467999999,0.0,0.0,0.0,6.814345909282532e-07,0.0005342002870238075,-0.00016018770943523915
249.08225569999922,0.0,0.0,0.0,2.8812568515105255e-06,0.00010618239578346487,-0.00018063936336411217
249.13281560000178,0.0,0.0,0.0,-1.1666048881719158e-05,-0.000825716924272925,-0.00018171866674554063
249.17777390000265,0.0,0.0,0.0,-1.5934487766076177e-05,-0.0009298005094199716,-0.00027747855302001596
249.23479890000453,0.0,0.0,0.0,2.321021134830463e-05,0.0012386976754954128,-0.00011355921550092722
249.27799680000317,0.0,0.0,0.0,-1.3937681776205507e-05,-0.000926226257636851,-0.0002205762652257382
249.338545300001,0.0,0.0,0.0,-1.53990774506737e-05,-0.001166706157207237,-0.0001119648173173212
249.38480079999863,0.0,0.0,0.0,2.0174720711175015e-05,0.001907744566683619,-0.00019519420780893303
249.4358041000014,0.0,0.0,0.0,6.416346555367333e-06,0.0005151071409335599,-0.00017295452426213274
249.48592250000365,0.0,0.0,0.0,-1.0213112691411443e-05,-0.0010231365825746981,-0.00022033650266426935
249.52881440000056,0.0,0.0,0.0,2.8730857798198426e-06,0.0008997047310059275,-0.0003256123234827366
249.58695309999894,0.0,0.0,0.0,5.565133630457015e-06,0.0001625085525201991,-0.00012162915464368834
249.626053699998,0.0,0.0,0.0,6.709481377684069e-06,0.00046349292133627287,-0.00014332230820708722
249.68815999999788,0.0,0.0,0.0,-1.4068358951175439e-05,-0.0009703585032403053,-0.00019220818843036262
249.72755139999936,0.0,0.0,0.0,-5.749842481304441e-06,-0.00044038949263147914,-0.00014797941339469544
249.77992230000382,0.0,0.0,0.0,9.903110906411347e-06,0.0007694704664986912,-9.252598050255903e-05
249.83685340000375,0.0,0.0,0.0,-8.244142695995229e-06,-0.00033547627375760916,-0.00019981754670170458
249.88321480000013,0.0,0.0,0.0,-2.288177342235459e-06,-0.00028407734722098025,-4.470280172436408e-05
249.92823350000253,0.0,0.0,0.0,8.464031509639227e-06,0.0004835189867299798,-9.507565782504713e-05
249.98539020000317,0.0,0.0,0.0,6.7519965156217095e-06,0.0006898552881504183,-0.00010205244441853414
250.03221170000324,0.0,0.0,0.0,-8.108144840947237e-06,-0.0007255794363645179,-0.00015280558710076942
250.08409609999944,0.0,0.0,0.0,1.4833980782497823e-05,0.0009807875308412476,-4.534354831055801e-05
250.13202280000405,0.0,0.0,0.0,-1.1251906051365736e-05,-0.000844670105191781,-7.905644001842583e-05
250.18486929999926,0.0,0.0,0.0,5.9343601107476165e-06,0.0004339155673683001,-0.00013085437616882042
250.23471000000427,0.0,0.0,0.0,-1.4381838862770195e-05,-0.0008793465106731249,-0.00011332669213276646
250.28170169999794,0.0,0.0,0.0,-3.495237270779877e-07,-0.00011527705079141773,-5.205457632152985e-05
250.3353206000029,0.0,0.0,0.0,1.7856562481724597e-06,0.00027828932190794245,-0.00015295104472743914
250.38704439999856,0.0,0.0,0.0,4.575437138322154e-06,0.00028934839674142935,-0.00010150148850960194
250.43599150000227,0.0,0.0,0.0,1.0492282044509428e-05,0.0007140412127112622,-8.760930989211394e-05
250.483905699999,0.0,0.0,0.0,-1.7180469542736125e-05,-0.0003687593675681089,-0.0002786471023652558
250.5306414000006,0.0,0.0,0.0,-2.5645285586313332e-05,-0.0025902681842678897,2.250687080103845e-05
250.57874900000024,0.0,0.0,0.0,1.5110605758695535e-05,0.0008697004151424262,1.0010058620732384e-06
250.62902659999963,0.0,0.0,0.0,9.487918148264276e-06,0.0008704259145871855,-0.0002309281617010142
250.6859758999999,0.0,0.0,0.0,1.709038604487056e-05,0.001298632733447289,-5.196263190624289e-05
250.73560169999837,0.0,0.0,0.0,-3.369912677204921e-06,-0.000368741186661694,-0.00015635963566845907
250.77879589999793,0.0,0.0,0.0,-1.7161823869483395e-05,-0.001034616799603481,-0.00018257430973642256
250.83646659999795,0.0,0.0,0.0,-1.1717907447318007e-05,-0.0006939492016727431,-0.00023728598059226093
250.88612880000437,0.0,0.0,0.0,3.6188092770669645e-05,0.0023781990063907266,-0.00011341194579235749
250.93640610000148,0.0,0.0,0.0,-1.1949358025407607e-05,-0.0008564820380853456,-0.0001210899498221134
250.98493050000252,0.0,0.0,0.0,-1.113800578219477e-05,-0.0007692421764335317,-0.00012090218550729063
251.02984819999983,0.0,0.0,0.0,2.930479003975084e-05,0.002131943180998576,-9.860135967338351e-05
251.09010259999923,0.0,0.0,0.0,-1.4017376406316819e-05,-0.0010716002252828642,-0.00014288604455493784
251.1336678000007,0.0,0.0,0.0,9.317845082869606e-06,0.0007890628327047041,-0.0002455827821907262
251.18269750000036,0.0,0.0,0.0,-1.4580366910821112e-05,-0.0013990654411275036,3.1544338418428957e-06
251.24375580000196,0.0,0.0,0.0,-3.970255111953382e-06,-4.487884889755023e-05,6.029469450165348e-05
251.28446760000224,0.0,0.0,0.0,2.8944478938033817e-06,0.00021702472826526479,6.704096057610142e-05
251.32999500000005,0.0,0.0,0.0,-5.105037433343124e-06,-0.00034223695861021496,-9.011452607319615e-05
251.3870117999977,0.0,0.0,0.0,1.2790344197491016e-07,-2.203155263887949e-05,2.852271176583522e-05
251.43146820000402,0.0,0.0,0.0,9.609142194048703e-07,0.00011419848575418451,6.162132152979493e-05
251.48735509999824,0.0,0.0,0.0,7.560349700418915e-06,0.0004457610900340097,0.00011692627244319626
251.53709840000374,0.0,0.0,0.0,-6.701281181602687e-06,-0.0006067153156604689,0.00013848493551140437
251.58297100000345,0.0,0.0,0.0,8.34916895534322e-06,0.00044042490838599525,0.0002532166484911615
251.63135850000253,0.0,0.0,0.0,-1.1566263398563466e-05,-0.0006717921611029468,0.00013295625959375265
251.685564899999,0.0,0.0,0.0,1.9226869286744206e-06,-0.0005680040142945673,4.0867629959327155e-05
251.73519110000052,0.0,0.0,0.0,-4.541116961988972e-06,-0.00047142869653157284,-9.956582209088904e-05
251.78784509999969,0.0,0.0,0.0,3.09875954294049e-05,0.001798970350801888,6.17854558485353e-05
251.83745140000246,0.0,0.0,0.0,-1.6829723045214292e-05,-0.0012029015744382254,4.019786560189837e-05
251.88702960000228,0.0,0.0,0.0,-1.4698552721449954e-05,-0.0005712955482535825,0.00010216591349087086
251.93460020000202,0.0,0.0,0.0,1.9357070554678878e-05,0.0017395941691449165,0.000285882784240198
251.97691889999987,0.0,0.0,0.0,-1.4431863395489121e-05,-0.0009532698627887558,0.0003291350743528989
252.03211310000188,0.0,0.0,0.0,3.060357903587658e-06,0.0002849434507433506,0.0003324772507285128
252.08837560000393,0.0,0.0,0.0,-8.339665075883105e-06,-0.0008225419984310104,0.0002624794056988427
252.13397059999988,0.0,0.0,0.0,1.5053240764456347e-05,0.0007242013035205734,0.0003019890117772631
252.18558150000172,0.0,0.0,0.0,-2.8277391169646605e-05,-0.0014711882179016585,0.0001574364594231401
252.23573659999965,0.0,0.0,0.0,1.4267111667534388e-05,0.0012364504553127242,0.00022238623016206834
252.28331869999965,0.0,0.0,0.0,-6.0747028261578305e-06,-0.0006184894051323781,7.142522465235412e-05
252.33596630000102,0.0,0.0,0.0,-9.121473365021674e-06,-0.0010815704666236696,7.038586026815888e-05
252.3892410000044,0.0,0.0,0.0,1.9480847138943768e-05,0.00170664823060858,0.0002088297857094033
252.43669039999804,0.0,0.0,0.0,1.3317088881235286e-05,0.0006639044691494503,0.00035233052493945094
252.48433269999805,0.0,0.0,0.0,-8.928834234263382e-06,-0.0013206785609562628,0.0002934859391546348
252.53501490000053,0.0,0.0,0.0,1.4688494921438947e-05,0.000465878773134027,0.00021770004663397883
252.58429730000353,0.0,0.0,0.0,-1.5674803895468764e-05,-0.00010136050153157702,0.0001016781102096243
252.63217940000322,0.0,0.0,0.0,-2.053730350433999e-05,-0.0015668888428210423,7.672302192156624e-06
252.686323300004,0.0,0.0,0.0,1.866730334141354e-05,0.0007003801529613861,-0.00010979416831015463
252.73822230000223,0.0,0.0,0.0,-9.222029742515058e-06,5.526637299761104e-05,-0.0001629247839575058
252.7840159000043,0.0,0.0,0.0,-4.016193973258015e-05,-0.002668220882183937,-0.00025401997862308103
252.82963069999823,0.0,0.0,0.0,1.4116699612258386e-05,0.0007190104362415307,-0.00022310649585049634
252.88201449999906,0.0,0.0,0.0,1.0749157250830877e-05,0.000140354190049404,-0.0001115073667925924
252.93256100000144,0.0,0.0,0.0,9.078105795481972e-06,-0.00013468342420276804,0.0001090312464414357
252.98193619999802,0.0,0.0,0.0,2.7764254093478997e-06,0.00011584403242538749,0.0002662833098557929
253.03507979999995,0.0,0.0,0.0,-8.514382219982603e-06,-0.002425593727852728,4.631214786701559e-05
253.08372059999965,0.0,0.0,0.0,-2.323475262743231e-06,0.0016856808580682804,0.0002940686245933713
253.13604250000208,0.0,0.0,0.0,-6.654535353256169e-05,-0.005597501797084252,-5.635004321606876e-05
253.18755429999874,0.0,0.0,0.0,5.0427758765224e-05,0.004980771077528399,0.0003342893466373801
253.23147189999872,0.0,0.0,0.0,-9.3202999825151e-06,-6.968043949919168e-05,0.0004652857013108509
253.28418960000272,0.0,0.0,0.0,-9.526594918399772e-05,-0.004691632034433199,-0.0004548717001714634
253.33318919999874,0.0,0.0,0.0,-5.041450651839255e-06,-9.700504764306388e-05,-0.0005094393071066753
253.3823276999974,0.0,0.0,0.0,-3.437483298958525e-07,3.366574546731431e-05,-0.0005501087950242158
253.43324150000262,0.0,0.0,0.0,-8.50619976187429e-07,-2.6225225887878906e-06,-0.0005617126360046659
253.48625909999828,0.0,0.0,0.0,-6.265440010753253e-07,-1.6558637285739318e-06,-0.0005661393613479389
253.52987620000204,0.0,0.0,0.0,-9.70996938752675e-07,-8.412180581423047e-07,-0.0005681066481394135
253.58649680000235,0.0,0.0,0.0,-1.0053448542789904e-06,-7.306913861441081e-07,-0.0005688801815194023
253.63590169999952,0.0,0.0,0.0,-1.0245842589794392e-06,-7.659855038484659e-07,-0.0005691724444515091
253.68600139999762,0.0,0.0,0.0,-1.038203041473649e-06,-7.429176689930843e-07,-0.0005693068480020351
253.733332900003,0.0,0.0,0.0,-1.0460082293260686e-06,-7.272122125715759e-07,-0.0005693741696521299
253.78407239999797,0.0,0.0,0.0,-1.0505053247134124e-06,-7.189784373594157e-07,-0.0005694124141796549
253.83452019999822,0.0,0.0,0.0,-1.0532800923818862e-06,-7.141386270696222e-07,-0.0005694381311136024
253.885094199999,0.0,0.0,0.0,-1.0551495147412524e-06,-7.110968168901623e-07,-0.0005694582139309483
253.9293084000019,0.0,0.0,0.0,-1.0565022211967368e-06,-7.09108231478144e-07,-0.000569475532148153
253.98160620000272,0.0,0.0,0.0,-1.0575431449029217e-06,-7.077790766864986e-07,-0.0005694913236919604
254.03875690000132,0.0,0.0,0.0,-1.058381803974921e-06,-7.068827924600687e-07,-0.000569506161744221
254.08377869999822,0.0,0.0,0.0,-1.0590764840843657e-06,-7.062949689412737e-07,-0.0005695203322233263
254.12763619999896,0.0,0.0,0.0,-1.059668342683564e-06,-7.059215207044373e-07,-0.0005695340024013694
254.17808330000116,0.0,0.0,0.0,-1.0601817466217193e-06,-7.057199379362724e-07,-0.0005695472714465252
254.23710440000286,0.0,0.0,0.0,-1.0606361851943883e-06,-7.05642174614677e-07,-0.0005695602129127291
254.28542259999813,0.0,0.0,0.0,-1.0610418992865283e-06,-7.05665256149035e-07,-0.0005695728769974853
254.33153770000354,0.0,0.0,0.0,-1.0614068995545748e-06,-7.057657087880137e-07,-0.0005695853046410218
254.381086100002,0.0,0.0,0.0,-1.0617409120926875e-06,-7.05939266078543e-07,-0.0005695975241095788
254.4362798000002,0.0,0.0,0.0,-1.0620462811857838e-06,-7.0616549827824e-07,-0.0005696095640062576
254.48176160000003,0.0,0.0,0.0,-1.0623306229407238e-06,-7.064364354900919e-07,-0.0005696214454403296
254.52611869999964,0.0,0.0,0.0,-1.0625940191692156e-06,-7.067506844086748e-07,-0.000569633183682796
254.5886279000042,0.0,0.0,0.0,-1.0628400956240705e-06,-7.070973882497327e-07,-0.0005696447960838638
254.62664190000214,0.0,0.0,0.0,-1.0630726831383827e-06,-7.074721049473937e-07,-0.0005696562953597358
254.68676360000245,0.0,0.0,0.0,-1.0632907923588776e-06,-7.078733489243301e-07,-0.0005696676915332368
254.73605520000274,0.0,0.0,0.0,-1.063498065183185e-06,-7.082992548062965e-07,-0.0005696789943587659
254.78374360000453,0.0,0.0,0.0,-1.0636951019338064e-06,-7.087451493262004e-07,-0.000569690213028249
254.83423069999844,0.0,0.0,0.0,-1.0638837284988922e-06,-7.092068019226375e-07,-0.0005697013556311824
254.88071990000026,0.0,0.0,0.0,-1.0640624334404367e-06,-7.096846226058635e-07,-0.0005697124283029341
254.9321878999981,0.0,0.0,0.0,2.670101565682856e-05,0.001068433314670254,-0.0003591047428732726
254.98613150000165,0.0,0.0,0.0,0.00012546636347530814,0.008319195607634503,5.9458016309089596e-05
255.03585759999987,0.0,0.0,0.0,9.323584767232302e-06,0.0010486228046969308,-2.5877810186132196e-05
255.088513900002,0.0,0.0,0.0,3.3133684015245687e-06,-1.867562217941393e-05,6.556924482241307e-05
255.13123590000032,0.0,0.0,0.0,-2.276834237817066e-05,-0.0019093901706609168,-5.623115133331627e-05
255.18523640000058,0.0,0.0,0.0,1.5306390677988077e-05,0.0013674456843446577,-9.252890903040402e-05
255.23497320000024,0.0,0.0,0.0,3.598947307235507e-06,0.00030655427804535156,-0.00014414407423296596
255.27840989999822,0.0,0.0,0.0,9.460236379054052e-06,0.0009206125133663409,-0.00014760966482418338
255.33513220000168,0.0,0.0,0.0,-7.607367399157399e-06,-0.0005853035606264766,-0.00015000538323562256
255.3843304999973,0.0,0.0,0.0,-3.416013337652392e-06,-0.00032701964405371456,-0.00012324737479904425
255.42594480000116,0.0,0.0,0.0,-2.0675313857271523e-05,-0.0014807890116777939,-0.00010898660538272336
255.48416179999913,0.0,0.0,0.0,1.4755059857169792e-05,0.0010457813061824778,-0.00018842867617568953
255.5365227000002,0.0,0.0,0.0,4.929307931351881e-07,-0.00024108430359025696,-0.00012750129452836285
255.57738619999873,0.0,0.0,0.0,1.5028774416124244e-05,0.0010416886090047987,-7.193785858692032e-05
255.62760420000268,0.0,0.0,0.0,-5.427361848657114e-07,-7.491927763141443e-05,-3.664528048877004e-05
255.6865758999993,0.0,0.0,0.0,-9.048834710113538e-06,-0.00039693372479141924,-0.00018813879363038113
255.73112910000054,0.0,0.0,0.0,3.786796639536396e-06,0.0007657731435591047,-0.0002187301458764283
255.77752319999854,0.0,0.0,0.0,-1.3274297373267577e-05,-0.0011130785031354478,-0.00018378194268849415
255.82780740000453,0.0,0.0,0.0,9.327927423237963e-07,0.00014017723556307988,-0.00021079883209152873
255.88037710000208,0.0,0.0,0.0,-8.95188226689552e-06,-0.0002914697833699589,-0.0001568318793681997
255.9375943999985,0.0,0.0,0.0,1.0243404476267702e-05,0.00041505070008441755,-8.469823706476415e-05
255.98375110000052,0.0,0.0,0.0,-3.731192127804063e-06,-0.00019004591652086665,-0.0001326787852456083
256.0325410000005,0.0,0.0,0.0,-4.4563534828232015e-06,-0.0004157538872826964,-0.00022815381786833435
256.0858320999978,0.0,0.0,0.0,-6.076674653191859e-07,-2.0515216847194222e-05,-0.0001740367088911695
256.12834309999744,0.0,0.0,0.0,1.6246178641629755e-05,0.001194493125166085,-0.00014470445617568797
256.17910490000213,0.0,0.0,0.0,-5.146763957051275e-06,-0.0005439332439887525,2.7367330222456476e-05
256.2368830999985,0.0,0.0,0.0,-7.355052730854419e-06,-0.0003900803343591898,-0.00011854299136723683
256.286615099998,0.0,0.0,0.0,-8.863912454734557e-06,-0.000356268723023174,-0.00013040697575323064
256.3353294000044,0.0,0.0,0.0,2.1627107649311043e-05,0.0013329386813440854,-0.00017915307949408388
256.3799943999984,0.0,0.0,0.0,1.6008713444518298e-06,0.00013291701220763665,-0.00023447186140545617
256.43467429999873,0.0,0.0,0.0,-9.42266150611872e-06,-0.0008285515487664145,-0.00012340374584494292
256.48428769999737,0.0,0.0,0.0,9.94750031609565e-06,0.0010143379868792417,-0.00021271288329641457
256.5273574000021,0.0,0.0,0.0,-2.0434006331238506e-05,-0.0015184494334286288,-0.00026364130485500865
256.5798802999998,0.0,0.0,0.0,1.5513244806740054e-05,0.0009527674004451952,-0.0001272406934833445
256.63608029999887,0.0,0.0,0.0,-4.069287530140282e-06,-0.0003176664687990318,-0.0001077228617047218
256.68561839999893,0.0,0.0,0.0,8.100014856502038e-07,3.9855368375914534e-05,-7.105459631166937e-05
256.7362742000041,0.0,0.0,0.0,-7.927484145191037e-06,-0.0006632952277114285,-0.0001464416788318606
256.7868051999976,0.0,0.0,0.0,2.3667293871020058e-06,0.0003110860149648241,-0.0002114576468366035
256.8374926000033,0.0,0.0,0.0,-7.1218917406193755e-06,-0.0005982952110702499,-0.00020247550793774132
256.88591910000105,0.0,0.0,0.0,9.126939510237188e-06,0.0009635477238216413,5.147717138216555e-05
256.9282766000033,0.0,0.0,0.0,-2.2526356705739498e-05,-0.008238177764233353,-0.013712664133423043
256.9833033000032,0.0,0.0,0.0,-0.00041398021289469215,-0.012786321434020446,-0.08634466231707737
257.0365501999986,0.0,0.0,0.0,-0.00033440072852403125,0.0032712750056485855,-0.16361688638659622
257.0856014000019,0.0,0.0,0.0,-0.0006670145623765432,-0.002431729908334641,-0.21906734570841446
257.13405169999896,0.0,0.0,0.0,-0.0008145777115523688,0.007686680643334535,-0.2439284781671551
257.18133690000104,0.0,0.0,0.0,-0.0007924739576984541,-0.0016733661765967335,-0.24194593348694965
257.2372591000021,0.0,0.0,0.0,-0.00015829248828127753,0.0016938816083974604,-0.22177670097184965
257.2846348000021,0.0,0.0,0.0,-0.000757949624310766,0.00017063773855439073,-0.1946720246448571
257.3289375000022,0.0,0.0,0.0,-4.683396953837082e-05,0.006436279725613831,-0.07020025653914666
257.3785891000007,0.0,0.0,0.0,0.0009063793399616489,-0.002990027109400569,0.09702541862007263
257.4377267000018,0.0,0.0,0.0,0.0009452689685667966,0.005298034289016837,0.2870342793072709
257.485268000004,0.0,0.0,0.0,0.001420253439918734,-0.00892655362696972,0.5136847508843791
257.5243716000041,0.0,0.0,0.0,0.0010503380888613912,0.008207643701533053,0.6358057880819791
257.57855050000217,0.0,0.0,0.0,0.0010893739679385722,-0.0016253608916547814,0.6416801141047646
257.63465749999887,0.0,0.0,0.0,0.0007598017152895893,0.004435480486749846,0.6225458327894788
257.6802502999999,0.0,0.0,0.0,0.0010698518149186674,-0.007231530196405515,0.5973642271309517
257.73723880000034,0.0,0.0,0.0,0.000783965794831689,0.004692948309729154,0.5900814783891493
257.786689200002,0.0,0.0,0.0,0.000813924377112903,0.0018412053072005313,0.6053523482624427
257.8327591999987,0.0,0.0,0.0,0.0010491492441021889,-0.0022501709948751746,0.6253097403109493
257.88822159999836,0.0,0.0,0.0,0.0010356704170962716,-0.000910975965864498,0.6491705652217203
257.93479169999773,0.0,0.0,0.0,0.0010106473750215712,0.0026720554793302612,0.6830694238536004
257.9833665000042,0.0,0.0,0.0,0.0006244536245191645,0.007995809852365776,0.6831198712110086
258.0266077999986,0.0,0.0,0.0,0.000564666019482558,0.0010324300197250412,0.6599863451166963
258.08577530000184,0.0,0.0,0.0,0.0006257138296561265,-0.0007819113470264186,0.6320152836858884
258.12586210000154,0.0,0.0,0.0,0.0006304501044640785,0.0001224223144058666,0.601469711228675
258.18222239999886,0.0,0.0,0.0,0.00047493167050570884,0.0008196256014757359,0.5696360090640914
258.22886429999926,0.0,0.0,0.0,0.00042098583746033016,-0.00043399459989843756,0.538598321070295
258.27960950000124,0.0,0.0,0.0,5.123329867111266e-05,-0.000790354634152247,0.49710321938010976
258.3284055999975,0.0,0.0,0.0,0.0008806481325320981,-0.00904577667139612,0.4805327235474096
258.3747216999982,0.0,0.0,0.0,0.0011223164722643838,-0.0005289458229221727,0.6057409733020955
258.42470719999983,0.0,0.0,0.0,0.0013839004234332435,-0.001901289041523629,0.7492122681138149
258.4760776999974,0.0,0.0,0.0,0.0013471166598137947,-4.347225519012799e-05,0.8864831323567703
258.5281418000013,0.0,0.0,0.0,0.0011914915435755798,-2.28327991092627e-05,0.8126664689011026
258.5746857999984,0.0,0.0,0.0,0.0009381829018709914,-0.0008825224478845864,0.579675670815586
258.6251951000013,0.0,0.0,0.0,0.0007845962722481353,-0.0017269655115461499,0.3415606029533538
258.6756194000045,0.0,0.0,0.0,0.00010017315513327589,-0.004454271194669031,0.09586424269275279
258.72670520000247,0.0,0.0,0.0,0.0001183881293810683,-0.0027137273742530426,0.0010556652040495924
258.77535470000294,0.0,0.0,0.0,8.419808097679795e-05,0.00023676960689097577,-0.0003561244913733501
258.8261963000041,0.0,0.0,0.0,-2.2805871267042616e-05,-1.5916921636589584e-05,-0.0003897836022767584
258.875366100001,0.0,0.0,0.0,-5.379382924391263e-05,-0.0001597245618838272,-0.00041121536758940644
258.9272520000013,0.0,0.0,0.0,6.361577313255757e-05,0.00020389522303775138,-0.00011418984812846977
258.9761179999987,0.0,0.0,0.0,7.022300503559421e-05,4.3224149488034505e-05,7.258770905137988e-07
259.0265999999974,0.0,0.0,0.0,-9.141809033530461e-05,-0.00017446382739081453,2.879391512195153e-05
259.0750358000005,0.0,0.0,0.0,1.7676786943926518e-05,0.00010179404431380433,-0.0002678868150947987
259.1252134000024,0.0,0.0,0.0,-6.177117062363457e-05,-4.127679051689408e-06,-0.00024037544682789486
259.1754299000022,0.0,0.0,0.0,6.759049198532464e-05,2.359105056365405e-05,-0.00022289410494043098
259.2257438000015,0.0,0.0,0.0,-1.5067760223067839e-06,8.326855908253074e-05,-5.631898866257133e-05
259.27552920000016,0.0,0.0,0.0,-0.00012063334113187672,-0.0005739734294292377,-0.00033582970138750005
259.32466209999984,0.0,0.0,0.0,0.00014232980529004028,0.00017739823522016236,0.00011350575352358312
259.3755842000028,0.0,0.0,0.0,-2.9184065161901107e-05,-8.788758091257002e-05,8.780764213076197e-05
259.42510120000225,0.0,0.0,0.0,3.840027525411703e-05,0.00014325371286568896,-2.518029705780654e-05
259.47595210000145,0.0,0.0,0.0,-9.542580870599697e-05,-0.0002268124582487259,-0.0001382307329419856
259.5258013999992,0.0,0.0,0.0,-6.274488124664653e-05,0.0008659750304035648,1.8968554109135402e-05
259.58146860000124,0.0,0.0,0.0,4.666786792246869e-06,-0.0005482406914003482,0.00012585010524740082
259.63337740000134,0.0,0.0,0.0,8.556904730947502e-05,-9.35445972385579e-05,-7.955709424619285e-06
259.685118100002,0.0,0.0,0.0,-6.763328581647831e-05,-0.00020968227116997893,7.581438549252765e-05
259.73753350000334,0.0,0.0,0.0,-1.4666951734757632e-05,0.0002682876366905539,0.00016302670836044426
259.7858836000014,0.0,0.0,0.0,4.429246078533691e-05,0.0003078191659742962,-0.00018508406064200272
259.82948690000194,0.0,0.0,0.0,-3.853651279200134e-06,0.00018443904061283753,5.251481081477173e-05
259.8852154999986,0.0,0.0,0.0,6.752777128686262e-05,-0.0006178973014018172,-0.00018736715232858927
259.934139099998,0.0,0.0,0.0,6.177906681898099e-05,4.8074871039568395e-05,-0.0001806773383351719
259.9802056000044,0.0,0.0,0.0,-6.327988273061502e-05,6.469237847015272e-05,-0.00036204753925477164
260.03196670000034,0.0,0.0,0.0,1.1271524865700365e-05,5.8386940174994396e-05,-8.8686620568906e-05
260.0828354000041,0.0,0.0,0.0,-1.552174003803999e-05,-5.8509656860848495e-05,-4.241615725341706e-06
260.1362967000023,0.0,0.0,0.0,-7.497414179774891e-05,8.826514115720123e-06,-2.8256614231253915e-05
260.176478100002,0.0,0.0,0.0,9.326286814720915e-06,0.00018782168379361216,-3.7768036277013303e-06
260.23702950000006,0.0,0.0,0.0,7.484706940537214e-05,-9.747355281697071e-05,-5.4807112072852035e-05
260.28599000000395,0.0,0.0,0.0,3.5627669468419214e-05,-0.00011816975938825463,-0.00013073974772684775
260.33230000000185,0.0,0.0,0.0,-0.00010019087004204664,0.0005023491130496564,-0.00022791264222606956
260.38468360000115,0.0,0.0,0.0,8.249189041760539e-06,0.00017312349605268885,-0.0003045161372184909
260.4365872999988,0.0,0.0,0.0,2.4871902031912116e-05,-0.0007011683955955302,1.5840415460799716e-05
260.48503200000414,0.0,0.0,0.0,-2.5136377293119576e-05,-7.459921625717683e-05,-2.329077070774747e-05
260.5302262999976,0.0,0.0,0.0,-5.507856909357741e-05,-0.0003799934762339122,0.00017540824941671048
260.5793515999976,0.0,0.0,0.0,1.497267632153514e-05,7.191937904567026e-05,9.535448764798574e-05
260.63873720000265,0.0,0.0,0.0,-1.2469394947307076e-05,0.0002495113062595811,-0.00015397825822385957
260.6880772000004,0.0,0.0,0.0,-9.50480841516114e-06,-0.00016714088197233179,-0.0002162490050960224
260.731120000004,0.0,0.0,0.0,3.333181111555855e-05,0.00015409635304992002,-2.771114373942665e-05
260.78782689999935,0.0,0.0,0.0,-6.750513688181574e-05,-0.00026810153117679144,-6.486443178574446e-06
260.8393589999978,0.0,0.0,0.0,8.419080569197228e-05,2.938559581153187e-05,-8.769947710782528e-05
260.8906543999983,0.0,0.0,0.0,-4.496302232733921e-05,2.83498788856066e-05,-0.00013714668451187434
260.9343695999996,0.0,0.0,0.0,-1.397550355998726e-05,-0.00014020023073325015,3.430835576006775e-05
260.98407569999836,0.0,0.0,0.0,4.793838824157352e-05,0.0004700249491403079,-2.2944062231899222e-05
261.03615929999796,0.0,0.0,0.0,2.8031589209616152e-05,-0.00021890659481916408,6.118580409206087e-05
261.0855410000004,0.0,0.0,0.0,-5.5690483811587456e-05,-2.2442433109882048e-05,-0.0003082301980265067
261.133305299998,0.0,0.0,0.0,7.819186518598732e-06,-0.00011623357420658425,-5.6633837561074686e-05
261.18502750000334,0.0,0.0,0.0,5.263538252647071e-05,8.151918300059149e-05,1.4583350376404228e-05
261.2365265000044,0.0,0.0,0.0,2.1717329703075994e-05,8.49420286517137e-06,0.00018315455121438787
261.2839213000043,0.0,0.0,0.0,-4.1742778620061005e-05,0.00034788002133832624,-4.7385770615321014e-05
261.3356539000015,0.0,0.0,0.0,1.938909530362623e-05,-0.00031616421891425333,0.00018036271121560428
261.378314900001,0.0,0.0,0.0,-8.765476570199791e-07,0.000241105268995693,0.0001604484124926621
261.43705169999885,0.0,0.0,0.0,-5.760973862074016e-05,-0.00025764451997011944,-0.0003355759056387292
261.4828133999981,0.0,0.0,0.0,5.8732763939245325e-05,0.00019315830915746254,9.363201197715984e-05
261.53496380000433,0.0,0.0,0.0,-2.7098234309958646e-05,-0.00018586486156443578,-0.00019118960401333403
261.5774883999984,0.0,0.0,0.0,-1.1202564752105155e-05,-0.00010003183477083383,-0.00014444184537526074
261.628209399998,0.0,0.0,0.0,0.00035038173111351167,0.0008875407297905066,0.1384468528703116
261.6839792000028,0.0,0.0,0.0,4.6851877820861955e-05,0.0007642403907729897,0.11029712323316926
261.7402807000035,0.0,0.0,0.0,0.00031045391693525833,-0.00124117630341975,0.14502964431310605
261.78118299999915,0.0,0.0,0.0,0.0005298051789511199,-0.0003966607921955116,0.3994667871246426
261.83258410000417,0.0,0.0,0.0,0.001399395079234682,0.00021626881069431426,0.6573553474990752
261.87684250000166,0.0,0.0,0.0,0.0023317697966074736,0.001759980394059809,0.912510294251508
261.9269407000029,0.0,0.0,0.0,0.0015807123978084532,-0.00020127772832170606,1.1339348207414657
261.98344070000167,0.0,0.0,0.0,0.0021252788712860754,0.0018357202717184803,1.1347655383789481
262.0331213000027,0.0,0.0,0.0,0.00172782612291,-0.00012246262756381737,1.0801615729992833
262.0790763000041,0.0,0.0,0.0,0.0019209806103419194,-0.0015363414656048716,1.0170417230404405
262.1305601999993,0.0,0.0,0.0,0.0018864808987388544,-0.0006916963632837287,0.9577281744199205
262.18462120000186,0.0,0.0,0.0,0.001824482705521806,0.001751233398972055,0.9350420269638087
262.2323619000017,0.0,0.0,0.0,0.002751864152834508,-0.0003155257662104786,0.931600635689114
262.2857426999981,0.0,0.0,0.0,0.0021316788475186023,-0.005319922653519463,0.8248058645076977
262.3373217000044,0.0,0.0,0.0,0.0016066993943360686,-0.0009299718598079752,0.7772873097613452
262.3807369999995,0.0,0.0,0.0,0.0017686739076559093,-4.696746552315659e-05,0.7377690173467142
262.4315760000027,0.0,0.0,0.0,0.001525964840661993,0.0003373036736448341,0.7004554774932628
262.4869327999986,0.0,0.0,0.0,0.0016698707136386767,-5.4010635486650464e-05,0.668726595234021
262.5345662000036,0.0,0.0,0.0,0.0018690483143496018,1.2476935966958342e-06,0.6400534436562901
262.5801247999989,0.0,0.0,0.0,0.00112265910517722,-0.007577970827097254,0.6410692486745231
262.6389291000014,0.0,0.0,0.0,0.0012623132769443647,0.0036701847316925884,0.6319739620519986
262.6805452999979,0.0,0.0,0.0,0.0013919815168822601,0.0015211726624444958,0.6306143389456234
262.734547,0.0,0.0,0.0,0.0015003329802784082,-0.0002334111132374797,0.645019161312132
262.7827537999983,0.0,0.0,0.0,0.0012212764130423042,0.021090020571248747,0.6406832410590761
262.82937949999905,0.0,0.0,0.0,0.0013545431396612057,-0.005623616076846847,0.5189463977948323
262.8864109999995,0.0,0.0,0.0,0.0005032866629002661,0.0031881324597561054,0.34043224352901363
262.933042800003,0.0,0.0,0.0,0.0002488892299287058,-0.001392667346616172,0.156309240999641
262.9845945999987,0.0,0.0,0.0,-0.0004888808890167051,-0.005417779118071484,0.004990994155879712
263.03442820000055,0.0,0.0,0.0,-0.0002169973219646212,-0.0013757883006764275,-0.003839225142463534
263.08180110000103,0.0,0.0,0.0,-0.00012144698671275846,-0.0003482807631105959,-0.0017083220713536116
263.13039630000276,0.0,0.0,0.0,-4.57284966408272e-05,0.0001638577599758899,-0.0004988499317510456
263.17848770000273,0.0,0.0,0.0,5.1583385935051824e-05,8.587378814753661e-05,4.7959422039006417e-05
263.2286965000021,0.0,0.0,0.0,-2.9181326678659642e-05,-0.000502900897951925,0.00029802895180861157
263.2763288999995,0.0,0.0,0.0,-3.3307357339096015e-05,6.5932517920578546e-06,0.00025754575340013273
263.3374507999979,0.0,0.0,0.0,-2.367335604163326e-06,0.00020417771106905479,0.0003236815119287599
263.37798479999765,0.0,0.0,0.0,-7.435798892680956e-06,-0.0001275359045951976,7.540523893336234e-05
263.43893760000356,0.0,0.0,0.0,2.0454940702190817e-05,0.00024258805677262912,0.0002943307334513055
263.4841187999991,0.0,0.0,0.0,3.825732916801143e-06,-0.00036211132910771306,0.00014540680108207667
263.5360639999999,0.0,0.0,0.0,3.989645958367945e-06,0.0003250502305466375,-0.0003256631024565219
263.58489700000064,0.0,0.0,0.0,2.0976362495854193e-05,-3.4346020438339505e-06,0.00012269985767632258
263.63742679999996,0.0,0.0,0.0,4.7544254916761044e-05,0.0001774471942464656,-0.00019026064511231338
263.67845970000053,0.0,0.0,0.0,-8.767582492061817e-05,-0.0005259973288621707,-7.379127157867787e-05
263.73347400000057,0.0,0.0,0.0,1.1668600235678544e-05,0.0004529222399517809,-9.7067458663905e-05
263.77794639999775,0.0,0.0,0.0,2.416297725279299e-05,0.00024368335839760187,-0.00011598667633534455
263.83593819999805,0.0,0.0,0.0,0.00014526183175022207,0.0002543220843739068,-5.4202439316255676e-05
263.8838203999985,0.0,0.0,0.0,-9.297275284445089e-05,-0.000531254495832539,-0.00010636744782399184
263.92588439999963,0.0,0.0,0.0,6.204498565397992e-05,0.00030283307849751976,-0.00016610850483586025
263.98069280000345,0.0,0.0,0.0,-9.024798789473221e-05,-0.0001331414124433116,-3.262219231305531e-05
264.02919010000187,0.0,0.0,0.0,-3.103474512351668e-05,-0.00010385794862263084,-6.387998426486799e-05
264.08596319999924,0.0,0.0,0.0,4.339405641039028e-06,-0.00022177510550838245,1.8279767524266452e-05
264.12595110000257,0.0,0.0,0.0,-4.444932362309394e-07,0.00012393757881956152,-0.0002300393060583344
264.18388860000414,0.0,0.0,0.0,2.257840701983459e-05,7.311056099993876e-05,-0.0001519344063119396
264.23566479999863,0.0,0.0,0.0,4.07003570566757e-05,1.2459040727935466e-05,-1.5525207921202714e-05
264.2816712999993,0.0,0.0,0.0,-5.037307600616119e-05,-0.00012523133398636198,4.884300311414238e-05
264.3318559000036,0.0,0.0,0.0,-1.5938058777045777e-05,-0.00018197548677966526,0.0001307631129520116
264.3855973000027,0.0,0.0,0.0,3.090583313621785e-05,0.0006531501869471189,-3.495820077601541e-05
264.4334333000006,0.0,0.0,0.0,-4.28285596339795e-05,-0.0006263787529763897,0.00023128897248739152
264.48645150000084,0.0,0.0,0.0,-4.017017466630157e-06,5.146102476064644e-05,-2.2162768277139748e-05
264.5281413999983,0.0,0.0,0.0,-5.8817489607784145e-06,-1.8954716207373727e-05,-9.102252241138764e-05
264.5855959000037,0.0,0.0,0.0,1.7925578754250662e-05,0.00042625993770783777,7.14047528411445e-05
264.6255502999993,0.0,0.0,0.0,1.0775760385976114e-05,7.912137579799912e-06,0.00011822027975335318
264.67983280000044,0.0,0.0,0.0,-1.1672280197712522e-05,-0.00032911561403543664,-5.797916661183467e-05
264.73245529999986,0.0,0.0,0.0,2.5638458233937622e-05,4.944747455492201e-05,-0.0001022767193100271
264.7845890000026,0.0,0.0,0.0,-3.7721163822442245e-05,-8.052635977579535e-05,-8.039254942325709e-05
264.83516950000194,0.0,0.0,0.0,2.1406673541788723e-05,-0.00017746747151004913,-0.0003318180035734963
264.8840940000009,0.0,0.0,0.0,2.6541404524818328e-05,2.241203721450121e-05,-0.00019017462722726558
264.9352388999978,0.0,0.0,0.0,2.043783226218818e-05,0.0003257400923035428,-0.00011258297329019333
264.97859120000066,0.0,0.0,0.0,-2.5929949606288025e-05,-0.0004577469339039198,-0.0002820843233145262
265.02822910000395,0.0,0.0,0.0,-2.6271816577040144e-05,-0.00012268337462630944,-0.00013431325912107757
265.0824955999997,0.0,0.0,0.0,-9.386781285831377e-06,0.0001726748804142763,-3.83590427546658e-05
265.136668799998,0.0,0.0,0.0,-2.5390413292094476e-06,-0.0002804195919902027,-0.00019557412048819682
265.18434929999785,0.0,0.0,0.0,7.4060939018972365e-06,0.0003481924959796541,3.18723867884068e-05
265.2341213000036,0.0,0.0,0.0,6.333732742255767e-05,0.0006127723057281005,3.694053618290426e-05
265.28469549999863,0.0,0.0,0.0,-5.066291088308551e-05,-0.0002395959814235011,0.00015855848218668101
265.3360481999989,0.0,0.0,0.0,7.754562184030892e-05,0.0001243919489459329,9.770143749218325e-05
265.38560710000456,0.0,0.0,0.0,-7.70598518700251e-05,-0.000452101175151009,5.2600430646351605e-05
265.43255150000186,0.0,0.0,0.0,3.338240019940656e-06,-6.957099196975515e-06,0.00013976698762373585
265.4839323999986,0.0,0.0,0.0,-6.647965643935062e-06,-3.0164632159473153e-05,7.000807799149294e-05
265.52895590000116,0.0,0.0,0.0,-3.6990169149777782e-06,-6.860632618105492e-06,0.00020426789311739837
265.58158990000084,0.0,0.0,0.0,4.1541205115335775e-05,0.0003004820584606664,6.785396231557605e-05
265.6297873000003,0.0,0.0,0.0,-3.0369573720435285e-05,-0.00010361946717902258,3.0405123850377065e-05
265.689028599998,0.0,0.0,0.0,6.761653391981588e-05,0.0002570613029156331,-0.0001997105524428236
265.73272449999786,0.0,0.0,0.0,-5.447853108896927e-05,-0.00030760764861959987,0.0001508620412797622
265.7785717000006,0.0,0.0,0.0,-2.5404219712737488e-05,-6.247278102904558e-05,0.00013595555588097552
265.82604790000187,0.0,0.0,0.0,6.491792042892478e-05,0.0002929112538415612,0.00014205305735899391
265.8832132000025,0.0,0.0,0.0,-2.6801392362905146e-05,-2.245057263822202e-05,0.00027841504519564655
265.9344648999977,0.0,0.0,0.0,1.761929818766854e-05,0.00024572995619203807,0.00020142722367238937
265.9807263000039,0.0,0.0,0.0,-3.213928124270633e-05,0.00010251049917212327,0.0001216026822030416
266.03598330000386,0.0,0.0,0.0,4.050451083311861e-05,-0.0003339413995325088,9.832396643456902e-05
266.07634430000326,0.0,0.0,0.0,-3.7533070709261533e-05,-0.0004788343208454348,-0.0001324828648819174
266.1326248999976,0.0,0.0,0.0,-2.6490429129059753e-05,7.719398330891746e-05,-0.0001501542540998693
266.1865137999994,0.0,0.0,0.0,-1.1901667486274898e-05,-0.00017141621469515665,0.00012587397954426293
266.2378783000022,0.0,0.0,0.0,5.0329556248754704e-05,0.000618575444286635,0.00016238102379824526
266.2786578000014,0.0,0.0,0.0,1.000570199754246e-05,-0.0005851589575460575,0.0001650628604476469
266.3338853000023,0.0,0.0,0.0,-2.0552341091780016e-06,0.0002506951582460794,-0.0002180075546904936
266.38584690000425,0.0,0.0,0.0,-1.9716314123635685e-05,-0.00014677852177172708,-0.0001539970001499555
266.4276725000018,0.0,0.0,0.0,-1.2813306230203492e-05,-3.560581508492061e-05,-0.00013901767303890685
266.48269840000285,0.0,0.0,0.0,3.9052789572494136e-05,0.0005008329316617434,-8.77596122689283e-05
266.53040680000413,0.0,0.0,0.0,-2.532071516337511e-05,-0.0006438537788420929,-0.00017690386181775134
266.5841187000042,0.0,0.0,0.0,0.00015102937166141118,0.001043368224313782,0.00045771571005388535
266.6389980000022,0.0,0.0,0.0,-0.00010087513806927314,-0.00033180135050420563,-0.00030127469002695525
266.6795818000028,0.0,0.0,0.0,-9.962420911076694e-05,-0.0005208648448165098,-9.156393082273664e-06
266.7354908999987,0.0,0.0,0.0,0.00032650749225053804,0.0006924040444795011,8.707212995561092e-05
266.78809600000386,0.0,0.0,0.0,-0.0002899758818215669,-0.0003473392986776867,-3.857496005951002e-06
266.8357474000004,0.0,0.0,0.0,-2.379215521181661e-05,8.706077444795086e-05,6.106158018709931e-05
266.8794382999986,0.0,0.0,0.0,2.482375246737142e-05,5.837571152359091e-05,9.378766813950626e-05
266.93006089999835,0.0,0.0,0.0,-1.7860208514778067e-05,-0.0005483383697163889,7.74139765659956e-05
266.98575690000143,0.0,0.0,0.0,4.554082555347919e-05,0.0005803424899633739,0.00017066145302889224
267.0343106,0.0,0.0,0.0,-3.0048683889395483e-05,-0.00014067455669096568,0.00023676992736255037
267.08554330000334,0.0,0.0,0.0,4.6655085744946516e-05,-3.0080254158296538e-05,0.0001672988101960051
267.13346889999957,0.0,0.0,0.0,-6.6119001547840345e-06,0.00013198867726823584,9.690935760375767e-05
267.1801697999981,0.0,0.0,0.0,-5.7097578677992296e-05,-0.0007244814450147643,-0.00013139867938228642
267.23514779999823,0.0,0.0,0.0,6.778007986676387e-05,0.00024512277422013615,-0.00013921511223837012
267.2873010999974,0.0,0.0,0.0,-5.498357472926591e-05,-8.644261734734594e-05,-6.261275136199403e-05
267.3337477000023,0.0,0.0,0.0,1.3254866516805475e-05,-0.00017477311246070227,-0.0001805805551812139
267.3872482000006,0.0,0.0,0.0,-1.4929273061697385e-06,0.00036000074227814555,-0.00012141246507508406
267.426635900003,0.0,0.0,0.0,-2.831505563837158e-05,-0.00030467038649669185,-0.00016228741513066034
267.4865676000045,0.0,0.0,0.0,8.184270407804314e-06,-5.813724982522236e-05,-0.00013096810149033575
267.5277733999974,0.0,0.0,0.0,1.222057086866698e-05,2.2396416037534938e-06,-0.00016071948790073566
267.5768986999974,0.0,0.0,0.0,-1.4038005680303624e-05,0.0001648422760500849,-1.7164991569294792e-05
267.63416940000025,0.0,0.0,0.0,-3.9610333725706954e-06,0.00010134011669400238,0.000332591395944206
267.68769269999757,0.0,0.0,0.0,1.3303387914013053e-05,0.00016990185418663332,-0.0001535340262176152
267.7358110999994,0.0,0.0,0.0,2.632667068408087e-05,5.081436996839143e-05,-4.632579551318719e-05
267.7849397000027,0.0,0.0,0.0,-3.912745978378951e-05,-6.84839307844294e-05,-7.457812153393925e-05
267.82793839999795,0.0,0.0,0.0,4.551252857419889e-05,0.0002890779653763917,-7.551430812173524e-06
267.8774239999984,0.0,0.0,0.0,-1.0241229586694161e-05,0.0002029592789551229,-4.246931634456294e-05
267.94190589999926,0.0,0.0,0.0,-2.0491309699301104e-05,-0.0004636252015695283,-0.00015980766414326928
267.9830127000023,0.0,0.0,0.0,0.00011425631434453402,0.0007813129611366624,8.362886658804182e-05
268.0314466999989,0.0,0.0,0.0,-0.00013619167862418216,-0.0008233393454632617,-0.0001731822584910193
268.08919089999836,0.0,0.0,0.0,2.8905540803170412e-05,0.0003272665367173406,-1.9994934113634085e-05
268.13977370000066,0.0,0.0,0.0,3.0949341671382035e-05,-6.379405971570868e-05,-0.00010102111214548727
268.18028849999973,0.0,0.0,0.0,-3.014351332014772e-05,-0.0005124151481229115,-0.00010435658295280024
268.2352780000001,0.0,0.0,0.0,3.563354867829029e-05,0.00022817707040781655,-0.0001184633344597701
268.2862518999973,0.0,0.0,0.0,1.2077867154258708e-05,-0.00014471337175745176,-0.00016291158215430186
268.3347982999985,0.0,0.0,0.0,-4.703919457331462e-05,-0.00010978538869461075,-9.816350855367613e-05
268.3852767999997,0.0,0.0,0.0,0.00028336806114416123,0.000801856893332756,0.000125440916779093
268.4347362000044,0.0,0.0,0.0,-0.00023186703463799893,-0.0003932920004446874,-0.0002505918942981595
268.4877964999978,0.0,0.0,0.0,0.00011958566866609644,0.0002696942528005248,-0.0002945808139954463
268.533351099999,0.0,0.0,0.0,-0.00015579098755104997,-0.0006678483209568177,-7.204037207134148e-05
268.58673290000297,0.0,0.0,0.0,-5.9983954154048894e-05,-0.00016651916604468309,9.737157905031602e-06
268.63717010000255,0.0,0.0,0.0,1.156022944483139e-05,0.00012233010461232285,-3.031130207680609e-05
268.6864418000041,0.0,0.0,0.0,3.837863054750303e-06,4.070857637310718e-05,0.00012176233630052111
268.7376657999994,0.0,0.0,0.0,3.0954833508383545e-05,0.00029932452744215994,-7.967998247384561e-05
268.7889797000025,0.0,0.0,0.0,5.756820640697074e-05,0.0002910489385245264,-0.00021676333388778518
268.83692310000333,0.0,0.0,0.0,-5.389036372532423e-05,-0.00022528206665531458,-0.00020190098116797128
268.88441669999884,0.0,0.0,0.0,3.158528154986073e-05,-0.00018072618999207652,-0.00010319953768063205
268.9376782000036,0.0,0.0,0.0,-4.678049644275704e-05,-0.00017780281571153772,-9.396841422443219e-05
268.98965390000376,0.0,0.0,0.0,2.5545544388960984e-05,0.0002539569069819049,5.1245429442867926e-05
269.0390815999999,0.0,0.0,0.0,-3.939623885064693e-05,-0.00011269485825700186,-1.3023016613962246e-05
269.07965120000154,0.0,0.0,0.0,4.243101659797628e-05,-0.00013524767527179975,-1.1652820562285894e-06
269.1356606000045,0.0,0.0,0.0,3.248393083155841e-05,0.0005688908882461141,-4.7436861310674975e-05
269.1885927999974,0.0,0.0,0.0,-4.9932134438958686e-05,-0.0003531339456081795,-8.225514928989385e-05
269.23357920000126,0.0,0.0,0.0,7.922522285161158e-05,0.00042045664409594914,0.00019824526313202837
269.27985790000093,0.0,0.0,0.0,-7.14641188641722e-05,-0.00021312441276769505,0.00014557824261300441
269.33650630000193,0.0,0.0,0.0,-3.167830528855124e-05,-0.0003469081918679958,0.00018076502208076562
269.38781919999747,0.0,0.0,0.0,4.586776268754669e-05,-4.6509812308486566e-05,0.0002316144751593198
269.43796000000293,0.0,0.0,0.0,0.000587283614895726,-0.000538796402669796,0.12454096000984696
269.4777494000009,0.0,0.0,0.0,0.0005574748731519735,-0.0007106750473675592,0.3121924555612874
269.5357124000002,0.0,0.0,0.0,0.0008166952373494238,-6.751696333514215e-05,0.4953774514052233
269.5854465000011,0.0,0.0,0.0,0.0020347491525150945,0.00026612620411482307,0.6971398142769394
269.6390829000011,0.0,0.0,0.0,0.0011204369863241366,0.001733429328246292,0.9235447515882254
269.67721249999886,0.0,0.0,0.0,0.0016092960519128235,0.006503660841585712,1.1388623511890426
269.7370846999984,0.0,0.0,0.0,0.002243181665156192,-0.006164448037023727,1.2389941085610539
269.77751530000387,0.0,0.0,0.0,0.002287401652185151,-0.0022098013100045983,1.1923322175702298
269.8373811999991,0.0,0.0,0.0,0.0024413566932205057,-0.002591840673218608,1.1176111803667819
269.8786803000039,0.0,0.0,0.0,0.0018758820303168226,0.0005906570198187558,1.0173630903410653
269.93008360000385,0.0,0.0,0.0,0.002088733932375143,-0.00018207168920978233,0.9178005437005861
269.97908019999886,0.0,0.0,0.0,0.0017784749461169501,-0.002675109287579587,0.8342878066842612
270.0378791000039,0.0,0.0,0.0,0.0018157584411136996,-0.0014397693162176226,0.7722090989368895
270.082751300004,0.0,0.0,0.0,0.001647934680213879,-0.0006004723373368667,0.711530360503277
270.133628399999,0.0,0.0,0.0,0.001521976608392685,0.00014648667088170282,0.6586197335084176
270.1886751999991,0.0,0.0,0.0,0.0016179246628100408,-0.00751157662618784,0.6396506218409342
270.23645699999906,0.0,0.0,0.0,0.001520676885105749,0.002331778684258383,0.6244643255893755
270.28055300000415,0.0,0.0,0.0,0.0015449686762065685,0.00035638912391344903,0.6227687681466658
270.33255199999985,0.0,0.0,0.0,0.001384541771815282,0.004672155762410804,0.6370859383885243
270.3792709000045,0.0,0.0,0.0,0.001608321712683693,0.0020282078333975625,0.6627093250827227
270.43088700000226,0.0,0.0,0.0,0.0016800888613386757,-0.0037180623645772697,0.6713718015875714
270.4865487999996,0.0,0.0,0.0,0.0006433750832045662,0.007855522596515476,0.6385407426347516
270.5317262000026,0.0,0.0,0.0,0.0017813870512521932,0.0010924776534103656,0.5202898913849434
270.58293270000286,0.0,0.0,0.0,-0.0007084901871049064,0.0012102622117112244,0.3501783944085378
270.63733859999775,0.0,0.0,0.0,0.0009498577960793059,-0.0009401454573897314,0.15160736389428753
270.68622609999875,0.0,0.0,0.0,0.00010181010297073067,0.009316970438549396,0.052190526961114515
270.73522120000416,0.0,0.0,0.0,0.00029284362088787994,0.0008462627270405236,0.1475227745616021
270.78068619999976,0.0,0.0,0.0,-0.00039736999368294686,0.0001379745815834354,0.2504136258561042
270.8369867000001,0.0,0.0,0.0,0.002275300881233184,-0.003780465775111687,0.2579772523584095
270.88747839999996,0.0,0.0,0.0,0.0004199593572744813,0.003421640032939257,0.24462670621689814
270.9259191000019,0.0,0.0,0.0,0.00039711777908609306,-0.0012342065123204277,0.22590296198566365
270.98543240000436,0.0,0.0,0.0,0.00037905187925349487,-0.0020904942687315284,0.21606044246077127
271.0352430999992,0.0,0.0,0.0,0.00035556404910653595,-0.0018120536820206844,0.21048363393320332
271.0842474000019,0.0,0.0,0.0,0.00031054970360779526,0.0012760942127241495,0.20615153731680105
271.13595319999877,0.0,0.0,0.0,7.347859614125393e-05,0.0033337320841473513,0.19857311747000228
271.1837891000032,0.0,0.0,0.0,0.00023466364922940288,0.001802783310713681,0.1840340869140583
271.2323647000012,0.0,0.0,0.0,-0.0003211138284702966,-0.005091759086912,0.18527084238666003
271.2871656999996,0.0,0.0,0.0,0.000148582554148191,0.003269956396251046,0.19100398101330707
271.33911459999945,0.0,0.0,0.0,0.00028229742574244313,-0.003346515955101562,0.19053607323441257
271.3808349000028,0.0,0.0,0.0,0.0002992238959292111,-0.0022431340428311556,0.1905863752752142
271.4293093000015,0.0,0.0,0.0,0.0002951097710344778,0.0034138025397200573,0.19148868650666379
271.48375990000204,0.0,0.0,0.0,0.00027950646153680346,0.002114500583702752,0.1943161829818208
271.5352122999975,0.0,0.0,0.0,0.0002774540851120108,-0.0015010437110326495,0.19962422212362355
271.58205799999996,0.0,0.0,0.0,0.00029988267757904963,-0.00118538947861956,0.20808769600977914
271.63763219999964,0.0,0.0,0.0,0.0002773250159777351,0.003339117202535598,0.22092251872362248
271.68479990000196,0.0,0.0,0.0,0.00035154173527482293,-0.0014469397873047318,0.23936018287678693
271.73397390000173,0.0,0.0,0.0,0.00039312690589030465,-1.0280917581050207e-05,0.26776187585818784
271.7830150000009,0.0,0.0,0.0,0.00047134571995720005,-0.0009153122853490513,0.30962987601379843
271.8317077000029,0.0,0.0,0.0,0.0007655034781463055,-0.00017817822936465935,0.3757479013957298
271.8862606000039,0.0,0.0,0.0,0.00041862544072610584,0.008461798608197686,0.38666710968275
271.93163300000015,0.0,0.0,0.0,0.00022878623433546493,0.0010760815637608251,0.3913592653512082
271.98715300000185,0.0,0.0,0.0,0.00038711210385134213,0.0015104638672868175,0.39084093735224945
272.03503210000054,0.0,0.0,0.0,0.0004633552915375267,-0.00041093611085468685,0.3942001243912285
272.08474240000214,0.0,0.0,0.0,0.0003465939436979661,0.00021536443171056918,0.3924010695412436
272.1345283999981,0.0,0.0,0.0,-0.00034714889806043594,-0.0004352116229552891,0.3808435838419062
272.18345509999926,0.0,0.0,0.0,0.001033153753679291,-0.0008747680604150197,0.37626744500558595
272.23484830000234,0.0,0.0,0.0,0.0008295946223106547,-0.0001595058056127963,0.3619780745550035
272.2856535000028,0.0,0.0,0.0,0.0009353382886506932,-0.006541847792117795,0.29081674516700656
272.33593900000415,0.0,0.0,0.0,-0.00039694213145769755,-0.0035904887542064327,0.12733704380402022
272.38920399999915,0.0,0.0,0.0,-0.000175340111368814,-0.005279290967914135,0.014788825723337746
272.4327080000003,0.0,0.0,0.0,5.329881432215617e-05,-0.0010187546407119895,0.0015691057056833719
272.4836040000009,0.0,0.0,0.0,-3.771392576304592e-05,-0.00012091311196559608,0.0006403792350945937
272.53002209999977,0.0,0.0,0.0,-1.8954829903313668e-05,0.00021044994471972436,0.00022996144523198246
272.58370060000016,0.0,0.0,0.0,-2.2538471241419425e-05,-0.0005245612763905541,0.00011006118693806082
272.63149030000204,0.0,0.0,0.0,3.492159734599832e-05,0.00037508971021101695,-5.667668558767353e-05
272.6864736999996,0.0,0.0,0.0,7.686423427638123e-06,0.00043520109529293605,0.0001505546253980356
272.7344424000039,0.0,0.0,0.0,1.291846808686548e-05,6.696080222466448e-06,0.00016720296207835134
272.77963640000235,0.0,0.0,0.0,5.4674543836798295e-06,-0.00019935335671282273,3.820368735238668e-05
272.83265969999775,0.0,0.0,0.0,-3.215842023039664e-05,-0.00017529289085848533,3.9605069368501135e-05
272.88589240000147,0.0,0.0,0.0,-1.1141931662091801e-05,-3.076386709649063e-05,0.00010171286790823124
272.933812700001,0.0,0.0,0.0,1.2295924747975525e-05,-9.348905281274066e-05,-0.00016874731953042742
272.98846040000353,0.0,0.0,0.0,1.723125048870659e-05,0.0001109925558443351,-2.7665831430515087e-05
273.0345137999975,0.0,0.0,0.0,-6.107291700786062e-06,-7.743263210982514e-05,-0.00013679399403868051
273.07503810000344,0.0,0.0,0.0,1.4510631243053158e-05,0.00010279389816290647,5.557892568594183e-05
273.1353194999974,0.0,0.0,0.0,-2.072277013176637e-05,4.5978647157429844e-05,0.00012022422938735103
273.18362720000005,0.0,0.0,0.0,-9.700052178464684e-06,7.558918767242701e-05,9.443099378881082e-05
273.23061659999803,0.0,0.0,0.0,1.2796866799084567e-05,0.0003446447666014715,5.282226179320413e-05
273.27745439999853,0.0,0.0,0.0,-5.3027128484275186e-05,-0.0009168453465015951,-0.0001326120599644624
273.3293735999978,0.0,0.0,0.0,2.455603999604961e-05,0.0002114374680161704,9.845481389002869e-05
273.3763465000011,0.0,0.0,0.0,-9.038170148501148e-06,-0.0002528262486086715,-2.0806338958197018e-05
273.4263529000018,0.0,0.0,0.0,8.653593949191543e-06,8.330377415185784e-05,0.00014827235768019614
273.4833576000019,0.0,0.0,0.0,2.9992155235179668e-05,1.5578782235705672e-05,0.0001905311698351451
273.5298746000044,0.0,0.0,0.0,-2.181357763690668e-05,0.0002147065325632796,-0.00010374549747058941
273.575376300003,0.0,0.0,0.0,4.7334139638020064e-05,0.0001521060092508296,-4.2093732253385096e-05
273.62450700000045,0.0,0.0,0.0,-2.8138362558305115e-05,-0.000156564767855875,-8.852339578521126e-05
273.677915500004,0.0,0.0,0.0,-1.3348774826707459e-05,0.00017608422555336967,-6.63507762697239e-05
273.7259894000017,0.0,0.0,0.0,2.6168647904809906e-05,-9.550367912645474e-05,-6.531508604392176e-05
273.7762758000026,0.0,0.0,0.0,-9.752637956169692e-06,-0.00014245021214717932,8.375323800322751e-05
273.8344364000004,0.0,0.0,0.0,-2.12324427968771e-06,0.0002443696986260754,4.8384774180311156e-05
273.8813336000021,0.0,0.0,0.0,-4.296794054723271e-06,0.00018753213867278584,6.879858015317092e-05
273.93695709999884,0.0,0.0,0.0,1.032441359541172e-06,-0.00016326592290095228,-2.680828359979994e-05
273.9882590999987,0.0,0.0,0.0,-1.1147836430425363e-05,-0.00011923520099781218,-0.00031944788136690507
274.03498689999833,0.0,0.0,0.0,1.8117871837576538e-05,0.00044715435288876255,-0.00014139397698914992
274.0853769000023,0.0,0.0,0.0,1.479878622573641e-06,-0.0002286197399286726,2.2605145048995626e-05
274.13359409999975,0.0,0.0,0.0,-4.643379692084484e-06,2.308839296915109e-05,7.377821301758577e-05
274.18659240000125,0.0,0.0,0.0,2.370550684020544e-05,-2.2521076565614942e-05,0.00010078086928654321
274.23684579999826,0.0,0.0,0.0,-4.6207238640244596e-05,-0.00037366686857327183,7.31362350214786e-05
274.2804032999993,0.0,0.0,0.0,3.705935424007329e-05,0.0002765531217643868,-4.8700702520713306e-05
274.33767929999885,0.0,0.0,0.0,-1.8020588293526252e-08,-0.0002394685537779795,2.30997893891527e-06
274.3847754000017,0.0,0.0,0.0,-3.847259778399824e-05,0.0002442253425047711,-2.9950003696773122e-05
274.4345231000043,0.0,0.0,0.0,1.2793525366295214e-05,0.0003489918761873252,-3.3438297878025544e-05
274.48543910000444,0.0,0.0,0.0,1.977438527886972e-05,-0.0003474758200349913,-0.00020816315744111668
274.52969190000294,0.0,0.0,0.0,-1.4738916852617818e-05,-0.0003751128575552815,-0.0003837583626287354
274.5852582000007,0.0,0.0,0.0,-2.809974482639376e-05,0.00022794319617810245,-0.0003171035841114092
274.63957970000047,0.0,0.0,0.0,3.7299567829979132e-06,6.486542978533137e-05,-0.00018510017394330532
274.68464099999983,0.0,0.0,0.0,1.883376554398429e-05,-1.068667772583411e-05,-5.133192428797561e-05
274.73688129999937,0.0,0.0,0.0,2.0733283781608258e-05,0.00045761246685981603,0.00011533795812281372
274.77710189999925,0.0,0.0,0.0,1.1228968263419396e-06,-3.372616577945709e-05,6.230296994032409e-05
274.8355692000041,0.0,0.0,0.0,-1.1339289119103557e-05,-0.0001428588685023826,-8.734841753665787e-05
274.88046770000074,0.0,0.0,0.0,5.349318910055031e-06,-0.0003949994600221249,1.9846617748719887e-05
274.9316882999992,0.0,0.0,0.0,-1.7909079881354838e-05,0.00015039165912224817,-0.0001831372849362659
274.9840295000031,0.0,0.0,0.0,1.5570463650967475e-05,0.00017682419024729273,-0.000229476360651105
275.0352243000016,0.0,0.0,0.0,-5.93563017887633e-05,-0.0005996824385980245,-9.502716745767693e-05
275.08340110000427,0.0,0.0,0.0,1.976468727080688e-05,0.00021220551402500876,4.9170979568035456e-05
275.12700100000075,0.0,0.0,0.0,-3.7341508741540696e-05,-0.00014037757933087335,2.4080277600810875e-05
275.18055679999816,0.0,0.0,0.0,5.2188789769024764e-05,0.00020372829026083078,-2.5304693216984114e-05
275.2297764000032,0.0,0.0,0.0,1.8924699957358947e-05,-0.00010880856283352412,0.00014387817411786992
275.2795400000032,0.0,0.0,0.0,-4.75115711610637e-05,-4.7342575943672184e-05,0.0001873662519953383
275.3345094000033,0.0,0.0,0.0,2.301551952393652e-06,4.2808690106079386e-05,0.0001894189143448912
275.38695110000117,0.0,0.0,0.0,4.394155491753319e-08,-0.00018710514497258818,0.00021911340337204491
275.4303981999983,0.0,0.0,0.0,-1.0304181052489788e-05,1.1962319167122612e-05,2.407841123692184e-05
275.4844016999996,0.0,0.0,0.0,3.0644354595155676e-06,0.00012632795178960747,0.0002722579455067108
275.5340350999977,0.0,0.0,0.0,2.0151971555232753e-05,0.0004599477210174703,0.00015789870308576426
275.57859140000073,0.0,0.0,0.0,1.886546586625785e-05,-0.00013463724495092955,-2.2147549625258537e-05
275.6334122999979,0.0,0.0,0.0,9.463480038312463e-06,9.309890506858505e-05,-0.00015366872439078586
275.6864418999976,0.0,0.0,0.0,1.0386027175085657e-06,-4.254098327842367e-05,-2.4862553677324695e-05
275.73534089999885,0.0,0.0,0.0,-6.338154421523253e-05,-0.0006000032380207984,-8.12673432252481e-05
275.7864589000019,0.0,0.0,0.0,6.400404976198605e-06,0.00024169662371657585,7.157627900889239e-05
275.8301481000017,0.0,0.0,0.0,1.6002737395194924e-05,4.518266599392256e-06,6.807643299108231e-05
275.87824790000013,0.0,0.0,0.0,-1.2686644091398967e-05,-0.00018801488179972213,0.00015874692572113538
275.9305779999995,0.0,0.0,0.0,6.230911258704901e-06,0.00018158976807688956,0.0001518492200771193
275.9844385000033,0.0,0.0,0.0,-7.529079382440266e-06,-3.692590112033539e-05,-0.0003053361284725127
276.03164619999734,0.0,0.0,0.0,2.409061933053218e-05,7.375431938425663e-05,-0.00029845728726782435
276.0877260999987,0.0,0.0,0.0,-2.9243060813418503e-06,0.00032360131967241334,-0.00021677308769204817
276.1378668000034,0.0,0.0,0.0,1.3310825159359818e-05,0.00011110986848063703,-0.00039878681587728076
276.18938860000344,0.0,0.0,0.0,-2.551180043124668e-05,-0.0005016366781687663,-0.0002717956075694621
276.237006000003,0.0,0.0,0.0,1.107092390355823e-05,0.0003608444689096826,-0.0003006564032669091
276.28834030000144,0.0,0.0,0.0,1.6647204863225906e-05,-0.0001640882097788353,-0.0002464147366545251
276.3283268000014,0.0,0.0,0.0,9.13153987850933e-06,9.403806220762966e-05,0.00010041378099047488
276.3780205000003,0.0,0.0,0.0,2.452027303217162e-05,0.00022027016282430442,-0.00011370338406570489
276.4371147999991,0.0,0.0,0.0,-3.891687458606053e-05,-0.0002581254951036341,0.00014639272747030274
276.48859639999864,0.0,0.0,0.0,-1.1363122437349064e-05,6.0800009106757314e-05,-0.0001902041870999829
276.53467990000354,0.0,0.0,0.0,5.542569508035488e-06,0.0002622887730380961,-0.00012608976421951636
276.5804774999997,0.0,0.0,0.0,-1.6470311097438043e-05,-0.0003354035550485287,-0.00021008527774612953
276.6328797000024,0.0,0.0,0.0,5.714843848557226e-06,0.00017024550291544648,-4.360095444013711e-06
276.6839889999974,0.0,0.0,0.0,1.4959600869163399e-05,-0.00019072251028626674,-7.549652109721327e-05
276.732731600001,0.0,0.0,0.0,-1.2639018617504205e-05,2.7796902040711985e-05,3.344831216460792e-05
276.7834866999983,0.0,0.0,0.0,3.082585200546722e-05,0.0004780365088091998,-0.00021306774839559693
276.831646300001,0.0,0.0,0.0,-3.0265997557907063e-05,-0.0006816505571453675,-0.00033396257114773125
276.89397910000116,0.0,0.0,0.0,4.390420615774602e-06,0.00024316226401331628,-0.00023029022720738286
276.9318676000039,0.0,0.0,0.0,-7.565475934561716e-06,-0.00010698021992245634,2.8656008882814275e-05
276.9823703000002,0.0,0.0,0.0,1.6181943679207337e-06,0.0001503719450482655,-1.26878388067206e-05
277.03217150000273,0.0,0.0,0.0,-8.845292327252143e-06,-0.0002733600225746677,5.777029225109545e-05
277.0861991999991,0.0,0.0,0.0,1.887802382521026e-05,4.355656929556816e-05,0.00011934345614757819
277.131000100002,0.0,0.0,0.0,-3.090478809641935e-05,-8.286233448040218e-05,7.509522421760001e-05
277.1861738000007,0.0,0.0,0.0,-2.339150145458298e-05,1.9200463059860315e-05,-8.852092309020165e-05
277.2372346999982,0.0,0.0,0.0,5.7826875857319856e-05,1.6741747524671494e-05,-0.0002583570495525381
277.28516939999827,0.0,0.0,0.0,-8.697055967018632e-06,0.00022654676825182194,9.18835107372215e-05
277.3374150000018,0.0,0.0,0.0,4.124261371246149e-06,0.00013936022077773455,8.063701022796848e-05
277.38426450000406,0.0,0.0,0.0,-6.534516168804387e-06,-0.00028348093002253074,0.0001223485063218176
277.4321715999977,0.0,0.0,0.0,1.4764131957097992e-05,0.00020147895324319605,7.584495981938889e-05
277.48258709999936,0.0,0.0,0.0,2.7961133680294597e-07,-0.00028950862456730175,3.225187660247323e-05
277.53142050000315,0.0,0.0,0.0,-1.7629473694734222e-05,-0.00016717414421261518,-0.00017790758158556979
277.5865208000032,0.0,0.0,0.0,1.2900678999728642e-06,-4.271737454891504e-05,-1.909427130883185e-06
277.6331110000028,0.0,0.0,0.0,-2.1637603719211318e-05,0.00038835826130300896,0.00011202452969935355
277.67631640000036,0.0,0.0,0.0,-8.489450555212267e-06,-0.00010668018649504177,-8.455468203109732e-05
277.73887800000375,0.0,0.0,0.0,2.437730554990486e-05,-2.4475667568423767e-05,2.9524507197444773e-05
277.78655309999886,0.0,0.0,0.0,8.28188514876747e-06,0.0001322677212201913,0.0001018355427944604
277.8261429999984,0.0,0.0,0.0,-5.2479717751719055e-06,-0.00028369650453873203,-0.00014635495239871427
277.8845364000008,0.0,0.0,0.0,-9.804846804611364e-06,4.398125359312752e-06,-0.00023658796383181716
277.93191269999807,0.0,0.0,0.0,-7.1895777570743435e-06,-0.00024872068168375693,-0.000179956211593217
277.9872278999974,0.0,0.0,0.0,3.0772412225415435e-06,-6.373266877949751e-05,0.00015700989402731285
278.0318208000026,0.0,0.0,0.0,3.45566339102949e-05,0.00035208133274365215,0.00027894071910390694
278.0764696000042,0.0,0.0,0.0,-3.234153459602757e-05,-0.0001277857779925114,-3.780428197670464e-05
278.129757900002,0.0,0.0,0.0,-2.7392407270505823e-06,0.00033297226898732326,0.00012027707173746109
278.18960530000186,0.0,0.0,0.0,-3.2180574784035824e-05,-0.0003137710601515034,4.7633141775267805e-05
278.23509470000135,0.0,0.0,0.0,2.084681784497593e-05,2.162673486356226e-05,9.933506356457115e-05
278.2866550000035,0.0,0.0,0.0,3.3748019284043368e-06,-0.00010145561659261896,0.0001515034716954282
278.3275205000027,0.0,0.0,0.0,-4.6055985550587624e-06,2.1905088394315055e-05,9.764559760363757e-05
278.387619000001,0.0,0.0,0.0,-1.2851092842701942e-05,0.00016579631433215341,-6.126609505646824e-05
278.4316334000032,0.0,0.0,0.0,1.7073094478279716e-05,2.3925800734835543e-05,-0.00015254928501212748
278.4867674999987,0.0,0.0,0.0,8.882261722454641e-06,-4.789590196870208e-05,-0.00015448386614485464
278.5354595000026,0.0,0.0,0.0,-1.7001957362579568e-05,-5.3057598649539693e-05,0.000127838462129958
278.58679909999773,0.0,0.0,0.0,4.486645237233146e-05,0.00012145818651580228,0.00014302741000353869
278.6328102999978,0.0,0.0,0.0,-3.966170369760657e-05,-0.00031316275269509025,-7.235516417697168e-05
278.6843586000032,0.0,0.0,0.0,4.7888604341316165e-06,0.0003165023556850015,0.00015460927723379245
278.73409399999946,0.0,0.0,0.0,4.2585319855902425e-06,0.00015666082284170315,0.00016227332842550968
278.7862513,0.0,0.0,0.0,-2.4946146364297836e-05,-0.0005027678820284842,0.00013147430607083247
278.83514419999847,0.0,0.0,0.0,2.6539021178700647e-05,0.00017621569194098264,0.0001787306457742887
278.8839453000037,0.0,0.0,0.0,-1.5229650600101934e-05,-9.71006810035773e-05,0.0003311224679827685
278.9351658000014,0.0,0.0,0.0,2.8210700155309428e-05,-0.00019547678913901876,-0.00012854975086976826
278.98614570000063,0.0,0.0,0.0,-9.246426876349926e-06,0.00048701693110659043,-0.00019659884151876218
279.0317075999992,0.0,0.0,0.0,8.384862247735358e-06,-0.00025820408088687163,-7.36092461454449e-05
279.08761239999876,0.0,0.0,0.0,3.7736501863205913e-06,0.00013893720638507662,3.801854753538139e-05
279.1352205000003,0.0,0.0,0.0,-2.106508708448352e-06,0.00018742346108580125,-5.6309595609706045e-05
279.1837581,0.0,0.0,0.0,5.971374878493984e-07,6.57242354213863e-05,2.4150086702791283e-05
279.2373915999997,0.0,0.0,0.0,2.1426599309618647e-06,-0.00019471408909881022,-2.8107120154419655e-05
279.2807821000024,0.0,0.0,0.0,1.2865203776639585e-05,0.00023534758558284516,-5.547599002132896e-05
279.32729900000413,0.0,0.0,0.0,-1.3269090375527208e-05,-0.0002976097518499293,3.524883599882289e-05
279.3860472000015,0.0,0.0,0.0,-6.061411016346466e-07,0.00024110284635322246,-6.004293580475799e-05
279.43188250000094,0.0,0.0,0.0,2.124917695728703e-06,-8.510955899513931e-05,-2.0833246707461482e-05
279.48575829999754,0.0,0.0,0.0,-2.248369540677236e-06,-0.00014989931915228083,-4.228878121986511e-05
279.5275096000041,0.0,0.0,0.0,-7.78880794816553e-06,-1.836496614392365e-05,8.941166557046227e-05
279.5770315000045,0.0,0.0,0.0,-9.646841186021433e-06,0.00016153433215850097,6.658565790364881e-06
279.6340373999992,0.0,0.0,0.0,2.1549179539214784e-05,0.0004369254141491889,-0.00010655828504140422
279.69048950000433,0.0,0.0,0.0,9.18505994731304e-06,-7.428612880253423e-05,-0.00010042663713031532
279.73526239999774,0.0,0.0,0.0,-1.8074683449408118e-05,-0.0001522890967380704,-0.0002476426006294254
279.7852544999987,0.0,0.0,0.0,-1.4530621197334699e-05,-0.0003426287095530605,3.3354174887693885e-05
279.8248814000035,0.0,0.0,0.0,-1.3348071927479241e-06,0.0002870040555529536,2.848193416461028e-06
279.87879350000003,0.0,0.0,0.0,-1.1060595072117193e-05,-0.00042019877081895743,-0.0002785758055813848
279.9279822000026,0.0,0.0,0.0,6.955775825476781e-06,-9.611991782982994e-05,-0.00012586150078918362
279.97832510000444,0.0,0.0,0.0,-5.047520079080683e-06,0.00037384720872689705,-8.29169314710657e-05
280.02971049999906,0.0,0.0,0.0,1.8531812035110294e-06,-0.00018757988253559414,2.804868014342631e-05
280.08117579999816,0.0,0.0,0.0,2.094367506136294e-05,0.0001124279001896112,-0.0001409555934566603
280.1354253000027,0.0,0.0,0.0,7.660188474107768e-06,-2.908804994244275e-05,-0.00019264864382429516
280.1848067000028,0.0,0.0,0.0,-5.310282201047055e-05,-0.00016392616636492482,1.2413354239581012e-05
280.23666740000044,0.0,0.0,0.0,1.2709104262253526e-06,0.00014203000768136487,6.233159095988913e-06
280.2867741000009,0.0,0.0,0.0,2.6106127901107708e-05,0.00016477218672702467,0.00012586312178305476
280.332484999999,0.0,0.0,0.0,-6.677074828889608e-06,-0.00011880635612311391,0.00011181869007450925
280.3787336000023,0.0,0.0,0.0,-2.101455045112286e-05,-0.0004735425790332016,7.169525522247912e-05
280.4333994999979,0.0,0.0,0.0,2.2606613527526335e-06,3.659842233292929e-05,0.00018356303959930818
280.4775202000019,0.0,0.0,0.0,2.4614403625056584e-05,0.0006635738003300728,-0.0001825640724711377
280.5368068000025,0.0,0.0,0.0,9.71650468009923e-06,-0.00031393799796236913,-0.00031805029809576834
280.5843289999975,0.0,0.0,0.0,-7.94832462333967e-06,0.0001636628853619252,-0.00018614166095387875
280.6300536999988,0.0,0.0,0.0,2.0484239799864667e-05,4.2327953421653926e-05,-0.00024662952165690143
280.6858416000032,0.0,0.0,0.0,-3.486125414141537e-05,3.8336633590635835e-05,-0.0002599896722361412
280.73857339999813,0.0,0.0,0.0,1.7322455339128837e-05,-0.00012997868373641226,0.00029758149931040893
280.78603049999947,0.0,0.0,0.0,1.9231333345752458e-06,-0.0001251683411703792,9.155926297864805e-05
280.83439380000345,0.0,0.0,0.0,-4.625151237975013e-06,-4.33526208252234e-06,-3.379119816266973e-05
280.88409440000396,0.0,0.0,0.0,7.93990698654422e-06,-9.896416024043e-05,-8.475520932536963e-05
280.93923150000046,0.0,0.0,0.0,6.594196772012629e-06,0.00018825747825627873,0.00012652031027556213
280.9779172999988,0.0,0.0,0.0,0.000567929609137515,-0.0008206811451606635,0.13031679489223566
281.03666969999904,0.0,0.0,0.0,0.0008464094509066543,-0.0008111092682827023,0.33064810473439793
281.08663869999873,0.0,0.0,0.0,0.0014692376646917762,-0.0007090737930672382,0.5280801747257536
281.1333197999993,0.0,0.0,0.0,0.0008191467492582266,0.0008411507748500933,0.7491417448129485
281.18420100000367,0.0,0.0,0.0,0.0018524259417752626,0.0028113253422166412,1.0115902215831953
281.23127390000445,0.0,0.0,0.0,0.0023663063484120972,0.002108303894552454,1.2985831197391224
281.2801230000041,0.0,0.0,0.0,0.002664531516944209,0.002676277385100347,1.5896200524221917
281.3376371999984,0.0,0.0,0.0,0.003388519997747437,-0.005627930023990641,1.838059347501062
281.3797038999983,0.0,0.0,0.0,0.003326485860577568,-0.0009665316938439886,1.8991826909477572
281.4362670999981,0.0,0.0,0.0,0.003257216317643495,0.00030430115735331146,1.8849946994138156
281.4862095999997,0.0,0.0,0.0,0.003817509065876052,-0.0009234147248864994,1.88123943377012
281.5332922000016,0.0,0.0,0.0,0.003761258855891709,-0.00038098387281055175,1.8816003295608237
281.5829933999994,0.0,0.0,0.0,0.003395876594500408,0.00288198469837935,1.8827346070707898
281.63434360000247,0.0,0.0,0.0,0.0032182690962739985,-0.0004709059521346287,1.8826132102210649
281.6866502999983,0.0,0.0,0.0,0.0029259483290272753,0.0025868248728719073,1.8822791426159737
281.7356493000043,0.0,0.0,0.0,0.0032841162136622083,-0.003954512237127793,1.775798634075816
281.7832161999977,0.0,0.0,0.0,0.0032203623583992678,-0.0001524264762161399,1.6360715935319496
281.83473329999833,0.0,0.0,0.0,0.00285789985938596,-0.0008890735171175768,1.5128523357800285
281.8884498000043,0.0,0.0,0.0,0.0026057721164533813,0.0005560685537310555,1.3977598461945977
281.9318088,0.0,0.0,0.0,0.002308938834043703,-0.001804050299376996,1.2831915741108744
281.97805900000094,0.0,0.0,0.0,0.003370216779164048,-0.0008393951244466807,1.1872927251082042
282.0396776999987,0.0,0.0,0.0,0.0025100861422352187,-0.0017672022031743726,1.093910581772525
282.0857337999987,0.0,0.0,0.0,0.0020717628990359034,0.001956448986292464,1.0158630109877629
282.1337518,0.0,0.0,0.0,0.0018497580385523219,0.0012084111351259854,0.9423977077624207
282.18107350000355,0.0,0.0,0.0,0.0020008186987847307,-0.004361370685601567,0.8712170166320217
282.23483970000234,0.0,0.0,0.0,0.0018441709185735553,-0.00103054440064062,0.8050638979739072
282.28316079999786,0.0,0.0,0.0,0.0017639736432837913,-0.0002338631661347103,0.7457197607052282
282.3262676000013,0.0,0.0,0.0,0.002021944008373011,-0.001224791837286631,0.6959074945768038
282.38484869999957,0.0,0.0,0.0,0.0015197577314358616,-0.0040504123035467725,0.694981780775072
282.4339708000043,0.0,0.0,0.0,0.0015681883918877457,0.00017601278084888373,0.6745414175832692
282.48403540000436,0.0,0.0,0.0,0.0018431547758836308,0.0011227574800217706,0.674718693551677
282.52786970000307,0.0,0.0,0.0,0.00125374572164266,0.007822613171902025,0.6849945314155901
282.5843397999997,0.0,0.0,0.0,0.0015994531665028608,-0.003353199116666424,0.7126310797023903
282.6371664000035,0.0,0.0,0.0,0.0016538501574532613,-0.004211913304658809,0.7091190348720694
282.6807362000036,0.0,0.0,0.0,0.0018691119340511657,0.004566979076790284,0.6602767356360596
282.734755999998,0.0,0.0,0.0,0.0014734694222488945,0.004924438778169126,0.5354393986588233
282.7844641999982,0.0,0.0,0.0,0.0006692094112736147,0.0019545845788476986,0.3624233315145408
282.8361387000041,0.0,0.0,0.0,0.00033825750701639513,-0.004440828955526016,0.19734698570400916
282.8787233000039,0.0,0.0,0.0,-5.7535766438051816e-05,0.01330519981317227,0.1717429376989479
282.93477330000314,0.0,0.0,0.0,0.00032107628415434285,0.002161724734411381,0.2681887252702373
282.9861447000003,0.0,0.0,0.0,0.0002863439689432257,-0.0014556270294164512,0.28981284019528325
283.03691889999754,0.0,0.0,0.0,0.0004266854853474946,-0.002538171702216289,0.2927126132580766
283.0842241999999,0.0,0.0,0.0,0.0004170913504433304,0.0018354001621853956,0.29039373424470943
283.13617140000133,0.0,0.0,0.0,0.0005054887912487808,-0.00018610311808577672,0.28845655040870416
283.18385529999796,0.0,0.0,0.0,0.0004627321090432579,-0.0004730955886411948,0.2898791871135805
283.2285563999976,0.0,0.0,0.0,0.00035804358800425575,0.00110979136269638,0.2954655551169928
283.2893139000007,0.0,0.0,0.0,0.0005440124488319137,-0.0024906676330605226,0.3137719777444589
283.335396399998,0.0,0.0,0.0,0.0004051477763323709,0.003261104506819548,0.3372636875892152
283.3870360000001,0.0,0.0,0.0,0.00047519125433572487,0.00038897219194125343,0.36665627482597773
283.4361369000035,0.0,0.0,0.0,0.000682058189591885,-0.002503579985983098,0.4070652026210023
283.48705619999964,0.0,0.0,0.0,0.0007560875834653753,-0.00013854401867497676,0.46628757421987366
283.5343006999974,0.0,0.0,0.0,0.000713017996891653,0.0007526929731384094,0.5702096985172546
283.58575120000023,0.0,0.0,0.0,0.000618909464268412,0.007674354711050931,0.5922447494465559
283.6344523000007,0.0,0.0,0.0,0.00033004627372829553,0.0012641539887811866,0.6029220587404803
283.68600210000295,0.0,0.0,0.0,0.0004711790816546576,9.772893636867275e-06,0.6021556432124515
283.7291473000005,0.0,0.0,0.0,0.0006264542718454949,-0.0011422843920658073,0.5775214673389759
283.7853039000038,0.0,0.0,0.0,0.0006940536167858218,0.0009245361978193103,0.5513436254254083
283.83288999999786,0.0,0.0,0.0,0.0003786652821505923,0.00019023200076611095,0.523067538639861
283.88418600000296,0.0,0.0,0.0,0.000446255441167934,-0.0009483022608150049,0.47569239325358065
283.9295901000005,0.0,0.0,0.0,0.0006716652066767644,8.54810094693322e-05,0.43470454649451706
283.9781820999997,0.0,0.0,0.0,0.0008706874431103951,-0.007731444941637246,0.33327370787977534
284.03391510000074,0.0,0.0,0.0,0.00020052567853204995,-0.007738701803442779,0.3978273642295121
284.0855656999993,0.0,0.0,0.0,0.0011451002272880836,-0.0038494568488700908,0.6107670835608304
284.1384890000045,0.0,0.0,0.0,0.0019355306982932563,0.0004452763188556695,0.8188072989005085
284.18485430000146,0.0,0.0,0.0,0.0016970011632509406,0.0054106693375587005,1.0669212547663085
284.23575130000245,0.0,0.0,0.0,0.0024887599885614255,0.0021122493730874933,1.3504632874464493
284.2769486000034,0.0,0.0,0.0,0.002789681659966346,0.0004215562893496878,1.645618161901127
284.33374940000067,0.0,0.0,0.0,0.0035949795285384663,-0.004177507531771532,1.85878958807541
284.3822052000032,0.0,0.0,0.0,0.0030739002629829922,0.0012159342324855095,1.8720993517690618
284.4253671000042,0.0,0.0,0.0,0.0040090737236132545,-0.006782184705171799,1.8781494633011317
284.4858591000011,0.0,0.0,0.0,0.0032909774152572336,0.005322598637910249,1.8873135493988662
284.5290636999998,0.0,0.0,0.0,0.003533424586010478,-0.0022276930888731547,1.8817142830326867
284.5837901999985,0.0,0.0,0.0,0.003919777335846017,-0.0019631335929226642,1.883012947608699
284.6328211,0.0,0.0,0.0,0.003694354747528778,0.0011093187152529963,1.881419405773706
284.68542490000254,0.0,0.0,0.0,0.003335846567045127,0.002778767627567494,1.8828836875314967
284.7296356000006,0.0,0.0,0.0,0.00338815995810551,-0.0006380048884760062,1.881955645905908
284.7829505000045,0.0,0.0,0.0,0.0035359548908751193,0.00044262600511657286,1.8818574732290294
284.8288707000029,0.0,0.0,0.0,0.003373526722132848,0.0014141561967742277,1.8821606838683922
284.8784276000006,0.0,0.0,0.0,0.003521932510810359,-0.002391522729958171,1.8421377950258262
284.93305500000133,0.0,0.0,0.0,0.0035807999746707616,-0.0018308079632977383,1.7396143555517551
284.98229770000034,0.0,0.0,0.0,0.00328444416587367,0.001107872189947182,1.622820701200745
285.0262770000045,0.0,0.0,0.0,0.0033143951444889208,-0.001160684640572506,1.50767344368277
285.0789345000012,0.0,0.0,0.0,0.002876068260636501,0.0005562815829028226,1.396565581501136
285.13028119999944,0.0,0.0,0.0,0.0026683950016930923,-0.001107269607239147,1.3041028666904484
285.17793460000394,0.0,0.0,0.0,0.002830101262589765,-7.441362570118812e-05,1.214525278953296
285.2278759000037,0.0,0.0,0.0,0.0023868753103739623,0.0004142237041507002,1.1396978637793627
285.2879286000025,0.0,0.0,0.0,0.002176737107335617,0.0009074319842966947,1.0639770494486236
285.3370403000008,0.0,0.0,0.0,0.002024855465358957,0.0003968855600102884,0.9971788755124879
285.38606869999785,0.0,0.0,0.0,0.0008915837759822054,-0.002628360207938482,0.9433105429012694
285.42936519999785,0.0,0.0,0.0,0.001864030819044901,0.0014778296065082771,0.9160543692719242
285.47735909999756,0.0,0.0,0.0,0.0019961486707027183,-0.003732915098907923,0.8628827829496684
285.5272560000012,0.0,0.0,0.0,0.0018742538692455954,-0.0010232710962523913,0.806994302838854
285.5873442000011,0.0,0.0,0.0,0.0017067199016428053,0.00035004800398413615,0.7535007585299286
285.63690840000345,0.0,0.0,0.0,0.0015867787888066303,0.00011530677813769474,0.7037366431700653
285.6815265999976,0.0,0.0,0.0,0.002524503505536014,-0.005419564531139039,0.6851612080946002
285.73267009999836,0.0,0.0,0.0,0.0008830752395662263,-0.001175200973466237,0.6686086079400199
285.78405909999856,0.0,0.0,0.0,0.0018204890322035853,0.002497067049450353,0.675969273333798
285.8395443000045,0.0,0.0,0.0,0.001167025990434689,0.006403579288772943,0.7006191733606186
285.8829210999975,0.0,0.0,0.0,0.0017578265264089725,-0.0013748309184507797,0.7249780163366344
285.9347237999973,0.0,0.0,0.0,0.0016264955243439204,-3.0871451680965494e-05,0.735238530747411
285.9775434999974,0.0,0.0,0.0,0.001617604067644743,-0.0005775815944727605,0.6799011597829979
286.0335602999985,0.0,0.0,0.0,0.0008705998652718845,0.004761119493657152,0.5439691225296861
286.0787909999999,0.0,0.0,0.0,0.00028545455366040017,0.01716052481680226,0.4161119287109789
286.1277353999976,0.0,0.0,0.0,0.00036352507417604526,0.004171380969417613,0.35556745180324895
286.17695800000365,0.0,0.0,0.0,-0.0004675056714903593,-0.00043827045732031713,0.29724790266880147
286.22675660000095,0.0,0.0,0.0,0.00040607958921659495,-0.000411041676921575,0.2523825099595942
286.2825499000028,0.0,0.0,0.0,0.0009521335694452148,-0.0011095723141602903,0.22997818838031367
286.3314432000043,0.0,0.0,0.0,0.00027005677235535563,0.0001405297811337189,0.20810879394187393
286.38270210000337,0.0,0.0,0.0,6.659215074402211e-05,-0.006932897949346409,0.09112908340558298
286.43531030000304,0.0,0.0,0.0,-0.00014458747510887764,-0.008790123543115876,-0.009663483073286606
286.4885600999987,0.0,0.0,0.0,-1.092319960743107e-05,-0.000317404880576989,-0.003955800863124245
286.53265880000254,0.0,0.0,0.0,2.188541923938383e-06,2.2414612484761896e-05,-0.001575718430521808
286.5842386000004,0.0,0.0,0.0,1.5336135034062645e-06,-1.3339756803817301e-05,-0.0007159203372835967
286.6284130999993,0.0,0.0,0.0,3.7308788966216624e-07,-3.97234529363876e-06,-0.000409131524953863
286.6881355000005,0.0,0.0,0.0,-1.1093851519653282e-07,-8.399990675609099e-07,-0.0002998412200227258
286.73740579999867,0.0,0.0,0.0,-1.494662012914957e-07,2.1528230546143084e-07,-0.00025714739074896037
286.78494930000306,0.0,0.0,0.0,-3.913796451520112e-07,5.32160879153632e-07,-0.00024482227765546596
286.8307877999978,0.0,0.0,0.0,-4.3622629220493404e-07,5.831018279945764e-07,-0.00024113137998661146
286.8785743999979,0.0,0.0,0.0,-4.43624448381804e-07,6.348998661052512e-07,-0.00023982552802832757
286.9319500999991,0.0,0.0,0.0,-4.457722457839862e-07,6.547417285245326e-07,-0.00023949874817083818
286.98275920000015,0.0,0.0,0.0,-4.466275017109699e-07,6.638790470336893e-07,-0.00023953881635643235
287.02523620000284,0.0,0.0,0.0,-4.470406162909961e-07,6.692735574818231e-07,-0.00023971179625160516
287.0864775000009,0.0,0.0,0.0,-4.472890005869627e-07,6.73301304518296e-07,-0.00023993157710157733
287.1291992000042,0.0,0.0,0.0,-4.4747435424558226e-07,6.768289826660682e-07,-0.00024016687134464655
287.17632980000053,0.0,0.0,0.0,-4.476342631859745e-07,6.801679700693482e-07,-0.00024040637050903836
287.2313275999986,0.0,0.0,0.0,-4.4778257360705715e-07,6.834300020337756e-07,-0.00024064599701625845
287.28568590000214,0.0,0.0,0.0,-4.4792422432460163e-07,6.866548674921893e-07,-0.00024088428013554732
287.32773779999843,0.0,0.0,0.0,-4.480611745834783e-07,6.898567583889716e-07,-0.00024112069002575195
287.3854894000033,0.0,0.0,0.0,-4.481941537917979e-07,6.930406394582303e-07,-0.00024135503412655971
287.4332760000034,0.0,0.0,0.0,-4.4832340353529744e-07,6.962080143328261e-07,-0.0002415872413167488
287.47672299999977,0.0,0.0,0.0,-4.484491722784068e-07,6.993594505037318e-07,-0.00024181728561683164
287.5368127000038,0.0,0.0,0.0,-4.48571581476639e-07,7.024949382212626e-07,-0.00024204515725894854
287.58420340000157,0.0,0.0,0.0,-4.486906599062498e-07,7.056143651729704e-07,-0.0002422708524771982
287.62802139999985,0.0,0.0,0.0,-4.4880659175950387e-07,7.087176126137404e-07,-0.00024249437162224882
287.6860625000045,0.0,0.0,0.0,-4.4891936290907164e-07,7.118044796787027e-07,-0.00024271571489840237
287.73433430000296,0.0,0.0,0.0,-4.4902912245987423e-07,7.148749057130277e-07,-0.0002429348846725233
287.7831176000036,0.0,0.0,0.0,-4.49135912101801e-07,7.179286271495578e-07,-0.00024315188413758814
287.83212320000166,0.0,0.0,0.0,-4.4923980840388284e-07,7.209656779567827e-07,-0.00024336671646432592
287.87648230000195,0.0,0.0,0.0,-4.493409124914377e-07,7.239858766973271e-07,-0.00024357938639330806
287.92862640000385,0.0,0.0,0.0,-4.494392507712563e-07,7.269889828486859e-07,-0.0002437898990648567
287.98870429999806,0.0,0.0,0.0,-4.4953492566161373e-07,7.299750710457944e-07,-0.0002439982599234145
288.0292292000013,0.0,0.0,0.0,-4.496279713226105e-07,7.329440448306573e-07,-0.0002442044749730451
288.08561790000385,0.0,0.0,0.0,-4.4971845968211574e-07,7.358956955295091e-07,-0.00024440855077511534
288.1274257999976,0.0,0.0,0.0,-4.498064247693882e-07,7.388300410091557e-07,-0.00024461049489687975
288.176538300002,0.0,0.0,0.0,-4.498919851277244e-07,7.417470197993452e-07,-0.0002448103148788743
288.2350637999989,0.0,0.0,0.0,-4.4997516257643e-07,7.44646591945233e-07,-0.0002450080186969297
288.2828204000034,0.0,0.0,0.0,-4.500559924333798e-07,7.475286741846902e-07,-0.00024520361466881486
288.3342997,0.0,0.0,0.0,-4.5013453002403926e-07,7.503932244662475e-07,-0.0002453971120248831
288.37904269999854,0.0,0.0,0.0,-4.5021082671430763e-07,7.532402114123761e-07,-0.00024558851931825456
288.43723650000175,0.0,0.0,0.0,-4.502849352835582e-07,7.560696519782183e-07,-0.0002457778462122699
288.48559730000125,0.0,0.0,0.0,-4.503569010764176e-07,7.588814454926965e-07,-0.0002459651025146101
288.52577120000205,0.0,0.0,0.0,-4.5042676200080256e-07,7.616756935165832e-07,-0.0002461502980662619
288.58272840000427,0.0,0.0,0.0,-4.504945739442439e-07,7.644522696420913e-07,-0.0002463334438051062
288.6279155000011,0.0,0.0,0.0,-4.505603531917506e-07,7.672112043669153e-07,-0.00024651454957437226
288.68710020000435,0.0,0.0,0.0,-4.506241451085782e-07,7.699525600048556e-07,-0.0002466936262408885
288.7345693000025,0.0,0.0,0.0,-4.5068598946187e-07,7.726762826453755e-07,-0.00024687068468925673
288.7852705999976,0.0,0.0,0.0,-4.5074594512626836e-07,7.753823937171013e-07,-0.00024704573615932983
288.8349359999993,0.0,0.0,0.0,-4.508039609105131e-07,7.780708939830798e-07,-0.0002472187911583137
288.8841068000038,0.0,0.0,0.0,-4.508601896368651e-07,7.807419080517118e-07,-0.00024738986158988606
288.9349099000028,0.0,0.0,0.0,-4.5091456399080354e-07,7.833952700744414e-07,-0.00024755895893827085
288.98763840000174,0.0,0.0,0.0,-4.5096718622469055e-07,7.860311910377412e-07,-0.0002477260945676197
289.03520160000335,0.0,0.0,0.0,-4.5101802171227524e-07,7.886495708945729e-07,-0.000247891280030958
289.0875237,0.0,0.0,0.0,-4.5106711559503995e-07,7.912505276759022e-07,-0.000248054526852365
289.1281119999985,0.0,0.0,0.0,-4.511145529852161e-07,7.938340864274374e-07,-0.00024821584729751663
289.184906100003,0.0,0.0,0.0,-4.511602600012988e-07,7.96400245647201e-07,-0.0002483752526952053
289.22993520000455,0.0,0.0,0.0,-4.5120433599934257e-07,7.98949097090863e-07,-0.00024853275498690593
289.28000379999867,0.0,0.0,0.0,-4.5124679946083797e-07,8.01480664041891e-07,-0.00024868836631623033
289.3254747000028,0.0,0.0,0.0,-4.5128761541395436e-07,8.039949681549437e-07,-0.00024884209821621596
289.3861997999993,0.0,0.0,0.0,-4.513268375720524e-07,8.06492089108482e-07,-0.00024899396260173425
289.4294310000041,0.0,0.0,0.0,-4.513645425509292e-07,8.089721451461842e-07,-0.0002491439714897753
289.4811186000006,0.0,0.0,0.0,-4.514006432486946e-07,8.11435064960725e-07,-0.00024929213658662214
289.53568760000053,0.0,0.0,0.0,-4.5143528387653776e-07,8.138810077888064e-07,-0.00024943847007573533
289.5773082000014,0.0,0.0,0.0,-4.514683443336154e-07,8.163099285356528e-07,-0.0002495829835213181
289.6293114,0.0,0.0,0.0,-4.514999354419035e-07,8.187220047390882e-07,-0.00024972568868053487
289.6859725000031,0.0,0.0,0.0,-4.51530068587943e-07,8.21117238220759e-07,-0.00024986659755489604
289.72644079999736,0.0,0.0,0.0,-4.5155873438461205e-07,8.234956872912773e-07,-0.0002500057215819348
289.7892157000024,0.0,0.0,0.0,-4.515859308193031e-07,8.25857444436443e-07,-0.00025014307257443245
289.8355539999975,0.0,0.0,0.0,-4.516117244361987e-07,8.282025181959622e-07,-0.00025027866225185225
289.88179089999903,0.0,0.0,0.0,-4.516361025363696e-07,8.305310676862926e-07,-0.0002504125019851131
289.936311700003,0.0,0.0,0.0,-4.516590957920696e-07,8.328431017841028e-07,-0.0002505446033849089
289.9852145000041,0.0,0.0,0.0,-4.5168067297379464e-07,8.35138679778906e-07,-0.00025067497787324965
290.03329849999864,0.0,0.0,0.0,-4.5170089414816185e-07,8.374178924308398e-07,-0.0002508036369497772
290.08492220000335,0.0,0.0,0.0,-4.517197644430962e-07,8.396808301766029e-07,-0.0002509305918166429
290.1357796000011,0.0,0.0,0.0,-4.517372722837728e-07,8.419275074057652e-07,-0.0002510558536871184
290.18378569999913,0.0,0.0,0.0,-4.5175344206194987e-07,8.441580564714836e-07,-0.0002511794334302691
290.234008600004,0.0,0.0,0.0,-4.5176830470955946e-07,8.463725648615901e-07,-0.0002513013422482229
290.28563340000255,0.0,0.0,0.0,-4.5178183262968293e-07,8.485710050156036e-07,-0.00025142159118329366
290.3355608999991,0.0,0.0,0.0,-4.5179406919604137e-07,8.507535447467196e-07,-0.0002515401912488569
290.3835024,0.0,0.0,0.0,-4.5180501691765537e-07,8.529201854233239e-07,-0.00025165715304754905
290.4282232999976,0.0,0.0,0.0,-4.5181468261076926e-07,8.5507114949024e-07,-0.0002517724870687511
290.48648230000254,0.0,0.0,0.0,-4.5182307625515265e-07,8.572063406390467e-07,-0.0002518862041371412
290.5330077000035,0.0,0.0,0.0,-4.518302097395615e-07,8.59325881836882e-07,-0.0002519983146599432
290.5818900000013,0.0,0.0,0.0,-4.518360882523331e-07,8.614299021375562e-07,-0.0002521088292375656
290.62726549999934,0.0,0.0,0.0,-4.51840717678542e-07,8.635184229856446e-07,-0.00025221775806185797
290.67908290000196,0.0,0.0,0.0,-4.518440974322722e-07,8.655915404502314e-07,-0.00025232511109152586
290.7334766999993,0.0,0.0,0.0,-4.518462741534629e-07,8.676493203807363e-07,-0.0002524308986427256
290.78023250000115,0.0,0.0,0.0,-4.518472235139801e-07,8.696919131310147e-07,-0.0002525351308140704
290.83534070000314,0.0,0.0,0.0,-4.518469364183174e-07,8.717191907197182e-07,-0.00025263781748878695
290.8812650000036,0.0,0.0,0.0,-4.518454799635701e-07,8.737314931824456e-07,-0.0002527389684256697
290.93892870000127,0.0,0.0,0.0,-4.5184281593889107e-07,8.757287191103748e-07,-0.0002528385933147918
290.98618140000326,0.0,0.0,0.0,-4.5183896221127865e-07,8.777109922003462e-07,-0.00025293670185948984
291.0289679999987,0.0,0.0,0.0,-4.518339172797712e-07,8.796784005568824e-07,-0.00025303330331236784
291.0841872000019,0.0,0.0,0.0,-4.5182770564472154e-07,8.816310343338162e-07,-0.00025312840709476066
291.12889949999953,0.0,0.0,0.0,-4.518203314152012e-07,8.835689198600402e-07,-0.00025322202282342327
291.182659099999,0.0,0.0,0.0,-4.518117538487757e-07,8.854921217885328e-07,-0.00025331415934909537
291.2340586999999,0.0,0.0,0.0,-4.5180207353896263e-07,8.874008038486521e-07,-0.00025340482595759284
291.2855337000001,0.0,0.0,0.0,-4.5179123210369686e-07,8.892949751799459e-07,-0.00025349403154408223
291.33571089999896,0.0,0.0,0.0,-4.5177920511358565e-07,8.911746753904296e-07,-0.00025358178522130243
291.3841814999978,0.0,0.0,0.0,-4.517660687285409e-07,8.930400735240531e-07,-0.0002536680951182375
291.43808340000396,0.0,0.0,0.0,-4.517518113753845e-07,8.948912474937766e-07,-0.0002537529703653767
291.4818205999982,0.0,0.0,0.0,-4.517364151936601e-07,8.967281038597832e-07,-0.00025383641957585714
291.5303399999975,0.0,0.0,0.0,-4.517198722240642e-07,8.985508564506325e-07,-0.000253918451122987
291.5853621999995,0.0,0.0,0.0,-4.517022557449519e-07,9.003596310657688e-07,-0.0002539990731157704
291.63738580000063,0.0,0.0,0.0,-4.5168350738770916e-07,9.021543621345383e-07,-0.00025407829436277984
291.6790295000028,0.0,0.0,0.0,-4.51663661234412e-07,9.039352069055868e-07,-0.00025415612266663207
291.7349828000006,0.0,0.0,0.0,-4.516427034159647e-07,9.057021757037703e-07,-0.0002542325660964469
291.78551300000254,0.0,0.0,0.0,-4.516206545921784e-07,9.074553982020556e-07,-0.0002543076327723786
291.8377699999983,0.0,0.0,0.0,-4.515975150597514e-07,9.091949464555195e-07,-0.0002543813303261036
291.8779608000041,0.0,0.0,0.0,-4.5157329149739864e-07,9.109208276135181e-07,-0.00025445366661578045
291.9336772000024,0.0,0.0,0.0,-4.515479971139973e-07,9.12633216807398e-07,-0.00025452464945292645
291.9789579999997,0.0,0.0,0.0,-4.5152162116315275e-07,9.143320918619836e-07,-0.00025459428624718646
292.04177619999973,0.0,0.0,0.0,-4.514941294990025e-07,9.16017462829864e-07,-0.0002546625847368519
292.08421510000335,0.0,0.0,0.0,-4.5146564831002454e-07,9.176896260102813e-07,-0.0002547295521005055
292.13564629999746,0.0,0.0,0.0,-4.514360485768981e-07,9.193484764625625e-07,-0.0002547951954592441
292.1836273000008,0.0,0.0,0.0,-4.514053997750267e-07,9.209940661378632e-07,-0.00025485952224040106
292.2311639000036,0.0,0.0,0.0,-4.513736884507835e-07,9.226265376781502e-07,-0.00025492253954275513
292.2821447000024,0.0,0.0,0.0,-4.5134095246191547e-07,9.24245967797549e-07,-0.00025498425419636674
292.3353433000011,0.0,0.0,0.0,-4.5130714268733753e-07,9.258524000850879e-07,-0.0002550446731979098
292.38284840000415,0.0,0.0,0.0,-4.512723130377408e-07,9.274458710863904e-07,-0.0002551038034484864
292.4311447,0.0,0.0,0.0,-4.512364325933094e-07,9.290264742096849e-07,-0.0002551616515495123
292.48597750000044,0.0,0.0,0.0,-4.511994808451705e-07,9.30594233505775e-07,-0.0002552182243577483
292.5338507999986,0.0,0.0,0.0,-4.5116156028406226e-07,9.321493242084771e-07,-0.00025527352821247385
292.58414769999945,0.0,0.0,0.0,-0.0002769908162943307,-0.0009105104203869281,-0.10804915843980689
292.62895489999937,0.0,0.0,0.0,-0.0005575636240916528,-0.0012453766298387184,-0.2786321692770123
292.6849524999998,0.0,0.0,0.0,-0.0007649227466602582,-0.000511167865993651,-0.44445778679157344
292.72860120000405,0.0,0.0,0.0,-0.0013994738477455311,0.00021363280822985398,-0.6394922444126938
292.78776279999875,0.0,0.0,0.0,-0.0016019415067804992,0.001776305494479162,-0.8643906030643931
292.8369610000009,0.0,0.0,0.0,-0.0009162092848858756,0.0004129069559913321,-1.1171532794685284
292.8904707000038,0.0,0.0,0.0,-0.0029980397453087757,0.00372931674003671,-1.386913091666736
292.9321285000042,0.0,0.0,0.0,-0.0026260093554406833,0.001256721327316291,-1.6712136872324292
292.978689100004,0.0,0.0,0.0,-0.0029056919984908587,-0.00414497076278751,-1.7655968869021463
293.02828350000345,0.0,0.0,0.0,-0.0035709259301295307,-0.0031588911805279446,-1.680105826036708
293.07941940000455,0.0,0.0,0.0,-0.003273213451751038,-0.0017750774073464989,-1.534372415986078
293.13986780000414,0.0,0.0,0.0,-0.0023176723445128894,0.002043608821993347,-1.3896239112096973
293.18590589999803,0.0,0.0,0.0,-0.003411374232576388,-0.0010299634237726394,-1.2811394212799052
293.23504980000143,0.0,0.0,0.0,-0.002375894939743959,-0.00017439112825643957,-1.1783354441851803
293.2800694000034,0.0,0.0,0.0,-0.0020481284925593967,0.0018506388985667257,-1.0817598354284779
293.33573199999955,0.0,0.0,0.0,-0.001998091018460529,-0.0004868897643854893,-0.9941676974705893
293.3832238000032,0.0,0.0,0.0,-0.0018618426477583082,-0.0015315491564889215,-0.91252482899818
293.42729540000437,0.0,0.0,0.0,-0.001966362190695037,-0.0030058924261470994,-0.8440421120893047
293.4842867000043,0.0,0.0,0.0,-0.001894960224586852,-0.0006398195043028339,-0.776112731067458
293.53050390000135,0.0,0.0,0.0,-0.0016486983192835994,0.00021548483393494521,-0.7150382362055229
293.58569259999786,0.0,0.0,0.0,-0.0014629530553319065,-9.646219450153669e-05,-0.6628679058744467
293.6272734000013,0.0,0.0,0.0,-0.0013150944347386077,-0.008326699408968151,-0.6532210960060957
293.6887762000042,0.0,0.0,0.0,-0.0025466358078259886,0.004122028295161908,-0.6642931026083922
293.72829849999835,0.0,0.0,0.0,-0.0013402883358176146,-0.00026367894137325435,-0.6617536929219197
293.7822942999992,0.0,0.0,0.0,-0.0016504345678839845,0.0021530336387162374,-0.6767674225042193
293.8255016000039,0.0,0.0,0.0,-0.0016363972956183624,0.00028630372327056823,-0.7241053760910398
293.88532880000275,0.0,0.0,0.0,-0.0021109649640043754,-0.0003561766162490926,-0.7387015798043223
293.9340282999983,0.0,0.0,0.0,-0.0019532778484204275,0.0020534845862164273,-0.6940858535988579
293.9794750000001,0.0,0.0,0.0,-0.0009439146721593124,0.007024293706786106,-0.5795825963728893
294.0336057000022,0.0,0.0,0.0,-0.000715749801741656,0.0010024360683983252,-0.4294832868497036
294.08669109999755,0.0,0.0,0.0,-0.0004740878311630199,-0.0007170813101164405,-0.28013420955918034
294.12925379999797,0.0,0.0,0.0,-5.158446919493205e-05,0.010941142575985201,-0.17009521739076489
294.1882345999984,0.0,0.0,0.0,-0.00033287438559041597,-0.0038598152177469927,-0.15234002606159217
294.2343073000011,0.0,0.0,0.0,-0.0003866717369067966,0.005530624388968667,-0.16196231417983703
294.28802859999996,0.0,0.0,0.0,-0.00024108022836773227,5.581151950788381e-05,-0.16599629772837
294.3359909999999,0.0,0.0,0.0,-0.00027881403832860445,-0.003622327338612691,-0.15541994874711204
294.3836042000039,0.0,0.0,0.0,-0.00013843709742386858,-0.0029578181823141404,-0.140095309890253
294.4355232000016,0.0,0.0,0.0,-4.753107203487311e-05,0.005178537541966793,-0.12700836448547234
294.47850409999955,0.0,0.0,0.0,-0.0001594258703937611,-0.0007071109128423272,-0.12049144550301794
294.53356930000155,0.0,0.0,0.0,-0.00028056248064856396,-0.0032939285963343922,-0.11660981892211997
294.5793193999998,0.0,0.0,0.0,-0.0002602884903455644,-0.0027011136929523984,-0.11173601820256175
294.6282074999981,0.0,0.0,0.0,-0.00017184254379287505,0.002171706372331774,-0.1048708638591009
294.6774433000028,0.0,0.0,0.0,-0.00010351368097324055,0.0034736360943903163,-0.09857618896913238
294.7368315999993,0.0,0.0,0.0,-4.5560896137575364e-05,0.0003230845473969416,-0.09269774871762446
294.78303569999844,0.0,0.0,0.0,-0.00015250255005025174,-0.004901909143542821,-0.08904387745384723
294.836035100001,0.0,0.0,0.0,-6.75255466330826e-05,0.006468504800206205,-0.0842631195490531
294.8866557000001,0.0,0.0,0.0,-0.0002229753499061977,-0.00529342976349265,-0.08298334377773191
294.9346328000029,0.0,0.0,0.0,-0.0001003905549353722,-0.00012529996327117444,-0.07782340899468475
294.9866680999985,0.0,0.0,0.0,-8.740587798192567e-05,0.00378845733774086,-0.07241571669831663
295.0354223000031,0.0,0.0,0.0,-0.00010543002000929076,0.0007060192600327914,-0.07026383172541754
295.08554110000114,0.0,0.0,0.0,-4.6125177762998084e-05,-0.00019849896883865142,-0.06780345668389648
295.1313842000018,0.0,0.0,0.0,-0.0001775009024032464,0.001379816470686473,-0.06582328857355532
295.1847213000001,0.0,0.0,0.0,-9.680409971980058e-05,-0.0009714831159722734,-0.0637888724827356
295.2325081000017,0.0,0.0,0.0,-6.420362375541945e-05,-0.0001862730725927719,-0.06233467314578643
295.28200610000204,0.0,0.0,0.0,-0.00016510402570240452,-0.0037159612222348965,-0.061494561220189176
295.33070489999955,0.0,0.0,0.0,-6.0542388488326704e-05,0.001587559805761171,-0.05941621852854701
295.3902623000031,0.0,0.0,0.0,-1.6392140955881358e-05,0.0014673452049690126,-0.058304471619819546
295.43478160000086,0.0,0.0,0.0,-0.00011771809939769296,-0.0012276182796586194,-0.05813855413431945
295.48690409999836,0.0,0.0,0.0,-5.397966549607278e-05,-0.0003619256228983763,-0.057788712869574155
295.53473150000355,0.0,0.0,0.0,-0.00015597254305837078,-0.0022426533265703197,-0.05656701240345608
295.5751025999998,0.0,0.0,0.0,-0.00010611834335046116,0.0013768432068001436,-0.05775163099421261
295.63543980000395,0.0,0.0,0.0,-6.903098066083293e-05,-0.0004840369182678203,-0.05963208475059077
295.68021930000396,0.0,0.0,0.0,-9.170208989073872e-05,0.002434835035835442,-0.060661884410432784
295.727074800001,0.0,0.0,0.0,-0.0001514261051294219,-0.003190183576876535,-0.06523185701268878
295.784141199998,0.0,0.0,0.0,-9.26893901106859e-05,0.003209207209888768,-0.06837613757333881
295.82979129999876,0.0,0.0,0.0,-8.920530762630697e-05,0.0004934697980268051,-0.0759791869744397
295.88562710000406,0.0,0.0,0.0,-0.0001390669680417556,-0.0013345389962577988,-0.08763809832094112
295.93451610000193,0.0,0.0,0.0,-4.4906577845622934e-05,-3.281953017134107e-05,-0.10541141544849769
295.97865230000025,0.0,0.0,0.0,5.068028211695573e-05,0.008179420895684724,-0.09467733833741344
296.03439770000114,0.0,0.0,0.0,-0.00011575526964619683,0.0006160429183443931,-0.0884349227755511
296.08518580000236,0.0,0.0,0.0,-0.00010044853148217797,0.001758390766776561,-0.06860763769227515
296.135869800004,0.0,0.0,0.0,1.3068634041976129e-05,0.0012259745357481033,-0.044403951156290894
296.1769413000002,0.0,0.0,0.0,-3.608039045906024e-05,-0.00024714111493632265,-0.02128679101044886
296.2324626000045,0.0,0.0,0.0,2.937362883842412e-05,-0.0011152783955057591,0.0014639684604488075
296.2788384000014,0.0,0.0,0.0,-4.748358849234844e-06,0.0011325710082513236,0.01812019596335694
296.33676769999875,0.0,0.0,0.0,-4.135517310981744e-05,-0.0013403369635990705,0.03724835288541465
296.37548270000116,0.0,0.0,0.0,2.899289427892283e-05,-0.0008066998254521584,0.048200711794658554
296.43674889999966,0.0,0.0,0.0,2.1147466717520533e-05,-0.01265823765863684,0.01175967594434022
296.479806000003,0.0,0.0,0.0,-3.644789315006163e-05,-0.0015760346591399573,-0.00045250224811106297
296.5326286999989,0.0,0.0,0.0,-2.2089626032339525e-05,0.00012821035775400653,-4.0631664482233706e-05
296.5858150999993,0.0,0.0,0.0,-5.3848682919810185e-06,1.866165599285367e-06,0.00010782911341534214
296.63359930000297,0.0,0.0,0.0,-4.717547345884777e-06,1.6052263793547147e-06,0.00016171939258108507
296.68455130000075,0.0,0.0,0.0,-3.287033393393471e-07,-4.122329167088058e-07,0.00017885737038403175
296.73722650000127,0.0,0.0,0.0,2.6123528595157964e-06,2.505485373028075e-06,0.00018173405224318405
296.785913300002,0.0,0.0,0.0,-2.1105365775683324e-06,1.2866728070630243e-07,0.00018639239247718979
296.83290919999854,0.0,0.0,0.0,3.740448835628078e-07,-4.46903970832398e-07,0.00018316236317180565
296.8851207999978,0.0,0.0,0.0,2.807630202522728e-06,2.641924727418841e-06,0.00017997627854057834
296.9344465000031,0.0,0.0,0.0,4.2144176690510753e-07,-3.3366999483398127e-06,0.00018290617278008742
296.9812594000032,0.0,0.0,0.0,4.2953631926844857e-07,-6.246452600485319e-07,0.00018596820641313328
297.0337914999982,0.0,0.0,0.0,3.6437607882483645e-07,2.8304765465710634e-06,0.0001875439387322695
297.07848640000157,0.0,0.0,0.0,4.1589380806465376e-07,-2.459849323998136e-06,0.00018619300434803625
297.12963429999945,0.0,0.0,0.0,3.50302764625841e-07,-3.609448938881169e-06,0.0001808541249134944
297.18750340000406,0.0,0.0,0.0,-2.082593266060832e-06,4.133853072790874e-06,0.00018294110365036918
297.2289916000009,0.0,0.0,0.0,4.114983834448664e-07,-3.4129683118744083e-07,0.00018618011512557534
297.2840786000015,0.0,0.0,0.0,2.8787941461188743e-06,-9.353607450543428e-07,0.00018339668020569884
297.3259978999995,0.0,0.0,0.0,-2.1017479520084886e-06,-3.4159502922266072e-06,0.00017993164919844848
297.38462860000436,0.0,0.0,0.0,2.830197694679756e-06,5.0777098295376885e-06,0.00017883049806643428
297.42927220000274,0.0,0.0,0.0,-2.0285880055560343e-06,-2.5968906734267267e-06,0.00018410650451201318
297.47709240000404,0.0,0.0,0.0,3.871793441986375e-07,-2.7139333327830046e-06,0.0001824278842186201
297.5361006000021,0.0,0.0,0.0,3.854596009965901e-07,2.809321157883365e-07,0.00018174550341724233
297.5806165000031,0.0,0.0,0.0,2.821780692549436e-06,6.390043655888367e-06,0.00018491759283395748
297.63746920000267,0.0,0.0,0.0,3.580156927089983e-07,-6.472019690894502e-07,0.00017749806306514997
297.6833939999997,0.0,0.0,0.0,-2.0247508097626903e-06,-7.307326044306499e-06,0.00017833285811774913
297.7368725999986,0.0,0.0,0.0,2.807990485495867e-06,6.912397486398835e-06,0.000177399812778409
297.7861023000005,0.0,0.0,0.0,3.812858123117634e-07,-8.070984277140906e-07,0.00017728625413013227
297.8340485000008,0.0,0.0,0.0,4.429106739940819e-07,-1.418654559857258e-06,0.00018223745327480975
297.8851367000025,0.0,0.0,0.0,-2.0049958684933862e-06,-5.624853489149939e-06,0.00018322993048250932
297.9354767000041,0.0,0.0,0.0,3.8773719602519213e-07,2.527434163415623e-07,0.00018129275409983493
297.9794936000035,0.0,0.0,0.0,2.8057167447853108e-06,3.7537785484936704e-06,0.0001801785107539487
298.035186400004,0.0,0.0,0.0,-2.055761271357612e-06,-3.707261032743047e-06,0.00018503674193449368
298.0860029000032,0.0,0.0,0.0,2.872673391051922e-06,2.1751770746555726e-06,0.0001875642599132774
298.12781379999797,0.0,0.0,0.0,3.36546830331564e-07,1.147047044165455e-06,0.00018279072897629117
298.1845097000041,0.0,0.0,0.0,-2.0915734299379e-06,1.6454679791311918e-06,0.00018277790765401143
298.23908640000445,0.0,0.0,0.0,4.2339198176846177e-07,-3.957138615501058e-06,0.0001811661236647828
298.2762511000037,0.0,0.0,0.0,3.9477510889327447e-07,-3.1183189084259977e-06,0.00017953452421617784
298.3362972000032,0.0,0.0,0.0,2.879028010692001e-06,1.2005271387801213e-06,0.00018201771286409883
298.3878702000002,0.0,0.0,0.0,-2.0545190050006757e-06,-1.0203184803854715e-06,0.00018503922942381275
298.43417079999927,0.0,0.0,0.0,2.7936321842497583e-06,3.533989192031036e-06,0.0001807884323163001
298.48543380000046,0.0,0.0,0.0,-2.0700555709197616e-06,-2.8341689378055095e-06,0.00017997091291382128
298.5302804000021,0.0,0.0,0.0,2.8783638462836415e-06,2.840330572989722e-06,0.00018761303919409306
298.583904500003,0.0,0.0,0.0,3.5129337948550403e-07,-8.67651939781011e-07,0.00018257733859026957
298.63606670000445,0.0,0.0,0.0,4.006390026828344e-07,-6.582040949500466e-07,0.00018533797722537518
298.68643059999886,0.0,0.0,0.0,4.4287398189764246e-07,-5.398663967054968e-06,0.00018398487778546895
298.735944,0.0,0.0,0.0,3.41736331419727e-07,4.1596020467918945e-06,0.00018125743089047276
298.7856252999991,0.0,0.0,0.0,4.016992004882791e-07,9.750747106293128e-08,0.0001814901046397947
298.834088399999,0.0,0.0,0.0,3.6048948720118384e-07,-9.478738204819122e-07,0.00018072724224143982
298.88412880000396,0.0,0.0,0.0,4.178813065604883e-07,5.668554501411734e-07,0.00018124247234385156
298.9337541999994,0.0,0.0,0.0,-2.083052920411429e-06,-3.971471041905484e-06,0.00017567192471849784
298.98395439999877,0.0,0.0,0.0,2.8964299574195007e-06,2.2639916655859575e-06,0.0001813795370939313
299.033754600001,0.0,0.0,0.0,4.0929332768145196e-07,1.386896793186322e-08,0.00018738880624911579
299.08771730000444,0.0,0.0,0.0,3.4240685544354614e-07,3.317792998081013e-06,0.00018551852471802627
299.1328971000039,0.0,0.0,0.0,3.3921787840821633e-07,-7.823732066891021e-07,0.00017976648801744743
299.1841504999975,0.0,0.0,0.0,-2.038074773210315e-06,-1.1512452264351554e-06,0.00018064021510626408
299.2285073000021,0.0,0.0,0.0,4.3939518818895197e-07,-2.5985159408582375e-06,0.0001815278659071947
299.2842550999994,0.0,0.0,0.0,3.7145332336856054e-07,1.0319025654154001e-06,0.00018082426037833614
299.3366249000028,0.0,0.0,0.0,2.772637866118091e-06,8.20485773754657e-07,0.00017711026351716768
299.37894629999937,0.0,0.0,0.0,-2.024477558532848e-06,-2.7752082120992535e-06,0.000179900716908307
299.4338130000033,0.0,0.0,0.0,2.834074920300302e-06,1.8273363260395788e-06,0.00017750238134373584
299.4864340999993,0.0,0.0,0.0,-2.030854839614537e-06,-6.475572685598149e-07,0.0001828898116921331
299.53072560000146,0.0,0.0,0.0,3.987904921635261e-07,-1.7292418782517615e-06,0.00018274778504414883
299.5802995999984,0.0,0.0,0.0,2.8369634496459422e-06,3.057517387221694e-06,0.00018650638086262285
299.6274892000001,0.0,0.0,0.0,3.597764280962929e-07,-1.2835619276529912e-06,0.0001827446665598997
299.6812859999991,0.0,0.0,0.0,-2.116612794238887e-06,-1.0391992926274559e-06,0.00017286188297344174
299.7391091000027,0.0,0.0,0.0,2.8494121827409507e-06,1.2434623120528882e-06,0.00017670043926949126
299.7850352000023,0.0,0.0,0.0,4.2452417057953574e-07,-2.038618608068819e-06,0.00018220589197387
299.83569089999946,0.0,0.0,0.0,4.3939988357894636e-07,-3.0206959088319826e-06,0.00018446003539372496
299.8821353000021,0.0,0.0,0.0,-2.0895181370802226e-06,4.9882477782123175e-06,0.00018458439848208192
299.936103,0.0,0.0,0.0,2.79433160089818e-06,-1.5772505608014125e-06,0.00017944723486987808
299.982453800003,0.0,0.0,0.0,3.7902820807997043e-07,7.115429841107643e-07,0.00017963945896330708
300.03348410000035,0.0,0.0,0.0,-1.9857663055752893e-06,-1.3669108584055085e-06,0.00018390328336843182
300.0831321000005,0.0,0.0,0.0,4.067568105133852e-07,-4.566990194373892e-06,0.00018548537263965683
300.13508680000086,0.0,0.0,0.0,2.8401733944907643e-06,3.0270005580399585e-06,0.0001854147219141581
300.18625969999994,0.0,0.0,0.0,3.8086280069487224e-07,-3.7075838287066488e-06,0.00018443537285135438
300.2325173999998,0.0,0.0,0.0,-2.113199913578085e-06,5.458208201966569e-07,0.0001781961249938464
300.2819202000028,0.0,0.0,0.0,3.407780007532544e-07,3.6175229823296083e-06,0.0001705707100851794
300.33257700000104,0.0,0.0,0.0,2.9018885582570244e-06,-6.980762898802794e-07,0.00017832953356471706
300.3860138000018,0.0,0.0,0.0,-2.0066969823643614e-06,-2.977310172760771e-06,0.0001847820679075597
300.43093580000277,0.0,0.0,0.0,2.8102185099067974e-06,1.304749874518315e-06,0.0001820449451375557
300.48546689999785,0.0,0.0,0.0,-2.112149348278851e-06,4.034811775105018e-06,0.00018307987605007854
300.5338096999985,0.0,0.0,0.0,3.5758222354621287e-07,-3.419414762372186e-06,0.00017307811382278378
300.58765819999826,0.0,0.0,0.0,4.7516529545148097e-07,-4.87069231235871e-06,0.00018345693549468047
300.6312278999976,0.0,0.0,0.0,3.4273884991901637e-07,5.300530459933352e-06,0.00017734443226620486
300.68222960000276,0.0,0.0,0.0,4.025308493169934e-07,-4.4343286830939385e-06,0.00017783811416157913
300.7338260000033,0.0,0.0,0.0,2.8296598351392788e-06,-3.921969311627706e-07,0.0001806096870498529
300.78613819999737,0.0,0.0,0.0,-2.093704469003108e-06,2.2656090218689673e-06,0.00017883782002560004
300.8365829000031,0.0,0.0,0.0,2.821110481490919e-06,3.847477364938741e-06,0.00017860700564018643
300.8867850000024,0.0,0.0,0.0,-2.0660222304403552e-06,-2.5051596812110293e-06,0.00017632416552407947
300.9257097000009,0.0,0.0,0.0,2.830146983587343e-06,1.6025346093076097e-06,0.00018041956972021696
300.98135639999964,0.0,0.0,0.0,3.9275533867962663e-07,-2.354381204802304e-06,0.0001771772675986816
301.0289638000031,0.0,0.0,0.0,-2.022709905036075e-06,-1.411469172740149e-06,0.0001771081783895481
301.0822227000026,0.0,0.0,0.0,3.6811975958981235e-07,-2.4422435951794807e-06,0.00017506300573763445
301.13532549999945,0.0,0.0,0.0,3.979698518563613e-07,-4.3506796208201503e-07,0.00017319124977180166
301.18160830000124,0.0,0.0,0.0,3.9628042384115157e-07,9.165276231210236e-07,0.00017827052543923386
301.2330398999984,0.0,0.0,0.0,4.5214814832124094e-07,-2.0495549918828726e-08,0.0001848129813817968
301.27777590000187,0.0,0.0,0.0,3.663517182173154e-07,-3.079805329620526e-07,0.0001793877341292418
301.33632360000047,0.0,0.0,0.0,3.6440513955430785e-07,6.053210006257715e-08,0.00017666895231500222
301.3847010000027,0.0,0.0,0.0,4.0670120490029706e-07,-7.189109701800134e-07,0.0001789784010455377
301.43502810000064,0.0,0.0,0.0,3.676049826220311e-07,3.8807892035698767e-07,0.00017839376277306723
301.4872828000007,0.0,0.0,0.0,2.7531007661613365e-06,3.767205421873967e-06,0.000176495670032471
301.53925020000315,0.0,0.0,0.0,4.5155267721736873e-07,-6.416357319152407e-06,0.00017775677569688137
301.58441609999863,0.0,0.0,0.0,-2.0674534965065714e-06,5.163069722909139e-06,0.00018094524268985428
301.63160179999977,0.0,0.0,0.0,3.93015715444006e-07,-7.542919061386719e-07,0.00018209682448340435
301.6877991000001,0.0,0.0,0.0,2.8220787719965273e-06,-3.07021270807796e-06,0.0001791828998744985
301.7348929,0.0,0.0,0.0,-2.024987686367083e-06,1.4517359035744784e-06,0.00018424249231736953
301.78199719999975,0.0,0.0,0.0,3.7964762093664346e-07,-3.183410576711333e-07,0.00017873181367417758
301.8339567000003,0.0,0.0,0.0,3.7719584725956624e-07,7.115306587737691e-07,0.00018239620831247966
301.8852773000035,0.0,0.0,0.0,2.8182051146157994e-06,7.991126176793521e-07,0.0001839065824223997
301.9276516000027,0.0,0.0,0.0,3.835230825778532e-07,-4.316402779788967e-06,0.00017655572701454558
301.98685660000046,0.0,0.0,0.0,4.302113590251154e-07,1.1039252673325947e-06,0.000182154334241618
302.0334912000035,0.0,0.0,0.0,3.9350886802351216e-07,-1.180620856497874e-06,0.00018127872579332593
302.0864862000017,0.0,0.0,0.0,-2.0949978384144365e-06,7.173472880265574e-07,0.00017567576442721925
302.1358375999989,0.0,0.0,0.0,4.026258841836774e-07,-3.780931412577246e-06,0.00017835606612805118
302.1765461000032,0.0,0.0,0.0,2.783708622199351e-06,4.8588431010167996e-06,0.00017686980749973905
302.2339157000024,0.0,0.0,0.0,3.880376697348533e-07,-1.3689240721610762e-06,0.0001796147363890948
302.28532619999896,0.0,0.0,0.0,4.155143489785399e-07,-2.917473924103141e-06,0.00017988405116887277
302.32852609999827,0.0,0.0,0.0,3.872416811378755e-07,6.49062867803562e-07,0.00017588527794865316
302.3850048000022,0.0,0.0,0.0,-2.0813410644848423e-06,-2.5792987582512604e-06,0.0001750811804162474
302.42699110000103,0.0,0.0,0.0,2.8461397216249326e-06,5.029367790737173e-06,0.00018379951697718172
302.4851450999995,0.0,0.0,0.0,3.4004011084928335e-07,-2.592880427081282e-06,0.00017524787695114084
302.5353729999988,0.0,0.0,0.0,-1.960848994489762e-06,-2.3264357440728723e-06,0.0001836271340404313
302.57807219999813,0.0,0.0,0.0,3.3370107869716897e-07,2.0677528315442123e-06,0.00017556582656624872
302.6287330999985,0.0,0.0,0.0,4.18242702857968e-07,-2.5935877986998364e-06,0.000175253614135394
302.6887959000014,0.0,0.0,0.0,2.774845061010122e-06,5.08503737116928e-06,0.00017928916964806218
302.7339084999985,0.0,0.0,0.0,-2.025085072900922e-06,-7.5430297612927264e-06,0.00017446560750370777
302.78279699999985,0.0,0.0,0.0,4.112091025190517e-07,2.3700852778193924e-06,0.00018073774715827884
302.83397060000425,0.0,0.0,0.0,2.7791077421343726e-06,4.7419121295127855e-07,0.00017672778468179708
302.88516479999817,0.0,0.0,0.0,-2.0224380221017625e-06,-7.167287039476438e-07,0.00017818093749646173
302.9376857000025,0.0,0.0,0.0,4.009841743743542e-07,-1.3639227012198786e-06,0.0001804692502501206
302.98430799999915,0.0,0.0,0.0,2.773375882345288e-06,1.8017576526485659e-06,0.0001817445076089879
303.0272238000034,0.0,0.0,0.0,4.001080620146542e-07,-8.178311322259084e-07,0.00018248174020605115
303.08443439999974,0.0,0.0,0.0,3.426896256081156e-07,-1.2422499483003463e-06,0.00017363009751940464
303.12954360000003,0.0,0.0,0.0,3.6933227148910135e-07,1.1606061965637337e-06,0.00017281754491671304
303.18271059999825,0.0,0.0,0.0,4.439149778689584e-07,8.829259336698278e-07,0.00018151555419223143
303.2309524000011,0.0,0.0,0.0,-2.0671970740250007e-06,-2.0316704546844256e-06,0.00017515978165915858
303.27633149999747,0.0,0.0,0.0,2.845651841949907e-06,-8.407825616238783e-07,0.00017765503928186734
303.3294296000022,0.0,0.0,0.0,3.8668164783673367e-07,-2.659082330144152e-06,0.00017780992523579894
303.38912800000253,0.0,0.0,0.0,3.9924252475928665e-07,3.583337959437843e-06,0.0001838811983870647
303.4292016000036,0.0,0.0,0.0,3.5938278273571727e-07,1.6309768278697667e-06,0.00018230693170474596
303.48166830000264,0.0,0.0,0.0,-2.0005984649645764e-06,-7.186734678816434e-06,0.0001810072761445391
303.53917640000145,0.0,0.0,0.0,3.593758699778825e-07,2.1192241947966936e-06,0.00017878600509033726
303.5814093000008,0.0,0.0,0.0,2.7766603195206214e-06,3.5551803468114075e-06,0.00017648993605120893
303.63907409999956,0.0,0.0,0.0,4.254717846139643e-07,-1.8369688200769677e-06,0.00018325629066744185
303.6853560000018,0.0,0.0,0.0,-2.043190720659985e-06,-5.14802888300437e-06,0.00017404676662632272
303.7291688000041,0.0,0.0,0.0,2.7383911252316383e-06,6.025230818305743e-06,0.0001745914931654669
303.79116590000194,0.0,0.0,0.0,-1.9713545237633145e-06,-6.1397190075684555e-06,0.00017585349868205345
303.8367331000045,0.0,0.0,0.0,3.7348111994408796e-07,4.5013248183411937e-07,0.00017360036781414022
303.8865892000031,0.0,0.0,0.0,2.791816548801456e-06,2.087927973022156e-06,0.00017847865499001457
303.93618640000204,0.0,0.0,0.0,-2.0535415550550825e-06,1.2464453961463084e-06,0.000177025287088891
303.97799820000364,0.0,0.0,0.0,2.7997987203466473e-06,-2.035260425142465e-06,0.0001722010276458375
304.0364405,0.0,0.0,0.0,-2.041954851570661e-06,1.9090558684351654e-06,0.00017524282523692685
304.08365810000396,0.0,0.0,0.0,3.605592172835105e-07,-1.9350096555522224e-06,0.00016724572475050088
304.1346982000032,0.0,0.0,0.0,4.849916864559398e-07,-2.306589073252262e-06,0.0001796476884043533
304.18080020000343,0.0,0.0,0.0,3.4520318552848906e-07,-6.839844623049946e-07,0.00017412242714712117
304.2371543000045,0.0,0.0,0.0,2.824169009907109e-06,1.4750839827764495e-06,0.0001780667209329822
304.27836009999737,0.0,0.0,0.0,3.913262563253292e-07,1.651945187338649e-07,0.0001814111305400148
304.33960220000154,0.0,0.0,0.0,3.717941059907059e-07,-6.521456126222293e-07,0.00017941938553937066
304.38139039999805,0.0,0.0,0.0,3.638827307611041e-07,-2.6569911125325047e-06,0.00017814080397701143
304.4346844000029,0.0,0.0,0.0,-0.00025307001987355646,0.0011721488173666856,-0.0961050310174166
304.4842906999984,0.0,0.0,0.0,-0.0004801387192423064,-6.9159247181237805e-06,-0.24783281922491018
304.5291935999994,0.0,0.0,0.0,-0.0003835298829916041,0.005642340631834292,-0.3799143359416184
304.58432719999837,0.0,0.0,0.0,-0.0006900902673232045,0.00016427763044377238,-0.5012129239462751
304.6301189000005,0.0,0.0,0.0,-0.0011430382680597054,-0.0055182376849942875,-0.647605557538946
304.6861224000022,0.0,0.0,0.0,-0.0014885552856993799,-0.0024141126441146184,-0.8400800173885712
304.73476389999996,0.0,0.0,0.0,-0.0014469983944322507,0.0032101930345502503,-1.092240562194847
304.78549770000245,0.0,0.0,0.0,-0.002303299090663311,0.004222658591848581,-1.3667136638684432
304.8319722000015,0.0,0.0,0.0,-0.0030163845237441036,-0.008176131249420578,-1.6001590875838942
304.8882136000029,0.0,0.0,0.0,-0.0032056837062948112,0.0012075459177449445,-1.6432761742402502
304.932029100004,0.0,0.0,0.0,-0.004132654955534195,-0.005406395268850745,-1.6260337892185361
304.98629410000285,0.0,0.0,0.0,-0.0037966068867035835,-0.0034615043366040335,-1.6394977407993092
305.03358070000104,0.0,0.0,0.0,-0.0034786767334054887,0.0020435603927667,-1.712149468418058
305.0849856999994,0.0,0.0,0.0,-0.003915134120504692,0.002515378733555062,-1.8273743315777775
305.1329093000022,0.0,0.0,0.0,-0.003764270815753267,0.0007822105729254265,-1.882003101543142
305.1838032000014,0.0,0.0,0.0,-0.003564289279771071,0.002583588646848201,-1.884546951949865
305.2297580000013,0.0,0.0,0.0,-0.0032277302763368625,0.0047531927001678185,-1.8792070978206659
305.28718050000316,0.0,0.0,0.0,-0.003579985044361765,-0.0031998695969787713,-1.8810810977204033
305.3344436000043,0.0,0.0,0.0,-0.0032346663210986743,0.0019256461550218279,-1.8817841996037663
305.3782782999988,0.0,0.0,0.0,-0.003344927720652946,0.0010942643780312376,-1.882376488344014
305.4372560999982,0.0,0.0,0.0,-0.0035834914234485165,-0.0010319289547869688,-1.8818509034480593
305.48673730000155,0.0,0.0,0.0,-0.0034862996320845596,-0.00025747493382791245,-1.8816055496414226
305.5383959000028,0.0,0.0,0.0,-0.0036664314566257814,-0.0010963600963918175,-1.8824226385427532
305.5784874000019,0.0,0.0,0.0,-0.003266737325276192,0.0013795660705969162,-1.7845948654861963
305.6336844000034,0.0,0.0,0.0,-0.00336816670216317,-0.0016966421376707027,-1.6475731726142375
305.67925000000105,0.0,0.0,0.0,-0.0030790005072941504,0.0004976173806542878,-1.512184328662792
305.7285324999975,0.0,0.0,0.0,-0.002834740030277388,-0.00020054617795901456,-1.392695952148073
305.78790319999825,0.0,0.0,0.0,-0.0029061913540462453,0.001085210107579885,-1.287007591399325
305.83029550000356,0.0,0.0,0.0,-0.0023557455548360922,0.0010968649464437076,-1.1812902030692187
305.87809070000367,0.0,0.0,0.0,-0.0022430874586336583,-0.002501985821598432,-1.080531359263477
305.9331065000006,0.0,0.0,0.0,-0.0013083984530978343,0.0018162120400998746,-1.0192182733778816
305.9868623000002,0.0,0.0,0.0,-0.0026290669109861158,-0.0015006255959516572,-0.9684756775244077
306.0372672000012,0.0,0.0,0.0,-0.0019470148684242535,-0.000679693127346231,-0.8943878206013454
306.07714970000234,0.0,0.0,0.0,-0.0019679830143708933,-0.004118008152097079,-0.8202525591161592
306.13327550000395,0.0,0.0,0.0,-0.0016752888301071439,-0.0006196555452616342,-0.7559088035844217
306.1782180000009,0.0,0.0,0.0,-0.0015935661402211574,0.00010327156760551049,-0.6953131780388744
306.23622839999734,0.0,0.0,0.0,-0.002117567519918753,-0.007881686107196962,-0.6977507618302953
306.2894903999986,0.0,0.0,0.0,-0.0019216306636456867,0.0040696615420232115,-0.7062768784498862
306.3323085000011,0.0,0.0,0.0,-0.0018488255255776724,0.00020364259649003483,-0.7245908986450523
306.388609499998,0.0,0.0,0.0,-0.0018331027020908074,0.004316322586312141,-0.7599883443103159
306.4306093999985,0.0,0.0,0.0,-0.0015166809720449804,0.0014505791679152876,-0.8017461637920948
306.4865245000037,0.0,0.0,0.0,-0.0021655249164818473,-0.005651706959447947,-0.8177182318697163
306.53372610000224,0.0,0.0,0.0,-0.002263429994610391,0.0047074403342604754,-0.7791918873834337
306.5883659000028,0.0,0.0,0.0,-0.00148981219329381,0.0013677330305538762,-0.6803238893865043
306.62955630000215,0.0,0.0,0.0,-0.0010850420594361028,0.003260540895039639,-0.5386116475841132
306.684388499998,0.0,0.0,0.0,-0.00019693705715317922,0.0002578332566024581,-0.38434229961626265
306.73637939999753,0.0,0.0,0.0,-0.0006362690731299774,0.006466576704603301,-0.19386421421644925
306.7813457000011,0.0,0.0,0.0,1.6486413925999136e-05,0.006234415942274256,-0.08493053220436433
306.8293072000015,0.0,0.0,0.0,-7.738641441384015e-05,-0.0012705201325621698,-0.07758664811087107
306.88469780000014,0.0,0.0,0.0,-9.941118898375538e-05,-0.0006271618356841875,-0.08011665313412891
306.93168049999804,0.0,0.0,0.0,-8.134536557125402e-05,-0.000808700121877312,-0.08098196768463867
306.97986259999743,0.0,0.0,0.0,-0.00014099017307179728,-0.0009875831378057137,-0.07730555496207693
307.04032369999913,0.0,0.0,0.0,-9.773009573748311e-05,0.0006848652003018219,-0.07085894010795858
307.0790621999986,0.0,0.0,0.0,-6.18303637608214e-05,0.005761954778092452,-0.06576435071935034
307.1401702000003,0.0,0.0,0.0,-0.00010701103777219939,-0.0023926206879698398,-0.06315859481656762
307.1862132000024,0.0,0.0,0.0,-0.00011524353514644171,-0.0006078813426216344,-0.06129782235516601
307.23595190000196,0.0,0.0,0.0,-3.465955020469164e-05,0.001294299451650304,-0.05916018496767456
307.28468480000447,0.0,0.0,0.0,-0.0001585880787241084,-0.004226115098790771,-0.056791894304859245
307.33287369999744,0.0,0.0,0.0,-1.046590434759898e-05,0.0041181245667393195,-0.053937737100471506
307.38627480000287,0.0,0.0,0.0,-0.0001455392185873546,-0.004418160325760161,-0.052657540476959294
307.4386175000036,0.0,0.0,0.0,1.976036464708598e-05,0.0058389392591016095,-0.050732609399830146
307.4821854000038,0.0,0.0,0.0,-9.619107792181043e-05,-0.0016982745307562593,-0.04930223775385649
307.5349686000045,0.0,0.0,0.0,-6.875387434297526e-05,-0.0005666278093485824,-0.048052399936449705
307.580570099999,0.0,0.0,0.0,-0.00011258641150407121,-0.0011230637910931026,-0.04735030596913009
307.6356057000012,0.0,0.0,0.0,-2.6071297975401025e-05,0.0013974328711331655,-0.04630994686779401
307.67827260000195,0.0,0.0,0.0,-9.990622336839545e-05,-0.0018503135178616517,-0.04611971417362587
307.7320581000022,0.0,0.0,0.0,-8.977283199610236e-05,-0.0008633612522527417,-0.0457791032562508
307.7805296000006,0.0,0.0,0.0,-7.218518270810884e-05,-0.00023125985293095548,-0.046145885562388765
307.82801610000024,0.0,0.0,0.0,-6.556441892641999e-05,0.001699411613801348,-0.04679922637226501
307.88773070000025,0.0,0.0,0.0,-4.817148996955429e-05,0.0008362812243378272,-0.04803855458946949
307.93197379999765,0.0,0.0,0.0,-6.666431053717429e-05,-0.0021047222923520057,-0.04944722573239627
307.9878774000026,0.0,0.0,0.0,-8.194509942425444e-05,0.002140805301843662,-0.05240214958804211
308.03490500000044,0.0,0.0,0.0,-6.103208456214467e-05,0.0004073167967773516,-0.05669119463722481
308.08591680000245,0.0,0.0,0.0,-0.0001611476597135709,-0.004534252620638706,-0.06285950996375868
308.13460289999784,0.0,0.0,0.0,-9.169485875607244e-05,0.00390114044434585,-0.07196087394416217
308.18558219999977,0.0,0.0,0.0,-0.00016933930429500652,-0.002764631656769703,-0.08791883520387124
308.2348712000021,0.0,0.0,0.0,0.00021198576791904604,0.007915073531438976,-0.08042994484392241
308.2880359999981,0.0,0.0,0.0,-0.00027585526039375157,0.003037363449123155,-0.07082746748822771
308.3277429000009,0.0,0.0,0.0,-0.00022952807865061543,0.0004900639250609816,-0.060701779740221305
308.38482490000024,0.0,0.0,0.0,0.0001659059139377073,0.001768534050689704,-0.045232042868119646
308.4304009000043,0.0,0.0,0.0,-1.098875690931628e-05,-0.00035564416544020213,-0.022311231534881456
308.4773544999989,0.0,0.0,0.0,4.220255555218951e-05,-0.00042588359922011683,-5.3743112991188824e-05
308.53588239999954,0.0,0.0,0.0,-7.195191224227648e-06,-0.0009923168133936606,0.01990096507342613
308.5836315999986,0.0,0.0,0.0,2.3379125627680253e-05,-0.0004419085188118435,0.03591212396968671
308.63107709999895,0.0,0.0,0.0,5.1911604997577845e-05,-0.0007747248503709671,0.04669720949127331
308.68819030000304,0.0,0.0,0.0,-7.886826847676902e-06,-0.01269890718344073,0.012950568721622984
308.73542050000106,0.0,0.0,0.0,2.963326559294736e-06,-0.0013505074476976879,0.00509697817274688
308.78511589999835,0.0,0.0,0.0,2.5114922405063447e-06,0.00010961259569544941,0.002257005600947953
308.8394182999982,0.0,0.0,0.0,-2.3118213324857817e-07,-6.907767248736238e-06,0.0008119633834260981
308.88323800000217,0.0,0.0,0.0,-6.80930579586325e-07,-4.692506511740797e-06,0.00014794001377510665
308.9408084000024,0.0,0.0,0.0,-7.240801225602062e-07,-1.6967132275392631e-06,-0.0001466841558003904
308.98867569999857,0.0,0.0,0.0,-7.153528351777302e-07,-7.048884654121678e-07,-0.00027560963387404154
309.0334537000017,0.0,0.0,0.0,-7.05578339095961e-07,-2.5116888409053556e-07,-0.00033169584459845017
309.0857860000033,0.0,0.0,0.0,-7.00261729529059e-07,-5.2015244021285665e-08,-0.0003560445301596649
309.1369272000011,0.0,0.0,0.0,-6.977920064397029e-07,3.418473588315629e-08,-0.0003666130018047019
309.182630000003,0.0,0.0,0.0,-6.967157041773976e-07,7.14417326775419e-08,-0.00037120636002418864
309.236018100004,0.0,0.0,0.0,-6.962697695021837e-07,8.748178545512473e-08,-0.000373210056231269
309.2853224999999,0.0,0.0,0.0,-6.961007999106507e-07,9.433097127860785e-08,-0.00037409141934129894
309.3394793999978,0.0,0.0,0.0,-6.960521871053928e-07,9.719996935777281e-08,-0.00037448630876239894
309.38686769999913,0.0,0.0,0.0,-6.960556306893286e-07,9.83452103233319e-08,-0.0003746702927654217
309.43643059999886,0.0,0.0,0.0,-6.960815707254152e-07,9.87437368793135e-08,-0.0003747628202204058
309.4855424999987,0.0,0.0,0.0,-6.961172283941098e-07,9.881862328132629e-08,-0.0003748156810480486
309.5341075000033,0.0,0.0,0.0,-6.96157109047368e-07,9.875320481208938e-08,-0.0003748513358711563
309.58737600000313,0.0,0.0,0.0,-6.961988104249687e-07,9.862685354108982e-08,-0.0003748795285069376
309.6333109999978,0.0,0.0,0.0,-6.962413426410248e-07,9.847416146372584e-08,-0.0003749044870784567
309.6858444000027,0.0,0.0,0.0,-6.962842288939049e-07,9.830990377532052e-08,-0.0003749280469766791
309.73799280000094,0.0,0.0,0.0,-6.963272918875967e-07,9.814066265561542e-08,-0.0003749510049736953
309.78369080000266,0.0,0.0,0.0,-6.963704438556993e-07,9.796914863692772e-08,-0.0003749737072195356
309.83022750000237,0.0,0.0,0.0,-6.9641367180388e-07,9.779661275011544e-08,-0.00037499630418281213
309.88674249999895,0.0,0.0,0.0,-6.964569304289958e-07,9.762359017759612e-08,-0.0003750188610181462
309.93755200000305,0.0,0.0,0.0,-6.965002523777236e-07,9.745039218702656e-08,-0.0003750414062360475
309.9834639000037,0.0,0.0,0.0,-6.965435701155079e-07,9.72769731731939e-08,-0.0003750639522599833
310.03786519999994,0.0,0.0,0.0,-6.965869390942889e-07,9.710340253107093e-08,-0.0003750865044189764
310.0838514999996,0.0,0.0,0.0,-6.966303428959559e-07,9.692979933521357e-08,-0.00037510906488019403
310.1358943000014,0.0,0.0,0.0,-6.966737619472662e-07,9.675606274273211e-08,-0.00037513163490709224
310.18339320000086,0.0,0.0,0.0,-6.967172460212556e-07,9.658224792589401e-08,-0.0003751542147660786
310.23745770000096,0.0,0.0,0.0,-6.967607365444761e-07,9.640840910618945e-08,-0.0003751768047214363
310.2875206000026,0.0,0.0,0.0,-6.968042808454172e-07,9.623445076259991e-08,-0.00037519940486194464
310.33585570000287,0.0,0.0,0.0,-6.968478337238269e-07,9.606035843686643e-08,-0.00037522201522983305
310.3864539999995,0.0,0.0,0.0,-6.968914416995834e-07,9.588624596198003e-08,-0.0003752446358383786
310.43599050000194,0.0,0.0,0.0,-6.9693505666564e-07,9.571198849486177e-08,-0.0003752672666720852
310.48821000000316,0.0,0.0,0.0,-6.969787156327835e-07,9.553776801919259e-08,-0.0003752899076731823
310.5307458000025,0.0,0.0,0.0,-6.970224254163579e-07,9.53633481149978e-08,-0.0003753125590059849
310.5843490000043,0.0,0.0,0.0,-6.970661411890859e-07,9.518894450772926e-08,-0.00037533522053285773
310.638686600003,0.0,0.0,0.0,-6.971099299022908e-07,9.501436112330692e-08,-0.00037535789236699106
310.6796029000034,0.0,0.0,0.0,-6.971537071561102e-07,9.483972893147669e-08,-0.0003753805744862505
310.7344587999978,0.0,0.0,0.0,-6.971975130574308e-07,9.466503948125947e-08,-0.0003754032669083649
310.7859950999991,0.0,0.0,0.0,-6.972414012145526e-07,9.449018537534201e-08,-0.00037542596953114914
310.82922820000385,0.0,0.0,0.0,-6.972852716932434e-07,9.43152891590745e-08,-0.0003754486823924356
310.8800631999984,0.0,0.0,0.0,-6.973292043995542e-07,9.414031348894748e-08,-0.0003754714054921547
310.92857370000274,0.0,0.0,0.0,-6.973731650926009e-07,9.396521693835899e-08,-0.0003754941388458813
310.98645199999737,0.0,0.0,0.0,-6.974171493308732e-07,9.379006535737064e-08,-0.0003755168824558374
311.03609020000295,0.0,0.0,0.0,-6.974611807759507e-07,9.361486404361552e-08,-0.0003755396362642703
311.07882509999763,0.0,0.0,0.0,-6.975052270611757e-07,9.343949429725433e-08,-0.00037556240041998284
311.1339392000009,0.0,0.0,0.0,-6.975493194323599e-07,9.326405147524404e-08,-0.0003755851748208036
311.18175509999855,0.0,0.0,0.0,-6.975934581167341e-07,9.308858374760575e-08,-0.0003756079594978166
311.23401100000046,0.0,0.0,0.0,-6.976375990036238e-07,9.291296595904772e-08,-0.0003756307544599473
311.2847318999993,0.0,0.0,0.0,-6.976817774458252e-07,9.273729065523024e-08,-0.0003756535596605317
311.3333627000029,0.0,0.0,0.0,-6.977260209263602e-07,9.256148690031704e-08,-0.00037567637516616124
311.38499279999814,0.0,0.0,0.0,-6.977702747101021e-07,9.238558300881768e-08,-0.0003756992009435771
311.4312785000002,0.0,0.0,0.0,-6.978145646092251e-07,9.220963343394388e-08,-0.00037572203695500654
311.48528349999833,0.0,0.0,0.0,-6.978588520180102e-07,9.203357930098701e-08,-0.00037574488322269026
311.53530070000124,0.0,0.0,0.0,-6.979032630033374e-07,9.185740075288542e-08,-0.0003757677397975878
311.5868161000035,0.0,0.0,0.0,-6.979476167106346e-07,9.168120161872938e-08,-0.0003757906066643125
311.63488869999856,0.0,0.0,0.0,-6.979920444602692e-07,9.15047903461641e-08,-0.00037581348374947983
311.6859517999983,0.0,0.0,0.0,-6.980365027436514e-07,9.132835063982992e-08,-0.00037583637112195624
311.73025040000357,0.0,0.0,0.0,-6.980809848976171e-07,9.115184598048126e-08,-0.0003758592687129144
311.7770961999995,0.0,0.0,0.0,-6.981255152631171e-07,9.097521130754545e-08,-0.00037588217666222366
311.83199089999835,0.0,0.0,0.0,-6.981700732895295e-07,9.079851623202653e-08,-0.00037590509477672043
311.8823784999986,0.0,0.0,0.0,-6.982146627438044e-07,9.062171488570656e-08,-0.00037592802326068486
311.9296957999977,0.0,0.0,0.0,-6.982592947496561e-07,9.044482846158887e-08,-0.0003759509620541535
311.9760252999986,0.0,0.0,0.0,-6.983039508328981e-07,9.026779131973251e-08,-0.00037597391118157067
312.0338641999988,0.0,0.0,0.0,-6.983486371120473e-07,9.009068001028801e-08,-0.00037599687056299146
312.0852451000028,0.0,0.0,0.0,-6.983933414439826e-07,8.991350065237944e-08,-0.00037601984025837905
312.1336347000033,0.0,0.0,0.0,-6.984381193774577e-07,8.973617467005908e-08,-0.0003760428201655462
312.18349920000037,0.0,0.0,0.0,-6.984829274219869e-07,8.95588049179283e-08,-0.00037606581043773843
312.2330628999989,0.0,0.0,0.0,-6.985277599514238e-07,8.93812998003653e-08,-0.00037608881100835103
312.2760449999987,0.0,0.0,0.0,-6.985725915384042e-07,8.920372889472067e-08,-0.0003761118218507583
312.3310982999974,0.0,0.0,0.0,-6.986174961087657e-07,8.902602879321024e-08,-0.00037613484298710154
312.3856317000027,0.0,0.0,0.0,-6.986624312586751e-07,8.884827256199021e-08,-0.0003761578745306588
312.42830420000246,0.0,0.0,0.0,-6.987073933159683e-07,8.86703418375889e-08,-0.00037618091638151694
312.484801300001,0.0,0.0,0.0,-6.987524012729604e-07,8.849231521725291e-08,-0.00037620396851967297
312.5328219000003,0.0,0.0,0.0,-6.987974149962211e-07,8.831425679755302e-08,-0.00037622703094737994
312.5851557999995,0.0,0.0,0.0,-6.988424859817281e-07,8.81360909797247e-08,-0.00037625010367125665
312.63615740000387,0.0,0.0,0.0,-6.988875784822069e-07,8.795770732334664e-08,-0.0003762731867268658
312.6758431999988,0.0,0.0,0.0,-6.98932721250795e-07,8.777932615591676e-08,-0.0003762962800431197
312.7376820999998,0.0,0.0,0.0,-6.989778892301338e-07,8.760087074387606e-08,-0.0003763193836866565
312.7882782000015,0.0,0.0,0.0,-6.990230733394215e-07,8.742229059692803e-08,-0.00037634249764416394
312.83119850000367,0.0,0.0,0.0,-6.990683334898125e-07,8.724355269409263e-08,-0.00037636562201995066
312.8802751999974,0.0,0.0,0.0,-6.991136019791155e-07,8.706468583873109e-08,-0.0003763887567541236
312.93412560000434,0.0,0.0,0.0,-6.991588989009753e-07,8.688579193085595e-08,-0.00037641190173563906
312.9847066000002,0.0,0.0,0.0,-6.992042332919198e-07,8.670678740783869e-08,-0.000376435056984476
313.03383900000335,0.0,0.0,0.0,-6.992496099402357e-07,8.652762445099098e-08,-0.0003764582226915904
313.08366390000447,0.0,0.0,0.0,-6.992950350878245e-07,8.634840238412919e-08,-0.00037648139865713293
313.131859000001,0.0,0.0,0.0,-6.99340461479273e-07,8.616905512685675e-08,-0.0003765045850032724
313.1869250000018,0.0,0.0,0.0,-6.993859416528195e-07,8.59895859431156e-08,-0.0003765277816589077
313.2325017999974,0.0,0.0,0.0,-6.994314468766107e-07,8.581004749884117e-08,-0.00037655098868623506
313.2793987000041,0.0,0.0,0.0,-6.994770105273886e-07,8.563036945889968e-08,-0.00037657420605414105
313.33527080000204,0.0,0.0,0.0,-6.995225742833365e-07,8.545059587821252e-08,-0.00037659743371826714
313.38433700000314,0.0,0.0,0.0,-6.99568200941978e-07,8.52706700557685e-08,-0.0003766206718362112
313.4288263999988,0.0,0.0,0.0,-6.996138460175609e-07,8.509069149922066e-08,-0.00037664392020150746
313.4794708000045,0.0,0.0,0.0,-6.996595458054597e-07,8.491059413763356e-08,-0.0003766671789917619
313.5346495999984,0.0,0.0,0.0,-6.997052565407808e-07,8.473037682242338e-08,-0.00037669044810931387
313.5838436999984,0.0,0.0,0.0,-6.99751019188809e-07,8.455006190155168e-08,-0.00037671372758299194
313.6309709999987,0.0,0.0,0.0,-6.997967947596658e-07,8.436962815681557e-08,-0.00037673701745501994
313.6801754000044,0.0,0.0,0.0,-6.998426322032319e-07,8.418904154472724e-08,-0.0003767603176831671
313.73397410000325,0.0,0.0,0.0,-6.998884853486981e-07,8.400842355187401e-08,-0.00037678362828523395
313.7872248999993,0.0,0.0,0.0,-6.999343867775782e-07,8.382764275482727e-08,-0.00037680694920790513
313.830166300002,0.0,0.0,0.0,-6.999803290624339e-07,8.364676845789026e-08,-0.00037683028055998685
313.8861242999992,0.0,0.0,0.0,-7.000262698199946e-07,8.346576249457923e-08,-0.0003768536223570613
313.930180000003,0.0,0.0,0.0,-7.000722774007324e-07,8.328460378430895e-08,-0.0003768769744747234
313.98637939999753,0.0,0.0,0.0,-7.00118318592488e-07,8.310338555297592e-08,-0.0003769003369862739
314.0351213000031,0.0,0.0,0.0,-7.001643899982956e-07,8.29220098970921e-08,-0.00037692370988949954
314.08715010000014,0.0,0.0,0.0,-7.00210469291116e-07,8.2740598594034e-08,-0.0003769470931222423
314.1282452000014,0.0,0.0,0.0,-7.002566434538266e-07,8.25589740403809e-08,-0.00037697048677324987
314.18627240000205,0.0,0.0,0.0,-7.003028109688347e-07,8.237730344625531e-08,-0.00037699389078709497
314.22855620000337,0.0,0.0,0.0,-7.003490037883912e-07,8.21955005582551e-08,-0.0003770173051903979
314.2790515000015,0.0,0.0,0.0,-7.003952724413721e-07,8.201348927779158e-08,-0.0003770407300541707
314.3303442000033,0.0,0.0,0.0,-7.004415422892296e-07,8.183148925592987e-08,-0.000377064165256347
314.3848053000038,0.0,0.0,0.0,-7.004878827768765e-07,8.164931339255714e-08,-0.0003770876108723673
314.42657809999946,0.0,0.0,0.0,-7.005342194969481e-07,8.146704003142173e-08,-0.0003771110669422628
314.4778374000016,0.0,0.0,0.0,-7.005806059832382e-07,8.128464512433849e-08,-0.0003771345333793895
314.53577190000215,0.0,0.0,0.0,-7.006270460873128e-07,8.110207778648483e-08,-0.0003771580102703431
314.5837296000027,0.0,0.0,0.0,-7.006734855523527e-07,8.091946258675589e-08,-0.00037718149750414485
314.63085480000154,0.0,0.0,0.0,-7.007199910358852e-07,8.073671707003889e-08,-0.00037720499520508383
314.681276299998,0.0,0.0,0.0,-7.007665190010068e-07,8.055380745435158e-08,-0.00037722850334211366
314.735339400002,0.0,0.0,0.0,-7.008130955204068e-07,8.037075549228856e-08,-0.0003772520219418555
314.7845974000011,0.0,0.0,0.0,-7.008596864042427e-07,8.018762597870085e-08,-0.00037727555094438554
314.832951700002,0.0,0.0,0.0,-7.009063284679484e-07,8.000439089923598e-08,-0.00037729909035855375
314.8790974000003,0.0,0.0,0.0,-7.009530071705652e-07,7.982101204972528e-08,-0.00037732264019769735
314.937067400002,0.0,0.0,0.0,-7.009997200375514e-07,7.963753102339351e-08,-0.00037734620047069856
314.984807599998,0.0,0.0,0.0,-7.010464640076115e-07,7.945389573514168e-08,-0.00037736977129968657
315.0294025999974,0.0,0.0,0.0,-7.010932467590038e-07,7.927011278241058e-08,-0.00037739335257141153
315.0840317999973,0.0,0.0,0.0,-7.011400691130022e-07,7.908624068935567e-08,-0.0003774169442014939
315.1331483000031,0.0,0.0,0.0,-7.011869245907804e-07,7.890224065015403e-08,-0.0003774405463209468
315.18322679999983,0.0,0.0,0.0,-7.012338142659791e-07,7.871808295334086e-08,-0.0003774641590030455
315.2337363999977,0.0,0.0,0.0,-7.012807340639035e-07,7.853379557454261e-08,-0.00037748778203018846
315.2798918999979,0.0,0.0,0.0,-7.013276894959889e-07,7.83494472869251e-08,-0.0003775114154845252
315.3346163000024,0.0,0.0,0.0,-7.013747073091288e-07,7.816484793902791e-08,-0.00037753505942154946
315.37981740000396,0.0,0.0,0.0,-6.866001853196254e-07,2.463601897710655e-08,-0.0003774769818703242
315.42526080000243,0.0,0.0,0.0,-7.113535527231248e-07,4.338806541853068e-08,-0.00037772086998436326
315.4872514000017,0.0,0.0,0.0,-7.155667545219563e-07,5.090300349436898e-08,-0.0003778214111573731
315.53488189999916,0.0,0.0,0.0,-7.159441502723614e-07,5.053638745813557e-08,-0.0003778496067962583
315.58709120000276,0.0,0.0,0.0,-7.159149767536545e-07,5.0468360062697585e-08,-0.00037785163602528426
315.6276252000025,0.0,0.0,0.0,-6.820025020894604e-07,3.065802428931831e-08,-0.00037786191049203366
315.68443030000344,0.0,0.0,0.0,-6.97312149861228e-07,6.671816948246203e-08,-0.00037778317301290904
315.73345849999896,0.0,0.0,0.0,-7.009697906970944e-07,7.747735408037785e-08,-0.0003777324102851692
315.7804049999977,0.0,0.0,0.0,-7.014146114385347e-07,7.665114486948616e-08,-0.00037771963939353757
315.8255356000009,0.0,0.0,0.0,-7.01504821134135e-07,7.633056798241966e-08,-0.0003777262998955771
315.88659870000265,0.0,0.0,0.0,-7.01557132602374e-07,7.609968175581438e-08,-0.00037774204907623275
315.93503910000436,0.0,0.0,0.0,-7.016054720066771e-07,7.589098056799535e-08,-0.00037776195191366736
315.98680500000046,0.0,0.0,0.0,-7.016533511982711e-07,7.569470042589329e-08,-0.00037778374222273886
316.03559620000306,0.0,0.0,0.0,-7.017012196108537e-07,7.550399762992173e-08,-0.00037780639034389843
316.0844326000006,0.0,0.0,0.0,-7.017490756907386e-07,7.531586883537618e-08,-0.0003778294299632313
316.12975169999845,0.0,0.0,0.0,-7.017969796243614e-07,7.512872757162633e-08,-0.0003778526503224971
316.1796123000022,0.0,0.0,0.0,-7.018448567146042e-07,7.494189628040743e-08,-0.00037787595595585333
316.2256272000013,0.0,0.0,0.0,-7.018928115799795e-07,7.475520621021607e-08,-0.0003778993035111899
316.2784118999989,0.0,0.0,0.0,-7.019407418445694e-07,7.456855995827265e-08,-0.00037792267349306984
316.33585270000185,0.0,0.0,0.0,-7.019887452386057e-07,7.438170360411268e-08,-0.0003779460570751354
316.3779237999988,0.0,0.0,0.0,-7.020367358370585e-07,7.419485040616893e-08,-0.00037796945025842855
316.4335104999991,0.0,0.0,0.0,-7.020847728306014e-07,7.400779880961896e-08,-0.0003779928513575844
316.47735130000365,0.0,0.0,0.0,-7.021328321643966e-07,7.382062607988717e-08,-0.00037801625945113544
316.5339051999981,0.0,0.0,0.0,-7.021808839651625e-07,7.363324496226195e-08,-0.00037803967414831236
316.58423310000217,0.0,0.0,0.0,-0.00018823940115942164,0.0013944505528698514,-0.11177433437582202
316.6366896000036,0.0,0.0,0.0,-0.00048422174915421404,-0.000211189380232835,-0.27808332443544537
316.6852418999988,0.0,0.0,0.0,-0.0007907735399939967,-0.0006858067951369932,-0.4256469750278328
316.7351056999978,0.0,0.0,0.0,-0.001068258845058835,-0.0013268242512458198,-0.5640925777329767
316.7816471999977,0.0,0.0,0.0,-0.0013866956400955563,-0.0003809814994567548,-0.7103811738456389
316.83533570000145,0.0,0.0,0.0,-0.0014601164663924342,0.0019374194824969156,-0.8301023426327271
316.87498179999966,0.0,0.0,0.0,-0.0009241082864472161,-0.0023069678443749134,-0.8636475857424704
316.9362503000011,0.0,0.0,0.0,-0.0017776803309858024,-0.0029296095497999193,-0.8036618772093035
316.9760521999997,0.0,0.0,0.0,-0.001950957777406363,-0.0025402827111719577,-0.7204384888269808
317.02885439999955,0.0,0.0,0.0,-0.0013840031263006188,-0.0010607669806046226,-0.68455432080699
317.08651570000075,0.0,0.0,0.0,-0.0016125195495603464,-0.0063548279575893415,-0.7029326787393348
317.1344018000018,0.0,0.0,0.0,-0.001639878663767762,0.0008343115634987328,-0.6876426377315581
317.1819854999994,0.0,0.0,0.0,-0.0021456068539735884,0.0013250002924257744,-0.7006027437521478
317.2341770999992,0.0,0.0,0.0,-0.002226493766177287,0.0005503855675942785,-0.7266974355859296
317.28644709999935,0.0,0.0,0.0,-0.0016142871839314294,0.003051242069239414,-0.7699403393402736
317.32791250000446,0.0,0.0,0.0,-0.001866129462950855,-0.0028952977377005016,-0.8066076841911338
317.3776708000005,0.0,0.0,0.0,-0.002293910299870461,0.0005196118795318924,-0.7953663555701187
317.42766929999925,0.0,0.0,0.0,-0.0016731562861524371,0.003909456010253028,-0.7131577068715517
317.47959500000434,0.0,0.0,0.0,-0.0011398230344227512,0.0029611084138552327,-0.5595138187636263
317.5252865000002,0.0,0.0,0.0,-0.0007538875382011469,0.003080306306676349,-0.3930805443943159
317.58068130000174,0.0,0.0,0.0,0.0002015802606336001,0.0074903730713612535,-0.229238021349544
317.63420880000194,0.0,0.0,0.0,-0.00017515679810308833,-0.0005020489187546772,-0.11731018731678684
317.6875982999991,0.0,0.0,0.0,-0.00014842696350621747,0.0026593780528164444,-0.1183971005313608
317.7344768000039,0.0,0.0,0.0,-0.00011933478252796016,-0.0019323877668061121,-0.12874222324757775
317.78355820000434,0.0,0.0,0.0,-7.352287283137134e-05,0.005027812591298104,-0.14273714363861745
317.83302740000363,0.0,0.0,0.0,-0.00021758402952241427,-0.0033722066381435987,-0.15778478934376927
317.87693579999905,0.0,0.0,0.0,-0.00045572896405506237,-0.003939435676261746,-0.1768179532676704
317.93017800000234,0.0,0.0,0.0,-0.00032753679914721077,0.002963838923418999,-0.20748536327215333
317.97722310000245,0.0,0.0,0.0,-0.00043471030508990315,-0.0021634755982973953,-0.26077522405086423
318.03315020000446,0.0,0.0,0.0,-0.00013407379216194126,0.010086390331086941,-0.26255713912642814
318.0764887000041,0.0,0.0,0.0,-0.00013298365315438668,0.001586810510668103,-0.25481001132582426
318.1304971999998,0.0,0.0,0.0,-0.0003210753509893472,0.0005414780041671573,-0.24197583768463132
318.17710179999995,0.0,0.0,0.0,-0.00028891472578808526,0.0013195983946080072,-0.22767131260847634
318.2258712999974,0.0,0.0,0.0,-0.00016111568736633684,-0.0001352661606428934,-0.20713448877263269
318.28922579999926,0.0,0.0,0.0,-0.0002160289938110364,-0.0017713694324431608,-0.1820729065539018
318.33557210000436,0.0,0.0,0.0,-0.00014192429019599476,-0.0004226607420866848,-0.15191949002573485
318.38023480000265,0.0,0.0,0.0,-0.00012834143484609798,0.00020231741078485612,-0.12071512980756274
318.432613500001,0.0,0.0,0.0,-0.0007204629281645005,-0.013715711236192097,-0.20582773140093247
318.48369110000203,0.0,0.0,0.0,-0.0007262634613228695,-0.0017402020900765835,-0.36658544865452497
318.53431970000383,0.0,0.0,0.0,-0.000994693929929903,-0.0006174682703188541,-0.5293659499443975
318.58748750000086,0.0,0.0,0.0,-0.0010210447387396467,0.002458527921899904,-0.7192276715111021
318.6298523000005,0.0,0.0,0.0,-0.00157739901738137,-3.5933621145385374e-05,-0.9515715137253105
318.6784974999973,0.0,0.0,0.0,-0.0012912111423638477,-0.00019247962257728236,-1.215121231961042
318.7333734999993,0.0,0.0,0.0,-0.0020125970795395205,0.007519634395864909,-1.4707659049577517
318.78588650000165,0.0,0.0,0.0,-0.002464156975449834,0.000873025918568289,-1.7056597399777294
318.8312087000013,0.0,0.0,0.0,-0.0031611615772834563,-0.006049784405517032,-1.8688526390978901
318.8793985000011,0.0,0.0,0.0,-0.003682385650967919,-0.0017953878685868167,-1.8829495194115318
318.92806220000057,0.0,0.0,0.0,-0.004015017949340477,-0.0015142787365165621,-1.8758711996597888
318.9865929000007,0.0,0.0,0.0,-0.004193874623162735,-0.005261417575591673,-1.869595563512947
319.0272103000025,0.0,0.0,0.0,-0.0038359264160279676,0.002418806419767819,-1.8787561666139452
319.08511030000227,0.0,0.0,0.0,-0.0033451211981575615,0.005478246577809874,-1.8854057724195108
319.13408060000074,0.0,0.0,0.0,-0.0032260395935432224,0.0012482016747151032,-1.8825518541130002
319.1781755999982,0.0,0.0,0.0,-0.0033257302364217123,-0.003940648540434468,-1.8816368701327837
319.23512610000034,0.0,0.0,0.0,-0.0032804799513288982,0.00025121229286372525,-1.8823786486209937
319.2779709000024,0.0,0.0,0.0,-0.003294070017182772,-0.0001236231639703376,-1.8820595287767914
319.3340423000045,0.0,0.0,0.0,-0.003333324785361393,0.002848353559644301,-1.881635322378421
319.3791580000034,0.0,0.0,0.0,-0.002724931982308245,0.0015156881757254605,-1.8810044993427324
319.43769410000095,0.0,0.0,0.0,-0.0031910853742596382,-0.002613087470020624,-1.8817443527100561
319.48615650000283,0.0,0.0,0.0,-0.004675136052672425,0.0010818400057025681,-1.882523200076025
319.53119410000363,0.0,0.0,0.0,-0.00216838321123599,0.0014514959301769749,-1.7964299003690363
319.5852859000006,0.0,0.0,0.0,-0.004834173508398495,-0.004869279772807716,-1.6750829895979622
319.6279536000002,0.0,0.0,0.0,-0.0037333431883249148,0.0004308526323644086,-1.562791600312261
319.6770306000035,0.0,0.0,0.0,-0.002979068436156276,-0.00022822266057299993,-1.4533452543482948
319.73146490000363,0.0,0.0,0.0,-0.0024011034748046252,0.0016499563132727907,-1.3445436270674673
319.7861214000004,0.0,0.0,0.0,-0.002621992907828484,-0.002588315120714802,-1.2555480413340727
319.8271101999999,0.0,0.0,0.0,-0.0025853825851937066,-0.0008056304631100146,-1.171816709313265
319.88238419999834,0.0,0.0,0.0,-0.0024089274998239218,0.000988369047030301,-1.0946133768914301
319.93042000000423,0.0,0.0,0.0,-0.002053126708015402,0.0016853411949032976,-1.0156601925683588
319.98394969999936,0.0,0.0,0.0,-0.0018870063601120887,0.0016294976804440949,-0.9521435246688975
320.0359604000041,0.0,0.0,0.0,-0.0018477740080500365,-0.0014162147395822386,-0.8902922634313483
320.0771423000042,0.0,0.0,0.0,-0.0019842333557736295,-0.0041040263897998315,-0.8338571327094535
320.13338659999863,0.0,0.0,0.0,-0.0018277181169206293,-0.0007190483617886262,-0.7755484097578782
320.1836572000029,0.0,0.0,0.0,-0.0016515538694969263,0.0002728029066151316,-0.7275673684684719
320.23005820000253,0.0,0.0,0.0,-0.001797400353248242,0.0028470375270010216,-0.7355089636937738
320.2789292000016,0.0,0.0,0.0,-0.0017228908727533133,-0.0030474814278087835,-0.7165163642504011
320.33557080000173,0.0,0.0,0.0,-0.0017863294052547257,-0.00515469307444488,-0.70955476100526
320.38063890000194,0.0,0.0,0.0,-0.0018651623698364948,0.0013135467242756714,-0.715109826229978
320.4353506999978,0.0,0.0,0.0,-0.0020148168990036302,0.001374082322090186,-0.7307033214956284
320.4835163000025,0.0,0.0,0.0,-0.0019517526385086812,0.0008675448711336956,-0.7613493320952316
320.53583269999945,0.0,0.0,0.0,-0.0019488527573250643,0.003023248265622426,-0.805687060696165
320.5767185000004,0.0,0.0,0.0,-0.002423896772492862,-0.004782225092497873,-0.8310597915850033
320.6340940000009,0.0,0.0,0.0,-0.002002371843053713,0.006467295533377547,-0.8163751090733212
320.68130770000425,0.0,0.0,0.0,-0.0020066787204695135,-3.012631830586595e-05,-0.7324205217533422
320.7275953999997,0.0,0.0,0.0,-0.0010587030741746899,0.0028787216694462353,-0.5827775791756663
320.7868544000012,0.0,0.0,0.0,-0.0006562757456883507,0.005310963072715615,-0.43020937617493726
320.83148220000294,0.0,0.0,0.0,0.00019703907107850537,0.014642751749985273,-0.33871260909577877
320.886731300001,0.0,0.0,0.0,-0.0004082147817502794,0.0027068492292158697,-0.2751593342312749
320.93386830000236,0.0,0.0,0.0,0.0004729536575438937,0.000992312964327901,-0.20655024790344412
320.9844940999974,0.0,0.0,0.0,0.0001888186615455498,-0.0015039997874449103,-0.13730381276281262
321.03480110000237,0.0,0.0,0.0,6.91628773258522e-05,0.0009308595934065517,-0.06422978301129827
321.0777478000018,0.0,0.0,0.0,-0.00014872400449030603,-0.0015840052609944878,0.0021178884089358917
321.1378702000002,0.0,0.0,0.0,5.612136031204068e-05,-7.385780730131433e-05,0.03703176949942431
321.18602490000194,0.0,0.0,0.0,3.6426726194825634e-05,-0.0003659650708078309,0.04383362186229836
321.2290928000002,0.0,0.0,0.0,-0.00014940291205474556,-0.010074940555980978,0.01624307275035788
321.2826107000001,0.0,0.0,0.0,-3.6068939923672796e-05,-0.004556941019101455,0.00022362648123631484
321.3304405000017,0.0,0.0,0.0,7.4504152373814765e-06,0.00011701189523484412,-5.1541962600441705e-05
321.3827171000012,0.0,0.0,0.0,4.151483443248713e-06,2.1490163562788645e-05,-0.0002331966528628155
321.42641159999766,0.0,0.0,0.0,1.6736379203389426e-06,-2.219384796339529e-06,-0.0003240991064055826
321.4803654999996,0.0,0.0,0.0,4.3594865713849416e-07,-3.7645474574960136e-07,-0.00036742051475606224
321.52877060000174,0.0,0.0,0.0,-1.737553278785215e-07,-1.597822798736046e-07,-0.0003882271542061655
321.58511179999914,0.0,0.0,0.0,-4.654034300585493e-07,-1.119816254708472e-07,-0.0003983170252341627
321.63152550000086,0.0,0.0,0.0,-6.040780571284568e-07,-8.397676416777461e-08,-0.00040331178932252775
321.6804120000015,0.0,0.0,0.0,-6.701217652816395e-07,-7.079587532561129e-08,-0.00040588512685968376
321.7350503999987,0.0,0.0,0.0,-7.017230738697852e-07,-6.468231931733317e-08,-0.0004073071974230878
321.77919960000145,0.0,0.0,0.0,-7.169917785256503e-07,-6.186550590590601e-08,-0.00040818131160307014
321.8352171000006,0.0,0.0,0.0,-7.245135224053561e-07,-6.060866225412687e-08,-0.0004087940439206142
321.8817357000007,0.0,0.0,0.0,-7.283589247544481e-07,-6.008978481457545e-08,-0.00040928153360050677
321.9366558000038,0.0,0.0,0.0,-7.304585502931102e-07,-5.992020020140349e-08,-0.0004097084657127221
321.97945340000297,0.0,0.0,0.0,-7.317281925975685e-07,-5.991549073625349e-08,-0.0004101055801532028
322.03442290000385,0.0,0.0,0.0,-7.326023125650062e-07,-5.998846473128197e-08,-0.0004104874899812374
322.08593040000414,0.0,0.0,0.0,-7.332870887632804e-07,-6.009770412023377e-08,-0.00041086114523565016
322.13527199999953,0.0,0.0,0.0,-7.338803553438161e-07,-6.022376997521883e-08,-0.0004112298546140155
322.18150009999954,0.0,0.0,0.0,-7.344286098919708e-07,-6.035715551561052e-08,-0.00041159519481265565
322.2357054000022,0.0,0.0,0.0,-7.349538743919447e-07,-6.049360962294699e-08,-0.00041195792061099457
322.2784157999995,0.0,0.0,0.0,-7.354666514630882e-07,-6.063097644215992e-08,-0.00041231839490521883
322.3283661000023,0.0,0.0,0.0,-7.359719041978186e-07,-6.076826093386417e-08,-0.0004126767949536947
322.3865128000034,0.0,0.0,0.0,-7.364720310132768e-07,-6.090507001829756e-08,-0.0004130332094023358
322.4345708000037,0.0,0.0,0.0,-7.3696813936441e-07,-6.104112715110267e-08,-0.0004133876846286466
322.48641209999914,0.0,0.0,0.0,-7.374608054617961e-07,-6.117637498039118e-08,-0.0004137402469888311
322.5341608000017,0.0,0.0,0.0,-7.379502539136731e-07,-6.131066145517716e-08,-0.00041409091327149065
322.58543030000146,0.0,0.0,0.0,-7.384366810093081e-07,-6.144413490088526e-08,-0.00041443969575442365
322.6344601000019,0.0,0.0,0.0,-7.38920108651052e-07,-6.157662543578356e-08,-0.000414786604323038
322.6852237999992,0.0,0.0,0.0,-7.394005775777208e-07,-6.170823275398413e-08,-0.00041513164812998713
322.7314114000037,0.0,0.0,0.0,-7.398781440857042e-07,-6.183893398256568e-08,-0.0004154748353553497
322.78497240000434,0.0,0.0,0.0,-7.403527598380219e-07,-6.19687322575223e-08,-0.0004158161747688278
322.8380814999982,0.0,0.0,0.0,-7.408245219590872e-07,-6.209767835753949e-08,-0.00041615567383659273
322.87771220000286,0.0,0.0,0.0,-7.41293393330377e-07,-6.222564008405463e-08,-0.00041649334051897764
322.9340860000011,0.0,0.0,0.0,-7.417594213345241e-07,-6.235275191232808e-08,-0.0004168291827695898
322.98510220000026,0.0,0.0,0.0,-7.422226022206264e-07,-6.247900637441124e-08,-0.00041716320805246763
323.0314049000008,0.0,0.0,0.0,-7.426829119492408e-07,-6.260435694091593e-08,-0.00041749542461104266
323.0858655999982,0.0,0.0,0.0,-7.431403994454446e-07,-6.272879778699348e-08,-0.00041782583985046487
323.1317162999985,0.0,0.0,0.0,-7.435951217369675e-07,-6.285246606361353e-08,-0.00041815446134019576
323.18266230000154,0.0,0.0,0.0,-7.440470107091792e-07,-6.297519228899618e-08,-0.00041848129651434813
323.2356953999988,0.0,0.0,0.0,-7.444961065881979e-07,-6.30970354953456e-08,-0.0004188063531377946
323.2760542000033,0.0,0.0,0.0,-7.44942426287224e-07,-6.321806795105398e-08,-0.00041912963865346395
323.3267988000007,0.0,0.0,0.0,-7.453860251837642e-07,-6.3338264536737e-08,-0.00041945116026443876
323.38830730000336,0.0,0.0,0.0,-7.458268078007814e-07,-6.345752176411437e-08,-0.0004197709255258735
323.43758399999933,0.0,0.0,0.0,-7.462648839888372e-07,-6.357607546333575e-08,-0.0004200889420460438
323.4865828000038,0.0,0.0,0.0,-7.467002165301893e-07,-6.369368952157144e-08,-0.00042040521681938455
323.53192259999923,0.0,0.0,0.0,-7.471328476778743e-07,-6.381047440121824e-08,-0.00042071975706786885
323.5853991999975,0.0,0.0,0.0,-7.475627837616045e-07,-6.392644561062103e-08,-0.00042103257008788305
323.63461919999827,0.0,0.0,0.0,-7.4798998533239e-07,-6.4041577376526e-08,-0.0004213436630581689
323.6842011999979,0.0,0.0,0.0,-7.484145138026384e-07,-6.41559179842967e-08,-0.00042165304324397906
323.7293798000028,0.0,0.0,0.0,-7.488363683301225e-07,-6.426943685508472e-08,-0.0004219607178984056
323.7842825999978,0.0,0.0,0.0,-7.492555657689099e-07,-6.438214977034408e-08,-0.0004222666939903098
323.8348221999986,0.0,0.0,0.0,-7.496721216236379e-07,-6.449405922356075e-08,-0.00042257097843526254
323.88741590000427,0.0,0.0,0.0,-7.500860292026766e-07,-6.460512213726583e-08,-0.0004228735782776389
323.9364074999976,0.0,0.0,0.0,-7.504973172311337e-07,-6.47154672102731e-08,-0.00042317450041190864
323.9780746000033,0.0,0.0,0.0,-7.509059848409059e-07,-6.482492386288199e-08,-0.0004234737514683231
324.0283550000022,0.0,0.0,0.0,-7.513120380866006e-07,-6.493363630689954e-08,-0.0004237713388043362
324.08747399999993,0.0,0.0,0.0,-7.517154834846242e-07,-6.504158836160278e-08,-0.0004240672693210931
324.13488209999923,0.0,0.0,0.0,-7.521163775855877e-07,-6.514875459967227e-08,-0.00042436154930130014
324.18646560000343,0.0,0.0,0.0,-7.525146681986727e-07,-6.525508225567982e-08,-0.0004246541860191881
324.23442680000153,0.0,0.0,0.0,-7.529103922000191e-07,-6.536075042640596e-08,-0.0004249451859850845
324.2858957999997,0.0,0.0,0.0,-7.533035992055954e-07,-6.546557245072232e-08,-0.00042523455570485
324.32909669999935,0.0,0.0,0.0,-7.536942522841846e-07,-6.556964847024685e-08,-0.00042552230192757247
324.3827595000039,0.0,0.0,0.0,-7.540823463163658e-07,-6.567294631456335e-08,-0.00042580843136233763
324.43505300000106,0.0,0.0,0.0,-7.544679149044508e-07,-6.577553513804036e-08,-0.0004260929507359654
324.4846800000014,0.0,0.0,0.0,-7.548510020995888e-07,-6.587736698809493e-08,-0.00042637586641776956
324.5384219999978,0.0,0.0,0.0,-7.552315558800321e-07,-6.59784340980317e-08,-0.0004266571850058562
324.5833266000045,0.0,0.0,0.0,-7.55609675528692e-07,-6.60787709487403e-08,-0.00042693691261858286
324.63433649999934,0.0,0.0,0.0,-7.559852632054321e-07,-6.617836911048043e-08,-0.00042721505589073333
324.6850429000042,0.0,0.0,0.0,-7.563584260666378e-07,-6.627721198511933e-08,-0.00042749162107055285
324.7310895999981,0.0,0.0,0.0,-7.567290619023174e-07,-6.637534390457327e-08,-0.00042776661501154527
324.78419759999815,0.0,0.0,0.0,-7.570973172696521e-07,-6.647283129415918e-08,-0.0004280400434867476
324.8318428999992,0.0,0.0,0.0,-7.574630964751536e-07,-6.656940568906892e-08,-0.00042831191281784964
324.8839876999991,0.0,0.0,0.0,-7.578264538550524e-07,-6.66654055549257e-08,-0.00042858222944855515
324.93510999999853,0.0,0.0,0.0,-7.581873821794821e-07,-6.676069301595733e-08,-0.0004288509996693941
324.98207759999787,0.0,0.0,0.0,-7.585459030796585e-07,-6.685524672613452e-08,-0.00042911822958102697
325.0305842000016,0.0,0.0,0.0,-7.589020501834373e-07,-6.69490906285918e-08,-0.00042938392524191637
325.08622260000266,0.0,0.0,0.0,-7.592557486390733e-07,-6.704222106383506e-08,-0.00042964809296597187
325.1264530000044,0.0,0.0,0.0,-7.596070978937078e-07,-6.713471991405453e-08,-0.00042991073880049814
325.18864439999743,0.0,0.0,0.0,-7.599560765749368e-07,-6.72264811574879e-08,-0.0004301718688783867
325.23378799999773,0.0,0.0,0.0,-7.603026841343826e-07,-6.731757783464769e-08,-0.00043043148906162334
325.28368860000046,0.0,0.0,0.0,-7.606469577695914e-07,-6.740797900197551e-08,-0.000430689605307635
325.3364742999984,0.0,0.0,0.0,-7.609888744750209e-07,-6.74976489243866e-08,-0.0004309462235583593
325.3901235000012,0.0,0.0,0.0,-7.613284658571464e-07,-6.758672249360864e-08,-0.0004312013497434789
325.4320215999978,0.0,0.0,0.0,-7.616657214682109e-07,-6.767506458343888e-08,-0.0004314549897838221
325.4823742000008,0.0,0.0,0.0,-7.620006526984802e-07,-6.77627935018585e-08,-0.0004317071499299438
325.53138780000154,0.0,0.0,0.0,-7.623332833398111e-07,-6.784987168748389e-08,-0.00043195783582953044
325.5871294000026,0.0,0.0,0.0,-7.626636211604187e-07,-6.793629161584116e-08,-0.0004322070530925362
325.63191260000167,0.0,0.0,0.0,-7.629916727840038e-07,-6.802198275297143e-08,-0.00043245480748545565
325.6842035000009,0.0,0.0,0.0,-7.63317437861463e-07,-6.810704746054149e-08,-0.0004327011048214251
325.72974650000106,0.0,0.0,0.0,-7.636409479966523e-07,-6.819152798736579e-08,-0.0004329459509468572
325.7807052999997,0.0,0.0,0.0,-7.639622041093732e-07,-6.827531196669681e-08,-0.00043318935114863296
325.83232439999847,0.0,0.0,0.0,-7.642811922991657e-07,-6.835840934729064e-08,-0.00043343131116773325
325.8866074000034,0.0,0.0,0.0,-7.645979509226232e-07,-6.844094249175247e-08,-0.0004336718368494572
325.9297437999994,0.0,0.0,0.0,-7.649124322295111e-07,-6.852283051040811e-08,-0.0004339109339881025
325.9857622999989,0.0,0.0,0.0,-7.652247110874316e-07,-6.860409191625319e-08,-0.0004341486079459851
326.035890500003,0.0,0.0,0.0,-7.655347768628922e-07,-6.868476095280824e-08,-0.00043438486441745413
326.0841247999997,0.0,0.0,0.0,-7.658426405148622e-07,-6.876477527396475e-08,-0.0004346197086161087
326.1327661000032,0.0,0.0,0.0,-7.66148313954211e-07,-6.884416944825964e-08,-0.00043485314613746846
326.1851028000019,0.0,0.0,0.0,-7.664517964619868e-07,-6.892293294590227e-08,-0.00043508518206746883
326.23065789999964,0.0,0.0,0.0,-7.66753079892937e-07,-6.900109951164586e-08,-0.0004353158223480368
326.28433799999766,0.0,0.0,0.0,-7.670521713103512e-07,-6.907869334910866e-08,-0.00043554507238928794
326.3336872,0.0,0.0,0.0,-7.673491337878092e-07,-6.915567641075213e-08,-0.00043577293727821106
326.38624189999973,0.0,0.0,0.0,-7.676439367397555e-07,-6.923207977878062e-08,-0.000435999422442719
326.43251020000025,0.0,0.0,0.0,-7.679365787407608e-07,-6.930783205195835e-08,-0.00043622453310419314
326.4801487000004,0.0,0.0,0.0,-7.682270936562536e-07,-6.93830180058125e-08,-0.0004364482747937424
326.52730619999784,0.0,0.0,0.0,-7.68515439899277e-07,-6.945761873661434e-08,-0.00043667065267283354
326.577859099998,0.0,0.0,0.0,-7.688016871756598e-07,-6.953166274940966e-08,-0.00043689167205160676
326.638431899999,0.0,0.0,0.0,-7.690858288509594e-07,-6.960513156943162e-08,-0.0004371113380404281
326.68828239999857,0.0,0.0,0.0,-7.693678552908981e-07,-6.967797109939819e-08,-0.00043732965580295537
326.73152400000254,0.0,0.0,0.0,-7.696477592161586e-07,-6.975033227330012e-08,-0.00043754663078706893
326.7859521999999,0.0,0.0,0.0,-7.699256246563526e-07,-6.98220806621344e-08,-0.0004377622675235137
326.8310979000016,0.0,0.0,0.0,-7.702013655281398e-07,-6.989318067027397e-08,-0.00043797657144913044
326.8854616000026,0.0,0.0,0.0,-7.704750499176855e-07,-6.99638213948047e-08,-0.0004381895477208561
326.93587149999803,0.0,0.0,0.0,-7.707466706336111e-07,-7.003391664603415e-08,-0.0004384012012947336
326.9759103000033,0.0,0.0,0.0,-7.710162061736878e-07,-7.010338746388342e-08,-0.0004386115372778084
327.03380650000327,0.0,0.0,0.0,-7.712837156536053e-07,-7.01723432610145e-08,-0.0004388205606238515
327.0798777000018,0.0,0.0,0.0,-7.715491741395489e-07,-7.024079591618074e-08,-0.0004390282763855148
327.1336545000013,0.0,0.0,0.0,-7.718126112023012e-07,-7.030862096261668e-08,-0.00043923468918906974
327.1857212000032,0.0,0.0,0.0,-0.00042187845098077815,0.001108151883220204,-0.12724616458346358
327.23107660000096,0.0,0.0,0.0,-0.000703565494775637,9.366926002974493e-05,-0.2967844049679335
327.2841444000005,0.0,0.0,0.0,-0.0006811204848206078,0.002296710873748476,-0.439847533355952
327.33202970000275,0.0,0.0,0.0,-0.0009971231474290383,-0.00211810566349052,-0.5769513809707237
327.3863031000001,0.0,0.0,0.0,-0.0014071587207444467,-0.0015715742352247278,-0.7188891436513684
327.4349497000003,0.0,0.0,0.0,-0.0012523467037159675,0.0032164065810603142,-0.8285885422177008
327.4787904000041,0.0,0.0,0.0,-0.0017650763700331566,-0.00564661868237009,-0.8322697375917274
327.5371778999979,0.0,0.0,0.0,-0.0019761528507752603,-0.0017311037374236455,-0.7886356594633588
327.5827542000043,0.0,0.0,0.0,-0.0016923599828752222,-0.0004392180405118661,-0.8031245123226062
327.62539259999903,0.0,0.0,0.0,-0.0017968561835969466,0.00026012879268302327,-0.8409181921657559
327.68060730000434,0.0,0.0,0.0,-0.0017868921607041102,-0.00022505096795480628,-0.8562461714174535
327.739035300001,0.0,0.0,0.0,-0.0014248428619731248,-0.0007801075801277679,-0.8723422631677031
327.78320189999795,0.0,0.0,0.0,-0.0025399497976743585,-0.0029434183527776428,-0.9010690552004135
327.8366584000032,0.0,0.0,0.0,-0.002662351457386619,2.5607204594320436e-05,-0.9437394159037137
327.87993730000017,0.0,0.0,0.0,-0.002555775834351781,-0.0015518212037808133,-0.9963376478779319
327.92664479999803,0.0,0.0,0.0,-0.0015435885145019456,0.0005246109181731014,-1.0201750794274405
327.98457269999926,0.0,0.0,0.0,-0.0020402504651829334,0.0009964564735743422,-0.9893278932517762
328.0359172000026,0.0,0.0,0.0,-0.0008766144880803289,0.005047747115284912,-0.9079756200014852
328.08505600000353,0.0,0.0,0.0,-0.0016458949147067096,0.002023044432220571,-0.7670192570698054
328.13507820000086,0.0,0.0,0.0,-0.001531695654903323,0.002630212069008315,-0.5022168151918118
328.1809713000039,0.0,0.0,0.0,0.0004250181783298368,0.005465009719814661,-0.256136066673785
328.23560060000455,0.0,0.0,0.0,-0.00036664853515147274,-0.0016006921208709455,-0.03690069025709987
328.277156199998,0.0,0.0,0.0,0.0013080007968236187,-0.00012144661532291774,0.16805803073147604
328.3363557999983,0.0,0.0,0.0,0.00019760854974356244,0.005692545669166026,0.25521766858370176
328.38353949999873,0.0,0.0,0.0,0.0004931840342015684,-0.006954993167441167,0.2445026630363097
328.43834739999875,0.0,0.0,0.0,0.00018549061565172677,0.0030232826532553144,0.21616885298255825
328.4762439999977,0.0,0.0,0.0,0.00017479261931414,0.00017643033807822334,0.19369043810737108
328.5349292000028,0.0,0.0,0.0,0.0002897469370102868,-0.0019190217228600944,0.18720505342318966
328.5866676000005,0.0,0.0,0.0,0.00035335335545747334,0.0025899053484052964,0.18774754726942883
328.62993840000127,0.0,0.0,0.0,0.00037770943773924616,-0.00237089108026531,0.18372922341954934
328.6815506999992,0.0,0.0,0.0,0.0003035742837366655,0.0037218242258050954,0.17830232572749957
328.7321948000026,0.0,0.0,0.0,0.00040865611483800626,-0.000369396021891656,0.1709545523898348
328.7828692000039,0.0,0.0,0.0,0.0003413267126077245,-0.0008139493213405416,0.16793625477071691
328.835404999998,0.0,0.0,0.0,-0.00012068461509200703,-0.0008515969189265272,0.16541780134560077
328.88315929999953,0.0,0.0,0.0,9.97082878564684e-06,0.0023262555123663123,0.16345490043780897
328.9334297000023,0.0,0.0,0.0,0.0007234907853321454,0.0009693962368252379,0.1632704854999999
328.9879546000011,0.0,0.0,0.0,0.00030261503802384064,0.0004759130814968167,0.1610968650230491
329.02816229999735,0.0,0.0,0.0,0.00019274601700588795,0.003012514398214449,0.1646558960654218
329.07619010000053,0.0,0.0,0.0,0.0001247350589256523,-0.0031335671849615923,0.16676548792358364
329.1346243000007,0.0,0.0,0.0,0.00018203902920369656,0.0018229233593695824,0.17293019793338454
329.1839093000017,0.0,0.0,0.0,8.131954043051735e-05,0.0021059451746073773,0.17970037399539032
329.2350628999993,0.0,0.0,0.0,-0.00018776854362245456,-0.004144536498978344,0.19125782382764872
329.282329499998,0.0,0.0,0.0,0.0015883928732926338,-0.0035765505101951183,0.20352820052287324
329.3353958000007,0.0,0.0,0.0,0.0008675599487515289,0.0030071843477999715,0.23446964534781312
329.3784355000025,0.0,0.0,0.0,0.0004147796405584389,0.0012704724390144777,0.2753076298588191
329.43583919999946,0.0,0.0,0.0,0.0007412445063305856,-0.004856978744798714,0.34426550730513844
329.48556810000446,0.0,0.0,0.0,0.00037056559374058133,0.009292231050549013,0.36139604526558017
329.53122129999974,0.0,0.0,0.0,0.000538908498294262,0.002244185224807061,0.3589477267546506
329.58126959999936,0.0,0.0,0.0,-0.00012173661618856598,-0.00018429370770687054,0.3517517166942385
329.6334225000028,0.0,0.0,0.0,5.434280923906928e-05,0.0008322112065096993,0.33307778737040283
329.67914680000104,0.0,0.0,0.0,0.00044357405053932573,-0.00030119484386234585,0.30862063432391496
329.7341731999986,0.0,0.0,0.0,0.00024863984114953364,-5.282874497871507e-05,0.2848982816977855
329.78453609999997,0.0,0.0,0.0,0.00021009268495617413,-0.0004989846974379887,0.25948000401093585
329.8369076000017,0.0,0.0,0.0,-0.000305035156794355,-0.00031964993677141004,0.2289709090174733
329.89156450000155,0.0,0.0,0.0,6.997330168934714e-05,-0.014900744545292747,0.3155625978813447
329.9361048999999,0.0,0.0,0.0,0.0005872967450127012,-0.001795754473841497,0.5034171972090353
329.9833819999985,0.0,0.0,0.0,0.0015351684158492545,-0.0016158914546739607,0.6764871815498827
330.034298700004,0.0,0.0,0.0,0.001278331431850718,0.002982083435247747,0.879161263075356
330.0897463000001,0.0,0.0,0.0,0.0020545965139776145,0.0010886111131900007,1.1551447974017979
330.1365300000034,0.0,0.0,0.0,0.0023842997342399205,0.004853825167324329,1.4008797599852767
330.18268560000433,0.0,0.0,0.0,0.0025002940005002094,0.0006909708222031803,1.6118248580969896
330.22973150000325,0.0,0.0,0.0,0.0035172263739573716,-0.006975734971494591,1.818407349855068
330.28672989999905,0.0,0.0,0.0,0.0035852033579602503,-0.0013364114159787415,1.8764371660164112
330.3359117,0.0,0.0,0.0,0.003606666055640957,-0.0007114875123617645,1.8839275717677006
330.38599980000436,0.0,0.0,0.0,0.0034926973311398195,-0.00043920554006797707,1.8771254069170222
330.426346799999,0.0,0.0,0.0,0.0036654852885067138,-0.0031326532641867046,1.8828632397942215
330.487570199999,0.0,0.0,0.0,0.0036719462843752245,0.002122270037358624,1.8808400791490578
330.5375650999995,0.0,0.0,0.0,0.0037518881880261694,-7.134789185770168e-05,1.8844003450994475
330.58251120000205,0.0,0.0,0.0,0.003326415666627767,0.0022231182072580445,1.8817971131847009
330.6269422999976,0.0,0.0,0.0,0.0034611531140633367,-0.0014714588642000942,1.882169979128156
330.6904202000005,0.0,0.0,0.0,0.003492685695898532,-0.0004438460155769378,1.88207326667332
330.73637430000235,0.0,0.0,0.0,0.0036666681164899016,0.0007357169578199728,1.882370702346491
330.78753960000176,0.0,0.0,0.0,0.0033630495358400463,0.0005925767872145401,1.8819952581834942
330.8286603000015,0.0,0.0,0.0,0.003463453930659145,-0.0012956735131540815,1.8822455794035982
330.8885674999983,0.0,0.0,0.0,0.0028172890428705493,0.001461329531338327,1.88244122899746
330.9407893000025,0.0,0.0,0.0,0.00450580238661797,0.00027028968872874857,1.783929974004634
330.97934579999855,0.0,0.0,0.0,0.0039802140270286095,-0.0008862178480346159,1.6523201460236554
331.03616989999864,0.0,0.0,0.0,0.003266919844636715,-0.0018357917665532074,1.5368713173460382
331.08268800000224,0.0,0.0,0.0,0.0028686804542224927,2.8040893689362594e-05,1.4321545992209626
331.1357569000029,0.0,0.0,0.0,0.002730336207120085,0.00020539671908058403,1.3305164280328075
331.18519350000133,0.0,0.0,0.0,0.0027252459783997374,-4.511282076050856e-05,1.2369659237199244
331.23039699999936,0.0,0.0,0.0,0.0023314631558099138,-0.00013786118248721086,1.1540201149552871
331.28554319999967,0.0,0.0,0.0,0.0021320011050034683,-0.00044139127662938847,1.0802540039697572
331.3293402999989,0.0,0.0,0.0,0.002118432826112504,0.0001399389515105135,1.005783267439491
331.3900864000025,0.0,0.0,0.0,0.0017511219727915461,0.0023672313130538554,0.9390609520956648
331.43604819999746,0.0,0.0,0.0,0.0020730122933021273,-0.005755082703537921,0.8759084312973074
331.47691289999784,0.0,0.0,0.0,0.0018699095990963332,-0.0010119064392469,0.8193934291585542
331.5317978000021,0.0,0.0,0.0,0.0018055418799369457,-6.172624904514311e-05,0.7695260828556714
331.5900126999986,0.0,0.0,0.0,0.0017356513756695273,-0.00018199471460812532,0.7180899345448379
331.63237690000096,0.0,0.0,0.0,0.0015143652141560201,0.00010026482791194638,0.6723387418100268
331.6855455000041,0.0,0.0,0.0,0.0017946399868775,-0.005237586735625688,0.6657585597164185
331.73564649999753,0.0,0.0,0.0,0.0015925569930273274,0.0013445738275018326,0.656225971691639
331.7892694999973,0.0,0.0,0.0,0.0016082072563894571,0.000876913119455547,0.6565485023889193
331.8305141000019,0.0,0.0,0.0,0.0014174302873004273,0.0022116112773614533,0.661512203794832
331.8805238999994,0.0,0.0,0.0,0.0015344836741796883,0.0008419919112788304,0.6739154161465465
331.9283056999993,0.0,0.0,0.0,0.0013361950591095231,0.0003884339944056288,0.6734508135003394
331.9890035999997,0.0,0.0,0.0,0.0017120234127606792,0.0014703749379352685,0.629420976196368
332.0361002999998,0.0,0.0,0.0,0.0010042722945059093,0.003941634159273363,0.49779723946230486
332.0757209000003,0.0,0.0,0.0,0.000712929107312045,-0.0014216489841170838,0.32246320001884626
332.1327600000004,0.0,0.0,0.0,-0.00018527082040450816,0.026494896668365783,0.21666060920186606
332.18663570000354,0.0,0.0,0.0,0.0002768265312791088,-0.007027625518750514,0.17701997169321748
332.23652859999856,0.0,0.0,0.0,7.330240771177187e-05,0.0018968322562486198,0.11326560186275807
332.28600639999786,0.0,0.0,0.0,3.014860999192223e-05,0.00022005222494324633,0.07791235848308017
332.33598399999755,0.0,0.0,0.0,-1.4722151477893221e-05,-3.385818228171792e-05,0.04165718992821741
332.38075879999815,0.0,0.0,0.0,3.825480728162968e-05,-0.0011229608691212516,0.008828282170141036
332.4360663999978,0.0,0.0,0.0,-2.731003628298653e-05,-0.0011459731928189648,-0.019677609172171304
332.4786643000043,0.0,0.0,0.0,-0.00010315428071366207,-0.010798268085312868,-0.014193379915357893
332.53506310000375,0.0,0.0,0.0,-8.422558661232923e-05,-0.005196615916094187,-0.0010891026812374029
332.5861597999974,0.0,0.0,0.0,4.942690891029517e-05,0.0006916529117475895,-0.001229258321916183
332.6366760000019,0.0,0.0,0.0,-8.626327607081028e-05,-5.157895475659414e-05,-0.0008830776197374913
332.6844978000008,0.0,0.0,0.0,-3.217337425681311e-05,-0.0005481390580260675,-0.0007849368936315235
332.72694340000453,0.0,0.0,0.0,-6.797428252680684e-06,-3.538816136292536e-05,-0.0006630810817372595
332.7767912999989,0.0,0.0,0.0,-1.289097748992782e-06,-4.397400021514539e-05,-0.00043475224846932037
332.8377676000018,0.0,0.0,0.0,3.3287329019373346e-05,0.00031180018824506823,-0.00019845737602469792
332.8880793999997,0.0,0.0,0.0,4.5498487528238114e-05,0.0006304102120277284,-0.00012418758843768348
332.93069249999826,0.0,0.0,0.0,-4.8996840994833916e-05,-0.0005601027828547524,-6.283851675992113e-05
332.98516850000306,0.0,0.0,0.0,-8.857606227320258e-06,-1.0029117947962864e-05,-3.242660026479983e-05
333.0317714999983,0.0,0.0,0.0,2.934860925786509e-05,9.338473873130212e-05,9.350902696542051e-06
333.0874249999979,0.0,0.0,0.0,-2.7894079212011968e-06,-0.0002456846249375201,4.455773390969587e-05
333.13620960000117,0.0,0.0,0.0,6.171078861246193e-06,0.0006495775581335973,-6.639003270327616e-05
333.1858444000027,0.0,0.0,0.0,-2.5253136075813798e-05,-0.00040159402253551714,-9.035526072051969e-05
333.22712590000447,0.0,0.0,0.0,-8.851233383263114e-06,-0.00011045387151213528,-0.00019047039140525414
333.27975239999796,0.0,0.0,0.0,3.122412837591882e-05,-8.235239062975619e-05,-0.00013885402155044486
333.33445909999864,0.0,0.0,0.0,-1.5486288080598097e-05,0.00012736658469759035,-5.655337114650563e-05
333.3804795000033,0.0,0.0,0.0,1.525156673222566e-05,0.00041998366823618467,-5.9040046641794204e-05
333.434330600001,0.0,0.0,0.0,-1.1304208787449317e-05,2.9411465628164566e-05,-0.00028520416830544115
333.4855735000019,0.0,0.0,0.0,-3.372969214712168e-05,-0.00044197157241648334,-0.0004616754519895576
333.5341651999988,0.0,0.0,0.0,1.6046133484306184e-05,-0.00037455142084832113,-0.00039753541190721994
333.58563760000106,0.0,0.0,0.0,8.820285108898469e-06,0.00042078687711432803,-0.0003667015194522842
333.626425800001,0.0,0.0,0.0,-2.2776520823666735e-07,-0.00017462395344630086,-0.0001300923943236136
333.6871081999998,0.0,0.0,0.0,2.8539128299481083e-06,-0.0002664260236014643,-0.0001768823329108802
333.7400540000017,0.0,0.0,0.0,-4.482231180830986e-06,0.00035935534629162873,-0.0003612932175938149
333.783122300003,0.0,0.0,0.0,-1.0046159520270586e-05,7.884227050639147e-05,-0.00046167726615300644
333.8292273000043,0.0,0.0,0.0,-1.6278316949154833e-06,-0.0003097643452816773,-3.5350052358906536e-05
333.88117420000344,0.0,0.0,0.0,-1.402888204935922e-05,3.5451290113627854e-05,-0.0004794878178530455
333.93636929999775,0.0,0.0,0.0,1.755789144116338e-06,-0.00017440839752852253,-0.0004168506585199008
333.98628499999904,0.0,0.0,0.0,5.882910653265461e-05,0.00033423750679163555,-0.00024589335052136883
334.0420959999974,0.0,0.0,0.0,-5.052286508703675e-05,6.663382325996635e-05,-0.0001727722887159816
334.0858167000042,0.0,0.0,0.0,1.477419303009135e-05,-0.0001247967540829629,-0.0001549335239299197
334.1321835999988,0.0,0.0,0.0,-2.8125047204517824e-05,-4.897661002435094e-05,-0.0002509405534782768
334.1861282000027,0.0,0.0,0.0,3.232099239990996e-05,0.00019615307455823103,-0.0005376470098964391
334.23149820000253,0.0,0.0,0.0,-2.233011732909418e-05,-0.0005147004551227308,-0.0004643156445860599
334.2782786000025,0.0,0.0,0.0,2.2447787751539306e-05,0.0004148153345497577,-0.0005139959027037961
334.3366793000023,0.0,0.0,0.0,-1.0724141228252035e-05,0.00021764194231967978,-0.00039785153176390674
334.3875696000032,0.0,0.0,0.0,-1.632934493014394e-05,-8.242870861464448e-05,-0.000366776670729117
334.43129520000366,0.0,0.0,0.0,-4.314576599074022e-06,0.00032883645116449844,-0.00036730240556988845
334.4837439000039,0.0,0.0,0.0,4.875364793812972e-05,-0.0005793818508474366,-0.00018044862991224332
334.53402669999923,0.0,0.0,0.0,-5.37297803312548e-06,-0.00018234847521133096,1.880347630742435e-05
334.5905667000043,0.0,0.0,0.0,-5.950036923332724e-05,0.0001303149241742405,-0.00040006132145379875
334.63511629999994,0.0,0.0,0.0,3.224157057040499e-05,7.246620050360455e-06,-0.0006342969524482416
334.68554679999943,0.0,0.0,0.0,-1.5305150527487885e-06,-0.0003133257835430066,-0.0005695070232695981
334.73642680000194,0.0,0.0,0.0,-1.8121364581795053e-05,0.0004081189051919489,-0.00045865133697310493
334.7843724999984,0.0,0.0,0.0,6.640698370669775e-05,-6.658024670991136e-05,-0.00041378198287180033
334.8344672000021,0.0,0.0,0.0,-3.706842154158647e-05,0.00018536250081495342,-0.00027467729800445843
334.8835093000016,0.0,0.0,0.0,1.544657866025394e-05,2.064700117925098e-05,-0.00018441673646489972
334.93361240000377,0.0,0.0,0.0,-3.216719494370744e-05,-0.0002709092052834952,-0.00025188398864264074
334.9901383000033,0.0,0.0,0.0,6.8967133519501e-05,-1.1097825397108466e-05,-0.0003207778084045057
335.0356152000022,0.0,0.0,0.0,-5.7851569902038056e-05,0.00022764416300257567,-0.000406439316759054
335.08559850000165,0.0,0.0,0.0,8.472074241768237e-06,-0.00035176745642535737,-0.0003450984511395494
335.13438920000044,0.0,0.0,0.0,-2.1972261554210445e-05,0.00011957744979831743,-0.00033777071747143793
335.1892042000036,0.0,0.0,0.0,1.8261304421282172e-05,0.00034882750304105517,-0.0002587176468714008
335.2383551000021,0.0,0.0,0.0,-2.36956792032454e-05,-0.0001105032433467876,-0.00025532431199035686
335.2845176999981,0.0,0.0,0.0,-6.881176851955254e-06,0.00019234599504661925,-0.00034908271517307383
335.33575420000125,0.0,0.0,0.0,2.158898708440242e-05,0.00041643910731616204,-0.00026591338860442696
335.3900113999989,0.0,0.0,0.0,4.021098604746463e-06,-0.0007505226798328306,-0.00022449956048030168
335.43671259999974,0.0,0.0,0.0,-2.4664256488444043e-05,-0.0001938530433358049,-0.0005851104549077469
335.4831559000013,0.0,0.0,0.0,5.710482489899482e-05,-8.783554084261573e-06,-0.0005156222530459269
335.5347131000017,0.0,0.0,0.0,-4.144036781064016e-05,0.00011649485082191566,-0.0002713672116646939
335.58338670000376,0.0,0.0,0.0,-4.811651989118318e-06,0.0004041139135518683,-0.0003832055689737408
335.6315667000017,0.0,0.0,0.0,-2.5882317637838646e-05,-0.00018976239164073954,-0.00041274070860443184
335.67502909999894,0.0,0.0,0.0,6.172830576727739e-05,0.00043713667259801046,-0.0004453846648397721
335.7350063999984,0.0,0.0,0.0,-5.820414048743905e-05,-0.0005930111727644316,-0.0005483769588120902
335.7866232000015,0.0,0.0,0.0,4.8344488609747683e-05,0.0005790758008060443,-0.0004560697120400318
335.8350219999993,0.0,0.0,0.0,-2.146895655145606e-05,-0.00017309128650199671,-0.00046399570272147945
335.88486980000016,0.0,0.0,0.0,-4.844380133455673e-05,-0.000570602099924332,-0.0004970354402326732
335.9298284000033,0.0,0.0,0.0,1.006741417402152e-05,0.00018011350928649677,-0.00013579432261669134
335.98322790000384,0.0,0.0,0.0,-1.9736471348489618e-06,0.00010308213219009531,-3.830839977051407e-05
336.03420840000035,0.0,0.0,0.0,2.0366271639777025e-05,-0.0003765588467233155,-0.0005673123992988117
336.08357660000183,0.0,0.0,0.0,1.6667962025664326e-05,-2.454731776215507e-05,-0.0004099550609177007
336.13186600000336,0.0,0.0,0.0,-3.8380772699096746e-05,0.000327580545329791,-4.7707799153012024e-05
336.1776391000021,0.0,0.0,0.0,1.9103622389311167e-05,-2.0016344013646487e-05,-0.0002216704371212156
336.2311090000003,0.0,0.0,0.0,1.3636468694116883e-05,4.683805342484468e-05,-0.00016877795781736186
336.28273289999925,0.0,0.0,0.0,-2.1910244842388533e-05,0.0001700459421335367,-7.059941927468973e-05
336.3351449000038,0.0,0.0,0.0,1.9693496794543257e-05,0.0003120626105351788,-2.7417642468193357e-06
336.3768268999993,0.0,0.0,0.0,5.214600903503276e-05,9.455721238123252e-05,6.900967586538775e-05
336.42790909999894,0.0,0.0,0.0,-7.613338121902488e-05,-0.0006093590041011478,-0.00033938218964828373
336.4806222000043,0.0,0.0,0.0,5.601242206330368e-05,-0.00011252584667904072,-0.00043425828429498304
336.53643130000273,0.0,0.0,0.0,-4.165642358992534e-05,0.0004597035836395418,-0.00043582883757361265
336.57999720000225,0.0,0.0,0.0,-1.477178282524762e-05,-0.00021167929792022995,-0.00041984824836269636
336.6334671000004,0.0,0.0,0.0,1.290425412714584e-05,0.0004652434399477671,-0.0003660572547011996
336.6869766000018,0.0,0.0,0.0,-4.898329474658303e-05,-0.0007205397692746844,-0.00037329413842763365
336.7347061000037,0.0,0.0,0.0,9.298964708741368e-05,0.0004835494098214357,-3.3032899376815106e-05
336.7877260000023,0.0,0.0,0.0,-4.145367751869334e-05,-0.000218828607313822,0.00011901023375685028
336.8309292999984,0.0,0.0,0.0,7.311556615079428e-05,0.0005254865606354877,7.781912881131914e-05
336.882308799999,0.0,0.0,0.0,-6.547673087785812e-05,-0.0007588012865371367,-0.0003550858285423857
336.9365800000014,0.0,0.0,0.0,-1.601566451769327e-05,9.798107907650261e-05,-0.0004437873323387228
336.985511400002,0.0,0.0,0.0,7.559080866071066e-07,-0.0003330405339989287,-0.00042852348286038643
337.03339609999966,0.0,0.0,0.0,2.4967079473369197e-05,0.00042381631052987323,-0.000381937653480085
337.0835831000004,0.0,0.0,0.0,-1.3472043291765312e-05,-0.00012569227444299643,-0.00038480012724543926
337.13553169999796,0.0,0.0,0.0,3.140355789036576e-05,-9.403355990243786e-05,-0.00041993610332081494
337.1838809000037,0.0,0.0,0.0,2.4050115936766394e-06,0.0004771674689328531,-0.0003853643298779718
337.22667779999756,0.0,0.0,0.0,-2.5896250202595042e-05,-0.0004701669968024742,-0.00040480081382044807
337.2829662000004,0.0,0.0,0.0,1.0129223475075688e-06,1.4177929675579223e-05,-0.0004059915746243078
337.3339511000013,0.0,0.0,0.0,-2.2148724450188456e-05,-0.0001076735362860198,-0.0004265673054644376
337.38818880000326,0.0,0.0,0.0,1.5242264328966461e-05,0.0004894225154499642,-0.0003678238677561398
337.43537600000127,0.0,0.0,0.0,-4.2228829129592094e-05,-0.0003780374574952406,-0.0002460945414008165
337.48592060000374,0.0,0.0,0.0,-1.5404368608888083e-05,0.00031687611390584337,-0.00018597311709308412
337.53623170000355,0.0,0.0,0.0,5.896607594543957e-05,-0.00018961413896969337,-0.0007534217255406735
337.58159270000033,0.0,0.0,0.0,5.408857912533439e-05,0.0005932921452867005,-0.0005262520183210308
337.6301536000028,0.0,0.0,0.0,-6.177271801791078e-05,-0.0006083022159771617,-0.00041017864101097274
337.6830090000003,0.0,0.0,0.0,2.7448974033052933e-05,-5.284005261591955e-05,0.00017544580965486232
337.7343477000031,0.0,0.0,0.0,1.0145525756232458e-05,0.00023803741305243375,-0.00041966717062804336
337.7806920000003,0.0,0.0,0.0,-5.6983114465958515e-05,-0.00010439718066434167,-0.0003270955729236994
337.8262195999996,0.0,0.0,0.0,-7.041625565703569e-06,-6.8846128126530594e-06,-0.00036040657216915165
337.8830414999975,0.0,0.0,0.0,1.4463148377459664e-05,-0.0003414174172661654,-0.0003325846264651762
337.93191990000196,0.0,0.0,0.0,3.1012165130107e-05,0.00035710144114621577,-0.000274450082933752
337.98903150000115,0.0,0.0,0.0,1.7389562824126015e-05,8.502265127850344e-05,-0.00025413291952752195
338.02838180000253,0.0,0.0,0.0,-4.5594272626332063e-05,6.31619300733236e-05,-0.0003440339642634399
338.07813320000423,0.0,0.0,0.0,3.4111472275310086e-05,-0.00020559394268719662,-0.00026256221223233065
338.12976830000116,0.0,0.0,0.0,-3.560397396328113e-05,-0.00018867268454979627,-0.0002467442516456786
338.1837959999975,0.0,0.0,0.0,-3.8340900664194274e-06,0.0005828341320331064,-0.00022445970893516333
338.2300002999982,0.0,0.0,0.0,-4.75970070895844e-07,-0.0005866119037172607,-0.0001776491597104231
338.28362539999944,0.0,0.0,0.0,-7.322147705390247e-06,-7.366369301352915e-05,-0.0003634160304488097
338.3278475000043,0.0,0.0,0.0,3.1144898071187456e-05,0.000321711049852495,-0.0004118767058520842
338.38355669999873,0.0,0.0,0.0,-1.0680116891839269e-05,-0.00039181480071305563,-0.00043380857898710483
338.4382136999993,0.0,0.0,0.0,1.35702183360286e-05,6.362066433275683e-05,-0.00034886808333234646
338.4851961000022,0.0,0.0,0.0,1.4024892752889963e-05,0.00023603088793061388,-0.0003453513491216921
338.5391027000005,0.0,0.0,0.0,3.0090581240148624e-05,0.0004016761263698492,-0.0003334188363951366
338.58553499999834,0.0,0.0,0.0,-3.147940536085492e-05,-0.00013387643147297628,-0.0003815161546474195
338.6286188000013,0.0,0.0,0.0,1.832137745031338e-05,-0.000470193658533785,-0.0003112679926067192
338.68487930000265,0.0,0.0,0.0,-1.544809488681267e-05,5.233007846388056e-05,-0.000272626313415
338.7340722000008,0.0,0.0,0.0,-3.875410824315748e-05,0.0005017031670344318,-0.0001845413283422136
338.7867922000005,0.0,0.0,0.0,1.442453296193181e-05,-0.0003195970148330662,0.00046159599624114814
338.8367227999988,0.0,0.0,0.0,1.0064442334252487e-06,0.0006275130780817425,0.000401461527585988
338.88248620000377,0.0,0.0,0.0,-5.5643475807049e-05,-0.000740074130615567,0.0004841484415614645
338.93637260000105,0.0,0.0,0.0,-6.5960856653644e-06,1.3559725250279915e-05,0.00032427609431346976
338.97754890000215,0.0,0.0,0.0,-1.1275927597344482e-05,-0.00022418373953360875,0.0002478618237924436
339.03429250000045,0.0,0.0,0.0,-2.5860394114395595e-06,6.178511807367079e-05,0.000461580651318789
339.08900659999927,0.0,0.0,0.0,3.804911487510164e-05,-0.00010392953322481954,0.000489961263095473
339.1283693000005,0.0,0.0,0.0,8.913602036412211e-06,0.0004980967900237017,0.00047842119037967983
339.1784933000017,0.0,0.0,0.0,-1.9969137989193732e-05,-0.000310241619728975,0.0005051229427214534
339.2373424000034,0.0,0.0,0.0,4.498832489948259e-06,-8.135699525799863e-05,0.0004160784752133291
339.28765900000144,0.0,0.0,0.0,3.1045612021019616e-05,0.00031811179804897883,-0.00011986468100633001
339.33625510000275,0.0,0.0,0.0,-1.8213076014986586e-05,0.00027598187046291254,-0.0001674614057125148
339.37855639999907,0.0,0.0,0.0,1.01418375980533e-05,-0.0002656709590541603,-0.00010637807567734628
339.43472219999967,0.0,0.0,0.0,2.479116232371831e-05,0.00016761884329185659,-7.239560006083274e-05
339.4887192000024,0.0,0.0,0.0,-4.117008208307719e-05,-6.983342909134945e-05,-4.835493264274364e-05
339.53570369999943,0.0,0.0,0.0,-2.3082928453597046e-06,-9.295525764928337e-05,-9.935494420867634e-05
339.58130730000266,0.0,0.0,0.0,-8.771860313162359e-06,6.339419480698463e-06,-0.00010031121660981945
339.63755559999845,0.0,0.0,0.0,3.430004000785073e-05,-0.0001151843938860034,-8.32653387569133e-05
339.68839650000155,0.0,0.0,0.0,0.0005236186064182929,-0.009743499485017536,-0.03140270032618458
339.73589840000204,0.0,0.0,0.0,-0.0006190264742903515,-0.0002049468687469461,-0.09474446758503458
339.7773701999977,0.0,0.0,0.0,-0.0004253284791879105,0.0026618279243544145,-0.15381256070015234
339.82782489999954,0.0,0.0,0.0,-0.0006210890087975944,-0.0018092597643825418,-0.19113579494214894
339.8770960000038,0.0,0.0,0.0,-0.0004393481743877959,0.005709620232237048,-0.20616704232488306
339.92911240000103,0.0,0.0,0.0,-0.00037041707557008155,0.004921978241960129,-0.20746178748773855
339.97976200000267,0.0,0.0,0.0,-0.000425376557453859,-0.003109862212738908,-0.20026234915169586
340.03531980000116,0.0,0.0,0.0,-0.00030100670701138784,0.0034558287542762276,-0.18802270633922774
340.0808367999998,0.0,0.0,0.0,-9.780380318320625e-05,-0.0006720136690116067,-0.10748646951481447
340.1372160000028,0.0,0.0,0.0,0.00015833401975786623,0.008200829264337453,0.03613780782315828
340.1776159000001,0.0,0.0,0.0,0.0001928136281679119,-0.00642691648920363,0.2080741117544763
340.2350998000038,0.0,0.0,0.0,0.0005680716878936796,0.0007442176482337354,0.37473729806177297
340.28072509999765,0.0,0.0,0.0,0.0006204289732353841,0.004808313791312496,0.38480284743503657
340.33697830000165,0.0,0.0,0.0,0.0008187597190990691,-0.0033393635241570014,0.3579225469363604
340.3855651999984,0.0,0.0,0.0,0.00044006863616771654,0.0006094782596223614,0.32855994377632314
340.4278925000035,0.0,0.0,0.0,0.0007315952935642512,0.003397800532055012,0.3093784738921879
340.4885818000039,0.0,0.0,0.0,0.0003595742387038707,-0.0034556146623138297,0.29906718208502925
340.5379710999987,0.0,0.0,0.0,0.0005412534434200561,0.0026521874432781007,0.2902820795765725
340.584534900001,0.0,0.0,0.0,0.000709479871597227,-0.002889657716136369,0.27624838131380225
340.63047160000133,0.0,0.0,0.0,0.0003255278648892019,0.002936457202470901,0.26210356598444856
340.68034810000245,0.0,0.0,0.0,0.0004387350684313504,-0.00042708541311133714,0.2509879859088383
340.7348598000026,0.0,0.0,0.0,0.0004573026709593774,0.0013824492367059717,0.2408703505784622
340.7900010000012,0.0,0.0,0.0,0.00015175237244547394,-0.0022750897869568787,0.2349044478926521
340.8296139000013,0.0,0.0,0.0,0.0009075434880789219,0.001506521809704832,0.22581611869515403
340.87677729999996,0.0,0.0,0.0,-0.00022987026664659255,-0.0029509299523812664,0.21888824923508804
340.92889090000244,0.0,0.0,0.0,-0.00040265457231585856,0.0023945240756964845,0.2100032237672568
340.9902768000029,0.0,0.0,0.0,-0.0004350936959718985,0.0013900101889148479,0.2021641688882603
341.03291410000384,0.0,0.0,0.0,-7.24846167856411e-05,-0.002284869318046546,0.20404119224630635
341.0785904000004,0.0,0.0,0.0,0.00028725263666542133,0.0012742193750855935,0.20150119822086063
341.1338009000028,0.0,0.0,0.0,0.0001851184515355556,0.000730682738673655,0.1987518735077888
341.18863760000386,0.0,0.0,0.0,-7.44024147963937e-05,0.0009503705419752296,0.1969609399160261
341.23621249999997,0.0,0.0,0.0,0.0009459108616534198,-0.003029401229943012,0.19795282716079177
341.2826430999994,0.0,0.0,0.0,0.0003392836977259787,0.0011013413245242528,0.20374944180990745
341.33745230000204,0.0,0.0,0.0,0.00022901264499895546,-0.000866111436160479,0.20530955863160566
341.3850803000023,0.0,0.0,0.0,0.0004175481562868787,-0.0002040415556866535,0.21277657212968895
341.4365573000032,0.0,0.0,0.0,0.000500238260532995,0.0015593557924911995,0.22609483835997718
341.47993600000336,0.0,0.0,0.0,0.0016140388562824095,-0.0045865044571100615,0.24165333288852228
341.53524050000124,0.0,0.0,0.0,0.00041557731488181613,0.0015091981421821855,0.2690137536246862
341.58791930000007,0.0,0.0,0.0,0.00026902868924811826,0.0014564380364021877,0.29769813210348345
341.6374999000036,0.0,0.0,0.0,0.0007625534501846762,-0.0017171836710067154,0.3693091929944914
341.67935160000343,0.0,0.0,0.0,-1.890318535850246e-05,0.009191247830868889,0.3739951471539371
341.7255482000037,0.0,0.0,0.0,0.0005082807477356352,0.002132985369770166,0.3860439183580012
341.78081060000113,0.0,0.0,0.0,0.00049389423407341,-0.00041629160243982557,0.38668710994385647
341.8357086000033,0.0,0.0,0.0,0.0002498877144300697,0.0010610288631519207,0.37721703476843405
341.88606040000013,0.0,0.0,0.0,0.0003791896949638675,-0.00030049796324910666,0.3734717141488867
341.93017549999786,0.0,0.0,0.0,0.00041213271327471995,-0.00014167796657375438,0.3729434993291186
341.98331950000284,0.0,0.0,0.0,0.00033635419344820957,-0.00026263092822918847,0.3635707918792888
342.0371754000007,0.0,0.0,0.0,0.0003036761753171829,-0.0011908749246640846,0.3458305756560776
342.07937440000387,0.0,0.0,0.0,0.00039218786938617964,-0.006355653256001577,0.2940490646255067
342.1292087000038,0.0,0.0,0.0,0.00022486945826895427,-0.003920116181518927,0.14385460498263936
342.1819538999989,0.0,0.0,0.0,0.0001365330825506589,-0.0036363128982348255,0.021137245859415184
342.2336088000011,0.0,0.0,0.0,-4.033935080910977e-05,-0.0013688442738545045,0.0006965875449077965
342.281298599999,0.0,0.0,0.0,-3.6919720643527427e-05,9.335891693698688e-05,0.00020441117681112698
342.3327452000012,0.0,0.0,0.0,-1.5684900697790238e-05,1.8732045529444655e-05,6.668925575253304e-05
342.37583820000145,0.0,0.0,0.0,-5.3563020550257475e-06,1.447533697577957e-06,2.781795068574396e-05
342.4360792000007,0.0,0.0,0.0,-1.476339262709923e-06,-2.5265487074608194e-06,1.785272037234773e-05
342.48064619999786,0.0,0.0,0.0,-2.389781464145219e-07,1.0267574110699398e-06,1.692341638897282e-05
342.5352283000029,0.0,0.0,0.0,1.0504476333995388e-08,-1.661917259453103e-06,1.56173157633123e-05
342.5867542999986,0.0,0.0,0.0,9.021338034740595e-08,-1.869525085513664e-06,1.537093035972342e-05
342.62829220000276,0.0,0.0,0.0,1.1106018482557356e-07,-1.8441584290662642e-06,1.5292840683620247e-05
342.689114599998,0.0,0.0,0.0,1.158864713415299e-07,-1.8472303491496446e-06,1.5234283789490876e-05
342.7280757000044,0.0,0.0,0.0,1.1688924038073662e-07,-1.8493049230358193e-06,1.5177692037659256e-05
342.78397920000134,0.0,0.0,0.0,1.1706550866810825e-07,-1.8509977918020592e-06,1.5121029097340971e-05
342.8352739999973,0.0,0.0,0.0,1.1707989249755151e-07,-1.8526618056904529e-06,1.5064160183816415e-05
342.8776613000009,0.0,0.0,0.0,1.1706738896575912e-07,-1.854311315081999e-06,1.5007128882053642e-05
342.9334913999992,0.0,0.0,0.0,1.1705252203655221e-07,-1.8559471103958891e-06,1.494996213253693e-05
342.98543410000275,0.0,0.0,0.0,1.170390347882868e-07,-1.8575683387332425e-06,1.4892669929444358e-05
343.0350908000037,0.0,0.0,0.0,1.1702724626171762e-07,-1.859174226982251e-06,1.483525526511923e-05
343.08527300000424,0.0,0.0,0.0,1.1701715006696637e-07,-1.8607641888669744e-06,1.4777718840970934e-05
343.13768900000287,0.0,0.0,0.0,1.1700877242130137e-07,-1.8623378253837244e-06,1.4720060593706027e-05
343.18290739999793,0.0,0.0,0.0,1.1700217368650477e-07,-1.86389475686186e-06,1.4662280381728405e-05
343.229831800003,0.0,0.0,0.0,1.1699744765703761e-07,-1.8654344584481764e-06,1.4604378064804141e-05
343.2865273999996,0.0,0.0,0.0,1.1699464669250531e-07,-1.8669566921236296e-06,1.4546353317875105e-05
343.3363317999974,0.0,0.0,0.0,1.169939173048131e-07,-1.8684609664644676e-06,1.4488205857716731e-05
343.3818708000035,0.0,0.0,0.0,1.1699532382985102e-07,-1.869946784058468e-06,1.4429935475564667e-05
343.42922340000223,0.0,0.0,0.0,1.1699897579392245e-07,-1.8714137874252596e-06,1.4371541964828994e-05
343.48637630000303,0.0,0.0,0.0,1.170050045601849e-07,-1.8728614356501792e-06,1.4313025151380073e-05
343.536614800003,0.0,0.0,0.0,1.1701351723198045e-07,-1.8742892532112257e-06,1.4254384738706022e-05
343.5860587999996,0.0,0.0,0.0,1.1702468855683928e-07,-1.875696736837824e-06,1.4195620608425002e-05
343.62657169999875,0.0,0.0,0.0,1.1703858297013938e-07,-1.8770833912531953e-06,1.4136732466285173e-05
343.68444640000234,0.0,0.0,0.0,1.1705539385436917e-07,-1.878448591745648e-06,1.4077720159197244e-05
343.7284379999983,0.0,0.0,0.0,1.1707525384587117e-07,-1.8797919153160307e-06,1.4018583552439266e-05
343.7858644000007,0.0,0.0,0.0,1.1709836263442317e-07,-1.8811125552420795e-06,1.3959322483207821e-05
343.8270311000015,0.0,0.0,0.0,1.1712485982752431e-07,-1.8824100932545396e-06,1.3899936787908546e-05
343.8799216000043,0.0,0.0,0.0,1.1715497240650911e-07,-1.8836837506295276e-06,1.384042633119012e-05
343.9264667000025,0.0,0.0,0.0,1.1718886042172971e-07,-1.8849329322753086e-06,1.3780791021887532e-05
343.97929560000193,0.0,0.0,0.0,1.1722678701890701e-07,-1.8861568413248954e-06,1.3721030867835834e-05
344.02949629999785,0.0,0.0,0.0,1.1726897010059081e-07,-1.8873547943285294e-06,1.3661145863307322e-05
344.07858049999777,0.0,0.0,0.0,1.1731563960801682e-07,-1.8885260305764315e-06,1.3601135958711997e-05
344.1370829000007,0.0,0.0,0.0,1.1736710853228517e-07,-1.8896696844981348e-06,1.3541001279802842e-05
344.18575460000284,0.0,0.0,0.0,1.1742363521584467e-07,-1.8907849257471485e-06,1.3480741945720199e-05
344.22730610000144,0.0,0.0,0.0,1.1748551240939789e-07,-1.8918709478315555e-06,1.3420358070298574e-05
344.285547200001,0.0,0.0,0.0,1.1755317086946124e-07,-1.8929265530460949e-06,1.3359850047035865e-05
344.3319979000007,0.0,0.0,0.0,1.1762688349885013e-07,-1.8939510652249851e-06,1.3299218076655217e-05
344.38599180000165,0.0,0.0,0.0,1.1770710867438221e-07,-1.8949431790726404e-06,1.3238462594543759e-05
344.4370179000034,0.0,0.0,0.0,1.1779425174873779e-07,-1.8959019337410965e-06,1.317758410329394e-05
344.48674200000096,0.0,0.0,0.0,1.1788879396133709e-07,-1.8968260407891304e-06,1.311658325171183e-05
344.5285623000018,0.0,0.0,0.0,1.1799125781478548e-07,-1.89771439844367e-06,1.3055460848709169e-05
344.5854637000011,0.0,0.0,0.0,1.1810219295320178e-07,-1.898565466085723e-06,1.299421774953947e-05
344.63816699999734,0.0,0.0,0.0,1.1822223755653075e-07,-1.8993780787788767e-06,1.2932855147425688e-05
344.6857386999982,0.0,0.0,0.0,1.1835207306178253e-07,-1.9001505380100644e-06,1.2871374271928978e-05
344.73094560000027,0.0,0.0,0.0,1.184924214026284e-07,-1.9008813274687646e-06,1.2809776657046091e-05
344.784756699999,0.0,0.0,0.0,1.1864414252592409e-07,-1.9015686532005878e-06,1.2748064214132943e-05
344.8352326000022,0.0,0.0,0.0,3.109349469592432e-07,-9.343560449569801e-06,1.2235375695335912e-05
344.88511010000366,0.0,0.0,0.0,3.94165091603375e-07,-1.0559498794666034e-05,1.2523201783217404e-05
344.9347815000001,0.0,0.0,0.0,1.1005157165506195e-07,-1.334068806961798e-06,1.2845500099001202e-05
344.9861252999981,0.0,0.0,0.0,8.563104354321211e-08,-1.889800330539697e-06,1.2964499513547487e-05
345.0377066000001,0.0,0.0,0.0,8.268936487449671e-08,-1.92094570086325e-06,1.3055328481003397e-05
345.0795231000011,0.0,0.0,0.0,8.209784204468428e-08,-1.9182710418832222e-06,1.3134391748041377e-05
345.137582000003,0.0,0.0,0.0,8.202812682275453e-08,-1.921353001646965e-06,1.320890644905552e-05
345.18420889999834,0.0,0.0,0.0,8.214661317827459e-08,-1.9245479708117723e-06,1.3282243046062415e-05
345.2349445,0.0,0.0,0.0,8.233158108544436e-08,-1.927762835272939e-06,1.3355366213700578e-05
345.28959410000243,0.0,0.0,0.0,8.253676478394714e-08,-1.9309902766945307e-06,1.342851100594579e-05
345.3346401000017,0.0,0.0,0.0,8.274703724357515e-08,-1.93421823153593e-06,1.350172664523282e-05
345.38656880000053,0.0,0.0,0.0,8.295806129497939e-08,-1.9374443638548527e-06,1.3575020148896231e-05
345.4341734000045,0.0,0.0,0.0,8.316875608622452e-08,-1.9406681709536476e-06,1.3648390366085321e-05
345.4872727000038,0.0,0.0,0.0,8.337885457737607e-08,-1.9438895999455897e-06,1.3721834951975919e-05
345.5303198000038,0.0,0.0,0.0,8.358834569347779e-08,-1.947108674270271e-06,1.3795351544575965e-05
345.5854451999985,0.0,0.0,0.0,8.379721134641124e-08,-1.9503254236459763e-06,1.3868937738323343e-05
345.6349958999999,0.0,0.0,0.0,8.400544433912867e-08,-1.9535398074992896e-06,1.3942591413808532e-05
345.68653749999794,0.0,0.0,0.0,8.421308094080501e-08,-1.9567518493709036e-06,1.4016310327512527e-05
345.732603299999,0.0,0.0,0.0,8.442009812070043e-08,-1.959961490283614e-06,1.4090092453854867e-05
345.7776551999996,0.0,0.0,0.0,8.462651993829031e-08,-1.9631688468553393e-06,1.41639357913534e-05
345.8362496000045,0.0,0.0,0.0,8.483234815119893e-08,-1.9663737968196502e-06,1.4237838364089621e-05
345.88565329999983,0.0,0.0,0.0,8.503759947206787e-08,-1.969576421057201e-06,1.4311798271897234e-05
345.92602559999796,0.0,0.0,0.0,8.524227455889598e-08,-1.9727766596208194e-06,1.4385813664311951e-05
345.9756586000003,0.0,0.0,0.0,8.544636153606268e-08,-1.975974521071802e-06,1.4459882794962126e-05
346.02826189999905,0.0,0.0,0.0,8.564988705508731e-08,-1.979170068993466e-06,1.4534003840278412e-05
346.08692999999766,0.0,0.0,0.0,8.585284791556852e-08,-1.9823632324595106e-06,1.4608175161020513e-05
346.13594900000317,0.0,0.0,0.0,8.605523570049169e-08,-1.9855540135903824e-06,1.4682395110734008e-05
346.1845795000045,0.0,0.0,0.0,8.625709063178309e-08,-1.9887424213329366e-06,1.4756662109810635e-05
346.2354699999996,0.0,0.0,0.0,8.645839083529547e-08,-1.991928415009604e-06,1.4830974544283797e-05
346.2767243999988,0.0,0.0,0.0,8.665914203341081e-08,-1.9951120932827137e-06,1.4905330984731637e-05
346.33731400000397,0.0,0.0,0.0,8.685935070464361e-08,-1.9982932925062053e-06,1.497972999424642e-05
346.3794923000023,0.0,0.0,0.0,8.705904625525053e-08,-2.001472172406852e-06,1.5054170107300254e-05
346.4302405999988,0.0,0.0,0.0,8.725818979965879e-08,-2.0046486139394526e-06,1.5128649897017487e-05
346.4849986000045,0.0,0.0,0.0,8.745682637148851e-08,-2.007822604388461e-06,1.520316809992247e-05
346.5339574000027,0.0,0.0,0.0,8.765495255680667e-08,-2.0109941799948216e-06,1.5277723509481252e-05
346.5853838000039,0.0,0.0,0.0,8.785255219088989e-08,-2.01416331622294e-06,1.5352314773456762e-05
346.6272234999997,0.0,0.0,0.0,8.804962742635918e-08,-2.017330020675388e-06,1.542694069807852e-05
346.67980530000204,0.0,0.0,0.0,8.824620094301423e-08,-2.0204942397538957e-06,1.5501600148956227e-05
346.73689249999734,0.0,0.0,0.0,8.844227404052116e-08,-2.023656087742224e-06,1.5576291943418856e-05
346.7795589000016,0.0,0.0,0.0,8.863785624318455e-08,-2.0268153593257754e-06,1.5651015007322926e-05
346.8320204999982,0.0,0.0,0.0,8.883293416759744e-08,-2.02997217267888e-06,1.5725768260706435e-05
346.8792295000021,0.0,0.0,0.0,8.902752108731334e-08,-2.0331265183287986e-06,1.5800550674935072e-05
346.935501400003,0.0,0.0,0.0,8.922163682251333e-08,-2.036278236074873e-06,1.587536130241995e-05
346.98597000000154,0.0,0.0,0.0,8.94152415805727e-08,-2.039427562937523e-06,1.595019912206116e-05
347.0247801000005,0.0,0.0,0.0,8.96084013144335e-08,-2.0425742231554516e-06,1.6025063295310884e-05
347.08764990000054,0.0,0.0,0.0,8.980104983492947e-08,-2.045718417018267e-06,1.6099952832458465e-05
347.1362200000003,0.0,0.0,0.0,8.999323364690093e-08,-2.048859981293782e-06,1.6174866936603568e-05
347.1781852999993,0.0,0.0,0.0,9.018496646412497e-08,-2.051998988898659e-06,1.6249804718164215e-05
347.2304221000013,0.0,0.0,0.0,9.037621446972795e-08,-2.055135395195135e-06,1.632476542138805e-05
347.2755853999988,0.0,0.0,0.0,9.056700108106105e-08,-2.058269182485676e-06,1.6399748191104195e-05
347.326290099998,0.0,0.0,0.0,9.075732004708726e-08,-2.0614002918940142e-06,1.647475233703868e-05
347.3815101,0.0,0.0,0.0,9.09471988184295e-08,-2.0645287882867813e-06,1.654977713002459e-05
347.42714340000384,0.0,0.0,0.0,9.113661787096895e-08,-2.067654594447199e-06,1.6624821889792737e-05
347.4862624000016,0.0,0.0,0.0,9.132558417118924e-08,-2.0707776677560105e-06,1.6699886051234232e-05
347.5294748000015,0.0,0.0,0.0,9.151411145943008e-08,-2.0738980636125772e-06,1.6774968884917482e-05
347.584033799998,0.0,0.0,0.0,9.170218517424879e-08,-2.0770157294766775e-06,1.6850069763858677e-05
347.6365186000039,0.0,0.0,0.0,9.18898054890673e-08,-2.080130642496012e-06,1.692518811934625e-05
347.67919339999935,0.0,0.0,0.0,9.207699761830258e-08,-2.083242756479486e-06,1.7000323398467128e-05
347.73566830000345,0.0,0.0,0.0,9.226374469093716e-08,-2.086352110182056e-06,1.7075475156868375e-05
347.7833776999978,0.0,0.0,0.0,9.245006921789332e-08,-2.0894585728321753e-06,1.7150642846638257e-05
347.8346531999996,0.0,0.0,0.0,9.263595562327853e-08,-2.092562300960578e-06,1.722582593460077e-05
347.88411140000244,0.0,0.0,0.0,9.28214170575304e-08,-2.095663090139407e-06,1.730102401302103e-05
347.93506049999996,0.0,0.0,0.0,9.300645417331828e-08,-2.09876097112415e-06,1.73762366891557e-05
347.9832416999998,0.0,0.0,0.0,9.319106126228754e-08,-2.101855958650601e-06,1.7451463513923976e-05
348.03731790000165,0.0,0.0,0.0,9.337523604432786e-08,-2.104948050019182e-06,1.7526704127893075e-05
348.0889634999985,0.0,0.0,0.0,9.355898737160402e-08,-2.1080371451655013e-06,1.760195819438285e-05
348.1312195999999,0.0,0.0,0.0,9.374234679058003e-08,-2.1111232629608626e-06,1.7677225352263394e-05
348.1791452000034,0.0,0.0,0.0,9.392527093445965e-08,-2.1142063188491313e-06,1.7752505350389243e-05
348.23293840000406,0.0,0.0,0.0,9.410778370311534e-08,-2.1172863712557233e-06,1.7827797792941685e-05
348.28059960000246,0.0,0.0,0.0,9.428989375926304e-08,-2.120363333792741e-06,1.7903102556125706e-05
348.3352100999982,0.0,0.0,0.0,9.447159001636793e-08,-2.1234372100646747e-06,1.7978419402363512e-05
348.3835825999995,0.0,0.0,0.0,9.465288661289724e-08,-2.1265079092854523e-06,1.805374803910117e-05
348.4337816999978,0.0,0.0,0.0,9.483376706248442e-08,-2.129575510514323e-06,1.8129088299817597e-05
348.48741580000205,0.0,0.0,0.0,9.501425663943556e-08,-2.1326399124033076e-06,1.8204439959950247e-05
348.5315744000036,0.0,0.0,0.0,9.519433994315033e-08,-2.1357010496704978e-06,1.827980292153822e-05
348.5847281000024,0.0,0.0,0.0,9.537400746572041e-08,-2.13875896850903e-06,1.835517713296333e-05
348.62787100000423,0.0,0.0,0.0,9.555330657641509e-08,-2.141813577549234e-06,1.8430562446525346e-05
348.6863164000024,0.0,0.0,0.0,9.573221817456515e-08,-2.1448649025201726e-06,1.8505958782027326e-05
348.7286626999994,0.0,0.0,0.0,9.591071436871023e-08,-2.147912795326463e-06,1.858136607260892e-05
348.7800453000018,0.0,0.0,0.0,9.608882346959517e-08,-2.150957419519472e-06,1.8656784287429928e-05
348.8319047999976,0.0,0.0,0.0,9.626653598545432e-08,-2.1539985656205954e-06,1.873221335989271e-05
348.88648249999824,0.0,0.0,0.0,9.644386565665814e-08,-2.157036267782309e-06,1.880765340766727e-05
348.9338016000038,0.0,0.0,0.0,9.662082111531701e-08,-2.1600704929366647e-06,1.888310436413337e-05
348.98558420000336,0.0,0.0,0.0,9.67973899060629e-08,-2.1631011605617705e-06,1.895856626288947e-05
349.03643210000155,0.0,0.0,0.0,9.69735748898382e-08,-2.1661282954241913e-06,1.9034039285453774e-05
349.07940560000134,0.0,0.0,0.0,9.714937655500897e-08,-2.1691517930922854e-06,1.910952343738048e-05
349.1323693000013,0.0,0.0,0.0,9.732479101527275e-08,-2.172171709210822e-06,1.9185018932389443e-05
349.1855885000041,0.0,0.0,0.0,9.749983072124372e-08,-2.1751878777262273e-06,1.926052586512144e-05
349.22761360000004,0.0,0.0,0.0,9.767450594740931e-08,-2.1782004259134195e-06,1.933604428524526e-05
349.28398729999753,0.0,0.0,0.0,9.784879506437627e-08,-2.1812091441485803e-06,1.94115745150304e-05
349.32746520000364,0.0,0.0,0.0,9.802274157386408e-08,-2.1842140613687755e-06,1.9487116730128854e-05
349.3836216999989,0.0,0.0,0.0,9.819629036503972e-08,-2.1872151485177526e-06,1.9562671106840364e-05
349.42622259999916,0.0,0.0,0.0,9.836946449292373e-08,-2.190212424739336e-06,1.9638237882731055e-05
349.4804761999985,0.0,0.0,0.0,9.854227658377063e-08,-2.1932057020399204e-06,1.971381739530372e-05
349.529386000002,0.0,0.0,0.0,9.871470613397783e-08,-2.196195024262597e-06,1.9789409898539525e-05
349.5768242999984,0.0,0.0,0.0,9.888680297047631e-08,-2.199180360656691e-06,1.986501567133747e-05
349.6327999999994,0.0,0.0,0.0,9.905852126452495e-08,-2.202161587375915e-06,1.994063515089459e-05
349.6760773999995,0.0,0.0,0.0,9.922987027849358e-08,-2.2051387740739063e-06,2.0016268627801175e-05
349.7306865999999,0.0,0.0,0.0,9.940088568987383e-08,-2.208111765002444e-06,2.0091916461742224e-05
349.7866006999975,0.0,0.0,0.0,9.957151624898134e-08,-2.211080573835127e-06,2.016757908547426e-05
349.8264945999981,0.0,0.0,0.0,9.974178503413112e-08,-2.214045171029283e-06,2.0243256913368166e-05
349.88520250000147,0.0,0.0,0.0,9.991171098139348e-08,-2.2170054289818276e-06,2.0318950353695697e-05
349.9356012999997,0.0,0.0,0.0,1.0008128324443476e-07,-2.219961383348322e-06,2.039465990884198e-05
349.97830629999953,0.0,0.0,0.0,1.0025050606568804e-07,-2.222912917142149e-06,2.0470386130588416e-05
350.0342582000012,0.0,0.0,0.0,1.0041935249975447e-07,-2.225860038512304e-06,2.054612945000401e-05
350.0845705000029,0.0,0.0,0.0,1.0058785677187675e-07,-2.2288026541042366e-06,2.062189042411528e-05
350.13369149999926,0.0,0.0,0.0,1.0075601986946556e-07,-2.2317406868876183e-06,2.0697669682143387e-05
350.18265670000255,0.0,0.0,0.0,1.0092382667688931e-07,-2.2346742188979674e-06,2.0773467644874386e-05
350.2364471000037,0.0,0.0,0.0,1.0109129473939766e-07,-2.237602969558626e-06,2.0849285109719955e-05
350.2821490999995,0.0,0.0,0.0,1.0125840189409986e-07,-2.2405271140867775e-06,2.0925122617651256e-05
350.3367406000034,0.0,0.0,0.0,1.0142518044523825e-07,-2.243446423570354e-06,2.1000980855319785e-05
350.3874053000036,0.0,0.0,0.0,1.0159159820859085e-07,-2.2463609639851224e-06,2.1076860475287126e-05
350.4287706000032,0.0,0.0,0.0,1.0175766986962842e-07,-2.2492706123344145e-06,2.1152762185589257e-05
350.4845834000007,0.0,0.0,0.0,1.0192341815349678e-07,-2.2521753173080235e-06,2.1228686829977225e-05
350.5332309000005,0.0,0.0,0.0,-0.00026344855670245475,0.0034810673719985813,-0.11231523456377676
350.57920990000275,0.0,0.0,0.0,-0.0002557470332287504,0.0013351390682170784,-0.2975136752588254
350.6271506999983,0.0,0.0,0.0,-0.0007482834528972305,0.0004997678238376288,-0.4627621430600627
350.6859381000031,0.0,0.0,0.0,-0.0007454813791670465,-0.00023876553195860864,-0.6007659494547277
350.7356624000022,0.0,0.0,0.0,-0.0014037483286468938,0.0002758346784728814,-0.7235131423971155
350.7869140000039,0.0,0.0,0.0,-0.0018018570353673683,-0.0038680584808591816,-0.8473602391609053
350.8351483000006,0.0,0.0,0.0,-0.0016740085659694905,-0.0007832575924974841,-0.9657814999910712
350.88654680000036,0.0,0.0,0.0,-0.001901479305643989,-0.002335251196818312,-1.1403198777865304
350.9345684,0.0,0.0,0.0,-0.0023992503135650354,0.00047476452222828695,-1.2531106814332835
350.9863308999993,0.0,0.0,0.0,-0.002663167940931653,-0.0019236485536386978,-1.2532798983992839
351.0368701000043,0.0,0.0,0.0,-0.0025110722629486416,-0.0028425986799352062,-1.158697239392911
351.08207029999903,0.0,0.0,0.0,-0.002187789283050225,0.004506808610984328,-1.0429150400417442
351.13688289999845,0.0,0.0,0.0,-0.002356593421445835,-0.0009837816711123343,-0.9555874291850905
351.18729500000336,0.0,0.0,0.0,-0.00224200640943553,-0.007893123744777637,-0.8944602234650729
351.2368822999997,0.0,0.0,0.0,-0.002012502793653352,0.00076970409113048,-0.8364228822505981
351.28672709999955,0.0,0.0,0.0,-0.0018160000373161965,0.0012560171391598118,-0.7784899817845048
351.33551689999877,0.0,0.0,0.0,-0.001639971536359025,0.0011633095883318604,-0.733541087674569
351.384987999998,0.0,0.0,0.0,-0.0009508592776223184,-0.0009597250525949397,-0.6941345943374624
351.4296919000044,0.0,0.0,0.0,-0.001627794740369914,-0.004855808260842236,-0.6800069365083268
351.4861633000037,0.0,0.0,0.0,-0.0018312168455038443,0.003686653397785674,-0.6753329225444045
351.53492350000306,0.0,0.0,0.0,-0.0018168751412559034,-0.0008416902674804641,-0.6761574422612943
351.5842036000031,0.0,0.0,0.0,-0.0018027198628366207,0.00747090121650308,-0.7111933221051934
351.6340326999998,0.0,0.0,0.0,-0.002608246357348425,-0.002639448658620761,-0.7614477808538376
351.67859419999877,0.0,0.0,0.0,-0.0014973868238210596,-0.00415071712609195,-0.78086734421684
351.7273540000024,0.0,0.0,0.0,-0.0016439617292622016,0.004126831680030158,-0.7272736764813712
351.7847153000039,0.0,0.0,0.0,-0.0009767372278809473,0.0038714708327679684,-0.6017239064737321
351.8352232000034,0.0,0.0,0.0,-0.0008003655894308767,-0.00013191122964663663,-0.4453732040111002
351.8855545999977,0.0,0.0,0.0,-0.0006291443209457819,0.0035358399466323496,-0.3105602512324735
351.93405950000306,0.0,0.0,0.0,-0.0006517939484579846,0.005440555145181821,-0.33172136920061984
351.98187360000156,0.0,0.0,0.0,-0.00019952631809683688,0.009137407560990865,-0.35026780172163763
352.0371021000028,0.0,0.0,0.0,-0.00043705227397198947,0.0009972553056207816,-0.3462967132296116
352.0818868999995,0.0,0.0,0.0,-0.0003446287579440718,0.0011389660151726474,-0.358657794898554
352.1317906999975,0.0,0.0,0.0,-0.00026265975818304173,0.0015035269998365094,-0.34740798859100186
352.18290459999844,0.0,0.0,0.0,-0.00024898392037275456,-0.0010820043591259917,-0.32640289264627226
352.2286588999996,0.0,0.0,0.0,-0.0002874425646180027,-7.242269389511185e-05,-0.29972143083486136
352.28688300000067,0.0,0.0,0.0,-0.00018103074678484066,2.9822624440711338e-05,-0.26755520859604537
352.330318100001,0.0,0.0,0.0,-0.00014980572694384402,-0.0005879093533865227,-0.22614832225611547
352.376625900004,0.0,0.0,0.0,-0.00012693001237826877,-0.005817778366638484,-0.14886659354346748
352.42721080000047,0.0,0.0,0.0,6.277575129490611e-05,-0.007705386535526567,-0.02427731525005753
352.48553209999955,0.0,0.0,0.0,2.863758640742118e-05,0.006868495910739266,-0.005793591655094327
352.53850980000425,0.0,0.0,0.0,-1.6887045698506465e-05,0.0021674078131560547,-0.002899141831132235
352.59065869999904,0.0,0.0,0.0,-2.4854202874901777e-05,0.0001760700156604238,-0.0013844307853279375
352.6359605000034,0.0,0.0,0.0,-1.783723493603956e-05,-0.00042949447748084186,-0.0007506670768249438
352.6811405000044,0.0,0.0,0.0,-8.099317404158574e-06,-0.00018528865200718992,-0.0004694686347560891
352.73561670000345,0.0,0.0,0.0,1.2386366173308388e-05,0.0011431160648218137,-0.0002763211882123975
352.78457530000014,0.0,0.0,0.0,5.3183456686108925e-06,0.00014357621894544123,-0.00021677914396212201
352.8309597999978,0.0,0.0,0.0,-2.913003072585118e-05,-0.0020209052537846555,-0.00027738255452805776
352.8856148999985,0.0,0.0,0.0,1.5460539897529012e-05,0.0014170538472508287,-0.00019872287357672108
352.93591690000176,0.0,0.0,0.0,-1.376869150331995e-05,-0.0010785899432849955,-0.0002711317461229352
352.98284160000185,0.0,0.0,0.0,1.5233371830935779e-05,0.0015728747231900184,-0.00020935827895496976
353.0332486000043,0.0,0.0,0.0,2.7183091499299053e-06,0.00014147833442461122,-9.467935111744746e-05
353.0833769000019,0.0,0.0,0.0,1.114083731473405e-06,8.215904622428755e-05,-0.0001865354792574944
353.13165619999927,0.0,0.0,0.0,-1.0748979919799135e-05,-0.0008640977821069436,-8.534251177088565e-05
353.1831009000016,0.0,0.0,0.0,-3.2091456963654414e-06,2.8008730591119307e-05,-0.00013726714985772424
353.2335471000042,0.0,0.0,0.0,-7.5927154189612e-06,-0.0006896181800404094,-0.00017895505201701606
353.2866425000029,0.0,0.0,0.0,6.766747614736373e-06,0.0003861316389837676,-6.463975821990861e-05
353.3374449000039,0.0,0.0,0.0,-6.995207541548478e-06,-0.0003630231332785459,-0.00017508475259873522
353.384773400001,0.0,0.0,0.0,-2.701307888152314e-07,-5.0076113078062735e-06,-7.54395742036374e-05
353.4342259999976,0.0,0.0,0.0,-1.4960414903261264e-05,-0.0010304588887050966,-0.00023555555151579061
353.48658969999815,0.0,0.0,0.0,2.9055706891170574e-05,0.0020326406137735576,-1.3085370501825835e-05
353.5350346999985,0.0,0.0,0.0,-1.6678499588345562e-05,-0.0012372356910350225,-9.61613523452551e-05
353.58527190000314,0.0,0.0,0.0,1.2868901293286175e-05,0.0011062956322700115,-0.00014251175950179208
353.6354419999989,0.0,0.0,0.0,-4.458485869379332e-06,-0.0005877283038395892,-8.253564964981037e-05
353.6845342000015,0.0,0.0,0.0,9.491328628694952e-06,0.0007864497471838436,-8.101139325256289e-05
353.7391846000028,0.0,0.0,0.0,-1.2788758268742494e-05,-0.0010741000117409298,-0.00014425851981073707
353.7853067000033,0.0,0.0,0.0,8.918499967886202e-06,0.0006952576999608681,-2.3318687350613624e-05
353.8270765999987,0.0,0.0,0.0,-3.3957599840926657e-06,-0.0002453323539183897,-7.926534346136587e-05
353.88354390000313,0.0,0.0,0.0,-4.8116041707499015e-06,-0.0002925653115482641,-0.00010002499517779937
353.9337644000043,0.0,0.0,0.0,9.432984122289801e-06,0.0007641693500024067,-9.29412760695814e-05
353.98210459999973,0.0,0.0,0.0,6.637410722661056e-06,0.0005378637303330552,-0.00010094012966444771
354.0377854000035,0.0,0.0,0.0,-1.1065149447708064e-05,-0.0009145802066389967,-6.804879839945713e-05
354.08214320000116,0.0,0.0,0.0,6.315132989507578e-06,0.0005586299114121664,-0.00013856245540984157
354.135166,0.0,0.0,0.0,4.2598848605901755e-06,0.00036591979188596726,-6.906475547973005e-05
354.1783532000045,0.0,0.0,0.0,-8.658856377743358e-06,-0.0008159232274632189,-8.256719144299845e-05
354.2363580000019,0.0,0.0,0.0,1.657078673353234e-06,0.00020884652097234252,-3.665846196671608e-05
354.28496799999994,0.0,0.0,0.0,-1.1719755489820084e-05,-0.0008200938071768907,-0.00015170414306216594
354.3317711999989,0.0,0.0,0.0,2.8588113727215914e-06,0.00024011937059780828,-0.00013077891415541918
354.37811579999834,0.0,0.0,0.0,1.1178469388644791e-05,0.0004961705312454977,-5.813104675983874e-05
354.4357683999988,0.0,0.0,0.0,5.8242958415113656e-06,0.00024561197840391086,-9.177091586589274e-05
354.48470480000105,0.0,0.0,0.0,-1.509401410780751e-05,-0.0012713512882462875,-0.00014771132513706543
354.5349955999991,0.0,0.0,0.0,9.180850552973251e-06,0.0008703845951703738,-0.00010346282189047332
354.5848646000013,0.0,0.0,0.0,4.206225134334783e-06,0.00013203231732397062,-0.00012415704049365288
354.63615550000395,0.0,0.0,0.0,1.4446792611911903e-06,0.00013190658064554065,-0.00010984049088886292
354.68344590000197,0.0,0.0,0.0,-1.8993853794791943e-06,-8.237575021608284e-05,-0.00010276122221338128
354.7337215000007,0.0,0.0,0.0,9.554561030133161e-06,0.0006489980673468182,-3.6816790509172046e-05
354.7849520000018,0.0,0.0,0.0,-1.1050743001710126e-05,-0.0007598219926825626,-1.4772101647445096e-05
354.8363895000002,0.0,0.0,0.0,-1.9678083165906938e-05,-0.0013929804709897113,-0.00010865355498796938
354.8865692000036,0.0,0.0,0.0,1.7417557512823318e-05,0.0014900890915685921,-2.7178101926000937e-05
354.9287192999982,0.0,0.0,0.0,1.6343727989690946e-06,0.0001529459734831429,-6.113278262681669e-05
354.97788630000287,0.0,0.0,0.0,1.8799178634448804e-06,-3.81551768619848e-06,-2.168764986750307e-05
355.03254860000015,0.0,0.0,0.0,-4.213964262301153e-06,-0.0003331654224124332,-5.724251905881593e-05
355.08735549999983,0.0,0.0,0.0,-7.441436494988514e-06,-0.00035295683420741704,5.6283983404633675e-05
355.1289695000014,0.0,0.0,0.0,-1.1893398742657671e-05,-0.0007880993099207813,-6.492962327516657e-05
355.1850954000038,0.0,0.0,0.0,1.6479301946955787e-05,0.0014303297747735068,2.109536040635729e-05
355.2273911000011,0.0,0.0,0.0,-3.7705092322722963e-06,-0.00036868415783946137,-9.912336943303244e-05
355.27955120000115,0.0,0.0,0.0,4.69500599827348e-06,0.00046477696752167754,-0.00014064011268605443
355.33629530000326,0.0,0.0,0.0,-2.922076159542466e-06,-0.0002646899104280703,-2.5308408817156623e-05
355.3832709999988,0.0,0.0,0.0,7.186947351764548e-06,0.0005349663569390161,2.7101707549229198e-05
355.4392105000006,0.0,0.0,0.0,-5.455803667861743e-06,-0.00047358500456049787,-6.940350013501302e-05
355.48618510000233,0.0,0.0,0.0,-2.0582632958003868e-05,-0.0016482313178924194,-2.5655769983996177e-05
355.5340273000038,0.0,0.0,0.0,1.4049638754065937e-05,0.001203054057713842,-1.6955778998533276e-06
355.5832900000023,0.0,0.0,0.0,1.6111167639381212e-07,9.442831212381814e-05,2.2268887103292775e-05
355.6333975000016,0.0,0.0,0.0,-5.771899887671987e-06,-0.0005736387142815738,-8.873714410491003e-05
355.68144369999936,0.0,0.0,0.0,9.968144774098022e-06,0.001324880168572224,0.00010099020473798891
355.73579930000415,0.0,0.0,0.0,-3.7988801592679172e-06,-0.0006173817238752525,0.0001600848225148938
355.7850258000035,0.0,0.0,0.0,-7.791040602384662e-06,-0.00021731143621286342,8.051797144324153e-06
355.8333646000028,0.0,0.0,0.0,-3.543906317278134e-06,-0.0002833498536942065,3.033311598858792e-05
355.8827648000006,0.0,0.0,0.0,-2.295715974872837e-08,-0.0004965860971329555,2.4160165388444624e-05
355.9387069000004,0.0,0.0,0.0,-3.755012884889931e-06,0.00014633493039056017,3.022159663339721e-05
355.9796647999974,0.0,0.0,0.0,9.845349876667371e-07,0.00019567104039674668,2.8435371846915606e-05
356.03380930000276,0.0,0.0,0.0,1.9655716698311806e-06,0.0003835716556840452,2.7749720793155852e-05
356.0785853999987,0.0,0.0,0.0,7.117376306702681e-06,0.0002694665608415232,4.531232442826802e-05
356.13437590000103,0.0,0.0,0.0,-4.2899792699204475e-06,-0.0004715389580211182,1.7136405187988718e-05
356.1851997999984,0.0,0.0,0.0,1.8261432401471744e-06,8.113320153936747e-05,-2.757710672066343e-05
356.234492100004,0.0,0.0,0.0,1.586896623918811e-06,-0.0002095190895725114,-5.673650253397618e-06
356.280130500003,0.0,0.0,0.0,-3.7201984902233336e-06,-0.00011035433873685013,-2.6306368568113816e-05
356.33304840000346,0.0,0.0,0.0,-2.9951640259710502e-05,-0.0016355034378340932,6.094794588234958e-05
356.3815051999991,0.0,0.0,0.0,2.407200319465559e-05,0.0008295064453336942,-2.5735209778534252e-05
356.4345811000021,0.0,0.0,0.0,-1.889092627883022e-05,-0.001742017617101143,3.491355642168707e-05
356.4761756000007,0.0,0.0,0.0,3.679617943190695e-05,0.0016089070229988675,-2.9260889706126444e-05
356.53613349999796,0.0,0.0,0.0,-1.644842304116946e-05,-0.00022514229309468785,0.00016485300080027463
356.5899616000024,0.0,0.0,0.0,5.618074771811582e-06,0.0003692913492560867,0.00023187427315958346
356.6369315999982,0.0,0.0,0.0,-2.6220057797611057e-05,-0.0030105708739284376,0.00021579600108128185
356.6793164999981,0.0,0.0,0.0,7.859367809548681e-06,0.001504379643904549,0.0001996945603985403
356.73641569999745,0.0,0.0,0.0,1.4713651532803904e-05,-0.00027999727631435376,0.00026189918530233306
356.77902750000067,0.0,0.0,0.0,-2.3370844211371665e-05,-0.0005666035913987413,0.00019771749857660855
356.835012800002,0.0,0.0,0.0,1.1545920152133069e-05,0.000543137679276382,0.0002058406265021758
356.8807854999977,0.0,0.0,0.0,-9.463579604583611e-06,-0.0009256500721814148,0.00021681556471477232
356.9358493000036,0.0,0.0,0.0,-7.653875726021077e-06,-0.0005622607273099611,0.00025302830644646085
356.98272590000124,0.0,0.0,0.0,-7.721206722683924e-06,-0.000695069229016756,0.00016688768564146938
357.02772820000246,0.0,0.0,0.0,-7.517786210287334e-05,-0.004748628174893085,0.000102838245714199
357.0848291000002,0.0,0.0,0.0,-3.947877557494124e-06,-5.547818850527588e-05,0.00010245192826113901
357.1301009000017,0.0,0.0,0.0,3.3444148648244404e-07,3.1746760115163246e-05,0.00010897001449097638
357.1849621000001,0.0,0.0,0.0,1.519242211041861e-07,-1.3135522012323663e-06,0.0001093537843648254
357.2369729999991,0.0,0.0,0.0,1.845334266916193e-07,-3.5973407555413374e-07,0.00010966549023331109
357.28312059999735,0.0,0.0,0.0,1.8892505366030648e-07,-1.980362591994748e-07,0.00010997283224051616
357.3331242999993,0.0,0.0,0.0,1.892569671225742e-07,-2.1029107129255304e-07,0.00011029473186645
357.3767014999976,0.0,0.0,0.0,1.899648894325408e-07,-2.0883558118099084e-07,0.00011062646427672837
357.4298457000041,0.0,0.0,0.0,1.907293516931735e-07,-2.070194429527468e-07,0.00011096091720511354
357.4842443000016,0.0,0.0,0.0,1.9146766236458704e-07,-2.054428979591716e-07,0.0001112961031374825
357.534928699999,0.0,0.0,0.0,1.9219186551794248e-07,-2.0389366753740987e-07,0.00011163199187320136
357.5849085000009,0.0,0.0,0.0,1.929148797666976e-07,-2.0233627817763188e-07,0.00011196876325609135
357.6369470999998,0.0,0.0,0.0,1.9364060422470132e-07,-2.007683067460669e-07,0.00011230648734453112
357.68686940000043,0.0,0.0,0.0,1.9436921016530862e-07,-1.991920995835029e-07,0.00011264517361514638
357.7305161999975,0.0,0.0,0.0,1.9510043809898898e-07,-1.976089845736738e-07,0.0001129848199298275
357.7852398000032,0.0,0.0,0.0,1.9583404289189496e-07,-1.9601903851336338e-07,0.00011332542615334459
357.83796480000456,0.0,0.0,0.0,1.9657012810495205e-07,-1.9442239619884302e-07,0.00011366699402643029
357.88427239999874,0.0,0.0,0.0,1.973085918834068e-07,-1.9281899158284797e-07,0.00011400952568302922
357.9343805000026,0.0,0.0,0.0,1.9804948935011146e-07,-1.9120886785754023e-07,0.00011435302354781914
357.98582899999747,0.0,0.0,0.0,1.9879280625193524e-07,-1.8959204897285774e-07,0.00011469749015212253
358.0281595999986,0.0,0.0,0.0,1.99538558498427e-07,-1.879686205350622e-07,0.00011504292772525129
358.0824176000024,0.0,0.0,0.0,2.00286638943763e-07,-1.8633846066699687e-07,0.00011538933902732325
358.13334130000294,0.0,0.0,0.0,2.0103719767205752e-07,-1.8470172704145128e-07,0.00011573672698252712
358.17975540000043,0.0,0.0,0.0,2.0179018709742118e-07,-1.8305842770104267e-07,0.0001160850941666249
358.236896800001,0.0,0.0,0.0,2.0254555803582966e-07,-1.8140856395766703e-07,0.00011643444313761661
358.28926489999867,0.0,0.0,0.0,2.03303324210751e-07,-1.7975210689547756e-07,0.00011678477719729701
358.3339081000013,0.0,0.0,0.0,2.0406351709873213e-07,-1.780891494368799e-07,0.00011713609922777554
358.37861359999806,0.0,0.0,0.0,2.0482612420062604e-07,-1.7641962902114056e-07,0.00011748841239320396
358.4355998000028,0.0,0.0,0.0,2.055911758198791e-07,-1.7474364016660925e-07,0.00011784172007973436
358.4868828000035,0.0,0.0,0.0,2.0635862614844797e-07,-1.73061109253789e-07,0.0001181960251229227
358.53556039999967,0.0,0.0,0.0,2.0712849955920137e-07,-1.713721340384744e-07,0.00011855133076459705
358.5811154999974,0.0,0.0,0.0,2.0790081858371328e-07,-1.696767040102027e-07,0.0001189076403642752
358.63189290000446,0.0,0.0,0.0,2.0867555273149035e-07,-1.6797472684693877e-07,0.00011926495758794755
358.6763548000017,0.0,0.0,0.0,2.0945276045203768e-07,-1.662663551931912e-07,0.00011962328574180246
358.7324929000024,0.0,0.0,0.0,2.1023235314806166e-07,-1.645514751276233e-07,0.00011998262823653189
358.78557320000255,0.0,0.0,0.0,2.1101442987221808e-07,-1.6283016507230496e-07,0.00012034298886234816
358.83598730000085,0.0,0.0,0.0,2.117989617779428e-07,-1.6110242827544762e-07,0.00012070437111870298
358.8827156999978,0.0,0.0,0.0,2.1258593632907913e-07,-1.5936815909878762e-07,0.00012106677884254555
358.93582260000403,0.0,0.0,0.0,2.1337539583141008e-07,-1.576275258731117e-07,0.00012143021558876831
358.98592980000103,0.0,0.0,0.0,2.1416732863558026e-07,-1.5588039899711443e-07,0.00012179468530090201
359.02686820000235,0.0,0.0,0.0,2.149617315105296e-07,-1.541268313081664e-07,0.00012216019154498697
359.08653790000244,0.0,0.0,0.0,2.1575862309995e-07,-1.5236683899319886e-07,0.0001225267381534987
359.1366379000028,0.0,0.0,0.0,2.1655802407694819e-07,-1.5060036939446385e-07,0.00012289432928531933
359.17948479999905,0.0,0.0,0.0,2.1735988674943346e-07,-1.4882745397550282e-07,0.0001232629687818655
359.23311549999926,0.0,0.0,0.0,2.181643373182347e-07,-1.4704809211777654e-07,0.00012363266083967008
359.27818860000116,0.0,0.0,0.0,2.189712273838921e-07,-1.4526226263411032e-07,0.00012400340918699928
359.3328218000024,0.0,0.0,0.0,2.1978069383311537e-07,-1.4346996102882135e-07,0.00012437521808921046
359.38831090000167,0.0,0.0,0.0,2.205926638484329e-07,-1.4167119508655098e-07,0.00012474809135443695
359.42966400000296,0.0,0.0,0.0,2.2140724314371537e-07,-1.3986600647486603e-07,0.00012512203360111348
359.48515210000187,0.0,0.0,0.0,2.2222429315068115e-07,-1.3805425870816527e-07,0.0001254970489460803
359.5336360000001,0.0,0.0,0.0,2.2304394482148792e-07,-1.3623606847855812e-07,0.0001258731415059255
359.5891166000001,0.0,0.0,0.0,2.238661682208943e-07,-1.3441140226244329e-07,0.00012625031576376142
359.63079590000416,0.0,0.0,0.0,2.2469096785421126e-07,-1.3258016018944414e-07,0.00012662857598062734
359.68442479999794,0.0,0.0,0.0,2.2551838413196872e-07,-1.3074248962836387e-07,0.00012700792648857493
359.7349503000005,0.0,0.0,0.0,2.2634835890763277e-07,-1.2889824867016714e-07,0.00012738837159311037
359.7895408999975,0.0,0.0,0.0,2.271809733292428e-07,-1.2704748963802305e-07,0.00012776991611919184
359.8351975999976,0.0,0.0,0.0,2.2801619888401168e-07,-1.251901774557463e-07,0.00012815256424350874
359.88485899999796,0.0,0.0,0.0,2.2885405597640863e-07,-1.2332634693249588e-07,0.00012853632056902977
359.9391786999986,0.0,0.0,0.0,2.2969456679087226e-07,-1.2145594286262164e-07,0.0001289211898008661
359.98327309999877,0.0,0.0,0.0,2.3053771902145363e-07,-1.1957898922637284e-07,0.00012930717668856577
360.0336852000037,0.0,0.0,0.0,2.3138354349147238e-07,-1.1769541982642872e-07,0.00012969428570852655
360.08488809999835,0.0,0.0,0.0,2.3223203324875253e-07,-1.1580525496323838e-07,0.00013008252137714475
360.13380750000215,0.0,0.0,0.0,2.330832486376515e-07,-1.1390854689713993e-07,0.00013047188865484473
360.1817160999999,0.0,0.0,0.0,2.3393710172854845e-07,-1.1200514709688004e-07,0.00013086239236896477
360.2396871000019,0.0,0.0,0.0,2.3479371568241196e-07,-1.1009514189038999e-07,0.00013125403735552625
360.2861896000031,0.0,0.0,0.0,2.356529962121636e-07,-1.081784778808409e-07,0.00013164682832418595
360.3337001000036,0.0,0.0,0.0,2.365150567620155e-07,-1.0625520048273782e-07,0.00013204077013317985
360.38532940000005,0.0,0.0,0.0,2.373798272202313e-07,-1.0432519771755663e-07,0.0001324358679828643
360.4340402000016,0.0,0.0,0.0,2.3824740413925305e-07,-1.0238854650893593e-07,0.00013283212685805495
360.48236310000357,0.0,0.0,0.0,2.39117693153858e-07,-1.0044517252410276e-07,0.0001332295513329621
360.53294460000325,0.0,0.0,0.0,2.3999080785347583e-07,-9.84951036590099e-08,0.00013362814686090237
360.57955519999814,0.0,0.0,0.0,2.4086668353016136e-07,-9.653827099528895e-08,0.0001340279182092381
360.6337119000018,0.0,0.0,0.0,2.4174537036924934e-07,-9.457471822375782e-08,0.00013442887078027224
360.6843380999999,0.0,0.0,0.0,2.4262690788945045e-07,-9.26044172328945e-08,0.00013483100992747008
360.737572500002,0.0,0.0,0.0,2.4351126342311235e-07,-9.062728726906856e-08,0.00013523434060468308
360.78612409999914,0.0,0.0,0.0,2.443984341165029e-07,-8.864340481388346e-08,0.00013563886800109775
360.8387937000007,0.0,0.0,0.0,2.4528849386393923e-07,-8.665271264486666e-08,0.00013604459762558066
360.8778913999995,0.0,0.0,0.0,2.461814335446039e-07,-8.46551713792874e-08,0.0001364515350181592
360.92767840000306,0.0,0.0,0.0,2.4707724945894727e-07,-8.265081845445949e-08,0.0001368596852103699
360.98512470000423,0.0,0.0,0.0,2.4797597786631517e-07,-8.063955717223195e-08,0.00013726905362229717
361.0351099000036,0.0,0.0,0.0,2.488775797698289e-07,-7.862141377456268e-08,0.0001376796457451425
361.0890008999995,0.0,0.0,0.0,2.497821327742099e-07,-7.659641269889453e-08,0.00013809146719212748
361.1329033000002,0.0,0.0,0.0,2.506896303627908e-07,-7.456448932225467e-08,0.00013850452346553013
361.1805792000014,0.0,0.0,0.0,2.51600074191661e-07,-7.252559216650839e-08,0.0001389188200565184
361.24175500000274,0.0,0.0,0.0,2.525135073880172e-07,-7.047977814973759e-08,0.00013933436287588366
361.28174240000226,0.0,0.0,0.0,2.5342991979234377e-07,-6.842700606557589e-08,0.00013975115753914923
361.3362286999982,0.0,0.0,0.0,2.543492908711946e-07,-6.636715482584474e-08,0.00014016920968627566
361.3799379999982,0.0,0.0,0.0,2.55271728053836e-07,-6.4300343030826e-08,0.00014058852507034213
361.4355938000008,0.0,0.0,0.0,2.561971890818784e-07,-6.222653656711091e-08,0.00014100910944012763
361.4870542999997,0.0,0.0,0.0,2.5712567843447435e-07,-6.014563325274463e-08,0.0001414309686376303
361.5310879000026,0.0,0.0,0.0,2.580572090610228e-07,-5.8057662061675587e-08,0.00014185410884234355
361.5817804000035,0.0,0.0,0.0,2.58991865511445e-07,-5.596259921465679e-08,0.0001422785359650247
361.63950560000376,0.0,0.0,0.0,2.5992958488638604e-07,-5.386043642404464e-08,0.00014270425567231335
361.68184280000423,0.0,0.0,0.0,2.608704129146822e-07,-5.17511120005102e-08,0.00014313127431243123
361.733075199998,0.0,0.0,0.0,2.618143507495794e-07,-4.9634648863853236e-08,0.0001435595978161928
361.78475900000194,0.0,0.0,0.0,2.627614506902402e-07,-4.751100457797933e-08,0.00014398923240080636
361.8354270999989,0.0,0.0,0.0,2.6371171036837906e-07,-4.5380191697721974e-08,0.00014442018431017303
361.8787588999985,0.0,0.0,0.0,2.646651200557055e-07,-4.324210165521112e-08,0.00014485245967274182
361.9287594999987,0.0,0.0,0.0,2.656217079194682e-07,-4.109676694364632e-08,0.00014528606458583598
361.9850976000016,0.0,0.0,0.0,2.6658152909099446e-07,-3.89442122260145e-08,0.00014572100572629164
362.0346262000021,0.0,0.0,0.0,2.675445781615574e-07,-3.6784360690703656e-08,0.0001461572895156517
362.07872280000447,0.0,0.0,0.0,2.685108253474651e-07,-3.461715559043729e-08,0.00014659492212234953
362.1364767999985,0.0,0.0,0.0,2.6948038775742404e-07,-3.244263745201562e-08,0.0001470339100388674
362.1864496999988,0.0,0.0,0.0,2.704531732835355e-07,-3.02607707462213e-08,0.0001474742597845247
362.23194080000394,0.0,0.0,0.0,2.7142927316952597e-07,-2.807152875989249e-08,0.0001479159780583314
362.28248010000243,0.0,0.0,0.0,2.7240867571828045e-07,-2.5874836665519305e-08,0.00014835907164154877
362.33542390000366,0.0,0.0,0.0,2.7339143621956815e-07,-2.367076589638482e-08,0.00014880354708444535
362.3790435999981,0.0,0.0,0.0,2.7437750751184873e-07,-2.1459197615175532e-08,0.0001492494107952807
362.43458380000084,0.0,0.0,0.0,2.7536693255526234e-07,-1.9240182837518607e-08,0.000149696669704032
362.48500310000236,0.0,0.0,0.0,2.7635975727594675e-07,-1.7013671657149922e-08,0.00015014533100491087
362.5310141000009,0.0,0.0,0.0,2.7735599193829054e-07,-1.4779570121142567e-08,0.00015059540132816905
362.5797359999997,0.0,0.0,0.0,2.783556403976099e-07,-1.253797983630378e-08,0.0001510468876593279
362.6361226000008,0.0,0.0,0.0,2.793587216524615e-07,-1.028876548301701e-08,0.00015149979711269059
362.68506499999785,0.0,0.0,0.0,2.803652808919253e-07,-8.031935161996114e-09,0.00015195413674257908
362.7370671000026,0.0,0.0,0.0,2.81375296284203e-07,-5.767540732607603e-09,0.00015240991344350142
362.7882119999995,0.0,0.0,0.0,2.8238883230361544e-07,-3.49544817175808e-09,0.00015286713467166878
362.8333702000018,0.0,0.0,0.0,2.834058727950467e-07,-1.215659172752308e-09,0.0001533258075436309
362.88428900000144,0.0,0.0,0.0,2.844264338561482e-07,1.0718442776894121e-09,0.00015378593932023849
362.93590660000336,0.0,0.0,0.0,2.8545058752089447e-07,3.367036456349553e-09,0.0001542475373266833
362.97870369999873,0.0,0.0,0.0,2.8647830806669104e-07,5.670036968266623e-09,0.00015471060912139757
363.0306597000017,0.0,0.0,0.0,2.8750961117932103e-07,7.980826833748929e-09,0.00015517516210733956
363.08532600000035,0.0,0.0,0.0,2.8849445663030763e-07,1.033281963143053e-08,0.00015564120348289713
363.1307681000035,0.0,0.0,0.0,2.8692229981063134e-07,1.4645888675110554e-08,0.0001561087445967646
363.1853192999988,0.0,0.0,0.0,2.86958403238628e-07,1.7664574982658023e-08,0.00015657781143940604
363.2339123999991,0.0,0.0,0.0,2.878869492733821e-07,1.999887092518211e-08,0.00015704837821757753
363.2875658999983,0.0,0.0,0.0,2.889148332478179e-07,2.2358237682282227e-08,0.00015752045358176454
363.33828480000375,0.0,0.0,0.0,2.8995640178897287e-07,2.472714808822367e-08,0.00015799404759599635
363.3824287000025,0.0,0.0,0.0,2.910026802103322e-07,2.7103603110380746e-08,0.0001584691713149974
363.4289026000042,0.0,0.0,0.0,2.9205279075875965e-07,2.9488112337987906e-08,0.00015894583379900447
363.48241810000036,0.0,0.0,0.0,2.931065820441038e-07,3.1880742004671244e-08,0.00015942404331266316
363.5329583999992,0.0,0.0,0.0,2.9416418340054686e-07,3.4281421805089364e-08,0.00015990380820029754
363.5871014000004,0.0,0.0,0.0,2.9522550002436883e-07,3.669027771263049e-08,0.0001603851362491084
363.63290530000086,0.0,0.0,0.0,2.9629061937348635e-07,3.910724764871714e-08,0.0001608680355902945
363.6812826000023,0.0,0.0,0.0,2.9735955225449245e-07,4.153236807760528e-08,0.00016135251451277968
363.7358088000037,0.0,0.0,0.0,2.9843232027022157e-07,4.396573418181968e-08,0.00016183858152530415
363.78197080000245,0.0,0.0,0.0,2.9950893283311196e-07,4.6407347082794944e-08,0.00016232624514549737
363.8385472000009,0.0,0.0,0.0,-0.0004693096322826275,-0.0013443700329020833,-0.10914196767343896
363.8805580000044,0.0,0.0,0.0,-0.0004930379945349826,0.004367939480123835,-0.2905357314651968
363.9357740999985,0.0,0.0,0.0,-0.0009491375511224636,-0.0028859580092054685,-0.46188153936242865
363.9842814000003,0.0,0.0,0.0,-0.001336713344653546,-0.001218854767922294,-0.641931051391632
364.03559230000246,0.0,0.0,0.0,-0.0013371050423901163,0.00029723273905945554,-0.8411589299663369
364.0775513000044,0.0,0.0,0.0,-0.0018612094482244705,0.0004206346215741908,-1.0949588105825432
364.1358407000007,0.0,0.0,0.0,-0.0021806851086700408,0.004447765817150397,-1.3636714757935935
364.1799287000031,0.0,0.0,0.0,-0.0025063997868376487,0.001579927129907563,-1.6553655952097344
364.23669450000307,0.0,0.0,0.0,-0.0036217677396387067,-0.0059457096094240125,-1.8154077806553324
364.2871266000002,0.0,0.0,0.0,-0.004152952569403632,-0.0014525299854154419,-1.8341772816434145
364.33102350000263,0.0,0.0,0.0,-0.0034580603586672636,-0.0033455757914475134,-1.8409851654422185
364.3760773000031,0.0,0.0,0.0,-0.0034310531936342075,0.0016897453383344532,-1.791122064299672
364.4379448000036,0.0,0.0,0.0,-0.003587070612588799,-0.0004598716433435585,-1.6687666656432558
364.4890008000002,0.0,0.0,0.0,-0.0029699834748920036,0.002995225815860473,-1.540304486416012
364.5364652999997,0.0,0.0,0.0,-0.002767949849057281,-0.0007535905039245382,-1.4185650273647277
364.583071400004,0.0,0.0,0.0,-0.002613694836515746,-0.002121069542089502,-1.300138427930202
364.6350586999979,0.0,0.0,0.0,-0.002381347977631656,0.0007791316721887316,-1.2003808378052785
364.6850173999992,0.0,0.0,0.0,-0.002543955844169466,-0.0016491258195394762,-1.109424935039722
364.73496010000235,0.0,0.0,0.0,-0.0021512888865155965,0.0020804433846724818,-1.0192088101932624
364.7862508000035,0.0,0.0,0.0,-0.0018368954188158271,0.002579675128631117,-0.9410002993075299
364.8350369000036,0.0,0.0,0.0,-0.002005748942662961,-0.004476711381019857,-0.8658072071770267
364.88717429999815,0.0,0.0,0.0,-0.0018550589933959845,-0.0015845518155295892,-0.8043083713071221
364.9362382000036,0.0,0.0,0.0,-0.0016797855452933223,-0.0002781013793929013,-0.7429392292818017
364.9808847000022,0.0,0.0,0.0,-0.0017839882982053188,0.0002860005787896709,-0.6890687797394435
365.03176579999854,0.0,0.0,0.0,-0.0023083457405464265,-0.007077240315040734,-0.720021920497269
365.08265380000375,0.0,0.0,0.0,-0.0020421903037468347,0.0009309767247005958,-0.7376729640602853
365.13398679999955,0.0,0.0,0.0,-0.0018265878904937748,0.0029085394232314203,-0.7645254256774231
365.1815054000035,0.0,0.0,0.0,-0.0016456191184557034,0.005354505323447654,-0.8056236693806827
365.22888349999994,0.0,0.0,0.0,-0.002071855426141849,-0.0017320275458457056,-0.8546325274076089
365.28530879999744,0.0,0.0,0.0,-0.0021521326222032166,-0.0026458130093787407,-0.873459342785018
365.33674189999874,0.0,0.0,0.0,-0.002246596255562086,0.003370112377216906,-0.8460564030509352
365.38529579999886,0.0,0.0,0.0,-0.0016908287903313643,0.005810251631558974,-0.7529640140721673
365.4339009000032,0.0,0.0,0.0,-0.0014089175035683246,-0.0028180143510455023,-0.6008588766831192
365.48085490000085,0.0,0.0,0.0,-0.00048350323770500686,0.008835803860518566,-0.4376845728288893
365.54181059999974,0.0,0.0,0.0,0.00031693073439088956,0.0030202544584000124,-0.232020196600563
365.5831580000013,0.0,0.0,0.0,0.0002311837244263383,0.002143731431058063,-0.10500854819956094
365.6313369999989,0.0,0.0,0.0,0.0007274497292334336,-0.00162518273607081,-0.0912757513136729
365.67821260000346,0.0,0.0,0.0,5.227728920266702e-05,0.0013402829799710695,-0.09241469711385562
365.73611430000165,0.0,0.0,0.0,-0.000901855258076061,-0.0006206389139753788,-0.09584914781259798
365.78656279999996,0.0,0.0,0.0,-0.00014181164953772725,-0.0005979349265956598,-0.0930388060034485
365.83361490000243,0.0,0.0,0.0,-0.00024284161905367682,0.0032025758558565684,-0.09242609156670936
365.87948770000366,0.0,0.0,0.0,-0.0001409133314206876,-0.002513225952067999,-0.09156399699539539
365.9340358000045,0.0,0.0,0.0,-0.00011405885639874096,-0.0016820135533452975,-0.09134287561448134
365.98859860000084,0.0,0.0,0.0,-0.00016746215125949113,0.005476586929403798,-0.09158764614075171
366.0343051000018,0.0,0.0,0.0,-6.919438174783564e-05,-0.004252006415030653,-0.09181371782648794
366.08821290000196,0.0,0.0,0.0,-8.192694331769456e-05,0.003091203543021646,-0.09257422715534348
366.13359409999975,0.0,0.0,0.0,0.0013547468927487347,-0.0025095660483183636,-0.08960481617855331
366.18471619999764,0.0,0.0,0.0,-0.0002584847090670825,0.001791452838481684,-0.09285142885011442
366.22901999999885,0.0,0.0,0.0,0.0003915716686176529,0.00015791462321230402,-0.09923672776316805
366.28452420000394,0.0,0.0,0.0,4.024228088611964e-05,-0.0005467908992904951,-0.10990758913911026
366.33528050000314,0.0,0.0,0.0,-0.00013350075414720458,0.00557014323898857,-0.12371015496670643
366.38067559999763,0.0,0.0,0.0,-0.0016208577476985804,-0.005860722550822149,-0.14128861262362238
366.4318065000043,0.0,0.0,0.0,-0.0013814104237995384,0.0010904803662017408,-0.17940051489560138
366.48427860000083,0.0,0.0,0.0,-0.0002499875391398556,0.005923367013940494,-0.18148008856904738
366.53678460000083,0.0,0.0,0.0,-0.00018887318592145205,0.00023571648311430265,-0.1691249509092143
366.58464829999866,0.0,0.0,0.0,-7.242619604293923e-05,0.0015235844454562634,-0.15556161833903104
366.63693559999956,0.0,0.0,0.0,-0.0001135517795356659,-0.0005232273602309966,-0.13698064488657116
366.68712850000156,0.0,0.0,0.0,-5.699226076170976e-05,0.0002965118364895222,-0.11361098733998107
366.7342217999976,0.0,0.0,0.0,-4.034366535114361e-05,0.00037640295385304675,-0.09189302794112655
366.7847269999984,0.0,0.0,0.0,-8.54718590382571e-05,-0.0007962561432572231,-0.06475464611675388
366.8401417999994,0.0,0.0,0.0,-4.736393177193205e-05,-0.00026686189749679213,-0.03938799528470336
366.88557330000185,0.0,0.0,0.0,-4.013774649103388e-05,-0.00022220548771015444,-0.008712364039557417
366.9342784000037,0.0,0.0,0.0,-0.00017828324363310696,-0.013227176913859932,-0.00010586142793891272
366.9847891000027,0.0,0.0,0.0,-1.8884045228219957e-05,-0.00118827597522542,-0.0003481413101115004
367.0380860000005,0.0,0.0,0.0,5.894390228143671e-06,0.00013526571315389493,-0.0001435992382197946
367.08452699999907,0.0,0.0,0.0,1.2032566388851679e-06,7.44783806312001e-07,-0.0001390475775727786
367.1345150999987,0.0,0.0,0.0,-1.7956081304559572e-07,-1.0556006423831171e-06,-0.00015527499265646894
367.18420530000003,0.0,0.0,0.0,-3.6927978352885893e-07,-2.317293622187803e-08,-0.00016146073469447522
367.2324929000024,0.0,0.0,0.0,-3.148476163547219e-07,6.232998091763829e-08,-0.00016211548488833763
367.2857584000012,0.0,0.0,0.0,-2.766818068986636e-07,7.957871940663431e-08,-0.0001617546013124615
367.3258894000028,0.0,0.0,0.0,-2.6842698677949493e-07,7.591725559322927e-08,-0.00016155973348951704
367.3839134000009,0.0,0.0,0.0,-2.6910979832324594e-07,7.28217032178408e-08,-0.00016151953503749027
367.4331620000012,0.0,0.0,0.0,-2.7011698803890985e-07,7.202932431940665e-08,-0.00016151815438527372
367.4855819000004,0.0,0.0,0.0,-2.703990900968204e-07,7.175528428400853e-08,-0.00016151581385450266
367.5353518999982,0.0,0.0,0.0,-2.703736118964364e-07,7.200949170857692e-08,-0.0001615094008993467
367.57705669999996,0.0,0.0,0.0,-2.703267212671021e-07,7.185172794700438e-08,-0.00016150169029373557
367.6343988000008,0.0,0.0,0.0,-2.7028647015929744e-07,7.2058469933371e-08,-0.00016149390553252247
367.6835404000012,0.0,0.0,0.0,-2.7026527107703087e-07,7.194945918258323e-08,-0.00016148618535492267
367.72789139999804,0.0,0.0,0.0,-2.702386084276711e-07,7.191310552060661e-08,-0.00016147853854574755
367.78808250000293,0.0,0.0,0.0,-2.702151072330215e-07,7.191733426930861e-08,-0.00016147079599705623
367.8356913000025,0.0,0.0,0.0,-2.701852715549067e-07,7.195026508153984e-08,-0.00016146314827709737
367.8860017000043,0.0,0.0,0.0,-2.7016336003270785e-07,7.195650091171082e-08,-0.0001614554014886418
367.9282344000021,0.0,0.0,0.0,-2.7014910410909255e-07,7.159768306548051e-08,-0.0001614477202244817
367.98510279999755,0.0,0.0,0.0,-2.701142979397674e-07,7.183564628940468e-08,-0.0001614400306961429
368.03421669999807,0.0,0.0,0.0,-2.700879709634841e-07,7.1871596370812e-08,-0.00016143225281253215
368.08469080000214,0.0,0.0,0.0,-2.70062631790808e-07,7.191249108636222e-08,-0.00016142452990059358
368.1331007999979,0.0,0.0,0.0,-2.700452213760236e-07,7.160979353515949e-08,-0.00016141680019745233
368.1844698999994,0.0,0.0,0.0,-2.7001655493186496e-07,7.17416457694586e-08,-0.00016140905532585674
368.23169600000256,0.0,0.0,0.0,-2.6998902661741826e-07,7.18087278008275e-08,-0.0001614012946700164
368.2851959000036,0.0,0.0,0.0,-2.699700999257881e-07,7.158380262815949e-08,-0.0001613935266453049
368.33437360000244,0.0,0.0,0.0,-2.6994057426496944e-07,7.175243689015419e-08,-0.0001613857398354635
368.38737460000266,0.0,0.0,0.0,-2.6991509074392093e-07,7.172104658816882e-08,-0.00016137794335688044
368.43437229999836,0.0,0.0,0.0,-2.69895415916333e-07,7.15873417513478e-08,-0.00016137021454188942
368.48525759999757,0.0,0.0,0.0,-2.6986253705110547e-07,7.179482223502834e-08,-0.0001613624165430274
368.53769150000153,0.0,0.0,0.0,-2.698499536814177e-07,7.137642012537316e-08,-0.00016135453965044507
368.58548580000206,0.0,0.0,0.0,-2.698188003744278e-07,7.160392348388414e-08,-0.00016134673214632676
368.63369460000104,0.0,0.0,0.0,-2.6979928590553237e-07,7.146065613170494e-08,-0.00016133895454943203
368.68393130000186,0.0,0.0,0.0,-2.6976185100221673e-07,7.176680347905915e-08,-0.0001613311636490411
368.73872100000153,0.0,0.0,0.0,-2.697483100951672e-07,7.139349763180272e-08,-0.00016132330149990704
368.7837173000007,0.0,0.0,0.0,-2.6972530883357036e-07,7.138197881843118e-08,-0.0001613154948165171
368.8352569999988,0.0,0.0,0.0,-2.696977184734207e-07,7.146777009308179e-08,-0.0001613076136618644
368.8827425999989,0.0,0.0,0.0,-2.6967395837932244e-07,7.139643154914806e-08,-0.00016129977375632236
368.93113070000254,0.0,0.0,0.0,-2.6964435119624253e-07,7.148237621309133e-08,-0.00016129191395472065
368.9856376000025,0.0,0.0,0.0,-2.696269797962769e-07,7.128968327106005e-08,-0.0001612840784146808
369.0338683000009,0.0,0.0,0.0,-2.695946313424004e-07,7.145332516441816e-08,-0.00016127613608958772
369.085373599999,0.0,0.0,0.0,-2.695752396144942e-07,7.140062671882123e-08,-0.00016126827948169614
369.1346405000004,0.0,0.0,0.0,-2.695594018234769e-07,7.104472043364582e-08,-0.0001612604048389133
369.1866618999993,0.0,0.0,0.0,-2.695194822007345e-07,7.147189388081503e-08,-0.00016125255009932375
369.2301149999985,0.0,0.0,0.0,-2.695106847406189e-07,7.102140142295093e-08,-0.00016124464062565095
369.2827533000018,0.0,0.0,0.0,-2.6946876090251937e-07,7.143315019918487e-08,-0.00016123671667984504
369.3330851999999,0.0,0.0,0.0,-2.6945564150951774e-07,7.1142198988446e-08,-0.00016122877500850493
369.38442490000307,0.0,0.0,0.0,-2.69430489846627e-07,7.121831818300235e-08,-0.00016122081692353956
369.4353420000043,0.0,0.0,0.0,-2.694086445636125e-07,7.100592107115394e-08,-0.00016121292887129413
369.4849955000027,0.0,0.0,0.0,-2.6938504091538407e-07,7.105848765826373e-08,-0.00016120499275330526
369.53481289999763,0.0,0.0,0.0,-2.693555457203779e-07,7.108464418414292e-08,-0.00016119703498884797
369.57989239999733,0.0,0.0,0.0,-2.693316822832097e-07,7.112949628129502e-08,-0.0001611890750148935
369.63637500000186,0.0,0.0,0.0,-2.693153085801205e-07,7.086825016300603e-08,-0.00016118112699148527
369.68310609999753,0.0,0.0,0.0,-2.6927763224835114e-07,7.12270618614388e-08,-0.00016117317203927925
369.7348595000003,0.0,0.0,0.0,-2.692606639771099e-07,7.090556226286123e-08,-0.00016116517125531422
369.78216870000324,0.0,0.0,0.0,-2.6923703406061673e-07,7.098693807894894e-08,-0.00016115719327580846
369.8282829000018,0.0,0.0,0.0,-2.6921998499631485e-07,7.071971753564176e-08,-0.0001611492477223644
369.8858287000039,0.0,0.0,0.0,-2.691788385296032e-07,7.112559019911456e-08,-0.00016114125185801313
369.9344764999987,0.0,0.0,0.0,-2.691658706615545e-07,7.086690210416111e-08,-0.00016113320553393207
369.9857656000022,0.0,0.0,0.0,-2.6914229793617957e-07,7.077474973656767e-08,-0.00016112523672814013
370.0269141000026,0.0,0.0,0.0,-2.691171741641844e-07,7.079424200569988e-08,-0.000161117235173392
370.0868560000017,0.0,0.0,0.0,-2.6909339109737893e-07,7.075171038250838e-08,-0.00016110916964540053
370.1333461000031,0.0,0.0,0.0,-2.6906578030638913e-07,7.08032932042422e-08,-0.00016110113124051878
370.1837721999982,0.0,0.0,0.0,-2.6903809376019296e-07,7.089473672309429e-08,-0.00016109312312552633
370.2289254999996,0.0,0.0,0.0,-2.690313244751454e-07,7.043889669693973e-08,-0.0001610850787164222
370.2857640000002,0.0,0.0,0.0,-2.6899245602087464e-07,7.075034417239341e-08,-0.00016107701337474936
370.3302247000029,0.0,0.0,0.0,-2.689735741839515e-07,7.061770531117105e-08,-0.0001610689148011646
370.3858689000044,0.0,0.0,0.0,-2.6894963396902356e-07,7.059937234743003e-08,-0.00016106091711816768
370.4343119000041,0.0,0.0,0.0,-2.6892056308360335e-07,7.067292044831385e-08,-0.00016105280035302478
370.4874110000019,0.0,0.0,0.0,-2.689110952894386e-07,7.031522608231432e-08,-0.0001610447129174889
370.5346273000032,0.0,0.0,0.0,-2.688806939254857e-07,7.042707946598142e-08,-0.0001610366494999807
370.5790252000006,0.0,0.0,0.0,-2.6885117553559286e-07,7.053336000162856e-08,-0.00016102852976912775
370.6367253999997,0.0,0.0,0.0,-2.6882655394866064e-07,7.056812861135011e-08,-0.00016102041324355914
370.6859766999987,0.0,0.0,0.0,-2.6881127041863257e-07,7.026502675072106e-08,-0.00016101237624355715
370.72636780000175,0.0,0.0,0.0,-2.6878046170250285e-07,7.042638740109898e-08,-0.00016100421776936444
370.7817322999981,0.0,0.0,0.0,-2.6875973650701584e-07,7.032228414377121e-08,-0.00016099609874654954
370.83566370000335,0.0,0.0,0.0,-2.687375338261598e-07,7.030706086894711e-08,-0.00016098798008634804
370.8792121000006,0.0,0.0,0.0,-2.6871002531439593e-07,7.031452788599856e-08,-0.00016097986881129909
370.9361502000029,0.0,0.0,0.0,-2.6868880624589093e-07,7.023445746375153e-08,-0.0001609717034838931
370.9804604000019,0.0,0.0,0.0,-2.686601845276139e-07,7.029898872973278e-08,-0.00016096357609607554
371.0265197999979,0.0,0.0,0.0,-2.6863991595178383e-07,7.017908943775164e-08,-0.00016095542994791563
371.0824892000019,0.0,0.0,0.0,-2.686244100499069e-07,6.997623203652956e-08,-0.00016094725433226268
371.13734470000054,0.0,0.0,0.0,-2.6859301308124043e-07,7.017838337148551e-08,-0.0001609391041576183
371.18717910000123,0.0,0.0,0.0,-2.685682334750118e-07,7.005817482511653e-08,-0.0001609309399601133
371.2339006999973,0.0,0.0,0.0,-2.6854703999110543e-07,7.006961149979858e-08,-0.000160922734698313
371.2853774000032,0.0,0.0,0.0,-2.685221810390542e-07,7.002508990531513e-08,-0.00016091454359781036
371.3368682,0.0,0.0,0.0,-2.6850207788615705e-07,6.990187460727385e-08,-0.0001609063296937763
371.38276710000355,0.0,0.0,0.0,-2.684693863530594e-07,7.011888577779876e-08,-0.0001608981691968477
371.4271607999981,0.0,0.0,0.0,-2.6845432671843563e-07,6.983365197211884e-08,-0.00016088995401612835
371.4799563999986,0.0,0.0,0.0,-2.684283334010617e-07,6.995896823636799e-08,-0.00016088174254806615
371.5382346000042,0.0,0.0,0.0,-2.684070986415889e-07,6.975245455686509e-08,-0.00016087351838475815
371.57844230000046,0.0,0.0,0.0,-2.6837798424266093e-07,6.994287504970924e-08,-0.00016086525975854155
371.63651299999765,0.0,0.0,0.0,-2.6835907811937573e-07,6.976717983530765e-08,-0.00016085707896732913
371.6851272999993,0.0,0.0,0.0,-2.6834086156660425e-07,6.950919484043473e-08,-0.00016084880510192594
371.7360836000007,0.0,0.0,0.0,-2.6830999625764835e-07,6.98202731764431e-08,-0.00016084056754191452
371.7887804999991,0.0,0.0,0.0,-2.6829208740610563e-07,6.954734021398148e-08,-0.00016083232861888755
371.8344866000043,0.0,0.0,0.0,-2.6826278489159173e-07,6.971763895469328e-08,-0.00016082407859007174
371.87762260000454,0.0,0.0,0.0,-2.682393087149307e-07,6.964522080429306e-08,-0.00016081578816656215
371.935719000001,0.0,0.0,0.0,-2.682199416266699e-07,6.944929138714572e-08,-0.00016080755601923988
371.9854059999998,0.0,0.0,0.0,-2.6819920589829904e-07,6.945751159975995e-08,-0.00016079927753345045
372.0260819000032,0.0,0.0,0.0,-2.681710517018167e-07,6.952329687223964e-08,-0.00016079097358570984
372.0836943000031,0.0,0.0,0.0,-2.681447715301426e-07,6.95081417418567e-08,-0.00016078270208237113
372.13499690000026,0.0,0.0,0.0,-2.681265028451185e-07,6.936739890418667e-08,-0.00016077435524638995
372.1818491000013,0.0,0.0,0.0,-2.6810246770173e-07,6.933905629784503e-08,-0.00016076607722955008
372.23486910000065,0.0,0.0,0.0,-2.680816607196949e-07,6.924481204084785e-08,-0.00016075777352901025
372.2778718000045,0.0,0.0,0.0,-2.6805357046342544e-07,6.937821987021833e-08,-0.00016074942780422983
372.3365877000033,0.0,0.0,0.0,-2.6802923023162144e-07,6.934811379015594e-08,-0.00016074109844875408
372.38117590000184,0.0,0.0,0.0,-2.680162141971635e-07,6.902327141127656e-08,-0.00016073282526631228
372.42974949999916,0.0,0.0,0.0,-2.6798337305663866e-07,6.924824087134814e-08,-0.00016072448007902677
372.48161580000306,0.0,0.0,0.0,-2.679667753308746e-07,6.90226116237563e-08,-0.00016071609998250715
372.5299367999978,0.0,0.0,0.0,-2.6793596203811004e-07,6.92502348766025e-08,-0.00016070779853004003
372.58844520000275,0.0,0.0,0.0,-2.6792039938026496e-07,6.893466250664624e-08,-0.00016069944714810176
372.62944080000307,0.0,0.0,0.0,-2.678916968880719e-07,6.90839451568686e-08,-0.00016069111325435714
372.678536899999,0.0,0.0,0.0,-2.6786657775057744e-07,6.904849377448778e-08,-0.00016068272382111946
372.73349230000167,0.0,0.0,0.0,-2.678481201015592e-07,6.893797442865335e-08,-0.00016067430403855226
372.78350930000306,0.0,0.0,0.0,-2.678249724299554e-07,6.89183977475175e-08,-0.0001606659524371714
372.82974800000375,0.0,0.0,0.0,-2.678037668982064e-07,6.878475161272851e-08,-0.00016065758283782187
372.87668490000215,0.0,0.0,0.0,-2.677767086411905e-07,6.88403492961231e-08,-0.00016064917258889355
372.9386985000019,0.0,0.0,0.0,-2.6775022413533397e-07,6.891106112439684e-08,-0.000160640760410975
372.97661869999865,0.0,0.0,0.0,-2.677370617441123e-07,6.862277505337398e-08,-0.00016063236151827554
373.035383800001,0.0,0.0,0.0,-2.677045458992596e-07,6.882020011546233e-08,-0.00016062396004784635
373.0824680000005,0.0,0.0,0.0,-2.6769308727350923e-07,6.846080014210887e-08,-0.00016061553812421017
373.13553690000117,0.0,0.0,0.0,-2.676607528276854e-07,6.871884884631065e-08,-0.0001606071124706239
373.18400040000415,0.0,0.0,0.0,-2.6763892294988857e-07,6.860632184812545e-08,-0.0001605986862940086
373.2365737,0.0,0.0,0.0,-2.6761940255485794e-07,6.853127529481802e-08,-0.00016059028617197919
373.2842778999984,0.0,0.0,0.0,-2.6759331437377053e-07,6.851220738682546e-08,-0.00016058180449824016
373.33002639999904,0.0,0.0,0.0,-2.6756938032057553e-07,6.852814590400759e-08,-0.0001605733747530871
373.38447499999893,0.0,0.0,0.0,-2.675561756758968e-07,6.823121586156498e-08,-0.00016056492285866614
373.43842569999833,0.0,0.0,0.0,-2.675195460691691e-07,6.849890549987691e-08,-0.0001605565045226691
373.478268400002,0.0,0.0,0.0,-2.675032102513739e-07,6.835621216748005e-08,-0.0001605479593774124
373.5373996999988,0.0,0.0,0.0,-2.674897278489749e-07,6.80498370925318e-08,-0.0001605395297979885
373.5854579000006,0.0,0.0,0.0,-2.674488705352138e-07,6.843618487396174e-08,-0.0001605310355729496
373.63482790000126,0.0,0.0,0.0,-2.674378581129158e-07,6.812275856114819e-08,-0.00016052257788573543
373.6826609999989,0.0,0.0,0.0,-2.674070269642948e-07,6.830088303964209e-08,-0.00016051406653125422
373.7284774,0.0,0.0,0.0,-2.673906282289878e-07,6.804095545137899e-08,-0.00016050559659766105
373.7805150999993,0.0,0.0,0.0,-2.6736199353388493e-07,6.821868154203961e-08,-0.0001604970738692272
373.8340008000014,0.0,0.0,0.0,-2.6734494121029365e-07,6.802648488065596e-08,-0.00016048862080125228
373.8802597000031,0.0,0.0,0.0,-2.673246698171583e-07,6.782339239454234e-08,-0.00016048006911480024
373.93546120000246,0.0,0.0,0.0,-2.672966452866643e-07,6.803011761278872e-08,-0.0001604715397300347
373.9793126000004,0.0,0.0,0.0,-2.6727315484541796e-07,6.799957815357628e-08,-0.00016046302231466185
374.0339480000039,0.0,0.0,0.0,-2.672502046191111e-07,6.790028267585475e-08,-0.00016045452832938624
374.08738180000364,0.0,0.0,0.0,-2.672288015779867e-07,6.779262336933463e-08,-0.0001604460020283291
374.12934060000407,0.0,0.0,0.0,-2.6720842153405646e-07,6.774475433817414e-08,-0.00016043740908677466
374.180775300003,0.0,0.0,0.0,-2.671922612017871e-07,6.75647795484796e-08,-0.00016042889180496728
374.2351531000022,0.0,0.0,0.0,-2.671576242594088e-07,6.776244078824503e-08,-0.0001604203355034734
374.28485779999755,0.0,0.0,0.0,-2.6713456444320403e-07,6.775576638091655e-08,-0.00016041174867505298
374.33011880000413,0.0,0.0,0.0,-2.671200416882906e-07,6.754535245251506e-08,-0.000160403205706265
374.3837435000023,0.0,0.0,0.0,0.00031911589493404074,0.001085485380195086,0.09505287472076734
374.4347284000032,0.0,0.0,0.0,0.00039676931151412574,-0.00029927309224183875,0.2555192688980687
374.4804107000018,0.0,0.0,0.0,0.0006688398283211461,-0.00081159550816183,0.39871991183000155
374.53636350000306,0.0,0.0,0.0,0.000940397467820047,0.0037508431641596783,0.5369004907559307
374.58383049999975,0.0,0.0,0.0,0.001530137765123633,-0.004860241087211315,0.6973828388439149
374.6354347000015,0.0,0.0,0.0,0.0021514180380772024,0.0015556359253928941,0.889352921384293
374.68654570000217,0.0,0.0,0.0,0.001198485243172617,-0.0029834537701846995,0.9608330517626095
374.7280432000043,0.0,0.0,0.0,0.0020641871088947794,-0.002163194397578756,0.9089720994420512
374.783571400003,0.0,0.0,0.0,0.0015151850829344987,0.0022005527600533134,0.8475646652856655
374.8341508000012,0.0,0.0,0.0,0.0017214562408938263,-0.0005787905749046525,0.7901493306640855
374.878326500002,0.0,0.0,0.0,0.0014075667536354484,-0.005610182473176713,0.7163707147349462
374.9289837000033,0.0,0.0,0.0,0.001445487062178732,-0.0018791223822252731,0.6609053256376197
374.9793258999998,0.0,0.0,0.0,0.0018210616643742363,-0.007322530757771308,0.6449643223789276
375.0328454999981,0.0,0.0,0.0,0.0016036272564967894,0.002401962489578053,0.6315432402087577
375.07726650000404,0.0,0.0,0.0,0.0015353912025712704,0.0007268790361776634,0.6275769150836172
375.1360268999997,0.0,0.0,0.0,0.0015744350180032106,0.0007838279302277341,0.6398438232898109
375.18672479999805,0.0,0.0,0.0,0.001390313706943172,0.005721570517253584,0.6580588131709608
375.2380171000041,0.0,0.0,0.0,0.0014951345069629607,-0.0038851663758172703,0.6639082719599922
375.2765836000035,0.0,0.0,0.0,0.0015807160939065562,0.0035359448509257123,0.618656152952867
375.3360704000006,0.0,0.0,0.0,0.0009911472133427724,0.0005871204806102599,0.4847287059137045
375.3857929000005,0.0,0.0,0.0,0.0005245075881756661,0.0021184114695991726,0.31020116146395005
375.4335437000045,0.0,0.0,0.0,-0.00015184459386566822,0.006008135286090137,0.13577254265354746
375.4808176000006,0.0,0.0,0.0,-2.013567452077141e-05,0.003590117087692983,0.08684465520993355
375.53649620000215,0.0,0.0,0.0,0.00048114833052876965,-0.0014098004004459575,0.1851348884172801
375.58816659999866,0.0,0.0,0.0,0.000886679703466344,0.0010955893888611797,0.37441193271296447
375.6293674999979,0.0,0.0,0.0,0.000991924132796225,0.004665547338908866,0.5977349645081586
375.68616830000246,0.0,0.0,0.0,0.0007800278958016757,0.004363823092505008,0.6614381588385566
375.73656499999925,0.0,0.0,0.0,0.0007654774866205835,0.002552968376685002,0.6929258372318585
375.7804778999998,0.0,0.0,0.0,0.0006787906569107978,0.0006637233214667232,0.7245879207748878
375.8382128000012,0.0,0.0,0.0,0.0004959548620058885,7.864811958449951e-05,0.740086930032156
375.8767697000003,0.0,0.0,0.0,0.0006491934817827358,-0.0004162423030045919,0.718075251229307
375.9360261000038,0.0,0.0,0.0,0.0006331266729181207,-0.0005522925819211237,0.6820831234465509
375.98328510000283,0.0,0.0,0.0,0.00052408274894192,-0.0006667339218621334,0.6251332076262586
376.03530650000175,0.0,0.0,0.0,0.00079874201938994,-0.004196528981180668,0.5757108036400089
376.08550719999766,0.0,0.0,0.0,0.0010550141937883076,-0.007419410440739469,0.42776523304494635
376.13463700000284,0.0,0.0,0.0,0.0005531413582316709,-7.797303336290697e-05,0.2550958340596491
376.1798196000018,0.0,0.0,0.0,-0.0001701053440114666,-0.0020620196573541433,0.07643846594413001
376.22903770000266,0.0,0.0,0.0,-2.3457034030009075e-05,-0.0055816612004303615,0.003695767513324173
376.28247089999786,0.0,0.0,0.0,-5.907695922356592e-05,-0.00020366261361779743,0.001928375348658597
376.3279091000004,0.0,0.0,0.0,1.4839368497081278e-05,0.00034390229816167134,0.0006332133923059363
376.3805330000032,0.0,0.0,0.0,5.6282379327662294e-08,-1.0081002288627464e-06,0.00027545283443582185
376.43786810000165,0.0,0.0,0.0,-4.9710335753405334e-05,-0.00025951840896978125,0.00011863957118491434
376.4852271999989,0.0,0.0,0.0,9.095331554237994e-05,0.00017836690372197123,6.677465803692171e-07
376.536425600003,0.0,0.0,0.0,-1.8676835809411335e-05,-4.495601071318642e-05,0.00017754934531379914
376.5790801000039,0.0,0.0,0.0,-4.569885634682689e-05,-7.154399066268229e-05,-1.7547275564507312e-05
376.6365530000039,0.0,0.0,0.0,3.980730715796164e-06,-0.0004492143476767793,1.823964225312619e-05
376.68509600000107,0.0,0.0,0.0,-8.015274337713281e-06,0.0001314043451360196,-0.0001426060056790772
376.73299000000407,0.0,0.0,0.0,1.4585599701310084e-05,-1.4511251150584149e-05,-0.00023320705978144263
376.7848998000045,0.0,0.0,0.0,2.1621170350772447e-05,1.6503352576046576e-05,-0.00011638874385805722
376.832802500001,0.0,0.0,0.0,-9.839536818090046e-06,0.0002165228174285684,0.00026640875210235684
376.88589409999986,0.0,0.0,0.0,-2.213925287478265e-05,0.00018660324300698262,0.00018180450972636592
376.9308810000002,0.0,0.0,0.0,4.060786922994036e-05,-8.777184857776637e-05,-5.3589670360551525e-05
376.98388780000096,0.0,0.0,0.0,2.1930442079174735e-05,-0.00010485289974434274,6.467641129257089e-05
377.0364518999995,0.0,0.0,0.0,3.147907283325785e-05,-7.422919133490836e-05,-0.00014933908835113927
377.0806661000024,0.0,0.0,0.0,-8.243797108189308e-05,0.00026108353719143343,-0.00017518029327522888
377.1336109999975,0.0,0.0,0.0,-3.7648157021151306e-05,-0.00021168652315685607,-5.7660977449645556e-05
377.1853226000021,0.0,0.0,0.0,5.4648322776667715e-05,0.0002903819352182428,0.00020940465223920153
377.2338555000024,0.0,0.0,0.0,1.42666401738604e-05,-0.00036418780625115414,9.93011818174355e-06
377.2853733000011,0.0,0.0,0.0,-5.032951653446401e-06,0.00011961307679899164,-0.00022682017908579798
377.3353806000014,0.0,0.0,0.0,9.603903170809105e-05,7.537183562764097e-05,-5.932741148979568e-06
377.38596959999995,0.0,0.0,0.0,3.892703801031794e-05,0.00017222554792085818,0.0003846013739043929
377.42682530000457,0.0,0.0,0.0,-0.00011491932647973435,-0.0001602022312817614,0.00019007946466628929
377.4839154000001,0.0,0.0,0.0,1.5749969338082107e-05,0.00023280116380544364,-8.627787542204531e-05
377.5404641999994,0.0,0.0,0.0,-7.637456427577835e-06,-0.00010181577419375264,3.538178061566332e-05
377.57994090000284,0.0,0.0,0.0,-3.4127360431899876e-05,-0.0003620728746425091,-0.00022571619899513
377.6312457000022,0.0,0.0,0.0,-8.904226919634206e-05,-0.00020891380189052276,-0.00013191844763911037
377.67677299999923,0.0,0.0,0.0,6.031671395830802e-05,2.6313444798225748e-05,0.00019762190717706457
377.72713769999973,0.0,0.0,0.0,2.7540350886847038e-05,0.0004811622138162412,-1.5062041669632794e-05
377.7779310000042,0.0,0.0,0.0,-4.300638618988662e-05,1.352769748995764e-05,3.2885736363698324e-05
377.83516039999813,0.0,0.0,0.0,0.00011250289201306549,-0.00010120282459882706,0.0001679388859544143
377.8869202999995,0.0,0.0,0.0,-0.00012994948528018276,-0.00012483328886471755,-0.00014888069735668889
377.93595800000185,0.0,0.0,0.0,1.7374694868373282e-06,0.00011951511748052605,-0.00017852600562057394
377.9814186000003,0.0,0.0,0.0,5.8945463823080555e-05,-2.2531815560189747e-05,1.7345540915155573e-05
378.0335902000006,0.0,0.0,0.0,6.216363241015687e-05,5.387897596099435e-05,0.00029009314715487976
378.0860066000023,0.0,0.0,0.0,3.787586155128779e-05,0.00042947903653576386,-5.4375967618634916e-05
378.13733350000257,0.0,0.0,0.0,-7.359789091173129e-05,-0.0003565346835904282,-7.327939841350953e-05
378.1867596000011,0.0,0.0,0.0,-6.652004103681767e-05,0.00012392964927327086,-0.000333844636112629
378.2278002000021,0.0,0.0,0.0,5.901935466256004e-06,-1.4136642865008889e-06,-0.00020064674829640264
378.27995920000103,0.0,0.0,0.0,2.571605844302091e-05,-7.647371308276562e-05,-0.00021637895194359354
378.3357374000043,0.0,0.0,0.0,2.4569207982977393e-06,-2.0549714110095986e-05,7.700553107746724e-05
378.38002779999806,0.0,0.0,0.0,5.047348367456087e-05,-0.00033157605839448086,0.00030734834030057286
378.4362009000033,0.0,0.0,0.0,-9.3345246847104e-05,-0.00029380888830372344,8.109052559206077e-06
378.48468870000215,0.0,0.0,0.0,5.816010994982766e-06,0.0003602813481123233,-0.00011055139299900686
378.5326991000038,0.0,0.0,0.0,0.00010454491446271159,-0.00027228081749446976,0.0001555167992590208
378.5877567999996,0.0,0.0,0.0,-9.065742183960246e-05,0.00040389364752679635,0.00028813355675621095
378.62668049999775,0.0,0.0,0.0,2.5748012443009705e-05,0.00031285571485189584,0.00030032871980550414
378.6789843000006,0.0,0.0,0.0,-2.8338670658231914e-05,-0.00044281932029941574,5.5815730391294565e-05
378.72996380000404,0.0,0.0,0.0,-6.740993692748109e-05,0.000256698176686934,-2.9287107417981725e-05
378.778069400003,0.0,0.0,0.0,-6.668046869052162e-06,-0.00019459028714857309,1.8769631326895702e-05
378.8296597000008,0.0,0.0,0.0,-4.529350286783015e-07,0.00012142107110329727,8.892959069688759e-05
378.87955330000113,0.0,0.0,0.0,6.898088815799834e-05,-0.0002937404244689407,2.6896120675781635e-05
378.9280751000042,0.0,0.0,0.0,1.27396022344809e-05,0.0002736644805870375,0.00015122914845433553
378.98549549999734,0.0,0.0,0.0,2.7463803944155017e-05,-4.27905481986874e-05,6.128530665818052e-05
379.0379646000001,0.0,0.0,0.0,2.704496599478459e-05,2.5153432869084945e-05,0.00034688223196576123
379.087924200001,0.0,0.0,0.0,-2.2311720739704017e-05,-0.00015599249003682197,-1.3466531333179174e-05
379.1367704000004,0.0,0.0,0.0,-1.262376056325725e-07,0.00012725420233546683,6.495040081685022e-05
379.1854009000017,0.0,0.0,0.0,-1.0584781805166723e-05,0.00020016404562579203,-1.8127330341512314e-05
379.2379282000038,0.0,0.0,0.0,1.619878563352962e-08,-0.00014990149911760743,-0.00018495842864365373
379.2858788000012,0.0,0.0,0.0,-4.802903765339065e-05,-0.00014448672379064923,-6.639345898059545e-06
379.3303668000008,0.0,0.0,0.0,5.9379219853182855e-05,-9.287828216956082e-05,0.0002813217911871063
379.3845031000019,0.0,0.0,0.0,-1.6041110869536965e-05,0.0003171314591485354,0.00017358280205749126
379.435699499998,0.0,0.0,0.0,-1.2702261669026878e-05,2.7534261697415058e-05,5.934723365224405e-05
379.481720900003,0.0,0.0,0.0,-2.3082219027744435e-05,-0.00027461788339359564,-0.00018408189846987215
379.5345579999994,0.0,0.0,0.0,0.0001494130669562766,0.00012488689908009124,0.00015180366429926582
379.5801078000004,0.0,0.0,0.0,-3.435557757987656e-05,0.00040464077025427806,-6.0878188403289784e-05
379.63599960000283,0.0,0.0,0.0,-5.7793881291479796e-05,-0.00032357062263328924,-0.00027574121459852973
379.6856199000031,0.0,0.0,0.0,-7.423355838096833e-05,-1.4183568865763402e-05,-0.00017228354411323723
379.73486219999904,0.0,0.0,0.0,5.3954312144235046e-05,0.00019535914112010227,7.123947440465433e-05
379.77959669999836,0.0,0.0,0.0,2.5620996943899723e-05,-5.4316641870848505e-05,-0.00019336328801315122
379.83712370000285,0.0,0.0,0.0,2.0837516042885826e-05,-8.117272023967561e-05,2.2950954403015283e-05
379.8867040999976,0.0,0.0,0.0,-8.089006871100042e-05,3.819523992247908e-05,7.800281875075764e-05
379.93446109999786,0.0,0.0,0.0,5.003227087620631e-05,-0.0005109810730532509,-0.0002459842544317907
379.9819368000026,0.0,0.0,0.0,3.5606369947961375e-05,2.034266292479909e-05,-0.00031676623496646985
380.0315460999991,0.0,0.0,0.0,-2.21990362310937e-06,0.0004155751417463143,-0.0005053539453941908
380.08565700000327,0.0,0.0,0.0,-5.5281123041554215e-05,-0.0003268254633808259,-0.00015295080703236087
380.1342975000007,0.0,0.0,0.0,3.076091329250185e-05,0.00023448330435644186,6.904151021804313e-05
380.1869774000006,0.0,0.0,0.0,5.3692692003977016e-05,-0.0004461719913344004,-0.00015716347488251654
380.2354344999985,0.0,0.0,0.0,-2.6232727334209203e-05,0.00041850489435324087,-0.00033059033275683236
380.27852500000154,0.0,0.0,0.0,-8.37965667811199e-05,0.00023822698762670472,-4.950884013543104e-05
380.3293900999997,0.0,0.0,0.0,-7.362783641012733e-05,4.869275740830801e-05,-0.0001289376999272239
380.38576099999773,0.0,0.0,0.0,4.076267141402657e-05,-0.0003096529593445561,-0.0002492721338704546
380.43338400000357,0.0,0.0,0.0,3.566999561877696e-05,0.00014985204410059244,-0.00019960232383567237
380.48145459999796,0.0,0.0,0.0,1.4777536302295182e-05,-0.0005251373842312958,-0.00022545764136519056
380.533305500001,0.0,0.0,0.0,-9.119142195429134e-06,0.00037744827605514083,-0.00031022749067395616
380.5773943000022,0.0,0.0,0.0,-1.989308523612434e-05,-0.0002112429018258729,-0.00015417337788974008
380.63491919999797,0.0,0.0,0.0,8.79711147917409e-05,0.00010613613380017473,-0.00023207300094504784
380.68486049999774,0.0,0.0,0.0,-6.227760979359778e-05,-0.0001131135198864157,-0.00027993062142155843
380.7346808000002,0.0,0.0,0.0,3.8573997544210976e-05,0.00014951217344333036,-0.00017390319402988503
380.7851886999997,0.0,0.0,0.0,-4.4788204312500294e-05,0.00029372553301640645,0.00016697682870429702
380.8330649999989,0.0,0.0,0.0,-4.1148677794572556e-05,0.0003102292586309261,0.00019474425763308818
380.8825431000005,0.0,0.0,0.0,1.7605633891659715e-05,-0.0003949888158992409,2.8907215498140328e-05
380.9371949999986,0.0,0.0,0.0,-5.267231078299618e-06,-0.00016386492737224505,-0.00010439144110076427
380.9816453000021,0.0,0.0,0.0,6.989704473788286e-05,0.00019537940788664118,-0.00025968679178469523
381.02833790000295,0.0,0.0,0.0,1.1999653018649153e-05,-5.7450854410557835e-05,4.895972451073317e-05
381.0853481000013,0.0,0.0,0.0,-7.27183768008e-05,8.475415943010422e-05,5.321899594455309e-05
381.1341393000039,0.0,0.0,0.0,3.821649370471783e-05,-4.347847791975562e-05,0.0002528360428763905
381.185126700002,0.0,0.0,0.0,-1.0211304495105917e-05,-0.0004358338883334752,0.00021950754042732003
381.23038559999986,0.0,0.0,0.0,2.2965073293587092e-05,0.0003514108568800446,0.0002334762989979523
381.2842954000007,0.0,0.0,0.0,2.7681681638950228e-05,-0.00039777639799031087,0.0001329242161780876
381.3348616000003,0.0,0.0,0.0,-6.123166278042895e-05,0.0002908129502166488,-0.00030242191168145145
381.38357240000187,0.0,0.0,0.0,2.834365351570466e-05,-0.00030037764653399073,-0.00021185788914755284
381.43115979999857,0.0,0.0,0.0,4.1123011904307644e-05,7.607427386423262e-06,7.367117676910536e-05
381.4807751000044,0.0,0.0,0.0,3.958252217545846e-05,-6.256006091207868e-05,-0.0002261495286271131
381.53917250000086,0.0,0.0,0.0,-5.977296713600766e-05,9.074215154282077e-05,-0.00034589707058451096
381.58621700000367,0.0,0.0,0.0,-1.9597030628753645e-05,0.0007132978893253578,1.533050718111443e-05
381.633058899999,0.0,0.0,0.0,2.683793651073291e-05,-0.0005551714717666704,-9.63602010430917e-05
381.6785089000041,0.0,0.0,0.0,2.5551902143182992e-05,-0.00014916484920467844,-0.00014282592940990292
381.73492629999964,0.0,0.0,0.0,-2.4667522070736874e-05,0.00043534831483460663,0.0001659977110969742
381.7842836999989,0.0,0.0,0.0,-1.3639251637708534e-05,-0.0002225771664267801,5.4121045639955986e-05
381.8329389999999,0.0,0.0,0.0,3.997035460111544e-05,-0.000335993018771934,0.00031009224164652824
381.88408309999795,0.0,0.0,0.0,-8.838810870834802e-05,0.0002689617692778576,-7.406871995874846e-05
381.92747360000067,0.0,0.0,0.0,-6.1013364766387e-05,0.00041935113783029757,0.00024846294190932324
381.9864405999979,0.0,0.0,0.0,9.661814455175138e-05,-0.0007236339028778773,-0.00012408058427599365
382.0273596000043,0.0,0.0,0.0,-3.685682912680341e-05,0.00013614781304253565,3.4122206968516716e-05
382.0773311000012,0.0,0.0,0.0,-9.235938460482451e-06,-0.0003380697571414291,0.0001430890758515133
382.12880849999783,0.0,0.0,0.0,2.587648421946674e-05,0.000700048532655011,-0.00028641442054060584
382.18739160000405,0.0,0.0,0.0,-1.2204974038138333e-07,-0.00017235465580153184,5.521936016133184e-05
382.23620169999776,0.0,0.0,0.0,-2.6390845139633178e-06,8.767598138003984e-05,4.945277258966755e-05
382.2795091000007,0.0,0.0,0.0,-1.584086712818402e-05,0.00012412545891986359,-0.0002661732599776852
382.3358386000036,0.0,0.0,0.0,1.725343178060023e-05,0.0001256516202959157,-0.00015830785150494847
382.38403919999837,0.0,0.0,0.0,4.804493765838946e-05,-0.00032179370856928453,-0.0001711677183691775
382.4325411000027,0.0,0.0,0.0,-4.383091933581885e-05,1.2754171177240707e-05,-2.5310727613817877e-05
382.4845148000022,0.0,0.0,0.0,-6.202806489700632e-06,-1.6282735477699323e-05,0.00010979325975718051
382.5357440000007,0.0,0.0,0.0,-1.7825519992761167e-05,-5.0198374952468836e-05,0.00016249471601369897
382.5837481999988,0.0,0.0,0.0,-1.006410504699844e-05,0.0005536849377399372,4.347686636105197e-05
382.63175110000157,0.0,0.0,0.0,7.282967460604308e-05,-0.0002051476162518869,0.0002904700141934113
382.68840949999867,0.0,0.0,0.0,-6.270832750060693e-06,-0.0004022820137465037,0.00019138332563773704
382.73128920000454,0.0,0.0,0.0,-1.4336623483032878e-05,-4.0889815855581194e-05,8.983459386764216e-05
382.775665000001,0.0,0.0,0.0,-3.9970485748447486e-05,-0.00026376084321374615,-8.71295869520741e-05
382.8350780000037,0.0,0.0,0.0,6.964550236020212e-05,0.00018833757712475566,-0.0002587606851468484
382.883195800001,0.0,0.0,0.0,2.1495430972118072e-06,4.3992393602068054e-05,-0.0002402615636581531
382.9337558999978,0.0,0.0,0.0,1.511208646715433e-06,2.2952082350266776e-05,-0.000189189329569012
382.97766440000123,0.0,0.0,0.0,-1.5303127774688344e-05,0.0003611035295083779,1.5244793670343874e-05
383.0296415999983,0.0,0.0,0.0,-1.8634207454265888e-05,-0.0003206336303165406,-6.284826214037902e-05
383.084766400003,0.0,0.0,0.0,-9.768980455724518e-06,-0.00015629772197158753,-0.0001375826324525746
383.1347119999991,0.0,0.0,0.0,-3.7306407680972075e-05,0.00040514348337457936,-0.0003163988811354045
383.1821659999987,0.0,0.0,0.0,1.6821729406717792e-05,-0.00011754132278630325,-0.00021557481454418143
383.23202870000387,0.0,0.0,0.0,-8.330917475853655e-06,0.00017900919107481804,0.0001191574653082697
383.2864174999995,0.0,0.0,0.0,-2.4076389198260816e-05,0.00025130821293767617,-7.055243836925432e-05
383.33418399999937,0.0,0.0,0.0,-3.718708907390738e-05,-0.00021252669227748647,-0.00017496514886791297
383.3862040000022,0.0,0.0,0.0,-4.426624451554017e-06,-8.929270281755171e-05,-0.0002841281915573674
383.4334241000033,0.0,0.0,0.0,-2.9599906461320314e-05,-3.891725559438222e-05,-0.00021533838752145736
383.4861450000026,0.0,0.0,0.0,8.554602294122754e-05,-0.0003860414644107585,0.00011441106827380017
383.53459139999904,0.0,0.0,0.0,-4.522988002331306e-05,0.0010944693006467805,0.00016061201224769822
383.5843249000027,0.0,0.0,0.0,9.972245024161124e-05,-0.0006175546387580857,-0.00021401874516938164
383.6352398000017,0.0,0.0,0.0,-2.222883630584938e-05,-0.0003922393805383809,-0.0003006183373026162
383.68060479999986,0.0,0.0,0.0,-5.94518690054512e-05,9.819199600162004e-05,-9.480352703462064e-05
383.73481560000073,0.0,0.0,0.0,4.552774569887812e-05,-0.00016067914003565608,4.727967055844427e-05
383.78325680000125,0.0,0.0,0.0,1.039646000780097e-05,0.00029819478598047124,0.00012053752293517941
383.8339909999995,0.0,0.0,0.0,-1.7449337625295304e-05,-0.0002744456635737686,0.0001881093548685093
383.8864556000044,0.0,0.0,0.0,-3.053387184265421e-05,-6.272763094770451e-05,0.0002312894188618428
383.9373587000009,0.0,0.0,0.0,6.758416174586286e-05,-0.00016326054086388922,0.00028609023890491134
383.97872169999755,0.0,0.0,0.0,-3.8013068622166363e-06,4.9169570949733025e-05,5.709940143455367e-06
384.0372012000007,0.0,0.0,0.0,4.561306917111288e-06,0.00028113342666695397,-0.00013304669800048144
384.07964119999815,0.0,0.0,0.0,-2.2750651669180868e-05,0.0003092227606670068,-0.00011320168073753705
384.1344057000024,0.0,0.0,0.0,-1.1010658281117892e-05,-0.00028450879721607684,-3.246191262560576e-05
384.1834139999992,0.0,0.0,0.0,-2.7359656523222427e-06,0.00041127699370205366,-3.1019655151821075e-05
384.22924010000133,0.0,0.0,0.0,1.9308812422017466e-05,-0.00011972722244157753,-1.873937302469338e-05
384.28548020000017,0.0,0.0,0.0,3.9124860321857496e-05,-0.0003570894116669012,-0.00024792313863137444
384.33697850000317,0.0,0.0,0.0,-3.82964040004679e-05,-1.1858643211085064e-05,-0.00031668676858251084
384.38364939999883,0.0,0.0,0.0,1.114356664621021e-05,0.00042731127684989727,-0.0001984440519827445
384.43196239999816,0.0,0.0,0.0,-3.769207990374389e-05,-0.00034238578769997313,-0.00041459934930307586
384.4764353999999,0.0,0.0,0.0,8.682915860210066e-05,5.452542772559471e-05,-0.00031455222557965
384.5272571000023,0.0,0.0,0.0,4.737853232905228e-05,9.406186639711076e-05,-0.0001210826952921709
384.586970700002,0.0,0.0,0.0,-8.452501511678526e-05,0.00015583967620111817,-0.0002757691320660327
384.62847619999957,0.0,0.0,0.0,-5.856972359074419e-05,-0.00021996686895430843,-0.0001996195232602561
384.6858014000027,0.0,0.0,0.0,2.8345696582443427e-05,-0.00013327588925789326,-0.00028163293444414
384.7348006000029,0.0,0.0,0.0,8.119372805579216e-06,0.0007042426296514124,-0.0003877801883124661
384.7823720000015,0.0,0.0,0.0,6.908733001287544e-07,-4.993813591922066e-05,0.0002126736484334574
384.82878640000126,0.0,0.0,0.0,-8.365072744160511e-07,-0.0003023019299210916,-0.00013091546907612205
384.88615140000184,0.0,0.0,0.0,-4.487858708290651e-05,0.00035739976418798996,0.0002466122874228102
384.9319671999983,0.0,0.0,0.0,5.70069133636749e-05,-0.0002466027410367254,1.443103896654528e-05
384.9843220000039,0.0,0.0,0.0,-0.00010487705690645923,0.0004630306511383006,8.533887086833677e-05
385.03604749999795,0.0,0.0,0.0,2.7315922845604488e-05,-0.0002302763373761514,-0.00012324567847115896
385.0836646000025,0.0,0.0,0.0,1.0652636647655966e-05,0.003997033768708954,-0.0001537791198435804
385.13456510000105,0.0,0.0,0.0,-6.857343948511555e-05,0.00567242213487574,4.879543620339029e-05
385.1845317999978,0.0,0.0,0.0,-3.1704071277378294e-05,0.0008198644791800945,0.00010966636860765821
385.23319459999766,0.0,0.0,0.0,-2.0232241212138566e-05,0.001225313206996317,-3.178608769429821e-05
385.277055700004,0.0,0.0,0.0,-8.496290957366562e-08,-0.0017095412260881198,5.4328357709617446e-05
385.3324588000032,0.0,0.0,0.0,6.163985815978395e-05,0.0013036541666564556,1.326339693479493e-05
385.38629930000025,0.0,0.0,0.0,5.028221355728949e-06,-0.0015851393263478192,-7.210601305313304e-05
385.43020129999786,0.0,0.0,0.0,-2.8597584689838404e-06,0.0008205375634846508,-4.893997837447775e-05
385.48512299999857,0.0,0.0,0.0,7.303233153552808e-06,-0.0009775655863404535,0.00014475662531901684
385.5272713000013,0.0,0.0,0.0,-8.830555657581194e-05,0.001205585225296211,-2.2461470635261478e-06
385.5896391999995,0.0,0.0,0.0,3.832235313635571e-05,-0.0007538204538685305,8.012248538823979e-06
385.6375593999983,0.0,0.0,0.0,6.178629727318176e-05,5.469013334930278e-05,-0.00013909153662605892
385.6788094000003,0.0,0.0,0.0,-3.838549716937421e-05,-1.7828096018687538e-05,-6.95549942908287e-05
385.7311824999997,0.0,0.0,0.0,1.7426074091674506e-05,-5.4528595461491025e-05,-0.0001560963690295293
385.7862279000037,0.0,0.0,0.0,-2.459863657475304e-05,-8.09185400232847e-05,-5.609417720536269e-05
385.83649049999804,0.0,0.0,0.0,2.438341873182826e-06,-0.00023097328119894806,-7.85315178726397e-05
385.88596099999995,0.0,0.0,0.0,-4.560839654273066e-05,3.8187459276926154e-05,-0.00021672647839842218
385.93476770000416,0.0,0.0,0.0,5.493591163426806e-05,-0.0005140959990502853,-0.0001882477002299614
385.98560390000057,0.0,0.0,0.0,1.237961347634399e-05,0.0008143602232626859,-0.00022824340871053763
386.0329552000039,0.0,0.0,0.0,-4.50523238849772e-05,-0.0006518653565694285,-0.00020453623812040532
386.07995700000174,0.0,0.0,0.0,2.7656760776884413e-05,0.0005542486490523035,3.078282312828882e-05
386.1365380999996,0.0,0.0,0.0,1.2609761832567289e-05,0.0003827723155349662,-4.4113683175342465e-05
386.18490620000375,0.0,0.0,0.0,-4.739859936920323e-05,-3.672354573211367e-05,-7.572002941136393e-05
386.23385000000417,0.0,0.0,0.0,5.224625429590028e-06,-0.0003839263998850176,-5.537767263134297e-05
386.2844067000042,0.0,0.0,0.0,1.9331906727864432e-07,0.0005353263964668029,-3.501996832341948e-05
386.3343728000036,0.0,0.0,0.0,-3.468733089193763e-05,0.000397332615532722,-3.287186796463288e-05
386.3839497000008,0.0,0.0,0.0,-0.00039576085044889516,-0.000571622761914483,0.11315389843960133
386.4298127000002,0.0,0.0,0.0,0.0006555039523140716,-0.003763627937109417,0.3228889993934905
386.4842693000028,0.0,0.0,0.0,0.0012851983046462574,-0.007323277888559116,0.5260413212594762
386.5311905999988,0.0,0.0,0.0,0.0020390626514867265,-3.7833388131942585e-06,0.7506482620014174
386.5830137000012,0.0,0.0,0.0,0.0017491783544220838,0.0026101123731970036,1.012538133438901
386.6274066000042,0.0,0.0,0.0,0.0024714610538557414,0.00189383244795668,1.3016910088624465
386.686182999998,0.0,0.0,0.0,0.002398231856169557,0.00487440658952349,1.5959297414192508
386.7295757000029,0.0,0.0,0.0,0.0029137240222791667,-0.0013955422664708255,1.8377954502299023
386.77748760000395,0.0,0.0,0.0,0.0034877495572180344,-0.00522917944219626,1.868313710339919
386.8273524000033,0.0,0.0,0.0,0.0034802489688330216,0.00048442381902673716,1.8756326307132998
386.8842386000033,0.0,0.0,0.0,0.0037238685269744493,-0.0025500736868823677,1.8796093401458793
386.9289329000021,0.0,0.0,0.0,0.004138027361444978,0.0018172283758616488,1.8131597638993178
386.9884538000042,0.0,0.0,0.0,0.0037585192994611947,-0.0028021617269214294,1.6956184365174665
387.0302759000042,0.0,0.0,0.0,0.00300482393982204,0.0021979157498331465,1.558527568786285
387.0834384000045,0.0,0.0,0.0,0.00310156327763332,-0.0030757323875861965,1.440942340200784
387.12759180000285,0.0,0.0,0.0,0.00262922288059652,0.002977662802584756,1.3305084694635136
387.1837753,0.0,0.0,0.0,0.0024517974332978563,-0.003960689980938728,1.2242049100727657
387.23321430000215,0.0,0.0,0.0,0.0020960008497328346,0.004247385227687238,1.1317387687101779
387.2816552000004,0.0,0.0,0.0,0.0020166346019356495,-0.0019333178049904262,1.0429524940718367
387.3301308000009,0.0,0.0,0.0,0.001674924021834611,0.005144743966104458,0.9598656543975603
387.37965460000123,0.0,0.0,0.0,0.0020382969486256656,-0.0074947732124679665,0.8852373663064405
387.43304960000387,0.0,0.0,0.0,0.0019769928125470534,-0.00429542855258078,0.8216377445712647
387.4816041000013,0.0,0.0,0.0,0.0016566433883010183,0.00312416656684653,0.7581342112058415
387.53555490000144,0.0,0.0,0.0,0.0028537172280977277,-0.0008303403900858524,0.7001920078183316
387.5827274999974,0.0,0.0,0.0,0.0006773294528096726,0.00019971899053452703,0.6497643754856499
387.63036280000233,0.0,0.0,0.0,0.0016079755625198983,-0.006814767572667235,0.6477594312571204
387.68669980000413,0.0,0.0,0.0,0.0013079034454289325,0.003342674730125325,0.6401462855760053
387.7344845999978,0.0,0.0,0.0,0.0012498833966464304,0.00718776202149381,0.6391230858783697
387.7880621000004,0.0,0.0,0.0,0.0014891376353052947,-0.002923436054016985,0.6521514477173689
387.8390461000017,0.0,0.0,0.0,0.001556103925275807,-0.001644358474172171,0.6741278655849591
387.88676490000216,0.0,0.0,0.0,0.0018460802278771526,-0.0046271357128976065,0.6819003579199157
387.9335948000007,0.0,0.0,0.0,0.001610978051036837,0.007396842186799564,0.6255928160745351
387.97978230000444,0.0,0.0,0.0,0.0010688874321381115,0.00010682217507309848,0.5010978263948804
388.0345035999999,0.0,0.0,0.0,0.0007124910514963754,0.0015922561954765592,0.33730567896502284
388.0804008999985,0.0,0.0,0.0,0.00026955650161681336,0.0015703356901724977,0.17543714030763674
388.1354561000044,0.0,0.0,0.0,0.0005624565691124264,0.004497472804895768,0.11810988593499921
388.18232900000294,0.0,0.0,0.0,-0.00028936541125807293,0.007351356235938567,0.21464177204986598
388.23294980000355,0.0,0.0,0.0,0.00047034830119048286,-0.004589968799686576,0.27758971461220394
388.27687210000295,0.0,0.0,0.0,0.00048349384352848235,0.001199543133110692,0.2860146290111407
388.33498580000014,0.0,0.0,0.0,0.00038636932641278543,0.003170082572060808,0.2675619530208958
388.38781649999873,0.0,0.0,0.0,0.0003356568534490001,0.0013852296490760982,0.25308249775883684
388.4386316000018,0.0,0.0,0.0,0.00034544467491744933,-0.0016782259068152928,0.25081822845490703
388.48307940000086,0.0,0.0,0.0,0.0004851570567648724,-0.005032637760812574,0.2595857131542175
388.53326150000066,0.0,0.0,0.0,0.0004398492592375764,0.0035890649046958645,0.26781821314933135
388.5838236999989,0.0,0.0,0.0,0.00048490330921114656,-0.002524543607054115,0.2756269175720283
388.63640309999755,0.0,0.0,0.0,0.0004956466732958163,0.0015008249530664621,0.28805503674020017
388.6786060000013,0.0,0.0,0.0,0.0003919964584479647,0.002578844263571699,0.3053733754296839
388.73418859999947,0.0,0.0,0.0,0.0005944721992177918,-0.001975826051871347,0.334272083867288
388.7793368999992,0.0,0.0,0.0,0.0006395935731532961,-0.0007334352451042428,0.3731532425988666
388.8325827000008,0.0,0.0,0.0,0.0007848261298924299,-0.0008929559205085103,0.4349794487662043
388.88386660000106,0.0,0.0,0.0,0.0008568195092861657,0.0037505314439037624,0.5286855482590073
388.93423600000096,0.0,0.0,0.0,0.0005724493557328901,0.006232900609662619,0.5604456157584572
388.98886360000324,0.0,0.0,0.0,9.912304063416672e-05,1.4468281098525705e-05,0.5720532952373827
389.036706400002,0.0,0.0,0.0,0.00045642093172729885,0.0014853624610471703,0.5615534656204949
389.08532900000137,0.0,0.0,0.0,0.0004854843694946802,-0.00015017380692108724,0.543350845600467
389.13573980000365,0.0,0.0,0.0,0.00042640855159703105,0.0007671307757907704,0.5180395844584971
389.18512410000403,0.0,0.0,0.0,0.00042623201812000915,-0.0009401710893443581,0.48471158125364255
389.2351309000005,0.0,0.0,0.0,-7.600708302848424e-05,0.00015626657659753207,0.44180258264666145
389.28047840000363,0.0,0.0,0.0,0.0008929906628936122,-0.0019840606417515943,0.3889391061998133
389.32941890000075,0.0,0.0,0.0,0.0011653320301481178,-0.012382232294335764,0.44095396614244164
389.38510320000205,0.0,0.0,0.0,0.002299902416104746,-0.001172586998022061,0.6332001022554822
389.43116259999806,0.0,0.0,0.0,0.00047395197068296707,-6.040787347600388e-05,0.8501865476768443
389.48668069999985,0.0,0.0,0.0,0.00207178585368299,-0.00015683608398497727,1.1095845071475032
389.5324957999983,0.0,0.0,0.0,0.0020974211867794985,0.006104528432691451,1.3699200890918461
389.5876417000036,0.0,0.0,0.0,0.0024110156741374515,0.00025205745475975874,1.582795915166555
389.631163500002,0.0,0.0,0.0,0.0026931517840366997,-0.0011633973461646445,1.7990258019909744
389.68177870000363,0.0,0.0,0.0,0.003390588826741572,-0.006566372178743424,1.8927742719438403
389.7343785999983,0.0,0.0,0.0,0.003584278291192638,-0.0019621052867881375,1.88257357662445
389.78308339999785,0.0,0.0,0.0,0.003906254723942111,0.0003831857543522174,1.873119361061244
389.8340739999985,0.0,0.0,0.0,0.0034451477738119455,0.0001860522086119804,1.8770481413415074
389.8870709999974,0.0,0.0,0.0,0.0028752630797958664,0.0058541319514730525,1.8810093542189221
389.9311142000006,0.0,0.0,0.0,0.0024963507638944404,-0.002922273310044957,1.882481109133979
389.97879190000094,0.0,0.0,0.0,0.0032336868415434082,-0.0011970521671465749,1.8815309095336712
390.0354905999993,0.0,0.0,0.0,0.00314123701663261,0.002077755594082188,1.8816993640103516
390.08540090000315,0.0,0.0,0.0,0.003554480460347391,-0.004020883413664912,1.8807250073764548
390.13940739999816,0.0,0.0,0.0,0.005648297567601502,-0.0027540061719884337,1.8824370553201315
390.179131900004,0.0,0.0,0.0,0.003800926000720792,0.0010042921152686958,1.8820043959640633
390.2364161000005,0.0,0.0,0.0,0.0038275857162092695,0.00042556193439436036,1.8756888292849092
390.2834127000024,0.0,0.0,0.0,0.0036393062711753306,-0.00033940308420507786,1.7768561583616147
390.3364225000041,0.0,0.0,0.0,0.0033787506673452934,0.0006962277575749239,1.6500730654903388
390.3795276000019,0.0,0.0,0.0,0.0030027199659073515,0.001059822689571093,1.5240330419798245
390.43551090000255,0.0,0.0,0.0,0.0029687560768760384,-0.0017050529244477994,1.421378414765355
390.4806519999984,0.0,0.0,0.0,0.0027532026447960167,-0.0002152471200530914,1.3243900026191489
390.53801390000444,0.0,0.0,0.0,0.0026168553503665604,-0.00036941670507476145,1.2407564652851748
390.5856034000026,0.0,0.0,0.0,0.0024612214723399757,-0.00036819557710792317,1.157451608101811
390.63254679999955,0.0,0.0,0.0,0.002233853116077676,0.001483657871191762,1.0806568266086194
390.67909850000433,0.0,0.0,0.0,0.002072149881817133,-0.0008287875365837045,1.0077545257277587
390.7399411000006,0.0,0.0,0.0,0.0020410875660726423,1.8219029011752398e-05,0.9355873221619397
390.7787346999976,0.0,0.0,0.0,0.0026929780822215325,-0.0019685613852718927,0.8815705066728527
390.8367666999984,0.0,0.0,0.0,0.0011055449789768022,-0.0001541618729513851,0.8211421960186094
390.8849752000024,0.0,0.0,0.0,0.0018377850275178237,-0.001980279152210178,0.7707035664511795
390.93394270000135,0.0,0.0,0.0,0.0020099125250949293,-0.0002848554357752845,0.7256747815668863
390.9792996000033,0.0,0.0,0.0,0.0017850354070995942,0.00036749164171426317,0.6856400621779657
391.03052059999754,0.0,0.0,0.0,0.0014329638406529435,-0.005113804155062874,0.6670845552460654
391.08386659999815,0.0,0.0,0.0,0.001465451225532016,0.0008035027236146534,0.6568019927796234
391.1294347000003,0.0,0.0,0.0,0.001413622494564399,-0.0006600667450242792,0.6571166448237992
391.1834968000039,0.0,0.0,0.0,0.0013523309887690158,0.005198583255150891,0.6756527293073816
391.2359903000033,0.0,0.0,0.0,0.0015528401981612441,0.0008717503417367109,0.702195736440112
391.2863786000016,0.0,0.0,0.0,0.0018184996309554822,-0.006991574246646669,0.7054333068007314
391.3326425999985,0.0,0.0,0.0,0.002234597004471515,0.00759922186594824,0.659295348572549
391.3852554000041,0.0,0.0,0.0,0.0010864273328432732,0.0024803527265013876,0.5457956050521919
391.43689489999815,0.0,0.0,0.0,0.000525040517664519,0.004012574519069591,0.38350551461757953
391.48443419999967,0.0,0.0,0.0,-0.000568362749194631,0.016701901852621468,0.26862325349572175
391.5341702000005,0.0,0.0,0.0,0.000253148810792521,-0.00010472650072373235,0.20802469397096027
391.58172300000297,0.0,0.0,0.0,0.00019365392915494194,0.0020438592332012798,0.16433978827726375
391.6326642999993,0.0,0.0,0.0,0.0001310730567757756,-0.00041934519290774534,0.14014818056192277
391.68371209999896,0.0,0.0,0.0,0.00011471845926010208,-0.0007503016961965455,0.11485419130127898
391.7360539000001,0.0,0.0,0.0,7.36508580427898e-05,2.805290338206281e-05,0.09004671930415618
391.77803850000055,0.0,0.0,0.0,4.7745048538690236e-05,-0.0008135563597478099,0.06852111278915327
391.8401873999974,0.0,0.0,0.0,-6.365257248607855e-06,-0.01096362954223362,0.01720236570865603
391.8818395999988,0.0,0.0,0.0,-3.624494458011841e-05,-0.0047685646716282195,0.0004443514890446194
391.9345777999988,0.0,0.0,0.0,9.172308468023859e-07,0.00017484225633801722,0.00013630192066460206
391.9869249999974,0.0,0.0,0.0,3.37435364720838e-07,1.9476350069982457e-05,-7.138125345392748e-05
392.0308981999988,0.0,0.0,0.0,-4.944639067040783e-08,-2.4530411165456795e-06,-0.0001953019574989535
392.0862823999996,0.0,0.0,0.0,9.911425210156377e-09,-1.6803970247284325e-06,-0.00027041867824325314
392.1300243000005,0.0,0.0,0.0,1.4866644522141557e-07,-2.7343304411995152e-06,-0.00031734654578560934
392.17904830000043,0.0,0.0,0.0,6.304857877453646e-08,-2.7601158157117393e-06,-0.00034600629318210223
392.2390882000036,0.0,0.0,0.0,-1.0531575655349601e-07,-2.3506154926851216e-06,-0.00036316281791018814
392.27677580000454,0.0,0.0,0.0,-2.410872296884339e-07,-2.029318975876272e-06,-0.00037353899361773656
392.3341978000026,0.0,0.0,0.0,-3.353619149634899e-07,-1.807108467295229e-06,-0.00037994936433846123
392.38565440000093,0.0,0.0,0.0,-4.002281011526154e-07,-1.649171890445223e-06,-0.0003840370148623665
392.43320400000084,0.0,0.0,0.0,-4.4615459397677933e-07,-1.5330345220649925e-06,-0.00038675899982798246
392.48655940000026,0.0,0.0,0.0,-4.799048789239252e-07,-1.444809221441643e-06,-0.0003886720159281266
392.5336910000042,0.0,0.0,0.0,-5.056347520135994e-07,-1.3758118374846825e-06,-0.000390099779966526
392.5801103999984,0.0,0.0,0.0,-5.259131293128269e-07,-1.3204727627394547e-06,-0.0003912307661641196
392.6338026000012,0.0,0.0,0.0,-5.423643589173052e-07,-1.275109953431453e-06,-0.0003921750624578459
392.68023769999854,0.0,0.0,0.0,-5.560438740375621e-07,-1.2372177038509189e-06,-0.0003929973501509616
392.7348204000009,0.0,0.0,0.0,-5.676569918759921e-07,-1.2050452377854627e-06,-0.0003937359938602058
392.7803084000043,0.0,0.0,0.0,-5.776881990719757e-07,-1.1773402012889365e-06,-0.00039441407881925965
392.8346315000017,0.0,0.0,0.0,-5.864794769361255e-07,-1.1531867804884383e-06,-0.0003950457861962768
392.886628799999,0.0,0.0,0.0,-5.942781073978799e-07,-1.131902572191505e-06,-0.0003956400789912059
392.9345011999976,0.0,0.0,0.0,-6.012672267573118e-07,-1.1129702699730441e-06,-0.00039620283320338174
392.97907880000275,0.0,0.0,0.0,-6.075853438124202e-07,-1.095991081071278e-06,-0.0003967380749464828
393.03672680000454,0.0,0.0,0.0,-6.13339393020694e-07,-1.0806527452212688e-06,-0.0003972486987066735
393.08544899999833,0.0,0.0,0.0,-6.186132481604457e-07,-1.066707889265163e-06,-0.0003977368901818281
393.13605310000275,0.0,0.0,0.0,-6.234738085875319e-07,-1.0539578790960878e-06,-0.0003982043756162281
393.1834153000018,0.0,0.0,0.0,-6.279752691430089e-07,-1.0422409725943932e-06,-0.00039865257089659323
393.2323370000013,0.0,0.0,0.0,-6.321620246916747e-07,-1.0314244090340028e-06,-0.00039908267342909806
393.284553700003,0.0,0.0,0.0,-6.360708227055774e-07,-1.021398097811715e-06,-0.0003994957195679814
393.33411580000393,0.0,0.0,0.0,-6.397323870430173e-07,-1.0120700564900065e-06,-0.0003998926220134808
393.38404699999955,0.0,0.0,0.0,-6.431727642219251e-07,-1.0033622871682134e-06,-0.00040027419418321833
393.43119540000043,0.0,0.0,0.0,-6.464140702673173e-07,-9.95208678179691e-07,-0.0004006411686422815
393.4860292000012,0.0,0.0,0.0,-6.49475344689423e-07,-9.875523646148918e-07,-0.00040099420901506237
393.5365852000032,0.0,0.0,0.0,-6.523729624750696e-07,-9.803446486297712e-07,-0.00040133392096163245
393.58644930000446,0.0,0.0,0.0,-6.551212182435583e-07,-9.735430503004032e-07,-0.0004016608586347646
393.63431390000187,0.0,0.0,0.0,-6.577326032368539e-07,-9.671104168354215e-07,-0.00040197553124329474
393.6826801999996,0.0,0.0,0.0,-6.602180723895091e-07,-9.61014383859343e-07,-0.0004022784090198722
393.73278440000286,0.0,0.0,0.0,-6.625873331711774e-07,-9.55226383711686e-07,-0.00040256992651025694
393.78336539999873,0.0,0.0,0.0,-6.648489632864471e-07,-9.497210613383963e-07,-0.0004028504868797516
393.83314690000407,0.0,0.0,0.0,-6.670106160485972e-07,-9.444760128930076e-07,-0.0004031204648467735
393.8794917999985,0.0,0.0,0.0,-6.690791824020089e-07,-9.394710369416394e-07,-0.0004033802098273923
393.93594000000303,0.0,0.0,0.0,-6.710608055295935e-07,-9.346882183931308e-07,-0.0004036300479364973
393.9780290999988,0.0,0.0,0.0,-6.72961040738738e-07,-9.301113450362119e-07,-0.0004038702841925378
394.03318600000057,0.0,0.0,0.0,-6.747848656449906e-07,-9.257259752673495e-07,-0.00040410120479125527
394.08409440000105,0.0,0.0,0.0,-6.765368807932437e-07,-9.215188211603501e-07,-0.00040432307844996126
394.1282546000002,0.0,0.0,0.0,-6.782211694787989e-07,-9.174780322078336e-07,-0.00040453615771163275
394.19060829999944,0.0,0.0,0.0,-6.798415060825242e-07,-9.135927823942169e-07,-0.00040474068092534785
394.2364682000043,0.0,0.0,0.0,-6.814013306942042e-07,-9.098531734851555e-07,-0.00040493687275756446
394.28540610000346,0.0,0.0,0.0,-6.829038348467996e-07,-9.062501080882798e-07,-0.000405124945609239
394.3265453999993,0.0,0.0,0.0,-6.843518760778367e-07,-9.027753671528373e-07,-0.0004053051004746641
394.38201259999914,0.0,0.0,0.0,-6.857481511100827e-07,-8.99421280526608e-07,-0.00040547752764351786
394.4354932999995,0.0,0.0,0.0,-6.870950889980207e-07,-8.961809361646289e-07,-0.0004056424080621022
394.48644230000355,0.0,0.0,0.0,-6.883949907503401e-07,-8.930478581891393e-07,-0.0004057999130151257
394.52899900000193,0.0,0.0,0.0,-6.896499275568931e-07,-8.900161005396488e-07,-0.0004059502056223809
394.5856230999998,0.0,0.0,0.0,-6.908618519603501e-07,-8.870802166228218e-07,-0.0004060934414076341
394.63062860000355,0.0,0.0,0.0,-6.920325937282401e-07,-8.842350042821574e-07,-0.00040622976811209945
394.68549930000154,0.0,0.0,0.0,-6.931638413585412e-07,-8.814758118554266e-07,-0.000406359327131655
394.72978149999835,0.0,0.0,0.0,-6.942571437075549e-07,-8.787981585477842e-07,-0.0004064822529866919
394.78780940000433,0.0,0.0,0.0,-6.953139389041366e-07,-8.761981218385856e-07,-0.00040659867438570005
394.8294134000025,0.0,0.0,0.0,-6.963356388676485e-07,-8.736717011536029e-07,-0.0004067087143611703
394.882451999998,0.0,0.0,0.0,-6.973235024818766e-07,-8.712154113585782e-07,-0.00040681249076155877
394.92736480000167,0.0,0.0,0.0,-6.982787188943229e-07,-8.688258586661972e-07,-0.00040691011626507436
394.9778264999986,0.0,0.0,0.0,-6.992024204064029e-07,-8.664999631099035e-07,-0.00040700169889259987
395.0350566999987,0.0,0.0,0.0,-7.000956566696781e-07,-8.642347679414183e-07,-0.00040708734226583453
395.0836702000015,0.0,0.0,0.0,-7.009593928277752e-07,-8.620275691322068e-07,-0.0004071671455456821
395.12502510000195,0.0,0.0,0.0,-7.0179459743137e-07,-8.598756210637291e-07,-0.0004072412041410408
395.1854480999973,0.0,0.0,0.0,-7.026021202882831e-07,-8.577766257250396e-07,-0.0004073096097494533
395.23670839999977,0.0,0.0,0.0,-7.03382767773539e-07,-8.557283343848208e-07,-0.0004073724503964371
395.2856690999979,0.0,0.0,0.0,-7.041373048526665e-07,-8.537284585740316e-07,-0.00040742981026506046
395.33520719999797,0.0,0.0,0.0,-7.048665021075334e-07,-8.517749520517008e-07,-0.0004074817708716377
395.3814252000011,0.0,0.0,0.0,-7.055710183827263e-07,-8.498659465823343e-07,-0.00040752841045964977
395.4334041000038,0.0,0.0,0.0,-7.062515271950411e-07,-8.479994508690359e-07,-0.00040756980399129334
395.4860614999998,0.0,0.0,0.0,-7.069085992931107e-07,-8.461739205804868e-07,-0.00040760602392420813
395.53055750000203,0.0,0.0,0.0,-7.075428388991288e-07,-8.44387493817902e-07,-0.00040763713976335234
395.5837298999977,0.0,0.0,0.0,-7.081547973340609e-07,-8.426387677949629e-07,-0.000407663218892665
395.6346426000018,0.0,0.0,0.0,-7.087449400423036e-07,-8.409262278279238e-07,-0.0004076843254937176
395.6806324999998,0.0,0.0,0.0,-7.093138050365206e-07,-8.392483051219521e-07,-0.00040770052168410796
395.7271355999983,0.0,0.0,0.0,-7.098618364046626e-07,-8.376037312375528e-07,-0.0004077118672533901
395.7830716000026,0.0,0.0,0.0,-7.103894296503592e-07,-8.359912326920417e-07,-0.00040771841958641585
395.8336625000011,0.0,0.0,0.0,-7.108970126473179e-07,-8.344094505672908e-07,-0.0004077202340629408
395.89101720000326,0.0,0.0,0.0,-7.113849920846545e-07,-8.328573164985804e-07,-0.00040771736395610087
395.935212700002,0.0,0.0,0.0,-7.118536813246127e-07,-8.313335733799141e-07,-0.00040770986025593183
395.98297979999916,0.0,0.0,0.0,-7.12303434309007e-07,-8.298371877931516e-07,-0.0004076977723165275
396.03551719999814,0.0,0.0,0.0,-7.12734566689834e-07,-8.283671200972474e-07,-0.0004076811473037648
396.0875337000034,0.0,0.0,0.0,-7.131473627013368e-07,-8.26922255958639e-07,-0.0004076600304017949
396.1307414000039,0.0,0.0,0.0,-7.135421105561373e-07,-8.255016359198519e-07,-0.0004076344651810617
396.17789659999835,0.0,0.0,0.0,-7.139190419719927e-07,-8.241043793498441e-07,-0.00040760449324530137
396.2334615,0.0,0.0,0.0,-7.142784255613582e-07,-8.227294357400817e-07,-0.0004075701544479413
396.2773961999992,0.0,0.0,0.0,-7.146204330364995e-07,-8.213760098822925e-07,-0.0004075314868877974
396.3366626999996,0.0,0.0,0.0,-7.149452874064722e-07,-8.200431986201962e-07,-0.00040748852687561997
396.3860296999992,0.0,0.0,0.0,-7.152531779504892e-07,-8.187300729114633e-07,-0.00040744130905907264
396.42931990000216,0.0,0.0,0.0,-7.155442450127039e-07,-8.174358549171201e-07,-0.0004073898662240234
396.4795099999974,0.0,0.0,0.0,-7.158186563415472e-07,-8.161596628359496e-07,-0.00040733422973966563
396.53160700000444,0.0,0.0,0.0,-7.160847972404153e-07,-8.146670783306058e-07,-0.000407274582375253
396.58692059999885,0.0,0.0,0.0,-7.163689574215913e-07,-8.12020638071715e-07,-0.0004072149751646221
396.62851509999746,0.0,0.0,0.0,-7.166082939308533e-07,-8.111144041347601e-07,-0.0004071539684859232
396.6864956999998,0.0,0.0,0.0,-7.168296979735974e-07,-8.099458858594488e-07,-0.00040708982795548056
396.73899489999894,0.0,0.0,0.0,-7.170354638275879e-07,-8.087678095138693e-07,-0.00040702225372205166
396.7864350000018,0.0,0.0,0.0,-7.17225420963495e-07,-8.076064219990207e-07,-0.00040695102230758646
396.83553850000317,0.0,0.0,0.0,-7.173994156466444e-07,-8.064576541473826e-07,-0.0004068760130401663
396.8858828000011,0.0,0.0,0.0,-7.17557303789017e-07,-8.053206667325873e-07,-0.00040679716646351265
396.93226990000403,0.0,0.0,0.0,-7.176990274765149e-07,-8.041945987126388e-07,-0.0004067144561937289
396.98453130000416,0.0,0.0,0.0,-7.178245221065201e-07,-8.030785480537843e-07,-0.00040662787259021006
397.0372783999992,0.0,0.0,0.0,-7.179336508826056e-07,-8.019716996498471e-07,-0.00040653741387169413
397.07681920000323,0.0,0.0,0.0,-0.00018821363900743606,0.00017105072027179125,-0.11703627226156198
397.13152609999815,0.0,0.0,0.0,-0.0004771637018781156,-0.0010406669384991755,-0.2877697517857958
397.1806714999984,0.0,0.0,0.0,-0.0007662365473849339,-0.00067546549165959,-0.4489808082699567
397.2356751000043,0.0,0.0,0.0,-0.0009022460078206876,-0.0002103058588887544,-0.6221330784702118
397.2837981999983,0.0,0.0,0.0,-0.0011689446762482504,0.0028817624118218452,-0.770378583399655
397.32834690000163,0.0,0.0,0.0,-0.0017292422217191857,-0.0019724627375068624,-0.8426939737172278
397.3883659999992,0.0,0.0,0.0,-0.0011787219541335905,-0.0011379914818186192,-0.8246328231165414
397.43698289999884,0.0,0.0,0.0,-0.0018575215223748636,-0.004353111119498599,-0.7530878538199531
397.4773400999984,0.0,0.0,0.0,-0.001477800620877163,-0.001340043271333619,-0.6904311880693377
397.5341197000016,0.0,0.0,0.0,-0.0017710903743817915,-0.004191715128425472,-0.685220367462635
397.59001069999795,0.0,0.0,0.0,-0.002000837333093524,-0.0015332123381569104,-0.6934766594134444
397.63592680000147,0.0,0.0,0.0,-0.001852483814544957,-0.0004920927260903105,-0.7055416451543495
397.68412250000256,0.0,0.0,0.0,-0.0015372187862892632,0.005725823948338414,-0.7171200359665252
397.7341153000016,0.0,0.0,0.0,-0.0014610546671111279,0.00060715609656771,-0.7514499943774133
397.7855916999979,0.0,0.0,0.0,-0.0023730076644729553,-0.0028875971035454877,-0.7982309200840098
397.83561329999793,0.0,0.0,0.0,-0.0022134218308721733,0.0006572360051276199,-0.8030758360748638
397.8828250000006,0.0,0.0,0.0,-0.0019875768937778968,-0.0007444861228996507,-0.7333508840203153
397.92853710000054,0.0,0.0,0.0,-0.001154969779651686,0.0031840684276604925,-0.6057906087092326
397.98620720000326,0.0,0.0,0.0,-0.0009986758356647187,0.0045458413165068825,-0.4748029969472637
398.0358094000039,0.0,0.0,0.0,-0.0005345017307474853,0.005520385551117565,-0.3604555599738623
398.07787120000285,0.0,0.0,0.0,-0.00016858246310547063,0.002013501903249788,-0.18907633143688263
398.13042439999845,0.0,0.0,0.0,-0.00020856118354040904,0.003673149098573399,-0.16809963858111404
398.18010589999903,0.0,0.0,0.0,-0.00014346706650479832,-0.0012518880977852587,-0.17138352850000246
398.23614590000216,0.0,0.0,0.0,-0.0003536020732235422,-0.0018968826580090222,-0.17852403226603603
398.28592700000445,0.0,0.0,0.0,-0.0002416254178402565,0.0008606018676360316,-0.17940784644585694
398.33241380000254,0.0,0.0,0.0,-0.00022985594574889836,0.0015603530935354257,-0.17844110681621095
398.3848064999984,0.0,0.0,0.0,-0.00025177177920494826,-0.0027229459001408877,-0.18556568867850748
398.43526420000126,0.0,0.0,0.0,-1.6791752692976464e-05,-0.0002899088134667782,-0.19914812525403625
398.4865925999984,0.0,0.0,0.0,-0.0006717316994449187,0.004958790444024476,-0.21690989918949438
398.53448819999903,0.0,0.0,0.0,-0.000287902440599501,0.0011225711664973259,-0.23949951931834415
398.58526110000093,0.0,0.0,0.0,-0.000536881461201128,-0.002492785908087297,-0.2779605853465047
398.6281233000045,0.0,0.0,0.0,-0.0005029717103359521,0.0015375836197092344,-0.34253863973125487
398.6874833000038,0.0,0.0,0.0,-5.212339693278833e-05,0.005569124528597218,-0.35265107640163207
398.73778300000413,0.0,0.0,0.0,-0.00018954400306277146,0.002307283332652564,-0.34920463760745524
398.7848993000007,0.0,0.0,0.0,-0.0002516162111274644,0.0005967369002668444,-0.33845923810099315
398.8284036999976,0.0,0.0,0.0,-5.983345798015707e-05,0.0004923007845730902,-0.320636364716811
398.8866121000028,0.0,0.0,0.0,-0.0005948782164429061,-0.0006366713870652494,-0.2950840618046131
398.9338541000034,0.0,0.0,0.0,0.00014024336429734017,4.677999458477007e-05,-0.26833053359451126
398.9859331999978,0.0,0.0,0.0,-0.00027495916782523523,-0.0005785950658218935,-0.23255194079530728
399.0349529000014,0.0,0.0,0.0,-0.0005261023820142456,-0.000884420492040275,-0.1908907840902963
399.08957720000035,0.0,0.0,0.0,-0.0002501933603836552,-0.0017801592285195448,-0.13878853839465055
399.1368500000026,0.0,0.0,0.0,-0.00030084798715963797,-0.011350828842921882,-0.03619547708239787
399.18509939999785,0.0,0.0,0.0,-7.742122407000578e-06,-0.0020703215216206438,-0.005679472331956046
399.227195200001,0.0,0.0,0.0,4.133129158964118e-05,0.00015893786755878902,-0.0007127281203452529
399.29193769999983,0.0,0.0,0.0,2.12590603918346e-05,1.0518433778710385e-05,0.000365513505060271
399.33414690000063,0.0,0.0,0.0,8.01324360186957e-07,1.1062044329876846e-05,0.0002971994324488514
399.3841098999983,0.0,0.0,0.0,-4.2698103499430724e-06,-4.757744163554548e-06,0.00020368348715175854
399.4339803000039,0.0,0.0,0.0,-1.5796897538185618e-07,-7.982549127473704e-06,0.00015897191906550967
399.48118480000267,0.0,0.0,0.0,-1.1624052789137307e-05,-2.0499498909992436e-05,0.0001592745616731458
399.53387340000336,0.0,0.0,0.0,9.045334475566461e-06,2.572025070412047e-05,0.00017718121533594997
399.58759660000214,0.0,0.0,0.0,1.2407056386599198e-05,1.884042253901111e-05,0.00016416035944847763
399.6391231000016,0.0,0.0,0.0,2.428279354725433e-07,-8.77826790798321e-06,0.00017300386369151666
399.6781355999992,0.0,0.0,0.0,-4.425374138394992e-06,1.8804090489512032e-06,0.00016583315214810376
399.73742740000307,0.0,0.0,0.0,2.3702301960646715e-07,-1.3085585208553858e-05,0.000172799594090823
399.7871085000006,0.0,0.0,0.0,-5.050169922719523e-06,-4.553077531957916e-06,0.00015608905844519334
399.83765760000097,0.0,0.0,0.0,5.981746622202745e-06,2.7384848268324456e-05,0.0001470127364761868
399.8858024000001,0.0,0.0,0.0,2.1907594899682643e-07,-1.8750110443869492e-05,0.00014626880402461603
399.9388536000042,0.0,0.0,0.0,5.23740380063149e-06,1.9793945384016224e-05,0.00015227643775044482
399.9809210000021,0.0,0.0,0.0,-4.5640480572977626e-06,-1.2770984545121341e-05,0.00015764241838582178
400.0265545000002,0.0,0.0,0.0,5.215720083914939e-06,9.290469642527803e-06,0.00016060331092960367
400.0838558000032,0.0,0.0,0.0,-2.1478997580356232e-06,-1.335502187214168e-06,0.00016289588998778616
400.130092899999,0.0,0.0,0.0,-2.0805105767344827e-06,-2.888280354528031e-06,0.00016371147090754362
400.18577119999827,0.0,0.0,0.0,5.168443949241241e-06,-4.921367406429373e-06,0.0001696091111014556
400.2284007999988,0.0,0.0,0.0,-9.871510360384078e-06,2.0927634564355372e-06,0.0001584199835767573
400.2781716000027,0.0,0.0,0.0,5.789595943363878e-06,-7.206547212828297e-07,0.00016875533380060595
400.33348610000394,0.0,0.0,0.0,5.2385008247590605e-06,7.112137526788431e-06,0.00016292114072767822
400.38954509999894,0.0,0.0,0.0,-1.622945721184648e-05,-1.423300242681543e-05,0.00016089099488558086
400.43837019999773,0.0,0.0,0.0,1.1959930624312208e-05,1.3498673850205428e-06,0.00017689246813555712
400.4859665999975,0.0,0.0,0.0,5.367982098129662e-06,1.125131113804508e-05,0.0001499326260971215
400.5379983000021,0.0,0.0,0.0,-4.521237392851122e-06,-1.2980358555277433e-06,0.00015331378373513644
400.58750639999926,0.0,0.0,0.0,3.310306260653787e-07,-4.818441217854267e-07,0.00015156246299212055
400.6351034000036,0.0,0.0,0.0,5.214707770971963e-06,1.2231969942174462e-05,0.00015211067607214922
400.6796159000005,0.0,0.0,0.0,-4.4719471164194996e-06,8.457578615665711e-06,0.00015194131879648934
400.73462100000324,0.0,0.0,0.0,2.395536593319455e-07,-1.6940872974850635e-05,0.0001564821628684427
400.7868854000044,0.0,0.0,0.0,-9.32011588024932e-06,-6.655937290893279e-06,0.0001600331705767247
400.8336111000026,0.0,0.0,0.0,2.895586174931027e-06,3.704171902962582e-06,0.00016911864734496746
400.8877900000007,0.0,0.0,0.0,1.958842641278695e-06,2.4085077907052155e-06,0.00016521674327973131
400.93012389999785,0.0,0.0,0.0,8.377499637365038e-06,1.650278509070666e-05,0.00014678114339585014
400.98235790000035,0.0,0.0,0.0,9.913349786763952e-08,-2.1208640049075505e-05,0.00015585067588236613
401.0372614000007,0.0,0.0,0.0,-1.9297352622660168e-06,1.8111849196915406e-05,0.0001641613624386524
401.08650730000227,0.0,0.0,0.0,-1.0330716849775418e-05,-1.7621369555233247e-05,0.00015309270367139117
401.1344790000003,0.0,0.0,0.0,1.1123284720079512e-05,1.981645971300319e-05,0.00014523625624630808
401.18177390000346,0.0,0.0,0.0,2.6018712740617794e-06,-4.823683094488971e-06,0.00016894195404014586
401.23444729999756,0.0,0.0,0.0,3.3211278036019695e-07,-2.2555731240899604e-06,0.00016374618587167936
401.2848987000034,0.0,0.0,0.0,3.7290558207323535e-07,3.4954754168368817e-06,0.00015868263920108846
401.3327963999982,0.0,0.0,0.0,3.240124160060825e-07,-2.517957564188296e-06,0.00016241890884600787
401.38238940000156,0.0,0.0,0.0,-1.163720914576948e-05,-3.321176219079033e-06,0.0001589579323587514
401.43599689999974,0.0,0.0,0.0,9.838178499296505e-06,-9.827808937270257e-06,0.0001626221836383366
401.48142050000024,0.0,0.0,0.0,5.382447940097768e-06,1.6328364801352575e-05,0.00015602781431261087
401.53799419999996,0.0,0.0,0.0,-2.0621585800321458e-06,7.1281198978679335e-06,0.00015200462657540402
401.5859028999985,0.0,0.0,0.0,2.7404730125738904e-06,1.0278908239039609e-05,0.00016083229864716084
401.6361315000031,0.0,0.0,0.0,-1.4191527204538153e-05,-2.3451807535875777e-05,0.00015110900965770087
401.6840907000005,0.0,0.0,0.0,1.4870415262316883e-05,1.0943344044063602e-05,0.00015537662982373273
401.7340772000025,0.0,0.0,0.0,-1.0033386130331787e-05,-2.712712381865005e-06,0.00015664839289487018
401.7789902000004,0.0,0.0,0.0,1.9119893903164887e-06,3.600166645215602e-06,0.00016815253664511655
401.83611270000256,0.0,0.0,0.0,4.246799483949032e-06,1.4570136015858875e-06,0.00017054646450016445
401.8832284000018,0.0,0.0,0.0,-5.129987132305533e-06,-1.1713412634097506e-05,0.00015922807864828583
401.9347013000006,0.0,0.0,0.0,5.8916007488301535e-06,1.4297080418481037e-05,0.00015518009148406592
401.9857054000022,0.0,0.0,0.0,2.7328761596420698e-06,-6.667667144108748e-06,0.00015694970578168752
402.0325956000015,0.0,0.0,0.0,2.1765863539805022e-07,-5.146907899203913e-06,0.00015852959499619088
402.0891034000015,0.0,0.0,0.0,-9.057786173004497e-06,4.748870678548045e-06,0.00016604077041266766
402.1347964000015,0.0,0.0,0.0,1.9896422278154496e-06,1.5863534232169987e-06,0.0001578518531371882
402.18097420000413,0.0,0.0,0.0,5.818494891220314e-06,3.5563581332403206e-06,0.00016478090537565181
402.2357572000037,0.0,0.0,0.0,4.585464188292152e-07,8.550648952582338e-06,0.00015335587230255773
402.28489219999756,0.0,0.0,0.0,3.219647073260728e-07,8.51590928223621e-06,0.00015687505023623244
402.32959980000305,0.0,0.0,0.0,2.59363707979751e-06,-1.5268595401211614e-05,0.00016410901640729627
402.3847720999984,0.0,0.0,0.0,2.9227740228476972e-06,1.2533429476592815e-05,0.00015194720492950993
402.43389300000126,0.0,0.0,0.0,2.793404787653169e-07,1.4825945246420493e-06,0.00016863589665077412
402.4846847000008,0.0,0.0,0.0,-1.1578022658269676e-05,-1.469912886407183e-05,0.00015900663504447976
402.537513700001,0.0,0.0,0.0,9.841260810228026e-06,5.03531239137613e-06,0.00014487649848550556
402.580652800003,0.0,0.0,0.0,-5.947185879831571e-06,7.799030009607572e-07,0.00014749187128940095
402.63366230000247,0.0,0.0,0.0,4.263331275893869e-06,7.755565904488754e-06,0.00016030678650477107
402.690191200003,0.0,0.0,0.0,3.219247061112103e-07,5.35557364996828e-07,0.0001636782137073764
402.73752819999936,0.0,0.0,0.0,2.678047159366853e-06,-3.958424937880433e-06,0.00016671364562790972
402.7830446000007,0.0,0.0,0.0,-7.467938651242148e-06,-5.72062802874979e-06,0.0001456234665397134
402.83507960000134,0.0,0.0,0.0,1.074943344508524e-05,2.6547882776970012e-05,0.00015680997391353673
402.88379420000274,0.0,0.0,0.0,2.732234106351834e-07,-1.3759401942641908e-05,0.00014805636258144895
402.9312601999991,0.0,0.0,0.0,-1.1651344378049255e-05,-1.394548242281135e-05,0.00015328712668737
402.9846506000031,0.0,0.0,0.0,9.885416540864815e-06,1.7930726088816845e-05,0.00016073010266306188
403.0337170999992,0.0,0.0,0.0,2.3101636850816245e-07,-6.850146106419056e-06,0.0001653048937857275
403.0820681999976,0.0,0.0,0.0,3.901709122193535e-07,2.8388455092910922e-06,0.00015927276557318733
403.13442919999943,0.0,0.0,0.0,3.1921466888358443e-07,-6.923643012893795e-06,0.000151995602239828
403.1846288000015,0.0,0.0,0.0,-2.004416417945249e-06,5.4952706032988535e-06,0.0001605388259955726
403.2309596999985,0.0,0.0,0.0,2.658039971366513e-06,-1.6299691085360376e-06,0.0001703420103084568
403.2845180000004,0.0,0.0,0.0,-1.3634740395449311e-05,-6.40288302774249e-06,0.0001551997025255442
403.3318446999983,0.0,0.0,0.0,4.923261047618482e-06,2.6261385400416712e-06,0.00016969550454779616
403.3845883000031,0.0,0.0,0.0,7.545740778510875e-06,2.1242163995814952e-05,0.00015247729732269452
403.433743900001,0.0,0.0,0.0,2.609876188612767e-06,-1.781596945135561e-05,0.00014223797553696292
403.48410950000107,0.0,0.0,0.0,-5.860590347218589e-06,1.0171634010250577e-05,0.00013843712999670485
403.534945899999,0.0,0.0,0.0,8.958948065639105e-06,4.979036446418765e-06,0.00017212713548528532
403.58690220000426,0.0,0.0,0.0,-1.1616858206343837e-05,-1.9007712137634428e-05,0.00016677395767948622
403.6362853000028,0.0,0.0,0.0,7.560724709696484e-06,1.166218895311993e-05,0.00015839299287138134
403.68422909999936,0.0,0.0,0.0,5.074394309980709e-06,-2.9253951719378805e-06,0.00017026882013735064
403.730220700003,0.0,0.0,0.0,-4.3521621434885915e-06,1.1653258783717503e-05,0.00015687746858049652
403.7863820999992,0.0,0.0,0.0,2.440203814441712e-06,-2.5701325768805605e-05,0.00015148227625350722
403.8371967999992,0.0,0.0,0.0,2.9782634066865778e-06,1.862041263181836e-05,0.00015873105873717401
403.88588130000426,0.0,0.0,0.0,-1.972202849151579e-06,1.366483096736605e-05,0.00015025114010556187
403.9283123999994,0.0,0.0,0.0,-9.202455900220312e-06,-1.590152637776913e-05,0.00014332669561120242
403.98011119999865,0.0,0.0,0.0,1.9197054353010833e-06,-1.3271415419570665e-06,0.00013892459490065387
404.0250715000002,0.0,0.0,0.0,5.689363246151588e-06,-3.2454270148667597e-06,0.0001654089682643059
404.0869550999996,0.0,0.0,0.0,-1.1286415168726268e-05,-5.03009823711642e-06,0.00017147835625530732
404.13568150000356,0.0,0.0,0.0,1.4464002678587557e-05,2.1681572750163077e-05,0.00017051581625115845
404.18304630000057,0.0,0.0,0.0,-9.090471839156164e-06,-5.315234569139805e-06,0.00016261171407481954
404.23583430000144,0.0,0.0,0.0,3.51657684997784e-06,1.9069903174927583e-06,0.00015507016437559443
404.28048280000075,0.0,0.0,0.0,-1.27385800169788e-06,-1.2582305248704276e-05,0.00014418314537226678
404.33358520000183,0.0,0.0,0.0,3.944151966564804e-07,1.5487832410924243e-05,0.00016125761431613322
404.3852455000015,0.0,0.0,0.0,-8.210410887813734e-06,-2.194670133488767e-05,0.00014362407395659044
404.4377453999987,0.0,0.0,0.0,1.4432017604655984e-05,2.8121763351309416e-05,0.0001620468430877445
404.4804568000036,0.0,0.0,0.0,-1.1468634132878065e-05,-2.1602617495302552e-05,0.00016687256705546341
404.5252044000008,0.0,0.0,0.0,1.6906094275636712e-05,2.1092571057412614e-05,0.0001550784433776888
404.57624609999766,0.0,0.0,0.0,-9.987032376390036e-06,-5.1097921504596105e-06,0.00015621262283021685
404.62707120000414,0.0,0.0,0.0,5.908094959317445e-06,1.1316250521637789e-05,0.00016368071510956215
404.6766657000044,0.0,0.0,0.0,2.563484320987464e-07,-6.095391768544654e-06,0.00017127015786724063
404.72532520000095,0.0,0.0,0.0,-5.105723042352974e-06,-2.981534126048791e-06,0.00016199144584190536
404.7757175000006,0.0,0.0,0.0,3.71899334503687e-07,6.752635634095775e-07,0.0001599074721162417
404.8267990000022,0.0,0.0,0.0,-4.830929890789091e-06,-1.3750563053646455e-05,0.00014294289198826666
404.8770454999976,0.0,0.0,0.0,1.1040106035053158e-05,2.230981069857328e-05,0.00015138917265278924
404.92774089999875,0.0,0.0,0.0,5.152636823039928e-06,1.3804463253642608e-05,0.00016536859451099647
404.9760133000018,0.0,0.0,0.0,2.986019688962796e-07,-3.495919457294333e-06,0.00016638557792196342
405.02468690000387,0.0,0.0,0.0,-2.285672807957377e-06,-2.8225654017067965e-05,0.0001467187119376263
405.0774758000043,0.0,0.0,0.0,-8.947555509702573e-06,6.790045177157797e-06,0.00015558748248094926
405.12621310000395,0.0,0.0,0.0,1.9276628972118554e-06,-1.7166935428266759e-06,0.00013752755227430823
405.17588799999794,0.0,0.0,0.0,8.222839593357176e-06,2.0055139216048815e-05,0.00016642938566915682
405.2336362999995,0.0,0.0,0.0,-2.0010969675366037e-06,-1.469497766055999e-06,0.00015109334501906728
405.28257860000303,0.0,0.0,0.0,2.916285001878981e-07,6.465485501200896e-07,0.0001642305591164043
405.3331351000015,0.0,0.0,0.0,5.232785659695824e-06,-6.084317820551597e-07,0.00014218749118325658
405.38198679999914,0.0,0.0,0.0,-1.523370582347175e-05,-1.778921262468865e-05,0.00014631251154945406
405.4359829000023,0.0,0.0,0.0,7.127963087786108e-06,1.5314235182653025e-05,0.00014295161138182206
405.481031299998,0.0,0.0,0.0,4.158175639258605e-06,-3.505260757446984e-06,0.00015697717449420667
405.5251628000042,0.0,0.0,0.0,3.9425242817549167e-07,2.727869966303531e-06,0.00015908648365197252
405.5777061999979,0.0,0.0,0.0,2.918318575949903e-07,2.059687697390867e-06,0.00017112912982737247
405.629657999998,0.0,0.0,0.0,-1.1329072297844526e-05,-1.4792898840087902e-05,0.00016868369554833948
405.67793900000106,0.0,0.0,0.0,1.439129033329766e-05,1.4726071292881852e-05,0.00016803448093015205
405.7294961000007,0.0,0.0,0.0,-7.431907206822567e-06,9.628842744165198e-07,0.00015557118677027304
405.78195560000313,0.0,0.0,0.0,-1.032364560047276e-05,-2.4114625802383465e-05,0.00014516773035059709
405.828923699999,0.0,0.0,0.0,1.8847191557786625e-05,3.156688167624139e-05,0.00017071982210800727
405.88226849999774,0.0,0.0,0.0,-1.979943468763638e-06,-7.86308703999421e-06,0.00014449932814330186
405.93167659999745,0.0,0.0,0.0,2.678361647227867e-06,1.2532387274753629e-05,0.00016900596888753854
405.97795770000084,0.0,0.0,0.0,-7.547043959396211e-06,-1.1432646838835507e-05,0.00015831763916309422
406.02864370000316,0.0,0.0,0.0,-1.070594593353197e-05,-2.2908720569266816e-05,0.0001592737780605847
406.0795216000042,0.0,0.0,0.0,1.691656173382495e-05,2.6434001332784948e-05,0.00017385069541179295
406.13483460000134,0.0,0.0,0.0,-1.1292634215187206e-05,-7.894093589981526e-06,0.00015511621531783229
406.1774616000039,0.0,0.0,0.0,3.2785105856700453e-07,-4.36662031414641e-07,0.0001673880954419073
406.2292433000039,0.0,0.0,0.0,4.908360447460876e-06,2.2615359875540238e-07,0.00017238815203538059
406.2814603000006,0.0,0.0,0.0,-4.204390710511184e-06,-1.7433180040423696e-06,0.00017118203029624444
406.33629780000047,0.0,0.0,0.0,-6.986127549246689e-06,-1.680875790337137e-05,0.00015291032475839034
406.38262119999854,0.0,0.0,0.0,1.2287552713512985e-05,2.030995958561124e-05,0.00016546384278069993
406.4344839000041,0.0,0.0,0.0,7.351884639594514e-06,7.725437437954161e-08,0.0001610446153221067
406.4824778999973,0.0,0.0,0.0,5.2651018060679665e-06,1.6234997273947096e-05,0.00017023523447523691
406.52806879999844,0.0,0.0,0.0,-9.936698909007001e-06,-5.630322444769399e-06,0.0001548028853304676
406.58133200000157,0.0,0.0,0.0,1.0681354373243301e-05,1.1415663148404191e-05,0.00016328232108960114
406.6272962000003,0.0,0.0,0.0,-4.5044282101602485e-06,-5.69643623402765e-06,0.000156918639275733
406.6751268000007,0.0,0.0,0.0,-1.0323085801833443e-05,-1.0717321893332297e-05,0.0001556985565695937
406.7257250000039,0.0,0.0,0.0,-5.548790472059463e-06,-1.6132651417271433e-05,0.00016182114411234134
406.7791421000002,0.0,0.0,0.0,2.9528075750778e-06,9.166844053340442e-06,0.0001366682449450853
406.825499700004,0.0,0.0,0.0,1.0412874012937571e-05,1.937206811788871e-05,0.0001447195360461986
406.876511800001,0.0,0.0,0.0,-1.276221667710031e-06,8.810943808770248e-07,0.0001524131909274605
406.92783410000266,0.0,0.0,0.0,-3.834596541745534e-06,-1.0097148890979763e-05,0.00016018587659186713
406.9881577999986,0.0,0.0,0.0,-1.7222472764995565e-06,-5.343954638561493e-06,0.00016946763261038646
407.0249610000028,0.0,0.0,0.0,1.2103477098598749e-05,2.0754619297969845e-05,0.00016059179091041848
407.0793361000033,0.0,0.0,0.0,2.756478181297463e-07,-5.742381553100943e-07,0.00017112486000261883
407.12857420000364,0.0,0.0,0.0,-1.7391140928884963e-05,-3.1041117658124335e-05,0.00015519682705064587
407.1821130000026,0.0,0.0,0.0,2.030363619922292e-05,1.4207209976091366e-05,0.0001619320312957408
407.23779880000075,0.0,0.0,0.0,-1.9059198014171468e-06,5.436319011304503e-06,0.00015170374830751466
407.2804160000014,0.0,0.0,0.0,-1.734240361580074e-05,-1.7136125048894552e-05,0.00015755163132018037
407.32855669999844,0.0,0.0,0.0,2.031498664534996e-05,1.7275677359843183e-05,0.00016233067192024465
407.37901879999845,0.0,0.0,0.0,4.1907233861527464e-07,8.065017930269636e-06,0.00015439671689180176
407.4297837999984,0.0,0.0,0.0,-1.849330605702502e-05,-2.0223375481286765e-05,0.0001529339764854158
407.479817200001,0.0,0.0,0.0,1.6942906946181443e-05,3.9128453908749646e-05,0.00015089695910726003
407.53212619999977,0.0,0.0,0.0,3.1427295387689614e-07,-1.0000395104406768e-05,0.00014774107636991872
407.5806936000008,0.0,0.0,0.0,-1.3709443040725345e-05,-2.206685688929646e-05,0.00014425165597433445
407.6348072000037,0.0,0.0,0.0,2.65255106192054e-06,6.0207125209740535e-06,0.000147463822557737
407.6806762999986,0.0,0.0,0.0,1.4295010660526276e-05,1.0947112121240881e-05,0.00015547491448296427
407.73322650000046,0.0,0.0,0.0,-9.075572532968386e-06,-6.090257741948337e-06,0.00015685437701095148
407.77929060000315,0.0,0.0,0.0,-1.1080099232930669e-05,-1.8018427121262704e-05,0.00015232638846569607
407.8273740000004,0.0,0.0,0.0,9.280880422554542e-06,2.1906256308932713e-05,0.00016329806956867263
407.88068190000195,0.0,0.0,0.0,-1.738909691052476e-06,-7.329762360601407e-06,0.00016398076629466337
407.92871079999895,0.0,0.0,0.0,-6.984177160906177e-06,-1.3153052275209709e-05,0.0001518254490827656
407.97907629999827,0.0,0.0,0.0,-3.8693121463855664e-07,6.312935609348041e-07,0.0001513749073947034
408.03227329999936,0.0,0.0,0.0,3.5696378952707406e-06,6.187968564850716e-06,0.00016582709497403066
408.0838262000034,0.0,0.0,0.0,-2.664063531376824e-06,-5.076462640119797e-06,0.0001513671681385587
408.1287414000035,0.0,0.0,0.0,1.2376823056776556e-07,9.927027835531969e-07,0.00015126196905807863
408.17805310000404,0.0,0.0,0.0,1.0489299609557505e-05,2.268657005151532e-05,0.00016329373072677847
408.22756050000316,0.0,0.0,0.0,2.8186042953527312e-06,-2.991559560200903e-06,0.00016333112340391787
408.28190619999805,0.0,0.0,0.0,7.362710490912414e-06,6.2929385102555e-07,0.00015983431658436062
408.3362030999997,0.0,0.0,0.0,-1.3513018536952825e-05,-6.893512140069995e-06,0.00015012757153283536
408.38197200000286,0.0,0.0,0.0,-1.8055889673739248e-06,-4.317252827425231e-06,0.00014025391579190044
408.4332906999989,0.0,0.0,0.0,1.8583539864902116e-05,9.7137704097771e-06,0.00015923441139179388
408.4833514999991,0.0,0.0,0.0,-7.259561023182033e-06,1.1874264191919582e-05,0.00013119234259878647
408.532518400003,0.0,0.0,0.0,-8.881680994027833e-06,-1.701307822344356e-05,0.0001590938029453482
408.5808493000004,0.0,0.0,0.0,9.4572607727593e-06,9.834041285593967e-06,0.00013956654489247783
408.63456269999733,0.0,0.0,0.0,3.3112458958069676e-07,1.5333215812884353e-06,0.00013874080984365355
408.68189500000153,0.0,0.0,0.0,8.078751523028346e-06,7.504922523689006e-06,0.00015789364406578973
408.73242500000197,0.0,0.0,0.0,-1.3603252270486652e-05,-1.0365708289100617e-05,0.0001579842440963987
408.78264850000414,0.0,0.0,0.0,6.505015066622225e-06,3.74672422532584e-06,0.0001402148963261581
408.8348840000035,0.0,0.0,0.0,-1.2501905692411914e-05,-1.5565955968551618e-05,0.00014857870548978943
408.8846163999988,0.0,0.0,0.0,2.157966457987515e-06,4.343097483110872e-06,0.00016382403373212183
408.93228909999743,0.0,0.0,0.0,-2.658762250321786e-06,-4.72611850342624e-06,0.00015036767502853005
408.9811574999985,0.0,0.0,0.0,1.3792669080461584e-07,9.854893902837499e-07,0.00015040172996039772
409.03113139999914,0.0,0.0,0.0,1.2959295628382516e-05,1.9929305773770065e-05,0.00016338663897585902
409.0839754999979,0.0,0.0,0.0,-7.186114442215908e-06,-9.953405360901973e-06,0.00016243129977753728
409.1345325000002,0.0,0.0,0.0,-4.34171764754794e-06,-8.424836816721671e-06,0.00015062121091113766
409.1884512000033,0.0,0.0,0.0,-5.756429390722033e-08,9.916392690735697e-07,0.00015035491783338626
409.23356259999855,0.0,0.0,0.0,3.3254663062855186e-07,7.345431274701469e-07,0.00015024829618507968
409.28694520000136,0.0,0.0,0.0,3.3191626131505016e-07,6.300142101897029e-07,0.0001501719748475866
409.33405389999825,0.0,0.0,0.0,3.325940796945797e-07,6.347871247071943e-07,0.00015013890207457822
409.381172100002,0.0,0.0,0.0,3.3262670399832593e-07,6.344152160035382e-07,0.00015010256545450125
409.4313081,0.0,0.0,0.0,3.3252114193337766e-07,6.335013212678448e-07,0.00015006114206405437
409.4858643999978,0.0,0.0,0.0,1.9945503519396326e-05,1.9139795286038858e-05,0.00015770559959187722
409.5362615999984,0.0,0.0,0.0,-1.7288371470273732e-05,-1.5407500068229925e-05,0.00015685595966635464
409.5849623000031,0.0,0.0,0.0,-1.5713783516825322e-06,-2.1859513747214653e-06,0.00015004722572037148
409.6332296000037,0.0,0.0,0.0,3.888666677260973e-06,7.806419933450703e-06,0.00013709909991054269
409.68227350000234,0.0,0.0,0.0,-3.0806033720046474e-06,-6.5791354434961565e-06,0.00014895501291091936
409.73475029999827,0.0,0.0,0.0,3.3040151235485995e-06,6.262710827072527e-06,0.00016393009683437603
409.78195499999856,0.0,0.0,0.0,-2.6608844767554854e-06,-5.017189122819312e-06,0.0001498170845805204
409.8348990000013,0.0,0.0,0.0,1.4698759320647487e-07,9.85713318256896e-07,0.00014979427984112428
409.88346560000355,0.0,0.0,0.0,3.5359194793941832e-06,5.993550401697336e-06,0.00016425991383402466
409.9306338000024,0.0,0.0,0.0,7.530843856760568e-07,1.4147883492692955e-06,0.00013825878655903293
409.98513000000094,0.0,0.0,0.0,-3.0622173388584193e-06,-5.871261645003062e-06,0.00014893504605239627
410.0343200999996,0.0,0.0,0.0,1.0102082474035821e-07,9.459851969982453e-07,0.00014922979620276663
410.0805846000003,0.0,0.0,0.0,8.400255599561764e-06,1.732068878341812e-05,0.00014393871998505213
410.134484000002,0.0,0.0,0.0,1.3298432322254625e-06,2.7355411095308485e-06,0.00013427433082518917
410.1852026999986,0.0,0.0,0.0,-7.9734656539799e-06,-1.8235990253168155e-05,0.0001481241063071355
410.2331178000022,0.0,0.0,0.0,-4.715477071653544e-07,4.7116776169683953e-07,0.00014868339143233605
410.28222259999893,0.0,0.0,0.0,3.367250136216467e-07,8.438936188951042e-07,0.00014915894942278514
410.33350639999844,0.0,0.0,0.0,3.323487272482105e-07,6.146296485372408e-07,0.00014921681361671456
410.3838681999987,0.0,0.0,0.0,3.31357881653946e-07,6.165254782739098e-07,0.00014918738919860358
410.4345831000028,0.0,0.0,0.0,3.309556531515481e-07,6.16531981479587e-07,0.00014914024382693485
410.4822196000023,0.0,0.0,0.0,3.3082923682362735e-07,6.155610194236114e-07,0.0001490939895333872
410.53194690000237,0.0,0.0,0.0,1.3012427486790998e-05,2.573508875868483e-05,0.00013975659151674742
410.5851627000011,0.0,0.0,0.0,-1.1191090451602703e-05,-2.38094829850265e-05,0.00014826807586767847
410.6361926000027,0.0,0.0,0.0,-8.564802582390069e-07,-4.1465952848267534e-07,0.00014835942289273172
410.68135959999927,0.0,0.0,0.0,9.399736068166407e-06,1.7136238429406935e-05,0.00013647848590226497
410.73178120000375,0.0,0.0,0.0,-7.957821169754352e-06,-1.5341710081050668e-05,0.00014764019057864994
410.7856058000034,0.0,0.0,0.0,-4.717150134718058e-07,1.222386510152629e-07,0.00014816731964075356
410.8313679999992,0.0,0.0,0.0,3.3484503574772463e-07,8.345732779372685e-07,0.00014862399212935338
410.88120809999964,0.0,0.0,0.0,3.313243712256622e-07,6.067043735412639e-07,0.00014868098399008288
410.93351619999885,0.0,0.0,0.0,3.3044384141082527e-07,6.069742588932502e-07,0.0001486531122417771
410.9817735000033,0.0,0.0,0.0,3.300502779864724e-07,6.070625786518366e-07,0.00014860635899659639
411.03286169999774,0.0,0.0,0.0,3.299177620190712e-07,6.060898492158696e-07,0.00014855984879961315
411.0856485999975,0.0,0.0,0.0,3.298525512085258e-07,6.052439545428797e-07,0.00014851515877726455
411.13192710000294,0.0,0.0,0.0,3.2978716442070096e-07,6.044021356940686e-07,0.00014847109264778412
411.18486680000206,0.0,0.0,0.0,3.510427740870418e-06,5.8872141745781645e-06,0.0001629821302347222
411.23199430000386,0.0,0.0,0.0,-2.663570896351606e-06,-5.096722968774977e-06,0.00014847201460501492
411.284313199998,0.0,0.0,0.0,1.6748486202450638e-07,9.898122678299624e-07,0.00014842330105807838
411.33242240000254,0.0,0.0,0.0,3.290555882885407e-07,6.501045780477643e-07,0.00014833855632052348
411.3852094000031,0.0,0.0,0.0,3.2893797895411756e-07,5.951826812211186e-07,0.0001482724290592073
411.4332463000028,0.0,0.0,0.0,3.293903242530414e-07,5.99296963181652e-07,0.00014823504912873185
411.48186279999936,0.0,0.0,0.0,3.293821512524225e-07,5.986032992978957e-07,0.0001481951679096322
411.53469549999863,0.0,0.0,0.0,3.292852901486559e-07,5.977026300498119e-07,0.00014815187345159863
411.5842937999987,0.0,0.0,0.0,3.2919680516392016e-07,5.968383735938674e-07,0.00014810753569232532
411.63155830000323,0.0,0.0,0.0,3.2911941959770836e-07,5.959825896459233e-07,0.00014806310064785882
411.6832463000028,0.0,0.0,0.0,3.2904539341290904e-07,5.951295239965544e-07,0.00014801870279965807
411.7307561999987,0.0,0.0,0.0,3.289715901189677e-07,5.942763728523365e-07,0.00014797430600596882
411.78640599999926,0.0,0.0,0.0,5.398236320612385e-06,1.0099388679488325e-05,0.00016243665490845607
411.83204809999734,0.0,0.0,0.0,-4.363686535603102e-06,-9.272328602248617e-06,0.0001480011088775292
411.88087030000315,0.0,0.0,0.0,-2.3377705622027834e-08,8.686008510052455e-07,0.00014791578030951019
411.9305558999986,0.0,0.0,0.0,3.2908554683706414e-07,6.95637484551049e-07,0.00014785532947394722
411.98060100000293,0.0,0.0,0.0,3.279400689782311e-07,5.837465652144492e-07,0.000147773772434742
412.0317094999991,0.0,0.0,0.0,3.2852041409252167e-07,5.888359029744025e-07,0.00014773477792706996
412.08400139999867,0.0,0.0,0.0,3.2856249479257367e-07,5.884666291502091e-07,0.00014769547744943366
412.1320459999988,0.0,0.0,0.0,3.284688420894162e-07,5.875474214215068e-07,0.00014765228437124605
412.1839908000038,0.0,0.0,0.0,3.2837689969280366e-07,5.866763473940005e-07,0.0001476076855612022
412.2335893999989,0.0,0.0,0.0,3.282975907660246e-07,5.858157034843781e-07,0.00014756290020266914
412.2847804999983,0.0,0.0,0.0,3.2822287173293935e-07,5.849585870829698e-07,0.00014751815256557993
412.34104189999925,0.0,0.0,0.0,3.28148630764832e-07,5.84101759371917e-07,0.0001474734149289729
412.3828219999996,0.0,0.0,0.0,3.280741580400127e-07,5.832444449356323e-07,0.0001474286568022631
412.43190080000204,0.0,0.0,0.0,3.2799950960716125e-07,5.823867409404506e-07,0.00014738386958338903
412.48525569999765,0.0,0.0,0.0,1.288179955346943e-05,1.9680530343826643e-05,0.00016042310526579178
412.53487940000196,0.0,0.0,0.0,-1.1055463435729896e-05,-1.775196210454952e-05,0.0001487928121947475
412.5835128000035,0.0,0.0,0.0,-8.214402772223698e-07,-4.676526843959835e-07,0.0001472984914124789
412.63179279999895,0.0,0.0,0.0,3.317508835605967e-07,8.783291823104235e-07,0.00014730156071031823
412.68391240000346,0.0,0.0,0.0,3.2669841129415563e-07,5.776910248235541e-07,0.00014718596904019553
412.7347002000024,0.0,0.0,0.0,3.273711920067855e-07,5.753429083569719e-07,0.0001471389364306812
412.78260109999974,0.0,0.0,0.0,3.275742945456728e-07,5.765644034902837e-07,0.00014710087166384757
412.8302330000006,0.0,0.0,0.0,3.2750296753795947e-07,5.756348025262531e-07,0.00014705852836844103
412.88279290000355,0.0,0.0,0.0,3.274052346916329e-07,5.747484119378157e-07,0.00014701384976453764
412.93309240000235,0.0,0.0,0.0,3.273213030000092e-07,5.738803884446147e-07,0.00014696867944860784
412.9828539000009,0.0,0.0,0.0,3.272449977371778e-07,5.730179874570116e-07,0.0001469235195533044
413.03059940000094,0.0,0.0,0.0,3.271702994919107e-07,5.721566921624355e-07,0.0001468783879029259
413.0845681999999,0.0,0.0,0.0,3.27095413841898e-07,5.712950179082358e-07,0.0001468332455767884
413.13329969999904,0.0,0.0,0.0,3.270203068932481e-07,5.704329060518332e-07,0.00014678807690299904
413.18389910000406,0.0,0.0,0.0,3.2694512025756126e-07,5.695704688737071e-07,0.0001467428795854928
413.23207710000133,0.0,0.0,0.0,3.268698874931872e-07,5.68707669372334e-07,0.000146697654248184
413.2808595000024,0.0,0.0,0.0,3.267946156621235e-07,5.678446394127498e-07,0.00014665240148615142
413.3318042000028,0.0,0.0,0.0,3.2671932208382236e-07,5.669812669535666e-07,0.0001466071214103976
413.3850558999984,0.0,0.0,0.0,3.266439934939799e-07,5.661175985763994e-07,0.000146561814098652
413.43175340000016,0.0,0.0,0.0,3.265686253496804e-07,5.652536627653913e-07,0.00014651647962641483
413.4843045000016,0.0,0.0,0.0,3.264932098340705e-07,5.643893919964034e-07,0.0001464711180403201
413.5325496000005,0.0,0.0,0.0,3.264177732690984e-07,5.635248703515801e-07,0.00014642572944470846
413.5824214000022,0.0,0.0,0.0,3.2634229625454924e-07,5.626599605361611e-07,0.00014638031388400079
413.6368446999986,0.0,0.0,0.0,3.262668014452549e-07,5.617948408928147e-07,0.00014633487147808815
413.6828596999985,0.0,0.0,0.0,3.2619125337102995e-07,5.609293537784161e-07,0.00014628940229360942
413.73177990000113,0.0,0.0,0.0,3.261156703242215e-07,5.600635835136038e-07,0.00014624390637940144
413.78137810000044,0.0,0.0,0.0,3.260400667985416e-07,5.591975024772978e-07,0.00014619838380428403
413.83174339999823,0.0,0.0,0.0,3.259644308243545e-07,5.583311215288236e-07,0.0001461528346570862
413.8803535000043,0.0,0.0,0.0,3.258887299816213e-07,5.574645014484375e-07,0.000146107258995571
413.93510889999743,0.0,0.0,0.0,3.258130147773557e-07,5.565974933840403e-07,0.00014606165690628494
413.9833378999974,0.0,0.0,0.0,3.257372633557699e-07,5.557302168363164e-07,0.00014601602846252694
414.0356488000034,0.0,0.0,0.0,3.2566149440652355e-07,5.548626206526774e-07,0.0001459703738041666
414.08195089999936,0.0,0.0,0.0,3.255856713855109e-07,5.53994700539549e-07,0.00014592469291347274
414.1337626000022,0.0,0.0,0.0,3.25509823407618e-07,5.531265318143955e-07,0.00014587898592142886
414.18297560000065,0.0,0.0,0.0,3.254339383170795e-07,5.522580286604026e-07,0.00014583325286578986
414.2324010000011,0.0,0.0,0.0,3.253580350787136e-07,5.513892027349822e-07,0.00014578749383979816
414.2817673000027,0.0,0.0,0.0,3.2528208391370587e-07,5.505200851633031e-07,0.00014574170894340193
414.32942580000235,0.0,0.0,0.0,3.252060948185171e-07,5.496506430073398e-07,0.00014569589819213378
414.3810596999974,0.0,0.0,0.0,3.2513009052230726e-07,5.487808901796583e-07,0.0001456500616703511
414.43558140000096,0.0,0.0,0.0,3.2505403495133096e-07,5.479108722383042e-07,0.00014560419952241703
414.48342770000454,0.0,0.0,0.0,3.2497796173133593e-07,5.470405055176867e-07,0.00014555831177050268
414.53537060000235,0.0,0.0,0.0,3.2490184143034744e-07,5.461698500825008e-07,0.00014551239851233648
414.58368809999956,0.0,0.0,0.0,3.2482569604047847e-07,5.452988620529965e-07,0.00014546645980784915
414.6343134999988,0.0,0.0,0.0,3.247495381815439e-07,5.444276222629979e-07,0.0001454204957658344
414.6874667000011,0.0,0.0,0.0,3.246733063450349e-07,5.435560065711332e-07,0.00014537450640410602
414.7340729999996,0.0,0.0,0.0,3.245970967731409e-07,5.426840873590907e-07,0.00014532849190909849
414.7841277000043,0.0,0.0,0.0,3.245207994583237e-07,5.418118776238865e-07,0.00014528245223872197
414.8323279000033,0.0,0.0,0.0,3.2444449926328873e-07,5.409393670442257e-07,0.0001452363875283477
414.88316170000326,0.0,0.0,0.0,3.2436816334980014e-07,5.40066532695619e-07,0.0001451902978490584
414.93212479999784,0.0,0.0,0.0,3.242917991989085e-07,5.391933583107248e-07,0.0001451441832519171
414.98167990000366,0.0,0.0,0.0,3.242154151998632e-07,5.383199272690583e-07,0.00014509804385682358
415.0322090000045,0.0,0.0,0.0,3.2413898967343834e-07,5.374461061052548e-07,0.00014505187973262604
415.0823720999979,0.0,0.0,0.0,3.2406252965133416e-07,5.365720139818326e-07,0.00014500569089708647
415.1320648000037,0.0,0.0,0.0,3.239860205445732e-07,5.356976365829339e-07,0.0001449594774878849
415.18557639999926,0.0,0.0,0.0,3.2390952000916145e-07,5.348228894364094e-07,0.00014491323957380056
415.2381078000035,0.0,0.0,0.0,3.238329603363202e-07,5.33947868975293e-07,0.00014486697723705439
415.2827305000028,0.0,0.0,0.0,3.2375637720945454e-07,5.330725346071848e-07,0.00014482069053534436
415.3347455999974,0.0,0.0,0.0,3.2367977357557654e-07,5.321968436969303e-07,0.00014477437956414543
415.380662100004,0.0,0.0,0.0,3.2360311915909195e-07,5.3132088711791e-07,0.00014472804439898351
415.43185670000094,0.0,0.0,0.0,3.235264624805106e-07,5.304445825576721e-07,0.00014468168514417313
415.48287849999906,0.0,0.0,0.0,3.234497536447676e-07,5.295679513878295e-07,0.00014463530183750725
415.5367830000032,0.0,0.0,0.0,3.2337304464144354e-07,5.286910152318994e-07,0.00014458889457664002
415.5829580999998,0.0,0.0,0.0,3.2329625575770804e-07,5.27813805644215e-07,0.0001445424634726662
415.635431900002,0.0,0.0,0.0,3.2321946619056047e-07,5.269362202416828e-07,0.00014449600851884978
415.68220440000005,0.0,0.0,0.0,3.2314266511516736e-07,5.260583017982093e-07,0.00014444952983954705
415.73621229999844,0.0,0.0,0.0,3.2306581464709665e-07,5.251801156216606e-07,0.00014440302752805336
415.78401699999813,0.0,0.0,0.0,3.2298892678436323e-07,5.243015960050926e-07,0.00014435650166651193
415.83443550000084,0.0,0.0,0.0,3.229120441513531e-07,5.23422724868504e-07,0.00014430995228597026
415.8844767999981,0.0,0.0,0.0,3.22835086720649e-07,5.225435806167718e-07,0.00014426337950418665
415.9367158000023,0.0,0.0,0.0,3.227581354369316e-07,5.216640748877114e-07,0.000144216783378817
415.9872299999988,0.0,0.0,0.0,3.226811423262158e-07,5.207842640986952e-07,0.00014417016400538558
416.03187459999754,0.0,0.0,0.0,3.226041331795737e-07,5.199041276152811e-07,0.00014412352147046597
416.0824003000016,0.0,0.0,0.0,3.2252708034543916e-07,5.190236848272424e-07,0.00014407685587400392
416.1339783000003,0.0,0.0,0.0,3.224499995794659e-07,5.181429271997968e-07,0.00014403016724485071
416.18506190000335,0.0,0.0,0.0,3.223728942428483e-07,5.172618071494925e-07,0.00014398345567848085
416.23173820000375,0.0,0.0,0.0,3.2229576960240896e-07,5.163803878983463e-07,0.0001439367212481668
416.2902780000004,0.0,0.0,0.0,3.2221861926137505e-07,5.1549866283704e-07,0.00014388996406937738
416.3323432000034,0.0,0.0,0.0,3.221414079984955e-07,5.146165919453763e-07,0.0001438431841732286
416.3893284000005,0.0,0.0,0.0,3.220642135987634e-07,5.137341761690609e-07,0.00014379638168399628
416.4341971000031,0.0,0.0,0.0,3.2198696988873334e-07,5.128514842809688e-07,0.0001437495566283876
416.48525650000374,0.0,0.0,0.0,3.219097088787365e-07,5.119684184601593e-07,0.00014370270918622624
416.5357310000036,0.0,0.0,0.0,3.2183242063721e-07,5.110850535685885e-07,0.0001436558393242174
416.5857407000003,0.0,0.0,0.0,3.217550759645194e-07,5.102013609528581e-07,0.00014360894719115603
416.6322631000003,0.0,0.0,0.0,3.216777419749542e-07,5.093173377205584e-07,0.0001435620328713591
416.68195040000137,0.0,0.0,0.0,3.216003493185047e-07,5.084330114665547e-07,0.00014351509638931454
416.7331567000001,0.0,0.0,0.0,3.21522974891476e-07,5.07548283463674e-07,0.00014346813784486996
416.78217679999943,0.0,0.0,0.0,3.2144553452885594e-07,5.066633105089334e-07,0.00014342115730694053
416.8388010999988,0.0,0.0,0.0,3.213680876280215e-07,5.057779673555123e-07,0.00014337415489981345
416.88457460000063,0.0,0.0,0.0,3.212906188884989e-07,5.048923124375164e-07,0.00014332713065903178
416.9316142000025,0.0,0.0,0.0,3.2121311402498024e-07,5.040063055353319e-07,0.00014328008470451084
416.98166520000086,0.0,0.0,0.0,3.211355613018688e-07,5.0311999933247e-07,0.000143233017133963
417.0348047000007,0.0,0.0,0.0,3.2105801778955906e-07,5.022333482189183e-07,0.00014318592797398083
417.0855068000019,0.0,0.0,0.0,3.209804321140357e-07,5.013464012394636e-07,0.00014313881732453228
417.13257950000116,0.0,0.0,0.0,3.2090282536768175e-07,5.004590696717498e-07,0.00014309168526331073
417.1814317000026,0.0,0.0,0.0,3.2082521039370963e-07,4.995714213435117e-07,0.00014304453188578658
417.2332022999981,0.0,0.0,0.0,3.207475349703441e-07,4.986834814384116e-07,0.0001429973572630618
417.2824965000036,0.0,0.0,0.0,3.206698619665965e-07,4.977951190847988e-07,0.0001429501614616885
417.3337881999978,0.0,0.0,0.0,3.2059216034763025e-07,4.969065108166978e-07,0.0001429029445105673
417.38434229999984,0.0,0.0,0.0,3.2051443969394287e-07,4.960175189404683e-07,0.0001428557065828791
417.43938830000116,0.0,0.0,0.0,3.2043667710036344e-07,4.951282310335443e-07,0.00014280844773859985
417.48582100000203,0.0,0.0,0.0,3.203588988417305e-07,4.942385667653119e-07,0.00014276116801989141
417.5342260000034,0.0,0.0,0.0,3.202810891447198e-07,4.933486232542108e-07,0.0001427138676021871
417.58233389999805,0.0,0.0,0.0,3.2020325798430256e-07,4.924583127753102e-07,0.00014266654643884516
417.630679300004,0.0,0.0,0.0,3.2012543602587856e-07,4.915676828341236e-07,0.0001426192047141373
417.6861448999989,0.0,0.0,0.0,3.2004752670839725e-07,4.90676686887676e-07,0.0001425718424259274
417.7330101000043,0.0,0.0,0.0,3.199696412144768e-07,4.89785364765616e-07,0.00014252445972066742
417.7842376999979,0.0,0.0,0.0,3.198917279902748e-07,4.888937237969671e-07,0.0001424770566294898
417.83325550000154,0.0,0.0,0.0,3.19813770792297e-07,4.880017564356252e-07,0.0001424296332700924
417.88479380000354,0.0,0.0,0.0,3.1973582587787085e-07,4.871093930760119e-07,0.00014238218968683154
417.9320882000029,0.0,0.0,0.0,3.196578147372484e-07,4.862167730204812e-07,0.00014233472601078896
417.98489770000015,0.0,0.0,0.0,3.1957980855753164e-07,4.853237392638019e-07,0.0001422872422885245
418.0319657,0.0,0.0,0.0,3.1950178352909524e-07,4.844304440582324e-07,0.00014223973861998536
418.0822160000025,0.0,0.0,0.0,3.1942370569301994e-07,4.835367567833126e-07,0.0001421922150962352
418.13333209999837,0.0,0.0,0.0,3.193456256726667e-07,4.82642734797854e-07,0.0001421446717216719
418.1819355999978,0.0,0.0,0.0,3.1926753212501277e-07,4.817484049076328e-07,0.00014209710867838359
418.23003269999754,0.0,0.0,0.0,3.1918940229730734e-07,4.808536773753225e-07,0.00014204952596860726
418.2822252000042,0.0,0.0,0.0,3.191112516759598e-07,4.799586452255263e-07,0.00014200192372778016
418.33740150000085,0.0,0.0,0.0,3.1903309346876266e-07,4.79063295625675e-07,0.0001419543020735737
418.38325279999844,0.0,0.0,0.0,3.1895489941527677e-07,4.781675224799803e-07,0.00014190666094383644
418.43305800000235,0.0,0.0,0.0,3.1887669293578927e-07,4.772715071104984e-07,0.00014185900053617436
418.4860974999974,0.0,0.0,0.0,3.1879844121847265e-07,4.7637511704495485e-07,0.00014181132088835927
418.53620899999805,0.0,0.0,0.0,3.1872020163056783e-07,4.754783693792545e-07,0.00014176362210248123
418.58269930000097,0.0,0.0,0.0,3.1864190517343876e-07,4.745812658088452e-07,0.00014171590426964015
418.6335276000027,0.0,0.0,0.0,3.185636296253802e-07,4.7368386217041596e-07,0.00014166816744750062
418.6822608000002,0.0,0.0,0.0,3.1848529076802743e-07,4.7278607507984804e-07,0.00014162041172273185
418.73171459999867,0.0,0.0,0.0,3.184069520855018e-07,4.718879750321921e-07,0.00014157263714190937
418.7848482000045,0.0,0.0,0.0,3.1832861450176847e-07,4.7098949726588876e-07,0.0001415248438582408
418.8334111000004,0.0,0.0,0.0,3.1825023439922646e-07,4.7009068269857373e-07,0.0001414770318850893
418.8828377000027,0.0,0.0,0.0,3.1817180707879295e-07,4.691915726860398e-07,0.00014142920139787601
418.93237950000184,0.0,0.0,0.0,3.18093407092831e-07,4.6829203843400655e-07,0.00014138135237876592
418.98251220000384,0.0,0.0,0.0,3.1801495423595394e-07,4.673922052152465e-07,0.00014133348490999199
419.03111860000354,0.0,0.0,0.0,3.1793649922298333e-07,4.6649202071501753e-07,0.0001412855991691427
419.0831924000013,0.0,0.0,0.0,3.178580003901664e-07,4.65591493173109e-07,0.00014123769514737388
419.1329736999978,0.0,0.0,0.0,3.1777952364839535e-07,4.6469060053274584e-07,0.00014118977298229347
419.1849629999997,0.0,0.0,0.0,3.177009892826755e-07,4.637893745000556e-07,0.0001411418326806353
419.2302946999989,0.0,0.0,0.0,3.1762246308687884e-07,4.628877721278548e-07,0.00014109387436668405
419.28111689999787,0.0,0.0,0.0,3.175438913363097e-07,4.6198588017381286e-07,0.00014104589814485204
419.33374170000025,0.0,0.0,0.0,3.1746532583886557e-07,4.610835897234997e-07,0.00014099790407948184
419.38561610000033,0.0,0.0,0.0,3.1738671750178244e-07,4.6018092525369113e-07,0.00014094989223057026
419.4333648000029,0.0,0.0,0.0,3.173080986859129e-07,4.592780031210796e-07,0.00014090186272687892
419.4829097000038,0.0,0.0,0.0,3.1722948386602927e-07,4.5837463141759514e-07,0.00014085381559725334
419.5319659000015,0.0,0.0,0.0,3.1715082782383815e-07,4.574709673827524e-07,0.00014080575096386453
419.58549889999995,0.0,0.0,0.0,3.1707213897519855e-07,4.56566930057037e-07,0.0001407576688999767
419.633184600003,0.0,0.0,0.0,3.1699345717731415e-07,4.55662585785089e-07,0.0001407095694521861
419.6840907000005,0.0,0.0,0.0,3.169147451599394e-07,4.5475785143449335e-07,0.00014066145278483614
419.73730810000416,0.0,0.0,0.0,3.1683603548377936e-07,4.5385274191097583e-07,0.00014061331887347324
419.78537669999787,0.0,0.0,0.0,3.1675726761764216e-07,4.5294730847974037e-07,0.00014056516787136432
419.83343279999826,0.0,0.0,0.0,3.166785253054491e-07,4.520415088528607e-07,0.00014051699984504655
419.8829274000018,0.0,0.0,0.0,3.165997333511407e-07,4.511353800490721e-07,0.00014046881487896542
419.93371959999786,0.0,0.0,0.0,3.1652094247813883e-07,4.5022889077414187e-07,0.00014042061300860155
419.9829267000023,0.0,0.0,0.0,3.164421397151187e-07,4.493220198774095e-07,0.00014037239436719262
420.03988689999824,0.0,0.0,0.0,3.1636331069405996e-07,4.484148158226627e-07,0.00014032415902580773
420.0828870000041,0.0,0.0,0.0,3.162844460649392e-07,4.4750723894108034e-07,0.0001402759070510671
420.13166150000325,0.0,0.0,0.0,3.1620558194447123e-07,4.4659935316602367e-07,0.00014022763854952238
420.1822761000003,0.0,0.0,0.0,3.1612670433157086e-07,4.4569107155310323e-07,0.00014017935358113487
420.2349604999981,0.0,0.0,0.0,3.1604779596777746e-07,4.44782430375328e-07,0.00014013105224140065
420.2869900000005,0.0,0.0,0.0,3.159689095887143e-07,4.4387342041282727e-07,0.00014008273454581543
420.3359972000035,0.0,0.0,0.0,3.158899492899128e-07,4.429641206385532e-07,0.0001400344007009694
420.3821749999988,0.0,0.0,0.0,3.1581101281707115e-07,4.4205437744742113e-07,0.00013998605068456498
420.4337816999978,0.0,0.0,0.0,3.1573205516444824e-07,4.411443352072992e-07,0.00013993768462321348
420.48599190000095,0.0,0.0,0.0,3.1565306681519965e-07,4.402339123297729e-07,0.00013988930258353367
420.5297828999974,0.0,0.0,0.0,3.1557407876441784e-07,4.3932313045562693e-07,0.0001398409046743006
420.5850829999981,0.0,0.0,0.0,3.1549506743505374e-07,4.384119855341999e-07,0.00013979249091773975
420.63397870000335,0.0,0.0,0.0,3.1541603709670144e-07,4.3750047484632887e-07,0.0001397440614470739
420.6884379000039,0.0,0.0,0.0,3.1533698213734774e-07,4.365886496660844e-07,0.00013969561635556902
420.7321987000032,0.0,0.0,0.0,3.152579480916428e-07,4.35676415464207e-07,0.0001396471557009124
420.78504149999935,0.0,0.0,0.0,3.1517887349378054e-07,4.347638334241794e-07,0.00013959867951646797
420.8315752999988,0.0,0.0,0.0,3.1509976312728316e-07,4.338508959522678e-07,0.0001395501879709852
420.88211360000423,0.0,0.0,0.0,3.150206797545181e-07,4.3293758178531847e-07,0.00013950168107328904
420.93295509999734,0.0,0.0,0.0,3.149415543550467e-07,4.3202392648926013e-07,0.00013945315898109432
420.9823957000044,0.0,0.0,0.0,3.148624263245703e-07,4.311098917832199e-07,0.00013940462168992348
421.0307649000024,0.0,0.0,0.0,3.1478329482821516e-07,4.301954875030779e-07,0.00013935606932634307
421.08721869999863,0.0,0.0,0.0,3.1470411881575836e-07,4.2928075871680813e-07,0.00013930750197032774
421.13056840000354,0.0,0.0,0.0,3.1462493643837534e-07,4.283656271494843e-07,0.00013925891972398093
421.1849452000024,0.0,0.0,0.0,3.145457565841974e-07,4.2745013741822554e-07,0.0001392103226161624
421.23229379999975,0.0,0.0,0.0,3.144665734440332e-07,4.2653429892087667e-07,0.0001391617107401363
421.28389620000235,0.0,0.0,0.0,3.143873426004164e-07,4.256180737535765e-07,0.00013911308421584505
421.3366950999989,0.0,0.0,0.0,3.143081073540723e-07,4.2470150163730693e-07,0.00013906444309210142
421.3862369999988,0.0,0.0,0.0,3.1422887467869814e-07,4.23784550310573e-07,0.0001390157874599363
421.4312576000011,0.0,0.0,0.0,3.141496123669326e-07,4.2286723376380883e-07,0.0001389671173993152
421.48626949999743,0.0,0.0,0.0,2.4516377100729712e-05,3.1534204169094934e-05,0.00012857377767270931
421.53466910000134,0.0,0.0,0.0,3.2075668957140745e-07,2.7536598080645076e-05,0.00013727548629312558
421.5825154999984,0.0,0.0,0.0,2.5177813568812094e-07,-6.647804754030269e-07,0.00013785078778868895
421.63319090000005,0.0,0.0,0.0,3.0182124468298056e-07,3.300547748502622e-07,0.00013796986836169282
421.6848317999975,0.0,0.0,0.0,3.072367431375506e-07,4.4065350021037276e-07,0.0001380261211374933
421.73558810000395,0.0,0.0,0.0,3.070351836916674e-07,4.2840553488084556e-07,0.0001380290436816176
421.78421759999765,0.0,0.0,0.0,3.06904906880782e-07,4.273463360207851e-07,0.00013802281302065906
421.8327336000002,0.0,0.0,0.0,3.0689959367081916e-07,4.2655049688308057e-07,0.00013801773439781395
421.8832066000032,0.0,0.0,0.0,3.069205510378722e-07,4.2570848556081445e-07,0.00013801389923389623
421.93436199999996,0.0,0.0,0.0,3.069378163332358e-07,4.2486568243566046e-07,0.00013801041609193097
421.98379769999883,0.0,0.0,0.0,3.069508965627261e-07,4.240190046004786e-07,0.00013800694825243052
422.0335961000019,0.0,0.0,0.0,3.0696279111315614e-07,4.2317045193691796e-07,0.00013800345371303048
422.08493190000445,0.0,0.0,0.0,3.069746428434136e-07,4.2232083528914835e-07,0.00013799994758511227
422.13421270000254,0.0,0.0,0.0,3.0698655964810227e-07,4.214703748113705e-07,0.00013799643927884608
422.1837968000036,0.0,0.0,0.0,3.0699852842171085e-07,4.206189698809196e-07,0.00013799293088368101
422.2303439000025,0.0,0.0,0.0,3.0701051118882084e-07,4.1976666490658617e-07,0.00013798942240853454
422.28189559999737,0.0,0.0,0.0,3.0702250046435174e-07,4.189133875894047e-07,0.0001379859136247043
422.33418679999886,0.0,0.0,0.0,3.0703448817304734e-07,4.1805917205569537e-07,0.00013798240457438735
422.3838245000006,0.0,0.0,0.0,3.0704649509053435e-07,4.172039763252216e-07,0.000137978895259784
422.43143899999995,0.0,0.0,0.0,3.070585270800209e-07,4.1634784574801253e-07,0.00013797538572974072
422.4836639999994,0.0,0.0,0.0,3.070705259328844e-07,4.1549077305104027e-07,0.00013797187609311095
422.53271459999814,0.0,0.0,0.0,3.070825570223093e-07,4.1463272028311713e-07,0.0001379683663631577
422.58350280000013,0.0,0.0,0.0,3.0709458199982205e-07,4.1377375770041213e-07,0.00013796485657988585
422.6309193999987,0.0,0.0,0.0,3.0710664098988594e-07,4.12913795188517e-07,0.0001379613468720423
422.68300380000437,0.0,0.0,0.0,3.071186999135073e-07,4.1205293431103684e-07,0.00013795783726186563
422.73441090000415,0.0,0.0,0.0,3.0713073106739013e-07,4.111911058003683e-07,0.0001379543278248731
422.78508700000384,0.0,0.0,0.0,3.0714283531501695e-07,4.10328264896657e-07,0.000137950818554312
422.8340700999979,0.0,0.0,0.0,3.0715488965987725e-07,4.0946449221641576e-07,0.0001379473095235696
422.88545560000057,0.0,0.0,0.0,3.0716698556951545e-07,4.0859981283105224e-07,0.0001379438008413674
422.930526199998,0.0,0.0,0.0,3.071790720715473e-07,4.077341404769286e-07,0.00013794029254327451
422.9818252000041,0.0,0.0,0.0,3.0719118533918984e-07,4.0686750529932783e-07,0.0001379367846603464
423.0340845000028,0.0,0.0,0.0,3.0720328919253055e-07,4.05999931900841e-07,0.0001379332772747726
423.08591180000076,0.0,0.0,0.0,3.0721541276853586e-07,4.051313859947596e-07,0.0001379297704553598
423.13119839999854,0.0,0.0,0.0,3.072275620303945e-07,4.042618452291926e-07,0.0001379262642198654
423.1846224000037,0.0,0.0,0.0,3.0723968397765655e-07,4.033913994409498e-07,0.00013792275866159891
423.2360018000036,0.0,0.0,0.0,3.072518295854404e-07,4.025199704895879e-07,0.00013791925378495273
423.2817361999987,0.0,0.0,0.0,3.072640051095245e-07,4.0164757785607396e-07,0.0001379157496676378
423.3341445000042,0.0,0.0,0.0,3.072761632201301e-07,4.007742262500198e-07,0.0001379122464073962
423.38513960000273,0.0,0.0,0.0,3.0728833337287945e-07,3.9989991028521036e-07,0.00013790874401752406
423.4346723999988,0.0,0.0,0.0,3.0730053007430297e-07,3.990246571708345e-07,0.00013790524261125245
423.4815602000017,0.0,0.0,0.0,3.0731272947001463e-07,3.981483999551578e-07,0.0001379017422241272
423.5319552000001,0.0,0.0,0.0,3.0732494136975556e-07,3.972711734194194e-07,0.00013789824285169992
423.5832292999985,0.0,0.0,0.0,3.0733715667253495e-07,3.9639303447552976e-07,0.0001378947446383101
423.6344251999981,0.0,0.0,0.0,3.073493709226057e-07,3.9551388906242966e-07,0.00013789124759061935
423.681324600002,0.0,0.0,0.0,3.0736160978720726e-07,3.946337843039714e-07,0.00013788775175745666
423.7329871000038,0.0,0.0,0.0,3.0737385904372347e-07,3.9375273477612105e-07,0.0001378842573009278
423.78127870000026,0.0,0.0,0.0,3.0738611947950827e-07,3.9287067586476803e-07,0.0001378807641344322
423.8303741999989,0.0,0.0,0.0,3.073983869765632e-07,3.91987664937204e-07,0.00013787727234235262
423.88392459999886,0.0,0.0,0.0,3.074106666415223e-07,3.9110368941670304e-07,0.00013787378208455643
423.93459769999754,0.0,0.0,0.0,3.0742296654518714e-07,3.902187490821152e-07,0.00013787029333883194
423.981772500003,0.0,0.0,0.0,3.0743524462925756e-07,3.8933282313829843e-07,0.00013786680620291535
424.0324621000036,0.0,0.0,0.0,3.0744756639471045e-07,3.884459155189642e-07,0.00013786332065454426
424.08632860000216,0.0,0.0,0.0,3.0745989172582555e-07,3.875580952746431e-07,0.0001378598368447473
424.1327966000026,0.0,0.0,0.0,3.0747223068453484e-07,3.8666920689608387e-07,0.00013785635477573004
424.18175920000067,0.0,0.0,0.0,3.0748455345672736e-07,3.857794588622523e-07,0.00013785287456743127
424.2372128999996,0.0,0.0,0.0,3.074969061867402e-07,3.8488865010150877e-07,0.00013784939621536122
424.2869849999988,0.0,0.0,0.0,3.0750927419836727e-07,3.839969097769768e-07,0.0001378459197683879
424.33317220000026,0.0,0.0,0.0,3.0752166423126344e-07,3.8310416374659855e-07,0.00013784244532642247
424.3828332999983,0.0,0.0,0.0,3.075340551562627e-07,3.822104798163057e-07,0.00013783897293611572
424.43415110000205,0.0,0.0,0.0,3.0754644674589795e-07,3.813157951847715e-07,0.000137835502688504
424.4815221000026,0.0,0.0,0.0,3.075588446985342e-07,3.8042016809969407e-07,0.0001378320346879454
424.5311591999998,0.0,0.0,0.0,3.075712622807464e-07,3.7952351806994925e-07,0.00013782856891000005
424.5846260000035,0.0,0.0,0.0,3.075837152805275e-07,3.7862589132597255e-07,0.00013782510535909672
424.63256150000234,0.0,0.0,0.0,3.0759616114070983e-07,3.777273059434365e-07,0.0001378216441685007
424.68342230000417,0.0,0.0,0.0,3.0760860673098166e-07,3.768277087183963e-07,0.00013781818535374714
424.73161000000255,0.0,0.0,0.0,3.076211003262003e-07,3.759271945967717e-07,0.00013781472904136208
424.7818346999993,0.0,0.0,0.0,3.0763355172323974e-07,3.7502566877995106e-07,0.00013781127527583115
424.832811500004,0.0,0.0,0.0,3.076460592331954e-07,3.7412313711862846e-07,0.00013780782410147612
424.8825097000008,0.0,0.0,0.0,3.0765856976256575e-07,3.7321963463668867e-07,0.00013780437557607723
424.9327154999992,0.0,0.0,0.0,3.076710869433751e-07,3.723151766213943e-07,0.00013780092970629311
424.9833409999992,0.0,0.0,0.0,3.0768362368865856e-07,3.714097083986437e-07,0.0001377974865898099
425.0357690000019,0.0,0.0,0.0,3.076961556600362e-07,3.7050329051454023e-07,0.00013779404635543753
425.08229810000194,0.0,0.0,0.0,3.077087115501687e-07,3.695958259157409e-07,0.00013779060898982417
425.1363710000005,0.0,0.0,0.0,3.0772128626059886e-07,3.6868747046713373e-07,0.0001377871746484116
425.18402929999866,0.0,0.0,0.0,3.0773386163796965e-07,3.677780721591745e-07,0.00013778374330456475
425.2318172000014,0.0,0.0,0.0,3.0774644661595247e-07,3.6686767558729796e-07,0.0001377803150049069
425.2825379999995,0.0,0.0,0.0,3.077590896452795e-07,3.659563079824936e-07,0.00013777688983599326
425.3366984000022,0.0,0.0,0.0,3.0777167778251106e-07,3.6504394924326466e-07,0.00013777346784233274
425.3859647999998,0.0,0.0,0.0,3.0778433028336053e-07,3.6413060504690444e-07,0.0001377700490793305
425.43076660000224,0.0,0.0,0.0,3.077969735566053e-07,3.6321625084682314e-07,0.00013776663361588496
425.48365970000305,0.0,0.0,0.0,-7.252987013974609e-05,4.258814067014302e-05,0.00021538476574602515
425.53515080000216,0.0,0.0,0.0,6.843136076084073e-05,-3.988510782989706e-05,0.00015257504623645762
425.5854013999997,0.0,0.0,0.0,-6.766792448016344e-05,3.982471301253785e-05,0.00021559382873449973
425.63179520000267,0.0,0.0,0.0,6.841217572025174e-05,-3.8874251501738144e-05,0.0001530363539592371
425.6826443000027,0.0,0.0,0.0,5.2100666628094466e-06,-2.4708298645828515e-06,0.0001377394737115348
425.7325392999992,0.0,0.0,0.0,-1.622557088157715e-05,1.5733683002578038e-05,0.00022992901415626823
425.7865011000031,0.0,0.0,0.0,1.6987225304951886e-05,-1.5852490652681787e-05,0.00013761528708996262
425.8340481999985,0.0,0.0,0.0,-2.7459595992971313e-05,2.704081100241407e-05,0.00022934790480101493
425.8862459000011,0.0,0.0,0.0,2.806570615405796e-05,-2.6060981402633535e-05,0.00013866589821874784
425.9363560999991,0.0,0.0,0.0,-7.249530709657945e-05,4.4330684967360505e-05,0.0002156526062982424
425.9844078000024,0.0,0.0,0.0,6.840954829564702e-05,-3.9633847684015814e-05,0.00015224579256098225
426.0319651000027,0.0,0.0,0.0,-0.00011006589632063243,3.0311809571948974e-05,0.0001669022336514405
426.083550299998,0.0,0.0,0.0,0.00010622057537327235,-2.464651450154918e-05,0.0002003979113154151
426.13130990000354,0.0,0.0,0.0,9.907001435418396e-06,-7.85468513394574e-06,0.00013704645021776136
426.181614000001,0.0,0.0,0.0,-2.7545462381149768e-05,2.6715846422707982e-05,0.00022874371813734132
426.23700310000277,0.0,0.0,0.0,2.806755713330332e-05,-2.6173096070735045e-05,0.0001382170257352896
426.2827999000001,0.0,0.0,0.0,-4.4911219574985436e-05,3.803198029237468e-05,0.00022581340668716908
426.3319388000018,0.0,0.0,0.0,4.376461341168196e-05,-3.592732434792752e-05,0.0001412934489740241
426.38392680000106,0.0,0.0,0.0,-0.00011300048471479433,3.33365821543315e-05,0.00016663645531776186
426.43411220000417,0.0,0.0,0.0,0.00010621540960726144,-2.5082895719139845e-05,0.0001998315906577096
426.4863484000016,0.0,0.0,0.0,-0.00010547532128343336,2.5002458232584238e-05,0.00016622604566598367
426.53125900000305,0.0,0.0,0.0,0.00010621554963944241,-2.4149587194549906e-05,0.00020020257766602641
426.58294110000134,0.0,0.0,0.0,1.0014478789328542e-05,-7.89602333587901e-06,0.00013650710229916937
426.63511429999926,0.0,0.0,0.0,-4.524048126192268e-05,3.8003114391670956e-05,0.00022533614127933643
426.68131549999816,0.0,0.0,0.0,4.376828736063709e-05,-3.622486769307004e-05,0.00014070521373717577
426.7361688000019,0.0,0.0,0.0,-4.302329873181705e-05,3.655605170317452e-05,0.00022496217661581322
426.78108800000336,0.0,0.0,0.0,4.376324965223153e-05,-3.5653726502605314e-05,0.00014095254045280609
426.83262639999884,0.0,0.0,0.0,-0.00011299587694325816,3.332290990105586e-05,0.00016598087511826638
426.8843763000041,0.0,0.0,0.0,0.00010620847829772824,-2.508270347354455e-05,0.00019934940113250837
426.93471750000026,0.0,0.0,0.0,-0.00010546853039061936,2.4998602570538835e-05,0.00016561612104544642
426.98739719999867,0.0,0.0,0.0,0.00010620951932159682,-2.4163313379843257e-05,0.00019972263977558803
427.0359754000019,0.0,0.0,0.0,1.0123018784236608e-05,-7.972684420237994e-06,0.0001359071051383342
427.0830494000038,0.0,0.0,0.0,-2.77635785953247e-05,2.686355687021327e-05,0.00022765834316853048
427.1330686000001,0.0,0.0,0.0,2.8065166917229577e-05,-2.6232942106885406e-05,0.0001371676577294318
427.18458880000253,0.0,0.0,0.0,-2.7322950537425064e-05,2.6841340077412367e-05,0.0002275335070318609
427.2314373000045,0.0,0.0,0.0,2.8060627179857384e-05,-2.596094671481371e-05,0.00013723852245888093
427.28380130000005,0.0,0.0,0.0,-7.249053262164563e-05,4.436066313741426e-05,0.00021376019021628574
427.3317917000022,0.0,0.0,0.0,6.840447407561622e-05,-3.970362873739646e-05,0.00015071077379980808
427.38291220000247,0.0,0.0,0.0,-6.76643882343325e-05,3.983358021668524e-05,0.00021324091734553643
427.43125059999875,0.0,0.0,0.0,6.840475323037664e-05,-3.897722827113233e-05,0.00015098135070762436
427.4853344000003,0.0,0.0,0.0,-0.00011004721245142849,3.0285216522963423e-05,0.00016485229559219642
427.5361330000014,0.0,0.0,0.0,0.00010619771035876172,-2.4655969568735754e-05,0.00019881895474424356
427.5837346000044,0.0,0.0,0.0,1.0258698559695846e-05,-8.107685198650984e-06,0.00013507462610894852
427.6332375999991,0.0,0.0,0.0,-1.6682582809707833e-05,1.6547117602830614e-05,0.000228031521720591
427.6832800999982,0.0,0.0,0.0,1.7445101155337727e-05,-1.606508330976308e-05,0.00013534385604868046
427.7351146000001,0.0,0.0,0.0,-2.791798892550013e-05,2.7243385557764287e-05,0.00022691998801368352
427.7815114000041,0.0,0.0,0.0,2.806075050254805e-05,-2.6179737127492347e-05,0.00013642009324788836
427.8348167000004,0.0,0.0,0.0,-2.7321781600269747e-05,2.6849424683876986e-05,0.0002266216847605244
427.8819457999998,0.0,0.0,0.0,2.8058404675538042e-05,-2.600026361363422e-05,0.00013639405473245224
427.93533639999805,0.0,0.0,0.0,-7.248704455110805e-05,4.438010539374428e-05,0.00021274203818352137
427.98061150000285,0.0,0.0,0.0,6.840176931379233e-05,-3.9739014268892356e-05,0.0001498815403942103
428.032755799999,0.0,0.0,0.0,-6.766116669509484e-05,3.984809804854663e-05,0.00021230934982750392
428.0843803000025,0.0,0.0,0.0,6.840233268794352e-05,-3.9017353285223595e-05,0.0001501472140262585
428.1355368000004,0.0,0.0,0.0,-6.766502711232303e-05,3.985901297331758e-05,0.00021218795970369815
428.18858990000444,0.0,0.0,0.0,6.83995665815011e-05,-3.902873803176958e-05,0.00014998024983748823
428.2327559000041,0.0,0.0,0.0,-0.00011003483141507911,3.0269703919007757e-05,0.00016364124198488933
428.28267320000305,0.0,0.0,0.0,0.00010618615401962719,-2.4658984678346958e-05,0.00019788431238912697
428.3334668000025,0.0,0.0,0.0,-0.00010544704666871983,2.4996325801037583e-05,0.00016354252690734943
428.38157769999816,0.0,0.0,0.0,0.00010618608568154987,-2.421034009831083e-05,0.0001980000936916169
428.4336287999977,0.0,0.0,0.0,-0.00010544719673738999,2.50385094721206e-05,0.00016342660843003876
428.48261079999793,0.0,0.0,0.0,0.00010618235015063445,-2.4218673364893288e-05,0.0001978494340933002
428.5324097999983,0.0,0.0,0.0,1.048727932879111e-05,-8.23263597256986e-06,0.00013366101970629007
428.5862309000004,0.0,0.0,0.0,-1.6914088589697482e-05,1.6687547386815106e-05,0.00022670079489340756
428.6320754999979,0.0,0.0,0.0,1.767460741641134e-05,-1.6191764242809575e-05,0.00013398061683632056
428.68207500000426,0.0,0.0,0.0,-1.6934955191619517e-05,1.6912456717696658e-05,0.00022662726181863667
428.73785620000126,0.0,0.0,0.0,1.769700147527296e-05,-1.610418197724911e-05,0.00013391130709135315
428.7845813000022,0.0,0.0,0.0,-1.6961222449937152e-05,1.691489835252602e-05,0.00022646134673163316
428.8350563999993,0.0,0.0,0.0,1.7721334120194526e-05,-1.6117816738314826e-05,0.00013374599127340687
428.8835988999999,0.0,0.0,0.0,-1.6985791569460685e-05,1.6924254000295612e-05,0.0002262982719939762
428.9296436000004,0.0,0.0,0.0,1.774589725167903e-05,-1.613095466771701e-05,0.00013358971476535447
428.98777359999804,0.0,0.0,0.0,-1.701026650279451e-05,1.6933538193423772e-05,0.00022613743590115177
429.03489889999764,0.0,0.0,0.0,1.7770322142376072e-05,-1.6144104047585424e-05,0.00013343293886737675
429.0807047999988,0.0,0.0,0.0,-1.7034654345108293e-05,1.6942785692420834e-05,0.00022597538186313007
429.13281730000017,0.0,0.0,0.0,1.7794641726079342e-05,-1.6157249091551745e-05,0.00013327525638947814
429.1802260999975,0.0,0.0,0.0,-1.705894338111283e-05,1.6952003635142168e-05,0.0002258122841061195
429.235628800001,0.0,0.0,0.0,1.781885746464985e-05,-1.6170388390319854e-05,0.00013311677964507944
429.2820625000022,0.0,0.0,0.0,-1.708313408127255e-05,1.696119191112306e-05,0.00022564818296277222
429.3347694999975,0.0,0.0,0.0,1.784296911307913e-05,-1.6183522048582915e-05,0.00013295752452389403
429.3825971999977,0.0,0.0,0.0,-1.7107226538778504e-05,1.6970350398045494e-05,0.00022548309502215663
429.4375671000016,0.0,0.0,0.0,1.7866976704089122e-05,-1.619664991111968e-05,0.0001327975065112767
429.48185470000317,0.0,0.0,0.0,-1.7131220801200754e-05,1.6979479237958387e-05,0.00022531703868741647
429.5313890000034,0.0,0.0,0.0,1.7890880391878618e-05,-1.6209771904803846e-05,0.00013263674199397334
429.58203859999776,0.0,0.0,0.0,-1.7155116910002378e-05,1.6988578406979892e-05,0.00022515003263257858
429.63294499999756,0.0,0.0,0.0,1.791468018767875e-05,-1.6222887843774237e-05,0.00013247524722563404
429.68431599999894,0.0,0.0,0.0,-1.717891495352353e-05,1.699764799077571e-05,0.00022498209530744993
429.73369880000246,0.0,0.0,0.0,1.793837625533554e-05,-1.6235997674936266e-05,0.0001323130383154395
429.78237459999946,0.0,0.0,0.0,-1.7202614967836605e-05,1.7006687982048023e-05,0.00022481324503300184
429.8359788000016,0.0,0.0,0.0,1.7961968644842657e-05,-1.6249101266660445e-05,0.00013215013127941568
429.88630730000295,0.0,0.0,0.0,-1.7226216957555183e-05,1.7015698445121524e-05,0.0002246435000746688
429.9340408999997,0.0,0.0,0.0,1.798545747766203e-05,-1.6262198417273136e-05,0.00013198654223122737
429.98357009999745,0.0,0.0,0.0,-1.7249721110236892e-05,1.7024679448864743e-05,0.00022447287888900666
430.03283360000205,0.0,0.0,0.0,1.8008842864160395e-05,-1.6275289101309704e-05,0.00013182228705139578
430.08521689999907,0.0,0.0,0.0,-1.7273127401787276e-05,1.703363098162168e-05,0.0002243013994127952
430.131166799998,0.0,0.0,0.0,1.8032124926777852e-05,-1.6288373194677683e-05,0.00013165738165152142
430.1833048000044,0.0,0.0,0.0,-1.7296435976500136e-05,1.7042553152133778e-05,0.00022412907978947025
430.2329746000032,0.0,0.0,0.0,1.804822170723461e-05,-1.6299113053572205e-05,0.00013149367754223084
430.2817307000005,0.0,0.0,0.0,-1.731256372299974e-05,1.7048996473315863e-05,0.00022395632687941433
430.3339393999995,0.0,0.0,0.0,1.804803019124531e-05,-1.6304378471215822e-05,0.00013133359185624557
430.38311509999767,0.0,0.0,0.0,-1.7312405731517644e-05,1.7049823988667878e-05,0.0002237836494929037
430.4338346000004,0.0,0.0,0.0,1.804785197811627e-05,-1.630939246872306e-05,0.00013117294842975765
430.4817172000039,0.0,0.0,0.0,-1.7312265804817846e-05,1.7050690320660153e-05,0.000223610135860522
430.5313152000017,0.0,0.0,0.0,1.8047684734639627e-05,-1.6314437747522797e-05,0.0001310116169827731
430.5848444000003,0.0,0.0,0.0,-1.731214281628386e-05,1.7051562959683878e-05,0.0002234357751464506
430.6342760999978,0.0,0.0,0.0,1.8047529121326593e-05,-1.631951079550921e-05,0.00013084961674168525
430.68258590000187,0.0,0.0,0.0,-1.7312036714633652e-05,1.705244205047603e-05,0.00022326058780986515
430.7317783000035,0.0,0.0,0.0,1.8047385163997534e-05,-1.632461155335217e-05,0.00013068696314079653
430.7813838000002,0.0,0.0,0.0,-1.731194748639581e-05,1.705332768820109e-05,0.00022308459022656957
430.8331374000045,0.0,0.0,0.0,1.8047252831484524e-05,-1.63297399752835e-05,0.00013052367038433147
430.88309930000105,0.0,0.0,0.0,-1.7311875087532487e-05,1.7054219893213897e-05,0.00022290779841262497
430.93326949999755,0.0,0.0,0.0,1.804713216344576e-05,-1.633489587274105e-05,0.0001303597526387096
430.98583450000297,0.0,0.0,0.0,-1.7311819564005685e-05,1.7055118700661522e-05,0.00022273022867061058
431.0320709000007,0.0,0.0,0.0,1.8047023231764946e-05,-1.6340079303419547e-05,0.0001301952241302647
431.08130789999996,0.0,0.0,0.0,-1.7311780882264596e-05,1.705602423657378e-05,0.00022255189704546677
431.1395562000034,0.0,0.0,0.0,1.8046926025166626e-05,-1.6345290089278127e-05,0.00013003009896772933
431.18343129999994,0.0,0.0,0.0,-1.731175904970577e-05,1.705693649484203e-05,0.00022237281953331516
431.23382539999875,0.0,0.0,0.0,1.8046840555406403e-05,-1.63505281866476e-05,0.00012986439112436365
431.28387040000234,0.0,0.0,0.0,-1.7311754022864414e-05,1.7057855602428584e-05,0.00022219301209248964
431.3357251999987,0.0,0.0,0.0,1.8046766860189007e-05,-1.6355793496854898e-05,0.00012969811467776764
431.38249100000394,0.0,0.0,0.0,-1.731176581561641e-05,1.7058781580585718e-05,0.0002220124906658278
431.43177899999864,0.0,0.0,0.0,1.804670494402302e-05,-1.6361085918104643e-05,0.00012953128353459663
431.4808486999973,0.0,0.0,0.0,-1.7311794418579477e-05,1.7059714480602646e-05,0.00022183127108956632
431.5331256999998,0.0,0.0,0.0,1.804665488020769e-05,-1.6366405426165088e-05,0.00012936391152594667
431.5838438999999,0.0,0.0,0.0,-1.7311839777764954e-05,1.7060654344839383e-05,0.00022164936906001348
431.6336614000029,0.0,0.0,0.0,1.8046616589941353e-05,-1.6371751881823173e-05,0.00012919601246973053
431.68244470000354,0.0,0.0,0.0,-1.731190190365758e-05,1.706160125675553e-05,0.0002214668002535523
431.7352912999995,0.0,0.0,0.0,1.8046590160825916e-05,-1.6377125220709987e-05,0.00012902760012597895
431.78654870000173,0.0,0.0,0.0,-1.731198078417962e-05,1.7062555258988443e-05,0.00022128358036208753
431.8320115000024,0.0,0.0,0.0,1.804657562391125e-05,-1.6382525371513597e-05,0.00012885868817261645
431.88080980000086,0.0,0.0,0.0,-1.7312076400284136e-05,1.7063516416800723e-05,0.0002210997248821187
431.9349186000036,0.0,0.0,0.0,1.804657293396905e-05,-1.638795220295728e-05,0.00012868929022102424
431.98128420000285,0.0,0.0,0.0,-1.7312188694918448e-05,1.7064484771958335e-05,0.00022091524934785882
432.03338249999797,0.0,0.0,0.0,1.8046582152346247e-05,-1.6393405692826088e-05,0.00012851941983807585
432.0838833000016,0.0,0.0,0.0,-1.731231770700787e-05,1.70654603905823e-05,0.00022073016916704103
432.1385311999984,0.0,0.0,0.0,1.8046603285606888e-05,-1.6398885709192655e-05,0.00012834909057737515
432.18191769999976,0.0,0.0,0.0,-1.731246336964426e-05,1.7066443315384126e-05,0.00022054449970289482
432.2321241000027,0.0,0.0,0.0,1.8046636343036573e-05,-1.6404392217465016e-05,0.00012817831579267923
432.2808146000025,0.0,0.0,0.0,-1.73126256708323e-05,1.706743362308e-05,0.00022035825624098409
432.3306522999992,0.0,0.0,0.0,1.8046681344194473e-05,-1.6409925064664933e-05,0.0001280071089620861
432.38203140000405,0.0,0.0,0.0,-1.7312804625651134e-05,1.706843135817217e-05,0.00022017145395143177
432.43085240000073,0.0,0.0,0.0,1.8046738284082747e-05,-1.641548418054338e-05,0.00012783548320399962
432.48564330000227,0.0,0.0,0.0,-1.7313000142461667e-05,1.7069436531835174e-05,0.0002199841078710384
432.53348489999917,0.0,0.0,0.0,-9.825750451525605e-05,1.7339537760306027e-05,0.00015691559735308506
432.5824212000007,0.0,0.0,0.0,0.00010615409588677996,-2.439000906375062e-05,0.00019121481136960197
432.635257300004,0.0,0.0,0.0,-6.308430238918133e-05,3.49520995489612e-05,0.00020463563979829078
432.68560889999935,0.0,0.0,0.0,6.839748426509138e-05,-3.9035917482520263e-05,0.0001429331867767333
432.73155090000364,0.0,0.0,0.0,-4.008600646142102e-05,3.3784138830339884e-05,0.00021511480771899645
432.7803688999993,0.0,0.0,0.0,4.3752219940497405e-05,-3.5736031673820926e-05,0.0001318401209675666
432.83418130000064,0.0,0.0,0.0,-2.5436408009135614e-05,2.5467712986059422e-05,0.0002178950014427339
432.88181220000115,0.0,0.0,0.0,2.8048998332554086e-05,-2.6037313621778902e-05,0.00012848754451149014
432.9339309999996,0.0,0.0,0.0,-1.6106713584139262e-05,1.645710504148976e-05,0.00021891919735270605
432.9811580000023,0.0,0.0,0.0,-9.825674103373016e-05,1.7550551649953192e-05,0.00015609823022987634
433.03432389999944,0.0,0.0,0.0,0.00010614829713197655,-2.4438955012496458e-05,0.00019031289416878835
433.08053279999876,0.0,0.0,0.0,-6.308549101405672e-05,3.49750595780972e-05,0.0002036809113172166
433.130425000003,0.0,0.0,0.0,6.839754672178608e-05,-3.908507889255087e-05,0.00014204844533371647
433.1803078000012,0.0,0.0,0.0,-4.008655613913713e-05,3.38037061326579e-05,0.0002141684714611991
433.23724930000026,0.0,0.0,0.0,4.375206226568125e-05,-3.577905359477156e-05,0.00013095971834840305
433.285953300001,0.0,0.0,0.0,-2.543670578194431e-05,2.5478931793222624e-05,0.00021694239866430765
433.33128900000156,0.0,0.0,0.0,2.804850793447714e-05,-2.6070944214116405e-05,0.00012761060061458097
433.3835487000033,0.0,0.0,0.0,-1.6106808096936742e-05,1.6460161768961502e-05,0.00021795928902729777
433.43111789999966,0.0,0.0,0.0,-9.825547737712995e-05,1.7566023655378323e-05,0.00015516473259921952
433.48251660000096,0.0,0.0,0.0,0.00010614635045597634,-2.4482516158875316e-05,0.00018940688811543992
433.5367134000044,0.0,0.0,0.0,-6.308748866967986e-05,3.499973743814741e-05,0.0002027283665946275
433.58200339999894,0.0,0.0,0.0,6.839878423064211e-05,-3.913547725984439e-05,0.00014115908977724477
433.6330491000044,0.0,0.0,0.0,-4.008796852901689e-05,3.3823914715546645e-05,0.00021321229281145442
433.6844364999997,0.0,0.0,0.0,4.3752656207616156e-05,-3.582322398108243e-05,0.00013007161432609167
433.7324716000003,0.0,0.0,0.0,-2.543756154221729e-05,2.5490588559701533e-05,0.0002159796953062289
433.78309170000284,0.0,0.0,0.0,2.804850069478215e-05,-2.610544703414825e-05,0.00012672659325885073
433.8343412000031,0.0,0.0,0.0,-1.6107287387374345e-05,1.646339604851974e-05,0.00021698983839438588
433.8842575000017,0.0,0.0,0.0,-9.825604795718696e-05,1.7581024684939687e-05,0.00015422424513310512
433.9319764000029,0.0,0.0,0.0,0.00010614626271845479,-2.4526224113820145e-05,0.0001884920342882535
433.9850781999994,0.0,0.0,0.0,-6.309068980759755e-05,3.502502581439743e-05,0.0002017676197759235
434.0339195999986,0.0,0.0,0.0,6.840120326667161e-05,-3.9187018559437024e-05,0.0001402627881473744
434.08372059999965,0.0,0.0,0.0,-4.0090194408734795e-05,3.384477396783562e-05,0.00021224760464774346
434.1376020000025,0.0,0.0,0.0,4.37540123477823e-05,-3.586850836282278e-05,0.0001291775518974851
434.18338629999926,0.0,0.0,0.0,-2.5438968143787855e-05,2.5502683114590262e-05,0.0002150087292081099
434.2371626000022,0.0,0.0,0.0,2.8048974755507328e-05,-2.6140803728106652e-05,0.0001258370589684825
434.2829966999998,0.0,0.0,0.0,-1.6108147233559043e-05,1.6466813194377963e-05,0.00021601256407340904
434.3370775000003,0.0,0.0,0.0,-9.825843525286914e-05,1.7595566350467924e-05,0.0001532783347574912
434.38653409999824,0.0,0.0,0.0,0.00010614802031079279,-2.457006932902393e-05,0.00018756996989999984
434.4326371999996,0.0,0.0,0.0,-6.30950827437665e-05,3.5050910195436265e-05,0.0002008003192513773
434.48337660000107,0.0,0.0,0.0,6.840479646073881e-05,-3.923966907999976e-05,0.00013936107659003375
434.53401440000016,0.0,0.0,0.0,-4.0093225268165616e-05,3.3866273919565894e-05,0.0002112760782973494
434.5824294999984,0.0,0.0,0.0,4.3756126683709576e-05,-3.5914878997114525e-05,0.0001282790218426503
434.6325474000041,0.0,0.0,0.0,-2.544091915568711e-05,2.5515213799093916e-05,0.00021403117396579533
434.68343789999926,0.0,0.0,0.0,2.804992843940448e-05,-2.6176995758647922e-05,0.000124943464043668
434.7331855000011,0.0,0.0,0.0,-1.6109382528400575e-05,1.647041834095775e-05,0.00021502913379698385
434.78270570000313,0.0,0.0,0.0,-9.826261988665743e-05,1.7609660350861754e-05,0.0001523285224843244
434.83095770000364,0.0,0.0,0.0,0.00010615160777929946,-2.461404238170162e-05,0.0001866422826936826
434.88454020000063,0.0,0.0,0.0,-6.310065464521747e-05,3.507737606535964e-05,0.00019982806184023512
434.93315099999745,0.0,0.0,0.0,6.840955531656833e-05,-3.9293395476693424e-05,0.00013845544330389953
434.9888127000013,0.0,0.0,0.0,-4.009705188006443e-05,3.388840443843391e-05,0.0002102993326953802
435.0305817000044,0.0,0.0,0.0,4.3758994603449686e-05,-3.596230836961346e-05,0.00012737746779104749
435.08176110000204,0.0,0.0,0.0,-2.5443407595689175e-05,2.5528178652559804e-05,0.00021304865047003805
435.1326251999999,0.0,0.0,0.0,2.805135950836261e-05,-2.621400461358213e-05,0.0001240472274451927
435.1856321000014,0.0,0.0,0.0,-1.611098779783076e-05,1.6474216414441494e-05,0.00021404116207767286
435.2325692000013,0.0,0.0,0.0,-5.593985385911501e-05,2.705327887462973e-05,0.00019915746633628056
435.2817608999976,0.0,0.0,0.0,6.841308544329251e-05,-3.8922220599227976e-05,0.00013796105379637767
435.3313113999975,0.0,0.0,0.0,-2.2510599766755872e-05,2.2571399980783593e-05,0.00021223813043926302
435.3839864000038,0.0,0.0,0.0,-8.705372845583216e-05,7.817448181554924e-06,0.0001522717543016002
435.4328824999975,0.0,0.0,0.0,0.00010615480036372881,-2.4855131766026216e-05,0.00018516402492203558
435.48128590000124,0.0,0.0,0.0,-3.5519610656115385e-05,2.8768563512962312e-05,0.00020905305255328793
435.5381753000038,0.0,0.0,0.0,4.375995627793753e-05,-3.548894875693511e-05,0.00012654548354558388
435.5808627000006,0.0,0.0,0.0,-1.4231563395302975e-05,1.5004499243602534e-05,0.00021268610821716425
435.6341284000009,0.0,0.0,0.0,-5.5943925298840013e-05,2.7367795553542806e-05,0.00019831987684375832
435.6802910999977,0.0,0.0,0.0,6.841170738961218e-05,-3.897464908169106e-05,0.00013705104587305233
435.7316997000016,0.0,0.0,0.0,-2.2512192794466644e-05,2.2577732006946036e-05,0.00021123353153660386
435.7821624999997,0.0,0.0,0.0,-8.70536370255427e-05,7.820699159392775e-06,0.00015130786632422202
435.8338939000023,0.0,0.0,0.0,0.00010615406225751285,-2.489486079631271e-05,0.00018422729778515615
435.8813475999996,0.0,0.0,0.0,-3.552147867988279e-05,2.8783228796705047e-05,0.00020806584644605613
435.93199620000087,0.0,0.0,0.0,4.376071962892327e-05,-3.5531109842583084e-05,0.00012564289274585906
435.9803432000044,0.0,0.0,0.0,-1.4232416419339788e-05,1.5005839371129979e-05,0.00021169034895876984
436.0317844000019,0.0,0.0,0.0,-5.59470021633024e-05,2.7384290195498796e-05,0.00019733573620474613
436.08541839999816,0.0,0.0,0.0,6.8413893875809e-05,-3.902318731699958e-05,0.0001361415593607501
436.13277319999906,0.0,0.0,0.0,-2.2513686759689894e-05,2.2586158607993103e-05,0.00021024086044295383
436.18171789999906,0.0,0.0,0.0,-8.705507360802851e-05,7.82322760249945e-06,0.00015034896516166862
436.2364725000007,0.0,0.0,0.0,0.00010615504576682424,-2.4934705703097856e-05,0.00018328975282647306
436.2826891000004,0.0,0.0,0.0,-3.552404572793093e-05,2.8798342578421198e-05,0.00020707731286593152
436.33395759999985,0.0,0.0,0.0,4.376220562295078e-05,-3.5574136390764895e-05,0.00012474052380017573
436.3825092000043,0.0,0.0,0.0,-1.423358753588953e-05,1.5007324361527513e-05,0.00021069388064857075
436.43532699999923,0.0,0.0,0.0,-5.59510769642352e-05,2.7401155746388717e-05,0.00019635200521061472
436.4855433999983,0.0,0.0,0.0,6.841719499995458e-05,-3.907257942092423e-05,0.00013523290975689823
436.53423669999756,0.0,0.0,0.0,-2.251563754251603e-05,2.2594910382809927e-05,0.0002092484489436799
436.5845346999995,0.0,0.0,0.0,-8.705801689023803e-05,7.825180118944931e-06,0.00014939209028501718
436.63473389999854,0.0,0.0,0.0,0.00010615777139044008,-2.497463858253033e-05,0.0001823527928049522
436.6889730000039,0.0,0.0,0.0,-3.5527280934819096e-05,2.8813896110005203e-05,0.00020608972956162366
436.7347458000004,0.0,0.0,0.0,4.3764412294594695e-05,-3.561804361781535e-05,0.00012384035765862026
436.7824948999987,0.0,0.0,0.0,-1.423507160866022e-05,1.5008974343603059e-05,0.0002096986725762183
436.83472379999876,0.0,0.0,0.0,-5.595613063594109e-05,2.7418338259043728e-05,0.0001953701862988367
436.8849812000044,0.0,0.0,0.0,6.842160053211446e-05,-3.9122837940912474e-05,0.00013432649908535747
436.9302871000036,0.0,0.0,0.0,-2.2518036896203124e-05,2.2603993781314707e-05,0.00020825772884829557
436.9836804000006,0.0,0.0,0.0,-8.706244150833204e-05,7.826557779799348e-06,0.00014843846823623912
437.0311834000022,0.0,0.0,0.0,0.00010616221553625062,-2.501465207914859e-05,0.00018141768382257112
437.0833453000014,0.0,0.0,0.0,-3.5531172675268794e-05,2.882988133762789e-05,0.00020510439361602276
437.13486369999737,0.0,0.0,0.0,4.3767331402775756e-05,-3.5662805543992586e-05,0.00012294354207306523
437.18524030000117,0.0,0.0,0.0,-1.4236861898746776e-05,1.501079283081739e-05,0.00020870602324313234
437.2338124000016,0.0,0.0,0.0,-5.5962146553178146e-05,2.743582859963619e-05,0.00019439152667040757
437.28397389999736,0.0,0.0,0.0,6.842709621541289e-05,-3.917393281515753e-05,0.00013342348541014635
437.3334393000041,0.0,0.0,0.0,-2.2520876029921558e-05,2.261340651681206e-05,0.0002072699724240704
437.3818577999991,0.0,0.0,0.0,-8.70683220729731e-05,7.827378243034343e-06,0.0001474892580185144
437.43338570000196,0.0,0.0,0.0,0.00010616835357202953,-2.5054738798315396e-05,0.0001804856342329708
437.4822346000001,0.0,0.0,0.0,-3.553570886837657e-05,2.8846290147134774e-05,0.00020412254444431114
437.53811490000226,0.0,0.0,0.0,4.377095424274084e-05,-3.5708396822889765e-05,0.00012205117291284916
437.5836369000026,0.0,0.0,0.0,-1.4238951573721246e-05,1.5012783040243645e-05,0.00020771717287940603
437.6342915999994,0.0,0.0,0.0,-5.596910757195215e-05,2.7453617783348545e-05,0.00019341721635370086
437.68235200000345,0.0,0.0,0.0,6.84336672157651e-05,-3.9225834639220264e-05,0.0001325249741557087
437.73390559999825,0.0,0.0,0.0,-2.25241458508461e-05,2.2623146085647157e-05,0.0002062863940508913
437.78418120000424,0.0,0.0,0.0,-8.707563260441817e-05,7.827658745312316e-06,0.00014654556460198852
437.8355803000013,0.0,0.0,0.0,0.00010617616004936063,-2.5094891564797617e-05,0.00017955779659079544
437.8820440999989,0.0,0.0,0.0,-3.554087717041912e-05,2.886311427390885e-05,0.00020314536350769522
437.9320243999973,0.0,0.0,0.0,-6.947617742219068e-05,-2.5478117043530163e-06,0.00014885198660753403
437.98420169999736,0.0,0.0,0.0,0.00010617805702676571,-2.5928298525137132e-05,0.00017870098413648808
438.03431529999943,0.0,0.0,0.0,-1.7943513114265538e-05,1.7591475764076042e-05,0.00020491763503401337
438.0825133000035,0.0,0.0,0.0,-4.4750426366671465e-05,1.744582436693705e-05,0.00019264206014181894
438.1330089000039,0.0,0.0,0.0,6.843334279878616e-05,-3.896852040267878e-05,0.00013168946742897334
438.1839710999993,0.0,0.0,0.0,-1.1308658148264497e-05,1.2152045429709993e-05,0.00020537471468404141
438.23245229999884,0.0,0.0,0.0,-2.8378264395518634e-05,2.113721057723497e-05,0.00020184438864711147
438.2828645000045,0.0,0.0,0.0,-6.947890714374662e-05,-1.923995231472757e-06,0.00014821265207784582
438.3317008000013,0.0,0.0,0.0,0.00010617608366347782,-2.59029258939628e-05,0.00017782825280372256
438.3855165999994,0.0,0.0,0.0,-1.7946795341146584e-05,1.7587989282485405e-05,0.00020392565547895807
438.43328640000254,0.0,0.0,0.0,-4.475414915721619e-05,1.7452026504179238e-05,0.00019166478295617252
438.481403400001,0.0,0.0,0.0,6.843653001920597e-05,-3.901406996819213e-05,0.00013080088280075338
438.5347469999979,0.0,0.0,0.0,-1.1310042499118122e-05,1.2150756072621742e-05,0.000204397299671932
438.5837223999988,0.0,0.0,0.0,-2.8381086018188095e-05,2.1144664536737012e-05,0.00020087462147303875
438.6347451000038,0.0,0.0,0.0,-6.948124259049527e-05,-1.9335159815540252e-06,0.00014727808372072616
438.6822317999977,0.0,0.0,0.0,0.0001061792115689188,-2.5939154202044634e-05,0.00017691275450703524
438.7306974000021,0.0,0.0,0.0,-1.7948929144533738e-05,1.7591723879926566e-05,0.00020295525340107004
438.78546780000033,0.0,0.0,0.0,-4.475839461211259e-05,1.7458455944050657e-05,0.00019070489070004988
438.8363110999999,0.0,0.0,0.0,6.844069439842704e-05,-3.906033671110047e-05,0.00012992212907012173
438.88159959999757,0.0,0.0,0.0,-1.1311688552088744e-05,1.2149574106206587e-05,0.00020342760528038997
438.93650110000453,0.0,0.0,0.0,-2.838439694664747e-05,2.1152347020004807e-05,0.0001999124443394635
438.9817564999976,0.0,0.0,0.0,-6.948465422870875e-05,-1.9436256706103136e-06,0.0001463520114288417
439.0328625999973,0.0,0.0,0.0,0.00010618391274804792,-2.5975443945454652e-05,0.00017600473633501591
439.0822788000005,0.0,0.0,0.0,-1.7951386438030164e-05,1.7595663058393337e-05,0.0002019929826016929
439.13230450000265,0.0,0.0,0.0,-4.476333674882512e-05,1.746497402248387e-05,0.00018975360223154837
439.1828600000008,0.0,0.0,0.0,6.844585856021584e-05,-3.910725433394829e-05,0.00012905160378303868
439.2334342000031,0.0,0.0,0.0,-1.1313556494399446e-05,1.2148510915961725e-05,0.0002024664859386316
439.2833241000044,0.0,0.0,0.0,-2.83881771527697e-05,2.116025785239141e-05,0.0001989589665205094
439.33198690000427,0.0,0.0,0.0,-6.948911823854238e-05,-1.954301297724044e-06,0.0001454353643716246
439.3837882000007,0.0,0.0,0.0,0.0001061901581705607,-2.601178935536938e-05,0.00017510509273490233
439.4332906999989,0.0,0.0,0.0,-1.7954159069509885e-05,1.7599805958393417e-05,0.00020103975056208354
439.4853654000035,0.0,0.0,0.0,-4.4768959914399665e-05,1.7471578792625823e-05,0.0001888117875267014
439.5329101000025,0.0,0.0,0.0,6.845200515619166e-05,-3.91547976024322e-05,0.0001281901111763214
439.58205330000055,0.0,0.0,0.0,-1.131563966513572e-05,1.2147569204825855e-05,0.00020151482955376273
439.63133519999974,0.0,0.0,0.0,-2.83924152493963e-05,2.1168393136996313e-05,0.0001980150570830795
439.6856589000017,0.0,0.0,0.0,-6.949461108205683e-05,-1.965521233071245e-06,0.0001445289406478156
439.7331639999975,0.0,0.0,0.0,0.0001061979189167774,-2.604818476465512e-05,0.00017421465061013988
439.7837761999981,0.0,0.0,0.0,-1.7957238481020397e-05,1.7604151410377623e-05,0.00020009641036657425
439.83196789999784,0.0,0.0,0.0,-4.47752482564267e-05,1.7478268161725275e-05,0.00018788026373907845
439.88339850000193,0.0,0.0,0.0,6.84591164973623e-05,-3.9202942113902565e-05,0.0001273384052739258
439.9317321999988,0.0,0.0,0.0,-1.1317931387653709e-05,1.2146751264406196e-05,0.00020057346798652307
439.980238199998,0.0,0.0,0.0,-2.8397099827902868e-05,2.1176748757886946e-05,0.0001970815295472959
440.0342204000044,0.0,0.0,0.0,-6.95011090721711e-05,-1.9772644028324965e-06,0.00014363348617763016
440.08464719999756,0.0,0.0,0.0,0.0001062071657481377,-2.6084624778072607e-05,0.0001733341838269363
440.13700940000126,0.0,0.0,0.0,-1.7960616130882697e-05,1.760869807686835e-05,0.0001991637600923322
440.1853113000034,0.0,0.0,0.0,-4.4782185918378246e-05,1.7485040105067778e-05,0.00018695979418744568
440.2353349000041,0.0,0.0,0.0,6.846717477108204e-05,-3.925166426321299e-05,0.00012649719086152897
440.2829544999986,0.0,0.0,0.0,-1.1320425045532237e-05,1.2146059140908186e-05,0.00019964317893430054
440.33419739999954,0.0,0.0,0.0,-2.8402219451967493e-05,2.1185320703315312e-05,0.00019615914374946343
440.384547200003,0.0,0.0,0.0,-6.950858843524857e-05,-1.9895104963792337e-06,0.00014274969677892792
440.4304867000028,0.0,0.0,0.0,0.00010621786925462758,-2.6121104496875582e-05,0.00017246441465740742
440.4853015999979,0.0,0.0,0.0,-1.7964283525461477e-05,1.7613444520702707e-05,0.0001982425441860679
440.53392700000404,0.0,0.0,0.0,-4.4789756988773166e-05,1.7491892346659285e-05,0.0001860510898678352
440.5845744000035,0.0,0.0,0.0,6.847616194648144e-05,-3.9300941193839276e-05,0.00012566712417272927
440.6366780000026,0.0,0.0,0.0,-1.13231140247309e-05,1.2145494675836707e-05,0.0001987246860354425
440.68241950000083,0.0,0.0,0.0,-2.84077626942034e-05,2.1194104985451966e-05,0.00019524860608412925
440.73386420000315,0.0,0.0,0.0,-6.951702547929403e-05,-2.0022398301024435e-06,0.00014187821786983089
440.7808951000043,0.0,0.0,0.0,0.00010622999984584925,-2.6157619312819805e-05,0.0001716060142392212
440.8322713000016,0.0,0.0,0.0,-6.737599487667176e-06,6.944526882326026e-06,0.0001965880257480672
440.8850764000017,0.0,0.0,0.0,-1.0795577475907338e-05,1.007295967778511e-05,0.00019600792861676735
440.9338549000022,0.0,0.0,0.0,-1.7178989000207207e-05,1.1112777399611634e-05,0.00019401165401734653
440.98726700000407,0.0,0.0,0.0,-2.717698999389442e-05,7.076420882377775e-06,0.00018633128059609598
441.0311115000004,0.0,0.0,0.0,-4.1909878935765195e-05,-6.814053492722729e-06,0.000151162506858072
441.08436719999736,0.0,0.0,0.0,0.00010622542638275326,-2.78698721478686e-05,0.0001698795100981905
441.1333092999994,0.0,0.0,0.0,-6.74215961432502e-06,7.318821180086934e-06,0.00019585913658638448
441.1849913000042,0.0,0.0,0.0,-1.0800681255423598e-05,1.0061510903364307e-05,0.0001951097861681955
441.23331920000055,0.0,0.0,0.0,-1.7182418351669068e-05,1.110936519950579e-05,0.00019310214604602606
441.2834631000005,0.0,0.0,0.0,-2.71805597247786e-05,7.072859927291543e-06,0.00018543778013903773
441.331113500004,0.0,0.0,0.0,-4.191220085592713e-05,-6.830930971756505e-06,0.0001503015733872407
441.383926399998,0.0,0.0,0.0,0.00010623180691498917,-2.790301670168597e-05,0.0001690419137205182
441.433168800002,0.0,0.0,0.0,-6.743875309773834e-06,7.313785432352746e-06,0.00019496936951876332
441.48449280000204,0.0,0.0,0.0,-1.0802899895955053e-05,1.0058891561627381e-05,0.00019422363904127824
441.5350949999993,0.0,0.0,0.0,-1.718540929831933e-05,1.1107981992375314e-05,0.0001922207290305844
441.58239400000457,0.0,0.0,0.0,-2.7184463592688898e-05,7.069184329612717e-06,0.00018456364939115023
441.63251129999844,0.0,0.0,0.0,-4.1915124652052455e-05,-6.848198074116373e-06,0.000149455132740012
441.683890100001,0.0,0.0,0.0,0.00010623950096589883,-2.793622001424733e-05,0.0001682169736566152
441.7325448999982,0.0,0.0,0.0,-6.745708740171444e-06,7.308806897317714e-06,0.00019409317136534618
441.78614519999974,0.0,0.0,0.0,-1.0805281238425352e-05,1.0056356489287403e-05,0.00019335120808468216
441.8341628999988,0.0,0.0,0.0,-1.7188637691585726e-05,1.1106671059550505e-05,0.00019135316115507703
441.8813541999989,0.0,0.0,0.0,-2.7188712916079067e-05,7.0654904712715895e-06,0.0001837035527370756
441.9322584000038,0.0,0.0,0.0,-4.191858932860874e-05,-6.865825890889382e-06,0.00014862265046410334
441.9805639999977,0.0,0.0,0.0,0.00010624849859640742,-2.7969472755003208e-05,0.00016740527256932795
442.03653360000317,0.0,0.0,0.0,-6.747651240296956e-06,7.303890088161376e-06,0.0001932311502749192
442.08513920000405,0.0,0.0,0.0,-1.0807819550991526e-05,1.0053907075119416e-05,0.00019249299934019846
442.1327850000016,0.0,0.0,0.0,-1.7192096160440553e-05,1.1105432783024629e-05,0.00019049989880618714
442.1838590999978,0.0,0.0,0.0,-2.7193297380453272e-05,7.061781405707663e-06,0.00018285792248026693
442.23863210000127,0.0,0.0,0.0,-4.192257949410617e-05,-6.883796287286082e-06,0.00014780453752501766
442.2829383999997,0.0,0.0,0.0,0.00010625877019799488,-2.8002770714176694e-05,0.00016660722698716318
442.3359023000012,0.0,0.0,0.0,-6.749697924900107e-06,7.299037386264201e-06,0.00019238373330425273
442.38938000000053,0.0,0.0,0.0,-1.0810508819015726e-05,1.0051544280933328e-05,0.00019164943132373127
442.4360147999978,0.0,0.0,0.0,-1.719577702339301e-05,1.1104267724945946e-05,0.000189661349289539
442.48610600000393,0.0,0.0,0.0,-2.719820671224802e-05,7.058059846905822e-06,0.00018202714913757541
442.533843600002,0.0,0.0,0.0,-4.1927079865200885e-05,-6.902091940158649e-06,0.00014700116407646667
442.5854535000035,0.0,0.0,0.0,0.00010627028637023217,-2.8036110008149756e-05,0.00016582321172516548
442.63307100000384,0.0,0.0,0.0,-6.751844045475922e-06,7.2942509240148265e-06,0.00019155130358532505
442.6848650000029,0.0,0.0,0.0,-1.0813343180215873e-05,1.0049268963680907e-05,0.0001908208786264095
442.73434650000127,0.0,0.0,0.0,-1.719967267407803e-05,1.1103176090573589e-05,0.00018883787605695367
442.7839085000014,0.0,0.0,0.0,-2.720343075366892e-05,7.054328413155737e-06,0.00018121158038683432
442.8345973000032,0.0,0.0,0.0,-4.1932075398476e-05,-6.920696218352786e-06,0.00014621285915185204
442.8884661999982,0.0,0.0,0.0,0.0001062830179108457,-2.8069487087983295e-05,0.00016505356057326047
442.93363269999827,0.0,0.0,0.0,-6.754084943336345e-06,7.289532568464629e-06,0.0001907342016975169
442.9823278999975,0.0,0.0,0.0,-1.081631687940613e-05,1.0047081662548533e-05,0.00019000767368867585
443.03208370000357,0.0,0.0,0.0,-1.7203775744125364e-05,1.1102158077341127e-05,0.00018802980125568153
443.08463660000416,0.0,0.0,0.0,-2.7208959507966324e-05,7.050589345231511e-06,0.00018041152310526167
443.13258869999845,0.0,0.0,0.0,-4.193755126814366e-05,-6.939593256270524e-06,0.0001454399125560662
443.18022180000116,0.0,0.0,0.0,0.00010629693581348871,-2.8102898582484876e-05,0.00016429856815921263
443.235743199999,0.0,0.0,0.0,-6.756416063256412e-06,7.284883943475552e-06,0.0001899327270265391
443.28272870000364,0.0,0.0,0.0,-1.0819424303522313e-05,1.0044982774523725e-05,0.00018921010841237122
443.3346973000007,0.0,0.0,0.0,-1.7208078880382784e-05,1.1101213492697629e-05,0.00018723740677846257
443.38403429999744,0.0,0.0,0.0,-2.7214783213667713e-05,7.046844774895065e-06,0.00017962724505707686
443.4306856999974,0.0,0.0,0.0,-4.194349281826858e-05,-6.958767917672244e-06,0.00014468257640866443
443.4835461000039,0.0,0.0,0.0,0.00010631201134840616,-2.813634158808461e-05,0.0001635584917693064
443.53248110000277,0.0,0.0,0.0,-6.758832967612676e-06,7.280306406491705e-06,0.00018914714030019605
443.58281980000174,0.0,0.0,0.0,-1.0822659915859058e-05,1.0042972562322597e-05,0.00018842843614797714
443.63251409999793,0.0,0.0,0.0,-1.7212575042170718e-05,1.1100342320583698e-05,0.00018646093641098597
443.682882000001,0.0,0.0,0.0,-2.7220892248497404e-05,7.043096535559257e-06,0.00017885897636778748
443.73772720000125,0.0,0.0,0.0,-4.194988573826542e-05,-6.978205831943633e-06,0.0001439410670358421
443.7824091000002,0.0,0.0,0.0,0.00010632821618130772,-2.8169813218262777e-05,0.0001628335527382541
443.8323006999999,0.0,0.0,0.0,-6.761331358980593e-06,7.275801094092965e-06,0.0001883776645454202
443.8855846000006,0.0,0.0,0.0,4.188472363618793e-07,-6.898940982850251e-07,0.00018551863661835145
443.9348213999983,0.0,0.0,0.0,4.2028789632748544e-07,5.4081571392537434e-08,0.0001856422792490457
443.9850571999996,0.0,0.0,0.0,4.168994370381319e-07,6.919859884876511e-08,0.0001855354004621682
444.0354234000042,0.0,0.0,0.0,4.1551744255669286e-07,6.203421967114473e-08,0.00018537588252501159
444.0833481000009,0.0,0.0,0.0,4.1510802099254054e-07,6.012106998589034e-08,0.0001852174111902237
444.13131630000134,0.0,0.0,0.0,4.148972407180328e-07,5.8147778769959124e-08,0.00018506418112844512
444.18392960000347,0.0,0.0,0.0,4.146922236746435e-07,5.6165200132448515e-08,0.00018491340747155325
444.2333807000032,0.0,0.0,0.0,4.1447287777946633e-07,5.418451958350204e-08,0.00018476360887269917
444.28076809999766,0.0,0.0,0.0,4.142472979527493e-07,5.2203028967401686e-08,0.00018461443301947373
444.3331324000028,0.0,0.0,0.0,4.140204648877038e-07,5.0221537481829106e-08,0.00018446586807028455
444.3850519000043,0.0,0.0,0.0,4.137936270956669e-07,4.8240421381325325e-08,0.00018431794040073846
444.4355671000012,0.0,0.0,0.0,4.135669395367938e-07,4.6259813013109e-08,0.00018417066211880487
444.4822948000001,0.0,0.0,0.0,4.1334027507306703e-07,4.4279762831046736e-08,0.00018402403631546157
444.5322413000031,0.0,0.0,0.0,4.1311368558592683e-07,4.230025020083642e-08,0.00018387806361238742
444.5890681000019,0.0,0.0,0.0,4.128870995442598e-07,4.0321251777100866e-08,0.00018373274444929348
444.6320080000005,0.0,0.0,0.0,4.1266058444329146e-07,3.8342941604950414e-08,0.0001835880793434909
444.68376200000057,0.0,0.0,0.0,4.124341544286048e-07,3.636510656065419e-08,0.0001834440688367482
444.73603269999876,0.0,0.0,0.0,4.1220778483130303e-07,3.438801525301196e-08,0.00018330071341315528
444.7826348000017,0.0,0.0,0.0,4.119815457414992e-07,3.241152026987263e-08,0.000183158013459002
444.83491830000276,0.0,0.0,0.0,4.1175539569673537e-07,3.0435731327962514e-08,0.00018301596950279613
444.882329,0.0,0.0,0.0,4.115293812920755e-07,2.846058566952698e-08,0.00018287458183537244
444.9331384000034,0.0,0.0,0.0,4.1130353779833766e-07,2.6486203823304515e-08,0.00018273385072981946
444.98704929999803,0.0,0.0,0.0,4.1107784749341625e-07,2.4512551233513307e-08,0.0001825937765414232
445.03204520000145,0.0,0.0,0.0,4.1085229909322617e-07,2.2539587025668645e-08,0.00018245435940563936
445.08219090000057,0.0,0.0,0.0,7.25223835813161e-06,0.008828618209210961,-7.480740936247689e-05
445.13775370000076,0.0,0.0,0.0,1.990103112251058e-05,0.0015023380818273261,2.790701653850035e-05
445.1838559000025,0.0,0.0,0.0,-1.0336613279090266e-05,-0.0009492519328463016,-8.627658348570149e-06
445.2324013000034,0.0,0.0,0.0,1.3695077232608946e-05,0.0011991322281464818,0.00012256520118471628
445.2805550999983,0.0,0.0,0.0,-1.6821282965007793e-05,-0.001515799597406192,0.00010425201806988315
445.3318686999992,0.0,0.0,0.0,-1.6185382578379399e-06,-0.00012718699115247652,9.111302357543158e-05
445.3807869000011,0.0,0.0,0.0,1.0404181967779533e-05,0.0007725580358352718,9.379113524573456e-05
445.43398130000423,0.0,0.0,0.0,-5.947000674107119e-06,-0.0006833534922188908,0.0001740736424344811
445.48019829999976,0.0,0.0,0.0,-3.9723938443313016e-07,-0.00031345415482030643,4.260494028043445e-05
445.53308110000216,0.0,0.0,0.0,1.2545773299403488e-05,0.0010618956922717883,4.602954199518561e-05
445.5821722000037,0.0,0.0,0.0,-9.029622970838318e-06,-0.0007604341874771661,0.0002298793305193063
445.63095220000105,0.0,0.0,0.0,-2.0815383426474784e-05,-0.0017152071913356553,-0.0002544652846219484
445.6843846999982,0.0,0.0,0.0,-3.346684070032736e-06,-0.00042137459828046664,-2.759550127562967e-05
445.73345150000387,0.0,0.0,0.0,1.8858796217772238e-06,0.00012989488544923954,-9.816039670678236e-05
445.7832017000037,0.0,0.0,0.0,7.849229761529019e-06,0.0007663591401356635,-0.00011524244240560307
445.8336971000026,0.0,0.0,0.0,-1.1841320913380314e-05,-0.0011390618337451055,-1.4275294777757667e-05
445.88571260000026,0.0,0.0,0.0,1.1225275691947124e-05,0.0011090767671957866,-1.8983584031089133e-05
445.93311270000413,0.0,0.0,0.0,6.322777828060721e-06,0.0004773649058028251,0.00011303775269266321
445.9811260999995,0.0,0.0,0.0,-5.973957781449901e-06,-0.0005186780345116887,0.00031798835747808403
446.032177400004,0.0,0.0,0.0,1.0458616971526017e-05,0.0009617367012198772,4.155134759656962e-05
446.08408240000426,0.0,0.0,0.0,7.114622781841015e-06,0.000605915926211025,-0.00016308632739484502
446.133986599998,0.0,0.0,0.0,-1.5841395240764186e-05,-0.0014306451783943598,3.742310273540436e-05
446.18124479999824,0.0,0.0,0.0,-9.267564325243668e-06,-0.0007138221609765732,-0.0003248182872106768
446.23503670000355,0.0,0.0,0.0,-4.907954152817914e-06,-0.00039316324767907644,-0.0004968326448664052
446.28599609999947,0.0,0.0,0.0,7.948319619522278e-06,0.000675538511553952,-0.0003116770511210144
446.3322694000017,0.0,0.0,0.0,3.308698049562331e-06,0.00037435430775329597,-1.774171911273731e-05
446.38354280000203,0.0,0.0,0.0,1.3399557487113578e-05,0.0011268375866411266,5.392754991666323e-05
446.434316400002,0.0,0.0,0.0,-1.9652399973441257e-05,-0.0016591263972034068,-0.0002785091759701486
446.483009399999,0.0,0.0,0.0,1.286833184166531e-05,0.0011195385496246665,0.0003158297657653418
446.5321668000033,0.0,0.0,0.0,-2.5714758324784062e-05,-0.0022177996520087047,-0.0001297665018245867
446.58348169999954,0.0,0.0,0.0,1.2300528134393116e-05,0.0010237358168019893,0.00024162033776893016
446.63378200000443,0.0,0.0,0.0,2.6914444782326337e-06,0.00024224300410717077,0.00016988459410355932
446.6819417000006,0.0,0.0,0.0,-3.162637344639292e-06,-0.0002936044202213833,0.0003855046574733911
446.73243999999977,0.0,0.0,0.0,2.157756467537355e-05,0.0018614388600249289,-0.000133614479188273
446.7830640000029,0.0,0.0,0.0,-1.8051612551239682e-05,-0.0016839593760177728,9.064234463700729e-05
446.8361514999997,0.0,0.0,0.0,-9.026273389467011e-06,-0.0007159324884636732,0.00024797830032121537
446.88686930000404,0.0,0.0,0.0,1.668281727401855e-05,0.0014713669821676682,0.000300602284589951
446.9333450999984,0.0,0.0,0.0,-6.393195884897075e-06,-0.0006811705795153292,0.000401140003659833
446.9827159999986,0.0,0.0,0.0,2.1186312644226406e-05,0.0017812239607800174,0.0002428625176047724
447.0316104000012,0.0,0.0,0.0,-1.4691855585750716e-05,-0.0013226340721024209,-0.00013307500453741626
447.08379499999864,0.0,0.0,0.0,3.454210782093213e-06,0.0006576462653718286,-2.9739289057930777e-05
447.1368997000027,0.0,0.0,0.0,-8.500795069811794e-06,-0.0006343784314688391,0.00028478537344992015
447.18252550000034,0.0,0.0,0.0,4.52043369828505e-06,4.470269286636517e-05,-2.9567156812470452e-05
447.23213199999736,0.0,0.0,0.0,1.5682701770257628e-05,0.001190072323593913,0.0002045442375059831
447.2830040999979,0.0,0.0,0.0,-2.7630044178468684e-07,-2.4825731593795063e-05,1.2233236661575973e-05
447.3308509999988,0.0,0.0,0.0,-1.51628621581126e-05,-0.0014532578338218082,-0.00010137185038525762
447.3878915000023,0.0,0.0,0.0,2.5756963621336888e-05,0.002451277021873992,1.956274761640062e-05
447.43358160000207,0.0,0.0,0.0,-8.636534494882019e-06,-0.000978357482506731,0.0002901507412337509
447.48180310000316,0.0,0.0,0.0,7.17188228783533e-07,0.0004095444925098381,0.00010926911197993025
447.53257300000405,0.0,0.0,0.0,-1.4115023691672847e-05,-0.0013266281297695515,0.00018917258764221116
447.5855317000023,0.0,0.0,0.0,2.560322773923785e-06,8.285041923908343e-05,0.00025314451284177405
447.6319436999984,0.0,0.0,0.0,1.9160294011013634e-06,0.00025666614466002735,0.0001601610793679858
447.685773600002,0.0,0.0,0.0,3.3215676212963403e-06,0.00024091689010759262,0.0002485609160652255
447.7334168000016,0.0,0.0,0.0,1.2716072313768097e-06,3.006093287145243e-06,7.165777710978526e-05
447.78361179999774,0.0,0.0,0.0,6.423048092458324e-07,0.00020166347767960863,0.0002380435256964617
447.83286529999896,0.0,0.0,0.0,-1.5816758117351223e-05,-0.0015632944831869033,-0.00021646108593121797
447.8812356999988,0.0,0.0,0.0,1.7433905529880796e-05,0.0016298380845568346,-0.0002560390046314768
447.9327573999981,0.0,0.0,0.0,5.013867659040018e-06,0.000566872751394464,-0.0001445026180875449
447.9864807999984,0.0,0.0,0.0,3.572569544541341e-06,0.00041428576048104323,2.8860654929156312e-05
448.0376363000032,0.0,0.0,0.0,-1.3992494475446684e-05,-0.0012132414855779226,-7.364122668273874e-05
448.0802631999977,0.0,0.0,0.0,3.829449263024689e-06,0.0001896958507899818,0.0003016060356930027
448.1357762999978,0.0,0.0,0.0,-1.4945385960131712e-05,-0.0013357595248602856,-0.00013964357485902914
448.18375090000336,0.0,0.0,0.0,2.413582981783203e-05,0.0021644670236773337,-2.969311065917712e-05
448.23245060000045,0.0,0.0,0.0,-1.1173634603126212e-05,-0.0010076824377125316,-0.0002657719676647286
448.28453869999794,0.0,0.0,0.0,1.5284405785362392e-05,0.0013377213659589659,0.00012758822574111334
448.331196500003,0.0,0.0,0.0,-2.5222460833379354e-05,-0.0021119708977776113,-0.00040609028113586286
448.3842724999995,0.0,0.0,0.0,-7.027943043874645e-06,-0.0007229324737572545,0.0004770688173865807
448.43592999999964,0.0,0.0,0.0,9.228824804023134e-06,0.0008003021857303014,0.00019919305445234556
448.48307750000095,0.0,0.0,0.0,1.389033018091606e-05,0.0012608088480812899,-0.00018805478128592555
448.5374424000038,0.0,0.0,0.0,-1.0299955423419258e-05,-0.0010462484560205148,-1.0777025559056448e-05
448.58504189999803,0.0,0.0,0.0,4.3615619325675566e-07,1.2166881400218782e-05,0.0001823535641534699
448.63494470000296,0.0,0.0,0.0,1.9408264130434685e-05,0.0018053681607727047,-4.987639201912076e-06
448.68375679999735,0.0,0.0,0.0,-5.286646157800591e-06,-0.0004559537221746757,0.0001315289050658086
448.7339498000001,0.0,0.0,0.0,1.9871405802225422e-07,6.93071251994688e-05,-4.523002201575056e-05
448.78461750000133,0.0,0.0,0.0,1.051117530196767e-06,0.0001672662417558402,-0.00023668330595491663
448.8337346999979,0.0,0.0,0.0,-1.1566093812964821e-05,-0.0010381987227017508,1.0229007557776936e-05
448.88754190000327,0.0,0.0,0.0,-4.9483628960810585e-06,-0.00040867740123665493,-7.719056999564558e-05
448.93387890000304,0.0,0.0,0.0,1.3208291666497513e-05,0.0010602843854323582,0.00016929189369603915
448.98876790000213,0.0,0.0,0.0,1.9863936097526863e-06,0.00015603429432684191,0.0001281833261659098
449.03509119999944,0.0,0.0,0.0,2.987697555648321e-06,0.00029712012656752117,6.281379664247108e-05
449.0887472000031,0.0,0.0,0.0,-2.3507378783722992e-05,-0.002309086044518448,-1.0372360840248565e-05
449.13358380000136,0.0,0.0,0.0,1.8968307486314765e-06,0.00017970413925381108,4.035886612100052e-05
449.18278940000164,0.0,0.0,0.0,2.9252304104934208e-05,0.0028075383068578187,-0.00011447553877183497
449.23447840000154,0.0,0.0,0.0,-2.6183756990556742e-05,-0.0023705967735177173,0.00023416156885860343
449.2828195000038,0.0,0.0,0.0,1.8384668012900257e-05,0.0016438442010346449,7.19760506079308e-05
449.33151100000396,0.0,0.0,0.0,3.0688884279206986e-06,0.0005772187337868347,4.825485995644857e-05
449.3835184999989,0.0,0.0,0.0,-2.172247041844177e-05,-0.0020756546416919506,9.328925537937091e-05
449.43486549999943,0.0,0.0,0.0,1.923533757631254e-05,0.001895521869453587,-2.5451863236302485e-05
449.485121800004,0.0,0.0,0.0,-3.089383944808164e-05,-0.0029044824828500736,0.00013416584358144794
449.5355903000018,0.0,0.0,0.0,2.2851722857330947e-05,0.002133890247979657,-4.295863296537801e-06
449.58456870000373,0.0,0.0,0.0,-1.5311087171384026e-05,-0.0015422554943485879,2.27721801096951e-05
449.63941630000045,0.0,0.0,0.0,1.9027423182640517e-05,0.0018817902136881275,-4.040157595562551e-05
449.68307549999736,0.0,0.0,0.0,-1.5488672528489704e-05,-0.0015273442217606926,2.7074440426570833e-06
449.7334802000041,0.0,0.0,0.0,1.6651848204853048e-05,0.0017355905866921289,-7.298442276201739e-05
449.7826959000013,0.0,0.0,0.0,-1.496589792436453e-06,-0.00024015236654087994,8.780311412483438e-05
449.83296100000007,0.0,0.0,0.0,-1.3048975780399953e-06,-0.0001257606720028574,6.0264809493166106e-05
449.88474639999913,0.0,0.0,0.0,-1.0713308316763344e-05,-0.0009399402376007949,2.0097234501427853e-05
449.9351614000043,0.0,0.0,0.0,-1.7565535901857475e-05,-0.0017812672905819188,4.700554189689136e-05
449.9838344000018,0.0,0.0,0.0,3.4286290417788684e-05,0.003394461127292393,-0.00012049752115568479
450.033997999999,0.0,0.0,0.0,-1.1156560051310533e-05,-0.0010553871051250685,-7.628302386188114e-05
450.0836711000011,0.0,0.0,0.0,-1.1309361433031592e-05,-0.0012944077100467389,0.0001133483530272625
450.13402589999896,0.0,0.0,0.0,5.676618584299555e-06,0.000632994185731686,-2.1790267232646645e-05
450.1846399999995,0.0,0.0,0.0,1.0032776945796026e-05,0.0009747843269744291,6.756791797745184e-05
450.23540219999995,0.0,0.0,0.0,-1.1610088843546536e-05,-0.0009983715743578985,-6.214826438349463e-05
450.2832183999999,0.0,0.0,0.0,3.7591722221496836e-07,-7.111515578119293e-06,5.880656151312539e-05
450.3321606000027,0.0,0.0,0.0,3.978552826024812e-06,0.00040243727069410896,-1.376656846260966e-05
450.3863545999993,0.0,0.0,0.0,7.862999264232875e-07,-7.485987520277632e-05,0.00012089858691517104
450.4319819000011,0.0,0.0,0.0,-1.0718864741219977e-05,-0.0008609934720326124,-7.603052360394574e-05
450.4837144999983,0.0,0.0,0.0,8.259523276961755e-06,0.0007001476547116061,1.5514870661194448e-05
450.53638130000036,0.0,0.0,0.0,1.0787898479353494e-05,0.0010801430907351347,-3.070147567717474e-05
450.58437799999956,0.0,0.0,0.0,-4.093484223725202e-06,-0.00041786635839627807,9.66078907822488e-06
450.6344900999975,0.0,0.0,0.0,8.884313843617471e-06,0.0008433356402237759,5.668397816775846e-05
450.6832202000005,0.0,0.0,0.0,-7.610620194894112e-06,-0.000679631315190373,-6.20160550619319e-06
450.7360866000017,0.0,0.0,0.0,3.3161079771873247e-06,0.00029341276450691725,6.132131117352818e-05
450.7888812000019,0.0,0.0,0.0,-7.849209285017575e-06,-0.0006888809353667443,-7.271519596610974e-05
450.8323784000022,0.0,0.0,0.0,3.350226918240173e-06,0.0002967035702874869,-7.586703658632288e-05
450.8831808000032,0.0,0.0,0.0,-9.824065482957235e-06,-0.0009521426302248077,0.0002000690923110659
450.93683910000254,0.0,0.0,0.0,-2.555381508113518e-06,-0.0003683230897905222,8.362253241439628e-05
450.986779400002,0.0,0.0,0.0,1.0816870194050824e-05,0.001154251969115878,-5.1037461867529797e-05
451.0373450000043,0.0,0.0,0.0,1.1962011845077837e-06,0.00017796790620027827,-6.323818999263831e-05
451.0872682000045,0.0,0.0,0.0,-9.50485170456096e-06,-0.000949552514577807,0.00011207692191845037
451.1331350000037,0.0,0.0,0.0,1.0037582959425091e-05,0.0009589561863793852,5.3091272690490824e-05
451.1845639000021,0.0,0.0,0.0,4.60012558176898e-08,-1.9357043445255204e-05,6.0906372094602366e-05
451.23590449999756,0.0,0.0,0.0,-1.3412525507870175e-05,-0.0014400840305931275,1.1282339541535311e-05
451.28438299999834,0.0,0.0,0.0,-8.339673878370136e-06,-0.0007991314486725783,-4.4675298090131465e-05
451.336298000002,0.0,0.0,0.0,-1.1553091243644326e-06,-4.1366616884349534e-05,-3.750490322358363e-05
451.38239859999885,0.0,0.0,0.0,2.2095998595129565e-05,0.002328915186745456,6.030328344577034e-06
451.4354536000028,0.0,0.0,0.0,-2.7771245875449115e-06,-0.00020780658690443125,2.0528104172057876e-05
451.48669959999825,0.0,0.0,0.0,-5.598052771258878e-06,-0.0006110570672004233,-4.949822322763555e-05
451.53635139999824,0.0,0.0,0.0,7.227121861293366e-06,0.0006285458811793646,9.039589537977238e-05
451.5836356,0.0,0.0,0.0,4.781161957822163e-06,0.0005817608029503914,-4.725374886128703e-05
451.6400455000039,0.0,0.0,0.0,-7.921750322662238e-06,-0.0009743737010616075,0.0002124487070521636
451.68244640000194,0.0,0.0,0.0,-7.381769936448146e-06,-0.001030254452775858,0.00028246027145654724
451.7309271999984,0.0,0.0,0.0,1.3574491092220033e-05,0.0015655399177278244,4.653608509703687e-05
451.78564339999866,0.0,0.0,0.0,-2.950101714148794e-05,-0.0026714101566400967,0.0002719631948440834
451.8319479999991,0.0,0.0,0.0,-1.6547294214517762e-05,-0.0006702374933770678,-5.1934971394759296e-05
451.8890575000041,0.0,0.0,0.0,4.121753770793012e-05,0.003236163487998613,0.00020072167596597748
451.9337654999981,0.0,0.0,0.0,6.827614972902385e-06,0.00036012978165577715,5.458959968638149e-05
451.98314100000425,0.0,0.0,0.0,-1.6146223174536545e-07,-0.0004288462409501319,0.0002937824718247589
452.0344467000032,0.0,0.0,0.0,1.083212085177216e-07,0.0005184801416451854,1.99501995129297e-05
452.0867106000005,0.0,0.0,0.0,-8.30776405541283e-06,-0.0011641067556462045,0.0001368050232875746
452.13205580000067,0.0,0.0,0.0,-8.134202292883257e-06,-0.000736756245410837,4.748817119513602e-05
452.18441670000175,0.0,0.0,0.0,4.489486480528536e-06,0.00047778389527131413,7.580076882024115e-05
452.2324788000042,0.0,0.0,0.0,9.057413924432417e-06,0.000916446036017722,-5.5124856560284804e-06
452.2838611999978,0.0,0.0,0.0,5.212871865389212e-06,0.0003664753201203597,6.716502129816393e-05
452.33185270000104,0.0,0.0,0.0,-7.0731355299746636e-06,-0.0007215130940767787,7.808809432239644e-06
452.38606119999895,0.0,0.0,0.0,-1.8855606529221272e-05,-0.0017243699185949804,-2.0732404810248054e-05
452.43708580000384,0.0,0.0,0.0,1.5775151110902126e-05,0.0016292019266212908,3.7132293682621526e-05
452.48469679999835,0.0,0.0,0.0,-1.3444012417206512e-05,-0.001241103759733335,-3.0747538321707715e-05
452.5331565000015,0.0,0.0,0.0,-1.0836574126790284e-05,-0.0009685711476587626,-6.986767512322984e-05
452.5848939999996,0.0,0.0,0.0,2.4743064484083024e-05,0.0023635976278712453,6.434147653417468e-05
452.63358000000153,0.0,0.0,0.0,-5.088696678028707e-06,-0.0005881261498927728,0.0001546111243841044
452.6802328999984,0.0,0.0,0.0,2.3266313759318204e-06,0.00033108458702829917,0.00011070500450196613
452.73464380000223,0.0,0.0,0.0,-4.276269648945267e-06,-0.0001923914195647798,-6.0957799221736805e-05
452.78577909999876,0.0,0.0,0.0,-2.153054910989713e-05,-0.002195319340275522,-5.232972720225101e-05
452.83125210000435,0.0,0.0,0.0,1.4215012064081488e-05,0.0013595921176570885,-7.883591741806285e-05
452.88164289999986,0.0,0.0,0.0,-4.252719701889373e-06,-0.0004407456533480796,-2.535418059515945e-05
452.9322603000037,0.0,0.0,0.0,1.551468334008576e-05,0.001604043745391579,0.00010599512470706311
452.9842523999978,0.0,0.0,0.0,-9.791185808436057e-06,-0.0008331199928690676,1.7383482071532184e-05
453.03086550000444,0.0,0.0,0.0,3.672651436267241e-06,0.00014945227881818485,1.840128063464549e-05
453.086140899999,0.0,0.0,0.0,-1.3300704250840764e-05,-0.001276425975591923,-2.6708474968086182e-05
453.13472829999955,0.0,0.0,0.0,8.428827338921611e-06,0.0007035164525954231,0.00014944223860644025
453.1863242000036,0.0,0.0,0.0,-3.2729951003290302e-06,-5.672445083031732e-05,-0.00020422149279364834
453.23365639999975,0.0,0.0,0.0,-1.7122884486348017e-05,-0.001676115387104974,-0.00023370854483249813
453.28430800000206,0.0,0.0,0.0,1.6701786469190054e-05,0.0016157211729462314,0.00010988134965468174
453.3387728000016,0.0,0.0,0.0,7.959013639182558e-06,0.0007686908043768155,-4.033407569646381e-05
453.3860854000013,0.0,0.0,0.0,-6.803586126448972e-06,-0.0005773016478162428,-3.1524269782120038e-06
453.4335942000034,0.0,0.0,0.0,-1.4286374675540398e-05,-0.001476464916601521,-0.00013725328974546815
453.485768999999,0.0,0.0,0.0,7.127315811206171e-06,0.0006632279661261968,0.00028338999781055314
453.5349384000001,0.0,0.0,0.0,1.1555784715767196e-05,0.0012353941408522605,-0.00011812410723178584
453.5871191999977,0.0,0.0,0.0,-3.048709631197854e-06,-0.00029329555599434833,-0.00010434192567493447
453.63333440000133,0.0,0.0,0.0,-2.2947464300864053e-06,-0.0002644608604985511,-9.730568957592734e-05
453.6835852000004,0.0,0.0,0.0,-3.7747854455583343e-06,-0.00041221928087265756,0.00018339578224454246
453.73357620000024,0.0,0.0,0.0,-6.275328661117149e-06,-0.0006965115569026023,-0.00011736010467090478
453.7863933999979,0.0,0.0,0.0,2.081521992883731e-05,0.0022314779945227193,-0.0002154257761555576
453.8331937999974,0.0,0.0,0.0,-1.4206338771188755e-05,-0.0014043489137810978,-0.00011087317672107387
453.8816186999975,0.0,0.0,0.0,2.5034525729345954e-08,-0.00018362105150036433,0.00012646751196667653
453.93233229999896,0.0,0.0,0.0,-2.325342649009057e-06,-0.0005014942971096583,0.00011738308135548196
453.9871948,0.0,0.0,0.0,9.630428142980983e-06,0.0009985021065642909,0.00012291179263293183
454.03354709999985,0.0,0.0,0.0,-1.820907164135978e-05,-0.001355923087701155,-0.0001228199997375474
454.08307950000017,0.0,0.0,0.0,4.298004577705582e-06,0.0005917329581740596,-5.057642167582496e-05
454.13567409999814,0.0,0.0,0.0,3.207441664518723e-05,0.0030029332237433656,4.853129144961655e-05
454.18440610000107,0.0,0.0,0.0,-1.0993194476457541e-05,-0.001075517755466297,9.806574557332792e-05
454.23275470000226,0.0,0.0,0.0,1.5063876172542071e-05,0.0011852924150619806,0.00016705321977509188
454.2872023000018,0.0,0.0,0.0,-1.0187218715377987e-06,0.00011122478383443942,7.183763256079655e-05
454.33345220000047,0.0,0.0,0.0,-1.4829181909062346e-06,-0.00013018725989005824,0.00013668625335026648
454.3849169000023,0.0,0.0,0.0,-2.737147260863328e-06,-0.00029835350752740135,-6.668041810742994e-05
454.4352493000042,0.0,0.0,0.0,-1.8184492910494082e-05,-0.0019115853761288116,0.00021016844758117313
454.48264709999785,0.0,0.0,0.0,-7.498025623448824e-06,-0.0005514278363804919,5.749354435525748e-05
454.5327913000001,0.0,0.0,0.0,-1.3681333413321056e-05,-0.0012845459785554814,3.3007115958454946e-05
454.58550719999766,0.0,0.0,0.0,1.5988658374214355e-05,0.0015107863956286393,-7.998177319555377e-05
454.6356711999979,0.0,0.0,0.0,2.607322640779192e-06,0.00045277626806880414,-0.00011979935464741344
454.68549370000255,0.0,0.0,0.0,8.790013774860334e-06,0.0008497730025031475,-7.539105115852246e-06
454.73151479999797,0.0,0.0,0.0,5.99955267385488e-06,0.0005224027482610804,0.00011769684516173184
454.78470679999737,0.0,0.0,0.0,1.0041764060013745e-05,0.0009874881463329827,5.183618751292872e-05
454.83670600000187,0.0,0.0,0.0,-3.4660917099375766e-06,-0.00038985843232092996,0.000166359738385641
454.88690289999795,0.0,0.0,0.0,-3.2850136655473207e-06,-0.0004661772661872449,0.00016631609589455858
454.93515630000184,0.0,0.0,0.0,1.6494063590966594e-05,0.0013516268161747036,0.00017462043550853088
454.98435269999754,0.0,0.0,0.0,-3.0076957562635956e-05,-0.0031278490745354553,0.00021776576950295693
455.03515699999843,0.0,0.0,0.0,2.631116268261741e-05,0.002581624808136559,2.396331759237914e-05
455.0864638999992,0.0,0.0,0.0,1.5068564747895594e-06,0.00011924749311126495,0.00011332233616463142
455.1343476000038,0.0,0.0,0.0,-2.493154856590909e-05,-0.002381549478079001,-4.357015835374918e-05
455.1814712999985,0.0,0.0,0.0,2.4095812598968318e-06,0.00010577495861429295,7.885311519795821e-05
455.2357364999989,0.0,0.0,0.0,1.144816534765288e-05,0.0013666102190065003,5.6614428388226866e-05
455.2841445000013,0.0,0.0,0.0,-9.723112518847445e-06,-0.0009251494242933347,5.2828423030504015e-05
455.3329243000044,0.0,0.0,0.0,-5.721935197994088e-06,-0.0005392651369481308,-4.716703273375935e-06
455.3831721000024,0.0,0.0,0.0,1.428716112979305e-05,0.0012221456729554362,0.00011960806905491135
455.4355934999985,0.0,0.0,0.0,1.4626673086641011e-05,0.0013753970636161317,-1.3469578072951862e-05
455.4839288000003,0.0,0.0,0.0,-5.516562916597308e-06,-0.0006041224775608025,4.283929620574938e-05
455.5318440999981,0.0,0.0,0.0,2.018329952359432e-06,6.58894199175568e-05,9.091548410356406e-05
455.5831093000015,0.0,0.0,0.0,3.6669429622663353e-06,0.00048273824981268846,-4.713874114205307e-05
455.6342842000013,0.0,0.0,0.0,8.507186078869014e-07,1.1815964973509945e-05,5.5058383556080154e-05
455.68363520000275,0.0,0.0,0.0,8.681096026279143e-07,4.409697266041031e-05,9.185721361585265e-05
455.7319906999983,0.0,0.0,0.0,-8.561712069935847e-06,-0.0008373546691529858,9.625445045703822e-05
455.7845567999975,0.0,0.0,0.0,-1.6252226988041783e-06,-0.00014185055086504217,5.608645734444509e-05
455.8355816999974,0.0,0.0,0.0,-2.0037493782389876e-05,-0.0018472311610741407,1.5639372304405577e-05
455.88546750000387,0.0,0.0,0.0,1.582575401205391e-05,0.0015642986366780891,-4.3590535705548167e-05
455.9352094999995,0.0,0.0,0.0,-2.531297060447694e-06,-0.0004192719637029342,6.221155774589571e-05
455.9846824999986,0.0,0.0,0.0,4.623603470829666e-06,0.0005251721049006836,0.00010318546116789987
456.03426780000154,0.0,0.0,0.0,4.647630822727111e-06,0.0003822171203023688,9.095728742640068e-05
456.08162099999754,0.0,0.0,0.0,-1.9505304666610427e-06,-0.00012814058523250775,-3.137494479846337e-05
456.1352504000024,0.0,0.0,0.0,-7.037984028283984e-06,-0.0007471294239918039,0.00010559115109904627
456.1823540000041,0.0,0.0,0.0,1.4664107003706738e-05,0.0014854822681773742,3.287692192233707e-05
456.2328228999977,0.0,0.0,0.0,-2.3883641779929085e-05,-0.002453179530449082,9.811987400043779e-05
456.28319439999905,0.0,0.0,0.0,2.098455346623923e-05,0.0021333452641386086,1.130729923197608e-05
456.33436910000455,0.0,0.0,0.0,-5.583438753494108e-06,-0.0005451792770356507,4.883824991481996e-05
456.38704110000253,0.0,0.0,0.0,2.6405281169147633e-06,0.0002722384217016901,1.8855922132724442e-05
456.4323579999982,0.0,0.0,0.0,1.0208757794892367e-06,-0.00025078718390353534,0.0002569493089996113
456.4830976000012,0.0,0.0,0.0,-3.1169645099442383e-06,-9.147991163884854e-05,7.084280604689549e-05
456.53492969999934,0.0,0.0,0.0,8.756302995112006e-06,0.0008899003234746234,1.6833583096971172e-05
456.5852692999979,0.0,0.0,0.0,-3.616497143797676e-06,-0.0003853113873851283,6.192101469039879e-05
456.6324999999997,0.0,0.0,0.0,3.6057938175744486e-06,0.00032142360654287776,0.0001095039994439446
456.687187800002,0.0,0.0,0.0,-7.286028342178703e-06,-0.0006645582585745272,4.217346711368962e-05
456.732611600004,0.0,0.0,0.0,1.406044601281375e-05,0.0013945228518252744,3.7010615705790754e-05
456.78497069999867,0.0,0.0,0.0,-1.934777570421264e-05,-0.0018746525669921105,-2.987536563974146e-05
456.83222699999897,0.0,0.0,0.0,1.4987316784044276e-05,0.001423476552596352,9.564869597010104e-05
456.8852212999991,0.0,0.0,0.0,1.3097174582332726e-06,7.756369607646958e-05,3.0393670079859013e-05
456.9349940000029,0.0,0.0,0.0,-2.62011248543868e-06,-0.000308399169572188,7.696313254107682e-05
456.9880570000023,0.0,0.0,0.0,-9.096984270807363e-07,-8.966001494092775e-06,-3.182115675552283e-06
457.0314070000022,0.0,0.0,0.0,-3.7817651809177588e-06,-0.0003576593895162683,-7.65964145129731e-07
457.0825674000007,0.0,0.0,0.0,-9.609597531318299e-07,-0.00013192229515484723,-8.364082068026952e-06
457.13420430000406,0.0,0.0,0.0,-3.758883638367569e-06,-0.00034079355473908045,-4.131135422706945e-05
457.18445059999794,0.0,0.0,0.0,1.4807960632963913e-05,0.0014064259808943013,-3.734090853055819e-05
457.2322572999983,0.0,0.0,0.0,-1.5164203224407587e-05,-0.0014539800617333568,3.532051858078685e-05
457.28152260000206,0.0,0.0,0.0,6.251863967949175e-06,0.0006807950986214292,-9.648732592256228e-06
457.33412880000105,0.0,0.0,0.0,-5.997957241294778e-06,-0.0006985057054914938,3.028139771831827e-05
457.38765710000007,0.0,0.0,0.0,6.413515864702993e-06,0.0007556275181039695,-2.8169709582008007e-05
457.4354533000005,0.0,0.0,0.0,-4.969743398879719e-06,-0.0004693084981559875,-5.391848673676592e-05
457.4881397999998,0.0,0.0,0.0,-3.2194495237981594e-06,-0.0004530430712100004,-1.6300992054201445e-05
457.52878339999734,0.0,0.0,0.0,5.667070576376502e-06,0.0005708864447823614,-1.913073027452062e-05
457.5778763999988,0.0,0.0,0.0,-1.3295746482208802e-05,-0.001156909485518227,-1.8990526399436616e-05
457.6278003999978,0.0,0.0,0.0,1.6696292396649913e-05,0.0014328708825663851,0.00010233530749849764
457.67804389999947,0.0,0.0,0.0,-6.398851854683054e-06,-0.000536900637760299,7.205470625110641e-05
457.72920230000454,0.0,0.0,0.0,5.5634177318552195e-06,0.000451200014681734,1.3514222976215106e-06
457.78562400000374,0.0,0.0,0.0,-3.2794061188536253e-06,-0.00012078566614313234,3.385815870377345e-05
457.8363099999988,0.0,0.0,0.0,-3.813479403342205e-06,-0.0004442094590326683,-2.722466364484844e-05
457.88417109999864,0.0,0.0,0.0,-5.557836107465307e-06,-0.0005359354592116495,-1.0722104445711506e-05
457.93099770000117,0.0,0.0,0.0,-4.92961586399594e-06,-0.0006090599504616485,-5.992276626654304e-05
457.9799140000032,0.0,0.0,0.0,-4.222333815447708e-06,-0.00041899819994120163,6.272431090655339e-06
458.0403428999998,0.0,0.0,0.0,1.6911842403868505e-05,0.0017238136079024708,-9.797668237601756e-05
458.0874029999977,0.0,0.0,0.0,-1.5993271549294495e-05,-0.0017075495978301882,4.505741747320863e-05
458.13313560000097,0.0,0.0,0.0,1.666131567447998e-06,0.00041883004011864286,-0.000208152671159172
458.1840467000002,0.0,0.0,0.0,-1.2198852618232645e-06,-0.00014554045436019562,-0.0001207167850296227
458.2334316999986,0.0,0.0,0.0,1.0699382915533434e-05,0.0012521150451302232,-0.0002418848113686877
458.2872262000019,0.0,0.0,0.0,-2.7420753677530153e-06,-0.0004959011029657032,2.3393337406868258e-05
458.32677980000153,0.0,0.0,0.0,1.2678265885425024e-06,0.0001358578572225522,0.00013322957954848804
458.3802164000008,0.0,0.0,0.0,-2.924614570443226e-06,-6.249407194038924e-05,-3.5869068157649946e-05
458.43180510000093,0.0,0.0,0.0,-6.942653110996009e-06,-0.0009184063676189764,7.817220883510196e-05
458.4812090999985,0.0,0.0,0.0,7.832810474833653e-06,0.001021266616150525,-0.00010935646945619778
458.53307610000047,0.0,0.0,0.0,-9.982629116054072e-06,-0.0010951833774123828,0.00014134945478308777
458.5880230000039,0.0,0.0,0.0,6.2889962683708605e-06,0.0005781038159081811,0.00010506255673337235
458.63816229999793,0.0,0.0,0.0,1.0367425141922364e-05,0.0009824912623351563,-4.675269770802903e-06
458.68617470000027,0.0,0.0,0.0,2.666440255855477e-07,-2.6396484998591766e-05,5.6274720004408617e-05
458.73513500000263,0.0,0.0,0.0,-4.76494290835327e-06,-0.0002357435935039835,0.0002916437708126592
458.7774470000004,0.0,0.0,0.0,-6.1311627272657446e-06,-0.0008352913725690039,-1.2589629575432166e-05
458.8307707999993,0.0,0.0,0.0,1.1442374027716317e-05,0.001059409181432641,0.00010951532828930901
458.88084530000197,0.0,0.0,0.0,-3.925816630984145e-06,-0.00037561484334225933,-3.917104579792952e-05
458.930792500003,0.0,0.0,0.0,-1.9856954198014684e-06,-0.00024792204453081114,-8.725253668271197e-05
458.9845256000044,0.0,0.0,0.0,6.214817429844267e-06,0.0006711116846601583,9.905238636155454e-05
459.0291253000032,0.0,0.0,0.0,-7.040708203910646e-06,-0.0007245524430007924,0.00022225696947039572
459.07930260000285,0.0,0.0,0.0,4.175080707408882e-06,0.00048258950876935944,3.395663039794329e-05
459.1347772000008,0.0,0.0,0.0,-6.058282572287874e-06,-0.0005870311347835054,0.00011674841019782231
459.1790882999994,0.0,0.0,0.0,-7.34212011767118e-06,-0.0008647037477220302,0.0002839402215736677
459.2291140000016,0.0,0.0,0.0,-1.0468951960079398e-05,-0.0009419753947777891,2.8871503679055605e-05
459.27983649999805,0.0,0.0,0.0,-1.5663281144668105e-06,-0.00020897919536382747,0.00010630077119943249
459.3369318000041,0.0,0.0,0.0,2.648598714113886e-05,0.00248502815879012,0.00011144250583875225
459.38525610000215,0.0,0.0,0.0,-1.5230675604138872e-05,-0.0013437457444975868,0.0002885004406332787
459.4278204000002,0.0,0.0,0.0,-8.037344839041966e-06,-0.0006043591746234502,-0.00010120613850674987
459.478964599999,0.0,0.0,0.0,-5.023453500084343e-07,-0.00016056377991800397,-0.00010470344093517551
459.5332301000017,0.0,0.0,0.0,2.0626388192634483e-05,0.0017758175443221517,5.667442579662567e-05
459.58150520000345,0.0,0.0,0.0,-1.512498900723269e-05,-0.0014970343847776956,0.00011863710760322997
459.6308635000023,0.0,0.0,0.0,1.0272509040189736e-05,0.0011198838381471584,-0.000152114723416218
459.6887487999993,0.0,0.0,0.0,-1.8981788606421017e-05,-0.0018113727870983395,-2.8150866121352075e-05
459.7328871999998,0.0,0.0,0.0,-8.34104513996107e-06,-0.000569317473104442,7.731226218603157e-05
459.77921600000263,0.0,0.0,0.0,-1.8499006825852703e-06,8.958061362399636e-05,-0.00018056981590557775
459.8342384999996,0.0,0.0,0.0,1.8027632281069778e-05,0.0017445112790113475,-0.00020811607805996712
459.87744999999995,0.0,0.0,0.0,-1.0284906581233594e-05,-0.0011526493731771638,6.218266383489026e-05
459.93161659999896,0.0,0.0,0.0,-4.4122160385281487e-07,-9.206235064085084e-05,0.00016825405297232475
459.98577490000025,0.0,0.0,0.0,1.4746568290598383e-05,0.0015377541564445545,-0.0002714556323542343
460.02886489999946,0.0,0.0,0.0,-2.1612805356442877e-05,-0.0017166353676801474,8.59428645424822e-05
460.08398920000036,0.0,0.0,0.0,-7.668085721829605e-06,-0.0006117095466331177,-0.00027212976602987774
460.126625900004,0.0,0.0,0.0,2.8944200621089646e-05,0.0025830814942390972,-0.00014918006433392066
460.17814770000405,0.0,0.0,0.0,2.4922973651323665e-05,0.002197002007534851,6.138016228680962e-06
460.22911159999785,0.0,0.0,0.0,5.52568554761579e-07,1.457703707008109e-05,-1.1981822701501221e-05
460.2808823000014,0.0,0.0,0.0,-5.037509963225894e-06,-0.00048650314703521294,0.00015026579091519918
460.3282833999983,0.0,0.0,0.0,7.2795107233037295e-06,0.0004962265057979896,8.194131991667472e-05
460.3854668999993,0.0,0.0,0.0,-1.1235467214594785e-05,-0.0011939562077685662,6.216248662699207e-05
460.42616740000085,0.0,0.0,0.0,1.377967696482703e-05,0.0013387207933855617,6.013316655045932e-05
460.4774152000027,0.0,0.0,0.0,-8.141555078626115e-06,-0.0007668926464813102,-0.0001434756013596986
460.5322010000018,0.0,0.0,0.0,6.5735049055868805e-06,0.000632957475231739,-0.00014568649736345455
460.58556580000004,0.0,0.0,0.0,-3.9469898514540424e-05,-0.003820760468891341,0.0002659224122213153
460.6376439000014,0.0,0.0,0.0,-2.9139825925983016e-06,-9.603982898797063e-05,-5.981902938126435e-05
460.67959910000354,0.0,0.0,0.0,1.1326270875921523e-05,0.001000575414307267,6.820000961988825e-05
460.73563280000235,0.0,0.0,0.0,-9.606128637805834e-06,-0.0008100845871700055,-9.530960909659871e-05
460.7783049999998,0.0,0.0,0.0,7.32885724818813e-06,0.000685323615633838,0.00010780208933181676
460.8370047999997,0.0,0.0,0.0,-6.284563897489946e-06,-0.0005843972207306679,9.36721898583412e-05
460.88743319999776,0.0,0.0,0.0,-2.2469494121002134e-06,-0.000437055701195077,2.6676967382424858e-05
460.93062510000163,0.0,0.0,0.0,1.006161570056442e-05,0.0011393272924278574,-5.6382729417891176e-05
460.978469200003,0.0,0.0,0.0,1.4255266405666548e-05,0.0013733790738665627,-0.00019636022633721722
461.0255413999985,0.0,0.0,0.0,-1.354876950627148e-05,-0.001360262354961761,0.0002707331174314368
461.0841156000024,0.0,0.0,0.0,-2.10572810625613e-05,-0.0020213817315029104,0.00012512765393010277
461.1331793999998,0.0,0.0,0.0,1.3153491746771627e-05,0.0010972428434476396,0.00034780270654574284
461.18883720000304,0.0,0.0,0.0,2.8120677618702467e-06,0.00022250396729337046,4.6495001407385514e-05
461.23830499999895,0.0,0.0,0.0,-7.581231322709561e-06,-0.0005609737625589207,0.00018708255333701727
461.27794659999927,0.0,0.0,0.0,1.5705151099468728e-05,0.001152117573897673,0.00021691609119130155
461.32801409999956,0.0,0.0,0.0,-4.627257853228044e-06,-0.00010084494144556945,-6.622435841197646e-05
461.37842439999804,0.0,0.0,0.0,1.2390209441030491e-05,0.0011844493378544423,-0.00012336092403248948
461.4339678000033,0.0,0.0,0.0,-9.609970885243368e-06,-0.0011188615711689076,2.99013807181168e-05
461.48697320000065,0.0,0.0,0.0,6.2473200331226695e-06,0.0006487587487451527,3.640872318297691e-05
461.53286110000045,0.0,0.0,0.0,-1.7626222153852118e-05,-0.0017778763976965214,0.00031336458578622373
461.57827109999926,0.0,0.0,0.0,-1.2509379906682324e-05,-0.0009329893928549945,-0.00011206636170807934
461.63661180000054,0.0,0.0,0.0,8.901173760109337e-06,0.0008548930618545568,-0.00017468594785516932
461.68513209999946,0.0,0.0,0.0,-5.9323287006493925e-06,-0.0007995161158782015,9.756877345438176e-05
461.73283770000126,0.0,0.0,0.0,2.0061855576397872e-05,0.0022002517816762527,-9.854867466277979e-05
461.7779448000001,0.0,0.0,0.0,1.5988485246462972e-06,-7.099759559121874e-05,0.00029933175389309363
461.83715060000395,0.0,0.0,0.0,-5.476767750545145e-06,-0.000672929433496711,0.00024148567467133014
461.88725749999867,0.0,0.0,0.0,-2.7292875300464214e-06,-0.0005538402926622513,0.00017803278400563378
461.9322963000013,0.0,0.0,0.0,1.3484398762730794e-05,0.0011960049427043283,0.00014248833884668573
461.986347500002,0.0,0.0,0.0,3.4428426038817426e-06,0.0005665421966084463,-7.36327519979861e-05
462.03697159999865,0.0,0.0,0.0,-3.947596083566426e-06,-0.000423581881440014,9.050459647241577e-05
462.0861389999991,0.0,0.0,0.0,1.1473570958620537e-05,0.0012370359247087805,-8.990175778732283e-05
462.13413330000185,0.0,0.0,0.0,-8.367716243368053e-06,-0.0008778557571178395,-6.363767689139943e-05
