t,wl,wr
0.598740400004317,-0.00015722336676047066,-0.0007957443777367797
0.6266613000043435,-0.00015436502097658793,-0.0005582457926491344
0.6715717999977642,-0.00013008035920675972,-0.0005515209065868481
0.7201459999996587,-0.00015024836031411526,-0.0005831788692033798
0.7689689000035287,-0.00016121034746695688,-0.0005824105840642048
0.8213615999993635,-0.0001540830054621612,-0.0005894720845900866
0.8708731000006082,-0.00025064749181995976,-4.62046678466265e-05
0.9184901000044192,-0.00027109591325318814,-8.928698322918007e-05
0.9757182000030298,-0.0003110975736521902,5.682387422865992e-06
1.0246125999983633,-0.00031664585021632063,1.309409598989203e-06
1.0761268999995082,-0.0003751504372860263,-3.563697966716197e-05
1.1272737000035704,-0.0004380121416366202,-0.0004351165470905694
1.1724756999974488,-0.0004587039202354275,-0.00041831088838848807
1.223066700003983,-0.00047588014579868734,-0.00041406603407974477
1.274357800000871,-0.0004533526088655611,-0.000383469922062421
1.3244823999993969,-0.00021371545262159958,-0.0006296735088858785
1.3728317999994033,-0.00021193816966286628,-0.0006070668675971846
1.4204810000010184,-0.00021710179442953765,-0.0006007118756420563
1.475452700004098,-0.00021253124150581547,-0.0005881681099462226
1.526949600003718,-0.00019615326058381298,-0.000594526957465885
1.5748603000029107,-0.00014411267509149614,-0.0005391200392830007
1.625246600000537,-0.0001236454204165215,-0.0005329515469609664
1.671178399999917,-0.00013295978690634113,-0.0005585139075941207
1.7222869000033825,-0.00016469910095322574,-0.0005679600248813246
1.770319200004451,-0.00011949094934485747,-0.0005769843847502047
1.8186346000002231,-0.00011915083576367853,-0.0005855332183657056
1.8689952999993693,-0.0001278782801476922,-0.0006025763001254869
1.9208779000036884,-0.00014931592038597733,-0.0004954139885482662
1.969790399998601,-0.00013408841230193476,-0.0005283077953588997
2.019452500004263,-0.00012498090080652243,-0.0006035649874017784
2.068573299999116,-0.0002836317488462081,-1.2086709873596063e-05
2.12107339999784,-0.0003709602109140539,3.5371310786142736e-05
2.1724423999985447,-0.0003224590703172761,5.4756444756318444e-06
2.220867600000929,-0.0003256536559698014,4.3184551029759135e-06
2.2689871999973548,-0.00032493753519993366,5.095211906981321e-06
2.3198199000034947,-0.00039270944265886555,3.0511469746380574e-05
2.3704400999995414,-0.00023561244817733743,-0.0007010476784047443
2.420090400002664,-0.0002758549251192611,-0.0006232097500485039
2.469119400004274,-0.0002893251175067183,-0.0006090863534709174
2.521037200000137,-0.00028415095414477675,-0.0006163859903941371
2.575224000000162,-0.0002855437708771693,-0.0006089219292685816
2.620102200002293,-0.00029542622281950476,-0.0005824124120491755
2.6696945000003325,-0.00031157088363441797,-0.0006249808721988416
2.7183808000045246,-0.0003138592858020946,-0.0008212553637432454
2.770590899999661,-0.0004187469462378704,-2.4902137344112628e-05
2.827430600002117,-0.00025997392218100337,-0.0006027205212016607
2.8775113000010606,-0.00023589190545173798,-0.0017751301940115494
2.9247907000026316,-0.0002665520084237593,-4.4619555978764425e-05
2.970996900003229,-0.0002860801276164007,-0.0006008288553851282
3.02748199999769,-0.00030483618437132095,-0.0006139562766801548
3.076251799997408,-0.00028060463006686527,-0.0006312523820021274
3.1206334000016795,-0.000424831153938123,-0.0005529223161536992
3.174912200003746,-0.0002967811081188379,-0.0006364730679734224
3.2281863000025623,-0.00030458165198799935,-0.0006156339082869951
3.273159600001236,-0.00035119563567468574,-0.0005957503107074289
3.3177951000034227,-0.0003623192543282765,-0.0006350922509436231
3.3720042999993893,-0.00030979982126901095,-0.0006398854256732745
3.430162199998449,-0.0003523854743303277,-0.0005553432579130105
3.474840900002164,-0.0003996808293442339,-0.000627442651361775
3.5204577000040445,-0.000286422594911375,-0.0006199564171133642
3.56946230000176,-0.0003296167043587412,-0.0006136464927632537
3.6243917000028887,-0.0003563135173013464,-0.000585093234481395
3.6729931000008946,-0.00034223676593906743,-0.0006090032543441728
3.719475899997633,-0.0002933271593562225,-0.0005764869954589686
3.769492100000207,-0.00031662819975961294,-0.0006664143772539319
3.8212930000008782,3.1752757315845604e-07,-0.0007902443020607913
3.871538400002464,-3.472618936889703e-05,-0.0008029467819132556
3.9201123000020743,6.631626974559216e-07,-0.0007543470010217255
3.9703945000001113,-1.0994045564335811e-05,-0.0007450453438298662
4.019455300003756,-0.00035339539707307234,0.0014642813969474918
4.070897800003877,-0.0006335101090270264,3.0794830749217266e-06
4.118508600004134,-0.0006283855112912557,2.1243248017090646e-05
4.1694986000002245,-0.0007263359489127752,3.153583718411891e-05
4.218487400001322,-0.000748498824218833,-0.00010980209839756446
4.2703257000030135,-0.0006301721207888491,-7.852912991797817e-06
4.3206511000025785,-0.0002768367215226833,-0.0006193354086326111
4.368831300002057,-0.00038833689930835026,-0.0005422750112330297
4.418271599999571,-0.00031357703507272993,-0.0006419078723084052
4.469989600002009,-0.00047947564101924575,-0.0004757885832820309
4.52048630000354,-5.8634367035078154e-05,-0.0007939014658901241
4.570022799998696,-1.3405065755079817e-05,-0.000805045219279245
4.6177498000033665,-0.00040610743049900353,-0.0005194292223130153
4.6693104000005405,-0.00038865654859932816,-0.0005409858470070469
4.727214899998216,-0.00039822887046744615,-0.0005344725546474875
4.768959699998959,-0.0003151025674233924,-0.0005851118107125299
4.819370800003526,-0.0006681860214931968,-0.0001789011634172939
4.870685599998978,-3.90754009850947e-05,-0.00030836703449111557
4.919933900004253,-2.6623246355672545e-05,-0.0008050087667504888
4.967599499999778,-3.1544122336327176e-06,-0.000808958282725594
5.020063199997821,-3.329127381446455e-05,-0.0006251312994061648
5.069380499997351,-0.0001611779398099541,-0.00034699153036193037
5.128788900001382,-0.00030453650837783847,-0.0005552900055676385
5.179763500003901,-0.00017050642084572197,-0.0006459527764420693
5.226181600002747,-0.00019739746216569117,-0.0006443597286837693
5.271228500001598,-0.00021864594466972575,-0.0006390687232055068
5.322123800004192,-0.00018595300054780698,-0.0006340764545015832
5.374017499998445,-0.00023837768573658434,-0.0005895535236670632
5.419365399997332,-0.00024207570812832303,-0.0005783990472946752
5.471478300001763,-0.00018836157184889325,-0.0006241573357758842
5.524633100001665,-0.0003361165107055886,-0.0006090235570284896
5.5755724999980885,-0.00034970596248194014,-0.0006220938855413231
5.622626199998194,-0.00033646554139179987,-0.0005723624032311644
5.668668600003002,-0.0003832184797516144,-0.0006082076673516593
5.728619599998638,-0.00030943651077391075,-0.0006475026109907522
5.772712600002706,-0.0003504387654838578,-0.0006065189073835008
5.822086699998181,-0.0003288748508668655,-0.0006271108572987375
5.8740589000008185,-0.00030125152162217383,-0.0006184396483136489
5.9218164999983856,-0.0003219808345496652,-0.0006252028769990197
5.991989300004207,-0.00019065362228003029,-0.0008223603799119484
6.020450500000152,-0.00021995825664058004,-0.0006934777786811792
6.06838869999774,-0.00017202516737239705,-0.0007049529969348647
6.117716100001417,-0.00028798973921780204,-0.0006872787246188387
6.169794499997806,-0.0003511194978846025,-0.0006046027562727508
6.219265300002007,-0.0003026058342266857,-0.0006230030558540172
6.266156400000909,-6.63182303866179e-05,-0.0005477673417000834
6.318523699999787,-0.00035507189511528917,-0.0003577623337113346
6.367234900004405,-0.0004261003227766185,-0.0002473560788743181
6.418346200000087,-0.00043474546983684456,-0.0002535434335107366
6.466741800002637,-0.00048188072334950704,-0.0002639830520356463
6.517088100001274,-5.208568221882513e-05,-0.0006241335698542315
6.567978099999891,-1.2961871537729992e-05,-0.0006275166339480436
6.618892999998934,-0.00031805518497948976,-1.0173284933782124e-05
6.6685770000040065,-0.00036007696801648134,-3.6542686169140167e-06
6.723980000002484,-0.0002555768011884445,-6.123409793113007e-07
6.772320399999444,-7.816733152100925e-05,-5.8288389389023184e-05
6.819610400001693,-8.946972509510171e-05,-5.00885014922969e-06
6.8771514000036404,-8.128696171927402e-05,-2.2562078655971434e-05
6.920390500003123,-4.837404671128945e-05,-8.382836073871505e-05
6.97434179999982,-0.00032465609809040027,-1.3030099113315746e-05
7.020556900002703,-0.0007749058984758993,3.3291505672183336e-05
7.079765900001803,-0.0007215564323180914,3.503970290854886e-05
7.1277126999993925,-0.0007448044805673264,2.6469424642926813e-05
7.17435960000148,-0.000736653917515795,-1.8052850086353455e-05
7.227483599999687,-0.0007186560588665076,2.216280700437969e-05
7.278671100000793,-0.0007134236101879691,1.5958375084932164e-05
7.325645600001735,-0.0007397844854200301,2.0281687923562798e-05
7.370084300004237,-0.0007401655666309776,1.6789783490074974e-05
7.42344569999841,-0.0006721093043226884,-0.00031844508279074956
7.470300599998154,-0.0007070385272117807,-8.05840146071231e-05
7.519506000004185,-0.0007267212498860224,-0.00015583303462180477
7.568905100000848,-0.0006895496688866867,-0.00013015502343820417
7.618707300003734,-0.0007224239402337734,-8.236196698211953e-05
7.6686257000037585,-0.0006716395033939705,-0.00021277415956353797
7.719806300003256,-0.0006989712508401518,-0.00018909760358931064
7.76976580000337,-0.0006767095182339025,-0.00020605875726653194
7.8258072000026,-0.0007011940268849872,-0.00014083454196258261
7.878572900001018,-0.0007267157897966109,-0.00012265671794476133
7.9296647000010125,-0.0004971755564485448,3.427651244633254e-05
7.9742306000043754,-0.0005930425394991422,8.598999659600625e-05
8.026625099999364,-0.0005061491126323725,6.328143431523733e-05
8.074813799998083,-0.0005345069238102987,6.175215421320526e-05
8.12547440000344,-0.0005166798238591356,6.0455195409309925e-05
8.1809745999999,-0.00045248984431221437,5.1526887996472816e-05
8.231485000003886,-0.0005060947582149645,6.659798283135177e-05
8.275633800003561,-0.0005050447458566497,3.470800722426164e-05
8.319561000003887,-0.0005308516451350586,8.961274314805773e-05
8.37842819999787,-0.0005858832508784909,5.9889795130977596e-05
8.429010100000596,-0.00029472504532648326,-0.0002674232582044141
8.47199769999861,-0.0003329478237511798,-0.000241257014800955
8.519015899997612,-0.0002963214970816526,-0.0002313788282693474
8.574815100000706,-0.0002991777594607339,-0.00026492404232150853
8.626256800002011,-0.0003412107120523156,-0.0002161814776637391
8.676944200000435,-0.0003501057278588868,-0.00024019811673974966
8.725765000002866,-0.0003449399029592645,-0.00022622442404685275
8.773769600004016,-0.0005766115336911108,-0.0003919867373798613
8.818765600000916,-0.0005704995384329159,-0.0004045857559262972
8.877823000002536,-0.0005224936998181946,-0.000217898708852237
8.925004700002319,-0.0005512692168355716,-0.0001393636614214071
8.975727600001846,-0.0006125345968452671,-0.00016202290802190477
9.023869099997682,-0.0005453022187583949,0.000586997905755124
9.07616969999799,-0.0007386803554511871,3.443327106395811e-05
9.12665630000265,-0.0007035183092272498,6.632041596081038e-05
9.175863900003606,-0.00047005858000950297,-0.0005246283158311444
9.227681299998949,-0.000566787999506616,-0.0010115704581523026
9.268549599997641,-0.00022636668805046855,-0.0006993975525180161
9.326376299999538,-0.0001772807757605261,-0.000749375920130925
9.377243900002213,-0.00022519673485650794,-0.0007278291096494633
9.427283800003352,-0.00026639338038045887,-0.0006562161756644765
9.473515300000145,-3.661311251062855e-05,-0.0006737063270961513
9.525263900002756,-3.402068604954091e-06,-0.0006627537504373663
9.573169100003724,-5.828628353029626e-05,-0.0006940025282284329
9.628674799998407,-2.3871803808604505e-05,-0.0006966889618948554
9.669779399999243,-4.6222973940246566e-05,-0.0006647801339742135
9.72457569999824,-8.602072252916027e-05,-0.0002698571036791797
9.774870499997633,-6.890218585061284e-05,-0.00026134659981009534
9.828190699998231,-8.098784083598872e-05,-0.0003267651298171227
9.877833899998222,-6.854636961927292e-05,-0.0003328976908768797
9.928684300000896,-8.055512278275917e-05,-0.00031640189840954485
9.97878800000035,-8.93568635026183e-05,-0.000375461635691582
10.027604599999904,-0.00016089961861692325,-0.00014835291516460553
10.081558600002609,-0.0006817340137780022,-0.00011540844572012712
10.127738900002441,-5.474116762885134e-05,-0.00017208152893153627
10.17551100000128,-6.826048921355321e-05,-0.00017499111345632546
10.227888900000835,-8.020793484585234e-05,-0.00016422066067928493
10.274627300001157,-6.386952096864585e-05,-0.00016299864082782882
10.327338100003544,-0.00010339902876071197,-0.00014575294511727562
10.377107200001774,-8.532212313320694e-05,-0.0001797792140581819
10.427427299997362,-0.0001288840296096812,-0.00012633160022204165
10.478882299998077,-0.00012198258453037057,-0.00016627008967523918
10.524348899998586,-0.00014019700826129253,-0.0001367798294509764
10.571974899998168,-0.00015314082747723353,-0.00013924693027105365
10.627138500000001,-8.673243810773277e-05,-0.00021411293700162847
10.671797700000752,-0.0006799614421930802,-0.00018756750603159285
10.725180100002035,-0.0005395426878546082,-0.00029515263105774964
10.772092799998063,-0.0002348577259160891,-0.0006645071602136894
10.826697900003637,-0.00022676252524942494,-0.0005960170997288628
10.878961599999457,-0.00024381471686945602,-0.0006382244007506424
10.921871600003215,-0.00027549545764935895,-0.0005919628309717596
10.97589539999899,-0.0005553432146291325,-0.0005638882147534876
11.027190599997994,-0.0004622731743814037,-0.0004980424643542499
11.074101500002143,-0.0005295549122087146,-0.0003459261218610355
11.128928400001314,-0.0005418066539701498,-0.00045819205992607377
11.179578200004471,-0.0004836680466158118,-0.0005298867515160503
11.23008739999932,-0.0005172875617451033,-0.0005024244061618473
11.275725500003318,-0.0005326430563180797,-0.0003962946600085598
11.33131339999818,-0.00021314902492603632,-0.0006267368794743518
11.378682700000354,-0.00020224496961527012,-0.0007039550353025212
11.41953640000429,-0.00020139266636593885,-0.0006290959270281923
11.478740099999413,1.9400246220772684e-05,-0.0009078139442395433
11.527670800001943,6.705954904913721e-06,-0.0006311111728984682
11.580430399997567,-0.0004582147373116507,-0.0005111003455364378
11.62830109999777,-0.0004750554261239137,-0.000503484470284097
11.676189899997553,-0.0004601687828519617,-0.0005224395454292351
11.722909600001003,-0.00045190768215675777,-0.0005590405457794171
11.779610099998536,-0.0005130025733918847,-0.00048620146780080755
11.828127000000677,-0.0005205243689092515,-0.0004308238440896167
11.876982300003874,0.9131982694463741,0.9601117256188005
11.92180019999796,1.803899528711443,1.8205929220988657
11.97370100000262,2.6932008059456622,2.7080352975030157
12.022590699998545,3.5566397092155637,3.6510670091931856
12.069448100002774,4.326232460036761,4.51064124745946
12.121678100003919,5.004646178318421,5.672156297907208
12.170205900001747,5.465010415576884,6.818324329612434
12.22001380000438,5.587048319461436,6.95771603638982
12.274625500002003,5.46151882598375,6.88032822215131
12.327741900000547,5.305014664600825,6.799073099020255
12.372896499997296,4.209125870524007,5.75734631750666
12.4241927999974,3.154178443622103,4.714577967417167
12.47258950000105,1.9107879090619377,3.6738125162763016
12.519682700003614,1.4363067487451204,2.7208029343376703
12.57197879999876,1.6088588073738954,2.231484996554484
12.624322700001358,1.6576630528053555,1.8633207483225398
12.66911059999984,1.6169486705424154,1.3688502617756118
12.719507399997383,1.5732232460182753,0.7748133774210311
12.771490500002983,1.529643498206509,0.11146584967860272
12.821716200000083,1.497352198504782,-0.5909764215070678
12.87166889999935,1.4635617216617058,-1.311336258025325
12.920846699998947,1.5179460276606285,-1.5923138172461193
12.972231699997792,1.4349146275763647,-1.4367980374850173
13.020783400002983,1.3251883306823304,-1.3263752107127642
13.072526700001617,1.2235529342705909,-1.2240819445927225
13.12116270000115,1.9788118161428778,-0.32980169663585124
13.17130719999841,2.822808287373226,0.5095633305996032
13.222130499998457,3.811595079697079,1.3523228349080818
13.271877300001506,4.737478527295354,1.5953116262386218
13.321346800003084,5.765512739483797,1.8003349396388402
13.374275200003467,6.635631152697496,1.962938198231034
13.420624799997313,7.492903335553598,2.3034633101810016
13.471753300000273,8.24907470182841,2.804611865461393
13.521396000003733,8.027462034585088,3.3126358789610744
13.570842599998286,7.8097101171785415,3.796265389849839
13.62184200000047,7.615836987092815,4.3484107534579115
13.671364399997401,7.4488540297508345,4.938109689986786
13.722351600001275,7.308630390907814,5.6268702961291694
13.770944800002326,7.195739459797449,6.2812647397956605
13.819966900002328,7.112056695985423,6.918248040980617
13.870456199998443,7.056696425673093,7.588987589434362
13.921330400000443,7.029763021908195,8.337404714013392
13.971467499999562,7.032204212420706,8.967459969555804
14.020421000001079,7.064944709327443,8.933863367257683
14.071055000000342,7.115911465412637,8.883641885525641
14.120773399998143,7.163477693661536,8.83629517360149
14.17144840000401,7.2072405972754705,8.79210143683827
14.2190161000035,7.246221767724209,8.753455140267501
14.273357500002021,7.2820759031464615,8.717579226591853
14.331224599998677,7.316046847414544,8.683466743448752
14.379523100004008,7.347047109993179,8.652646399877264
14.423403200002213,7.3753574105025,8.624458708379464
14.474284900003113,7.400766827435464,8.598685627851431
14.520789399997739,7.423893854988093,8.575698416284757
14.58060800000385,7.444805406249052,8.554739120359006
14.623614000003727,7.463508605635907,8.5363094132152
14.67152960000385,7.479682932399649,8.519830759896328
14.723457400003099,7.493774485052097,8.505867019455387
14.778486399998656,7.505321019580949,8.494339131151389
14.82597209999949,7.514942806379095,8.484909083282993
14.87939650000044,7.5214666186918615,8.478192261096636
14.926440700000967,7.5252774168897565,8.474431472591633
14.97437699999864,7.525942407756577,8.47370178293456
15.024295299997902,7.523387565051434,8.476317149147418
15.072814300001482,7.516235519501837,8.48349079724624
15.126307200000156,7.503677263416121,8.495870119641877
15.176836400001775,7.4841029631453795,8.515440069448763
15.22279300000082,7.4546173181264885,8.544851190938502
15.279268199999933,7.411050151681849,8.588534992069652
15.328298300002643,7.346748279084237,8.653162937705384
15.374132500000997,7.245648972584105,8.754350068383928
15.431641200004378,7.07940558106828,8.920364509521892
15.476925100003427,6.09544766332075,7.929069140540587
15.525623900000937,5.203383618887599,7.029165946768797
15.57878950000304,4.336153421649224,6.1037442333083165
15.627949499998067,3.4801556871483315,5.171837922546751
15.673059300002933,2.6572657673051214,4.238934940592558
15.729170400001749,1.843049047531847,3.289222407690913
15.77418469999975,1.0038898418391229,2.429770996676488
15.822312800002692,0.06312364252465784,1.411334313912285
15.875566100003198,-8.542258749243447e-05,0.5789206203834302
15.924051800000598,-0.00012730337166643162,9.232449916795055e-05
15.97733739999967,8.86906219576961e-06,-7.924809057867711e-05
16.029093800003466,-0.00017239874416929418,4.891528284644402e-05
16.078026499999396,-0.00013467998565274165,2.953871858224037e-05
16.124726699999883,-0.00012260205916047,-1.8209750152206535e-06
16.17820510000456,1.8732274131846735e-05,1.324844812744324e-05
16.226728800000274,-3.6080378962294434e-05,-0.00012057295445398973
16.280855999997584,-1.9069502954491104e-05,-0.000617899029532241
16.329708099998243,0.0002305834650218203,-0.000505856663324716
16.37586359999841,-0.0001248525641872497,-0.000585481283810941
16.42395779999788,-0.00013618825285276502,-0.0006500309002076979
16.475886599997466,-5.59390302967612e-06,-0.000655498325142739
16.53343780000432,-9.693610625304246e-05,-0.0006654727163890731
16.578866000003472,-1.1658138121542033e-05,-0.0006140757425232335
16.629535599997325,2.193622894442352e-06,-0.0006325973229593534
16.67458169999736,-0.0002535171050867053,-0.0005044560768225594
16.72807489999832,-0.0004066923684157568,3.2510916536672104e-05
16.778409400001692,-0.00040358066881775905,-0.00048238556632552467
16.828419700002996,-0.00042505961568335904,-0.0004658044105992496
16.871908000000985,-0.00037160039462220593,-0.0004655404213243643
16.925640100002056,-0.0004383950388602229,-0.00046358554817211526
16.973140399997646,-0.00023963973401219208,-0.0005377402372948925
17.026045200000226,-0.00030891612503599177,-0.0005527664435408896
17.075605400001223,-0.0001982635490450244,-0.0005970366624984465
17.130337299997336,-0.00010134755764614986,-0.0005525033028427684
17.174067300002207,-0.00019131761055397664,-0.0005569582695383304
17.22202390000166,-0.00026997256618046774,-0.00020590126144089913
17.27176150000014,-0.00011362739220646776,-0.0003184350815923256
17.326527500001248,-0.0010163363271799251,-1.2378778890822756e-05
17.378384299998288,-0.0008696640882129008,-1.3889377126211075e-05
17.425774200004525,-8.031695586387324e-06,-4.0020370761792334e-05
17.48202200000378,5.187905037785636e-05,-0.0004307929661000212
17.529924100002972,3.5589299418610824e-05,-0.0003749379349330007
17.577944700002263,-0.00021140373629443916,-0.00047541495416024535
17.623170099999697,-3.005833991710004e-05,-0.0003525573118004251
17.67592329999752,2.286781387584218e-05,-0.0004800379493136177
17.72149509999872,3.503615914058504e-05,-0.0004986871131268998
17.773133000002417,4.279216946346583e-05,-0.0004322952967932066
17.81950080000388,4.860265159224346e-05,-0.0005944322353578167
17.869391799998994,-0.0003448189033752499,-0.0005096764547303103
17.929587999999058,-0.0005178186252237248,-0.0003174422635978413
17.980868400001782,-0.00039175663786338954,-0.0003290912054978365
18.028176100000564,-0.0004489511078458408,-0.00034180030700238354
18.080213900000672,-0.0005109530056841474,-1.1432054658480133e-05
18.12543960000039,-0.0005839189288435207,0.0002904848073194622
18.183044999997946,-0.0005650122751008382,-7.282113080321841e-05
18.22777209999913,-0.0005953226390086315,-9.638877793707385e-05
18.278897199998028,0.00015791858604124253,-0.00017233765986507399
18.32145390000369,-0.00028480691778314004,2.637027396446533e-05
18.374919100002444,-2.010238028260906e-05,-0.0007051955944541915
18.428674100003263,4.706983761649667e-05,-0.0006614821491570718
18.47322279999935,1.3013006228137882e-05,-0.0006108452798702811
18.525409699999727,-0.00010544307178508661,-0.0006090196618135444
18.574801700000535,-8.176697754438045e-05,-0.0006426785641456949
18.629817699998966,-0.00011671888825451548,-0.0006835706323441674
18.672014900002978,-0.00033145671869427417,-0.00026833103420345123
18.73088060000009,-0.00023175832079013,-0.0003265957053246607
18.779536000001826,-0.000677841579389871,-0.00011170141666075357
18.827315100003034,-0.0003074309697483503,-0.00018181595570216386
18.877870600001188,-0.00025687601336045154,-9.520469379522588e-05
18.92811040000379,-9.775436807804131e-05,-0.0006081854030181613
18.977841799998714,-1.8407364421605758e-05,-0.0006641276445131998
19.026856199998292,4.644135465082613e-06,-0.0001486274342821658
19.075940299997455,-0.00029519944479988676,-3.824847958356588e-05
19.127329000002646,-0.0003427136336389275,1.8433544846100743e-05
19.17527289999998,-0.0005268385904429387,4.460313577371125e-05
19.22829030000139,-0.00026952699103701886,-1.6420817228194285e-05
19.279560299997684,-0.00042450146455803926,0.0001515838261135108
19.328979199999594,-0.0006445519455179576,1.3524842745751757e-05
19.380118000000948,-7.279845182230133e-06,-5.9893266002321634e-05
19.42886720000388,3.6750255816294396e-05,-0.0005075829420892816
19.48076620000211,-0.0002238215987660854,-0.0001722706685858833
19.528223300003447,-0.0004108213946700066,-4.49302819172197e-05
19.575746000002255,-0.0003520882015275749,-2.5827838989750044e-05
19.629182700002275,-0.00039231576448616953,-0.0004660903238478825
19.680528400000185,-0.0003883097234095182,-0.0005055827098316707
19.722864399998798,-0.0004238046843134243,-0.0004164819680245132
19.778244900000573,-0.00035052974505259067,-0.0005037798393565332
19.830609199998435,-0.0004539750123493752,-0.00046761664133140044
19.882267000000866,-0.0003051712386683129,-0.0004782828112231922
19.928165199999057,-0.0003973726174780831,-0.00047225195248854477
19.97411380000267,-0.0004474321123497841,-0.00045290811954193914
20.02767660000245,-0.00039757640443206186,-0.0003884826155989725
20.075219199999992,-0.000617805393411381,2.0572626935337552e-07
20.12988359999872,-0.00047569107675170453,-0.00034539453634987067
20.175231000001077,-0.0005607888968314905,-0.0003030184059340065
20.22122870000021,-0.0005659777609143622,-0.000296888385609319
20.28015640000376,-0.0006863690516515768,-0.0003101867610768222
20.33036130000255,-0.0005254523414606622,-0.000225187518310225
20.38213309999992,-0.0005906074233018355,-0.00018672104620260686
20.429080200003227,-0.000520919734803975,-0.000215277322734937
20.474147699998866,-0.00013936413792995942,-0.0004018635412109846
20.531871899998805,-0.00044059275348162774,-0.00030246017778141405
20.577534700001706,-0.0006538399164215016,-0.00014925965849958892
20.626958900000318,-0.0008204024616900389,-0.00010403662614735562
20.67932060000021,-0.0005920855964523908,-9.029557701547144e-06
20.72721029999957,-0.0004268577861847516,-0.00045448174984578503
20.77371100000164,-0.00037566562006737393,9.820807448382001e-05
20.829073699998844,-0.00031282644652482866,-0.0004339645521826801
20.878271900000982,-1.4832325057059972e-05,-0.0006284712771543124
20.928643200000806,-2.509100731629638e-05,-0.0006522781811581596
20.981400399999984,1.7009181640940193e-05,-0.0005375431420880696
21.029606399999466,1.1432610635966399e-06,-0.0006099742413511866
21.077123299997766,-0.0002658987127258851,-0.00044601497666320366
21.127165899997635,-1.2470949606327155e-05,-0.0006612903549987379
21.18125880000298,-0.00012402592437513668,-0.000427454205531996
21.225923600002716,-1.5230606220664999e-06,-0.0006270358460803013
21.278809100003855,-0.000490631205807869,-0.00035916363742032135
21.329196999999112,-0.000557684925529268,-0.0003329822342081881
21.384478200001467,-0.0002514054107006832,-0.00034443724770151794
21.429479500002344,-0.00036873170836699187,-0.00038676390679036213
21.47717840000405,-0.00031211468709565484,-0.00044228183471207045
21.531513599999016,-0.0004010104147304115,-0.00043253499075788376
21.58039529999951,-0.0006468029363561406,-1.5859780155838953e-05
21.628836100004264,-6.374347423233883e-05,-3.670076466067625e-05
21.678922600003716,-7.330862683564772e-06,-2.825587657185341e-05
21.730014500004472,-2.540718790911513e-05,-0.0005596022579665382
21.780296000004455,-0.0002320004244494727,-0.0005514989421592546
21.826201700001548,-1.1379170572480884e-05,-0.000657590383491763
21.873901700004353,-6.260532545711254e-05,-0.0006614980534904777
21.929212399998505,-0.00044299341297505203,-0.0002053033007599284
21.97818659999757,-0.0004017037102958146,-7.303415356931192e-05
22.027467600004456,-0.0005187637173394066,-0.0003233589812025981
22.079004899998836,-0.0005441910944100651,-9.667076181776392e-05
22.127198700000008,-0.0006205153002103535,-7.909889552239594e-05
22.177825999999186,-0.00047496649502375116,-0.0003423263875148707
22.229753899999196,-0.0005608114721064732,-0.0002557417420280357
22.275644499997725,-0.0005205887973154498,-0.0003796092687416689
22.329634599998826,-0.0005170216255907648,-0.0003031931465892856
22.37880949999817,-0.0005503822399729733,-0.0002971368169181773
22.427428599999985,-0.0006252601462486734,-0.00032840408062972037
22.482099599998037,-0.0005585577282482592,-0.0003058996490891833
22.52540769999905,-0.0005409378746720105,-0.00027179865488294216
22.573698300002434,-0.0002382889832898066,-0.00031455978746227985
22.630077599998913,-0.00032959933644626616,-0.0003303601114448213
22.681331100000534,-0.0002338354748166903,-0.00039301599635865685
22.746494099999836,-0.0003033888283711752,-0.0005064820773565718
22.80238570000074,-0.00025561704165578513,-0.0005086341007938088
22.857633600004192,-0.000199404006628951,-0.00036911015576263626
22.9254843000017,-0.0002973670567564834,-0.0005122574484601697
22.965793800001848,-0.0004292705251711368,-0.000512449761203678
23.015148799997405,-0.00043293280825904793,-0.0003180944713745169
23.071870799998578,-2.244000195661851e-05,-1.9890223879052806e-05
23.115179599997646,-0.00017983231951352216,-0.0005952679151276489
23.163547000003746,-8.165104967707468e-05,-0.00065982905138728
23.218275500003074,-5.937764484543908e-05,-0.001006384857398241
23.25575150000077,-0.0005386961616234789,-0.00029845526456923424
23.30884099999821,-0.00047837193110133634,-0.00030892645632736967
23.359898100003193,-0.00067978683730019,-0.00027802705766536486
23.40971569999965,-0.0005188856955669255,-0.0002950006710912825
23.453597300002002,-0.000504660237155644,-0.00030617869785105905
23.504799599999387,-0.0005710942003642766,-0.0002576551127898678
23.560037200004444,-0.0005560042590788069,9.975231832773001e-05
23.611675200001628,-0.0003928782612131454,-4.295825226653171e-05
23.653250900002604,-0.0005054415506362266,-8.298388802787328e-05
23.708303799998248,-0.0004363759775864896,-1.7094167403811736e-05
23.758379300001252,-0.0002913907292347252,-0.0005138097289865153
23.806630200000654,-0.0004313376600788327,-0.0004530985860400686
23.850672100001248,-0.00037308588183322585,-0.00044595148889260716
23.90543730000354,4.8167038446688183e-05,-0.0006374140435040212
23.95770469999843,-6.509497493258098e-05,-0.0006028402712809136
24.006493200002296,-0.00011487243012367617,-0.00044472019916687013
24.056364700001723,-0.00011737538507808579,-0.0006223170210273476
24.10836610000115,-4.650886767932762e-05,-0.000722458404124931
24.156723400003102,-0.00024225219181783417,-0.0003520822539407075
24.209621699999843,-0.0005512036402318979,-0.0002627192475791631
24.254843700000492,-0.0005644860873074988,-0.0001771395014560946
24.29893119999906,-0.000507113484272215,-0.0003270509062571646
24.352511800003413,-0.0004409448071567298,-0.00039310240298495546
24.40897170000244,-0.000545258763374419,-0.00038465350441528053
24.456482599998708,-0.0004564507300024875,-0.0004766638639358466
24.503033900000446,-0.0004837452878164855,-0.00037940028319058183
24.55204750000121,-0.0004317025735005357,-0.0004345689368472193
24.610885800000688,-0.00030497114292833536,-0.0004794683334813361
24.65540250000049,-0.000427908999001548,-0.0002853938639192792
24.703450599998177,-0.0004455350005265887,-0.0002773912123223197
24.75702160000219,-0.00046358863921065134,-0.0002879100652887669
24.81102600000304,-0.0004745374237452427,-0.00044606323282893383
24.860341799998423,-0.0007097243377124017,-0.0004338986443257302
24.905164499999955,-0.00021444958635549787,-0.0005413393250005475
24.9582384000023,-0.0003087597363562076,-0.00036648929954169506
25.005166000002646,4.582180075375205e-05,-0.0006105374459230578
25.060123499999463,-3.270189247173815e-05,-1.668672089394697e-05
25.102510199998505,2.719585374678085e-05,-0.00015152691766888738
25.155844000000798,-0.00021829560542538723,-0.0002328188464241089
25.20701640000334,-0.00026056160223898793,-1.2402883164954994e-06
25.258111800001643,-0.00020874603327011471,-3.7571056943360634e-05
25.30863749999844,-0.0002877726874574338,-2.0825307367471083e-05
25.358232999999018,-0.0003350362838829848,2.1452303333728697e-05
25.401185700000497,-0.00028061424932627555,4.0822420899208705e-05
25.45769840000139,-8.137268779908236e-05,-0.00016794292240223982
25.507237500001793,-8.353110381166817e-06,-0.0003937185601546873
25.55727460000344,3.450288801332839e-05,-0.0005483718429796416
25.60554609999963,-2.4817632482415084e-05,-0.0004670118961885471
25.65267550000135,-2.15712680606871e-05,-0.000564425470085146
25.709713199998077,-0.00026567269557644437,-0.0005302422397164881
25.755330300002242,-0.00021615648353465368,-0.0005800003503262776
25.807771200001298,-0.00034720414978674984,-0.0004750361990107781
25.857309600003646,-0.0003469771442612612,-0.0005167222249087394
25.90549530000135,-0.00018923316068570822,-0.0005461361699773506
25.94618420000188,-0.00019831178823544437,-0.0005455161973818646
26.00466679999954,-0.00020236619205923052,-0.0005379016889691451
26.0537153999976,-7.35761243042695e-05,-0.00042394891089965405
26.10606589999952,-8.335153820484233e-05,-0.0004935917495180629
26.156050400000822,-7.032132015584603e-05,-0.0005135734388768137
26.204372799998964,-0.00011070311254360302,-0.000543572927126035
26.25699739999982,-0.00012150230973565324,-0.0005091166377153417
26.30016369999794,-0.00015670209353451373,-0.0005023977870172901
26.355503400001908,-0.00012519182347462386,-0.0004721799471313123
26.40688339999906,-0.00015676656673906667,-0.0005169294468927565
26.452688600002148,-0.00014089636319884554,-0.0005430505613975826
26.501665600000706,-0.0004898252386814948,0.00012680746737107106
26.554276399998344,-0.0002627552936008861,-0.00010837778956498866
26.603002100004232,-0.0004010405501023872,0.00011139345137414785
26.64783790000365,-0.00025894763641133475,-0.00010395930409859185
26.702476899998146,-0.00022482521824250025,-0.0001780181622557698
26.753270499997598,-0.0002214220278352391,-0.00017672768377613712
26.804743500004406,-0.0002262848838086962,-0.00020282653149247007
26.84746450000239,-0.0002362385173705259,-0.0001493355880622263
26.898692000002484,-0.00020369489001089507,-0.00011954016141405325
26.953105100001267,-0.00020370093382079206,-0.00012009084305878215
27.00026760000037,-0.00020390992689919103,-0.0001200346530727847
27.05286519999936,-0.00020387042375399162,-0.0001199036940735842
27.096863999999186,-0.0002036424021412888,-0.00011985225132352444
27.15611070000159,-0.00020332998538215907,-0.00011982244033651215
27.20874719999847,-0.0002030020503696803,-0.00011979300520440263
27.255274800001644,-0.00020267070715015162,-0.00011975879071760335
27.304582700002356,-0.00020233283866140912,-0.00011971906593858151
27.354582899999514,-0.00020198520431787502,-0.0001196731718167453
27.400796900001296,-0.0002016253597637206,-0.00011961971706500912
27.45142230000056,-0.00020125037237813298,-0.00011955639810382374
27.499292200001946,-0.0002008558062206083,-0.00011947934517312108
27.549663099998725,-0.00020043439307178683,-0.00011938114169443882
27.60017969999899,-0.00019997316452754026,-0.00011924376124297944
27.651252900002874,-0.00019945190050670361,-0.00011899059817469264
27.704083500000706,-0.0001978397122682379,-0.00011715859110642217
27.752780200004054,-0.00019523239825909635,-0.00011766849876696204
27.806294900001376,-0.00019495660482656024,-0.00011773249991578718
27.851218900003005,-0.00019493228239360366,-0.0001177135947938748
27.8975500000015,-0.00019478339517993453,-0.00011771230551408076
27.95580660000269,-0.0001945720624508401,-0.00011772327929152307
28.005927700003667,-0.00019434892637455725,-0.00011773546476637446
28.056213700001535,-0.00019412454782548295,-0.00011774569985692734
28.105299599999853,-0.00019389799515996635,-0.00011775385633242235
28.150433399998292,-0.00019366805804617247,-0.00011776011293876648
28.20546910000121,-0.0001934343722532337,-0.00011776449682091266
28.253453500001342,-0.00019319685116154971,-0.00011776696196011654
28.303392399997392,-0.00019295541964232837,-0.00011776744902605965
28.34681119999732,-0.00019270997801974652,-0.00011776589738946266
28.405507199997373,-0.00019246040990912453,-0.00011776224289053699
28.451653900003294,-0.00019220658858960638,-0.00011775641601821898
28.497875400003977,-0.00019194837435072658,-0.00011774834022263117
28.55154020000191,-0.00019168561333777844,-0.00011773793042738314
28.599232300002768,-0.00019141813414342914,-0.00011772509260768696
28.656183500002953,-0.0001911457447546066,-0.0001177097211591285
28.70764240000426,-0.0001908682288776612,-0.00011769169719902629
28.754253099999914,-0.00019058534227462965,-0.00011767088601291854
28.801961299999675,-0.00019029680586875037,-0.0001176471345232546
28.855319100002816,-0.00019000230073735723,-0.00011762026731479656
28.904831200001354,-0.00018970145879710867,-0.00011759008158310457
28.95473309999943,-0.0001893938531228428,-0.00011755634155011482
29.005893900000956,-0.0001890789844694699,-0.00011751877079249867
29.054061299997556,-0.00018875626368603968,-0.00011747704178336164
29.099462800004403,-0.0001884249892004185,-0.00011743076280271394
29.154715900003794,-0.00018808431719869866,-0.00011737945895265678
29.20269940000435,-0.0001877332182265806,-0.00011732254660004836
29.25415839999914,-0.00018737041873613058,-0.00011725929657261054
29.300774600000295,-0.00018699431610931026,-0.000117188779047458
29.351503899997624,-0.00018660284997202604,-0.00011710978070625601
29.397774299999583,-0.0001861933063507877,-0.00011702067208577358
29.452011300003505,-0.00018576199832815704,-0.00011691918482273571
29.505617100003292,-0.00018530371993514492,-0.00011680201746913856
29.552658599997812,-0.00018481074892668568,-0.00011666407387925443
29.601761600002646,-0.00018427085236589368,-0.00011649685003337274
29.647001600002113,-0.00018366280249988004,-0.00011628452227799483
29.7006029999975,-0.00018294448694839514,-0.00011599267476517143
29.75121090000175,-0.00018201272471435909,-0.00011552858731892099
29.80486430000019,-0.00018052367173343952,-0.00011460641360375299
29.852600899997924,-0.0001770041198945777,-0.00011244614562813724
29.90565140000399,-0.00017497514601677754,-0.00011306112918110863
29.94911819999834,-0.00017480373806228063,-0.00011318093945392262
30.003469100003713,-0.00017483540990520673,-0.00011324244075797212
30.0465067000041,-0.00017482564542709174,-0.0001133109482687475
30.10372869999992,-0.00017478526268549662,-0.00011338844208011544
30.14777740000136,-0.0001747357165627365,-0.00011347024457822411
30.199542200003634,-0.00017468568894735283,-0.00011355408445770747
30.25282470000093,-0.00017463758776875703,-0.00011363931422539539
30.299266800000623,-0.00017459196001162885,-0.00011372584723948297
30.354946400002518,-0.00017454897481844616,-0.00011381373898891703
30.404362699999183,-0.0001745087716110163,-0.00011390307339545596
30.446144800000184,-0.0001744715117158471,-0.00011399394360681156
30.505700599998818,-0.00017443738019601437,-0.00011408645193003557
30.554220400001213,-0.00017440658544037998,-0.00011418071138583177
30.60420690000319,-0.0001743793595854761,-0.000114276847906798
30.65379799999937,-0.0001743559636225313,-0.00011437500404557055
30.698245699997642,-0.00017433669105010443,-0.0001144753400406386
30.755302099998516,-0.00017432187462424045,-0.00011457803925643682
30.807102300001134,-0.00017431189436317842,-0.0001146833109255965
30.846566400003212,-0.0001743071860183533,-0.00011479139736539493
30.900312899997516,-0.00017430825519643267,-0.00011490258121640983
30.949826700001722,-0.0001743156917478074,-0.00011501719416887194
31.006454399997892,-0.00017433019136042907,-0.00011513563161760926
31.048380599997472,-0.0001743525845366313,-0.00011525836932649457
31.098699399997713,-0.00017438387454055257,-0.00011538598866381472
31.15595300000132,-0.00017442529111072602,-0.0001155192123181453
31.205814000000828,-0.00017447836863088286,-0.00011565895575718802
31.257407500001136,-0.00017454505886199814,-0.000115806406331161
31.29767079999874,-0.00017462790590233734,-0.00011596314868359174
31.352265100002114,-0.00017473032363218987,-0.000116131371363822
31.404913799997303,-0.00017485705791081706,-0.0001163142339666598
31.458222599998408,-0.00017501501278222197,-0.00011651656324221585
31.502988000000187,-0.00017521483082211418,-0.00011674631749117525
31.554984100002912,-0.0001754742426918773,-0.00011701809646827652
31.604041400001734,-0.0001758260935070276,-0.00011736329754710961
31.655566000001272,-0.0001763406429767269,-0.00011786891845891576
31.707326199997624,-0.00017718713677400706,-0.00011890541191664508
31.746980000003532,-0.00018024611331274784,-0.0001210916136251998
31.804786699998658,-0.0001824610509793606,-0.00012051942926974776
31.85580040000059,-0.00018208802101688548,-0.00012048834845404882
31.901982299998053,-0.00018157501084920536,-0.00012052241629148883
31.955255400003807,-0.00018123141530829702,-0.00012052221168848762
31.998222700000042,-0.00018094906888427816,-0.00012050281402723256
32.05640139999741,-0.00018066891714913437,-0.00012047813804375379
32.10071179999795,-0.00018038104177004393,-0.0001204513529917996
32.155720200004,-0.00018008680912068775,-0.00012042225822076273
32.20472829999926,-0.00017978718904749117,-0.00012039042740500174
32.254959199999576,-0.0001794821249068755,-0.0001203556078799607
32.303525200004515,-0.00017917123988914617,-0.00012031759577538559
32.350598800003354,-0.0001788540928582866,-0.00012027616209667535
32.40459600000031,-0.00017853019106401174,-0.00012023103572736733
32.45474510000349,-0.00017819896358523343,-0.00012018189392562832
32.50005180000153,-0.0001778597326307951,-0.00012012835242106507
32.557053900003666,-0.00017751168466244495,-0.00012006994642982511
32.60572630000388,-0.00017715383168186353,-0.00012000610815071775
32.6474825999976,-0.00017678495565214198,-0.00011993613046040876
32.69604350000009,-0.0001764035296613501,-0.00011985911695372579
32.7472912000012,-0.00017600760068285854,-0.00011977390467205059
32.79772470000171,-0.00017559460872000824,-0.00011967894274484001
32.854278600003454,-0.00017516109728214985,-0.00011957209152807661
32.90479100000084,-0.00017470222405384595,-0.00011945027064136512
32.95099340000161,-0.00017421087443729672,-0.00011930879424410111
33.003410400000575,-0.000173675923253946,-0.00011913999519158775
33.05343079999875,-0.0001730784131125814,-0.00011893000319002257
33.0984998999993,-0.0001723817531384284,-0.00011864985898219116
33.15187700000388,-0.00017150023053906773,-0.00011822552350432472
33.20302339999762,-0.0001701635133132707,-0.00011742744954185364
33.25393640000402,-0.00016713741509681912,-0.0001154431580329713
33.297010900001624,-0.00016446188560996876,-0.0001155368959615017
33.35642740000185,-0.00016415133848861723,-0.0001156816359925733
33.404376099999354,-0.0001641595449796595,-0.00011574359870531179
33.44846310000139,-0.00016414437650207444,-0.00011580684694529051
33.496321300001,-0.00016409802690014016,-0.0001158786258059235
33.55320190000202,-0.00016404028909671297,-0.00011595497672040315
33.5994742000039,-0.00016398064975880032,-0.0001160334359373043
33.648434499998984,-0.00016392210444575838,-0.00011611316529375456
33.707232900000236,-0.00016386542328599265,-0.00011619398038170953
33.74578560000373,-0.00016381081565646332,-0.0001162758883954144
33.79894659999991,-0.00016375839394504714,-0.00011635894168188476
33.846931699998095,-0.00016370826925176223,-0.00011644320495602078
33.89968080000108,-0.00016366056626575647,-0.00011652874807305506
33.94870790000277,-0.0001636154227212983,-0.00011661564771609205
33.997627299999294,-0.00016357299201790303,-0.00011670398825097927
34.04806860000099,-0.00016353344225443882,-0.00011679386248125942
34.10447270000441,-0.00016349695995947604,-0.00011688537346893582
34.156374800004414,-0.0001634637526559025,-0.00011697863673271427
34.19833870000002,-0.00016343405206946778,-0.000117073780792012
34.25321409999742,-0.00016340811785913297,-0.00011717095089730738
34.296553599997424,-0.00016338624355676355,-0.0001172703115947549
34.354965400001674,-0.00016336876198501783,-0.00011737205031220552
34.39714760000061,-0.00016335605330646384,-0.00011747638203324579
34.45603839999967,-0.0001633485552265291,-0.00011758355570318447
34.50049020000006,-0.00016334677530587379,-0.0001176938618451827
34.55285670000012,-0.00016335130732507815,-0.00011780764300745242
34.603776600000856,-0.00016336285310052502,-0.00011792530686388838
34.65760109999974,-0.00016338225217176326,-0.00011804734577619745
34.70194199999969,-0.00016341052065931404,-0.0001181743628064244
34.75387950000004,-0.00016344890809698702,-0.00011830710874288963
34.80019590000302,-0.00016349897736793857,-0.00011844653721166016
34.84728719999839,-0.00016356272425348657,-0.00011859388892027268
34.90365400000155,-0.00016364275907669986,-0.00011875082392970476
34.94900079999934,-0.0001637425992128583,-0.0001189196441763757
35.00150659999781,-0.0001638671604741637,-0.00011910368513662502
35.046236000001954,-0.00016402363377514658,-0.00011930806466104048
35.10101410000061,-0.00016422318092062065,-0.00011954125883612145
35.15494469999976,-0.00016448454199784573,-0.00011981888041740078
35.20513609999762,-0.00016484271511123624,-0.0001201745085665519
35.25362519999908,-0.00016537297610190823,-0.00012069947965537395
35.30001830000401,-0.00016625875589586572,-0.00012174285782812285
35.35110530000384,-0.00016768973409846447,-0.00011924783064326696
35.3974515000009,-0.00016418346424622692,-0.00011960015049433814
35.44865920000302,-0.00016537845287649766,-0.00012539109109915804
35.50521000000299,-0.00017249997030781535,-0.0001245354156797494
35.54892729999847,-0.00017294118473947206,-0.00012426538679161095
35.59773110000242,-0.00017218749855933945,-0.0001243527678939648
35.65429420000146,-0.00017172379970225012,-0.00012440685618336767
35.69913490000181,-0.00017145292970914818,-0.00012441372370103332
35.753752700002224,-0.00017121661279866353,-0.0001244067855842855
35.80424779999885,-0.00017097322579922021,-0.00012439826962967737
35.85565530000167,-0.00017072285930501695,-0.00012438928190799936
35.90572339999926,-0.00017046892957222064,-0.00012437914750357263
35.95879170000262,-0.0001702124435176034,-0.00012436754258654526
36.005405800002336,-0.0001699533854981229,-0.0001243543946038427
36.055453599998145,-0.00016969161668038986,-0.00012433967730979256
36.09853400000429,-0.00016942703872084873,-0.00012432335462214664
36.15101760000107,-0.00016915957026235632,-0.00012430538146585005
36.19715290000022,-0.00016888912598427312,-0.00012428570652639462
36.25381760000164,-0.00016861561064056597,-0.0001242642741705046
36.306133600002795,-0.00016833891773864222,-0.00012424102252545083
36.35416450000048,-0.00016805893008335946,-0.0001242158837899132
36.396707500003686,-0.0001677755168682409,-0.00012418878299053077
36.455836400004046,-0.00016748853263186587,-0.00012415963679396341
36.50747080000292,-0.00016719781480427687,-0.000124128351697228
36.55201720000332,-0.0001669031810646488,-0.00012409482392777837
36.599324299997534,-0.0001666044263214823,-0.00012405893645700547
36.65009350000037,-0.00016630131832722286,-0.00012402055666876913
36.70343280000088,-0.0001659935937147646,-0.00012397953446091628
36.74756509999861,-0.0001656809518912236,-0.0001239356979709228
36.79768830000103,-0.00016536304717755884,-0.00012388885003428166
36.85313319999841,-0.00016503948003781057,-0.0001238387615453696
36.903122800002166,-0.0001647097851886113,-0.00012378516530681124
36.952613599998585,-0.0001643734159339393,-0.00012372774591534752
37.006235100001504,-0.00016402972413669502,-0.0001236661280045738
37.04641249999986,-0.00016367793190801398,-0.00012359985842586035
37.10035929999867,-0.00016331709511423608,-0.00012352838325563347
37.15393050000421,-0.00016294605060800509,-0.00012345101385585774
37.19778110000334,-0.00016256333950075556,-0.00012336687787989378
37.25256719999743,-0.00016216709513010717,-0.00012327484445456865
37.300202700003865,-0.00016175486993168662,-0.000123173407828803
37.35112540000409,-0.00016132335707290824,-0.0001230604932844218
37.40228030000435,-0.00016086791784213517,-0.0001229331189733233
37.44752790000348,-0.00016038172417902794,-0.00012278675889371192
37.49744559999817,-0.00015985407131318313,-0.0001226140249776524
37.55322370000067,-0.00015926663416980988,-0.00012240158175908007
37.599469200002204,-0.00015858374915460812,-0.0001221216039514756
37.65079600000172,-0.00015772042197819365,-0.00012170224775726123
37.70195889999741,-0.00015639579107322975,-0.00012090679691873044
37.74569619999966,-0.00015284334227143922,-0.00011856155133210991
37.7959886000026,-0.00015053979779405086,-0.00011884071460238792
37.84589750000305,-0.00015025604512824254,-0.00011895899474362481
37.8967821000042,-0.00015022868007357582,-0.00011901367722439048
37.953103400002874,-0.00015018514663005911,-0.00011906874658457352
38.00306840000121,-0.00015011735926544868,-0.00011913024432480707
38.05519880000065,-0.00015003963058639997,-0.00011919533121623907
38.097657099999196,-0.0001499593659137139,-0.00011926205265572356
38.14890369999921,-0.00014987918052205402,-0.00011932965160438445
38.206542300002184,-0.00014979985805124008,-0.00011939790347520617
38.251749399998516,-0.00014972162327702557,-0.0001194667642922546
38.30320660000143,-0.0001496445571901801,-0.00011953624117205944
38.353466799999296,-0.00014956871048348714,-0.00011960635521996036
38.396227900004305,-0.0001494941298751314,-0.00011967713228194931
38.44670290000067,-0.00014942086536955798,-0.00011974860003588635
38.503255000003264,-0.00014934896901402228,-0.000119820787969295
38.5453611999983,-0.00014927849818485015,-0.00011989372818982516
38.594398499997624,-0.00014920951292290286,-0.0001199674541818032
38.65340160000051,-0.00014914207832055626,-0.00012004200281573582
38.705589600001986,-0.00014907626429965654,-0.00012011741333800692
38.75567140000203,-0.00014901214627765363,-0.00012019372823685162
38.80145450000418,-0.0001489498051120905,-0.000120270993175743
38.84743999999773,-0.000148889329132311,-0.00012034925784826354
38.903437300003134,-0.00014883081365096173,-0.00012042857653321698
38.94649070000014,-0.00014877436249610001,-0.00012050900759502772
39.00303089999943,-0.00014872008922133673,-0.00012059061542663117
39.04633710000053,-0.000148668117461108,-0.00012067347058270059
39.103624299998046,-0.0001486185832954499,-0.00012075765046798523
39.150803800002905,-0.00014857163693753766,-0.00012084324056965794
39.203548900004535,-0.0001485274438550109,-0.00012093033580068515
39.25306300000375,-0.0001484861880673359,-0.00012101904128808504
39.30596700000024,-0.0001484480748880566,-0.00012110947533722312
39.35558599999786,-0.00014841333433317935,-0.0001212017704976263
39.39629170000262,-0.00014838222489593092,-0.00012129607611649585
39.44453439999779,-0.0001483550401636878,-0.00012139256293503071
39.50411539999914,-0.00014833211413594496,-0.00012149142581957622
39.55520170000091,-0.0001483138303614505,-0.00012159288920171676
39.59920470000361,-0.00014830063230768952,-0.00012169721442795233
39.64680729999964,-0.00014829303677237773,-0.0001218047080974734
39.69874240000354,-0.00014829165265733293,-0.00012191573330872023
39.75115989999904,-0.00014829720412772742,-0.0001220307259685589
39.80436380000174,-0.00014831056366342732,-0.00012215021555345214
39.85406530000182,-0.00014833279732278537,-0.00012227485690624652
39.90016589999868,-0.00014836522781441083,-0.00012240547234693199
39.9531380000044,-0.00014840952956556727,-0.0001225431192852238
39.9981231999991,-0.00014846786848814894,-0.00012268919143959602
40.05212570000003,-0.00014854312438965938,-0.00012284558461578317
40.101093299999775,-0.00014863925253954396,-0.00012301497953609607
40.147836399999505,-0.00014876191425366314,-0.0001232013585372174
40.19821410000441,-0.00014891964452695,-0.00012341103107210724
40.24730070000078,-0.00014912621812961793,-0.00012365489965299195
40.29755760000262,-0.0001494059769235264,-0.0001239542341768263
40.35014950000186,-0.0001498075082761381,-0.00012435844033426003
40.40263489999779,-0.0001504429277043234,-0.00012501232494738194
40.45262489999732,-0.00015157770389955606,-0.00012645328489874132
40.49768100000074,-0.0001570467611843786,-0.0001363493226768616
40.54564140000002,-0.0001673510026666719,-0.00013368041890110245
40.602510199998505,-0.0001679748239945993,-0.00013314725275653526
40.651180699998804,-0.000166936109113825,-0.00013327349357433458
40.7035584999976,-0.00016626673930979566,-0.0001333291669957631
40.74557890000142,-0.00016585789656125083,-0.00013328495808145597
40.79857379999885,-0.00016548657466579713,-0.00013319681437800877
40.848783000001276,-0.00016507937140579723,-0.0001330738108262203
40.90314170000056,-0.0001646169070389957,-0.00013286843385523504
40.95384349999949,-0.00016377424066898018,-0.00013246392277504757
41.00466959999903,-0.000163061334568161,-0.00013329336655537312
41.05432970000402,-0.00016396854851656982,-0.00013278120575271624
41.09732040000381,-0.0001636520446157042,-0.00013151103860348007
41.15073890000349,-0.0001614208685939882,-0.0001321185111424181
41.20333460000256,-0.00016105182395469592,-0.00013230185569307074
41.253910699997505,-0.0001610612592627863,-0.00013236252334175325
41.30527180000354,-0.00016102990371129772,-0.00013242647209915382
41.353938799999014,-0.00016095539355769515,-0.0001325050359101661
41.40281459999824,-0.00016087372483035875,-0.00013259007820559405
41.452373300002364,-0.0001607970047778257,-0.00013267821046264187
41.500182399999176,-0.0001607266071456576,-0.00013276942870671116
41.55044690000068,-0.00016066267471963775,-0.00013286453581778663
41.59659079999983,-0.00016060607271877362,-0.0001329644876201769
41.64663609999843,-0.00016055830824861678,-0.00013307050492622212
41.70473309999943,-0.00016052150987315892,-0.00013318435181369493
41.74755600000208,-0.0001604987258651453,-0.00013330879529143964
41.804806500003906,-0.00016049459371496772,-0.00013344861287117586
41.84728650000034,-0.00016051673564769947,-0.00013361337652944826
41.897792600000685,-0.00016057873351009894,-0.00013382815620127366
41.94415010000375,-0.00016069165845726988,-0.0001342274620452191
42.00258300000132,-0.00016189557880956918,-0.00013504180866868667
42.04865480000444,-0.00016243133192921506,-0.00013464630876918973
42.10001829999965,-0.0001620135641532864,-0.00013451173970218904
42.14755420000438,-0.00016147685615302155,-0.0001343327158730947
42.20315610000398,-0.000160606987353808,-0.00013396747889909665
42.25433000000339,-0.00015987788266607258,-0.0001350008517530499
42.30345849999867,-0.00016075487822002802,-0.00013581164564063422
42.354799300002924,-0.0001619267416263407,-0.00013527563949005888
42.4042707999979,-0.00016170226454497323,-0.0001351278833716074
42.44935819999955,-0.00016122551844681857,-0.00013504885520981505
42.5021768000006,-0.00016075322681879004,-0.00013491199276621465
42.552027600002475,-0.00016026753666402896,-0.00013457204381944437
42.598228100003325,-0.00016687415049780943,-0.00014221451111178814
42.653827300004195,-0.00017052109928521468,-0.00014030384453128178
42.70439289999922,-0.0001711773959910844,-0.00013987100234696492
42.749159700004384,-0.00017108642859080532,-0.00013986062148412895
42.796683000000485,-0.0001708850497549763,-0.00013992566065817536
42.84822600000189,-0.00017069039461852233,-0.00013999184407247986
42.903993300002185,-0.00017050738064787745,-0.0001400525266425598
42.95284260000335,-0.00017032920300856798,-0.0001401104807174322
43.00430380000034,-0.00017015230620025533,-0.00014016752382100623
43.05356000000029,-0.00016997555779545435,-0.0001402242891578817
43.10392120000324,-0.00016979870335325235,-0.000140280930949139
43.15289399999892,-0.0001696217100776611,-0.00014033747010027764
43.206334100003005,-0.00016944458074423814,-0.0001403939042354204
43.24792590000288,-0.00016926731704052254,-0.0001404502290580042
43.2944725999987,-0.00016908991868895855,-0.00014050644160373344
43.346236400000635,-0.0001689123826808417,-0.00014056253940791314
43.40655820000393,-0.00016873470646265907,-0.0001406185207385953
43.452715200000966,-0.00016855688755861332,-0.00014067438335312946
43.49806610000087,-0.00016837892201631047,-0.00014073012479792272
43.55562569999893,-0.0001682008075042822,-0.00014078574325220928
43.59767419999844,-0.00016802254069185938,-0.00014084123628460075
43.65435240000079,-0.0001678441180707373,-0.0001408966016857533
43.701775200002885,-0.00016766553682094946,-0.00014095183732403877
43.74773129999812,-0.00016748679315663534,-0.00014100694080137536
43.801856700003555,-0.0001673078839025571,-0.0001410619094310234
43.85374199999933,-0.00016712880545048994,-0.00014111674097033234
43.903706400000374,-0.00016694955417000449,-0.0001411714330212205
43.95157199999812,-0.00016677012634185368,-0.00014122598273041465
44.00506419999874,-0.0001665905183578127,-0.000141280387744242
44.05170360000193,-0.00016641072617666966,-0.0001413346452205316
44.09971999999834,-0.0001662307457905195,-0.00014138875243923705
44.14482890000363,-0.00016605057348011506,-0.00014144270688015207
44.20360050000454,-0.00016587020468243973,-0.00014149650516819868
44.24908700000378,-0.00016568963544509957,-0.00014155014486088625
44.30318260000058,-0.00016550886120507785,-0.00014160362287179474
44.35149049999745,-0.00016532787758809594,-0.00014165693589245955
44.399456500003,-0.0001651466801421595,-0.00014171008125834537
44.453963699997985,-0.00016496526403779834,-0.00014176305533902296
44.504450200001884,-0.0001647836243456223,-0.00014181585504807233
44.54565140000341,-0.0001646017566802503,-0.00014186847724356226
44.60201880000386,-0.00016441965539064734,-0.00014192091793979215
44.6541980999973,-0.0001642373155585252,-0.00014197317438340885
44.69881990000431,-0.00016405473174379122,-0.0001420252424221783
44.75416419999965,-0.00016387189908366852,-0.00014207711869212468
44.79608720000397,-0.00016368881111665902,-0.00014212879931856969
44.85402500000055,-0.00016350546278014587,-0.00014218028036022153
44.9071707999974,-0.00016332184759042644,-0.00014223155809783313
44.94631980000122,-0.00016313796004079466,-0.00014228262824594355
44.9972431999995,-0.0001629537937585703,-0.00014233348676334105
45.053158700000495,-0.00016276934227115312,-0.00014238412957550707
45.10430520000227,-0.00016258459912814736,-0.00014243455196399378
45.15080780000426,-0.0001623995576127038,-0.00014248474967664703
45.2035149000003,-0.00016221421059719053,-0.0001425347181726546
45.24504860000161,-0.00016202855122042926,-0.0001425844524227062
45.303270299998985,-0.00016184257215494808,-0.00014263394791929636
45.35405180000089,-0.00016165626597335487,-0.0001426831995776036
45.404701999999816,-0.00016146962452661274,-0.000142732202046353
45.45334620000358,-0.00016128264039843177,-0.00014278095044056318
45.50611239999853,-0.0001610953049956859,-0.00014282943919801685
45.55048859999806,-0.00016090761009162236,-0.00014287766276759885
45.60287799999787,-0.00016071954700429717,-0.0001429256151652071
45.6531535000031,-0.00016053110671869936,-0.00014297329107287326
45.705409100002726,-0.00016034227998667114,-0.0001430206840290994
45.7533573000037,-0.00016015305764887256,-0.0001430677881052945
45.80170050000015,-0.0001599634295245585,-0.00014311459645138255
45.8497475999975,-0.00015977338572164176,-0.00014316110287231903
45.90577740000299,-0.0001595829158595371,-0.0001432073004292101
45.95166759999847,-0.00015939200920238786,-0.0001432531820388328
46.0025558999987,-0.0001592006544481237,-0.00014329874025159064
46.05798019999929,-0.00015900884048341204,-0.00014334396808418084
46.09952209999756,-0.0001588165552956398,-0.0001433888575874065
46.15313210000022,-0.00015862378689439834,-0.0001434334009008886
46.202988999997615,-0.0001584305226675541,-0.00014347758955362552
46.25332999999955,-0.0001582367492036129,-0.00014352141555201142
46.30321560000448,-0.00015804245324651188,-0.0001435648695923774
46.35110340000392,-0.00015784762091846318,-0.0001436079429594727
46.404878400004236,-0.00015765223775326083,-0.00014365062641624176
46.451639899998554,-0.0001574562888184051,-0.00014369290994847286
46.502031000003626,-0.00015725975854856926,-0.0001437347834531365
46.554997600003844,-0.00015706263071229264,-0.0001437762366828742
46.60909730000276,-0.00015686488926685248,-0.00014381725864647798
46.6465051999985,-0.00015666651610451136,-0.0001438578385303756
46.69745920000423,-0.00015646749398350564,-0.00014389796475494087
46.75012830000196,-0.00015626780395232832,-0.00014393762493008483
46.79850330000045,-0.00015606742653766754,-0.00014397680665461637
46.8556355000037,-0.00015586634188873559,-0.00014401549712766398
46.90378729999793,-0.0001556645290778285,-0.00014405368251584874
46.95471120000002,-0.00015546196614473477,-0.00014409134907460969
47.00512890000391,-0.0001552586303964959,-0.0001441284819380604
47.05225700000301,-0.0001550544982297703,-0.0001441650660959857
47.098671300002025,-0.00015484954500870907,-0.0001442010853946405
47.14655379999749,-0.0001546437447540934,-0.00014423652324729286
47.19816050000372,-0.00015443707066513954,-0.0001442713624121792
47.25088300000061,-0.00015422949470871605,-0.00014430558463723298
47.30390869999974,-0.00015402098726407268,-0.00014433917129291182
47.352337099997385,-0.00015381151747811156,-0.00014437210217315674
47.40243390000251,-0.00015360105301003604,-0.00014440435663892168
47.44681710000441,-0.00015338956005355494,-0.00014443591282991525
47.495286600002146,-0.00015317700263744227,-0.00014446674778672536
47.550074899998435,-0.00015296334333607994,-0.00014449683735089897
47.60309660000348,-0.0001527485428919817,-0.0001445261563647823
47.65500240000256,-0.00015253255920549052,-0.0001445546774724801
47.706964900004095,-0.00015231534823405897,-0.0001445823728407011
47.75172729999758,-0.000152096863825716,-0.00014460921252673032
47.80420939999749,-0.0001518770563534923,-0.00014463516481149597
47.85134960000141,-0.00015165587353698574,-0.00014466019589980917
47.89911740000389,-0.00015143325979843163,-0.00014468427026453315
47.94795480000175,-0.00015120915612947626,-0.0001447073497584047
48.00594920000003,-0.00015098349921410055,-0.00014472939381387457
48.05469910000102,-0.00015075622145082447,-0.00014475035898791586
48.10194149999734,-0.00015052725049751576,-0.0001447701985179347
48.15322759999981,-0.00015029650839431364,-0.0001447888624105883
48.19487949999893,-0.0001500639117856734,-0.00014480629655360641
48.252625699999044,-0.00014982936954448917,-0.00014482244250484908
48.30042410000169,-0.00014959278358255682,-0.00014483723643759456
48.352595700001984,-0.0001493540470964213,-0.00014485060936258415
48.40330600000016,-0.00014911304307967802,-0.00014486248537386965
48.44685639999807,-0.00014886964372345246,-0.00014487278116031524
48.500957399999606,-0.00014862370746320669,-0.00014488140429585423
48.55630989999918,-0.0001483750780017433,-0.00014488825259555932
48.603882800001884,-0.00014812358124498983,-0.0001448932114733122
48.652976400000625,-0.00014786902146062707,-0.00014489615117734795
48.702847200002,-0.00014761117866906486,-0.00014489692558011208
48.75596460000088,-0.0001473498016823439,-0.00014489536637179407
48.79823330000363,-0.0001470846027972696,-0.00014489127925226237
48.854216100000485,-0.00014681524893583235,-0.0001448844363593434
48.90507290000096,-0.00014654134946606089,-0.00014487456760908196
48.9519597000035,-0.0001462624411696027,-0.0001448613479836876
49.00017630000366,-0.0001459779669476462,-0.00014484437872435657
49.0554467999973,-0.00014568724431279154,-0.00014482316084135044
49.102965199999744,-0.00014538942201263675,-0.00014479705363606394
49.14993749999849,-0.00014508341167334638,-0.00014476521004163598
49.20600600000034,-0.00014476778202870375,-0.0001447264636022457
49.25288400000136,-0.00014444058235024124,-0.0001446791311753789
49.30519050000294,-0.00014409903367201252,-0.00014462061547198502
49.35450800000399,-0.0001437389363866891,-0.0001445465250604014
49.40770820000034,-0.00014335342920495652,-0.00014444831206710782
49.44928600000276,-0.0001429301375809823,-0.00014430472879960998
49.50125919999846,-0.00014244938997259337,-0.0001440200986912386
49.545730199999525,-0.00014196509638957948,-0.00014442233318139847
49.60617450000427,-0.00014113451267666111,-0.0001450014963876807
49.65152769999986,-0.00014149868697848668,-0.00014375535971605227
49.69871050000074,-0.00014082832987532613,-0.00014445201922391157
49.750235300001805,-0.00014152707700215196,-0.00014517268757113184
49.804660399997374,-0.00014192521583516508,-0.000144643409527517
49.84784390000277,-0.0001415360625255884,-0.00014406551834816297
49.90222740000172,-0.0001483258019629384,-0.00015050029916745917
49.9539775000012,-0.0001502717494438682,-0.0001492888429876423
50.003416200001084,-0.00015064682329362467,-0.00014898901542486495
50.05588210000133,-0.00015057868677497525,-0.00014897221901615662
50.10554530000081,-0.000150415678390407,-0.0001490219687871261
50.151406900004076,-0.0001502401239749579,-0.00014908207511814958
50.20298999999795,-0.0001500655995023065,-0.00014914202585141614
50.25344420000329,-0.0001498924436126798,-0.00014920100860343202
50.30506459999742,-0.00014971977916327498,-0.00014925943193627025
50.35326050000003,-0.0001495471471989958,-0.0001493175571631241
50.40410100000008,-0.00014937438796985134,-0.00014937547899711987
50.45463290000043,-0.00014920145509072363,-0.00014943322215182203
50.50678129999869,-0.0001490283351723229,-0.00014949078934727708
50.55285079999885,-0.00014885502298549877,-0.00014954817846295895
50.60472480000317,-0.00014868151367857668,-0.00014960538585733607
50.65259050000168,-0.00014850780205571276,-0.00014966240780005927
50.70219960000395,-0.00014833388295437,-0.00014971924110478832
50.7524087999991,-0.00014815975113429572,-0.00014977588166369802
50.80316750000202,-0.00014798540127752166,-0.0001498323257464391
50.851738600002136,-0.00014781082731112784,-0.0001498885693895153
50.90284509999765,-0.000147636023917146,-0.00014994460915123529
50.95213550000335,-0.00014746098450085134,-0.00015000044043527567
50.99727780000103,-0.0001472857033667997,-0.00015005605903389122
51.05373490000056,-0.00014711017390916424,-0.0001501114607726434
51.10279889999947,-0.00014693438964424234,-0.00015016664117733337
51.150564399998984,-0.00014675834367754907,-0.00015022159588478465
51.20386139999755,-0.00014658202934774632,-0.00015027631999891376
51.24768169999879,-0.00014640543923854425,-0.0001503308086902505
51.29632510000374,-0.00014622856614459538,-0.0001503850572958581
51.35367290000431,-0.00014605140263850778,-0.00015043906032013272
51.404211200002464,-0.0001458739403158931,-0.00015049281268935506
51.450627400001395,-0.00014569617140519018,-0.00015054630900784122
51.50329269999929,-0.0001455180879905088,-0.000150599543768885
51.55434139999852,-0.00014533968084589572,-0.0001506525113547579
51.60430489999999,-0.00014516094131161126,-0.00015070520558151766
51.64717910000036,-0.00014498186021721332,-0.00015075762042065328
51.70401980000315,-0.00014480242801478377,-0.00015080974949948465
51.751870599997346,-0.00014462263521191588,-0.00015086158660076272
51.79619400000229,-0.00014444247115046857,-0.00015091312485220705
51.84584709999763,-0.00014426192596055906,-0.00015096435774791068
51.900714499999594,-0.00014408098857326396,-0.00015101527742749458
51.94574149999971,-0.00014389964756438822,-0.00015106587697426936
52.00357680000161,-0.0001437178917317815,-0.0001511161486499805
52.045492500001274,-0.00014353570900731965,-0.00015116608453873782
52.103265400000964,-0.00014335308682327796,-0.00015121567668024226
52.14495909999823,-0.00014317001211233143,-0.00015126491642585647
52.20870509999804,-0.00014298647199589295,-0.0001513137950936364
52.251403900001606,-0.00014280245225200563,-0.00015136230357975318
52.3032411000022,-0.00014261793861430357,-0.000151410432536129
52.35307599999942,-0.00014243291629461606,-0.00015145817222610798
52.39807480000309,-0.00014224736997186542,-0.0001515055124023315
52.45264450000104,-0.00014206128309262632,-0.00015155244258429427
52.503847799998766,-0.0001418746394143359,-0.0001515989519806285
52.54700410000078,-0.00014168742109571015,-0.00015164502932257042
52.59909509999852,-0.0001414996103287718,-0.0001516906626863248
52.65350590000162,-0.00014131118835075172,-0.00015173583999266514
52.703469599997334,-0.00014112213539968,-0.00015178054811875529
52.75106560000131,-0.00014093243106965753,-0.000151824773986168
52.80260529999941,-0.00014074205392227768,-0.00015186850366160428
52.85375410000415,-0.00014055098188630672,-0.00015191172285649386
52.89954520000174,-0.00014035919154714105,-0.00015195441623865676
52.95240909999848,-0.0001401666587241232,-0.00015199656812064162
53.001613699998416,-0.00013997335797094146,-0.00015203816214886325
53.05244600000151,-0.00013977926291979897,-0.0001520791809039225
53.09624880000047,-0.0001395843455930755,-0.00015211960643351296
53.14808020000055,-0.00013938857668088325,-0.00015215941963069647
53.20376150000084,-0.00013919192589633808,-0.00015219860111097895
53.25618409999879,-0.0001389943608320299,-0.0001522371292139092
53.30215770000359,-0.0001387958478704055,-0.0001522749828341475
53.35301540000364,-0.00013859635155094154,-0.00015231213855709032
53.401017000003776,-0.00013839583434809973,-0.0001523485720688534
53.45081290000235,-0.00013819425719313185,-0.00015238425782320493
53.504224199998134,-0.0001379915783527544,-0.00015241916894164547
53.55134700000053,-0.00013778775376221557,-0.00015245327674711433
53.60500850000244,-0.00013758273711411294,-0.0001524865511081586
53.65540699999838,-0.00013737647918115762,-0.00015251896002815073
53.70479709999927,-0.0001371689279382987,-0.00015255046968969734
53.74587569999858,-0.00013696002804091837,-0.00015258104378850556
53.80322139999771,-0.0001367497200809826,-0.0001526106437665298
53.856329399997776,-0.0001365379417527753,-0.0001526392290784251
53.90466100000049,-0.00013632462563245205,-0.00015266675558172404
53.95384300000296,-0.00013610970013283236,-0.00015269317649162838
53.99504870000237,-0.000135893088337665,-0.00015271844135960388
54.04584700000123,-0.0001356747077240726,-0.0001527424961510959
54.10594560000027,-0.00013545446932988414,-0.00015276528246837336
54.143932400002086,-0.00013523227675443447,-0.00015278673686219046
54.19656760000362,-0.0001350080261807685,-0.00015280679122036452
54.25414969999838,-0.000134781604910147,-0.00015282537059173928
54.297929000000295,-0.00013455288936364512,-0.00015284239367468252
54.35232540000288,-0.00013432174502664117,-0.00015285777053002708
54.404917200001364,-0.00013408802351782794,-0.00015287140291413755
54.45506269999896,-0.00013385156211181672,-0.0001528831814922504
54.5050104999973,-0.00013361217910950728,-0.00015289298441738868
54.55408929999976,-0.00013336967308313625,-0.00015290067559841408
54.59823250000045,-0.00013312381667013044,-0.00015290610075873506
54.648198100003356,-0.00013287435427494508,-0.00015290908496050964
54.699069100002816,-0.00013262099355365335,-0.00015290942698691686
54.74594600000273,-0.0001323633995297643,-0.00015290689339136126
54.803929900001094,-0.00013210118279255198,-0.00015290121009308482
54.85270300000411,-0.00013183388567477902,-0.00015289205118611864
54.89819539999735,-0.0001315609638118919,-0.0001528790216198039
54.95538780000061,-0.00013128175851967238,-0.00015286163438370853
55.00048750000133,-0.00013099545795863595,-0.00015283927394798332
55.04607950000354,-0.00013070103835882493,-0.0001528111412518107
55.09883049999917,-0.00013039717517976195,-0.00015277616105529356
55.155594299998484,-0.00013008209488457413,-0.00015273282079058314
55.204417799999646,-0.00012975331963310623,-0.000152678863596315
55.25452380000206,-0.0001294071917289902,-0.00015261063968090906
55.301960199998575,-0.00012903788961787636,-0.00015252150494798116
55.35327259999758,-0.00012863511492649938,-0.00015239678265992825
55.399871400004486,-0.00012817810492998663,-0.00015218843012470353
55.45125240000198,-0.00012715913396682446,-0.00015249848556158412
55.49486540000362,-0.00012714409153285935,-0.00015023425401488433
55.556676599997445,-0.00012445223678264603,-0.000150197528814226
55.604504100003396,-0.00012350174066749783,-0.0001505293941938473
55.654027500000666,-0.00012332315550972497,-0.00015058571314335127
55.702934200002346,-0.0001232171207731783,-0.00015058828219943022
55.75447189999977,-0.0001230673622453774,-0.00015059674334232768
55.807861400004185,-0.0001228935112895239,-0.00015061177975888397
55.84563850000268,-0.00012271339907549183,-0.0001506280660312147
55.89553480000177,-0.00012253200463158191,-0.00015064351214227157
55.95596859999932,-0.00012234963787655147,-0.00015065780969430277
56.00417279999965,-0.00012216599990505568,-0.00015067103662496463
56.05029700000159,-0.00012198097918408933,-0.00015068326071337283
56.10699569999997,-0.00012179458785949243,-0.0001506945118023222
56.151426000003994,-0.00012160686840839787,-0.00015070480774419904
56.19562020000012,-0.00012141786509539761,-0.0001507141658473803
56.255171800003154,-0.00012122762020888669,-0.00015072260426401236
56.29517370000394,-0.00012103617593734004,-0.00015073014231197602
56.34372900000017,-0.00012084357523528647,-0.00015073680011961455
56.40339530000347,-0.0001206498615568552,-0.0001507425976931469
56.45715249999921,-0.00012045507908892256,-0.0001507475559602771
56.500506600001245,-0.00012025927187403597,-0.00015075169620398055
56.55002329999843,-0.00012006248474300114,-0.0001507550396517214
56.60435629999847,-0.00011986476263764615,-0.0001507576079084398
56.660356400003366,-0.00011966615005570978,-0.0001507594224569513
56.699201399998856,-0.0001194666914616242,-0.00015076050569045414
56.7473433999985,-0.00011926643158627505,-0.00015076087896963953
56.80455559999973,-0.00011906541425016511,-0.00015076056465439898
56.856521200003044,-0.00011886368344033063,-0.00015075958453841066
56.90381850000267,-0.00011866128204468707,-0.00015075796059298803
56.95181980000052,-0.00011845825326201226,-0.00015075571440086686
57.00508709999849,-0.0001182546393251901,-0.00015075286763360053
57.04975430000195,-0.00011805048130137028,-0.00015074944189612903
57.10377940000035,-0.00011784582039092922,-0.00015074545806064533
57.144926799999666,-0.00011764069665071363,-0.00015074093752114702
57.20124059999944,-6.138635901817021e-05,-2.604794291370734e-05
57.256957199999306,-7.443814382664643e-05,-2.7667328061905896e-05
57.30651729999954,-5.734483199401539e-05,-1.726582584681509e-05
57.35101130000112,-4.671263391651122e-05,-2.1075528189296392e-05
57.40197970000008,-5.1974009718210395e-05,-4.327967265680451e-05
57.45718260000285,-6.140398021156354e-05,-1.654979334685657e-05
57.50092230000155,-5.835257866901185e-05,-3.50672919146966e-05
57.54709520000324,-6.473985633134304e-05,-2.9648398835997944e-05
57.60562600000412,-5.890508225633708e-05,-5.3673507838220944e-05
57.65534900000057,-4.560000270712388e-05,-1.7270591368125986e-05
57.70195519999834,-6.0190407846741986e-05,-4.656504923869922e-05
57.75081560000399,-5.108488521085804e-05,-3.163038364560394e-05
57.80616820000432,-6.318802113766324e-05,-4.394660492177412e-05
57.8529458999983,-4.9148256842077355e-05,-2.4112611030068166e-05
57.89704820000043,-5.456328712180655e-05,-3.8977378569151914e-05
57.94950429999881,-7.03895986941748e-05,-5.2160804553365575e-05
57.99731109999993,-3.9948620411658175e-05,-8.350570990241117e-06
58.05360820000351,-5.1609252604808124e-05,-2.4249954955189867e-05
58.097163999998884,-4.852496005012038e-05,-2.838804579184618e-05
58.15402500000346,-4.143311962410265e-05,-2.042026752134898e-05
58.1974263000011,-5.38892163892421e-05,-2.9258817324502993e-05
58.244387099999585,-5.4410586780546145e-05,-2.166503749733157e-05
58.30135280000104,-6.83797846789621e-05,-3.482004924391559e-05
58.35846190000302,-4.8856230616653935e-05,-1.966169016486382e-05
58.40313440000318,-8.331050099781721e-05,-4.997820833849413e-05
58.45297379999829,-6.718309578653845e-05,-2.693968701449074e-05
58.49611320000258,-6.988726923836572e-05,-3.6908162293051366e-05
58.548485999999684,-5.9086234049902705e-05,-1.5679996667731e-05
58.60576669999864,-5.563558866936159e-05,-1.3345115323908207e-05
58.6494920000041,-6.560695207099657e-05,-1.8379359456579043e-05
58.70375749999948,-0.30916827466927144,0.48596661125072266
58.75413249999838,-0.5473734048577567,0.9862925497113884
58.80570950000401,-0.8577732610334163,1.4472015337115942
58.850557800004026,-1.3128441354381917,2.143996049415235
58.906356600004074,-1.8764347718222056,2.0301636079921273
58.95155969999905,-1.892288888981821,1.8919126855740496
58.99760750000132,-1.747172128138302,1.7470066557438184
59.05266710000433,-1.6104550738110337,1.610514338056086
59.099073500001396,-1.4851006528001376,1.4850715658063007
59.15353689999756,-1.369222694980287,1.368728085775405
59.201334999997925,-1.2637950450185658,1.2631796099737764
59.246564499997476,-0.556246855597905,1.8236921103921488
59.30390820000321,-0.13624629534228014,2.2287705957785215
59.34843510000064,0.2888961623042822,2.6879814891907405
59.40559590000339,0.7714344426728471,3.2531249014720554
59.44689450000442,1.4119276398328076,3.9659098297381337
59.49710900000355,2.5673790232544764,4.83371326267401
59.553043899999466,3.745680332058921,5.746005547940656
59.602791800003615,5.037075628869473,6.506547897132686
59.65489009999874,6.325110145865098,7.1558607848149896
59.696740500003216,7.509421425864079,7.791741106568221
59.751113300000725,7.606308743739568,8.270795803321175
59.8039088000005,7.611257601353411,8.388482565556053
59.85458910000307,7.626007490507721,8.373558022776225
59.89450780000334,7.645948985096929,8.353507532874591
59.95334539999749,7.666207091210598,8.33339063883392
59.99585379999917,7.683885867864747,8.315663022899551
60.05427810000401,7.699102447866957,8.300477111507222
60.10653699999966,7.712583725902035,8.28700447035725
60.15244540000276,7.72541460328816,8.274149166454617
60.20332159999816,7.737960298011765,8.261832605905397
60.244821500004036,7.749642154398325,8.25017762881602
60.30290640000021,7.760189970010155,8.239369950421757
60.35349690000294,7.76946748655215,8.230098704262549
60.40569169999799,7.777873491838134,8.221871189641316
60.45460289999755,7.7841514954631466,8.21541419483621
60.505815199998324,7.7887943493487475,8.210836779729851
60.547476200001256,7.7920714105362245,8.20761875816823
60.599960999999894,7.794580924768025,8.205396366213828
60.651718599998276,7.798095741575323,8.201891545389906
60.69782950000081,7.800823206943184,8.199168487841924
60.7456611000016,7.802202314567764,8.197768489113805
60.80546350000077,7.802206548405138,8.197742757586852
60.84798769999907,7.800558917677474,8.199385950294564
60.89773430000059,7.797063336449695,8.202884450905268
60.95298870000261,7.791044469572597,8.20892249550311
60.9975345999992,7.781686058406666,8.218192344757265
61.052962200003094,7.76796073164523,8.231979695263522
61.10037929999817,7.747436822647136,8.252409439696196
61.15981550000288,7.717606614120422,8.28242270945994
61.20305680000456,7.6686173989643,8.331333571256927
61.24835660000099,7.582055868090559,8.417572277594429
61.297744199997396,6.534411801042708,7.537103122024385
61.35516830000415,5.66946409290019,6.627929109968957
61.39955700000428,4.962574648124941,5.6897203192643
61.44417539999995,3.807244022485097,4.748141318305014
61.4987953000018,2.9373365635715185,3.8602136666394498
61.55381710000074,2.081936707889835,2.964887327300838
61.604414800000086,1.2406804825100102,2.0553392991290496
61.64693190000253,0.3929356398287898,1.1442167758717527
61.69995790000394,-6.108033732129838e-05,0.2606421751882747
61.752401600002486,-9.629047070797776e-06,9.872740296396968e-05
61.79850699999952,-1.8822506997463825e-06,8.322544320367348e-07
61.851765600004,-1.1001192179443876e-07,-4.5380208657496645e-05
61.90285050000239,-3.5565550504638844e-07,-1.4238477774590139e-05
61.954371400002856,8.578062704596209e-07,-5.75067472307891e-05
62.00569650000398,-2.466645732111931e-06,-0.00017706717265746267
62.05029700000159,-1.085111289710894e-06,-7.322156081453783e-05
62.1035641999988,-3.0379918136687056e-06,-0.00018994666741704933
62.14794599999732,1.834559171242261e-07,-7.588821793187987e-08
62.20478010000079,5.164188188186559e-07,1.2947311267546048e-05
62.2463063000032,3.3460683113145194e-06,-0.00020729319079031182
62.30587480000395,3.0806663997557725e-06,-0.0001493051827949273
62.3494903000028,3.4161801387693483e-06,-0.00016415899617421397
62.40251069999795,1.7687578512939173e-06,-0.00011002186661718738
62.446424200003094,1.641492008984939e-06,-7.116857219099221e-05
62.50435010000365,1.398010507357834e-06,-6.717920681961218e-05
62.55364810000174,1.7206773783575796e-06,-5.096727138107161e-05
62.603826200000185,5.751702225606337e-07,-4.2900275609692484e-05
62.651223000000755,1.7041244859674784e-06,-4.1578255960385124e-05
62.704088300000876,1.6897994115075103e-07,-1.4764047218111207e-05
62.74488279999787,1.9976331699912192e-06,-0.0001668280355637159
62.80615969999781,2.4769716056015175e-06,-0.000173281989601581
62.85724769999797,1.1399322374921747e-06,-0.0001519149778527664
62.89588860000367,3.531644932051462e-06,-0.0002524615756782023
62.95417319999979,2.871619297904667e-06,-0.00023341736636866024
63.004100400001334,1.1844334402149651e-06,-0.00021137442880452055
63.0458837000042,2.419958544662576e-06,-0.00016424269051456102
63.09703360000276,3.479655563685565e-07,-0.00020820007708970183
63.14491350000026,1.3935640308375217e-06,-0.00013128375839771336
63.19658200000413,1.7096742688229719e-06,-0.00017772852788360178
63.245136500001536,-1.5830768584904296e-06,-0.00022831293460250307
63.297874600000796,-9.81163505997027e-07,-0.00019302032739913828
63.346412200000486,-1.928178072762145e-06,-0.00035226384524911415
63.39698679999856,3.1900888153285958e-06,-0.0003694230931272846
63.44758749999892,3.316546148822121e-07,-7.962223040887695e-05
63.49608299999818,1.1602268479287862e-06,-0.0003522098425801109
63.54898060000414,-1.7460479284627746e-06,-0.00037251745372837415
63.59810699999798,2.5374737866444073e-06,-0.00036143536945588766
63.64795220000087,-3.1129488986520633e-07,-0.00037951276397055786
63.69949839999754,-4.162473743460995e-06,-0.0003923125313388074
63.746847200003685,-2.0234207198644635e-06,-0.00020542970952101876
63.79587840000022,-3.43737145413849e-06,-0.00027191371385620905
63.84501099999761,-2.4985637558914683e-06,-0.0002416142956706464
63.897582099998544,-1.7955089082190822e-06,-0.00014670573698077254
63.94592410000041,-2.3154701267446376e-06,-0.00021221654974416871
63.99584409999807,1.232647772741382e-06,-0.0001565325300489276
64.0453037000043,1.575658092888592e-06,-0.00025574250793741196
64.09482089999801,-2.372727903042667e-07,-0.00024438480562543295
64.14535400000022,-2.135109422595223e-06,-0.00017693721559013304
64.19497989999945,-6.842648114787461e-07,-0.00017894401059808003
64.24468290000368,-2.331857362757234e-06,-0.00020486726407524565
64.29539600000135,-1.9131642936533116e-06,-0.00020910207023654197
64.34561509999912,-3.8814933489541696e-07,-0.00019945064653186005
64.39479910000227,-2.6324486590554163e-06,-0.00027017151746905273
64.44560700000147,-2.1993927457042278e-06,-0.00022525871012917155
64.49670740000147,-1.9592136801794802e-06,-0.00019032485542018547
64.54492759999994,3.9661581796559234e-07,-0.00013899951957213169
64.59530990000349,2.1047085740929775e-06,-0.0002117210691212724
64.64314300000115,2.3104124835547833e-06,-0.00020650377061693064
64.69398139999976,1.5471953496174112e-06,-0.00020001060949702984
64.74348800000007,-2.9335916806898546e-06,-0.00030045613822510025
64.7960280000043,-7.979107929941316e-07,-0.00011009700147123791
64.8440178000019,-1.2607227262162822e-06,-0.0002839195048846205
64.89564750000136,-9.584151139394426e-07,-0.00023395268646835246
64.94460690000415,-3.462388598055407e-06,-0.0003070732005676205
64.99876080000104,-6.858257073367311e-07,-0.00014014444328372416
65.04571849999775,3.0678728002470222e-06,-0.00021989540272018276
65.09525920000306,1.8163155424150012e-06,-0.00018530888992193762
65.14532499999768,2.68237467793386e-06,-0.00019411920524368853
65.19624140000087,1.7833735377353455e-06,-0.00023299880203024687
65.24333109999861,3.1272160749857413e-06,-0.00023072752788370635
65.29344639999908,2.397095488773053e-06,-0.00019958885983960932
65.3437006000022,9.259680133774745e-07,-0.0002182325525293047
65.3958238999985,1.4088747057896024e-06,-0.00020445726218754022
65.44522359999974,1.8575899152234695e-06,-0.0001972611563873965
65.49507879999874,2.0852658266809023e-06,-0.00014586058564317733
65.54662749999989,2.2310279845803334e-06,-6.671589494195526e-05
65.59467849999783,5.479668274693249e-07,-2.5466912201311727e-05
65.647157899999,1.4408138793178043e-06,-4.34970862884087e-05
65.6945893000011,1.1640206132323455e-06,-3.69417765822338e-05
65.74450149999757,3.586585251017447e-07,-1.7957929010508893e-05
65.7946368999983,-3.178331486888956e-07,-1.3149613475883262e-05
65.84600820000196,2.776686436336856e-07,-7.715732153197676e-06
65.89524620000157,2.077299221527553e-07,-7.287925019034937e-06
65.94473880000442,-1.3800455223046743e-07,-4.443437529037686e-06
65.9942377000043,1.9976783560711603e-07,-3.6694351379684956e-05
66.04926420000265,5.660958812830505e-07,-1.864291906407722e-05
66.09536310000112,-6.033120669718332e-08,-1.236096524027689e-05
66.14434379999875,5.221713617058784e-07,-7.322206840860712e-06
66.19518410000455,4.118941632217793e-07,-0.0001972604126711968
66.24528160000045,8.23103363246285e-08,-0.00018647829502802207
66.29572670000198,-4.275523046718968e-07,-0.00020873774100338982
66.34354549999989,2.9036073101478027e-06,-0.00015970435108830352
66.39519100000325,3.8833099402815e-06,-0.0002633304208469015
66.44595090000075,3.202249221348623e-06,-0.00020867474042086118
66.49616629999946,2.739843285584347e-06,-0.00023999697980087002
66.54594109999744,3.1999988325843967e-06,-0.0001722720068377374
66.59525030000077,2.272446586461931e-06,-0.00029881975649497785
66.6448418,1.2493114098799646e-06,-0.00039146552759444325
66.69647740000073,-2.7090863996573e-07,-1.3603438364663438e-05
66.74295330000314,3.2940228322816383e-07,-3.5754243565865635e-06
66.79531680000218,-5.851559237163066e-08,-1.979060052505615e-05
66.84463880000112,2.7057041052127765e-07,-0.00010124618509142683
66.895869699998,1.059355880795718e-06,3.067455767172281e-06
66.94372200000362,-3.883551258358133e-08,-4.650739503513188e-05
66.99441220000153,-2.8976447907806665e-07,-0.0002156494509078114
67.04604600000312,-1.0109209580564695e-06,-0.0002615810631104514
67.09624320000148,-2.299752044356711e-06,-0.00036507406457939783
67.14517940000223,-1.5670424069483642e-06,-0.00015173455163457184
67.19557270000223,-1.7192733459141616e-06,-0.0001895680975640755
67.24424500000168,-1.7426525111845812e-06,-0.0001648571624214855
67.29433789999894,-2.734534199080585e-06,-0.00023706528975458348
67.3463042000003,-2.188029935014982e-06,-0.0003216265736520766
67.39463690000412,1.901125590288497e-07,-0.00025442830565743953
67.4440459000034,9.57916235223327e-07,-0.00028863352095101675
67.49499669999932,-1.5493602734132019e-06,-0.00011457609182541296
67.54602270000032,-2.842333757249547e-06,-0.00013014702253690268
67.59709129999828,-7.446580241328272e-07,-2.812515957908781e-05
67.6451350999996,2.1219077162035064e-06,-5.197889452195634e-06
67.69465250000212,4.4724116632407096e-07,-1.0352040147330581e-05
67.7450777999984,-1.1568525692961493e-06,-0.0001089797845411568
67.79494130000239,-1.1898297458412253e-06,-7.458893539487329e-05
67.84331480000401,-7.916372446466465e-07,-6.079026628752553e-05
67.89451030000055,-1.2833577867089067e-06,-9.562316033449216e-05
67.94529740000144,-2.8401569096584718e-06,-0.00021566694985454752
67.99611729999742,-9.169255577043413e-07,-0.0002869358640359684
68.0447353999989,2.149686395560303e-06,-0.00013970849908076475
68.09886060000281,1.6215974230086344e-06,-9.426856490977227e-05
68.145809499998,1.722677200889823e-06,-5.4336728760923226e-05
68.197636900004,1.1017997181294065e-06,-3.738665772526997e-05
68.24532049999834,8.339386070595846e-07,-3.6166053041275296e-05
68.29579010000452,4.7318327034460996e-07,-1.5702401157128152e-05
68.34583759999805,9.369448328308744e-07,-5.151137010277774e-05
68.39690949999931,-1.2638343704918625e-07,-0.00017154849714113795
68.4463762000014,-2.2338614513748633e-06,-0.0001980603804854113
68.49546270000428,-2.8307258759267194e-07,-0.00015729117364154217
68.54573769999843,-7.087051834282272e-07,-0.000133571270588682
68.5959303999989,-9.803288070218163e-07,-8.104189932475014e-05
68.65004310000222,-1.5613272563733452e-06,-9.34008501763723e-05
68.69445339999947,2.585866631934628e-07,-3.0289275054801077e-05
68.74428389999957,-2.0307311388042136e-08,-7.118822806801946e-05
68.79559039999731,-1.0337613431952684e-06,-0.00010799709094799015
68.84602380000433,9.894630781390863e-07,-8.581082466826463e-06
68.89545850000286,1.0314115672658776e-06,3.6679390524907487e-06
68.94550270000036,-8.856171795920414e-07,-8.630323447008994e-05
68.99463079999987,-8.41032843369104e-07,-0.0001362046757603886
69.0458273999975,-1.4677340232096574e-06,-0.00013689136816332967
69.0941892999981,-9.193088068579248e-07,-0.0001315235543587659
69.14721260000078,-1.4031495187984404e-06,-0.00017213756268192899
69.19386210000084,-1.3184473957051691e-06,-0.00025948620372448847
69.24892140000156,1.01892592141532e-06,-0.0001498610277540895
69.2951097000041,7.388431200190452e-07,-0.00020875156943068202
69.34531620000052,-1.1201651162206146e-06,-0.00023184442706795832
69.39686079999956,-0.5265472152335886,0.3926071444126134
69.44534030000068,-0.8269700559835725,0.7684860633646733
69.49768400000175,-1.0271236108077921,1.1551973386656875
69.54484840000077,-1.2730152618226915,1.5419765992195709
69.59444390000135,-1.613906079467986,2.279343318563661
69.64723439999943,-2.1222592792814465,2.7564658702873275
69.6980298999988,-2.8704124615039412,3.1290929851310025
69.74427210000431,-3.600588786136503,3.4439128650383335
69.79505359999894,-3.6623225526061836,3.5998053872717395
69.84479999999894,-3.6695483170109684,3.5999964960066824
69.896940300001,-3.6005507698616657,3.5999602254221967
69.94320960000186,-3.600315237785528,3.5996493177298854
69.9949018000043,-3.600355074603627,3.6000747954360177
70.04449649999879,-3.6004023252665553,3.6000515592414444
70.0966286000039,-3.600035744355335,3.599686304397473
70.14470670000446,-3.6000150447796355,3.5997142198516876
70.19685059999756,-3.600308097498389,3.5997493589596714
70.24510349999764,-3.6005323481777585,3.5999972806976572
70.29546049999772,-3.6000263815264346,3.5996588949990707
70.3456301000042,-3.5015955862705863,3.501280456454567
70.39454500000284,-3.2309954341371743,3.2307480404824824
70.44466639999882,-2.9780965990475097,2.9779892983787257
70.49581700000272,-2.7446031641286868,2.744685104180135
70.54728389999946,-2.5290441257452856,2.5293204208534013
70.59580619999906,-2.332642166476627,2.332509642337388
70.64571219999925,-2.153290708614179,2.152324961276223
70.69745649999822,-1.9869733853180558,1.987057979856287
70.74483390000387,-1.8335520630240343,1.8334609586270432
70.79560769999807,-1.6920689064137568,1.6919445803744628
70.84476189999987,-1.5622473464704616,1.5619466142346041
70.8945281999986,-1.4425249684505768,1.4425318185595442
70.94473830000061,-1.3328654015433996,1.3320875764804576
70.9968876999992,-1.2312170357196313,1.2304259941094378
71.04430639999919,-0.40938717670478214,1.797037596258031
71.09491500000149,-0.008074391600756686,2.2208514359929072
71.14525120000326,0.3953894835465435,2.695832859507809
71.20080130000133,0.8840185531035266,3.289643873024628
71.24637320000329,1.400415492754439,4.038062766339445
71.29427310000028,2.4636972632128216,4.9423944926139205
71.34490370000276,3.625473148502419,5.847556671594511
71.39645490000112,4.849313707753686,6.626676297445898
71.44505780000327,6.096729522713172,7.309298285634542
71.49532619999809,7.264856866667101,7.967061496127857
71.54559580000205,7.673548014052805,8.323727026106752
71.59710720000294,7.671344713757479,8.328303726713333
71.64611049999803,7.683719529198259,8.315708712576006
71.69614020000154,7.697090400284942,8.302735314671233
71.74648080000043,7.709121232025581,8.290353106277404
71.79679960000067,7.7200550860334625,8.279568503567592
71.84775549999904,7.729106360927507,8.270155880013217
71.89444699999876,7.737257101101053,8.262194538827801
71.94354220000241,7.744442731415298,8.25483875970599
71.99470650000148,7.750345350576358,8.248935200196229
72.04741179999837,7.755336449102656,8.244329736453942
72.09448549999797,7.758891865155225,8.24082747420323
72.14384070000233,7.760770405650357,8.238529352473384
72.19473640000069,7.76156141298345,8.237961352224902
72.24761150000268,7.760363032653395,8.23917975358242
72.29467750000185,7.756925793063306,8.242523385426852
72.34384900000441,7.751058388239014,8.248421366964495
72.39465989999735,7.741504975460668,8.258088139046702
72.44559010000376,7.727224390483932,8.272299591340172
72.49390290000156,7.706252280191966,8.293294872997585
72.5460665999999,7.675077344978974,8.324765676192698
72.59645360000286,7.625758776136407,8.373830643798792
72.64753960000235,7.543712813768999,8.455941359511424
72.69879590000346,6.686471087315711,7.412639396774645
72.7485044999994,5.812854807077758,6.503984640390362
72.79670530000294,4.948754504296249,5.567824580440883
72.84575510000286,4.089956322849828,4.651224226800268
72.90284760000213,3.1387173264815065,3.692888363393259
72.94737249999889,2.263718014076159,2.803898754072411
72.99387710000155,1.3839832084786043,1.9373140574601955
73.04376970000158,0.5287121739179595,1.0528033905860095
73.09754619999876,-0.0003076394449384582,0.2594366925974782
73.14414309999847,-0.0005539766979823966,3.085338053934781e-05
73.19563229999767,-0.0005556370768834406,3.078512675894244e-05
73.24552950000361,-0.000520348776956675,2.8786446645860578e-05
73.29506219999894,-6.893221913002201e-05,2.9669038337259205e-06
73.34489890000259,-0.00017243147847363416,8.769783843573172e-06
73.3961941000016,-0.00014996299166917862,7.4550646989092285e-06
73.44490170000063,-0.0001494304334966167,7.506825355781011e-06
73.49455229999876,-0.00015635250489880732,7.861470457955424e-06
73.54585020000377,-0.00015695737709558243,7.951178077066374e-06
73.59392040000239,-0.0001747719274193962,8.921468847019955e-06
73.64370159999817,-0.0002309619180354388,1.2211675229367734e-05
73.69428200000402,-0.0001862333614906806,9.631920680495002e-06
73.74817640000401,-0.00010356078541117085,5.09817921768205e-06
73.79459240000142,-0.0001338377724620295,6.68666916559588e-06
73.84391580000374,-0.0002157014863587596,1.1414884928961207e-05
73.89412260000245,-0.0002074877631960165,1.0826723370614826e-05
73.94638230000419,-7.693448637887094e-05,3.4815745675352312e-06
73.99500390000321,-0.000210171908410447,1.094530864554796e-05
74.04370519999793,-0.00014118318772141227,7.113076569426977e-06
74.09526310000365,-0.0001468360725455444,7.3693025765054075e-06
74.14321899999777,-0.00015119335023698534,7.655543851632664e-06
74.1957528999992,-0.0001488568815351358,7.441311214446797e-06
74.24440229999891,-0.0001779450210711208,9.159615957385354e-06
74.29744260000007,-0.00014809941268915496,7.623496942062154e-06
74.3462942000042,-0.0001666862257583878,8.625231079370041e-06
74.39662990000215,-0.00016083717579734298,8.142771704141206e-06
74.44410249999783,-0.00016343751356745514,8.320582020612054e-06
74.49390690000291,-0.00013455080116755373,6.711144562305259e-06
74.54320050000388,-0.0002045354904586235,1.0701767583230795e-05
74.59480749999784,-0.00016331707350952812,8.286486929972348e-06
74.64275030000135,-9.798903937161963e-05,4.6342105292127535e-06
74.6928998000003,-0.00016327095356000196,8.341704002553336e-06
74.74343640000006,-0.0001085073814772671,5.151766277471626e-06
74.79754859999957,-0.00014470896063948347,7.246505023823443e-06
74.84425049999845,-0.00011158232942076365,5.315598355930934e-06
74.89329649999854,-0.0001727840961420323,8.89920713232605e-06
74.94427659999928,-0.00021910576299990377,1.1453857490250506e-05
74.99362020000262,-0.00012590983877748332,6.110231037809173e-06
75.04425740000443,-0.00012616047340164959,6.176497469040433e-06
75.0937821999978,-0.00020326392089508935,1.0571881944874864e-05
75.14332339999964,-0.00012761298320020082,6.298501345486553e-06
75.19285939999827,-0.0001315879048836747,6.502523361435007e-06
75.24541060000047,-0.00018003377171024114,9.256414210132108e-06
75.29421459999867,-0.0001544651444503224,7.874499782796699e-06
75.34320000000298,-0.00016533448672379202,8.454993902237063e-06
75.39402100000007,-0.00024058670798104902,1.2716079572661548e-05
75.44490629999927,-0.00024614545983709675,1.2976768468132159e-05
75.4931179999985,-0.00011632167820086046,5.634990007946225e-06
75.54314770000201,-0.00020286147597048114,1.0559228311178453e-05
75.59354829999938,-0.0001701376562720046,8.670586806877163e-06
75.64344459999847,-0.0001836362321762915,9.536338424495989e-06
75.69414770000003,-0.00013975250321165948,6.969332846946353e-06
75.74281870000414,-0.0001990742017900978,1.0346670423220773e-05
75.7952781999993,-0.00018879500811606043,9.792379404580693e-06
75.84543700000359,-0.00013150308011146834,6.46779236280237e-06
75.89502229999925,-0.0001929107271705199,1.0013453319311036e-05
75.94304969999939,-0.00018561286077042996,9.58309379351691e-06
75.99283390000346,-0.00013199688355682498,6.5340356902924865e-06
76.04413039999781,-0.00018335513765085725,9.478578014152381e-06
76.09529189999739,-0.0002185063718409743,1.1498507981887924e-05
76.14307840000401,-0.00020673538880822408,1.0870611943946018e-05
76.19315520000237,-0.000205174984199919,1.0803141572989065e-05
76.24349159999838,-0.00018983686476146253,9.973413511730394e-06
76.29441560000123,-0.00016303056025473973,8.367584250498058e-06
76.34502839999914,-0.0001733030967622912,9.018601135343684e-06
76.39418770000339,-0.0002003834195493041,1.0546467035808687e-05
76.44350850000046,-0.0001606640549935392,8.35294859114693e-06
76.49402440000267,-0.00020096027415227876,1.063472605257045e-05
76.54346890000306,-0.00023741603057152971,1.2499697305002051e-05
76.59273519999988,-0.00023268857987394963,1.2240913033212435e-05
76.64404939999804,-0.0001472507373841221,7.50710797415416e-06
76.6943941999998,-0.00018870671208168742,9.871801751058053e-06
76.74418970000261,-0.00015015793932997092,7.601219723103711e-06
76.79418060000171,-0.00017157596001755537,8.972667672754568e-06
76.84551379999903,-0.00012405292939566688,6.275827682539361e-06
76.89298489999783,-0.00019322172586398492,1.0268181174786691e-05
76.94451870000194,-0.0002491960612974322,1.3271824647621421e-05
76.99402959999861,-0.00016724163316456602,8.824125796732786e-06
77.04533010000159,-0.00015793580407946113,8.271148876922459e-06
77.09514650000347,-0.00018079561918701338,9.521732194381686e-06
77.14385530000436,-0.00019907515680116802,1.0623789181717032e-05
77.19344439999986,-0.0001519737431872477,7.735975457452791e-06
77.24320509999961,-0.0001360245878602405,6.808977146006234e-06
77.29470640000363,-0.00022252368503419676,1.1928324472620688e-05
77.34554290000233,-0.00014325254298356115,7.320030012698539e-06
77.39610849999735,-0.00016368664370619627,8.247740254659639e-06
77.44313379999949,-0.00019514428437637815,1.0266369560039585e-05
77.49309039999935,-0.00018232329393205417,9.77549113601929e-06
77.54385220000404,-0.00017530057694355319,9.413644669340154e-06
77.59711860000243,-0.00022535384438552027,1.1821747492046443e-05
77.64361220000137,-0.00027567269289575024,1.4921754534782656e-05
77.69378670000151,-0.00019281718164363952,9.96625832695238e-06
77.7446590000036,-0.00012252910992505947,6.0976904608989135e-06
77.79509569999937,-0.00016678782066865022,8.635339920911674e-06
77.84594880000077,-9.65558494493229e-05,4.519041121868408e-06
77.89329259999795,-0.00016472924713201357,8.4331238575729e-06
77.94460560000152,-0.00020078359291041942,1.0437967482022698e-05
77.994534999998,-0.00013552640183447413,6.763174342789326e-06
78.04368100000283,-0.00014307113725145837,7.1452067235198755e-06
78.09403469999961,-9.857940681544035e-05,4.666480341035476e-06
78.14427360000263,-0.00014562002483856735,7.32357055000632e-06
78.19334040000103,-0.000133336924479497,6.606533128900486e-06
78.24470339999971,-0.00021664702214454004,1.117558298681005e-05
78.29407090000313,-0.00019081172659994025,9.694714819827805e-06
78.34591390000423,-0.00015395794856780642,7.822511768902818e-06
78.39454520000436,-0.00018702329676065528,9.61257402288571e-06
78.44480309999926,-0.00016183163684696354,8.172562873672514e-06
78.4945824000024,-0.00013517561914269116,6.64330485900582e-06
78.54403479999746,-8.51597651064485e-05,3.827262087811185e-06
78.59402930000215,-0.0001643401182695473,8.284946684263595e-06
78.645491700001,-0.0001558786316914661,7.789828848643748e-06
78.69288360000064,-0.0001247083977863433,6.180078843126617e-06
78.74450420000358,-0.00011970835344943755,5.799773586395442e-06
78.79311900000175,-0.00012644119498096538,6.110464884084851e-06
78.84478759999911,-0.0001900883930291214,9.736317527218018e-06
78.8975231000004,-0.0002230024281238133,1.1511720998679738e-05
78.94266050000442,-0.0002363964592108561,1.2294010218194627e-05
78.99403590000293,-0.00013605608697466845,6.699065105426049e-06
79.04266810000263,-8.96249581661969e-05,3.975305923335234e-06
79.09456009999849,-0.00019524857970430783,1.0116593984763935e-05
79.14488430000347,-0.00010432511663170911,5.020135621096724e-06
79.19392660000449,-0.00018082602473176205,9.244377410797062e-06
79.24426490000042,-0.0001720287826885825,8.687110875102009e-06
79.29677200000151,-0.0001539080208169838,7.558471776254676e-06
79.34366299999965,-0.00015164657547488115,7.383907033038428e-06
79.39664970000013,-0.00022081438362267096,1.1370536973098e-05
79.44502690000081,-0.00023543592128943063,1.2193918377823015e-05
79.49535530000139,-0.00024040929376439768,1.2801031781817792e-05
79.5427101000023,-0.0002308097757366792,1.1871194421930441e-05
79.59417000000394,-0.00012328985876398414,5.802957520067714e-06
79.64533949999895,-0.00014435358633172417,6.989539769192951e-06
79.69278620000114,-0.0001921091470765512,9.525226088444644e-06
79.74463079999987,-0.00014981024580877392,7.300554796814109e-06
79.79242299999896,-0.0002640693713005076,1.3789993863490343e-05
79.8445012000011,-0.0002898278146815967,1.4980832732672019e-05
79.8962085000021,-0.00024513034442592125,1.2722817069333236e-05
79.94681619999756,-0.00014777031966965243,6.993908341363631e-06
79.99472760000208,-0.00021014714008971917,1.0617366047470323e-05
80.04343189999781,-0.0001496933815599402,7.3615059853549345e-06
80.09346920000098,-0.00011487434683499197,5.489420992770831e-06
80.1462343000021,-0.00019462500997512132,9.789881397224167e-06
80.19423670000106,-0.0002915883456498313,1.5083700583021074e-05
80.24496750000253,-0.0002082950795403488,1.0658051941013475e-05
80.29402529999788,-0.00020795423502939956,1.0413011083963457e-05
80.34318560000247,-0.0002279332107948741,1.1588937928752041e-05
80.39623500000016,-0.00021652652404415324,1.0646422093928106e-05
80.44376059999922,-0.0002738259013316273,1.4119918095869076e-05
80.49454459999833,-0.0003261489627680552,1.74110044853951e-05
80.54296669999894,-0.00024942306180471285,1.2967667328845501e-05
80.59584780000296,-0.0001779091021171984,9.088507960117118e-06
80.64491010000347,-0.00025082462027677354,1.3012388402911711e-05
80.69423310000275,-0.000277367218926358,1.4547125529187276e-05
80.74292450000212,-0.00020232892396798355,1.016081566386032e-05
80.79449649999879,-0.00018657890951976036,9.117720384263475e-06
80.8443191999977,-0.00029989804662161265,1.5593451932486058e-05
80.89400279999973,-0.00028986663833699834,1.5076387874249213e-05
80.94628060000105,-0.00017870510435909795,8.87727968635596e-06
80.9949947999994,-0.0001565686663847406,7.709121377382019e-06
81.04439260000072,-0.0001114363793687195,5.30901571316672e-06
81.09369929999957,-0.0002582822249855579,1.3262218490085324e-05
81.14269770000101,-0.00025921524216019086,1.3336710330559203e-05
81.19325080000272,-0.0003210218290726621,1.6590281590193724e-05
81.2454773999998,-0.0003616497442854014,1.8951125282957228e-05
81.2927869999985,-0.00038917903109119144,2.055090713994553e-05
81.34400080000341,-0.0002669105577865927,1.3764909825865518e-05
81.39372110000113,-0.00031979621453502273,1.6633458432850513e-05
81.44664550000016,-0.00021036246145323653,1.0490433666197727e-05
81.49401080000098,-0.0001826667511891339,9.07766903591449e-06
81.54267390000314,-0.0002168248876030131,1.0996194627087578e-05
81.5933675999986,-0.00022976579740789234,1.173456865567426e-05
81.64595270000427,-0.00016362508818995643,7.978909291613308e-06
81.69385979999788,-0.00016911771396638985,8.312125265871121e-06
81.74343229999795,-0.00015301684563888562,7.340576799192993e-06
81.79545879999932,0.31809807681424435,-0.6020833245129921
81.84472520000418,0.5293940982983459,-0.9649023568026082
81.89385690000199,0.6958568616064128,-1.1714899281996247
81.94289189999836,0.960557600158416,-1.535326000513736
81.99477710000065,1.2457440036312497,-1.7145464192597515
82.04339769999933,1.6410780074989793,-1.904221410412993
82.09476469999936,2.06674500182428,-2.4173047348903847
82.14387800000259,2.3783969352911485,-3.2532202068387863
82.19360250000318,2.477442396994757,-3.6018051389132806
82.24469859999954,2.4362348925618647,-3.6000227148944743
82.29573669999809,2.6275671189151186,-3.5999968952774744
82.343320699998,2.5078302085933046,-3.6011219847063742
82.39487750000262,2.470346938880759,-3.601315067517766
82.44476040000154,2.8276299485856153,-3.601006862987554
82.49946230000205,3.3675114565368127,-3.600836870361669
82.54345099999773,3.6000906082747006,-3.6000147543651346
82.59375829999772,3.599772234584466,-3.599536127756917
82.64358340000035,3.600010999108847,-3.5999725106955105
82.69316889999754,3.4374137239622526,-3.4373876951955267
82.74492660000396,3.1708772231098874,-3.170984616210453
82.79298610000114,2.923050223221743,-2.9234917213417844
82.84363450000092,2.695233243240212,-2.6953695280207057
82.89259470000252,2.486896850029331,-2.4874326277069403
82.94487579999986,2.2949641039817057,-2.295609115261811
82.9948538000026,2.1179949711305794,-2.1191722649702416
83.0426673999973,1.9562317286462114,-1.9563741542416637
83.09323500000028,1.8071625448457866,-1.807284860375229
83.14591320000181,1.6691389301091668,-1.6697298184093432
83.19379090000439,1.5422070404729036,-1.542724181986682
83.2430658000012,1.4252520310772692,-1.425703411916924
83.29403319999983,1.3165728728878368,-1.3170799668657616
83.34435069999745,1.2163192842808492,-1.2168485685431023
83.39425800000026,1.8385166929557033,-0.4489979373790838
83.4435983000003,2.386186823566608,-0.013941843288203077
83.49628110000049,2.991767018828958,0.45918614460196866
83.54385590000311,3.6243335073855856,0.93157958193327
83.59601180000027,4.402589573885422,1.5657846623300278
83.64246780000394,5.235554797301894,2.5094386343097126
83.69401279999875,6.176028835153535,3.687768028600735
83.74392780000198,6.9916476037689055,4.92190963311317
83.79586360000394,7.766375066718707,6.184904858207339
83.84358310000243,8.312264787133486,7.337113535016127
83.89269700000295,8.275070987499712,7.724898208145
83.94472690000111,8.26105710293105,7.738924597672238
83.99737299999833,8.254560408724105,7.745433361707371
84.04471740000008,8.248744780068654,7.751254811661926
84.09448770000017,8.24364290256448,7.756358293123168
84.1433928999977,8.239732207843167,7.760262909746462
84.19419629999902,8.23741224138309,7.762583298803981
84.24445940000442,8.236734758148309,7.763252345900548
84.29248270000244,8.237709931658564,7.7622840401221636
84.34452620000229,8.240557946935068,7.75916899766255
84.3931214999975,8.245704493071901,7.7538755991449015
84.4444067000004,8.255126239919752,7.744827724821572
84.49310960000003,8.268528611042367,7.731287824857549
84.54529500000353,8.288801259217665,7.711148490172352
84.59367989999737,8.31889456486563,7.680920767519841
84.64493799999764,8.365925855608506,7.633965299311391
84.69398660000297,8.444111586738945,7.555718772634399
84.74344810000184,7.566179995219934,6.4937888168637325
84.79400049999822,6.661259131271884,5.634967101304879
84.84497170000395,5.735148960682319,4.777467602256497
84.89412470000389,4.810147714293825,3.9327408742646783
84.94332520000171,3.819460413719815,3.179868020224018
84.99461750000046,2.9533224149991097,2.205888213070146
85.04600190000201,1.8469495617143754,1.5380619944784637
85.09499170000345,0.9330697017438806,0.6795738327962099
85.1426449999999,0.03503702752142268,-0.00011666870973770119
85.19324110000161,-4.387543584009718e-06,-0.0006875042525187144
85.24519560000044,-3.6987664264776296e-06,-0.0005979576159124059
85.29574380000122,-3.506147827628672e-06,-0.0005696504809872942
85.34347839999828,-3.5545704157901163e-06,-0.0005602742738099121
85.3930693000002,-2.845920932251035e-06,-0.0005565721203483232
85.44481069999892,-1.4847049256707837e-06,-0.0005550744006889114
85.49513950000255,-8.879883384168868e-07,-0.0005549052679477648
85.54500990000088,-3.811803095391667e-07,-0.0005549894540280945
85.59466210000392,1.0690521801147442e-07,-0.000555123625202266
85.64441120000265,5.938957103884663e-07,-0.000555236320022409
85.6962721000018,1.0843794306946022e-06,-0.0005553251553170852
85.74420200000168,1.5796247865310575e-06,-0.0005553946802140363
85.79404629999772,2.0800965949715522e-06,-0.0005554492237392884
85.8593308999989,2.5860993568850506e-06,-0.0005554917581042077
85.90381499999785,3.097946621458168e-06,-0.000555524135871342
85.95746530000179,3.6160055616496077e-06,-0.0005555474488229112
85.99913540000125,4.140708875780987e-06,-0.000555562286698284
86.05186069999763,4.672562758938157e-06,-0.0005555688975212843
86.10375930000009,5.212156950489566e-06,-0.0005555672796820884
86.15680710000015,5.760177046459613e-06,-0.0005555572320637954
86.20109840000077,6.3174254383348855e-06,-0.0005555383757583893
86.25102470000274,6.884844849792283e-06,-0.000555510157741577
86.30118539999967,7.463555817828332e-06,-0.0005554718365398095
86.35371100000339,8.054903610784203e-06,-0.0005554224534421981
86.40465589999803,8.660524408740208e-06,-0.000555360785038481
86.45046880000154,9.282442092759089e-06,-0.0005552852685898308
86.50252380000165,9.923207611182297e-06,-0.0005551938888638221
86.55256489999738,1.058611180938382e-05,-0.00055508400419579
86.60114320000139,1.1275524569597508e-05,-0.00055495206428124
86.65371620000224,1.1997461890633594e-05,-0.0005547931362882512
86.70455120000406,1.2760608625328973e-05,-0.0005546000459112294
86.7515310000017,1.357833429028858e-05,-0.0005543616803839118
86.80333029999747,1.4473226572788565e-05,-0.0005540591577991497
86.84833810000418,1.548952800468928e-05,-0.0005536552994523829
86.90273470000102,1.6742000230622592e-05,-0.0005530532052112491
86.95306690000143,1.9031320408497553e-05,-0.00055157391726355
87.00358389999747,-0.00015979412678629036,-0.0003626577945841937
87.05021280000074,-0.0001601349398196412,-0.0003630872914444939
87.10035249999783,-0.00016016546975377758,-0.0003630572449680758
87.15273329999764,-0.00016038595180861356,-0.00036318409325550565
87.20409730000392,-0.0001601759225590656,-0.0003632564159588875
87.25121650000074,-0.00016030472619349068,-0.0003634021335413327
87.30077600000368,-0.00016008769319080969,-0.00036328918369185907
87.35117560000072,-0.00015995929834050225,-0.00036309150416355635
87.40106119999837,-0.00015995545212826466,-0.0003630330151943328
87.45327330000146,-0.00015994921410705397,-0.0003630540490134637
87.50100679999741,-0.00015994397654111746,-0.00036309843705115374
87.55045249999966,-0.0001599413351873151,-0.0003631503187944998
87.60087049999856,-0.00015994113015132692,-0.0003632065446962122
87.65445700000419,-0.0001599429671707524,-0.0003632664233649025
87.70082560000446,-0.00015994653203027108,-0.0003633295627697182
87.75086259999807,-0.00015995159700093618,-0.0003633955939169351
87.80657380000048,-0.00015995798985384991,-0.0003634641841504282
87.85428900000261,-0.0001599655739205579,-0.000363535050640882
87.9041744999995,-0.0001599742370019213,-0.0003636079573548815
87.95132890000241,-0.00015998388498433429,-0.0003636827077163379
88.00344050000422,-0.00015999443857566846,-0.00036375913605777145
88.05254869999771,-0.0001600058289309941,-0.0003638371006814176
88.1012686000031,-0.0001600179970641618,-0.00036391647975140157
88.15148249999766,-0.00016003089142751668,-0.00036399716757449147
88.2055193999986,-0.00016004446631317669,-0.000364079071313838
88.25289150000026,-0.00016005868181972636,-0.0003641621095012754
88.30659220000234,-0.00016007350208696206,-0.000364246209517116
88.35651979999966,-0.0001600888951848695,-0.0003643313067574816
88.40242009999929,-0.00016010483229205903,-0.000364417343146606
88.45027149999805,-0.0001601212875847431,-0.00036450426627086016
88.50416609999957,-0.00016013823742627343,-0.00036459202881253884
88.55032519999804,-0.00016015566057808362,-0.0003646805878393175
88.60084479999932,-0.00016017353724489717,-0.0003647699038716656
88.65111099999922,-0.00016019184989629251,-0.00036485994143795736
88.70652050000353,-0.0001602105816235729,-0.0003649506671093776
88.74878639999952,-0.00016022971807155473,-0.0003650420510209269
88.80196869999781,-0.0001602492443632494,-0.00036513406453995344
88.85246170000028,-0.00016026914840832824,-0.0003652266825088036
88.90817100000277,-0.00016028941750583978,-0.0003653198802250149
88.95318820000102,-0.00016031004113086978,-0.0003654136356506604
89.00104509999801,-0.00016033100855866378,-0.0003655079279801606
89.04946500000369,-0.00016035231019689492,-0.00036560273775130593
89.09973929999978,-0.00016037391700212886,-0.000365697933891166
89.15252460000193,-0.00016039586734367325,-0.0003657937333373199
89.20099370000389,-0.00016041812511707545,-0.00036588999713425396
89.25207519999822,-0.00016044068360548608,-0.0003659867125699143
89.30307739999989,-0.0001604635361586692,-0.0003660838655777755
89.35642240000016,-0.00016048667627071797,-0.0003661814420691071
89.40134370000305,-0.00016051009784650796,-0.0003662794296538202
89.45471230000112,-0.00016053379504626602,-0.00036637781627489287
89.49948569999833,-0.00016055776245210381,-0.0003664765907079703
89.55232329999853,-0.0001605819946572352,-0.00036657574222829803
89.60074470000109,-0.00016060648682108782,-0.0003666752607883576
89.65214520000154,-0.00016063123416970265,-0.0003667751368180268
89.70177179999882,-0.00016065623243982326,-0.00036687536125788554
89.75359359999857,-0.00016068147732378437,-0.00036697592529276305
89.80353710000054,-0.00016070696476927187,-0.00036707682076252
89.8494056999989,-0.00016073269110144757,-0.00036717803968465304
89.90126469999814,-0.00016075865250114428,-0.00036727957466507684
89.95373710000422,-0.00016078484581532858,-0.000367381418465137
90.00778649999847,-0.00016081126741357128,-0.00036748356417924655
90.05145179999818,-0.00016083791469795038,-0.00036758600552354304
90.10065310000209,-0.00016086478406024109,-0.0003676887355924394
90.15154669999902,-0.00016089187303574827,-0.0003677917490790695
90.2048894000036,-0.00016091917877119884,-0.00036789503977728647
90.24961540000368,-0.00016094669890181769,-0.00036799860238022455
90.30126949999976,-0.00016097443079637625,-0.00036810243146999513
90.34963910000079,-0.00016100237200128163,-0.0003682065221283104
90.40344410000398,-0.0001610305204182123,-0.00036831086920373536
90.451078099999,-0.00016105887379341556,-0.0003684154680777424
90.50361749999865,-0.0001610874300285699,-0.0003685203142317236
90.55206480000197,-0.00016111618723629618,-0.0003686254034912406
90.6043725999989,-0.00016114514350701073,-0.00036873073123776544
90.65494610000314,-0.00016117429698664116,-0.0003688362939074823
90.70153990000108,-0.00016120364583221722,-0.0003689420872704415
90.75106660000165,-0.00016123318854493787,-0.00036904810762960035
90.80053580000094,-0.00016126292350387744,-0.0003691543514544495
90.85342830000445,-0.00016129284912141703,-0.00036926081515896875
90.90208490000077,-0.00016132296385434664,-0.0003693674952570577
90.94982490000257,-0.00016135326641480757,-0.000369474388740012
91.00534879999759,-0.00016138375537061208,-0.00036958149236598035
91.05727299999853,-0.0001614144297780706,-0.00036968880303744065
91.10255899999902,-0.0001614452878164175,-0.00036979631759025713
91.15489510000043,-0.0001614763285641675,-0.0003699040334820192
91.20484020000004,-0.000161507550833382,-0.00037001194785945353
91.25330580000445,-0.00016153895382470045,-0.0003701200582245585
91.30263240000204,-0.00016157053587278832,-0.0003702283613132781
91.3501208000016,-0.00016160229654465865,-0.0003703368553714603
91.40378359999886,-0.00016163423440812368,-0.00037044553752362734
91.4520091000013,-0.0001616663490746054,-0.0003705544055271287
91.5026754999999,-0.00016169863921183618,-0.00037066345718372276
91.55452750000404,-0.00016173110399825096,-0.00037077269009532795
91.60263059999852,-0.0001617637427011025,-0.00037088210213031576
91.6528352000023,-0.00016179655466535932,-0.00037099169124587606
91.70567680000386,-0.00016182953899174064,-0.00037110145541030065
91.75247449999733,-0.00016186269494749942,-0.00037121139258077933
91.80018330000166,-0.00016189602195531956,-0.00037132150096985266
91.85172520000197,-0.00016192951911592047,-0.00037143177855691493
91.90251069999795,-0.0001619631860962352,-0.0003715422236100184
91.95310590000008,-0.00016199702216351661,-0.0003716528345082372
92.00175670000317,-0.00016203102654060853,-0.00037176360919765884
92.05116319999797,-0.00016206519916089763,-0.0003718745464015268
92.1017026000045,-0.00016209953891416085,-0.0003719856438216795
92.15457649999735,-0.00016213404576709145,-0.00037209690071426737
92.20134130000224,-0.0001621687188426134,-0.0003722083149698668
92.25483830000303,-0.0001622035580963176,-0.0003723198854671525
92.3038682999977,-0.00016223856283986587,-0.0003724316105518921
92.35241020000103,-0.00016227373266247563,-0.0003725434886586712
92.40094310000131,-0.00016230906717556892,-0.0003726555186217556
92.45039070000348,-0.00016234456619040777,-0.0003727676992310023
92.50243369999953,-0.00016238022908526725,-0.00037288002869895204
92.55369449999853,-0.00016241605576022735,-0.00037299250625955104
92.60120730000199,-0.00016245204566017654,-0.0003731051302474648
92.65357100000256,-0.00016248819857417243,-0.00037321789961908367
92.70261320000282,-0.00016252451444670387,-0.00037333081334190013
92.75349010000355,-0.00016256099275596602,-0.0003734438700392377
92.79951670000446,-0.00016259763322440314,-0.0003735570686563845
92.85241189999942,-0.00016263443585201527,-0.0003736704082607533
92.90117509999982,-0.00016267140015030428,-0.00037378388757558744
92.95183540000289,-0.0001627085261525768,-0.00037389750561278855
93.00250880000385,-0.00016274581354797034,-0.00037401126132874694
93.05175840000447,-0.0001627832621810538,-0.00037412515389079534
93.10079360000236,-0.0001628208718852937,-0.0003742391819555638
93.15061920000153,-0.00016285864249415653,-0.00037435334494573654
93.20397650000086,-0.00016289657406315345,-0.0003744676417843971
93.24829580000369,-0.0001629346662703198,-0.0003745820714390381
93.30344860000332,-0.0001629729189824289,-0.0003746966335099793
93.35190670000156,-0.00016301133251034303,-0.0003748113266427485
93.40761819999898,-0.0001630499061102129,-0.0003749261501934164
93.44983959999809,-0.0001630886402816388,-0.0003750411033959291
93.50167340000189,-0.00016312753469155386,-0.00037515618536210823
93.55264149999857,-0.00016316658945098037,-0.000375271395281491
93.6008490000022,-0.00016320580436007817,-0.000375386732465739
93.65140090000205,-0.0001632451793966428,-0.0003755021960599806
93.70249219999823,-0.00016328471477161665,-0.00037561778549800206
93.75057709999965,-0.0001633244103184663,-0.0003757334999138294
93.79941279999912,-0.0001633642662259296,-0.00037584933871904444
93.85113110000384,-0.00016340428206101956,-0.0003759653012475134
93.90013700000418,-0.0001634444582789277,-0.00037608138674428444
93.95282620000216,-0.0001634847948574495,-0.0003761975947763707
94.00512020000315,-0.000163525291796585,-0.00037631392442228717
94.05442210000183,-0.00016356594927396982,-0.0003764303754266824
94.10345960000268,-0.000163606767045355,-0.00037654694675704907
94.15200460000051,-0.4501146497965745,0.2429030019015696
94.2024390000006,-0.7301375320456068,0.4636536126958669
94.25146839999798,-0.9576605698952384,0.677518451722562
94.30186900000263,-1.1242466263394617,0.9573627081250187
94.35307760000433,-1.4006792783368762,1.3690254400278954
94.40165720000368,-1.8342462414592502,2.055491098309514
94.45161599999847,-2.4784884340257167,2.4531516158163282
94.50329760000022,-3.3929472718060523,2.673276413923882
94.55132740000408,-3.632580674554306,2.8495989006384526
94.605369900004,-3.6312462142777338,2.8480956364792256
94.6491881999973,-3.623028851811659,2.781920307792902
94.70106970000052,-3.60057985936816,2.867687155356855
94.75219379999908,-3.600513770412688,3.2430453301650735
94.80087260000437,-3.600175391844291,3.5995189946034447
94.8516088000033,-3.600191743089935,3.6000762207075008
94.90348280000035,-3.600104395591487,3.5997566322698393
94.94945089999965,-3.6003414924229085,3.600037152727913
95.00079240000196,-3.6004176142604947,3.5999415973433178
95.05269170000247,-3.600025582732186,3.599709409687823
95.10347339999862,-3.6002075078251856,3.5997336872917947
95.1538847999982,-3.600243132450375,3.5999655809350526
95.19911139999749,-3.6002280099222586,3.5997602746394963
95.25000870000076,-3.600315518371369,3.5997330584736367
95.30146529999911,-3.6000386121058163,3.5996361782291766
95.35345950000192,-3.3589277464519354,3.358554300358437
95.40035960000387,-3.09715909469623,3.0966563735286914
95.45016169999872,-2.8557864035281026,2.8555684570513247
95.50127140000404,-2.633833589645102,2.6334032255697077
95.55029540000396,-2.430169997270591,2.429598271947142
95.6013563000015,-2.2430679453385016,2.2425106809301956
95.65334440000152,-2.0716474848499487,2.0718775665392104
95.70455460000085,-1.9143741546920954,1.914312430263416
95.75293989999773,-1.7681220771751858,1.7679904558750947
95.80044740000449,-1.6346244257560107,1.6341331033908917
95.85082890000194,-1.509869954097303,1.5093804181831927
95.90002370000002,-1.3954546183721617,1.3949186794122994
95.95115149999765,-1.2893640914692088,1.2888242098550606
96.00211510000372,-0.727097927208737,1.8392352089840058
96.05165629999829,-0.19617198661453453,2.508421683070132
96.1025249000013,0.20091237773001847,2.9658537942893535
96.15214689999993,0.7730021245420511,3.4951939664019136
96.20239369999763,1.4618781262365474,4.269015273188773
96.25208109999949,2.465953395995728,5.127103256153819
96.30435009999928,3.6890976391083985,5.987432899704656
96.35126210000453,4.94194647512935,6.768497689345259
96.40253949999897,6.180096902302741,7.449628589045305
96.45200669999758,7.325771283101017,7.801590369674763
96.4996433999986,7.517265653829857,8.218968460092396
96.55210290000105,7.514202933390627,8.48500132620943
96.60627499999828,7.522074950128854,8.486135542888052
96.65143209999951,7.534939375268982,8.464861120953072
96.70129930000257,7.546527348606771,8.452742314106544
96.75396320000436,7.555068657365654,8.444477253974592
96.80518609999854,7.560493840856333,8.439209314476624
96.85404299999936,7.563288733988078,8.436477412398075
96.90524359999836,7.562584105216719,8.437002388389592
96.95198209999944,7.5571951876031855,8.442508159519976
97.00037230000453,7.545186413139063,8.454404486919797
97.05187360000127,7.530589440319795,8.469369207684107
97.10215289999906,7.508790559453829,8.491029911602961
97.15229440000257,7.476853970414636,8.522916346215524
97.20257890000357,7.429866164776948,8.570134593604461
97.25408810000226,7.358039340665126,8.641452063286692
97.30331819999992,7.245057822288655,8.754721713393979
97.3528215999977,7.0492103025960935,8.950564237999597
97.40142570000171,6.169440419867743,7.911344414908862
97.45364120000158,5.250171378627195,7.035204415352101
97.50179170000047,4.392024336006753,6.128606553016434
97.55116110000381,3.548959171024477,5.181041544458517
97.60378660000424,2.715680195809152,4.248698127374726
97.65512049999961,1.7563340701873782,3.284062417368595
97.7041481999986,0.9455328699452763,2.4032339600698873
97.75259950000327,0.11101708613214266,1.640243304727635
97.80205800000113,-0.1999140563550726,2.156061682978287
97.8522673999978,-0.526468040510008,2.670899446726386
97.90313099999912,-0.9501057127758985,3.2146627091560838
97.95248549999815,-1.5766190712432797,3.5997450924182455
98.0034536000021,-2.399295895422255,3.5996758606334947
98.05421770000248,-3.2916383506916365,3.599590001932535
98.10533790000045,-3.5999833618125328,3.5587046846659014
98.1517049000031,-3.599923940859633,3.5382935607647337
98.20366540000396,-3.599706880183257,3.5993322819836453
98.25131870000041,-3.600466195033706,3.6001839161899203
98.30352069999935,-3.6000818167033155,3.5996683796222992
98.35382709999976,-3.5993300179707877,3.6001352385006093
98.4017432000037,-3.5998273465655544,3.6004036758369553
98.45117230000324,-3.599997795528408,3.600080487067015
98.50080870000238,-3.600088675214226,3.5998725441994153
98.55143610000232,-3.6002802813724664,3.5999205687608877
98.60715250000067,-3.60000530261783,3.599423399518054
98.65635370000382,-3.6000808150198513,3.5996830813994785
98.69986320000316,-3.445790507426258,3.4452948841909588
98.75342580000142,-3.2042163056152866,3.2037069126927986
98.8010792999994,-2.9818406391235914,2.981312132954294
98.84870349999983,-2.776314977491525,2.7759156954500654
98.90163539999776,-2.589340427378241,2.588738778195594
98.95205069999793,-2.4161364529080798,2.4154217426243596
98.99967689999903,-2.256413535943,2.2557943467314976
99.04815750000125,-2.10737550884215,2.1066529363234086
99.10034710000036,-1.9704942775985825,1.9704864871595884
99.15218740000273,-1.842360468398668,1.8424169658857485
99.20432499999879,-1.724021101240914,1.7237755949976743
99.24971299999743,-1.6136694459551348,1.613111520796686
99.30251719999796,-1.5097736767296657,1.509155976313044
99.3493735000011,-1.4141927134249486,1.4136037059486266
99.40105819999735,-1.3243394266121882,1.3236616619592365
99.4487466999999,-1.2402125390859986,1.2395132653893985
99.50284770000144,-0.6126453034738328,1.731942684865139
99.55181920000177,-0.10558208315348622,1.927946695211225
99.60213140000269,0.4030431396336583,2.36873198950037
99.6513261,0.9366217499696491,2.8909176474663414
99.70192510000197,1.6788266413274078,3.910471662393267
99.75357390000136,2.6222753454805647,4.7175915276356495
99.80228989999887,3.8388641531172722,5.576687439248308
99.84738920000382,5.081014769999606,6.269392164980852
99.8992109000028,4.201263902854674,5.143562471681638
99.94905290000315,3.4615789589536,4.040736662142432
100.00151809999807,2.5495541725237,3.100112521195062
100.05174619999889,1.6444242360432388,2.1365269005943905
100.1001660999973,0.739406203353989,1.1729051709480305
100.15229800000088,7.0072980862320615e-06,0.23948587016308237
100.19959019999806,-0.00048822021371334925,-0.00019485763759229097
100.25272670000413,-0.00041173720863940585,-0.000199865239825174
100.3024499000021,-0.0004024149566023973,-0.00023236453509127556
100.35170640000433,-0.0004073665369814654,-0.0002523303265003685
100.40093470000284,-0.0004093294933566945,-0.00026060525575330993
100.44863939999777,-0.00041017073143589374,-0.0002640666306955424
100.49940090000018,-0.0004105503379487852,-0.0002655175417313058
100.54900479999924,-0.000410714395771668,-0.0002661162153530947
100.60025160000077,-0.0004107373747348447,-0.00026641151010841
100.65148970000155,-0.000410786866079201,-0.000266500962020954
100.69826900000044,-0.00041081469738312923,-0.0002665381119374304
100.74907260000327,-0.00041083531705576523,-0.00026655101398352854
100.8017422999983,-0.00041085275612817365,-0.00026655349866265766
100.85180580000451,-0.00041086916224907996,-0.0002665518512582226
100.90598689999752,-0.00041088469640082273,-0.00026654852689521547
100.94949120000092,-0.00041090043905244947,-0.0002665440667074408
101.00103079999826,-0.0004109159216343328,-0.0002665395912874063
101.05104569999821,-0.0004109316887663772,-0.0002665346130473638
101.10137910000049,-0.0004109473007558563,-0.00026652964689765013
101.14929339999799,-0.000410963057673849,-0.000266524669057288
101.19917220000207,-0.0004109788452339971,-0.00026651961695410765
101.25341399999888,-0.00041099473211469697,-0.00026651469501347486
101.30631130000256,-0.0004110107024508617,-0.0002665095739543426
101.35171270000137,-0.00041102663281899744,-0.00026650417038785946
101.39993790000153,-0.0004110428237453749,-0.0002664989164461333
101.45017499999813,-0.0004110587492285294,-0.0002664938194455339
101.50099649999902,-0.00041107512461846236,-0.00026648825102203383
101.54925640000147,-0.00041109139959982506,-0.0002664831054491771
101.59616330000426,-0.00041110765112217513,-0.0002664774369945825
101.6465984000024,-0.00041112410178522913,-0.0002664721233117554
101.69808629999898,-0.00041114050692913923,-0.0002664666062915813
101.75437780000357,-0.00041115702531579774,-0.0002664609751626848
101.79968209999788,-0.0004111737222707276,-0.0002664551117529271
101.85089339999831,-0.00041119045128889837,-0.00026644933076612676
101.89966940000159,-0.000411207180395887,-0.00026644361987880817
101.9510775000017,-0.00041122394245429495,-0.00026643798971580563
102.00286849999975,-0.00041124091754229697,-0.0002664320586379545
102.05074500000046,-0.00041125798269159075,-0.0002664261678723015
102.09987650000403,-0.00041127499290704916,-0.0002664199722060992
102.15053930000431,-0.0004112920256711373,-0.0002664140971834086
102.19709200000216,-0.00041130932503308026,-0.00026640794958986326
102.25103890000173,-0.0004113265085432507,-0.0002664017931478404
102.29959210000379,-0.0004113439461057557,-0.0002663955194440617
102.35000820000278,-0.00041136127896312735,-0.0002663892400004299
102.39998970000306,-0.00041137892652431756,-0.00026638262671273467
102.44962910000322,-0.000411396367428594,-0.00026637644082759716
102.50099770000088,-0.00041141411433254053,-0.00026636991598026806
102.54905090000102,-0.0004114316884968866,-0.00026636333823081183
102.59840249999979,-0.0004114496864111566,-0.0002663567452046868
102.65098179999768,-0.00041146748182074703,-0.00026635007248675303
102.70047309999791,-0.00041148552116854035,-0.0002663432713493221
102.74997409999924,-0.0004115035451508471,-0.000266336263355137
102.80079190000106,-0.0004115218035789499,-0.00026632936008828996
102.85162970000238,-0.00041153976696528397,-0.0002663225694979777
102.89723799999774,-0.00041155826955363437,-0.00026631533066622144
102.94910080000409,-0.0004115766202412705,-0.00026630820704230847
102.99909180000395,-0.00041159490487063674,-0.0002663011663520554
103.0515544000009,-0.0004116134113891767,-0.00026629389263709165
103.10235719999764,-0.00041241382065027157,-0.00026662219703187334
103.15350829999807,-0.0004119980650092447,-0.0002662983757842785
103.19954470000084,-0.0004120258390034604,-0.00026625699742798155
103.25342510000337,-0.0004120730307317635,-0.00026622800187757635
103.29858580000291,-0.00041211556655107483,-0.00026619637177903595
103.35289229999762,-0.0004121578859546121,-0.0002661649183724899
103.40116919999855,-0.00041219993920438346,-0.00026613350766512136
103.4503893000001,-0.00041224190471322934,-0.0002661017158625974
103.50073829999747,-0.0004122833682458368,-0.00026606942826777743
103.54990160000307,-0.0004123245157756649,-0.0002660371749677466
103.59911989999819,-0.00041236534560407204,-0.00026600469845737665
103.65436939999927,-0.000412405736861078,-0.0002659719269718513
103.70177780000085,-0.00041244576710686284,-0.00026593890689628855
103.75046999999904,-0.00041248529595372537,-0.0002659056423940247
103.7996318000005,-0.0004125245158477246,-0.00026587233534801455
103.85045450000325,-0.00041256346259355316,-0.00026583851154869756
103.90144180000061,-0.00041260199710247043,-0.000265804504973364
103.94966520000162,-0.0004126401633726149,-0.00026577001078807803
103.9995459999991,-0.0004126778155761921,-0.00026573543791018404
104.0534845000002,-0.0004127150669115419,-0.0002657008639886805
104.10492430000158,-0.000412751867651775,-0.0002656657554503816
104.15176000000065,-0.000412788240734099,-0.0002656304753049098
104.20179970000027,-0.0004128242751206848,-0.0002655949023270131
104.25173640000139,-0.00041285996020890264,-0.00026555887718858506
104.3051650999987,-0.00041289505817787835,-0.000265522994869247
104.35024169999815,-0.0004129298896267148,-0.0002654864702414802
104.39942470000096,-0.0004129642089074655,-0.0002654500574908876
104.45163960000355,-0.0004129979309659445,-0.0002654132170934882
104.50386280000384,-0.00041303148021820977,-0.0002653761364438262
104.55057490000036,-0.000413064544480649,-0.0002653386187992795
104.59906050000427,-0.00041309688286817245,-0.00026530118485444665
104.65062919999764,0.5517205975593681,-0.47669263369787945
104.69974789999833,1.1031004021505184,-0.6242421759739779
104.75674360000266,1.6471961816210694,-0.8193162866966698
104.80422389999876,2.1618836660852843,-1.101555408830031
104.85294270000304,2.6235165777912544,-1.5803392971873673
104.9005599000011,2.9633403162399437,-2.5422334812004808
104.95173179999983,3.281969979965775,-3.3261181158446225
105.00290990000212,3.491730748491309,-3.600174093191363
105.05084650000208,3.553543374829302,-3.600351882281127
105.10054500000115,3.3983231674729986,-3.3983915059636023
105.15605900000082,3.1341435519490175,-3.1341874439366633
105.20239369999763,2.8895903322962124,-2.8895658660784482
105.24998010000127,2.666298747748304,-2.6660950696947783
105.30305410000437,2.462291848460135,-2.462222949900032
105.35428949999914,2.274239933573732,-2.274227494049905
105.40123609999864,2.101169488419215,-2.101164257514637
105.4555124000035,1.941773660729119,-1.9417166044790883
105.50138800000423,1.7945326064790803,-1.7948394036086404
105.55247190000227,1.6589347233987022,-1.6597164146896037
105.60263580000174,1.5335271419595748,-1.5341853451292218
105.65174829999887,1.417336941407211,-1.4180392248111768
105.700691500002,1.3107907122308629,-1.3111691456311563
105.75177590000385,1.2106963205958625,-1.211047146260203
105.80431780000072,1.7083585525750553,-0.41610852516742297
105.8500978000011,2.1451271755923855,0.01885032489192383
105.90124739999737,2.6805318063735717,0.3731255572493436
105.95236660000228,3.343375849150503,0.8160369171902034
106.00336360000074,4.148604880610695,1.4629559582189695
106.0529263999997,5.079711788887988,2.3211794867123308
106.10067590000108,5.986695499781384,3.496879439489466
106.15055849999771,6.850851492392051,4.794117459861541
106.20041520000086,7.621460158738182,6.035082295543662
106.25236379999842,8.323832431711358,7.145449834328335
106.30055600000196,8.304442380085224,7.6964434243306314
106.35334040000453,8.292084986001784,7.708262662176049
106.40107340000395,8.287011939721484,7.712411184291929
106.45392770000035,8.283570835640658,7.715678828343952
106.49995940000372,8.281875946880712,7.717602165509877
106.5524155000021,8.28183994945249,7.71779653687466
106.60570259999804,8.284358073283986,7.715192528914583
106.65486719999899,8.289506827014092,7.710037043021109
106.705575400003,8.298076181778844,7.701314545611465
106.75056690000201,8.31138812761641,7.688540156236639
106.79965770000126,8.331212843752203,7.668145560585871
106.85357120000117,8.360938749249925,7.638729138828612
106.90290000000095,8.40548608572212,7.594222867066347
106.95151749999786,8.476695493548402,7.52307359146861
107.00146669999958,8.599247078493816,7.400407226118576
107.05116519999865,7.670536696601111,6.434589257301577
107.10153220000211,6.764286689080089,5.541996270120884
107.15037149999989,5.848704141025911,4.670170030341742
107.20265260000451,4.92883569446589,3.818389104083421
107.25135250000312,4.003691644965234,2.978534420551654
107.30107359999965,3.0639147302669705,2.1332839434142516
107.34846800000378,2.1247533219546275,1.3057794647384449
107.39886619999743,1.178993991617908,0.49249943356003917
107.44924100000208,0.3317026395059898,-0.00018953681663067635
107.499865400001,1.5004428810541433e-05,-5.4932797244384295e-05
107.54748870000185,-0.00021191369955509892,-4.21217276281136e-05
107.59967150000011,-0.0003008853827317067,-3.5400831333053565e-05
107.64917389999755,-0.0003354338754984103,-3.206831520333341e-05
107.70211830000335,-0.0003430803682818258,-3.1979426207169675e-05
107.75444199999765,-0.0003479834232216686,-3.255569910323918e-05
107.79970350000076,-0.0003468489929941317,-3.3438082169853814e-05
107.8509783000045,-0.00034870187031237873,-3.244885505851637e-05
107.89945769999758,-0.0003500294133545442,-3.331491900130094e-05
107.95210729999962,-0.00034591195659010445,-3.0905000336673346e-05
107.99812679999741,-0.0003481048051484009,-3.245112409902741e-05
108.0503663999989,-0.00034633554814082995,-3.162259725189689e-05
108.10226800000237,-0.00034726611933870905,-3.1904984620941e-05
108.15305790000275,-0.0003467779633119956,-3.26628660119198e-05
108.19929290000437,-0.0003469782694947477,-3.443593187272094e-05
108.24822130000393,-0.00034649023759096835,-3.547820874863964e-05
108.30209019999893,-0.00034561781018287223,-3.374770455314179e-05
108.3592626000027,-0.0003454631600457311,-3.295201597145151e-05
108.4001081000024,-0.00034991887192298006,-3.2130325677866496e-05
108.44926909999776,-0.0003447346931478147,-3.410168858411842e-05
108.49726299999747,-0.00034999285266673353,-3.327153567103935e-05
108.55065350000223,-0.0003464409294556157,-3.264636712077759e-05
108.60070560000167,-0.0003497754931030518,-3.273314320709425e-05
108.64689010000438,-0.0003450450660418678,-3.320935526577012e-05
108.70063279999886,-0.00034313279780921215,-3.4519711900081114e-05
108.75205390000338,-0.00034581465618903465,-3.5745487203563914e-05
108.79994479999732,-0.0003448694321122452,-3.26460939170957e-05
108.84961399999884,-0.0003450261980125067,-3.451474902552535e-05
108.89995260000433,-0.00034848208371234733,-3.350192291365637e-05
108.95020759999898,-0.00034569171996117,-3.547802888140742e-05
109.00285540000186,-0.00034361315269841185,-3.4357902911650635e-05
109.04863869999826,-0.0003458679213368827,-3.217119806112221e-05
109.09729050000169,-0.00034465753566740974,-3.199029763315134e-05
109.15046879999863,-0.00034735251041078313,-3.244083837120238e-05
109.19927099999768,-0.00034907744276329656,-3.403170144581139e-05
109.25215249999746,-0.00034931433442513937,-3.3097100871101455e-05
109.30259300000034,-0.00034570549125638537,-3.232150779245058e-05
109.34752560000197,-0.0003457088015972757,-3.375363767380323e-05
109.40005489999749,-0.0003472131905551307,-3.3087760187319455e-05
109.45635729999776,-0.0003430342155335359,-3.191432025320825e-05
109.50043520000327,-0.0003443910441163605,-3.499706978663401e-05
109.55042300000059,-0.0003447740037470351,-3.477890820894186e-05
109.5996385000035,-0.000348152500429459,-3.4181209507298144e-05
109.65234390000114,-0.0003446892461905061,-3.143964414367803e-05
109.6984924999997,-0.00034145326212090454,-3.2980511288668466e-05
109.74936819999857,-0.0003448886736317341,-3.2382542247718253e-05
109.80277860000206,-0.0003479744288386524,-3.4082906819086296e-05
109.85222680000152,-0.0003448495659701805,-3.2450903386690117e-05
109.90037039999879,-0.0003425282277263258,-3.41165369733033e-05
109.95070900000428,-0.00034843779388498607,-3.249940226937782e-05
110.00164600000426,-0.0003452681138332162,-3.3650651887237826e-05
110.05383630000142,-0.00034435973175254747,-3.351666437726175e-05
110.10172830000374,-0.00034570071879618056,-3.3475944327707245e-05
110.14895989999786,-0.000345882599195811,-3.3314417169391574e-05
110.20026850000431,-0.0003429063296538717,-3.437460119884807e-05
110.25321070000064,-0.00034388532110844397,-3.5458363611994516e-05
110.30005550000351,-0.0003475659161483095,-3.082905131182631e-05
110.34837300000072,-0.0003470894128448268,-3.119418907629531e-05
110.40098009999929,-0.00034676971774110285,-3.063804037142815e-05
110.44737870000245,-0.0003458494265089913,-3.1412905809908685e-05
110.50043420000293,-0.0003435145338852958,-3.285747514073184e-05
110.55054540000128,-0.0003453810364045102,-3.22398044483602e-05
110.60656369999924,-0.00034707017775352923,-3.0172453524573787e-05
110.65249539999786,-0.00034563114511603,-3.247034249257066e-05
110.69948190000287,-0.00034489533407060127,-3.105823987995033e-05
110.74889889999758,-0.0003454132149088159,-3.012372163937991e-05
110.80166640000243,-0.0003450581948066099,-3.0182798849170773e-05
110.85027670000272,-0.00034512828087689075,-2.9995999895087918e-05
110.90032059999794,-0.000349584408899036,-3.08992864961615e-05
110.94972019999841,-0.00034530349761800733,-2.923302558913048e-05
111.00082710000424,-0.00034515782336756685,-2.9587583072503796e-05
111.05053179999959,-0.00034686941123900447,-3.139125480669617e-05
111.10039310000138,-0.00034555032524301353,-3.2723091181215896e-05
111.15242040000157,-0.0003440693317040941,-3.174092383376307e-05
111.19862509999803,-0.0003461083426086632,-3.0006436002621634e-05
111.25181359999988,-0.00034612197603638335,-2.8768789572834638e-05
111.30134120000002,-0.00034557313660692256,-3.122045154627183e-05
111.3514131999982,-0.000346139214624718,-2.8237742388829384e-05
111.39969890000066,-0.00034379763498341607,-3.0316370913691036e-05
111.45073760000378,-0.0003484061470553847,-3.075699323010251e-05
111.50254100000166,-0.00034326355145046007,-3.171612981137229e-05
111.55030149999948,-0.00034561823635308257,-3.090591934598645e-05
111.599601300004,-0.00034399513024800334,-3.1790222276868636e-05
111.65076060000138,-0.00034291324135841375,-3.054408369565512e-05
111.7028003000014,-0.0003440222569932978,-2.9952271418692437e-05
111.75563810000313,-0.00034311231049736503,-3.242612286461132e-05
111.80477840000094,-0.0003460502998824821,-3.092611562396979e-05
111.84760200000164,-0.0003440097318124053,-3.186195147722584e-05
111.89808540000377,-0.0003482544790105944,-3.0264541994756584e-05
111.94994399999996,-0.0003457933344113578,-3.111995789953427e-05
112.00250000000233,-0.000346389383665757,-3.0671196249471275e-05
112.04857930000435,-0.00034544466069923196,-3.123387397610611e-05
112.10216450000007,-0.00034392288703659005,-3.1336317274394995e-05
112.14995920000365,-0.00034602178136160396,-3.0256867145111873e-05
112.20104620000347,-0.00034559305073282646,-3.220428065334347e-05
112.2527390000032,-0.0003468774609887602,-3.073650719501196e-05
112.30283829999826,-0.00034772130456155756,-3.132514745377099e-05
112.34892509999918,-0.00034543006268754356,-3.0098326064847698e-05
112.40258020000329,-0.00034443394464393534,-3.166005697610836e-05
112.45150619999913,-0.0003439036648349818,-3.234007576183487e-05
112.50249550000444,-0.0003460753821187702,-3.0955623131518306e-05
112.55115630000364,-0.0003454970142762613,-2.9642448673455206e-05
112.60120800000004,-0.0003450544562971079,-3.091128704116368e-05
112.65503410000383,-0.00034401575730362246,-3.128269724375714e-05
112.70041530000162,-0.0003441299049283085,-3.07450726211581e-05
112.75120289999904,-0.00034658265608604764,-2.7522323797793538e-05
112.80036349999864,-0.00034937229412884273,-2.8679546926228632e-05
112.85127820000343,-0.0003478557837449024,-2.8960665676729187e-05
112.90378670000064,-0.0003450514013186156,-3.0670932105209257e-05
112.95208819999971,-0.000345185021555713,-3.016703358230101e-05
112.99963900000148,-0.0003444446913363603,-2.8592057255165124e-05
113.05027980000159,-0.00034641589276067624,-3.0557648045298636e-05
113.10146610000083,-0.00034640063164608186,-2.8316036193602214e-05
113.15198400000372,-0.0003454514733718802,-2.753010965863848e-05
113.20386049999797,-0.0003462380675616655,-2.959036065067126e-05
113.25021520000155,-0.0003472585473401254,-2.892195718476185e-05
113.3003807999994,-0.00035103331557145834,-2.960244690489094e-05
113.34907589999784,-0.0003466666665846056,-2.956944901158423e-05
113.39975100000447,-0.0003456187036237491,-2.9496490139307173e-05
113.45167390000279,-0.00034829711016475684,-3.0439506737450823e-05
113.50560039999982,-0.00034577019781871596,-3.160571785401746e-05
113.55248900000151,-0.00034544868041712384,-2.8348710923190922e-05
113.6003309000007,-0.00034619194968548073,-2.7973070082535354e-05
113.65173920000234,-0.0003455655827271786,-2.9148291613738636e-05
113.7032029999973,-0.000346342310753522,-2.7907748378933554e-05
113.75150880000001,-0.00034945881369812963,-2.965827353709693e-05
113.80401530000381,-0.00034590433504226716,-2.8452752254296985e-05
113.85082870000042,-0.00035205362313212274,-2.8888733893976676e-05
113.90375869999843,-0.00034436231584104626,-2.7738340857589083e-05
113.94760520000273,-0.0003444923089018067,-2.778147705220539e-05
114.00207860000228,-0.0003457741502681948,-2.676657587799225e-05
114.05273200000374,-0.0003468796619614976,-2.7258080681516368e-05
114.10074580000219,-0.00034718951732508774,-2.7520015966090023e-05
114.15204749999975,-0.00034924288030474093,-2.918520536357328e-05
114.19828950000374,-0.00034412931293518724,-2.721193597124124e-05
114.25249030000123,-0.00034746104934417997,-2.6255344820504485e-05
114.300115500002,-0.00034834509774533284,-2.76516296193993e-05
114.35391199999867,-0.000346849076227552,-2.600928175058456e-05
114.40009029999783,-0.0003484517737355966,-2.702229995324125e-05
114.44789830000082,-0.0003462747144471917,-2.7148817149960444e-05
114.5010895000014,-0.00034970496090075073,-2.8109155803005668e-05
114.55166060000192,-0.00034625645043466713,-2.6267293740136016e-05
114.60542480000004,-0.0003443516560901864,-2.6602156910662103e-05
114.64809490000334,-0.0003496225023163455,-2.768776578012973e-05
114.7005730000019,-0.0003489855157750525,-2.809337980027926e-05
114.75367730000289,-0.00034636067657349795,-2.891262623763577e-05
114.7997389000011,-0.00034944904854277857,-2.6913468165215143e-05
114.8522987000033,-0.000349024830715245,-2.732406595431775e-05
114.89993069999764,-0.0003447883752621242,-2.8110709948706696e-05
114.94779410000046,-0.00034451719057630525,-2.831700083308162e-05
115.00341460000345,-0.0003471442141860697,-2.5149722304741063e-05
115.04946500000369,-0.00034444303668216885,-2.7972493832376656e-05
115.10043710000173,-0.00034593777070761474,-2.641403494820972e-05
115.15468959999998,-0.0003469912170821943,-2.7236560562496223e-05
115.20131950000359,-0.00034468776942734984,-2.8478656943801605e-05
115.24777349999931,-0.00034686163213941775,-2.5194631014825105e-05
115.29850070000248,-0.0003461221500527403,-2.6110011142079178e-05
115.34843510000064,-0.0003475492180165432,-2.6973469502447243e-05
115.3987868999975,-0.0003468509168885089,-2.8912211469416e-05
115.44833810000273,-0.0003440936424686067,-2.8663557027934296e-05
115.49755949999962,-0.0003453332147467652,-2.72666871415055e-05
115.55175740000413,-0.0003469994729781612,-2.8671065077671784e-05
115.59992870000133,-0.0003473133214920063,-2.5360930089336306e-05
115.65174049999769,-0.0003458807223637879,-2.694202060340672e-05
115.7007442000031,-0.00034622959237444673,-2.6346401049727907e-05
115.752290000004,-0.0003477950746960032,-2.5524957703050265e-05
115.80051370000001,-0.0003447041810993713,-2.60722149647801e-05
115.8521819000016,-0.00034555507396665013,-2.4773104279085907e-05
115.89978730000439,-0.00034938125069766267,-2.6067015490595558e-05
115.95130780000181,-0.00034876356238605063,-2.663773672753266e-05
116.00139080000372,-0.0003457009936318903,-2.710211955972128e-05
116.05093180000404,-0.0003488996441097183,-2.6665884334000542e-05
116.09891649999918,-0.00034993088452500427,-2.5546249737852234e-05
116.1497692999983,-0.00035155275028892044,-2.6559822530216414e-05
116.20199500000308,-0.0003456691397123881,-2.8882469649298142e-05
116.25175619999936,-0.00034480110109362397,-2.685466923282539e-05
116.30114989999856,-0.00035010853649591656,-2.5211171816886497e-05
116.35081519999949,-0.00035289574666969476,-2.4838135381811015e-05
116.39961290000065,-0.00034777968772652687,-2.6193081226224024e-05
116.45059279999987,-0.000351315414693299,-2.3710616037252963e-05
116.50221389999933,-0.0003463540137254469,-2.4660568354062677e-05
116.54970609999873,-0.0003487958049502249,-2.5666029224181805e-05
116.60010019999754,-0.0003496545973651865,-2.3737286714031186e-05
116.65053949999856,-0.0003500536874483904,-2.6499626837341617e-05
116.70143649999955,-0.0003470817255717864,-2.4338853332772628e-05
116.74942559999909,-0.0003474940515562543,-2.4573673218531086e-05
116.80218170000444,-0.0003438142182515082,-2.732321000567246e-05
116.84998469999846,-0.0003463217675308434,-2.5769849087998926e-05
116.90076180000324,-0.0003455555675385002,-2.653493513806927e-05
116.94960340000398,-0.0003505153458154817,-2.521444981698008e-05
116.99930680000398,-0.00034915996325373766,-2.4335057524660352e-05
117.04839480000373,-0.0003466849280658217,-2.5788494983937306e-05
117.10211790000176,-0.0003495173867667473,-2.3356580480825765e-05
117.14935040000273,-0.00034554112807776193,-2.3611560173741213e-05
117.20043350000196,-0.00034731840425954646,-2.3884332101009176e-05
117.2503144000002,-0.00034575816246822203,-2.5793095947991497e-05
117.30015719999938,-0.00034682503740106693,-2.434844316170359e-05
117.35395509999944,-0.00035057237016738893,-2.380264965131612e-05
117.40066749999824,-0.00034955846324230175,-2.2409334199411822e-05
117.45384700000432,-0.0003470621414374721,-2.52520293675626e-05
117.50081289999798,-0.0003486291010661942,-2.2913964770075805e-05
117.55264880000323,-0.0003488957581625987,-2.1301904162848702e-05
117.59918910000124,-0.3733619562244247,0.47444605049003563
117.64954209999996,-0.7127443612728789,0.711034867530563
117.69978809999884,-0.9951413778044154,0.9261552378374239
117.75116759999946,-1.2983787402832354,1.4498423061559496
117.80070730000443,-1.5058219194326858,1.8625360401912099
117.85034669999732,-1.8002521676483856,2.2912047977957757
117.90177240000048,-2.376214099975792,2.6980274934702306
117.95008390000294,-3.2455032219680198,2.994878542144508
118.00504770000407,-3.6007823591383095,2.9699224524690275
118.05355250000139,-3.600974197032726,2.9231152999139307
118.10074010000244,-3.600610325031614,2.836175424947038
118.14851970000018,-3.6000553329394176,2.7108513473466718
118.20730229999754,-3.599981098784023,3.0364063790366043
118.25047260000429,-3.6005821522332866,3.563667081132697
118.297017900004,-3.600333805880788,3.5999345602524793
118.34776160000183,-3.6004096976400626,3.6001445503302167
118.40519260000292,-3.4203332025494255,3.4197962353413667
118.4499599999981,-3.1588599245149807,3.1583527475059703
118.50229160000163,-2.914715228402396,2.9141970952111746
118.55356929999834,-2.690193770354971,2.689734441004448
118.60544769999979,-2.484706669151639,2.4842686000959335
118.65084899999783,-2.29626837259707,2.2955813334120956
118.69786359999853,-2.1214151886290473,2.1218772424577015
118.7481031999996,-1.961636263316366,1.9614746994203889
118.80124600000272,-1.8129941004529893,1.8128241499885764
118.85502170000109,-1.6765200687531197,1.6759935738272507
118.90208849999908,-1.5513285040800793,1.550701373337526
118.9524894999995,-1.4344999161172989,1.434082760632776
119.00261209999735,-1.32721175847134,1.3264044311898417
119.04940709999937,-1.22851648299131,1.2279064431574727
119.1031296000001,-0.6791539602868442,1.930695997271658
119.15129400000296,-0.24982369581839042,2.3594507760296284
119.20283909999853,0.15896655573477,2.7900846208759473
119.25516459999926,0.7070200532569576,3.068131592883988
119.300310300001,1.8201381339492548,4.032865867280515
119.35137650000252,2.769001361826567,4.845428146134678
119.40091850000317,3.9481797342158154,5.745639921290012
119.45437839999795,5.228013290700686,6.525540979275119
119.49977740000031,6.452102275754885,7.20605176396398
119.55036950000067,7.505691696372456,7.870482091499707
119.59825740000088,7.502943556825244,8.248699245240106
119.65068849999807,7.4912665802827005,8.515782774911363
119.70506140000361,7.475889614914392,8.522890895819101
119.74893339999835,7.476306630926205,8.522990944986056
119.80129039999883,7.475666559028811,8.524042455977856
119.84884330000204,7.468440580775893,8.531113825876002
119.90125880000414,7.452448645403849,8.54737101370713
119.95092670000304,7.427336789450851,8.572370305105673
120.00177570000233,7.390479371174654,8.609460510069086
120.04889260000346,7.335292596533182,8.664366289427623
120.10325459999876,7.253092669821581,8.746919172750859
120.14636389999941,7.1234398041261215,8.876364802336028
120.20023960000253,6.9035993037544765,9.096329333415772
120.2540388999987,5.972995213033614,8.206081666407261
120.30018640000344,5.086191345510475,7.326442274027215
120.35213700000168,4.198667673705596,6.400348503907576
120.39884510000411,3.3577514229974788,5.467764801100825
120.44886940000288,2.5302153193301535,4.537894127584998
120.50051399999938,1.7160067375374706,3.5959706360180124
120.55313290000049,0.899957982373192,2.523601239554012
120.6007083000004,0.14007124654060019,1.6083842856672075
120.6485823999974,-0.263180217480185,2.3151632544263756
120.70267840000452,-0.45501948057632013,2.833952347047799
120.75451540000358,-0.9837671529349731,3.3068500586315865
120.80282380000426,-1.686159591411762,3.599947063306643
120.85106249999808,-2.4930228722898837,3.599630119523104
120.9025185999999,-3.367857998053403,3.572666757823447
120.9505197000035,-3.6354598936117264,3.5998330436665515
121.00409860000218,-3.6008486926594165,3.6000389251161375
121.04958649999753,-3.600034207439096,3.5992933276656554
121.10185450000426,-3.600049138789645,3.599432062941904
121.15035760000319,-3.5999857520402894,3.5998650407374893
121.2039356000023,-3.6003330299641303,3.6000392413510514
121.2519403999977,-3.6000103393803604,3.600024160952094
121.30152929999895,-3.6000808614142166,3.5998127063893945
121.35012239999924,-3.6000136043376005,3.599722923762045
121.40478660000372,-3.600300431688716,3.599629812131555
121.44964540000365,-3.600027928885634,3.600018344546351
121.49974379999912,-3.498813177882881,3.4982879578114026
121.55290940000123,-3.2528167580338563,3.2524120162362107
121.60319629999867,-3.024383699485606,3.024256502172257
121.64929590000247,-2.816761029314549,2.816509030588568
121.70293300000048,-2.623258005292048,2.6232506355705976
121.74995270000363,-2.4467826543118036,2.4465907460040777
121.8041904999991,-2.2843451237270207,2.2842175203858814
121.852261,-2.1348309644687147,2.134207360252464
121.90007920000062,-1.9960687908149677,1.9960729517386666
121.95459459999984,-1.8667616976444976,1.8666818371438758
122.00172210000164,-1.7472868488224087,1.7472857087494744
122.05164940000395,-1.6356968458244043,1.635312072336329
122.10106390000146,-1.5316358979332654,1.531104685903593
122.15004849999968,-1.4344078932329856,1.433844672315637
122.20324429999891,-1.3429866584470909,1.342907339313182
122.25065800000448,-1.2580665284961907,1.2572675175613646
122.29942039999878,-0.7091311543181763,1.7693158892541403
122.35159569999814,-0.1536465871320944,2.1813339995635386
122.40205360000255,0.34392610671961543,2.692156634637716
122.45153969999956,0.903676876025507,3.277968099920565
122.50176210000063,1.3822030498724795,4.037494400661436
122.5527968000024,2.5623223776790787,4.882676521804548
122.60018690000288,3.7204190674150617,5.793920626797029
122.65170500000386,4.961523900328287,6.57352493742736
122.70215140000073,6.201268858085513,7.266877556797751
122.74952299999859,5.301900420429309,6.157426384098098
122.8015749000042,4.436807936961651,5.158994134367852
122.85271230000217,3.643306581308221,4.025898673620409
122.90285849999782,2.755582645381368,3.0737267017434955
122.95139539999946,1.8824987550040584,2.1266246359875067
122.99949890000426,1.0135547112044867,1.180545106401702
123.04927019999741,0.15187793608526692,0.2546144360525556
123.10558029999811,-0.000548471530060844,-6.779601805512925e-05
123.15119389999745,-0.0005252337811023346,-7.485628488186668e-05
123.20234670000355,-0.0005254410155874633,-7.78019503267674e-05
123.25103780000063,-0.0005272461624638924,-7.833925542717999e-05
123.30080740000267,-0.0005267136462882903,-7.811220943406226e-05
123.35085600000457,-0.0005264353872946644,-7.799897753242933e-05
123.39983419999771,-0.0005263797538301624,-7.797880650091755e-05
123.45209949999844,-0.0005263762963958236,-7.798098061735999e-05
123.49978679999913,-0.000526373400057099,-7.798342265282272e-05
123.55093360000319,-0.0005263664140897391,-7.798416094003188e-05
123.59967619999952,-0.0005263580253333826,-7.798429056967224e-05
123.65287499999977,-0.0005263493690798908,-7.798435323065973e-05
123.7021906000009,-0.0005263409065825213,-7.798442664970836e-05
123.74882839999918,-0.0005263323290105352,-7.798452689174524e-05
123.80022560000361,-0.0005263238436092647,-7.798462848825424e-05
123.8485159999982,-0.0005263154095669113,-7.7984723323505e-05
123.8996135999987,-0.0005263068618488224,-7.798481932448994e-05
123.94959499999823,-0.0005262983698750314,-7.798492250861785e-05
123.99912300000142,-0.0005262897709756611,-7.798503028906907e-05
124.05148249999911,-0.0005262813823858384,-7.798513739228427e-05
124.10437929999898,-0.0005262727522114854,-7.798524291898276e-05
124.1510758000004,-0.0005262642454273193,-7.798535258681312e-05
124.20101209999848,-0.000526255707290455,-7.798545889066774e-05
124.25212720000127,-0.0005262472552735909,-7.798556090906147e-05
124.29841329999908,-0.000526238645549546,-7.798567840396416e-05
124.34931340000185,-0.0005262302122954509,-7.79857890487908e-05
124.40190160000202,-0.000526221696163207,-7.798590483395004e-05
124.45040159999917,-0.0005262131380312261,-7.798601578963912e-05
124.50021689999994,-0.0005262045759912603,-7.798612798877798e-05
124.55024419999972,-0.0005261959615598697,-7.798625132345378e-05
124.60199860000284,-0.000526187428752076,-7.798637208241217e-05
124.6484608000028,-0.0005261788902266337,-7.79864931078241e-05
124.69973680000112,-0.0005261704195913293,-7.79866073386711e-05
124.75144189999992,-0.0005261618189267045,-7.798673868915713e-05
124.80363909999869,-0.0005261532302413859,-7.798685993661367e-05
124.84982870000385,-0.0005261447363025003,-7.798697767576541e-05
124.89875340000435,-0.0005261360980679282,-7.798710950364737e-05
124.94717990000208,-0.0005261275824019779,-7.79872430856817e-05
125.0006452000016,-0.0005261189792393512,-7.798736715310468e-05
125.04991600000358,-0.0005261104937492627,-7.798749165351469e-05
125.10019289999764,-0.0005261019393698357,-7.798762661222555e-05
125.14911320000101,-0.0005260933445449838,-7.798775494290495e-05
125.20079149999947,-0.0005260847021137686,-7.798789652964728e-05
125.2532394000009,-0.0005260762172565074,-7.798802640353672e-05
125.3030534999998,-0.0005260676190010664,-7.798816162870112e-05
125.35080700000253,-0.0005260590318256511,-7.798829863022234e-05
125.4039116999993,-0.0005260503853976331,-7.798844674507607e-05
125.45274729999801,-0.0005260417648156071,-7.798858481241141e-05
125.5012915000043,-0.0005260331772849204,-7.798872772031913e-05
125.5511306000044,-0.0005260245903759588,-7.798887443629185e-05
125.60124740000174,-0.0005260160910524915,-7.798901535690035e-05
125.65567210000154,-0.0005260074645973856,-7.798915699915383e-05
125.70415270000376,-0.0005259988628558445,-7.798930440346483e-05
125.74827989999903,-0.0005259901947784774,-7.798946192190757e-05
125.80090349999955,-0.000525981657507587,-7.798960557366473e-05
125.84716330000083,-0.0005259729510498101,-7.798976015001642e-05
125.9037685000003,-0.000525964485488225,-7.798991686909858e-05
125.9535892999993,-0.0005259557219871889,-7.799006591653963e-05
126.00496840000415,-0.0005259471415730321,-7.799022764272763e-05
126.05118790000415,-0.00052593864028447,-7.79903844062187e-05
126.09801750000042,-0.0005259299790460767,-7.799053524111885e-05
126.15161230000376,-0.0005259212810037903,-7.799070196331045e-05
126.19945510000252,-0.0005259126281142743,-7.799085950395765e-05
126.2533614999993,-0.0005259041145133388,-7.799102050850068e-05
126.3036906999987,-0.0005258953905140381,-7.799118763037258e-05
126.35007800000312,-0.0005258868144408531,-7.79913464255718e-05
126.39968000000226,-0.0005258780987571227,-7.799151923178558e-05
126.44661279999855,-0.000525869473556569,-7.799168929574848e-05
126.50155900000391,-0.0005258608451030617,-7.799186000364074e-05
126.55339590000222,-0.0005258523033690748,-7.799202877974495e-05
126.59909619999962,-0.0005258436479149436,-7.799219924338815e-05
126.65033660000336,-0.0005258349165104553,-7.799237856661109e-05
126.70099789999949,-0.0005258263005358547,-7.79925411032619e-05
126.7502786000041,-0.0005258177015587688,-7.799272432336765e-05
126.79933490000258,-0.0005258090171500211,-7.799289825090667e-05
126.8485342999993,-0.0005258003817132109,-7.799307973906452e-05
126.90046199999779,-0.0005257915945422201,-7.799325869591386e-05
126.94448510000075,-0.0005257829968751973,-7.799344974309193e-05
126.99333050000132,-0.000525774398608654,-7.799362723444689e-05
127.04194300000381,-0.0005257656821033586,-7.799380541414011e-05
127.09831080000004,-0.0005257570271488279,-7.799399425197437e-05
127.14349129999755,-0.0005257483859832669,-7.799418443317849e-05
127.19344229999842,-0.000525739687774447,-7.79943685969738e-05
127.24178960000427,-0.0005257309418926503,-7.799456551723169e-05
127.29127390000212,-0.0005257222762799784,-7.79947587404469e-05
127.34356970000226,-0.0005257135870750673,-7.799495080903015e-05
127.39265120000346,-0.0005257049851558903,-7.79951392360819e-05
127.44250810000085,-0.0005256962183796964,-7.799533827686575e-05
127.49307640000188,-0.0005256875075698451,-7.799553212180585e-05
127.54289080000308,-0.0005256789242024949,-7.799573011898006e-05
127.59534440000425,-0.0005256702167788238,-7.799592799402974e-05
127.6429685999974,-0.0005256615442494624,-7.799613270805325e-05
127.69294900000386,-0.0005256528465846519,-7.799633611201359e-05
127.74264779999794,-0.0005256441333878211,-7.799654033753898e-05
127.79300520000106,-0.0005256354276183824,-7.79967435527614e-05
127.84132810000301,-0.0005256266256814254,-7.799695326278852e-05
127.89187649999803,-0.0005256180225299007,-7.799716043040493e-05
127.94334370000433,-0.0005256093151839453,-7.799736997389858e-05
127.99309280000307,-0.0005256006009990162,-7.799758124934017e-05
128.04130570000416,-0.0005255918629109851,-7.799778964930412e-05
128.0924218,-0.0005255830829231373,-7.799801128312653e-05
128.14225820000138,-0.000525574362465448,-7.799822584482827e-05
128.1914187000002,-0.00052556574391513,-7.79984404731434e-05
128.2518756999998,-0.0005255569108031104,-7.799866241782824e-05
128.29304260000208,-0.0005255482695265272,-7.799887705724559e-05
128.34194550000393,-0.000525539446373208,-7.799910275448428e-05
128.39354650000314,0.45379931605741175,-0.41471222907315763
128.4438031000027,0.8768627929463075,-0.5620108310415729
128.49260109999886,1.3275939070347276,-0.695644331861794
128.5431127999982,1.8099835574605891,-0.913937796845954
128.59313020000263,2.2820906714526235,-1.2669372870151383
128.64571350000188,2.6525785240460693,-2.0547603129730008
128.69290529999853,2.963761011663856,-2.837055616725736
128.74289539999882,3.2008933781560565,-3.6001631652073116
128.79312260000006,3.459930673890227,-3.6003722073539794
128.84491379999963,3.4659244236577518,-3.6001747943619953
128.89214870000433,3.5022817077941184,-3.5998386077315967
128.94259810000221,3.5997296513542083,-3.6001776304578894
128.99412940000184,3.497586601624855,-3.49758056026788
129.04344420000416,3.2412575264856325,-3.241650141979084
129.09369529999822,3.003484600044109,-3.0038897648793506
129.1447113000031,2.7857171661385753,-2.786103913074773
129.19213820000004,2.585250760283195,-2.5855173675775474
129.24243520000164,2.400709652555196,-2.4012399142728107
129.29337210000085,2.230097043324055,-2.2302307451141683
129.34388330000365,2.0728581508268813,-2.0728811041484865
129.39197850000346,1.9276325824345402,-1.9276885160034352
129.44261040000129,1.793934523932306,-1.7938677449455933
129.49364380000043,1.6692011362027879,-1.6696044888521946
129.54345589999866,1.554523464987762,-1.5545396353428536
129.59307719999924,1.4472502965997351,-1.4478497739161302
129.6452891000008,1.3477985742026837,-1.3482901309947164
129.6926433999979,1.2546628244643776,-1.2548022825622833
129.74417900000117,1.713119614102957,-0.5932168862108843
129.79320749999897,2.1720102534827124,-0.20614222559861597
129.8435243999993,2.6746278230530645,0.19633490929287267
129.89245279999886,3.4041146155009865,0.8017444611757091
129.94480420000036,4.18515466072303,1.4442265607767435
129.99358580000262,5.11209005448586,2.352260265108005
130.0440727000023,6.05306542979392,3.5274626095655677
130.0935221000036,6.876239912104296,4.760844392743896
130.14577029999782,7.6352410541032505,5.989027660585161
130.19349250000232,8.281064225781597,7.111027638292249
130.24270570000226,8.60178586930518,7.248377307784289
130.2949957000019,8.863048584748748,7.053304275145474
130.34330330000375,7.90445840809192,6.118520414249239
130.39408679999906,7.053202742067576,5.154367891685649
130.44224580000446,6.200099957722619,4.1883516649249755
130.49251599999843,5.302456100185522,3.2921460501385744
130.5426265999995,4.374096892249396,2.4772058984344127
130.59451529999933,3.42939760076445,1.6701898662219605
130.64396829999896,2.482733678161765,0.913657545784539
130.69617930000095,1.5387531549331994,0.17366709569090552
130.7422332999995,0.8198614892663616,-0.04085790523263944
130.7945491999999,0.22951497831495035,-0.10716944039228993
130.84394569999859,0.00032081746749777675,-0.0006806022374020676
130.89334770000278,5.130638069399677e-05,-0.00023673637213032607
130.94470580000052,-0.00011513855471279039,-0.00012207933357226487
130.9950303000005,-7.889417905645065e-05,-2.018216138340301e-05
131.04460619999736,-0.00010635269851465748,-2.33931762336428e-05
131.09289890000218,-0.00015072241945095083,-6.41079640889973e-05
131.14317740000115,-0.000123659943707231,-3.921830986712336e-05
131.19890229999874,-0.00010982576516559977,-2.3729888533438733e-05
131.24412650000158,-0.00010591403428749225,-2.348950117281372e-05
131.2934352000011,-0.00011609954986846581,-3.241393480653984e-05
131.34231929999805,-0.00015472489482986146,-6.437000687269342e-05
131.39336909999838,-0.0001638478587086553,-6.957325483665734e-05
131.44262680000247,-0.00015724782561082163,-7.267717443149028e-05
131.4918730999998,-0.00016538770968316515,-8.836026702718591e-05
131.5426038000005,-0.00016842133416256722,-8.89780495119472e-05
131.5933017999996,-0.00011852662524248032,-3.9622880819817564e-05
131.64348430000246,-0.0001339056538431013,-5.599027876930121e-05
131.69274040000164,-0.000145891081404649,-6.670849249502724e-05
131.7450033999994,-0.00012295579075461717,-4.3287173537381684e-05
131.79221520000283,-8.52662186635291e-05,-8.41888610393189e-06
131.8423518999989,-0.00010855537734843347,-3.027459222528287e-05
131.89359469999908,-0.00013845595326369796,-5.8632848800677135e-05
131.94222620000073,-0.0001535962117883865,-7.577731033083093e-05
131.99469710000267,-0.00016121499797366632,-8.316608391443525e-05
132.04476959999738,-0.00014114256081124285,-6.31398335687138e-05
132.09291990000202,-0.00010848313512511882,-3.1409168254808195e-05
132.1425887000005,-8.751741484300158e-05,-9.839708980342798e-06
132.19421870000224,-9.272474569286144e-05,-1.4872000191689183e-05
132.24487899999804,-0.00012963832032876696,-5.187070157816007e-05
132.29479120000178,-0.0001463156318772048,-6.909312655434266e-05
132.34317870000086,-0.00012064591320982191,-4.339104054508482e-05
132.39442630000121,-0.00015981633809130784,-8.39894658641237e-05
132.4426330999995,-0.00015393822211400268,-6.772394172541553e-05
132.49647769999865,-0.00012523193369541326,-3.6653612347571876e-05
132.54297809999844,-0.0001396938281052192,-5.6164771903305854e-05
132.5919314999992,-0.00011703414723463132,-5.3952974538513006e-05
132.64481450000312,-0.00010828998044953129,-5.0704151114379894e-05
132.6939069,-0.0001439581782282419,-6.0277933289537096e-05
132.7463781999977,-0.0001313397567871589,-5.8483627879770795e-05
132.79223579999962,-0.00012851994824493533,-5.601874696389979e-05
132.8438576000044,-0.00015174705877989128,-7.52513163906733e-05
132.89411670000118,-0.00012521143494271795,-4.700793087126179e-05
132.94256999999925,-0.00016569133453065191,-8.280410088685459e-05
132.99463539999851,-0.00012712415514716454,-4.540738576192151e-05
133.04448019999836,-0.00010931212137698592,-2.633018671429803e-05
133.09461120000196,-0.00011266349999605481,-2.856384003528499e-05
133.14565120000043,-0.00012821082551196843,-4.14364288046953e-05
133.19207550000283,-7.992762506855144e-05,8.802267526374114e-06
133.24438240000018,-0.00012660135642618292,-3.5266217751964135e-05
133.29185030000372,-0.00013675370045276484,-6.44756399164119e-05
133.34364530000312,-0.0001588557340005905,-8.757533812111135e-05
133.39147020000382,-0.0001036260515009258,-4.529289309193255e-05
133.4444416000042,-0.00011615734480952103,-6.314627017638426e-05
133.49207549999846,-0.00011941469929566596,-5.7745623731829285e-05
133.5436239999981,-8.090004738899677e-05,-5.68629102233768e-06
133.5933103999996,-0.00015432730735025514,-6.493908709578663e-05
133.64216450000094,-0.0001331358153112893,-4.325836870247546e-05
133.69363570000132,-0.00014416660018571264,-5.4202813580849636e-05
133.74363430000085,-0.0001579383698881378,-7.172402598373382e-05
133.7943271999975,-0.00012438440238361396,-4.828068784607575e-05
133.84236170000077,-9.314051462325705e-05,-1.1782601720569633e-05
133.89176730000327,-0.00012556570646594687,-2.9510988865788743e-05
133.94310940000287,-0.00010554311755127762,-2.3372412485977096e-05
133.99421869999787,-9.243187353855507e-05,-1.211849818668023e-05
134.04408590000094,-9.06071931928454e-05,-2.6730621605967227e-06
134.0938102,-0.00011198313287230313,-2.181240942764663e-05
134.14472570000362,-0.00013544318044358437,-4.351584463992144e-05
134.19501740000123,-0.00013276797228858056,-4.009261845784105e-05
134.24314949999825,-0.000124342418156408,-3.306978218299114e-05
134.29260010000144,-0.00013112600026911713,-4.156973900576796e-05
134.3427029000013,-0.00012788389552888257,-3.271336074266897e-05
134.39237909999792,-0.00014083361385988739,-4.461020162151962e-05
134.4426850000018,-0.00014748687796065958,-5.6079217349803326e-05
134.4926751000021,-0.00010038057216009258,-6.373341897601592e-06
134.58135420000326,-0.00011396807136365585,-1.954314147987375e-05
134.60651460000372,-0.0001364692230888768,-3.6848994545015594e-05
134.65227500000037,-0.0001372288211566565,-4.4590000939029994e-05
134.70307470000262,-0.00010230720364777549,-5.905779455061919e-06
134.75125330000446,-0.00011053245412850422,-1.7014070855896644e-05
134.80382400000235,-0.00013874106031277887,-4.148176817519118e-05
134.85075750000397,-0.00015925231899876558,-6.630153461166254e-05
134.90342640000017,-0.00014302012679726433,-4.8569356431335424e-05
134.94956290000118,-0.00013198817159789294,-3.594004998776378e-05
135.00064710000152,-0.0001266498364128747,-2.8061563995470807e-05
135.05196769999748,-0.00011542917978124605,-1.6746085168175743e-05
135.1000256999978,-0.0001452648877466106,-4.1051499886224175e-05
135.14999940000416,-0.0001232077290637212,-1.990075738707376e-05
135.2013764000003,-0.0001379678443604014,-3.746896137198046e-05
135.2500280000022,-0.0001645168391852264,-6.224264569749465e-05
135.30432970000402,-0.00012829015405015136,-2.294270474865859e-05
135.3502993000002,-0.0001307965154796648,-0.00010763115696092802
135.4009384000019,-0.0001366434715600845,-7.361818696618232e-05
135.45126220000384,-6.26303151563559e-05,-3.2783029328456575e-05
135.500893000004,-0.0001104679329456632,-6.589852745242069e-05
135.55132720000256,-0.00015697791316287362,-6.170767728859946e-05
135.5996570999996,-0.0001198069396414254,-3.3786079940211295e-05
135.65025430000242,-0.00012705532691516174,-5.831698914930864e-05
135.70149520000268,-0.00010229858502529313,-3.3200055759249364e-05
135.75102019999758,-0.00011643113999049303,-4.0839215718549035e-05
135.8032299999977,-0.000103935855533354,-5.232844213277871e-05
135.85005739999906,-0.00014238548814452242,-2.1222795008768708e-05
135.90246760000446,-9.158995958888683e-05,1.3935278200395197e-05
135.95107219999772,-0.000145802882845082,-2.8054411323049435e-05
135.99945930000104,-0.0001807568176472543,-6.479245835486658e-05
136.05157470000267,-0.0001853431252032142,-6.81659941410952e-05
136.1014512000038,-0.00018756965130004399,-4.63812219094517e-05
136.15086840000004,-0.000154915190747774,-1.582075252932036e-05
136.20013019999897,-0.00014862636856253673,-2.5358537497048816e-05
136.2501684000017,-0.0001847840173209992,-3.857753228911938e-05
136.30227040000318,-0.0001683639323570361,-2.0666294281323802e-05
136.3531396000035,-0.00018499189444207178,-6.380759828688798e-05
136.40118380000058,-0.00018518651711560478,-7.63621523830924e-05
136.44967500000348,-0.00013293625428802716,2.4805783104963902e-05
136.50135830000363,-0.00024186448856517023,-9.239877713541959e-05
136.55149160000292,-0.0001770440559769225,-2.4238108614865997e-05
136.60152329999983,-0.00021356052201683295,-7.622523341565238e-05
136.65191770000092,-0.00015509087737968337,-1.3824780541282177e-05
136.70203690000199,-0.00021335183730287888,-6.177412308997792e-05
136.75109720000182,-0.00014440378151029344,4.512768621424007e-06
136.801990699998,-0.00022868288481218382,-9.818120001912685e-05
136.85346019999997,-0.00021600940889345252,-8.461184116550678e-05
136.90160550000292,-0.00019954017392875088,-5.377831349567917e-05
136.95060489999742,-0.0001700964714470097,-3.936978506183726e-05
137.0026158000037,-0.00019859385593256292,-5.116381740621578e-05
137.05053040000348,-0.0002378515015502517,-0.00012140174636734298
137.10138390000066,-0.00024675843788874834,-9.080443701164968e-05
137.1506681000028,-0.00021026045893846835,-6.42695240759573e-05
137.20940240000346,-0.000372662740822371,-0.0003344776473818843
137.25191099999938,-0.0003851100550406381,-0.00035422615581123194
137.30249470000126,-0.00037336776657126555,-0.00034486705889595165
137.35362220000388,-0.0003735632744977809,-0.0003457545782412963
137.40402500000346,-0.00037341531637980076,-0.0003460165325735678
137.45057760000054,-0.00037329555351350965,-0.0003461490427604191
137.50103820000368,-0.00037321277196522654,-0.00034626101578771065
137.55110850000347,-0.00037313941810335275,-0.00034636317554197807
137.60231190000195,-0.0003730691408693204,-0.0003464620203900834
137.65098749999743,-0.0003729998469431676,-0.00034655974552761455
137.69997100000182,-0.00037293083314293723,-0.000346657042661723
137.7494697000002,-0.0003728618765080904,-0.000346754135210004
137.80113549999805,-0.000372792906633834,-0.0003468510950215815
137.85404240000207,-0.0003727239018930236,-0.00034694794615334036
137.90134160000162,-0.00037265485577975206,-0.0003470446974142064
137.95133740000165,-0.00037258576619569807,-0.0003471413524761555
138.00061260000075,-0.00037251663302983925,-0.00034723791387821575
138.05372180000268,-0.0003724474563099312,-0.0003473343833919301
138.10107620000053,-0.00037237823613034274,-0.00034743076246353754
138.1515614000018,-0.0003723089730239811,-0.000347527052798423
138.2017782999974,-0.00037223966705190857,-0.00034762325570105525
138.2537033999979,-0.0003721703183806583,-0.0003477193722962939
138.3021551999991,-0.00037210092743211547,-0.00034781540405208375
138.35341080000217,-0.00037203149418962633,-0.0003479113520734219
138.48824199999945,-0.0003719620190695248,-0.00034800721756644
138.51350770000136,-0.00037189250217173087,-0.0003481030016363086
138.56179580000025,-0.0003718229437460447,-0.00034819870539164617
138.60649600000033,-0.0003717533438535285,-0.0003482943296171982
138.6579434000014,-0.00037168370269957364,-0.0003483898755177734
138.70865570000024,-0.0003716140205284291,-0.0003484853438262927
138.76054139999906,-0.0003715442974677706,-0.00034858073567737343
138.80782010000257,-0.00037147453361196706,-0.0003486760517501166
138.859234800002,-0.00037140472923302307,-0.0003487712930124328
138.90844030000153,-0.00037133488420326304,-0.00034886646007993203
138.9611248000001,-0.00037126499875583384,-0.0003489615536872264
139.00679160000436,-0.0003711950732349046,-0.0003490565748793783
139.0589794999978,-0.0003711251073740217,-0.0003491515239356348
139.10836250000284,-0.0003710551015451099,-0.00034924640179352727
139.15986659999908,-0.00037098505583143594,-0.000349341209054506
139.2087748999984,-0.0003709149702940622,-0.00034943594649104336
139.25660190000053,-0.0003708448449884996,-0.0003495306144376374
139.30797539999912,-0.0003707746800313217,-0.00034962521377322915
139.3591499000031,-0.0003707044755391019,-0.000349719744808963
139.4094669000042,-0.00037063423159510686,-0.00034981420830510314
139.45950099999754,-0.00037056394807166113,-0.0003499086045690642
139.50698930000362,-0.00037049362534624034,-0.00035000293424980623
139.5586747999987,-0.0003704232633355778,-0.00035009719789329025
139.60852510000404,-0.0003703528620896335,-0.0003501913958018134
139.65813440000056,-0.0003702824217915944,-0.00035028552870836126
139.70854770000005,-0.00037021194239150035,-0.0003503795968561423
139.75964580000436,-0.0003701414240336804,-0.00035047360076633237
139.80982080000103,-0.0003700708666348678,-0.00035056754076948305
139.8606484999982,-0.0003700002703282892,-0.0003506614173266188
139.90725090000342,-0.00036992963516390483,-0.0003507552309372099
139.95950000000448,-0.00036985896123053243,-0.0003508489819170627
140.00689499999862,-0.000369788248578132,-0.00035094267058822864
140.05827950000094,-0.00036971749710678356,-0.00035103629734029414
140.10737199999858,-0.00036964670704408274,-0.0003511298625870774
140.15744809999887,-0.00036957587827345616,-0.00035122336653677777
140.20791170000302,-0.0003695050109059262,-0.00035131680967842474
140.2575407999975,-0.00036943410493594164,-0.0003514101922230256
140.30779579999944,-0.0003693631604800759,-0.00035150351459215076
140.35775889999786,-0.00036929217751612454,-0.0003515967770032694
140.4093353999997,-0.0003692211560440876,-0.00035168997974516984
140.46011610000278,-0.00036915009608061845,-0.00035178312312419323
140.5091584000038,-0.0003690789977533926,-0.00035187620753880547
140.55849560000206,-0.00036900786096249013,-0.0003519692331233286
140.61058780000167,-0.00036893668581893327,-0.00035206220016434955
140.65886070000124,-0.0003688654723393753,-0.00035215510899982505
140.70642039999802,-0.0003687942205959809,-0.0003522479598675641
140.75731649999943,-0.0003687229304333186,-0.0003523407529102043
140.8065069000004,-0.00036865160194020645,-0.00035243348841694575
140.85855879999872,-0.0003685802351721555,-0.0003525261666353063
140.9107487000001,-0.00036850883021798364,-0.00035261878790135605
140.95756110000366,-0.00036843738687785066,-0.00035271135225656595
141.01046399999905,-0.00036836590536825015,-0.00035280386008947593
141.05694650000078,-0.0003682943855726086,-0.0003528963114462189
141.10803809999925,0.45854208540575336,-0.27018014009207325
141.1577737999978,0.9712864714104565,-0.41736523847210616
141.2125167999984,1.5045397112958387,-0.592306871497935
141.25851770000008,2.0323474566204554,-0.8557471735819908
141.31076520000352,2.525800948816479,-1.2808756345992818
141.35677479999868,2.986221750399473,-2.3549066627425628
141.40738489999785,3.366195843380938,-3.1504148830730974
141.45869920000405,3.600040722003992,-3.6007700621094068
141.51071380000212,3.598622367945378,-3.616539105376775
141.55955820000236,3.5996283235799913,-3.600407135181584
141.60752050000156,3.599559187586359,-3.5999472204202143
141.65849739999976,3.599715023535702,-3.600008840163337
141.70760200000223,3.6000358643907377,-3.6002832032674035
141.75862000000052,3.5996739761578462,-3.600222710160575
141.808280199999,3.599939402677498,-3.6002932010512043
141.85817320000206,3.5996902631241015,-3.6003548373996734
141.90813809999963,3.3879898825124957,-3.3881410085016572
141.96081460000278,3.1237086221343,-3.1242352365332313
142.00760340000124,2.8799872293662183,-2.8804641712306003
142.059199299998,2.654914492158612,-2.6550016319910283
142.1082258000024,2.450122203764232,-2.450149949841239
142.15984880000178,2.2606155188059573,-2.260692970304598
142.20820249999815,2.0858655512213375,-2.0858508253878862
142.2574061999985,1.9248213615583758,-1.9247585919178734
142.30693070000416,1.7772380480046657,-1.7772987457768958
142.35912380000082,1.6409060161816136,-1.6415023724569104
142.40904140000202,1.5158350977718917,-1.5165473416149107
142.45806789999915,1.3999613097839532,-1.4007333045725001
142.50963539999793,1.2930480926672818,-1.293823580481777
142.55893410000135,0.5022348859480352,0.4338766532307917
142.6079591000016,0.5121984756258795,0.42809316000148423
142.65862760000164,0.5188878932433358,0.4204310690397823
142.70723569999973,0.5031515027184498,-0.39058321435020543
142.7583702999982,0.5010090330943181,-0.39328383373061215
142.80880839999736,0.49908805039438475,-0.39565987851003176
142.8578415000011,0.4971639766675502,-0.3980108254159746
142.90644740000425,0.4952167685524487,-0.4003367297163318
142.95812470000237,0.49324127033304993,-0.40264116697540264
143.00807290000375,0.4912260508117374,-0.4049238976069491
143.05720080000174,0.4891657044439151,-0.4071981593964262
143.1094013000038,0.48704710234791904,-0.40947306563065927
143.15761410000414,0.9403862693857135,-0.8375660516397785
143.20705940000335,1.3481604602769266,-1.289755093301902
143.2607613,1.3801650010616098,-1.3813374747180027
143.30869389999862,1.262467405148006,-1.2632295973043264
143.35763240000233,1.8910918891738977,-0.7540581860300676
143.40776400000323,2.377616483506571,-0.08742985899761942
143.45761230000062,2.851223749540499,0.3338277025097769
143.50748290000047,3.4105867109715695,0.7632951661414582
143.55740470000455,4.099444296589276,1.1692059470222516
143.60879130000103,5.012988080962161,2.035271688146838
143.65851040000416,5.9464149044792185,3.080312784428554
143.70645350000268,6.70841207801699,4.368434971474827
143.75718620000407,7.44099032823028,5.672629826970527
143.80687430000398,8.096758058513739,6.862508629421372
143.85832179999852,8.128539765307945,7.62994714433481
143.90697170000203,8.096854708002667,7.9027403729133585
143.95742009999958,8.090252453993314,7.909669592024526
144.00738170000113,8.08872701765367,7.9107525409599875
144.05718580000394,8.087312735913914,7.912629493236423
144.109535100004,1.037841420334749,0.9798041699946752
144.157918900004,1.0309753740981107,0.9733692270485699
144.20755980000104,1.0299336662930763,0.9724197731503276
144.25849530000414,1.0291010845216302,0.9716368048350051
144.30962459999864,1.0286628757361138,0.971276220133263
144.35797769999772,1.0283188700394692,0.9710114453066767
144.4074735000031,1.028283647907248,0.9710772570220132
144.4572268999982,1.933978177137064,1.8299719435207387
144.5113687999983,2.8566043734697484,2.6968858202235304
144.55704169999808,3.772423694603219,3.5397481901572343
144.60690949999844,4.694369063148255,4.3658838426794855
144.66087479999987,5.650464729968961,5.210509893198739
144.70751739999832,6.594657144440631,6.032777791704202
144.7589502999981,7.536119227357067,6.849545321247648
144.80790530000377,8.19198278957475,7.079138645581694
144.85932499999763,8.816047112022513,7.098366953682792
144.90846540000348,8.862293905740978,7.137680263881446
144.9591008999996,8.806987983335,7.193139811419562
145.00864410000213,8.752382179864526,7.247617818845252
145.0566661999983,8.703145483390703,7.2967188945524075
145.10898330000055,8.659379705170615,7.3405740589107715
145.16025739999895,8.618865218327038,7.380933523774187
145.2074891000011,8.580767755959398,7.419226135284586
145.25847120000253,8.545083028934107,7.454637918630111
145.30677470000228,8.511882822786683,7.487928542025795
145.36131569999998,8.481463109300499,7.518448990103222
145.40915210000094,8.453360776032037,7.546582020562721
145.45772910000233,8.42724910618717,7.572696560925689
145.50944670000172,8.40297717312036,7.596807087548298
145.55758870000136,8.38050556973273,7.619294472281964
145.60829730000114,8.35982591545524,7.6399878695299375
145.65947430000233,8.34071102149449,7.65901159406103
145.70869680000033,8.322966695024437,7.676859190003971
145.75791390000086,8.306493204794103,7.693524413809813
145.8089445000005,8.291264273951386,7.708563975468316
145.85846909999964,8.277200571974573,7.7225993760613765
145.90670600000158,8.264368808100672,7.735600877507685
145.95770569999877,8.252487519070913,7.747481286167119
146.0099577000001,8.241488648626474,7.758444520513882
146.0575480999978,8.23149569512969,7.768400242605235
146.10828610000317,8.222433468998775,7.777482389786493
146.15849529999832,8.214464236296775,7.785538363565029
146.20968250000442,8.207116909367953,7.79282647938256
146.25728360000357,8.200670903070588,7.799272575347352
146.3072433999987,8.19514433948401,7.8047704118000185
146.3573028000028,8.190499975424384,7.8094457190987745
146.4077860000034,8.186757273866958,7.8131728372082705
146.45775090000097,8.183713113509837,7.816029771001008
146.50769220000075,8.18210908711813,7.817874761138331
146.55790030000207,8.181207484683851,7.818631712105796
146.60835919999954,8.18202002496637,7.817890648649697
146.65938299999834,8.184368173584136,7.815582912215121
146.70749120000255,8.188643128009323,7.811241481688924
146.76045750000048,8.195424235498324,7.804442902031365
146.80653149999853,8.206195163065413,7.793799862754893
146.85912610000378,8.221695390394409,7.77823502438523
146.90618579999864,8.245277164467925,7.7546914726084895
146.95652359999804,8.281876230444123,7.718075769917834
147.10117449999962,8.342578457446455,7.657381796041359
147.122586700003,7.3256646018778735,6.804570757214983
147.173354999999,6.422334274259876,5.929285672472218
147.2219996999993,5.487122870700538,5.073805627663248
147.27036000000226,4.558338923892808,4.227447264895987
147.3244199000037,3.61834842120064,3.380090797434767
147.37140920000093,2.6878591059460035,2.5397717069067305
147.42173159999948,1.7508675111983365,1.695165197774423
147.47002439999778,0.8204385981359162,0.8486045669130945
147.52102900000318,0.0001848159994712607,0.0007613990855162904
147.57250519999798,-3.466046369918602e-05,-0.0002613282949262897
147.6214301,-3.3638168062153026e-05,-0.00024215192372417833
147.6700095999986,-3.506683555757216e-05,-0.00024671172698138394
147.72007809999923,-3.586276812187434e-05,-0.00024962733227192096
147.77251690000412,-3.6206096920598885e-05,-0.0002508208674759257
147.82358950000344,-0.0001965296132613198,-0.00013616964459353234
147.87058770000294,-0.2994040918722403,0.36181379399217706
147.92137290000392,-0.29223731722849383,0.3656604830543966
147.97290559999965,-0.36687110814967083,0.229330906276634
148.0248877999984,-0.44500070608915104,0.38397289434792736
148.07292840000446,-0.4249982498448553,0.3111527255789735
148.1211095000035,-0.4485135691866895,0.38615053574951286
148.17151190000004,-0.43091829867218834,0.3017456100015174
148.222107900001,-0.30893692979112863,0.318156506295582
148.26986240000406,-0.531658010513207,0.5641063550605153
148.32439210000302,-0.7263569006171458,0.8736822024296658
148.37344999999914,-0.9590330611030246,1.4638075860187059
148.42331040000136,-1.273552817849752,2.1037814120074354
148.47067709999828,-1.8399074565136342,2.5585407999233643
148.52245280000352,-2.610430664242949,2.991834207837623
148.57162880000396,-3.5797815306517182,3.173226142755769
148.62203520000185,-3.601339476359909,3.0049118007345017
148.67023419999896,-3.6013795672723123,2.9765652934567997
148.7218709000008,-3.6008253055171404,3.144344291879274
148.77174699999887,-3.602032700598724,3.4448672114648016
148.82455270000355,-3.5999405391801345,3.6000775085950396
148.87244669999927,-3.600209084298442,3.6014203353029304
148.92038300000422,-3.5889746843567223,3.5897690845818824
149.02630769999814,-3.311396165457209,3.311484319629699
149.05249200000253,-3.0487381500513964,3.048661676294645
149.09734780000144,-2.808228571681216,2.807726255171491
149.14666630000283,-2.586804743019354,2.5863946262937967
149.19721890000073,-2.384069839200758,2.383538088961535
149.2486543999985,-2.1969595084874483,2.196941320686597
149.30205189999833,-2.0248324243098597,2.0247747200245696
149.34991940000327,-1.8666048281586436,1.866530453963763
149.3950044000012,-1.7208807790596699,1.720820925249241
149.44720850000158,-1.586571946705559,1.586142883606751
149.49538439999742,-1.4632994062093827,1.4630432331981222
149.54792190000444,-1.3498649960153275,1.3495265805290488
149.59576430000016,-1.2454293502237423,1.2450962295913777
149.64606220000132,-0.7605518042827825,1.9386915855860207
149.69617260000086,-0.3142368729875834,2.3823981147699325
149.7479461000039,0.10710784088750906,2.842526842113517
149.7961628999983,0.6260985998166184,3.375214279429939
149.846804599998,1.3956145959431834,4.173700717989411
149.89717139999993,2.7523518413629176,5.030841978707648
149.9474721000006,3.9338635486174063,5.926775073717245
149.99582499999815,5.179139957231291,6.729178381514191
150.04597459999786,6.416321695349282,7.392075669417322
150.09590749999916,7.563284768438055,8.020968164679594
150.14783950000128,7.631014763943628,8.375265426807053
150.1957442999992,7.637973113787751,8.365638611722078
150.24643050000304,7.6521337568034795,8.347095600216237
150.29641980000451,7.674243198390059,8.325203348581066
150.34701309999946,7.69622396183401,8.30340795746975
150.40011139999842,7.716018533091404,8.283844091397253
150.44621890000417,7.733805319651738,8.266042940205477
150.49688360000437,7.750037348274866,8.249491162937735
150.54493720000028,7.765985654593786,8.23374110829839
150.59824920000392,7.7805127712457205,8.219161600229082
150.6468281999987,7.7939782516532095,8.205731659910551
150.696042399999,7.805489588953387,8.194047330981247
150.7472901000001,7.816753758167743,8.182777717520544
150.7959467000037,7.827383173221945,8.1724129293898
150.84632989999955,7.836995179744859,8.1625754403075
150.89710419999756,7.8461024714825935,8.153586675737929
150.94602830000076,7.854412348706006,8.145216499588765
150.99765440000192,7.862149373612096,8.137602263271077
151.0472074999998,7.86923602834074,8.130390899313227
151.09723179999855,7.875706351595216,8.123638040626185
151.1454373000015,7.881947018634412,8.117700009782425
151.19482360000256,7.887760201520088,8.112304204443367
151.24803090000205,7.892820155053993,8.106996371391965
151.2953323000038,7.897545311594551,8.102468111267763
151.34737860000314,7.9017806234039165,8.098127457669786
151.39592090000224,7.905610295504513,8.094102684869041
151.44971320000332,7.908989047452442,8.09041900264938
151.495216299998,7.9121997382316085,8.087234936024835
151.54689810000127,7.914929645808932,8.084451015745177
151.59707850000268,7.917456652204564,8.08208057469531
151.64785760000086,7.919459932641717,8.080162372569252
151.69504930000403,7.9212545692006895,8.078671533641925
151.74774510000134,7.9224229064007865,8.077272819841614
151.7950295999981,7.923231405965347,8.07637148284909
151.8461016000001,7.923384627000557,8.076129798342109
151.89724289999867,6.968007790675778,7.200150398590867
151.9464616000041,6.044400958203232,6.34094672284187
151.99462579999818,5.128020756844133,5.486175676259824
152.04551840000204,4.213588920196077,4.628128027155068
152.0966602000044,3.342892289359306,3.6000040370949584
152.14614989999973,2.6893870191429836,3.5999945211490614
152.1950130999976,2.251827898499107,3.5999932136127564
152.24628420000226,1.6366314998796945,3.599769566963842
152.29647040000418,1.0318553814120248,3.5997937178067523
152.3445195000022,0.42380204269971306,3.5998266833239905
152.39447179999843,-0.20171093957124286,3.5999266002759605
152.4476618999979,-0.8672996341835276,3.599963206238434
152.49757430000318,-1.6160649195281835,3.600131286211845
152.54518069999904,-2.5382152914851206,3.599860220297423
152.5957256000038,-3.4322274403365136,3.5705606163520343
152.6462163000033,-3.599891754217527,3.599379451250143
152.6962898999991,-3.59996580896586,3.5998728902809387
152.74713860000338,-3.6001411859832824,3.599918835688606
152.7951338999992,-3.599795035040984,3.5995394718333533
152.8449980000005,-3.6001588920865455,3.5998488813226497
152.89476619999914,-3.60034542617712,3.600104489924529
152.94715920000453,-3.600023675386222,3.599647574778476
152.9976850000021,-3.5858069937238577,3.585343873690674
153.0441634000017,-3.309069326958427,3.308680619923855
153.09581649999745,-3.048368228778327,3.0478124891598894
153.1477326000022,-2.8089288273149475,2.8085078207732175
153.19576640000014,-2.5887489293922994,2.5883945985346593
153.24670019999758,-2.387070175221819,2.3865222475438927
153.29621960000077,-2.201343943572409,2.200596239681525
153.34870619999856,-2.030489205469154,2.030367805741285
153.3967554999981,-1.8735794046366128,1.8734770600494857
153.44714940000267,-1.7289334764317215,1.7285659562987372
153.49709850000363,-1.596674371958815,1.5958744863801997
153.5468381000028,-1.473889524989245,1.473086925415372
153.59744800000044,-1.3605583210100698,1.3598195407940479
153.6446599999981,-1.2560060030785185,1.255348139575738
153.69606329999806,-0.7342686378028175,1.8756857534686322
153.7450411000027,-0.290403081729539,2.31048984825574
153.79597340000328,0.31500816580465385,2.769670360910832
153.84606680000434,0.9046957003955959,3.1691460768266433
153.89564480000263,1.6612560638317404,3.984773849792575
153.9460435000001,2.662260933526841,4.8901838609286035
153.9978203999999,3.8344612465661014,5.752051359857617
154.05423780000274,5.15182355309924,6.516205058483026
154.09503080000286,6.35988629825211,7.169375089007915
154.14508480000222,7.4987765775624995,7.870933070637389
154.19683729999815,7.602329317734341,8.24305786394838
154.24594269999943,7.6123280416838535,8.387094047381485
154.29480300000432,7.628601401376688,8.370944290783262
154.3465118000022,7.6489724489066795,8.350941617002842
154.39661519999936,7.666720244841695,8.332900553437405
154.4474149000016,7.682962620151798,8.316951676392048
154.49585220000154,7.697897867619199,8.301933561126425
154.54754150000372,7.711795064552233,8.288049672896554
154.59686769999826,7.724078413486751,8.275572615628345
154.647999599998,7.735229967072118,8.264548895342482
154.70007769999938,7.744978389066886,8.254823640410443
154.7478218000033,7.753086337328736,8.246609227463754
154.7971622000041,7.7589915257678745,8.240777537625766
154.84821979999833,7.764157567863572,8.235677213666767
154.8968584000031,7.767935643167735,8.231659785840536
154.9447172,7.770379955345748,8.229616033377011
154.99622510000336,7.771039783067536,8.228439286879139
155.04701909999858,7.770299179155864,8.229268064378315
155.0961868000013,7.7673583178046295,8.232016118432316
155.14576279999892,7.762130444166934,8.237544248240436
155.1945143999983,7.753578767459819,8.246097309683568
155.24671939999826,7.7405810267622,8.258869251016673
155.29696220000187,7.721453322618687,8.277944306359547
155.34584890000406,7.692917334257373,8.306663756282482
155.395818099998,7.6484538963972515,8.350933594305989
155.445624400003,7.575183437859818,8.424381199982964
155.4958814999991,6.667235914598979,7.429399001214698
155.547370100001,5.7887664039225495,6.573965248908948
155.5965617000038,4.888568522037951,5.6729220159647555
155.64601499999844,4.018370007421898,4.793484444849492
155.69677280000178,3.1572363453203636,3.9037666686350176
155.74509530000068,2.281014313802152,3.004112231478365
155.79449120000208,1.4170450635693683,2.1090390893052646
155.8464832000027,0.5854968108049082,1.1907071165587368
155.89497200000187,-0.0003511961054418446,0.4024416384966739
155.945741800002,-0.001389202081904097,0.001008820987274594
155.9944770000002,-0.000805801388282424,9.806799541332441e-05
156.04593269999896,-0.0005603151387317752,-0.00018049001681027512
156.09755610000138,-0.0004728563781424206,-0.00027377222017210964
156.1478849999985,-0.0003476544987892717,-0.00042561364868092037
156.19565639999928,-0.0004992287960807831,-0.000496633921532726
156.24430170000414,-0.0004242591558959692,-0.0004901275379452434
156.2948314000023,-0.0004132854976471767,-0.000359076375922549
156.34668539999984,-0.0003585155531562825,-0.00039042913179192863
156.3949111000038,-0.0002208816631822855,-0.0005752882571221483
156.44667350000236,-0.00018242575823290043,-0.0005697206185719236
156.49506310000288,-0.0002475887203702326,-0.0005295328869625482
156.5456486999974,-0.00021267001626427387,-0.0005750478699453162
156.59753450000426,-0.0001850814801863635,-0.0006055468345548591
156.64647749999858,-0.00027347968751827937,-0.0004787221189359636
156.69533539999975,-0.0002697145607302348,-0.0005464768536479038
156.74578740000288,-0.0002770796336372678,-0.000524498817012743
156.79596070000116,-0.000267453951519295,-0.0005441387610616859
156.84483880000334,-0.0003775317428459122,-0.00041265299053416994
156.8963339999973,-0.0003241021651947807,-0.0004714420431825899
156.94643730000098,-0.0002610079244294044,-0.0005667542412947618
156.99539979999827,-0.0003794128216054289,-0.0003991839988454934
157.04582870000013,-0.0003238881316039295,-0.0004692457645458471
157.09620700000232,-0.00030638809613878855,-0.00047527875493091036
157.14682010000251,-0.00034231664773937446,-0.00038179400672136063
157.19579859999794,-0.00036834795000865506,-0.00042805034218345586
157.24481560000277,-0.0004407689370825495,-0.00039041921057252706
157.29505570000038,-0.0003235075411115606,-0.00043917167582638593
157.3464460000032,-0.00031569130589683737,-0.00046580611139464094
157.39519219999784,-0.0004015759635936472,-0.0003536346040893875
157.44758010000078,-6.984472706876479e-05,-0.0006785780188331187
157.49532760000147,2.5131423875302703e-05,-0.0007068434207745439
157.5459009000042,-0.00014625500162083368,-0.0006672717558960502
157.596183200003,-8.08563102694283e-05,-0.0006987331838702068
157.64953889999742,-0.00014988148526755052,-0.0005720154175116965
157.69577379999828,-0.00012379828806542264,-0.000627610201499531
157.74562900000456,-0.0004104488475324534,-0.00039156683862067836
157.79495139999926,-0.0001732150089141642,-0.0005813697887560184
157.84625070000038,-0.00025033533876970914,-0.0005543808849329741
157.8948337000038,0.00022383831046476253,-0.0005859734452342948
157.9448943000025,6.34779002695618e-06,-0.0007521772566490152
157.99560700000438,-0.0002166953568584624,-0.000516205725454787
158.04689350000262,-0.0003117808876853677,-0.0004956692611034076
158.09589440000127,-0.0002865780159847765,-0.0005059949201978727
158.1466722000041,-0.0003344610323811462,-0.0004810955940080097
158.19668919999822,-0.0004156269176829048,-0.00040532120976275674
158.24596880000172,0.00017884099943215725,-0.0005408068022750141
158.29580200000055,-0.00043451533366981537,-0.0003857806022306359
158.34587509999983,-0.0002672795174521042,-0.00044747952746637996
158.39576600000146,-0.00045536769173228347,-0.000379222379465766
158.44537560000026,-0.00027366125383590284,-0.0004998881576133467
158.49676370000088,-0.000278441365786707,-0.0005410532170746914
158.5448569,-0.0001772194083927569,-0.0005700912504748716
158.5959326000011,-0.0002584168864675234,-0.0005861618772598343
158.64617220000218,-0.00022345141115226095,-0.0005510122812369725
158.6985335999998,-0.00029101728937794237,-0.0004995813632012484
158.7473769999997,-0.00021349961087950095,-0.0005547588964217534
158.79629019999993,-0.0002235592102553253,-0.0005270003403345724
158.84654710000177,-0.00019180346582124263,-0.0007086850717729257
158.89737360000436,-0.000116674731742818,-0.0006786574750969099
158.9476274999979,-5.568998791010834e-05,-0.0006810171351309605
158.9959721999985,-0.0001491991608483619,-0.0006494387835415783
159.0501024000041,-0.00016904998929607353,-0.0006091666401545875
159.0981574000034,-0.00011999493008130722,-0.0007165515025020138
159.1469556000011,-5.529294790914442e-05,-0.0007090100673700288
159.19889590000093,-7.082530766309295e-05,-0.0006942236136196204
159.2465536000018,-0.00013248917882804052,-0.0006131616719266736
159.29725820000021,-0.00011452941164347082,-0.0007210279771374645
159.34753930000443,-3.945063173910681e-05,-0.0007271516458318568
159.39563559999806,-0.0001016878725225015,-0.0006978979407732927
159.44600280000304,-4.079733146870454e-05,-0.0007465801075048052
159.49701440000354,-4.385226723972595e-05,-0.0007214822439172159
159.548472399998,-2.0184371418726164e-05,-0.0007334263186021612
159.59572910000134,2.288660985174528e-05,-0.0007894203059272053
159.64691989999847,-0.0001916189110497772,-0.0006243659510312416
159.69824530000187,1.7831109389124524e-05,-0.0007759061818739406
159.7452439999979,-3.578089033954233e-05,-0.0007003811109872062
159.79770819999976,-0.00021018581799504227,-0.0006360647252584416
159.8461821000019,-0.00012921047130042506,-0.0006041917676295169
159.8952860999998,-0.0004884236144424222,-0.00033459409537518986
159.947056099998,-0.00039209849500608925,-0.0003799427226286646
159.99689370000124,-6.69483767978572e-05,-0.0007313228966322106
160.0452712999977,-9.58300456766834e-05,-0.000631707836530841
160.096881700003,-6.938532024489682e-05,-0.0006404201103665911
160.1456421000039,-2.2807532484781627e-05,-0.0007189381759164876
160.1987281000038,2.1714503528633495e-05,-0.0008083444353020271
160.24567299999762,-4.2173236280968774e-05,-0.0007449997575316859
160.29536370000278,-0.00037924076705699874,-0.000420092119580298
160.34566830000404,-4.47318001307329e-05,-0.0007378039879625395
160.3957623000024,3.218114983386143e-05,-0.0007650621104663497
160.44602119999763,-0.00010012656890281953,-0.0006575372506274553
160.4957751999973,-7.673477533394708e-05,-0.0006304382087612492
160.55203679999977,-0.00010150162736986777,-0.0006699475387025059
160.60395229999995,4.722349444866637e-06,-0.0007277290017615929
160.65599640000437,-4.176323686885647e-05,-0.0007223094380193263
160.70257929999934,-5.516433558839435e-05,-0.0006356373507448827
160.75999489999958,-0.00028183067302145227,-0.0005447024612593196
160.8062332000045,-0.00023069928118983347,-0.0005544127161817221
160.85743540000112,-0.0001554753645828271,-0.0006157449982018066
160.9020698000022,-0.00028282841526587713,-0.000571216666401994
160.9578693000003,-0.0003072810681461962,-0.0005255391361213838
161.0035785,-0.00043555155668823436,-0.0005303397049527473
161.0551964000042,-0.0002831143054218276,-0.0005178262902038549
161.10334230000444,-0.0003358112727450246,-0.0004597833858541083
161.15193980000186,-0.000293874525692248,-0.0004727941373525546
161.20425609999802,-0.0006163421767630121,-0.0004124556101998703
161.25393830000394,-0.00047591974015093614,-0.0003704950372279629
161.30714620000072,-0.0005010895686834159,-0.0003557364717359905
161.35508539999864,-0.00014139497386281446,-0.0005879900378272181
161.4035842000012,-0.0001935894144546277,-0.0006330571353368683
161.4519403000013,-0.00042054367153138166,-0.00037515943908162427
161.50548700000218,-0.0004681285657785781,-0.00035025610546407315
161.5539110000027,-0.00043254618358233257,-0.00037057490559543835
161.60355359999812,-0.0003651201749835647,-0.0004277669789283724
161.65517620000173,-0.00042773229038714023,-0.00037820029810177496
161.70508459999837,-0.0004316378050543334,-0.0004222586785902798
161.75296810000145,-0.0004158625765530145,-0.0003576137280419551
161.80499560000317,-0.00045385191871406567,-0.00035430982013912835
161.854325100001,-0.0004836794029299165,-0.0003612977861005817
161.90755840000202,-7.946665565590981e-05,-0.0006775032016201023
161.95215219999955,1.8057376927510993e-06,-0.0007431114504987111
162.00375429999985,1.891664229708943e-05,-0.0007652870430722259
162.05381460000353,1.9861997913057985e-05,-0.0007587627771446626
162.10219779999898,-2.5084013088894685e-06,-0.0007422521138302139
162.15266490000067,-2.5109520684930074e-06,-0.0007187762015048255
162.2021162000019,-5.817872734682409e-05,-0.000749142854752573
162.25187390000065,-3.9236338089744726e-05,-0.0006932337691465597
162.3037964000032,-1.5902528272008265e-05,-0.0007251754574522377
162.3539438000007,3.6975708717113297e-06,-0.0007527379812713092
162.40210880000086,-1.761430175048527e-05,-0.000712614492750443
162.45482269999775,-2.8487380809875594e-05,-0.0006886804486814113
162.50314510000317,-0.00045354291096125877,-0.0003736649096924859
162.55775780000113,-3.0795333572114875e-05,-0.0006833287682381309
162.60325649999868,-4.815002334628267e-05,-0.0007104014543756503
162.65255040000193,1.1460405779895413e-05,-0.0007222174558974065
162.70394980000128,5.744436242239715e-05,-0.0007743634138494849
162.75433160000102,-1.5738195280349153e-05,-0.0007288348651513511
162.80230550000124,-3.0056782929249435e-05,-0.0006660189250791751
162.85646940000152,3.943790964914544e-05,-0.0007743561045740776
162.9025560000009,-6.01937237831985e-05,-0.0006901956020952663
162.95292930000141,-0.00026608554684083357,-0.0007394576714415937
163.0071769999995,-0.00017370740854630076,-0.0005877055189187833
163.0535744000008,-0.00028396562230552694,-0.000544563056882388
163.10295829999814,-0.00014791702609435206,-0.0006041737862131608
163.15488580000238,-0.00015048619337331928,-0.0006047724406614003
163.20641170000454,-0.0005128958969540451,-0.00033686242851873547
163.25310719999834,-0.00044519977704425106,-0.0003610003334602844
163.30274030000146,-0.0004656751515068279,-0.00037743184071516
163.35262309999962,-0.0004207717591245961,-0.0003380923427558602
163.40462249999837,-0.30850147591305094,0.30675066949958035
163.45254920000298,-0.507023806828338,0.6557603082289509
163.50195150000218,-0.6999217880780633,1.042102641222673
163.55398070000228,-0.9498524546849053,1.463895166631614
163.60507730000245,-1.3932001984314766,2.2729533061148577
163.65626670000347,-1.999419570990167,2.640263503439312
163.70060789999843,-2.5069592248739805,2.506391429306516
163.75262649999786,-2.390923844378055,2.337880445679323
163.80524839999998,-2.2212397769749974,2.1671668136523685
163.85472300000401,-2.028309769930187,1.9901030622778864
163.90213159999985,-1.8608005037824937,1.8594952270378355
163.95249360000162,-1.7284031937773991,1.7275020710160574
164.0034239000015,-1.6073212611038912,1.6068783500927395
164.05465569999797,-1.4961827669689127,1.4958754664088867
164.10341530000005,-1.3929276443801417,1.392799658197344
164.15616930000397,-1.2975011506453291,1.2970351687287627
164.20513570000185,-1.2125213650693616,1.2102581173947646
164.25481189999846,-0.4940266062888198,2.033069988787365
164.302829500004,-0.09324688150166616,2.1986942064411372
164.35243379999883,0.3594623404131594,2.740281673527556
164.4033034000022,0.8125488177365158,3.24845337130131
164.45382370000152,1.6419771670031624,3.97720340946549
164.5057711000045,2.525838873215642,4.9048037679839425
164.55052160000196,3.6875113118283678,5.816802204572059
164.60264019999886,4.961700894492057,6.645012004760529
164.65108970000438,6.254467401156486,7.120941833545661
164.70731080000405,7.201767436179618,7.691600205262248
164.75452609999775,7.174098328904179,8.201274398053913
164.80392569999822,6.895593410990622,8.51555941745056
164.8535531000016,5.967049602905751,7.239331256918403
164.90685060000396,5.047892928367105,6.440661134246006
164.95326550000027,4.09162501693014,5.5641407420619275
165.00329839999904,3.1629312981943065,4.702232774307738
165.05412559999968,2.3525225103955307,3.8013537749393684
165.1063045999981,1.2765813525001166,2.8970211857156563
165.1535847999985,0.6604413013942269,1.9511768478534637
165.20358690000285,0.0011183398220772803,1.0143846905514449
165.25292759999866,-0.00056858295285473,0.42197071709238415
165.30781969999953,-0.0008429824396671156,0.0001284680980485766
165.35545640000055,-0.0003317762488746033,-1.4278707116690225e-05
165.40320130000327,-0.0001536247378532301,1.2530946691413938e-05
165.45393580000382,-0.0006304859297439704,6.148925032484348e-05
165.50408379999863,-0.0006716716124973571,7.090517559766798e-05
165.55564759999834,-0.0005388102770187735,5.306959859346264e-05
165.60312230000272,-0.0006052011890870543,9.431143369607088e-05
165.65334840000287,-0.0006992669336368174,4.204061003769102e-05
165.70573339999828,-0.0006829110442049866,6.181355446394257e-05
165.75719240000035,-0.0005188699393265376,-5.008908094965737e-05
165.8036049000002,-0.00023509514696122983,-0.0005672407001901522
165.85480890000326,-3.5875415838082025e-05,-0.0006308923807390557
165.90449259999878,-3.265878376626717e-05,-0.0006318464896198521
165.95491430000402,2.822598155208045e-05,-0.0006448741641035646
166.00704319999932,-3.481199981617409e-05,-0.000679831586338482
166.0547527000017,-2.775520648870302e-05,-0.0006633113743510929
166.1045210000011,-0.00029919005641903596,-0.0004428863426338846
166.1538120999976,-0.00027182071771247656,-0.000488711751601521
166.20454969999992,-0.00024096534825296381,-0.0005171178576023811
166.25375180000265,-0.00020238371085689807,-0.0005291516847594097
166.30315390000032,-0.0002793461506892643,-0.00047707126603713056
166.3555159000025,-0.00021676134949212924,-0.0005223526401764854
166.4051357999997,-0.00021558221948738042,-0.0004924048783059869
166.45586600000388,2.861601844375388e-06,-0.0006396070988418168
166.5036659000034,-0.0001625818186303244,-0.0005833277664471201
166.5538935000004,-0.00012128730798600225,-0.0005961057229178871
166.60632990000158,-0.00013393446804967762,-0.0005998475490557335
166.6539158000014,-0.00012737820105369844,-0.0005984493443037471
166.70312469999772,-4.48334006808849e-05,-0.0005883071563364496
166.75445690000197,-7.045470993289786e-05,-0.0005982900408777401
166.80293840000377,-4.139555729313812e-05,-0.0006520945470618045
166.85491390000243,-5.3230057950375466e-05,-0.0006263882426987116
166.90109559999837,2.2074763217381356e-05,-0.0006466548359912944
166.9530980999989,-0.0003827518002991459,-0.00044856312868624815
167.0032788000026,-0.0004549903746994557,-0.00010409857507119815
167.05909350000002,-4.5642118662356506e-05,-0.00024167389254287183
167.10365499999898,-1.9600560996497858e-05,-0.0002658131444624881
167.15226059999986,-4.423937841617383e-05,-0.0002950149507023192
167.2023810000028,6.443552362795233e-05,-0.00040461194251781855
167.25502530000085,4.530091928249542e-05,-0.00045871522063116514
167.30273060000036,7.356221423122839e-05,-0.0004937221896215772
167.35097900000255,-0.0005249502190285115,-0.00033243675829953707
167.40312750000157,-0.00046786344006873607,-0.00034737744414363935
167.45689710000443,-0.00040243880371557047,-0.0003937469037046966
167.5034661000027,-0.0004109999829700031,-0.0004098035384043563
167.55545169999823,-0.00018828850385530426,-0.000631690609588746
167.60120389999793,-0.00017719652580812769,-0.0005778538169756126
167.65439799999876,-0.00018081582157122335,-0.0006166018144975027
167.7050612000021,-0.0001257357811647158,-0.0005132263072204244
167.753226300003,-0.00014629612334907848,-0.0005757372060890419
167.8040256000022,-0.0001967969375018417,-0.0006016016417379588
167.85267739999836,-0.00011078907280481318,-0.0006247404722452853
167.90569880000112,-0.0005957113741864377,2.742972963212525e-05
167.95242300000245,-0.0004005572795790717,-0.0003116857500100256
168.0033659000037,-0.0005332404928737387,-0.0005330898516409169
168.05541310000262,-1.2553221484535072e-05,-0.0011720754759603248
168.10464499999944,-4.389583803114525e-05,-0.0007044780577579614
168.15335459999915,-0.0005705441101690628,-7.346777297641015e-07
168.20546950000426,-0.0006056067193075716,-3.102046788330872e-05
168.25437950000196,-0.000191740859190252,1.6226011290158336e-05
168.30357399999775,-0.0004239424866388322,3.1935625166597294e-05
168.3530541,-0.0004610789433709358,8.264361133222244e-05
168.4032542999994,-0.0005060644320163965,4.754500021468749e-05
168.45661480000126,-0.0005258019237907877,6.290864256192348e-05
168.5027001999988,-0.00038143598620812375,-1.3578167046292148e-05
168.55614670000068,-0.00046345028472755486,3.8918308120674654e-05
168.60315770000307,-0.0005238365643933302,-8.484909156400078e-05
168.6532473000043,-0.0006817679741663561,-6.377012927722214e-05
168.70362960000057,-0.0005716623911479973,-6.766037347067554e-05
168.75767990000168,-0.00010455248976591885,-0.000317789539850267
168.80649300000368,-0.0005405443939910222,-0.0002334102767068013
168.85261049999826,-0.000553967202289276,-0.00022139405366796935
168.9046548999977,-2.501370044429913e-05,-9.889145271567105e-05
168.95620829999825,-8.157437633168214e-05,-0.0007584432443000318
169.00325570000132,6.706726063405285e-05,-0.0005676057945560046
169.0523538999987,5.641668987537843e-06,-0.0005834069263257726
169.1028759000037,-5.275296182110507e-05,-0.0005733877719417992
169.15464050000446,9.709558934654032e-07,-0.0007707199198984655
169.20645060000243,1.6549395553970363e-05,-0.0006972250649737645
169.2548930999983,-8.4837496583467e-06,-0.000759907458383357
169.30390510000143,-0.0001848951518892141,-0.0004266429316730946
169.35455870000442,-0.0002575277432085022,-0.0001793986450950509
169.40506289999757,-9.257189836917458e-05,-0.00044819038366251116
169.45054979999986,-6.61469940266893e-05,-0.0005064893756633354
169.50562899999932,-2.9450221550346958e-05,-0.0006753616365836705
169.555159800002,-9.35984281081656e-05,-0.00039497617353507195
169.6067544000034,-6.194833752643142e-05,-0.0004337888811719168
169.65412189999915,-2.1230122104773254e-06,-0.0004182491998079487
169.7047148999991,-0.00017777840212192722,-0.0005369597484994558
169.75494730000355,-0.00011612911081659962,-0.000638642909491228
169.80237730000226,-0.00014477654630710155,-0.0005965866756288803
169.85358770000312,-0.00011507592163628731,-0.0006142875074292822
169.90435630000138,-0.0001336420389021136,-0.0006144197828754348
169.9510162000006,-0.0004964176967279974,-0.0004268207128295581
170.00281969999924,-0.00022835773099164818,-0.0005716485597897162
170.0552852000037,-0.0004294492648611581,-2.6266232822115915e-05
170.10221090000414,-0.000407135467973093,-0.0004362327701742041
170.15330769999855,-0.00032800489502316085,-0.00045049349317673144
170.20493320000242,-0.00035616887376128817,-0.0004236065997538588
170.25672599999962,-4.6561981748059506e-05,-0.0006932551851710693
170.30245719999948,-8.967518123634406e-05,-0.0006970897383682866
170.35227780000423,-0.00017949201266428266,-0.0006309445081969617
170.40333600000304,-0.0001740419910968986,-0.0002713108878119566
170.45582670000294,-0.00019296945521516957,-0.00034135687609951776
170.5038851999998,-2.174243894927691e-05,-0.0002210446977459997
170.55329789999814,-7.73606571691955e-05,-0.00019087863415443714
170.60366559999966,1.437892438450803e-06,-0.0001525338691800585
170.65726970000105,-0.00014991956263103506,-0.00021236369365263953
170.70350150000013,-0.0001761050703043718,-0.00023214986750756631
170.7540125000014,-3.370613672618345e-05,-0.00024390552129133688
170.80381240000133,-0.0005999034073959094,1.85137311925656e-05
170.8538544999974,-0.0005670487125643541,4.72993233802556e-05
170.90408369999932,-0.0005036144563607036,1.8675208224311704e-05
170.9545986000012,-0.000540035742481219,-2.2962257695290208e-05
171.00202939999872,-0.0005158241074731258,-4.636869332945532e-05
171.0549155999979,-0.0005842981808182072,7.376566990575699e-06
171.1075359000024,-0.0001474566440841461,-6.760637685238773e-05
171.1548455000011,-1.3059496151169535e-05,-0.00018200459530623073
171.20460479999747,-9.945297011491624e-05,-0.000342457062807923
171.25315370000317,-0.0004209056816757702,-0.0003344786231989243
171.30452810000133,-0.0004339180562869661,-0.0003647375970255783
171.35324190000392,-0.00041442951421789186,-0.0003728922985396511
171.40267080000194,-0.0005904981319929187,-0.00035967637535046974
171.45429500000319,-0.0005399733143407839,5.1427674729923207e-05
171.50389859999996,-0.0001029149145793533,9.224540954430984e-05
171.5563301000002,-0.0004276139471300275,6.192624262274696e-05
171.60540559999936,-0.0004595851276997695,2.4076892757318475e-05
171.65469380000286,-0.0006230241740639219,-6.005611066234318e-05
171.70596099999966,-0.0004275386463977111,6.360426105806236e-05
171.75492010000016,-0.0002711193808017064,-0.0005480227339494566
171.8038355000026,-0.0005932647453313563,0.0002348480482863746
171.85276629999862,-0.0007079234550143714,-2.619462656785646e-05
171.90223449999758,-0.0002096593514358051,-0.000539377863074709
171.95614550000028,-0.00013521552819653065,-0.0004856577516263758
172.0035390999983,-0.00011699933084597031,-0.0005573901049283975
172.05211869999766,3.244322988041513e-06,-0.0004677362183799963
172.10225090000313,-5.87014842179921e-05,-0.0005302227866554808
172.1570434000023,-0.0005210775087427042,-0.00035148242165711316
172.2052393999984,-0.00042760186227468877,-0.0003993125930363451
172.2532818000036,-0.00044037621312962433,-0.0004159648439923234
172.30060159999994,-0.0004544243029100108,-0.00045731750217907046
172.35439980000228,-0.0006633836615273381,-0.0005597235261957285
172.40492939999967,-0.0003528323067497107,-0.00048687770784020744
172.45420610000292,-0.00041358479819853444,-0.0004522683463300733
172.5051889000024,-0.00023975390391922435,-0.0005581563112934228
172.55319869999948,-0.0002241578187958403,-0.0006078371344934616
172.60378750000382,0.0002081658022736792,-0.0005499337126025624
172.65493830000196,0.00010191525041679245,-0.0006145518166482396
172.7033756000019,-0.00026961392896073736,-0.0003833424656824185
172.75523560000147,-0.0002449171608634513,-0.0003676871033536508
172.80496270000003,-6.789378304012454e-06,-0.0007813473888256599
172.8530028000023,1.6776248834575454e-06,-0.00044794395562897576
172.90430120000383,-0.00032106805866226296,-0.00035903086956830846
172.95527840000432,-0.0004400463561101468,-0.0003200719799205501
173.0043644000034,-0.00032391118218776707,-0.0003301506088186973
173.05373160000454,-0.0003404778318843194,-0.00039522524950603207
173.1045559999984,-0.00039948333459057406,-0.0004091977671267703
173.15268020000076,-0.00044461024587626923,-0.0004232852973802619
173.20370879999973,-0.000433818223611506,-0.0004639163072370276
173.2537048000013,-0.00044933124227009957,-0.00041896004711119343
173.304899499999,-0.00030118341882751,-0.00047572898446234674
173.35372020000068,-0.0002987566676275142,-0.0004285705717317861
173.4036855000013,-0.00035123778857665304,-0.0004397324769208392
173.4546674000012,-1.885705228634235e-05,-0.0006689055145244441
173.50405370000226,9.650596766172976e-07,-0.00068425502933929
173.5547211000012,3.7968361232855302e-06,-0.0007061905850335173
173.60354100000404,-0.00038788294114470913,-0.00044202506730504763
173.65416800000094,-0.0002725724803646071,-0.0005173981141314772
173.70240449999983,-0.0003558281223009059,-0.00023416728627294605
173.7525306000025,-0.0005659237924850388,-0.00022258040282022021
173.80490970000392,-0.00027339505179779864,-0.0005902596353038529
173.857852000001,-0.0002810357377928269,-0.0005673885807424008
173.90585809999902,-0.00041589152765043674,-0.0003569830155042011
173.95329889999994,-0.0006033223141536296,2.9560057690530062e-05
174.0000321999978,-0.0005505497081349257,4.434504372600918e-05
174.04600319999736,-0.0004390821368168456,1.5745564319061724e-05
174.09853499999736,-0.00045666262796865303,7.247267533878699e-05
174.14758570000413,-0.00023781541775874136,-0.0004675279133623162
174.19626109999808,-0.00017222088830610744,-0.0004634497557284881
174.24701169999753,-0.00017433827594910714,-0.0005121072035884339
174.2981992999994,-3.2966172680589814e-05,-0.0005286588950614708
174.34742769999866,3.849844589790735e-05,-0.00045295548519810305
174.39738090000174,-0.0002874947558687831,-5.9770630134236855e-05
174.4464270000026,-0.00029107122845354434,-2.7740214914054657e-05
174.4964684000006,-0.00024772224067632904,-9.484869102358672e-05
174.54574760000105,-0.00025491465907053867,-0.00011524641257987264
174.5955552000014,-0.0001634465503387864,-7.872811877980981e-05
174.64623410000058,-0.0001033151194819046,-2.854391736309244e-05
174.69587400000455,-0.00020603917549899724,-2.3536605819906386e-05
174.74658540000382,-0.00016069294818138146,9.276680756906245e-06
174.79602650000015,-0.00021959789133798552,-0.00017982822707614992
174.8464088000037,-0.0003218470319592423,-0.00014947858337792107
174.89880690000427,-7.083796615965148e-06,-0.0006265138600707722
174.94700000000012,-0.00037796141754199675,-0.00046383891928542475
174.99655460000213,-0.00029204830389632254,-0.0004965163664115325
175.04622080000263,-0.00040947433651638334,-0.0005160214030085912
175.09516380000423,-0.0004580900938585942,-0.00018031301980433423
175.14570380000077,-0.000638864109527295,2.7407136382631734e-05
175.19598309999856,-0.3144048248018988,0.6271719168826104
175.2467159000007,-0.4348639046394257,1.0491606720271944
175.29545890000009,-0.7138457066594491,1.4420377821615964
175.34659629999805,-1.0437185384466214,1.972755151474389
175.39558760000364,-1.5653565348781076,2.517442201803602
175.44845689999784,-2.190453371165761,2.9853726074882885
175.49593520000053,-3.037233189968146,3.4940425549298344
175.54557619999832,-3.63843253881619,3.5998888008446386
175.59713280000142,-3.6332277720906743,3.5992697795783046
175.6446716999999,-3.6008938754904594,3.599489807569862
175.69668680000177,-3.600430756094035,3.5998068657414413
175.74684140000318,-3.6003513251000783,3.599930948552282
175.79766770000424,-3.6002668729405816,3.599788256023115
175.8449757999988,-3.6001973931620244,3.599925362148215
175.89503420000256,-3.600052046304635,3.599794127991743
175.94608709999738,-3.543585870876884,3.543513506159617
175.9974915999992,-3.2761683605616905,3.27600784017382
176.04692900000373,-3.0257532826362343,3.02548553463477
176.09512189999805,-2.797948023750298,2.7974619096211257
176.14669560000038,-2.5884298571366613,2.5881309433764614
176.19570509999903,-2.394711064638217,2.3943073670655557
176.24699300000066,-2.217101358305631,2.2169346289639007
176.29514149999886,-2.052534458398907,2.052029235197521
176.34526790000382,-1.9007532752227978,1.9007505884180291
176.39607889999752,-1.7619057127354203,1.7614107980603209
176.44663500000024,-1.6334176485252119,1.6329278495919217
176.49750689999928,-1.5145849685868766,1.5142054666029814
176.54655590000039,-1.4033929832813714,1.4029011248761283
176.59748979999858,-1.3008346650173872,1.3003585944776734
176.64871259999927,-1.2058725406621869,1.2052977220462016
176.696254399998,-0.6950879813215944,1.6553611017064567
176.7456388999999,-0.2652193356738688,2.0791699785596345
176.79487710000103,0.1485928996352487,2.530834460559231
176.84676810000383,0.6680156173902386,3.1145910319609342
176.89564080000127,1.4200804375411418,3.9066517299983365
176.94484380000358,2.767246311725097,4.772296162798616
176.99651689999882,3.9651243116102513,5.6840320186721085
177.0463091999991,5.225522969887868,6.460026151336361
177.09862109999813,6.446370779889401,7.113315593715679
177.14640579999832,7.41283471945379,7.742117416875718
177.1954840000035,7.428598363466239,7.966191725546118
177.2460183000003,7.318908525695371,8.305791433722911
177.29639329999918,7.259295489825341,8.740363034005991
177.3451972000039,7.194611584062527,8.805118033557076
177.39626090000093,7.1025432948434295,8.897005869826685
177.44699969999783,6.96369694000024,9.035968219543069
177.4964828000011,6.112810344786463,8.069948599841243
177.5472488000014,5.271081244149913,7.143115571726808
177.59525450000365,4.4381742433992635,6.212684811887805
177.64521219999733,3.5890705093653352,5.293928916443835
177.69634600000427,2.6058007891430743,4.398621891583611
177.74611300000106,1.7039685414959238,3.492255880502327
177.79539730000397,0.8872730264303406,2.5140248195011816
177.84517259999848,0.0824302338713056,1.629287273101959
177.89515770000435,-0.00047774407004408446,0.9775123060455045
177.94575500000064,-0.000536542666826089,0.3872830983385062
177.99456030000147,-0.0007196946061280169,0.00015061337257109143
178.04698939999798,-0.0005366333881745784,-9.52383664849302e-05
178.0972787999999,-0.00043855493389802306,-0.00026912634898156723
178.14749630000006,-0.0003790141601142825,-0.0003151027841739879
178.19596040000033,-0.0003717721702453629,-0.00038409728322422437
178.2450747000039,-0.0005906664818838916,7.722593450838843e-06
178.29657210000005,-0.0005595878339091544,1.9831349046280117e-05
178.34755350000341,-0.0005524510201552594,1.3340526686124107e-05
178.39570030000323,-0.0005851728002076245,3.6983695350690217e-05
178.4450444000031,-0.0005383927861338531,1.3406099430580678e-05
178.49598610000248,-0.0005955954512707261,3.6028941252685624e-05
178.54567230000248,-0.00034519971585426874,-0.0004174153539267144
178.59685490000265,-0.0004015330082810763,-0.0003915148328182361
178.6457853000029,-0.0003745404099883598,-0.00039947372880773824
178.69528210000135,-0.0005678707744565275,-2.1328372490378453e-05
178.74661339999875,-0.0005023492851706639,-0.00012151945152650421
178.79630210000323,-0.0004299246303525744,-0.00020250304610691333
178.84727379999822,-0.00045423356632653825,-0.00011813902771618307
178.89744130000327,-0.0004907653727732559,-0.00029513004267438323
178.94625310000265,-0.0004584011523944687,-0.00015684857714597707
178.9960465999975,-0.0004854909902994055,-7.776586254678082e-05
179.05081079999945,-0.00047466679582668396,-0.00010540190662776755
179.0980084000039,-0.00047344296539801443,-0.00011152207255460019
179.14709060000314,-0.000607218783077554,1.059531324899408e-05
179.19863700000133,-0.0006023536155670014,1.329666629857995e-05
179.2477147000027,-0.0005751547324558239,-1.1240107156150995e-05
179.29526550000446,-0.000602071505573301,1.803754376973865e-05
179.3474955999991,-0.00037138826464360895,-0.0003971526337554604
179.3983692000038,-0.00034617472850405535,-0.00041659355551960947
179.44888109999738,-0.0003472113949109418,-0.0005208404430395241
179.49544150000293,-0.0003362278885537174,-0.0004332174498696384
179.54536760000337,-0.0004038353105382563,-0.0004281190174378282
179.59762510000292,-0.00033122322862972643,-0.0004262730835431937
179.64675150000403,-0.00035454281394393407,-0.00041575822322738077
179.69558710000274,-0.00036764118246572513,-0.00040632941935634894
179.7455071000004,-0.00047363870236076446,-0.0005285765752188613
179.79545900000085,-0.0003612188631601762,-0.0004129630477612862
179.8468312000041,-0.0003385978349386954,-0.00041451206973586933
179.89573109999765,-0.00036046492223936865,-0.000413968511959301
179.9465928999998,-0.0005391269921909188,3.099315604163143e-06
179.99647209999966,-0.0005449373108310549,-9.006999457392007e-06
180.04653130000224,-0.0005554541860115482,8.35316429082727e-06
180.09570720000193,-0.00042582403476308775,-0.00037918986905751155
180.1480453999975,-0.0003690066221215159,-0.00042304170331312137
180.19576310000411,-0.0003616861065624797,-0.0004106727018899873
180.24612640000123,-0.00039864193426338213,-0.0004762769143971064
180.29631589999917,-0.00046796087131236504,-0.0002770607515415544
180.34655850000127,-0.00042775749495781916,-0.00029046522893630964
180.39628240000457,-0.00046490180771270085,-0.00032405127434786203
180.44639630000165,-0.0004578492431608741,-0.000317386015158827
180.4976356000043,-0.00045495293806788303,-0.0003335766673999847
180.54504520000046,-0.000450011411733909,-0.0003087584171450202
180.5965623000011,-0.0004345227045656362,-0.00033042277997930703
180.6478833000001,-0.0004379116425875228,-0.00034428477966079197
180.69676930000423,-0.000450620577537822,-0.000328204766520292
180.74522550000256,-0.0004904517402338711,0.0003427881345890249
180.7971916000024,-0.00042734897642631494,-0.0003691101844621637
180.84561840000242,-0.0005935068405321884,2.7874714717016542e-05
180.89465310000378,-0.00034229485264040233,-0.00035945558156721263
180.94738170000346,-0.0005398942726911692,1.1427647053651586e-05
180.995874799999,-0.0005869333095112501,3.167323874289759e-05
181.04616489999898,-0.0006018328412030884,3.126820242729892e-05
181.0960930000001,-0.0005700002716545605,-6.0118154407484766e-05
181.14892130000226,-0.0005792208642829186,0.0001022978481952517
181.1975489000033,-0.00054804262590837,-7.89537187185402e-05
181.2451119000034,-0.0005933753837797596,-4.955098074082126e-05
181.29565910000383,-0.0005768103693292645,-5.568148604423036e-05
181.34999239999888,-6.27746676224476e-05,-6.557766738252678e-05
181.3958511000019,-6.271737490326757e-05,-6.7454360322468e-05
181.44717240000318,0.397670457632829,-0.3920335379374856
181.49490859999787,0.35630047348331884,-0.38328546379417366
181.54709379999986,0.35669520025365914,-0.37859448785878624
181.59824990000197,0.35724050752199904,-0.3738460284201047
181.64686439999787,0.35736458377271146,-0.37000454391471854
181.69934980000107,0.3581797221400314,-0.36523531354293187
181.74547190000158,0.35915406976522846,-0.3604021489289347
181.79704499999934,0.36028257798991803,-0.3555172336653053
181.8465664000032,0.3615546912097211,-0.35059232520572003
181.89675569999963,0.36296610930518003,-0.34563016876467995
181.94465379999747,0.3645103802524316,-0.34063602304161716
181.99627809999947,0.36616342498716137,-0.3356377935034466
182.0451131000009,0.3558146595649724,-0.34244920005343943
182.09488299999794,0.37028734431689214,-0.32522254560516817
182.14655060000223,0.37240479277349764,-0.32009325760163104
182.2000257000036,0.5565945641025934,-0.6481376214134155
182.2489779000025,0.7239270430011335,-0.9443638603459683
182.2971075000023,0.9031427201745635,-1.1645030957304778
182.34716160000244,1.1405662962371335,-1.3066194345154827
182.39601180000318,1.4780309174905408,-1.4469065922659567
182.44833369999833,1.8450723520094041,-2.3563442591472326
182.4946001999997,2.126676438545143,-3.241664290392747
182.54584279999835,2.2287770249478545,-3.599934589097638
182.59524899999815,2.2430110899032734,-3.5999725938622444
182.64856500000315,2.143991977055356,-3.6000336658015133
182.69548529999884,2.0589549071845905,-3.6010665475786103
182.74812409999868,2.21578530314902,-3.600410053029231
182.79561190000095,2.6548169916504687,-3.6001849997970057
182.84709529999964,3.165279025466102,-3.6001462283713312
182.8958838000035,3.5995633612139297,-3.599994274018205
182.94644479999988,3.540758110456263,-3.5400211665790478
182.996664600003,3.2643333336320346,-3.263981823588391
183.0486407999997,3.0034175977631636,-3.0038509716239594
183.09437459999754,2.7635366248033963,-2.7634227532724425
183.14522740000393,2.5435474378333778,-2.5435531394284947
183.19558379999944,2.341567980134672,-2.3419219867106738
183.24825789999886,2.157149675527848,-2.157667381046264
183.29805289999786,1.9886198748922932,-1.9885838840171355
183.34574209999846,1.8322776036287902,-1.83227152548653
183.39578110000002,1.6878708547309207,-1.6881536065819231
183.4449964000014,1.5555827640772721,-1.5558345741402557
183.49743989999843,1.4340686063392325,-1.4346497446583326
183.5467684000032,1.32209707949671,-1.3228791392704904
183.59514050000143,1.218336029450515,-1.2181205372182298
183.64549690000422,1.7632053706338848,-0.464362547310746
183.6967855000039,2.2522422000433253,0.033955147491707374
183.7469865000021,2.7021161145481964,0.45365855809726713
183.79776459999994,3.250154206628178,0.8961993793438093
183.84716930000286,4.078914881107818,1.5277583128611538
183.8966184000019,4.966103719648538,2.4369150052298982
183.94603869999992,5.850728443273919,3.61644070196046
183.99565409999923,6.626254052973377,4.868142316715782
184.045781300003,7.329753114603002,6.127237530914007
184.0958344000028,7.978418995365272,7.263794630701534
184.1471246000001,8.241899324000071,7.757242105976893
184.19531789999746,8.22162969180511,7.778267050313823
184.24785279999924,8.205845569747288,7.79363510177025
184.29845600000408,8.191457522931909,7.808287730234966
184.34784790000413,8.177718438141532,7.821949913372892
184.39734870000393,8.165040702165271,7.8344972628071625
184.44505519999802,8.153611895646229,7.845960685711908
184.4985411000016,8.143057305480678,7.8566207739513265
184.54714290000265,8.133213678325141,7.8664242384485235
184.59581269999762,8.12425773387357,7.8757109498665345
184.6459479000041,8.11588026392817,7.883797598347427
184.69553019999876,8.108150487131565,7.891346208599877
184.746304100001,8.100896213946514,7.89888484962178
184.79599320000125,8.094071312304052,7.905574319505999
184.85010260000126,8.087830276111616,7.911979316442255
184.8967374999993,8.082001045170655,7.9177954005929445
184.94535149999865,8.076519855299944,7.9230735270366
184.99773750000168,8.071551073651912,7.928074768750344
185.04607760000363,8.066926355929155,7.932671335205461
185.0946053000007,8.062571678544494,7.937026495546303
185.14514960000088,8.058875321939007,7.941158902941999
185.1982388000033,8.05492305014237,7.944662999418594
185.24538290000055,8.051609353838565,7.948053372597545
185.29475339999772,8.048381410760124,7.951210786473473
185.3474494999973,8.045514678977774,7.954014678251685
185.3976804999984,8.042929472564028,7.956978884604693
185.44531310000457,8.040316167802192,7.959227823787845
185.49494750000304,8.037992391596246,7.9615695714425545
185.54540950000228,8.035956240276647,7.964035116696265
185.59593499999755,8.033846854780991,7.965660735029052
185.64883510000072,8.032222321597771,7.967598606224725
185.6979408000043,8.03039820190234,7.969407238628613
185.74745709999843,8.028756511423673,7.9708206701750175
185.7957796999981,8.027273414944082,7.972484193146224
185.84900989999733,8.02585140634745,7.973793948573032
185.8976146999994,8.02473145576979,7.974943504802503
185.94583440000133,8.02346254515981,7.976416949432447
185.9954699000009,8.02226269669332,7.9774361644569565
186.04775379999774,8.021362509721909,7.978365514679249
186.0959234999973,8.020245375434436,7.979553766998912
186.14682860000175,8.019204207169315,7.98056339325271
186.1956685000041,8.018388564724972,7.981433903418254
186.24674349999987,8.01744429059959,7.982207544878029
186.294988200003,8.016677862266528,7.983029036277837
186.34558829999878,8.016530755441801,7.983465722373547
186.3982668000026,8.015908501687731,7.983722058030353
186.44724929999938,8.015515717192107,7.984060555820856
186.4965916000001,8.015369655764676,7.9845043554044866
186.54680129999906,8.015383355306538,7.9843973832733
186.5964593000026,8.015371041275028,7.984485359281424
186.64640810000128,8.015433896729451,7.984495909589642
186.69786130000284,8.015586119073424,7.984335840868171
186.74539709999954,8.01583069270318,7.984023024116726
186.79639650000172,8.016512977984078,7.983459572633155
186.84735390000424,8.016930122385455,7.98293641989029
186.89818560000276,8.018047938253854,7.9818425009528085
186.94639250000182,8.019459327500844,7.980503340447575
186.9955803999983,8.02175731508037,7.978143151568389
187.04623900000297,8.025442016199245,7.974344637747387
187.09518560000288,8.032185188504066,7.967670164040515
187.14548320000176,7.0218511319751915,6.901554782907805
187.19577410000056,6.1199888045139526,6.053065497804867
187.24561399999948,5.2112119495408,5.201577700989486
187.29600799999753,4.282164558100316,4.344088230596625
187.40622289999737,3.3589060566022426,3.4847667351890754
187.42990760000248,2.440703562361613,2.630156266593382
187.48001810000278,1.539107524630216,1.7638776492058854
187.5259922999976,0.6338514637699622,0.8970330548723655
187.57661740000185,-0.0006020544346688885,0.12872398899011517
187.62502540000423,-0.00035035338985572694,0.00014031764042923866
187.67617540000356,-0.00022024723362348343,6.876061290357065e-05
187.72695869999734,-0.0001568817206977691,3.4828028505660905e-05
187.77690950000397,-0.00013349126178354519,2.2067601379591867e-05
187.8275250000006,-0.00012529370370119034,1.7493978365939303e-05
187.87556100000074,-0.00012243457483974393,1.588840650158855e-05
187.92584300000453,-0.00012149895332059375,1.5346403670082978e-05
187.97847349999938,-0.00012110198667215173,1.5212890369667417e-05
188.02767580000364,-0.00012119658364129866,1.5104271577928582e-05
188.07596840000042,-0.000121353843501988,1.4899141276294678e-05
188.1254759000003,-0.00012136511318717304,1.4765534051011229e-05
188.1749764999986,-0.0001214874887357567,1.4657995595093198e-05
188.22724410000228,-0.00012164418945482415,1.4472242482201767e-05
188.27544620000117,-0.00012510417701240266,1.615318973026497e-05
188.325565799998,-0.00012679554729512377,1.6923931078787068e-05
188.37661240000307,-0.00012718009419500288,1.707787834483333e-05
188.42617740000424,-0.00012733211781092111,1.7116147799105576e-05
188.47691099999793,-0.00012743053894327636,1.7127129514642518e-05
188.52487649999966,-0.00012751678573076603,1.7131347274117533e-05
188.57740809999814,-0.00012760063394247326,1.7133566809783903e-05
188.62669800000003,-0.41897184996506354,0.5872131397756492
188.67643300000054,-0.641007054176265,0.8899065012965128
188.7261340000041,-0.8427052783451037,1.211280958175447
188.77444020000257,-1.0837208351005145,1.5766279931034934
188.82587690000219,-1.4891219744309414,2.009934018343492
188.87631440000405,-2.0949304932511037,2.519354055875408
188.92572030000156,-2.7739776931099387,2.9328770493862346
188.97658840000076,-3.5999995087368526,3.114201320835401
189.02668370000174,-3.5997112873102224,3.421811092493314
189.0760339000044,-3.6004172118976316,3.5155443936392423
189.1253543999992,-3.6260978502154546,3.53703130097918
189.17616830000043,-3.6010544309008976,3.59972870236982
189.22649850000016,-3.6000725434258376,3.600200332111022
189.27669569999853,-3.600082388501298,3.600461070287015
189.32533530000364,-3.6000324669079427,3.600390938153708
189.37662500000442,-3.6000436799965296,3.6000908716424713
189.42644329999894,-3.600026587593496,3.600013920218923
189.4762692000004,-3.380988527200894,3.38047746663822
189.5285619999995,-3.1174888786137194,3.1169782904327312
189.57455990000017,-2.873480472960342,2.873355021918797
189.62530900000274,-2.650252830676092,2.649977417300063
189.67701929999748,-2.444205528174151,2.4438858288445666
189.7256458999982,-2.255691199221587,2.2555601188488117
189.77546099999745,-2.081934553906024,2.081881545484005
189.82698489999893,-1.9221858967447145,1.9220854134449856
189.8759121999974,-1.7760887759402988,1.7753745506017011
189.92598140000337,-1.6402569929398025,1.6396527514174701
189.9772127000033,-1.5150671808545577,1.5150105543191743
190.02688900000066,-1.4000117993566477,1.399443397289996
190.07629470000393,-1.2938798860991936,1.2932977655324165
190.1281780999998,-0.5578681623568735,1.7104179588265367
190.17505260000326,-0.10295999902404623,2.1458077634456925
190.22639860000345,0.3422030043730158,2.6418015130456647
190.27703560000373,0.8584743385576028,3.241886922948309
190.32547989999875,1.3745216267206974,3.932335296531978
190.37732590000087,2.676690903935564,4.995182832760676
190.42606109999906,3.799029587088383,5.952611367399281
190.47488169999997,5.136171128743925,6.760930819642417
190.52741750000132,6.385282071611651,7.491233775270588
190.57726099999854,7.539939929457544,8.104455799573486
190.62461050000275,7.6420223216788035,8.409902713119884
190.6761428000027,7.55908301254204,8.440730335852706
190.72499280000193,7.57282804598987,8.42734165382491
190.77736420000292,7.58577348515656,8.414640082707274
190.82475890000205,7.596477627640374,8.403433010173663
190.8749805000043,7.605632756938065,8.394037927416816
190.92631419999816,7.613735361192035,8.385885230631981
190.97740509999858,7.61997850999833,8.379680827543876
191.02613080000447,7.624023339678079,8.375993522175643
191.07788170000276,7.625572140284178,8.374299654071194
191.1269575000042,7.624591882712436,8.374846836487178
191.1758620000037,7.619965861638696,8.38001148104989
191.228912700004,7.611345893939534,8.388340966084042
191.27713529999892,7.597787870733965,8.401671601691751
191.3253368000005,7.576934116938061,8.423071725534191
191.37724239999807,7.5462516898739995,8.453716883393188
191.4267342000021,7.500608253392808,8.49917370856316
191.4766290999978,7.429952825541889,8.569983096761177
191.52450880000106,7.314613502705029,8.685302150973788
191.57807760000287,7.104436543847538,8.895397169299548
191.62714370000322,6.023268199380696,8.032520967613328
191.67612940000254,5.14218176550527,7.135531804919539
191.7253789000024,4.28263265728171,6.220326162654349
191.7749535000039,3.440994712481991,5.290538221270799
191.82652059999964,2.613302433543766,4.361134664897974
191.8773738000018,1.8858165131629205,3.3706217281384014
191.92572669999936,0.9668121349264438,2.472558257817545
191.9744428999984,0.6199663250457693,2.9545370498503862
192.02566710000247,0.2969982716828727,3.441852991226669
192.0797748000041,-0.1271780970111055,3.599771187005425
192.12683090000064,-0.8457244790296023,3.599311708522449
192.17592069999955,-1.5579951225960722,3.5998521103397763
192.22496189999947,-2.327448561669833,3.600007244335164
192.27797819999978,-3.180615756475518,3.5999910270669697
192.32540110000264,-3.6336978297081504,3.600014190241772
192.3755661000032,-3.6901818653298917,3.599853983814886
192.42569080000249,-3.6015192451793343,3.600178928761808
192.4763724000004,-3.600667864947797,3.599822886984803
192.52641360000416,-3.6001696323273644,3.60002330844256
192.57669760000135,-3.60006271649243,3.6001194270431163
192.62731129999884,-3.5999951304986113,3.6000651016711744
192.67562039999757,-3.6002478664596165,3.599667987604049
192.7273647999973,-3.6000725499629596,3.5994604074328773
192.77672439999878,-3.6001884255914076,3.5999042763746143
192.82413400000223,-3.600258692601076,3.600137158261826
192.87532289999945,-3.6003826390175027,3.59974783049949
192.92718140000215,-3.6002345668986537,3.599849903631649
192.97745620000205,-3.3435046666593444,3.343165029486465
193.02900760000193,-3.1031537796559556,3.103036959917126
193.0763311999981,-2.8817337704090127,2.8820546166695578
193.12819210000453,-2.6802650741468232,2.6801921915163196
193.17816680000396,-2.4964867647031825,2.4963083703578075
193.2256938999999,-2.32716850044852,2.327083146350653
193.2753922999982,-2.1691446759058928,2.169124045557488
193.32781950000208,-2.025084219793425,2.0238833294737395
193.37664919999952,-1.8902522761629668,1.8903539360229136
193.42515249999997,-1.765593248945662,1.7654658217285444
193.4763301999992,-1.6503485705441112,1.6497553183374736
193.52547849999974,-1.5416710086257297,1.541651959165319
193.5771023999987,-1.4415822682540977,1.4414445945085514
193.6293278000012,-1.3488338839708747,1.3482192245818594
193.6753497000027,-1.2615328985614065,1.2610849187225115
193.72684819999995,-0.6085002437696894,1.7204179884932853
193.77664820000064,-0.1536977402001988,2.1154363863036356
193.8259229000032,0.2577052629757208,2.567032656353464
193.87712370000372,0.6694355049199299,3.2516388453384586
193.9263088000007,1.4297658684630994,4.044557472802394
193.97619770000165,2.654329168324508,4.822804140699368
194.02546879999863,3.8150411020005723,5.745561116562994
194.0762001999974,5.185088549190213,6.5916815083670866
194.12816939999902,6.4574878551664785,7.217245153428816
194.1771596000035,5.265112020587895,5.972306251339362
194.22575759999745,4.589313633128444,5.058977409690367
194.27678300000116,3.697640571301606,4.06443788281342
194.32501860000048,2.828042764992392,3.1164624439691377
194.3766581000018,1.965032014711734,2.1690856346607594
194.42768610000348,1.1053025186610876,1.2335077629234001
194.47650319999957,0.25285635933315237,0.31511536464299533
194.52499790000002,-9.470567308165287e-05,-0.0002284459378445812
194.57654100000218,-8.493731487043897e-05,-6.983911271525145e-05
194.62702980000176,-3.1869469008267955e-05,3.2114395587286364e-06
194.6752398000026,-7.565492153867437e-05,9.507001619288625e-06
194.72682630000054,-0.00012988860625963677,-8.33720945615161e-06
194.7765619999991,-8.985511305023711e-05,1.5918049400834917e-05
194.8273382999978,-0.0001384140191797149,-1.192185027366596e-05
194.87672020000173,-0.00011103662123101554,-9.455776750497413e-06
194.92562770000222,-0.00011683914733507018,1.0021692042903278e-05
194.97619390000182,-0.0001422742840763462,-9.969717973410587e-06
195.02512720000232,-0.0001261415271015652,-9.465752215395981e-06
195.07736899999873,-0.00010991361696365833,1.2226353607325295e-05
195.1299988000028,-0.00011735327351003713,6.1622700164909995e-06
195.18179090000194,-0.0001289553989926181,1.2460278697734815e-06
195.23639469999762,-0.0001244556902869722,1.1567991453642048e-05
195.28437159999885,-0.00015126765539068211,6.343362279898286e-07
195.33744429999933,-0.00010033884708669613,2.3110916247425205e-05
195.38328170000023,-0.00010591928888424999,1.6234610988889247e-05
195.43428049999784,-9.626787707004671e-05,1.7526065387867695e-05
195.48552570000174,-9.292132813207747e-05,2.166509956993166e-05
195.5317656000043,-9.609235726024907e-05,2.693369847153419e-05
195.57676760000322,-0.0002265574156837027,-4.089280447598238e-05
195.63626920000388,-0.00017435131916006285,-3.558848145072049e-05
195.67888279999897,-0.00022400212733611556,-4.146260653707294e-05
195.7355377999993,-0.0001695524777469228,-7.858022854641477e-06
195.78488549999747,-0.00014846810012529178,1.2530090909302096e-05
195.83379879999848,-0.00019845208462120558,-1.7501944793456968e-05
195.88630170000397,-0.0001478980530934907,5.686719550817743e-06
195.93712190000224,-0.00013024368294990983,1.0378170045575736e-05
195.98311880000256,-9.081633735039362e-05,2.6337252334609088e-05
196.03556650000246,-8.708994175829357e-05,2.6930233676416712e-05
196.0839621999985,-8.29737526798159e-05,2.6407219577719525e-05
196.1325674000036,-0.00011053084304501539,1.22623544984824e-05
196.18466540000372,-9.960186188049981e-05,1.4661892933101075e-05
196.23314499999833,-0.00011026334628693775,1.9277402663071338e-05
196.28745340000023,-0.00011042323739839991,7.86201512782019e-06
196.336077699998,-0.00010090728040933085,1.991737806907462e-05
196.3836119999978,-0.00011154651922151327,1.3276375998584206e-05
196.43498430000182,-0.0001037610079747,1.752597014183441e-05
196.48556290000124,-0.00012929020576381457,6.623066928230143e-06
196.52750160000141,-8.673798541644463e-05,2.616453254058626e-05
196.5850980000032,-0.0001253638270527603,2.0563821423476957e-06
196.63179479999962,-9.715144803088884e-05,2.0979215031876853e-05
196.67736190000142,-8.575520425998808e-05,2.73553763308315e-05
196.7339654000025,-0.00015504295569639503,-9.457411953581464e-06
196.78012989999843,-0.00014060156116060886,-9.463019534647628e-06
196.83465670000442,-9.943934234933356e-05,1.4181640739531909e-05
196.88694319999922,-7.825383425704257e-05,3.3080479122679345e-05
196.9306729000018,-9.599016469472805e-05,2.771259532965729e-05
196.98597950000112,-0.00015322294589796727,-3.4316574915069917e-06
197.0353991000011,-0.00010702471167089142,2.0474664497190712e-05
197.0838678,-0.00011427265711472146,1.5729703328762778e-05
197.1340868000043,-0.00011659894642035591,2.055695930149523e-05
197.1863119000045,-0.00010342205171164229,2.2165864166388213e-05
197.23568479999813,-0.00011882522789064391,1.6171898342702014e-05
197.2837459000002,-0.00010834831175598306,1.6121913903891753e-05
197.32826139999815,-0.00011878669293763755,1.3278040000853516e-05
197.38689729999896,-0.000142417932380709,-4.9232463439397405e-06
197.4340635999979,-8.821935210132065e-05,2.746864367078337e-05
197.48433069999737,-9.884021158211253e-05,1.946449019742499e-05
197.53404330000194,-0.0001100672550436945,1.2380408831458466e-05
197.5831565999979,-0.0001119650939075367,1.2505511859395582e-05
197.63876249999885,-9.832692819964808e-05,1.755700255180948e-05
197.68401150000136,-0.00012646472810086263,1.0758511936891166e-05
197.73067730000184,-9.156369503724215e-05,2.202643982764716e-05
197.78542939999897,-0.00011257866924252188,1.4570764628198896e-05
197.83590540000296,-0.00010754732323602664,2.2906627827910873e-05
197.88453670000308,-9.802314426830419e-05,2.2289832113407184e-05
197.93033819999982,-0.00011004955808868195,1.2834048179766769e-05
197.98456989999977,-0.00016386991540401436,-1.3662176978636253e-05
198.03666299999895,-0.00011251920453158874,-4.532678588024768e-06
198.0799909999987,-0.00010275216117970693,3.407602986452492e-05
198.13505740000255,-0.00011187813385726487,2.4788563213218722e-05
198.18095190000167,-0.0001226902400121104,2.4041103507976556e-05
198.23610120000376,-0.00014353733339703543,-4.513458329306827e-06
198.28971599999932,-8.628249901229467e-05,2.9985687044514398e-05
198.33586179999838,-0.00011333782596889365,2.0170675218996243e-05
198.38041389999853,-0.00016431048424098285,-3.2514289483061722e-06
198.43199730000197,-0.00011800405443918342,1.8752045805054258e-06
198.48780380000244,-0.00015605845743465143,1.1289323831330805e-05
198.53307830000267,-0.00014008286094449604,-6.930218188212132e-06
198.58813969999755,-0.00014470958148452551,1.5597447866625195e-05
198.63562520000414,-0.00012233926920413816,2.143077679763471e-05
198.68073580000055,-0.00010795164098197711,1.931901337794512e-05
198.73371459999908,-0.00013386222478275328,2.1891493651191557e-05
198.78620519999822,-0.00010311025349106614,3.0639303283425354e-05
198.83661109999957,-0.000123226200621338,3.1344452977617225e-05
198.88688360000378,-0.00015314487421551497,1.0956411444783516e-06
198.93568139999843,0.376687271507931,-0.2183755422567799
198.97693540000182,0.7769794042178089,-0.3517766464518553
199.03460079999786,1.1914336751761743,-0.4888772730135516
199.08401220000087,1.658208726006461,-0.6733519570503036
199.1339952999988,2.11537933109109,-1.0761983470072867
199.17836869999883,2.075661869740541,-1.903343721567281
199.23576290000346,1.9451051841422744,-1.9448584626024985
199.28528160000133,1.8027081120002726,-1.8575655170647345
199.33631450000394,1.6673258561159143,-1.7104309252097953
199.3821872999979,1.5419076103409675,-1.5425046468004877
199.4342839000019,1.4275212020132257,-1.4283486874238178
199.48631510000268,1.3228972765028373,-1.3237467557879279
199.5358683000013,1.2261126154907571,-1.0670711567173656
199.58362930000294,1.9587121429115744,-0.27736394065351
199.6306276000032,2.4106027536332455,-0.005242609509231806
199.68715800000064,2.8471594572565695,0.3527749035635925
199.73579079999763,3.4192775754836813,0.8199422732258302
199.78840140000102,4.1968309440411025,1.4997864179031937
199.83155249999982,5.188935057751283,2.465810970928732
199.88452739999775,6.130363114721221,3.6151547167330396
199.9332366000017,6.943518281562269,4.854607713819561
199.98154819999763,7.407963230252284,6.123532816730985
200.03660300000047,8.106289856325189,7.292123403530633
200.0776246000023,8.408990810492385,7.530400268206261
200.13703700000042,8.48856510480162,7.510828445887795
200.18892770000093,8.515383919584721,7.484818487161956
200.23516969999764,8.550192311233094,7.449954022364434
200.28624429999763,8.601783879581426,7.397956219361363
200.3330833,8.681153058194443,7.318591545426839
200.38670439999987,8.808270334311814,7.191721761066154
200.4337990999993,9.03158657121441,6.9683935625370905
200.48608980000427,8.187778618426242,5.909574658485127
200.53481399999873,7.296734625474883,4.993090220434581
200.58279140000377,6.387220077517282,4.109041966723668
200.63664480000443,5.440948519658929,3.2502574480119715
200.68436430000293,4.508544951510318,2.420249139777814
200.7339385000014,3.571134213508742,1.6032863312157248
200.78687139999965,2.6239646282788254,0.8143926114433805
200.8375773000007,1.6744855961251959,0.061428936884907234
200.88179920000402,2.1377916304942577,-0.1806224921358039
200.93313099999796,2.6116230034128525,-0.4069410992810078
200.98674700000265,3.075779905096216,-0.7749518053498389
201.03802810000343,3.4887431028214233,-1.2862910610107663
201.08086390000244,3.5998210713892043,-2.27524129623389
201.1338020999974,3.5998314293236464,-3.1489517832220546
201.18527280000126,3.599337786989881,-3.600137975758548
201.23296259999915,3.4913439714114265,-3.6000365139443486
201.28317110000353,3.468618078439747,-3.5997545997288225
201.33257679999952,3.5997675659829373,-3.5999986475869985
201.38514030000078,3.6000393641133717,-3.6003003313963124
201.43615580000187,3.6000478974317454,-3.6003445556452025
201.48935789999814,3.5997215515181744,-3.600011671455208
201.53291870000248,3.5998961078589344,-3.600170341633053
201.5822055000026,3.5999078732797503,-3.600213499656743
201.63379410000198,3.599620595448882,-3.6000037481768703
201.68652409999777,3.5996688873356413,-3.600044210266281
201.73108019999927,3.5997257904571396,-3.6000034780123595
201.78477510000084,3.426089825506031,-3.4264863098228955
201.83223810000345,3.1849612380114616,-3.185232083476739
201.87724300000264,2.9641240406222966,-2.96427533646268
201.92883000000438,2.7598832005861196,-2.759902692769488
201.98520940000162,2.572259411933173,-2.572296909912205
202.03635829999985,2.3999081482283704,-2.399987745070317
202.08449700000347,2.239652291147897,-2.239767180649832
202.13746189999802,2.0917338306806927,-2.0923735313997898
202.18397600000026,1.9554681308801105,-1.9556147446733696
202.23559319999913,1.828340124376532,-1.828935422251624
202.28243700000166,1.7096904907284223,-1.7100853481635179
202.33631800000148,1.5995228767539695,-1.6000095491857926
202.38387080000393,1.4968603748411204,-1.4973894270346415
202.43437059999997,1.4014793038002669,-1.4020561374139415
202.4822961000027,1.3130487513576896,-1.3136271566228426
202.53865490000317,1.229429609749088,-1.2300703800291062
202.5803070999973,1.8470603846948659,-0.1924299803033901
202.63250690000132,2.311833008386813,0.18727772386036395
202.6862878000029,2.8030384169059523,0.5315059397538642
202.73098230000323,3.415690169311996,0.9542332159578998
202.78146650000417,4.220403854755072,1.57575752083204
202.8343135000032,5.108756350992626,2.4266502413307403
202.88177469999937,6.015761004342814,3.5467755664366876
202.93699790000392,6.766646958588597,4.724642778298735
202.9872991000011,7.487458030414507,6.039159961493696
203.0263605,6.462313322593409,5.093612402512558
203.08338430000003,5.4667416410780305,4.345382014297568
203.13768230000278,4.453199617309089,3.546250227366338
203.18865280000318,3.4120470997342993,2.7488615600176147
203.2351798000018,2.3735705198226587,1.9459481622308903
203.2785326000012,1.3449113182016066,1.143925393194568
203.33452460000262,0.3341026934139959,0.3592094751368498
203.3884154999978,-0.00029875036302622873,9.926893738141927e-05
203.43200090000028,-0.00017814254088551433,4.9570555704693336e-05
203.48071499999787,-0.000190635354036164,-6.834748433887761e-07
203.53432659999817,-9.089166921336352e-05,4.120127600208302e-05
203.58107259999815,-0.00010312829662472,2.2643242525453682e-05
203.63979280000058,-0.00012445346513357733,8.690229513782645e-06
203.68486819999816,-0.00014686923304211533,2.2154817536111025e-05
203.73287379999965,-0.00014285761699165173,1.5440917788836674e-05
203.78125340000406,-0.00013385046956373287,1.6559847759737937e-05
203.83441210000456,-0.0001107719226568447,3.200700935404737e-05
203.88143040000432,-0.00014287488223644118,7.4729371246708124e-06
203.93248219999805,-0.00011126627753609987,5.358357890732791e-06
203.98452469999756,-0.0001277376294518545,-2.6355441251648302e-05
204.03002099999867,-9.446280788703082e-05,1.0426514451831788e-05
204.0822988,-7.875479624005073e-05,1.1489343121350768e-05
204.13192759999947,-0.00010912915627835838,-2.374729746181748e-05
204.1821018999981,-8.491572190968617e-05,-4.232759454051957e-06
204.2350260000021,-8.061961453983191e-05,-1.7102512384086254e-05
204.28290389999893,-0.00010525001465932006,-2.065545001707853e-05
204.32539379999798,-9.658555759637646e-05,-9.825041857878305e-06
204.38081349999993,-8.058565832421482e-05,1.296679763563915e-07
204.4326116000011,-0.00011806341756470983,-1.757482798183043e-05
204.48437350000313,-0.0001654944877695381,-2.154060876337925e-05
204.5325748000032,-0.00013098887113884377,-2.2968179436165648e-05
204.58388659999764,-0.00015125908006134657,-4.738576386835593e-06
204.63412580000295,-0.0001238132297244438,-4.123987062957666e-06
204.6867057999989,-0.00011366952854541105,1.3127983589112661e-06
204.73551910000242,-0.00014204271638909818,-3.724210928538531e-06
204.7814367000028,-0.00011222559778156476,-1.9229412395755657e-06
204.83162009999796,-0.00011871725252865898,-4.883996740372481e-05
204.88565200000448,-0.00012244310375620593,7.4228517887920755e-06
204.9301656000025,-7.162860233840279e-05,1.591619617215329e-05
204.97523830000137,-7.946143100186707e-05,1.528838531329739e-05
205.03520579999895,-0.0001292165295653391,-2.6979455225475515e-06
205.0764773999981,-0.0001414588318039717,-1.911351219520761e-05
205.13310150000325,-7.327034530220265e-05,5.505402222998902e-06
205.1808721999987,-0.0001246311866599618,4.573789880173148e-06
205.23264480000216,-7.843852382068536e-05,-8.914428095704646e-06
205.28469300000143,-9.542658121484297e-05,1.3524872777294172e-06
205.3331309999994,-8.808759810471881e-05,1.4821820215629327e-06
205.3815390000018,-7.38770857489768e-05,-2.006596980798799e-05
205.43027930000244,-7.478729070482842e-05,7.517024780419221e-07
205.48348319999786,-0.00013364938689099765,6.530692209244905e-06
205.53303210000013,-0.00010476885501385939,-7.636982701793313e-06
205.58272160000342,-0.00013738539617072195,-2.797416542857145e-05
205.63044269999955,-0.00012291959529132386,-8.40343928888086e-06
205.68293889999768,-0.00010279360943564552,-9.209240492422163e-06
205.7339901000014,-0.00012875454129547656,-2.5198721465025886e-05
205.78348550000374,-9.46881164477284e-05,-1.898174679661532e-05
205.83373220000067,-0.0001398186666447252,-6.736798363610763e-06
205.88389540000207,-0.0001024067441624953,-1.43768500327066e-05
205.93147590000444,-5.5170149826417686e-05,1.9386506977543304e-05
205.98333999999886,-0.0001263507113603691,-7.368193966079725e-06
206.02982699999848,-0.00013213465358554376,-2.9774228094164287e-05
206.07752649999748,-0.00010148690048349071,-1.383049841320464e-06
206.13298139999824,-0.00012851334371134866,-3.703105377898012e-06
206.18430950000038,-0.00016333166761323142,-1.0268640371356349e-05
206.23294449999958,-0.00012553772791313897,-4.6630285854874165e-06
206.28409600000305,-0.00010199714629575977,-1.535175542245758e-05
206.33093029999873,-0.00014327942041717325,-5.010225234696302e-07
206.38626340000337,-6.677683254136626e-05,2.513225094704706e-06
206.42844719999994,-0.0001418144959354516,-3.31151886357209e-05
206.48231060000398,-0.00012653317992285113,-3.845681906259525e-05
206.53268280000339,-7.836270814472578e-05,5.704305516834511e-06
206.58510630000092,-0.00013602382717983294,-3.664411526441725e-05
206.63340869999956,-9.04959420734174e-05,-1.2798741511066954e-06
206.68239039999753,-0.0001106103926674603,-3.1661181676441093e-06
206.73268400000234,-0.00014650071253911247,-2.433651812296932e-05
206.7821069999991,-0.00010902230238595731,1.061268548597638e-05
206.8336666000032,-0.00011813614023703842,-2.5869863173901004e-05
206.8840366000004,-0.0001334749170302166,-9.723676119852662e-06
206.93455410000024,-0.00020148304201738712,-4.911820181701186e-05
206.98345990000234,-0.00011288319806690192,-2.285186592178997e-05
207.03347410000424,-0.00010113510291463648,-2.8077952263253584e-05
207.08207989999937,-0.00017340985888365703,-1.9262878170351666e-05
207.13177510000241,-0.0001359846546035391,-8.162979359135e-06
207.18455900000117,-0.0001602008274483276,-3.0359803027152327e-05
207.23287600000185,-9.269691662048155e-05,-5.105748135396863e-06
207.2775982000021,-0.00011761178839731204,-1.5538492859082647e-05
207.3325554999974,-0.0003086889170504517,-6.875388388622731e-05
207.38448770000105,-0.0003506999752938546,-0.0001700319533616909
207.43261309999798,-0.000337492099411941,-0.00016021588824538155
207.48498049999762,-0.000336863795169972,-0.00016116096041035336
207.53377999999793,-0.00033678623417900876,-0.00016138873908405402
207.58229910000227,-0.0003367995013108463,-0.00016136500087265745
207.63280739999755,-0.0003368163820298912,-0.00016134682216967003
207.68384260000312,-0.00033682050157903746,-0.0001613428625481505
207.73150310000347,-0.0003368194466451194,-0.0001613445158034609
207.78206579999824,-0.00033681730825565396,-0.00016134732815381353
207.83378130000347,-0.00033681523601327627,-0.00016135010172407585
207.87777769999957,-0.00033681313502722447,-0.00016135282545642662
207.93261960000382,-0.0003368111408446276,-0.00016135547302747793
207.9816170999984,-0.00033680917885849847,-0.0001613581313454881
208.03257970000413,-0.00033680727282760984,-0.00016136073757183394
208.08560399999988,-0.0003368052575618777,-0.00016136338696365102
208.13031860000046,-0.0003368033091648784,-0.00016136598705046354
208.18355370000063,-0.00033680145055161513,-0.00016136860527832025
208.23219750000135,-0.00033679952284917296,-0.00016137118987752158
208.28302709999844,-0.00033679761313234384,-0.00016137379699204587
208.33255330000247,-0.0003367957197690999,-0.00016137640413987683
208.38131270000304,-0.00033679382180953264,-0.00016137899266926767
208.43228079999972,-0.0003367918797963157,-0.00016138157930017716
208.47756340000342,-0.00033678999460431323,-0.00016138413908589386
208.5268231000009,-0.00033678814821460544,-0.00016138672860338318
208.58482209999784,-0.0003367863643082494,-0.00016138927306802217
208.63572120000026,-0.00033678445613463036,-0.00016139183358648612
208.68338329999824,-0.00033678262837446486,-0.00016139438137069195
208.7270598000032,-0.0003367808765202476,-0.0001613969192517084
208.7832550000021,-0.0003367790485935487,-0.00016139942483633707
208.8334135000041,-0.00033677719065752147,-0.00016140197538499823
208.88325610000174,-0.0003367753935284093,-0.0001614044938593162
208.93345160000172,-0.0003367736152619863,-0.00016140700899186289
208.98204980000446,-0.0003367719181750708,-0.000161409505050778
209.0322343000007,-0.0003367701590044838,-0.0001614120026862098
209.08314650000102,-0.00033676840226528525,-0.00016141449576972724
209.13269050000235,-0.00033676667445849877,-0.000161417000732631
209.18498120000004,-0.00033676493949077373,-0.00016141948306918952
209.23107490000257,-0.0003367632141708867,-0.00016142194980711458
209.28222870000172,-0.00033676150041952373,-0.0001614244030003187
209.32901839999977,-0.00033675974684446074,-0.00016142690416625974
209.38369570000214,-0.00033675812023450295,-0.00016142933576562607
209.4321246000036,-0.00033675636519394557,-0.000161431786827202
209.48141929999838,-0.00033675470034790677,-0.00016143423096098624
209.53440319999936,-0.00033675303590154825,-0.000161436662871215
209.5830466999978,-0.00033675144749436463,-0.00016143907085613756
209.63108140000259,-0.0003367497455224679,-0.00016144151385749433
209.68039660000068,-0.000336748179952572,-0.00016144392014377567
209.73434519999864,-0.00033674656897455434,-0.00016144632306608122
209.78424890000315,-0.0003367448980111866,-0.00016144875550921703
209.8310038999989,-0.0003367433551231471,-0.00016145112726756233
209.87576190000254,-0.00033674176109823505,-0.00016145350083557114
209.92967230000068,-0.00033674020212306387,-0.00016145591330579473
209.9837667000029,-0.00033673854397166985,-0.00016145827062013848
210.0341813999985,-0.0003367369941114297,-0.00016146066506034015
210.08452650000254,-0.0003367355087662495,-0.00016146300666502808
210.13264060000074,-0.00033673390954549375,-0.0001614653724503735
210.18324890000076,-0.0003367324428187537,-0.00016146771697494796
210.23522039999807,-0.00033673092922949975,-0.0001614700604781173
210.28493980000349,-0.00033672942847442393,-0.00016147240780045377
210.3335645000043,-0.0003367279307835637,-0.00016147473815858248
210.38048530000378,-0.00033672636274897265,-0.0001614770623993823
210.4322377999997,-0.0003367249536539098,-0.00016147937111926424
210.48359360000177,-0.00033672341416315265,-0.00016148168181534317
210.53319850000116,-0.0003367219549859292,-0.00016148398165344088
210.58380420000321,-0.00033672050778801215,-0.00016148627883810562
210.63372430000163,-0.0003367190734242732,-0.0001614885786539989
210.68586230000074,-0.0003367176541595675,-0.00016149086649058574
210.73282859999745,-0.0003367162957350835,-0.00016149313446528268
210.77838979999797,-0.0003367148864734872,-0.00016149540424964314
210.83359210000344,-0.00033671349238863956,-0.00016149765929024184
210.8880810999981,-0.00033671211303645153,-0.00016149993759001293
210.9321764999986,-0.00033671072103882326,-0.00016150216952687046
210.98410210000293,-0.00033670936444620724,-0.00016150443666890013
211.0321838000018,-0.00033670792714037733,-0.00016150666648523173
211.08385960000305,-0.0003367065851138874,-0.00016150892089300328
211.13129489999847,-0.00033670525478914814,-0.00016151115263002072
211.18225969999912,-0.0003367039754569524,-0.00016151332588048916
211.2357078999994,-0.00033670266601550824,-0.00016151556341287082
211.2833462999988,-0.0003367013659443464,-0.00016151776646172524
211.3328765999977,-0.0003367000584568947,-0.0001615199725081819
211.38036830000055,-0.00033669869928856127,-0.0001615221687513692
211.42900599999848,-0.0003366974336787221,-0.00016152436570509925
211.47745569999825,-0.0003366961612521136,-0.00016152654374062896
211.5346875000032,-0.0003366949646093288,-0.00016152870062641005
211.5840462999986,-0.0003366936494058271,-0.00016153088036058102
211.6350195999985,-0.0003366924906438518,-0.0001615330481820589
211.6805050999974,-0.0003366911844442589,-0.00016153520275857607
211.7353923999981,-0.00033669003441973887,-0.0001615373324438931
211.78264859999763,0.28957328611580035,-0.3889002514835134
211.83192989999952,0.7127488485598606,-0.7183987250747578
211.88474339999811,0.8686671561365904,-1.018029401899146
211.9345575999978,1.0615757043833807,-1.2371693142687705
211.97829300000012,1.2801723582077091,-1.3789332376644217
212.0365165999974,1.6742435658604147,-1.8124311612314201
212.08303650000016,2.1600844680063034,-2.327705102965961
212.13459220000368,2.4644262685133116,-3.2328231374354557
212.1836190000031,2.522391218301213,-3.6307900013531067
212.2323877000017,2.5400882321222005,-3.661732359036658
212.2841030999989,2.4987648839199044,-3.6015882131984607
212.33165480000025,2.3348561556072127,-3.600760822021214
212.3829981000017,2.3846539132866553,-3.5334150163722278
212.4319667000018,2.7499484365430313,-3.3012187792713394
212.48421270000108,3.0743251937841873,-3.0747964288618412
212.53132290000212,2.8502094586923845,-2.8489975067015276
212.58431579999888,2.636343629981848,-2.6351417352407456
212.63378109999758,2.4370309951029485,-2.436124926711871
212.67986530000053,2.2539793292534096,-2.2536707079387805
212.73374830000103,2.0862855887462732,-2.086349693528681
212.78440840000258,1.9329705236878503,-1.9336407648787646
212.83037460000196,1.790536537029217,-1.7909939589126744
212.88256450000335,1.6589509461446175,-1.659304530260098
212.9328572000013,1.5369526620989278,-1.5375053054383534
212.98395999999775,1.4251296821539963,-1.4256762388885489
213.03337550000288,1.321731028561741,-1.3224628923737685
213.07550910000282,1.2264006164368746,-1.226694435528812
213.13353450000432,1.86904321884961,-0.44099290678270225
213.18340700000408,2.2134421796500026,-0.0027611857392570646
213.23502580000059,2.6960201216995903,0.3210705508447633
213.28378489999886,3.387403907284242,0.8105174677564253
213.33284190000268,4.2588923470153555,1.5230940525308243
213.3834246999977,5.154839241949705,2.383586476711034
213.4316680999982,6.036629396332514,3.5495990109541355
213.47683459999826,6.8147022109173365,4.842851792038984
213.53333620000194,7.541392412068761,6.1305149939656784
213.5786666999993,8.233561229166687,7.253608937843235
213.63396649999777,8.490235874467173,7.511157053398112
213.68206440000358,8.514404414704009,7.485281972435576
213.73474949999945,8.544291660966593,7.454671303961031
213.78271269999823,8.587476857358906,7.4117330929872
213.83120580000104,8.651784572419244,7.347429968345565
213.88377010000113,8.751016402009942,7.248589199897435
213.93394249999983,8.914558518417717,7.084936339918055
213.98363880000397,8.041938196286612,6.123861000098214
214.0324918999977,7.167230859799048,5.1895927914912185
214.080008500001,6.255202511354076,4.312031443012214
214.1333375000031,5.315199265446053,3.460825589001892
214.1835718000002,4.3927470124038015,2.6307015953761885
214.2317608000012,3.458102260367511,1.6110139679525552
214.28552679999848,2.5077419841587894,0.9367736210162011
214.33082999999897,1.550944716424926,0.09797980453614151
214.38447959999758,0.7614589954684859,0.005473173912573289
214.43377899999905,0.19589979573541763,-0.00012098886682532867
214.48459269999876,-1.9145960472605987e-05,5.1437241843691085e-05
214.53047920000245,0.00014537313197685655,-0.0003794762308057153
214.58288280000124,-3.9752754632563565e-05,-0.00021630498920923187
214.6311222000004,-0.00016969256350103084,-7.901258233252337e-05
214.6823244000043,-0.00020038198388382873,-0.00012320483380191312
214.73345269999845,-0.00015370444027566993,-8.636811460468816e-05
214.78317439999955,-0.00018334591165311366,-0.00010972872636083025
214.8323079000038,-0.00010312389368004449,-0.00014872934270841374
214.88613649999752,-3.249420040821377e-05,-8.340485654353468e-05
214.93267999999807,-0.00018437382464117587,2.3403556159728137e-05
214.98212390000117,-4.2022032109606205e-05,-0.00011896717221360628
215.03302290000283,-0.00015113357521039013,-8.412769919593627e-05
215.07547080000222,-8.163853461037198e-05,-0.0001479291151797272
215.13313600000401,-9.583127356114418e-05,-0.00011108464921260736
215.18410589999985,-5.439117242161413e-05,-0.00011652488537417115
215.22854160000134,-9.623322235761364e-05,-9.00525137238223e-05
215.27749040000344,-8.037137959612006e-05,-4.9851350514319766e-05
215.33193949999986,-0.00014734494071536896,-2.654782029767524e-05
215.37803820000408,-0.00018630460495458676,-7.74053217967476e-05
215.4276183999973,-0.00013765323224626265,-8.02533841160665e-05
215.4757180000015,-0.00016510126218411097,-6.697315502186107e-05
215.52588950000063,-0.0001152720172982182,-8.32716786192904e-05
215.576979700003,-9.655428568909049e-05,-7.620891046007838e-05
215.62650250000297,-0.00013445114631651577,-2.187118627319013e-05
215.67593630000192,-0.0001707908503180795,1.7016422049225198e-06
215.72681510000257,-0.00015592779295541478,1.1879063954733628e-06
215.7778638000018,-0.00011956535721513934,-0.00015942708966337296
215.8245289999977,-0.00014142300577294097,-0.00021069896957182942
215.87654720000137,-0.00011172220294463825,-0.00010399211936028488
215.93195080000442,-0.00013575906182574716,-0.00013369863767222876
215.97785060000024,-9.945267155374046e-05,5.2972302977454195e-05
216.02552899999864,-0.0001699250721133945,-0.0001128987048849538
216.07541769999807,-4.143174558994179e-05,-0.0001597409727051537
216.12594330000138,-0.00011262588310867196,-9.897600420370437e-05
216.17578250000224,-0.0001170183037247939,-8.670633029347728e-05
216.22778529999778,-0.00015484394295677359,-4.7429200911207894e-05
216.27468180000142,-0.0001759458137297771,-9.379653577177286e-05
216.32663370000228,-0.00017685610070890606,-4.9609553087793906e-05
216.37510219999967,-0.00022289567249725214,-7.794512235655485e-05
216.42898219999915,-0.00016735259777984034,-7.807600975747258e-05
216.47577190000447,-0.00017036262254261706,-5.4491669221385085e-05
216.5267120999997,-0.0002334414176965882,-4.388023659988723e-05
216.57557110000198,-0.00016631909757220236,-5.4838086338599484e-05
216.62574440000026,-0.0002619418460806178,-2.1909157599273573e-05
216.6755223,-0.0001856803426238686,-6.423927034765865e-05
216.72478910000063,-0.00015043530086093605,-9.84653670711258e-05
216.77646200000163,-0.0002151439077116164,-7.834572831607155e-05
216.8264094000042,-0.00020805836864501909,-2.3524869241530545e-05
216.87716360000195,-0.00025709378148638874,-1.3744236060388184e-05
216.9254723999984,-0.00017241388378126443,-2.1021719920374668e-05
216.9767043000029,-0.00019591951174756508,-6.586151135585252e-05
217.02542859999812,-0.00021429256853468245,-5.916902150465613e-05
217.07601350000186,-0.0002855504662061762,-4.353284949191846e-05
217.12636580000253,-0.0002950830587770549,1.968547110877256e-05
217.17596179999964,-0.0001928352671100973,-3.449291909877018e-05
217.22641770000337,-0.00017004754979694532,-8.082714841880081e-06
217.276451800004,-0.00025073515281833164,-3.20774980800147e-05
217.32445670000016,-0.0001587827103801066,-8.366297638015079e-05
217.3749045000004,-0.00010463573021378683,-0.0001534039467123041
217.42466000000422,-0.00017795981946973843,-0.00010613588452567261
217.47711410000193,-0.00018888243152901388,-0.00014052744141693278
217.52491810000356,-8.754107144745474e-05,-0.00012221971205107147
217.57521540000016,-6.918403050455203e-05,-0.00012534795564856936
217.62591960000282,-0.0001814074196861648,-0.00019943064436555373
217.6753239000027,-0.00021132436821581337,-0.00016724214654279484
217.72692140000436,-0.00015493305762797157,-0.00017533091564177357
217.77469310000015,-0.00019815144808331859,-2.016588238619893e-05
217.82529230000364,-9.637366910073809e-05,-0.00016006181845512225
217.87592720000248,-0.00011863805098333676,-0.0002325306118436262
217.9275620000044,-0.00012587977149548582,-0.00020394539221890598
217.97812369999883,-0.00021170232317203498,-0.00021782290211571324
218.02623740000126,-0.0002744691903647816,-0.000204541730231211
218.07547019999765,-0.00015965540723932977,-0.00017591301925153294
218.12646240000322,-0.00020846223334226006,-0.0002534249275435093
218.1773772000015,-0.0002416768067450847,-0.00016657806698478362
218.22639689999778,-0.0001862666377030218,-0.0001599538617004752
218.27545490000193,-0.0002482183694921377,-0.00017595038457348064
218.32650190000277,-0.0003572530362988144,3.021038751385691e-05
218.37471170000208,-0.00028559071254577055,-2.068541445911729e-05
218.42420900000434,-0.0003822307614759465,-1.784219226809673e-05
218.47645500000363,-0.0001744182165032835,-0.00017399061089680402
218.52581790000113,-0.00035060214678189647,-0.00036784367392127325
218.5766724999994,-0.00019856453806776036,-0.000160251602299318
218.62427420000313,-0.0003934287564073,-7.63536883386531e-05
218.67604840000422,-0.00042747798938496496,9.990997869034411e-05
218.72637050000048,-0.0004753965526136302,-0.0001246727751259662
218.7755393000043,-0.00048145911594278743,-0.00014639683653131695
218.82483820000198,-0.0004978443573398726,-9.728922797389922e-05
218.87594340000214,-0.00047637374139907873,-8.899605302711894e-05
218.92550640000263,-0.0004902684692674119,-0.00011922595942748695
218.97667670000374,-0.00039732185404046754,-0.0003375285540734528
219.02686189999804,-0.000398045569960995,-0.0003559477993025482
219.07522420000168,-0.0004093970813807612,-0.0002933358399851816
219.12459540000418,-0.0003975963246755772,-0.00030477944407176317
219.1762963000001,-0.0004903108553287395,-0.000545285956999936
219.22553630000039,-0.00039103718815274827,-0.00031641601036011893
219.27482790000067,-0.00040595404541330775,-0.000312313208184334
219.32564719999937,-0.00041455746292507693,-0.0003050766449356828
219.37492960000236,-0.000426346974492109,-0.0002981954155604691
219.4268824000028,-0.0004045335420095106,-0.0003142380644587093
219.47522230000322,-0.0004042674868427234,-0.0002812277955292085
219.52837040000304,-0.0004036438488570243,-0.00029841623351328144
219.57548769999994,-0.00041225430182989596,-0.00028715146482874334
219.6263997999995,-0.00041896023340661696,-0.0002674509238967847
219.67468080000253,-0.00040757479031826364,-0.0002876539714872506
219.72434280000016,-0.0003884669865456416,-0.00031980757775372206
219.7755393000043,-0.00039713687024551847,-0.00036561943854760743
219.8275827000034,-0.0003804637944143856,-0.00035290423525730536
219.87663199999952,-0.0003963174428640118,-0.00036792566379172196
219.92570839999826,-0.0004064892676687138,-0.0003238959641720305
219.97529550000036,-0.000425220246159249,-0.0003023586565013574
220.02791409999918,-0.0004283732257477867,-0.00032371882197112237
220.07769109999936,-0.0004293180583044273,-0.0003374333386823254
220.12651449999976,-0.00041354158777440664,-0.000332800414604607
220.17554019999807,-0.00040647133038372303,-0.00035605714074955617
220.2265980000011,-0.00038336854320034146,-0.0003860756782720157
220.2770348999984,-0.00041511837252162625,-0.00034670362127946545
220.3257672000036,-0.0005313176403631805,-4.576599402787746e-05
220.37707539999974,-0.0005605120338993075,-3.0054482458324567e-05
220.42637470000045,-0.00048397204025587767,-0.00013037201024314617
220.47753360000206,-0.0005222435136131436,-5.781055757442042e-05
220.52647589999833,-0.00048272857450328563,-0.00014287444116703796
220.57637039999827,-0.00047834934097190933,-0.00011982074843442337
220.62494819999847,-0.0004381163259189186,1.7050676248702138e-05
220.67796600000293,-0.00045354891453710714,-0.00019836231466307174
220.72502209999948,-0.0004385155521376701,-0.00023124097561248543
220.7764707000024,-0.00044464723058045734,-0.00017769593235757622
220.82456100000127,-0.00044621619049800445,-0.00021823520963717177
220.8766719999985,-0.0004507261291427787,-0.00020988289398694198
220.92740649999905,-0.00045377741178045646,-0.00022286334004942185
220.97572480000235,-0.0003674060927499746,-0.0004153002147517892
221.0257389000035,-0.0004010771087365702,-0.00030859659422329054
221.07848650000233,-0.0003930567289984198,-0.0003262351739867747
221.1273973999996,-0.0005739295118613925,5.289316639128115e-05
221.17535540000245,-0.0005869542607741971,1.7305386634818506e-05
221.225469099998,-0.0005837316060089134,3.938863946121584e-05
221.2755197000006,-0.0005734172010787045,3.456453736564277e-05
221.3285931999999,-0.0005801973518417917,4.327260453300202e-05
221.37430129999848,-0.0005446835227863074,-6.202417823792018e-05
221.42464969999855,-0.000541269500943285,-7.537726771651804e-05
221.4757522,-0.0005576133237940123,2.884643891534613e-05
221.52599690000352,-0.0005772381137538693,2.262955972611567e-05
221.5759007000015,-0.0005872957841837515,1.7570001198413025e-05
221.62743539999792,-0.0005837002837197064,2.6855431212193888e-05
221.6767375999989,-0.0005866578231775037,3.758916964361591e-05
221.72608300000138,-0.0005844675141655521,3.971250537308265e-05
221.7755352000022,-0.0005678227267615379,3.733095601535871e-05
221.82450100000278,-0.0005677507212710785,3.6829070992927936e-05
221.8749014999994,-0.0005743656995584673,3.866014655077508e-05
221.92470190000313,-0.0005891834909857455,4.534228983392452e-05
221.9768578000003,-0.0004883518231589136,-7.492379303648872e-05
222.02553720000287,-0.00049442743145318,-9.855790538147373e-05
222.07509330000175,-0.0004932965345659286,-0.00011028816491187075
222.12682040000072,-0.0004595847411423169,-0.000125475027335076
222.177205400003,-0.00047099269874315334,-0.0002015720045214174
222.22472550000384,-0.0004891842485541976,-0.0001386572145990734
222.27517909999733,-0.00047693934776082736,-0.0001661634390972037
222.3259263,-0.0004884699255534447,-0.0001304499180677823
222.3766237000018,-0.0004701072707566644,-0.0001482128332065776
222.42502210000384,-0.0004769411199210237,-0.00014387059970047858
222.47508840000228,-0.0004733040134494556,-0.00010958303072749444
222.52614840000024,-0.00046379137791458446,-0.00017538401939650052
222.57529280000017,-0.000461077352454648,-0.00016781391059001471
222.62873109999782,-0.00045718038687107344,-0.00018345918304537963
222.67573770000308,-0.00046620963192274507,-0.00014777098638078318
222.7269882000037,0.5183949914812795,-0.5663701220068657
222.7772960000002,0.9714258082922785,-0.5120239443261679
222.82755270000052,1.4527411489007167,-0.98164706716171
222.8767125000013,1.9933660944761458,-1.1685279168363079
222.9245929000026,2.5790514904557296,-1.6209607391843022
222.97545589999936,3.0217088080142567,-2.282107342846141
223.02802499999962,3.350411728430867,-3.1021168503241356
223.07625669999834,3.4945895814407457,-3.600046457896225
223.12741110000206,3.445807093309457,-3.600634624595577
223.17621959999815,3.5326982419486455,-3.600443855578283
223.22527210000408,3.5998237706093756,-3.5999275710167136
223.2770074,3.6000189297870233,-3.600336956241897
223.32456449999881,3.600026609257946,-3.6004255686380975
223.37556900000345,3.599986529033379,-3.6004747670505557
223.42403919999924,3.5997963404906446,-3.600244326419708
223.4763540999993,3.5996264496312214,-3.6000005818585525
223.52510040000197,3.599780310046385,-3.6002200188587117
223.57556199999817,3.5998955797916867,-3.6002491335909514
223.62638870000228,3.5999271247554487,-3.6002431048127344
223.67700209999748,3.6000215547987837,-3.60035491239541
223.72525300000416,3.6000378513749567,-3.6003775449558804
223.77595499999734,3.4181040313861693,-3.4185714118625765
223.82600300000195,3.160860320649086,-3.161576913061327
223.87635880000016,2.9232660252841187,-2.923276844186286
223.92491719999816,2.7037414180014494,-2.703794683486662
223.97776970000268,2.503424633680721,-2.50359185094909
224.02520370000275,2.319377579748561,-2.3194588705799055
224.07599280000431,2.1500079014985327,-2.150154204457223
224.12666680000257,1.9929274320067787,-1.9934250956058306
224.17755150000448,1.8484717904455865,-1.8484969522828552
224.22616369999741,1.7157145122210868,-1.7157261232296215
224.27507160000096,1.5923142280158484,-1.5931433386408171
224.32749650000187,1.4780034057789586,-1.4786739424587543
224.37562810000236,1.3716228571971545,-1.3721597342940306
224.4255931000007,1.2730701208115047,-1.2735598778488437
224.47581530000025,1.765298948647316,-0.5981965491800575
224.52736210000148,2.285607635623261,-0.10102969873217353
224.57485750000342,2.7145213455378765,0.39967234275636115
224.62523740000324,3.4283004123501994,0.8684023339516659
224.6778964999976,4.2504227219950526,1.5504222157916712
224.72701490000327,5.190738670688037,2.4508891431886215
224.77600859999802,6.0995777758514125,3.5822847637038318
224.8258380000043,6.934996216457296,4.8438704664150105
224.87644600000203,7.625536298314209,6.075705674889662
224.9264389000018,8.310483517348551,7.221919623306623
224.9752903999979,8.622325639549148,7.378997707230007
225.02573130000383,8.684167554727072,7.315713251486144
225.07492910000292,8.76944838492235,7.229579917409666
225.12555380000413,8.901127086870996,7.097821728830461
225.17756680000457,9.123468649854635,6.876036646841483
225.22719949999737,8.13842837332691,6.01731783094307
225.27620549999847,7.236470427940849,5.132732322482665
225.32624139999825,6.3427849763473665,4.27894375164771
225.3767982999998,5.432298327888553,3.4227971491360716
225.42475150000246,4.5118762221805335,2.5912515219278327
225.4762195000003,3.588670897307092,1.7774085861509386
225.52462879999803,2.6579277825614054,0.9499982970228444
225.5749477999998,1.712769991458934,0.1848441110630456
225.62549779999972,0.9266029375120777,-0.0003586043695774275
225.67742440000438,1.4416419800251783,-0.37223997857747715
225.72738660000323,1.9257854705762822,-0.5689946002317477
225.77539830000023,2.421276585387063,-0.8703935523220289
225.8268276000017,2.8450371843845526,-1.3343394649103202
225.87480280000455,3.1685389350838595,-2.679830367895735
225.9252220999988,3.399691047634981,-3.4598503343436615
225.97499790000438,3.599298922522935,-3.6008687300452595
226.0271406000029,3.599936750871641,-3.600530334429559
226.07573260000208,3.599626679591069,-3.6000133253950293
226.12441650000255,3.599653762959814,-3.6002401198909397
226.1743329000019,3.6000379799463,-3.599993415576279
226.2289243999985,3.600006567669369,-3.600039225774625
226.2752718999982,3.5996798026793417,-3.600208694229623
226.32605370000238,3.59964876572293,-3.600028228214425
226.37604409999767,3.6000122466576827,-3.600444181779664
226.42584599999827,3.5999900977298442,-3.600499527383617
226.47762330000114,3.600078215864797,-3.6004637219668276
226.5256509000028,3.385460580966593,-3.385881535947842
226.57581270000082,3.149074383983106,-3.1493574661357386
226.62464550000004,2.932454846935115,-2.932793350909147
226.6765368999986,2.7346502495377507,-2.7349711172153173
226.72757339999953,2.552744931269632,-2.5531683947292008
226.7743197000018,2.3841481774754194,-2.3845237960174823
226.8249852000008,2.2295569048695296,-2.22956104256857
226.87626979999914,2.085994864141925,-2.086047072889731
226.92471110000042,1.951981339778188,-1.9516528410119287
226.97431640000286,1.8274661530658822,-1.8272633392770676
227.0256315000006,1.7119985844187682,-1.7123560467533216
227.07455440000194,1.6035664660976878,-1.6042002228683232
227.1251420999979,1.5031614208432593,-1.5037036712533993
227.1803523999988,1.409602618504693,-1.4103077824077435
227.22568339999998,1.3215779135521533,-1.3233187048777957
227.27556639999966,1.236228043780185,-1.2369091540058423
227.3267049999995,1.7732387827294545,-0.49756093103860166
227.37512250000145,2.1588677199551913,0.005657590981338629
227.42630970000027,2.656866899470439,0.21088048223462677
227.47608069999842,3.237524606959956,1.0279121854097133
227.5282847999988,4.041913664759494,1.659590255753593
227.57471339999756,4.957625170730196,2.4736626519133655
227.62539619999734,5.899302172829168,3.618421708812476
227.67534929999965,6.7053703461371965,4.812514782915864
227.72734180000407,7.548635407982567,6.027858216588122
227.77772189999814,6.226788513938596,5.255294943147805
227.825288,5.204091801295198,4.501278610592653
227.87639050000143,4.185141809554541,3.711326372117657
227.92478710000432,3.1447100423907566,2.9211771333253993
227.97553150000022,2.1237236191967206,2.1270463407487625
228.02553030000126,1.1043048751918878,1.3433512817363458
228.07604990000254,0.09916062777846846,0.5737961585318269
228.12453580000147,-8.030756510909202e-05,-0.00047925254254100404
228.17586760000268,-8.681198507839836e-05,-0.0005659195335473918
228.22473800000444,-7.925238563196357e-05,-0.0005332740942176684
228.27764100000059,-7.83871696553207e-05,-0.0005309773157613461
228.32573470000352,-7.822954867238818e-05,-0.0005303436087078442
228.3770738000021,-7.82468580041339e-05,-0.0005303551755109152
228.42489780000324,-7.825768548748824e-05,-0.0005304806875006061
228.47448460000305,-7.827289874036793e-05,-0.0005303188312166743
228.52570900000137,-7.829143277023436e-05,-0.0005305190378235236
228.5771803000025,-7.830130415172436e-05,-0.0005303728475969321
228.62485159999778,-7.828800890903979e-05,-0.0005304184938836826
228.67546690000017,-7.832839051820745e-05,-0.0005303941672096741
228.72592769999756,-7.832656016012015e-05,-0.0005303468829331796
228.7769341000021,-7.833467196024065e-05,-0.0005303402926271008
228.82755229999748,-7.833818105325681e-05,-0.000530404058985961
228.87565929999982,-7.835871291835384e-05,-0.0005303014724355949
228.924425600002,-7.83690984330243e-05,-0.0005302933243644882
228.97540290000325,-7.837831392805807e-05,-0.0005302922843963765
229.02706359999866,-7.838741211692704e-05,-0.0005303019048230541
229.0759349,-7.838446928206236e-05,-0.0005303526441913168
229.12583219999942,-7.840326232696042e-05,-0.0005303790295407778
229.17691310000373,-7.842382339092297e-05,-0.0005302194638800925
229.22737690000213,-7.84268528675925e-05,-0.0005301554657399717
229.2748608000038,-7.843555089877669e-05,-0.0005303081232821351
229.3258180999983,-7.844173284262243e-05,-0.0005303040696025209
229.37487479999982,-7.846255876138975e-05,-0.0005303269290390869
229.4255265000029,-7.847171588089685e-05,-0.0005301522234113438
229.4770478999999,-7.84893532613419e-05,-0.0005302149833863387
229.52544350000244,-7.847920768807147e-05,-0.00053028743267735
229.5763408999992,-7.849868108874128e-05,-0.0005301225566089956
229.6255106000026,-7.84918781638512e-05,-0.0005302121232741916
229.6772482000015,-7.850924402815332e-05,-0.000530067804805904
229.7254735000024,-7.853490996419649e-05,-0.0005301357587150706
229.77614480000193,-7.853507836282486e-05,-0.0005302369971105157
229.82634600000165,-7.855395980368014e-05,-0.0005301119619727161
229.87562040000194,-7.854355081889493e-05,-0.0005301832542225978
229.92454320000252,-7.856370525257249e-05,-0.0005302115540850513
229.97601360000408,-7.857507797755647e-05,-0.0005301977520144538
230.02582950000215,-7.859015400687032e-05,-0.0005300431714771937
230.07698850000452,-7.860400015332192e-05,-0.0005300420206755175
230.12433459999738,-7.858677989476947e-05,-0.0005300793203499779
230.17542250000406,-7.859949818785484e-05,-0.0005301047574357491
230.22602460000053,-7.862112586528161e-05,-0.0005299809599301683
230.27497910000238,-7.862790286646408e-05,-0.0005299884999765336
230.32812320000085,-7.864343110071808e-05,-0.000530026100787887
230.37583040000027,-7.862935107468409e-05,-0.0005299190406049453
230.42558260000078,-7.863944591076227e-05,-0.0005301027152360063
230.4756101000021,-7.864343483106745e-05,-0.0005300516635509047
230.52719420000358,-7.865444137119122e-05,-0.0005300463324264738
230.57488459999877,-7.868163419696015e-05,-0.0005300982675826496
230.62762590000057,-7.86850953838528e-05,-0.0005298621289406751
230.6742280000035,-7.870224919555725e-05,-0.0005299193748153824
230.72610829999758,-7.871298427504926e-05,-0.0005299356755206127
230.77568620000238,-7.872031928542613e-05,-0.0005300510987915543
230.82877810000355,-7.87242205092146e-05,-0.0005300093875903945
230.87625300000218,-7.873621753480979e-05,-0.0005298469277559194
230.92628610000247,-7.874075995680389e-05,-0.0005298311804857651
230.97496769999998,-7.87579445216861e-05,-0.0005298338682468898
231.02459180000005,-7.876339261921479e-05,-0.0005299612343201341
231.07619169999816,-7.878301790949657e-05,-0.0005298266464237502
231.1262268999999,-7.87791871182568e-05,-0.0005297570216289316
231.17694990000018,-7.879831294140426e-05,-0.0005298125629782293
231.22597089999908,-7.881962242891216e-05,-0.0005298469154879552
231.27574800000002,-7.881710454301238e-05,-0.0005297961892314263
231.32651020000048,-7.881489100255034e-05,-0.0005297350548005751
231.37780290000228,-7.88170029131967e-05,-0.0005298469632941586
231.42481019999832,-7.882912421715729e-05,-0.0005298235244432984
231.47464939999918,-7.885905436440681e-05,-0.0005298882104998098
231.5261520999993,-7.888105514338323e-05,-0.0005297413587690335
231.57543330000044,-7.88825815890198e-05,-0.0005297212739574417
231.6242648000043,-7.889940472079635e-05,-0.0005297192815956107
231.67449930000294,-7.890805437956335e-05,-0.0005297118918179319
231.72524060000433,-7.890225046665753e-05,-0.0005295892637324676
231.77676030000293,-7.89228820852933e-05,-0.000529653568471779
231.82723540000006,-7.891861205651827e-05,-0.0005295808578231656
231.8798800000004,-7.89426718995251e-05,-0.0005296146136657313
231.9241583000039,-7.896094774702714e-05,-0.0005296214941730064
231.97592710000026,-7.89518832978359e-05,-0.0005295382394698746
232.02750740000192,-7.896450252572077e-05,-0.0005295612218081293
232.0763078000018,-7.898140246272617e-05,-0.0005297219760069713
232.12558369999897,-7.896936489178613e-05,-0.0005296006992183592
232.17609559999983,-7.899143822383721e-05,-0.0005294850569004148
232.2274824999986,-7.900969926096409e-05,-0.0005295241235281255
232.27966600000218,-7.900445336835491e-05,-0.0005296548838196097
232.3252358000027,-7.902809542333532e-05,-0.0005294898475127662
232.37766320000082,-7.90468337786472e-05,-0.0005295419602824215
232.4268340999988,-7.902456230509292e-05,-0.000529521704119008
232.47801700000127,-7.903959395879246e-05,-0.0005295348626710339
232.52386520000437,-7.90700447118227e-05,-0.0005296217768357885
232.5752726999999,-7.906378447504928e-05,-0.0005295171221952788
232.6315878000023,-7.910109891547575e-05,-0.000529452322474134
232.67663390000234,-7.909600415752688e-05,-0.0005294082307660714
232.72547420000046,-7.908439844113896e-05,-0.0005294744979689079
232.77409150000312,-7.910922337213872e-05,-0.0005293820306573221
232.826086699999,-7.910991786104957e-05,-0.000529522032101094
232.87869409999985,-7.912755879420828e-05,-0.0005294151528289942
232.92556010000408,-7.913042178183303e-05,-0.0005293875755662985
232.97640890000184,-7.913292642277211e-05,-0.0005294558107393662
233.02571709999756,-7.915140248789444e-05,-0.0005293648001736155
233.07527480000135,-7.915682344047015e-05,-0.000529468959021829
233.12473909999972,-7.916924228420133e-05,-0.000529314640264056
233.17485820000002,-7.918973667927125e-05,-0.0005293401815553603
233.22767079999903,-7.919847303535426e-05,-0.0005293416331164538
233.27704390000144,-7.918841139494452e-05,-0.0005293704583142383
233.3274995000029,-7.922194054107076e-05,-0.0005293201768019509
233.37736369999766,-7.920475555430378e-05,-0.000529358234370159
233.42792940000072,-7.923147993256969e-05,-0.0005292270132695063
233.47547679999843,-7.923780543935475e-05,-0.0005292288027380796
233.52838239999983,-7.92372471637068e-05,-0.0005291732957057756
233.57460990000254,-7.92558179197509e-05,-0.0005293539711026422
233.62585319999926,-7.92527060534307e-05,-0.0005292853742855264
233.67589990000124,-7.926771395945976e-05,-0.0005292825945535263
233.72792309999932,-7.930017762454925e-05,-0.0005291670218021567
233.7754894000027,-7.927954772675917e-05,-0.000529235797587224
233.8266896999994,-7.93088569928844e-05,-0.0005292934616829448
233.87640829999873,-7.931328142037547e-05,-0.0005292487622832075
233.93138249999902,-7.932734283907157e-05,-0.0005292542737522665
233.98334949999844,-7.933905454845165e-05,-0.0005292703670345289
234.02845560000424,-7.93396145893542e-05,-0.0005291620175717932
234.0765293000004,-7.935673967958899e-05,-0.0005292152000191283
234.126625900004,-0.49267488263314296,0.4072932291239756
234.17575600000418,-0.7322258558211814,0.7697020573475161
234.2253273000024,-0.9467595360731049,1.1503733420983682
234.27688050000143,-1.2304973707845643,1.5542661739543062
234.3254476000002,-1.6365693667132646,2.2351509434481245
234.3783620000031,-2.1453762836147856,2.929911424311671
234.42748050000228,-2.817672157715107,3.307827449050997
234.47667940000247,-3.51661935660084,3.428248131601664
234.52507049999986,-3.4280111400723277,3.270150604109238
234.5775644000023,-3.191159568669354,3.0121497590386883
234.625798699999,-2.808255179572658,2.768483878362866
234.6750131000008,-2.5474541834001725,2.5470082333498034
234.72668410000188,-2.349209989405682,2.3487641100100354
234.77794630000426,-2.16811054185621,2.1682151072927875
234.825551300004,-2.0022224328857163,2.002425082727958
234.87495679999847,-1.8488503187581724,1.8490096038751114
234.9282125000027,-1.7085324334682204,1.707932923785595
234.9756516999987,-1.578468060151328,1.5780111248916324
235.02800399999978,-1.458911820181343,1.4586913611599188
235.0764180000042,-1.349264030878041,1.34881317960483
235.12839910000184,-1.2479618131153072,1.2475398628916605
235.1757288000008,-0.7349802189189812,1.7503271794475366
235.2265131000022,-0.30246422050295535,2.1462201318097898
235.27475160000176,0.12307359821009166,2.5829712130704907
235.32635819999996,0.7011873081679566,3.1580679259998816
235.37494999999763,1.5027309063894767,3.970569298779369
235.4282239000022,2.6524156818040847,4.841849252169054
235.47713300000032,3.775974007734067,5.6931027010007815
235.52506140000332,5.051672095787525,6.455019502245971
235.57458929999848,6.373195405167062,7.33800264956816
235.62551440000243,7.519971713793883,8.009551682987263
235.6756119999991,7.522189573253571,8.261170368455739
235.72431060000235,7.5156474900006796,8.483976870423549
235.77424990000145,7.518360502170769,8.481259481986196
235.82544269999926,7.528802863475145,8.470823816557843
235.87755460000335,7.5391626539734276,8.460615063849643
235.92551880000246,7.5457444002128655,8.453707103462499
235.9779211999994,7.548086875341747,8.451409256444132
236.02566300000035,7.545962479197261,8.453590387978027
236.07547619999968,7.540324806227013,8.45940703900313
236.12594840000384,7.530389053633085,8.469442607410535
236.1769781999974,7.51441330153691,8.485122380045325
236.2254613000041,7.490066556070274,8.509762148336463
236.2777789000029,7.453414478021731,8.546378218284278
236.32568619999802,7.399121580018583,8.600727981150866
236.37552600000345,7.316654308851946,8.68327311199743
236.42677980000008,7.1829332048265435,8.81672452227236
236.47904019999987,6.947388800615044,9.052505651758201
236.52670149999904,5.9376995805591,7.9605676010431115
236.575854900002,5.034292485959439,7.083029799958908
236.62712160000228,4.158290268179784,6.2003285491883195
236.6764422999986,3.3012252081414015,5.27432648991395
236.72762460000376,2.562321881572942,4.334359576233544
236.77535460000217,1.7451062897378014,3.4165994626706455
236.82587259999855,0.7635144946180317,2.5004440056018957
236.8774424000003,0.3532864575357208,3.443380889250869
236.9284581000029,0.020163845392511783,3.5998856244092643
236.97544560000097,-0.557404103137304,3.599959155032875
237.02847270000348,-1.2384482603879556,3.599907652870183
237.0754281000045,-2.0117190147071287,3.5998205996804646
237.1271987,-2.9076610966909446,3.5995812964130334
237.1757404000018,-3.600014662637593,3.5570126597621488
237.22565549999854,-3.6007359603945055,3.5141668411649793
237.2756087000016,-3.6009060129427954,3.489938594844211
237.32588090000354,-3.6004294108791504,3.5911932006953564
237.3777415000004,-3.6002941204096217,3.599615827944977
237.4264697000035,-3.600158782510554,3.6000233991825543
237.47650070000236,-3.6004326543134897,3.599840387239282
237.5287668000019,-3.60024901117438,3.5996673434620807
237.5759085000027,-3.600073160630296,3.5998581130799128
237.625099900004,-3.600025582374303,3.5995063667354574
237.67504049999843,-3.600282527941957,3.6000752777884037
237.72644189999846,-3.600361801835459,3.599905130606263
237.77810960000352,-3.5722849355766537,3.571612124463156
237.82608649999747,-3.317877801117138,3.3174352881220823
237.87662860000273,-3.0826420508332015,3.0823329485551336
237.9263104999991,-2.8665151027361713,2.866453126892285
237.97699970000394,-2.668477232802797,2.668083806346874
238.02653960000316,-2.4857981349221716,2.485333242322936
238.07752050000272,-2.3181931564010627,2.3177310249410197
238.1260567999998,-2.1636892579744624,2.1629838167056685
238.17718230000173,-2.0190728405815,2.0191704873925476
238.2271314000027,-1.8856438143698004,1.8855974809041005
238.2756608999989,-1.7624335538759146,1.762223295583105
238.32706470000267,-1.6478592385814415,1.6470578824551843
238.37515030000213,-1.5403042225422576,1.5398839269884508
238.42578080000385,-1.4405439733801628,1.4401024195177312
238.47494410000218,-1.348067129332696,1.34781524132843
238.52631290000136,-1.2621292768842676,1.2613407470152824
238.57664040000236,-0.5888110662372764,1.914186903204022
238.6268482000014,-0.2294191777076312,2.348613650053476
238.67471389999992,0.17724748979037985,2.878457586372111
238.7256467000043,0.7897101417691436,3.406462401856191
238.77690350000194,1.3938756239672923,4.1974105695208745
238.82660490000126,2.607268505841219,5.069641761604954
238.87871550000273,3.7948592435217283,5.980738616532047
238.92478320000373,5.076511550535928,6.782056272725294
238.9751522000006,6.32717610986288,7.4593591985242504
239.0258565999975,5.149940024716014,6.109000129094662
239.07938950000243,4.5492927932219915,5.12584703291297
239.12593010000273,3.449791274392877,4.216631348071512
239.17463780000253,2.5779742997785418,3.262306505172366
239.22610420000274,1.71444113053814,2.3199143229404164
239.2769096999982,0.8447052212560574,1.3833362036404768
239.3258535999994,-1.9661642269870474e-05,0.4565828045856881
239.37677780000377,2.5183701790632778e-05,-0.0003840006200245572
239.42613290000008,3.096912638558878e-05,-0.00040396335003809266
239.4844499000028,2.935319916022487e-05,-0.00038526322985236197
239.52528110000276,2.9397797618484688e-05,-0.0003844369970812702
239.57836020000104,2.9376085997095026e-05,-0.000383639832158307
239.62481020000268,2.936202081474287e-05,-0.00038320421811346994
239.6767370000016,2.935976680665159e-05,-0.00038300749319933287
239.72729529999924,2.9363468911940577e-05,-0.0003829250899484431
239.7761116000038,2.9370269505362317e-05,-0.00038289781788605694
239.82512059999863,2.9378679844454152e-05,-0.000382897012685706
239.87671440000122,2.9387911304494996e-05,-0.0003829088687018749
239.92731749999803,2.9397550349612637e-05,-0.00038292678652465596
239.97598210000433,2.9407386747975145e-05,-0.00038294761104454224
240.02702010000212,2.941731641617395e-05,-0.00038296983113697504
240.07841200000257,2.9427287628918328e-05,-0.0003829927230475645
240.135145799999,2.9437275905790605e-05,-0.00038301593949854846
240.18237180000142,2.9447268534737135e-05,-0.0003830393144116647
240.2263860000021,2.9457260719594456e-05,-0.00038306276684055247
240.28437909999775,2.9467249262920252e-05,-0.0003830862583603932
240.33898520000366,2.9477232921264743e-05,-0.0003831097708634488
240.38690569999744,2.9487210706529435e-05,-0.00038313329601194485
240.4347276000044,2.9497183273745907e-05,-0.00038315682803272133
240.47865699999966,2.950714951269114e-05,-0.00038318036662601807
240.5362645999994,2.951710945667183e-05,-0.0003832039102042163
240.58795210000244,2.95270635608794e-05,-0.0003832274577792174
240.63806209999893,2.9537011680984873e-05,-0.00038325100932881683
240.68666289999965,2.9546953761477092e-05,-0.0003832745644533345
240.73587090000365,2.9556889458186916e-05,-0.0003832981240853576
240.78186070000083,2.95668195593727e-05,-0.0003833216868482097
240.8351995999983,2.957674390960322e-05,-0.0003833452530527532
240.88700090000202,2.958666245336731e-05,-0.000383368822654579
240.94233859999804,2.95965747909847e-05,-0.0003833923961421855
240.9993422999978,2.960648082253531e-05,-0.00038341597354887917
241.03403490000346,2.9616381436197554e-05,-0.00038343955406419737
241.08669689999806,2.9626275743793024e-05,-0.0003834631383098649
241.13591630000155,2.9636164444762222e-05,-0.0003834867258306904
241.1922016000026,2.9646047405878373e-05,-0.0003835103165711627
241.23524709999765,2.965592447171027e-05,-0.0003835339105090773
241.28489380000246,2.9665795953120354e-05,-0.0003835575075223097
241.33501350000006,2.9675661561450634e-05,-0.00038358110819927796
241.3858584000045,2.968552140772342e-05,-0.00038360471200707527
241.44199939999817,2.9695375758392232e-05,-0.00038362831860153226
241.48330250000436,2.9705224324799084e-05,-0.00038365192817138707
241.53204769999866,2.9715067040330602e-05,-0.0003836755413716711
241.58345050000207,2.9724903793964475e-05,-0.00038369915770278414
241.63750810000056,2.9734735484981356e-05,-0.00038372277648748994
241.68464620000304,2.9744561391736275e-05,-0.00038374639839192256
241.73959810000088,2.975438189170506e-05,-0.00038377002286097024
241.78902219999873,2.9764196618514132e-05,-0.00038379365056076704
241.83655839999847,2.977400583861699e-05,-0.0003838172809028946
241.88160529999732,2.9783809640831493e-05,-0.0003838409139761708
241.93412289999833,2.979360803625986e-05,-0.0003838645496584712
241.986041199998,2.9803400558608434e-05,-0.00038388818851600926
242.03889920000074,2.9813188084953388e-05,-0.00038391182942745995
242.08776149999903,2.982296969380963e-05,-0.0003839354734475352
242.12778609999805,2.9832746228946642e-05,-0.0003839591196103409
242.1839949999994,2.9842517168559622e-05,-0.0003839827686930331
242.2324432000023,2.9852282335012863e-05,-0.0003840064206289984
242.2838386000003,2.986204260538257e-05,-0.0003840300744967519
242.3366748999979,2.987179739125053e-05,-0.00038405373085140487
242.3857605000012,2.9881546836945748e-05,-0.00038407738989279776
242.43656829999964,2.9891290598299082e-05,-0.0003841010515876234
242.4875622000036,2.9901029297035413e-05,-0.0003841247152253396
242.52703589999874,2.9910762744416845e-05,-0.00038414838118342175
242.58307720000448,2.99204909515456e-05,-0.00038417204918431424
242.6378196000005,2.993021358535477e-05,-0.00038419572002737777
242.68648109999776,2.9939931145444718e-05,-0.00038421939274671817
242.73693549999734,2.9949643487486448e-05,-0.0003842430676754024
242.78562919999968,2.99593509889558e-05,-0.00038426674438044343
242.83986630000436,2.9969052572936422e-05,-0.00038429042384993987
242.88640110000415,2.9978749338549114e-05,-0.0003843141050846909
242.93694590000086,2.9988440353206547e-05,-0.00038433778889515927
242.98682080000435,2.999812700468749e-05,-0.0003843614739379753
243.0297531000033,3.0007807783088628e-05,-0.0003843851617452466
243.08807299999899,3.001748387634861e-05,-0.0003844088511623413
243.1357363999996,3.0027154374084546e-05,-0.0003844325428775976
243.18717330000072,3.003681995353248e-05,-0.0003844562362692908
243.23108360000333,3.0046480148398746e-05,-0.00038447993172599867
243.28300780000427,3.0056135713635e-05,-0.00038450362868150775
243.33469290000357,3.0065786038618574e-05,-0.0003845273276687249
243.38270059999923,3.0075431389802995e-05,-0.0003845510281880498
243.4317164000022,3.0085071323099063e-05,-0.0003845747309944342
243.48521620000247,3.0094706637867344e-05,-0.0003845984350553705
243.5359666000004,3.0104337156472163e-05,-0.00038462214028204113
243.58026029999746,3.0113962601357756e-05,-0.000384645847451602
243.63497030000144,3.0123582817092906e-05,-0.0003846695562864974
243.68550929999765,3.0133198503118115e-05,-0.00038469326640925146
243.73443319999933,3.0142808948890645e-05,-0.00038471697837497593
243.78444319999835,3.015241407669489e-05,-0.0003847406922835905
243.8375573000012,3.0162014308415604e-05,-0.0003847644077132106
243.88560130000405,3.0171609488621546e-05,-0.0003847881248192675
243.93398259999958,3.018120003919747e-05,-0.00038481184309105865
243.98746770000434,3.0190785871325555e-05,-0.00038483556245086836
244.03446110000368,3.0200366740756703e-05,-0.0003848592832206612
244.0800825999977,3.0209942725206555e-05,-0.0003848830053671307
244.13653499999782,3.021951373585725e-05,-0.00038490672896799227
244.18626600000425,3.0229079772708792e-05,-0.0003849304542452907
244.2375119999997,3.0238640913476805e-05,-0.00038495418078824333
244.2781623999981,3.0248197535637105e-05,-0.00038497790805284087
244.33647159999964,3.0257749195100484e-05,-0.00038500163698277306
244.37935129999823,3.0267296047298164e-05,-0.00038502536687859927
244.43579039999895,3.0276838369785906e-05,-0.0003850490975959905
244.47876530000212,3.028637589611018e-05,-0.00038507282971226274
244.53931680000096,3.0295908537453146e-05,-0.00038509656289434905
244.58392090000416,3.030543620499696e-05,-0.00038512029743090746
244.63657450000028,3.031495907637731e-05,-0.00038514403312209786
244.67849019999994,3.032447732922988e-05,-0.00038516776969036435
244.72631959999853,3.033399078591898e-05,-0.0003851915074909785
244.78392619999795,3.0343499346524542e-05,-0.00038521524637961105
244.83735439999873,3.0353003666078148e-05,-0.0003852389859676843
244.87992379999923,3.0362502911912535e-05,-0.0003852627265216515
244.93163030000142,3.0371997350481222e-05,-0.00038528646834127303
244.98631059999752,3.0381487270442202e-05,-0.0003853102107715171
245.03480139999738,3.0390972671795475e-05,-0.0003853339540788374
245.08186240000214,3.040045361005218e-05,-0.000385357697930167
245.12858190000406,3.0409929863167723e-05,-0.00038538144258085723
245.1877444999991,3.0419401397835415e-05,-0.0003854051879420901
245.2353848999992,3.0428868214055253e-05,-0.00038542893455787504
245.2830083000008,3.043833016749824e-05,-0.0003854526819397139
245.328706100001,3.0447787757764742e-05,-0.00038547642987666415
245.38053790000413,3.0457240640685624e-05,-0.0003855001788128152
245.43360450000182,3.0466689171532243e-05,-0.0003855239277267618
245.4889256000024,3.047613299503324e-05,-0.0003855476778841581
245.53202210000018,3.048557202237077e-05,-0.00038557142856335936
245.57722649999778,3.04950069751898e-05,-0.00038559517969775193
245.6369870999988,3.050443718735651e-05,-0.00038561893110970036
245.68131269999867,3.05138629142222e-05,-0.00038564268347644054
245.73010929999873,3.0523283978151194e-05,-0.00038566643619845214
245.78442709999945,3.053270063449478e-05,-0.00038569018947557515
245.8336294000037,3.054211267231058e-05,-0.00038571394344103654
245.88611289999972,3.055152025813205e-05,-0.00038573769787279155
245.93483600000036,3.056092321432351e-05,-0.00038576145273753364
245.987000000001,3.057032200717863e-05,-0.00038578520752455996
246.02545269999973,3.057971634803942e-05,-0.0003858089629222089
246.08672939999815,3.058910600375905e-05,-0.000385832718941583
246.13403619999735,3.059849104095089e-05,-0.00038585647539394384
246.181657000001,3.060787214795322e-05,-0.0003858802317574869
246.23714570000448,3.061724838107648e-05,-0.0003859039886650393
246.27973429999838,3.0626620262125476e-05,-0.00038592774585014737
246.33366319999914,6.774249960989687e-06,-0.00011166470903500503
246.3854100000026,1.1883068840045907e-05,-0.00010335661605474922
246.43565410000156,1.6378276523913364e-05,-0.00013575887248831254
246.48471889999928,9.491205232867482e-06,-5.47661264894089e-05
246.5352125999998,1.4585223440124428e-05,-9.894426015187272e-05
246.5840399000008,1.2992183684457815e-05,-0.00010599362347828578
246.62857050000457,1.3417931643567861e-05,-0.0001111179239178208
246.68649729999743,1.4873853515520393e-05,-0.00011555714191102735
246.73704900000303,1.6168753547166914e-05,-0.00011834018761603189
246.78602800000226,1.236655632342891e-05,-0.00011376035098386996
246.8269771999985,1.1901614971343294e-05,-8.278667945623703e-05
246.88533409999945,1.5210121517852918e-05,-0.000121501567473932
246.9323418999993,1.0950241513550924e-05,-5.278692586379452e-05
246.97944180000195,1.4692833894005606e-05,-0.00010648384465305113
247.03076829999918,9.92280470014443e-06,-6.218839551103345e-05
247.08588269999746,1.4718190488607419e-05,-0.00010785111294053025
247.13314779999928,1.251229725386411e-05,-9.423419635732381e-05
247.18165260000387,9.66857099938592e-06,-6.502116737256347e-05
247.23587840000255,1.727081551107697e-05,-0.00013057545933405394
247.2826722000027,1.0622356860788501e-05,-7.673261296366424e-05
247.33982780000224,1.1956443390925611e-05,-6.593459396248568e-05
247.3875595999998,1.9085487412712944e-05,-0.00014216715114049013
247.42954219999956,1.0490569746233856e-05,-6.88051696396492e-05
247.48424270000396,1.1493783613768984e-05,-7.151087234598115e-05
247.53028949999862,1.2964821127792878e-05,-7.77771726246551e-05
247.58466530000442,1.28966753720878e-05,-9.665906601794847e-05
247.6343457000039,1.5709963552282692e-05,-0.00011676539468663718
247.68533490000118,1.2009807193191607e-05,-7.93009989342362e-05
247.72775370000454,2.091093805891249e-05,-0.00016258779087524524
247.77950920000148,1.551046002747105e-05,-0.00012306467427348512
247.83771200000047,1.0450872345311797e-05,-6.308513640368732e-05
247.88965350000217,2.013678832570479e-05,-0.00013893799907252355
247.93430870000157,1.442913246664438e-05,-0.00010474385528934661
247.98659050000424,1.7280504849297635e-05,-0.0001422183356859811
248.03645379999944,1.4977493101322773e-05,-0.00011488939843939928
248.08495979999861,1.2145702488208739e-05,-8.80679514093371e-05
248.135987499998,1.499630473135427e-05,-0.00012100648688629456
248.18627569999808,1.075400062334621e-05,-6.312760277854842e-05
248.23374940000213,1.1984087588967435e-05,-7.696276176368228e-05
248.28229799999826,1.6615584641514613e-05,-0.00012209541493402794
248.3315492000038,1.4660700120585648e-05,-0.00010949061418640784
248.38686009999947,1.3048004454686231e-05,-8.591250378894607e-05
248.4319536999974,1.5359527072447803e-05,-0.00011381439329893746
248.48146819999965,1.6986186945915284e-05,-0.00013482197401839494
248.53135679999832,1.2618438027811981e-05,-9.441325133927648e-05
248.57974470000045,1.1013718381757163e-05,-7.371036022669962e-05
248.63540630000352,1.5868606073624628e-05,-0.00012984090859159922
248.68716370000038,1.1123954823954027e-05,-4.436413938439706e-05
248.72878940000373,1.312729951409382e-05,-0.00010245327508605404
248.7751797000019,1.5128818120504937e-05,-0.00011960429304747548
248.83507510000345,1.4406419524006579e-05,-0.00011923614647868958
248.88031050000427,1.4745587506595038e-05,-0.0001301286629563801
248.92673050000303,1.3142521748677778e-05,-9.821996840307271e-05
248.98009900000034,2.0494870867101357e-05,-0.00014310030663780917
249.0360467999999,1.3139196652923482e-05,-9.472717616985181e-05
249.08225569999922,1.3843027690820075e-05,-0.00010348028756111841
249.13281560000178,1.4094436562319189e-05,-0.00011898373033514685
249.17777390000265,1.6941328606649872e-05,-0.00017805771516129172
249.23479890000453,1.5097733818705697e-05,-0.00010385472108974591
249.27799680000317,1.58218513068997e-05,-0.00012703256651048963
249.338545300001,2.7312845674057286e-05,-0.00024477626708902585
249.38480079999863,1.4824947403027265e-05,-0.00014063891624630024
249.4358041000014,1.0220277246740103e-05,-0.0001046012018225295
249.48592250000365,1.6946910086372725e-05,-0.00012237933280102268
249.52881440000056,1.259058654002923e-05,-0.00010615388343914341
249.58695309999894,1.2724223630312038e-05,-8.345653074178844e-05
249.626053699998,1.1119762788346492e-05,-6.115430223335822e-05
249.68815999999788,1.7717634026597798e-05,-0.00012551278320017704
249.72755139999936,2.063830404354865e-05,-0.00015943143412149954
249.77992230000382,1.3027804612886972e-05,-9.32970501744451e-05
249.83685340000375,1.2297670437544463e-05,-0.00010850680719497874
249.88321480000013,1.289529629745553e-05,-0.00010819624814983151
249.92823350000253,1.680175777398072e-05,-0.0001298435130970994
249.98539020000317,1.108588998378522e-05,-9.886643014276843e-05
250.03221170000324,1.3007625376827051e-05,-0.00010369046128398854
250.08409609999944,9.589879279578837e-06,-6.921019135581513e-05
250.13202280000405,1.5952902476815784e-05,-0.00011317482222505742
250.18486929999926,1.3762355699510658e-05,-8.550127779124717e-05
250.23471000000427,1.780052736323712e-05,-0.00014134698239645792
250.28170169999794,1.3619996419590626e-05,-9.797500784012735e-05
250.3353206000029,1.4229880640494649e-05,-0.00010360339475222641
250.38704439999856,1.2940170435194586e-05,-9.499397763965803e-05
250.43599150000227,1.3642521512492663e-05,-9.570491030794956e-05
250.483905699999,6.836893085011122e-06,-7.324032288431756e-05
250.5306414000006,2.3866055887133535e-05,-0.00020502542462685937
250.57874900000024,1.692512795471877e-05,-0.0001222748772457061
250.62902659999963,1.8209415653130876e-05,-0.0001273314972573126
250.6859758999999,1.2390137105200602e-05,-8.2549901758788e-05
250.73560169999837,1.4052324459625256e-05,-9.419221820303779e-05
250.77879589999793,1.4332882358760458e-05,-0.00010587380040460023
250.83646659999795,1.841394129399888e-05,-0.00015358090852417506
250.88612880000437,9.158136837780779e-06,-5.173195665180474e-05
250.93640610000148,1.6525042756414035e-05,-0.00011401931486754055
250.98493050000252,1.393665325367824e-05,-0.00010348852139695379
251.02984819999983,7.246907596243288e-06,-2.4828791900266987e-05
251.09010259999923,1.3659656950006038e-05,-8.91364232092636e-05
251.1336678000007,7.719815187108654e-06,-3.202364788904161e-05
251.18269750000036,1.625894600067272e-05,-0.00012150128264621503
251.24375580000196,1.2715674913022416e-05,-0.00010443304621087204
251.28446760000224,9.900755859613267e-06,-8.3395385008867e-05
251.32999500000005,1.6388754253708274e-05,-0.00011626534757181021
251.3870117999977,1.8324690465049183e-05,-0.00014577841688249277
251.43146820000402,1.478571506342799e-05,-0.0001277172100634521
251.48735509999824,1.56289112207695e-05,-0.00011200420892986899
251.53709840000374,1.8411825042380488e-05,-0.0001529826282544042
251.58297100000345,1.5241171158489327e-05,-0.00011919685095629794
251.63135850000253,1.9597506628628117e-05,-0.00015775485664464736
251.685564899999,1.6868237462401666e-05,-0.00016303133112421909
251.73519110000052,1.6792414558890218e-05,-0.00017462600443458935
251.78784509999969,1.466384887961694e-05,-9.419608461023222e-05
251.83745140000246,2.0725872662571432e-05,-0.00016126550335132423
251.88702960000228,1.7192853085672535e-05,-0.0001630547496246913
251.93460020000202,1.5473953052250402e-05,-0.00011352583333412547
251.97691889999987,1.8311235006079922e-05,-0.00016527128517979366
252.03211310000188,1.5881780235386143e-05,-0.00012860840518115577
252.08837560000393,2.0995680849475158e-05,-0.00015174556338164158
252.13397059999988,1.6196872632005293e-05,-0.00014356669407758897
252.18558150000172,2.402773890965963e-05,-0.00018563744844676944
252.23573659999965,1.7838674004638384e-05,-0.00015428209438910233
252.28331869999965,1.8579348459741015e-05,-0.00017334473527714952
252.33596630000102,2.3295838946800908e-05,-0.0001943253741034509
252.3892410000044,1.9054803435131922e-05,-0.00015121184577819507
252.43669039999804,1.3231751072607488e-05,-8.699698507150105e-05
252.48433269999805,1.811666870967217e-05,-0.00015785130784722775
252.53501490000053,1.1123880849793896e-05,-8.074447163116462e-05
252.58429730000353,1.7279614361614043e-05,-0.00011140954017118838
252.63217940000322,2.235778335803835e-05,-0.00018539265225234278
252.686323300004,1.900698833880509e-05,-0.00012820130034242643
252.73822230000223,1.5232633199260815e-05,-0.000125246000160073
252.7840159000043,2.39149116510125e-05,-0.00021946383065320975
252.82963069999823,2.267571909133472e-05,-0.00018224432851729147
252.88201449999906,1.972230743165347e-05,-0.00013228820127122125
252.93256100000144,2.7765961263551494e-05,-0.00026751274040425323
252.98193619999802,2.7396016311101466e-05,-0.0002557723943977489
253.03507979999995,1.2891409006966026e-05,-0.0001410534380076612
253.08372059999965,2.6361275296007027e-05,-0.0002586683499397911
253.13604250000208,5.169815838761735e-05,-0.0004437858084579322
253.18755429999874,2.366018491131098e-05,-0.00020559679078124954
253.23147189999872,2.280951720836503e-05,-0.0002916500186026872
253.28418960000272,3.278445860347089e-05,-0.0003872602560412277
253.33318919999874,3.109907513734809e-05,-0.00037139186873702155
253.3823276999974,3.114948405882959e-05,-0.0003718393577162278
253.43324150000262,3.118070024402193e-05,-0.0003721657212524247
253.48625909999828,3.0403876927237467e-05,-0.00037331709092980456
253.52987620000204,3.036873997833143e-05,-0.0003734574305808163
253.58649680000235,3.0281404939130798e-05,-0.0003736216281252667
253.63590169999952,3.0215079871470492e-05,-0.0003737523387786792
253.68600139999762,3.0167462039570674e-05,-0.000373853411251293
253.733332900003,3.0130450312554106e-05,-0.000373937867149124
253.78407239999797,3.0099965975277375e-05,-0.0003740124564949352
253.83452019999822,3.0073839596439212e-05,-0.0003740806895252723
253.885094199999,3.0050837906997166e-05,-0.00037414449282125237
253.9293084000019,3.0030175313139015e-05,-0.0003742050362026719
253.98160620000272,3.001134868399445e-05,-0.00037426305379340366
254.03875690000132,2.9994009753702895e-05,-0.00037431903932072904
254.08377869999822,2.99779021162568e-05,-0.0003743733541955492
254.12763619999896,2.996283328118815e-05,-0.0003744262623511837
254.17808330000116,2.9948659296979578e-05,-0.00037447796418288865
254.23710440000286,2.9935269019204097e-05,-0.000374528612401841
254.28542259999813,2.9922569055900863e-05,-0.00037457833448384836
254.33153770000354,2.991047622916088e-05,-0.00037462724006343456
254.381086100002,2.9898935949318022e-05,-0.00037467540731140264
254.4362798000002,2.9887889774232274e-05,-0.0003747229137657287
254.48176160000003,2.98772974250123e-05,-0.000374769813594194
254.52611869999964,2.9867118900322528e-05,-0.00037481616236346126
254.5886279000042,2.9857318484288254e-05,-0.00037486200685832836
254.62664190000214,2.9847870564064295e-05,-0.00037490738158452706
254.68676360000245,2.983874498599331e-05,-0.0003749523269763799
254.73605520000274,2.982992208802552e-05,-0.000374996870090022
254.78374360000453,2.982138174181751e-05,-0.0003750410381259175
254.83423069999844,2.9813107183001583e-05,-0.00037508485347726475
254.88071990000026,2.980507565200576e-05,-0.00037512834481002224
254.9321878999981,4.03597611331833e-05,-0.00036194818529064417
254.98613150000165,1.3285880218217742e-05,-9.857646327003293e-05
255.03585759999987,1.1626950258147342e-05,-0.00010951825286664123
255.088513900002,1.291354863043391e-05,-0.00011561893131795174
255.13123590000032,2.28801128377074e-05,-0.00020243415513898297
255.18523640000058,1.3554553746088064e-05,-0.00012980428136812275
255.23497320000024,1.3361743100860308e-05,-9.889056570298555e-05
255.27840989999822,7.3605030404056205e-06,-7.617938796451902e-05
255.33513220000168,9.281122181911801e-06,-8.663651608350856e-05
255.3843304999973,1.3053652203621427e-05,-0.0001170925501449171
255.42594480000116,1.499506669945505e-05,-0.00014817960839478683
255.48416179999913,1.1329684568305616e-05,-0.00010397888736700602
255.5365227000002,1.7494112469778444e-05,-0.00015182836579101522
255.57738619999873,1.3578597002362894e-05,-0.00010983059546287304
255.62760420000268,1.1670059052459398e-05,-0.00011472655376831802
255.6865758999993,1.709583327126787e-05,-0.00014847571508950653
255.73112910000054,8.287836283934249e-06,-5.463882279959683e-05
255.77752319999854,1.694773352768786e-05,-0.00014112969150007057
255.82780740000453,1.6323826568257913e-05,-0.00012473858026508186
255.88037710000208,1.548417561948756e-05,-0.00013929262793213522
255.9375943999985,1.3917524732688825e-05,-0.00010276624927706231
255.98375110000052,1.3034446222371584e-05,-9.943273725508423e-05
256.0325410000005,1.4641864254385525e-05,-0.000104353845831284
256.0858320999978,1.5954425158796288e-05,-0.00011920028885071155
256.12834309999744,1.2819917916140909e-05,-9.424687884571664e-05
256.17910490000213,1.810985335028421e-05,-0.00014648446748936263
256.2368830999985,1.7707977850738883e-05,-0.00014074165912717013
256.286615099998,1.6312592965321148e-05,-0.00013728733198062023
256.3353294000044,9.520023880335906e-06,-5.486075354004866e-05
256.3799943999984,1.3835118928286309e-05,-9.231822676323119e-05
256.43467429999873,1.4814459448078296e-05,-0.00010520511244404071
256.48428769999737,9.299133829640675e-06,-5.8104131883727576e-05
256.5273574000021,1.5383772933322403e-05,-0.00011885367274822442
256.5798802999998,1.2406999161396394e-05,-8.294550202244687e-05
256.63608029999887,1.5341229620005706e-05,-0.00012081412946741209
256.68561839999893,1.2471484378562518e-05,-0.00010317162174598841
256.7362742000041,1.820920693109874e-05,-0.0001425254397051633
256.7868051999976,1.1787360598713616e-05,-9.311827424704967e-05
256.8374926000033,1.516998811014463e-05,-0.00015074197269330941
256.88591910000105,1.3539990195722385e-05,-0.0001262257243729425
256.9282766000033,1.1322821412732824,0.7843074338547079
256.9833033000032,2.0682978769966325,1.5184525368676638
257.0365501999986,2.8941802657436644,2.2592557959626474
257.0856014000019,3.846017276677164,3.0530648061422347
257.13405169999896,4.748705906661284,3.91463443414551
257.18133690000104,5.641970973588363,4.844048979571059
257.2372591000021,6.484819378229238,5.765777343238073
257.2846348000021,7.136073662582598,6.590393039930216
257.3289375000022,7.069346701827866,7.072071486144959
257.3785891000007,7.011685293835056,7.609173251428921
257.4377267000018,6.971756919413736,8.49624994020449
257.485268000004,6.951161202684147,9.04802926787042
257.5243716000041,6.95691536896638,9.042930000881986
257.57855050000217,6.97256778250641,9.026900621235695
257.63465749999887,6.985131214176248,9.014743781797689
257.6802502999999,6.9897034489470045,9.00983504823273
257.73723880000034,6.98299981255085,9.016802461675722
257.786689200002,6.966020697638019,9.033771217648969
257.8327591999987,6.938669100938805,9.061043124097239
257.88822159999836,6.89756138766825,9.102215248956766
257.93479169999773,6.837513047924651,9.162487967845292
257.9833665000042,5.793070280389964,8.090991841376102
258.0266077999986,4.950481501537842,7.200166034938338
258.08577530000184,4.097431269977914,6.428387375153788
258.12586210000154,3.2896209886220187,5.48177379640703
258.18222239999886,2.4403622595507035,4.541409412517644
258.22886429999926,1.6033190539085522,3.5994670042171704
258.27960950000124,0.8521039083037889,2.618193395295094
258.3284055999975,0.30970976380696924,2.3586525057258707
258.3747216999982,-0.19726126212056302,2.447374334359255
258.42470719999983,-0.608553999214956,2.5078514141988726
258.4760776999974,-1.238982070413258,2.537451961881319
258.5281418000013,-0.5920480973223672,1.9023826231106038
258.5746857999984,-0.389687187480093,1.1962920536349455
258.6251951000013,-0.2162607839021281,0.4274347254611347
258.6756194000045,-0.00022300727828852767,-0.00037531850291039993
258.72670520000247,3.7432942523486345e-05,-0.00022558187001723058
258.77535470000294,1.930544923924395e-06,-0.000217172512595694
258.8261963000041,2.475393734160429e-05,-0.00038230858400214773
258.875366100001,2.4204505200153694e-05,-0.00014745848698775359
258.9272520000013,-4.167135072289875e-05,-3.68308021858947e-05
258.9761179999987,-8.061165797109471e-05,-3.127323036092393e-05
259.0265999999974,-5.027842809040191e-05,-7.764810781026351e-05
259.0750358000005,1.0163702143804278e-05,-0.00019213940835059344
259.1252134000024,-3.0193291425423084e-05,-0.00010556005971561575
259.1754299000022,-2.991800638066323e-05,-5.882780560467644e-05
259.2257438000015,-9.19752710438518e-05,-9.21252263808885e-05
259.27552920000016,-9.998496954831201e-05,-0.0006063261641224097
259.32466209999984,-7.026261594773471e-05,-0.0006121783531225083
259.3755842000028,-0.00011022942199300813,-0.0006455546515255357
259.42510120000225,-2.586326957045998e-05,-0.0005992977247807327
259.47595210000145,-7.26968685250251e-05,-0.0006443411453744073
259.5258013999992,-1.1418263401462969e-05,-0.000592570799141952
259.58146860000124,1.0729021404652698e-05,-0.0006076216452669976
259.63337740000134,-0.00010099718954502302,-0.0006178017245910174
259.685118100002,-8.172334267094627e-05,-0.000589701052879091
259.73753350000334,4.919263263407669e-06,-0.0006051806979893466
259.7858836000014,-2.6784784970559375e-05,-7.09749968575529e-05
259.82948690000194,-5.0930355843850326e-05,-3.005162252381313e-05
259.8852154999986,-0.00019589975708299425,-0.0003409271416292858
259.934139099998,-0.0001937251292246489,-0.0003282767831684926
259.9802056000044,-0.0001790163632860644,-0.00023084985634218045
260.03196670000034,-0.0001590776476769145,-0.00016147580926844995
260.0828354000041,-0.00011762365601531151,-8.005803131546363e-05
260.1362967000023,-0.00011125785084064734,-8.724677256219279e-05
260.176478100002,-8.039678145729013e-05,-5.7584725432544435e-05
260.23702950000006,-7.569043889439757e-05,-2.9836830084422663e-05
260.28599000000395,-4.5946863203070184e-05,-2.7620148213028615e-05
260.33230000000185,5.202379429474562e-05,-0.0004238062709667566
260.38468360000115,3.4910713431234035e-05,-0.00057606919853369
260.4365872999988,2.0611069606620753e-05,-0.0005581871200933785
260.48503200000414,-2.492243283138737e-05,-0.0006109113356648834
260.5302262999976,-8.008614713347076e-05,-0.0006325809907020344
260.5793515999976,-4.8034146130126765e-05,-0.0006371151503609036
260.63873720000265,-0.00015198152039112866,-0.0005068420665842498
260.6880772000004,-0.00017726320855633985,-0.0005839987496383547
260.731120000004,-0.0001455565737719442,-0.0005137591609038259
260.78782689999935,-0.00013676830099853724,-0.0005629501403271795
260.8393589999978,-0.00016525143254081644,-0.000616333700832898
260.8906543999983,-0.00012286742392409746,-0.0006074749584931582
260.9343695999996,-0.00012243204956808549,-0.0006214523760055378
260.98407569999836,-7.118493376707632e-05,-0.000605725524051393
261.03615929999796,-4.324221780653362e-05,-0.0006078717467065574
261.0855410000004,-0.00013115768275908204,-0.0006320087783356522
261.133305299998,-0.00012837887708462626,-0.0006069753166763464
261.18502750000334,-0.00011806820725557599,-0.0006176834484354804
261.2365265000044,-7.117178619515625e-05,-0.0005937142337334131
261.2839213000043,-3.616479524740624e-05,-0.0006102872794248626
261.3356539000015,-0.0001287914254328876,-0.0006051285253009546
261.378314900001,-0.00010383905055820681,-0.000586555955452137
261.43705169999885,-3.351687416222892e-05,-0.000628441625939942
261.4828133999981,-9.79214047625912e-06,-0.0005777354260785262
261.53496380000433,-0.00018725687795670748,-0.00034906226966718363
261.5774883999984,-0.0002102478791928898,-0.00034260782362286645
261.628209399998,-0.621850667897112,0.40764075942119005
261.6839792000028,-6.606010564964038e-05,-0.0004065743057786011
261.7402807000035,-0.610659399879171,0.47445945372557924
261.78118299999915,-1.0144887000431213,0.9235367562375448
261.83258410000417,-1.4676568447549652,1.3393288090560749
261.87684250000166,-1.988790088122492,2.0883928854680667
261.9269407000029,-2.262755524868814,2.262045905918715
261.98344070000167,-2.149888691057096,2.1492380702877933
262.0331213000027,-2.035924236526018,2.035949829329229
262.0790763000041,-1.9263774610569693,1.9258588644530859
262.1305601999993,-1.8241386855891726,1.8236879987335077
262.18462120000186,-1.7287301967287918,1.7284126293571769
262.2323619000017,-1.6402366669805684,1.6649989141507258
262.2857426999981,-1.5576120204247685,1.5570065177041075
262.3373217000044,-1.4769642569647508,1.4763325942274572
262.3807369999995,-1.4011822791233532,1.400577976300655
262.4315760000027,-1.3305554134794457,1.3304435744261645
262.4869327999986,-1.263252674103205,1.2631843993387903
262.5345662000036,-1.200297014823387,1.2007129130608942
262.5801247999989,-0.6213213074146017,1.8173130903450487
262.6389291000014,-0.1836671646876633,2.220687605553866
262.6805452999979,0.234341775607075,2.6596319506571158
262.734547,0.719694926231482,3.2200731498549353
262.7827537999983,0.0002830054968153882,2.2463748391295777
262.82937949999905,6.041220457780917e-05,1.6951419206625034
262.8864109999995,0.0005678493967499779,0.9646770888533388
262.933042800003,0.0006600764081117428,0.2568529136343428
262.9845945999987,-0.00014464105140291604,-0.00029061996960173
263.03442820000055,-0.00014871439164580353,-0.0006409324909920224
263.08180110000103,-0.00024215462551297108,-0.0005554693397689639
263.13039630000276,-0.00018183909569776839,-0.0005824409127441406
263.17848770000273,-0.00018297254431606558,-0.000580821154195317
263.2286965000021,-0.00019408257303531065,-0.000592174813008483
263.2763288999995,-0.00020766291832808174,-0.0005431817942114741
263.3374507999979,-0.0001790974714312646,-0.0005764877071711597
263.37798479999765,-0.00017569028578652755,-0.0005819093813925659
263.43893760000356,-0.0001562869113237912,-0.0005799364797282958
263.4841187999991,-0.00011146330294875164,-0.0003361709889131625
263.5360639999999,-0.00041365147307526555,-7.755522926096745e-05
263.58489700000064,-0.0003872253889098234,3.989736629964901e-06
263.63742679999996,-0.0004347944085666019,-6.517202537643033e-05
263.67845970000053,-0.00011949999771954579,-0.000399614976044562
263.73347400000057,-0.00010932415994157561,-0.00040706206849701234
263.77794639999775,-0.0001003297692038063,-0.0004077064546421519
263.83593819999805,-0.00011040652472271206,-0.0003143742183024646
263.8838203999985,-0.00012993160263831643,-0.00039809235774575274
263.92588439999963,-0.00013244594913599218,-0.0003839985277315517
263.98069280000345,-0.00011590282920093207,-0.0004022909834595343
264.02919010000187,-0.0001020118837403578,-0.0005224477158453512
264.08596319999924,-0.00019723319386065794,-0.0002790589891620678
264.12595110000257,-0.00011299121744922977,-0.00042543528016027177
264.18388860000414,-9.693096627581313e-05,-0.0004564781324490962
264.23566479999863,-2.0778320486433195e-05,-0.0004968199417208687
264.2816712999993,-0.00012334832373296146,-0.00046553692287802374
264.3318559000036,-0.00012863267909181506,-0.0004566741726109786
264.3855973000027,-0.0001053770956717001,-0.0005081191731374042
264.4334333000006,-0.00020016422475643177,-8.517740344237922e-05
264.48645150000084,-0.00019836572304775734,-0.0001029213960280644
264.5281413999983,-0.0002443666982546222,-4.9533741286512705e-05
264.5855959000037,-0.0002198911244202462,-5.310316328823624e-05
264.6255502999993,-0.00020023613025465422,-0.00010138198485175272
264.67983280000044,-0.0002437694547555203,-5.2425318752178915e-05
264.73245529999986,-0.00019141205598336778,-8.981048420517312e-05
264.7845890000026,-0.00018356997157928224,-9.470821629173984e-05
264.83516950000194,-0.0004108304970891172,-0.0004128998554633639
264.8840940000009,-0.00039684617112518663,-0.0003868040781013594
264.9352388999978,-0.00036129127876702077,-0.0005011817176377254
264.97859120000066,-0.0004231235789305187,-0.0003810876729736178
265.02822910000395,-0.0004183318194079994,-0.00034845419882905597
265.0824955999997,-0.00041714307821362663,-0.0003611653783158449
265.136668799998,-0.0004155909411225454,-0.0003294557676452082
265.18434929999785,-0.00029242958437018335,1.6090368148994556e-05
265.2341213000036,-0.0003946611883526896,5.240611766076701e-06
265.28469549999863,-0.0003155756886923116,2.107270145117723e-05
265.3360481999989,-0.00040103975784197066,-0.00010066904687642964
265.38560710000456,-0.0004269613286041384,-5.534547735668967e-05
265.43255150000186,-0.0004352488407862354,-5.3484255246921e-05
265.4839323999986,-0.0004185113543726726,-3.170056102136508e-05
265.52895590000116,-0.00040756163822218465,-5.116092776027139e-05
265.58158990000084,-0.00043086595642522277,-5.456703862168934e-05
265.6297873000003,-0.0004087727325525661,-5.2635179326930475e-05
265.689028599998,-0.0004135814329238089,-4.235943134038299e-05
265.73272449999786,-0.0004068809754016313,-2.7175886341987242e-05
265.7785717000006,-0.00035748214362636894,-1.8956637681827928e-05
265.82604790000187,-0.0003823769238137355,-2.2248575249509703e-05
265.8832132000025,-0.0003999197330634893,-2.0339790386005525e-05
265.9344648999977,-0.00034431872091337834,1.0724717913755724e-05
265.9807263000039,-0.00032354779726561327,1.4136295423141201e-05
266.03598330000386,-0.00038211232844589645,8.04743264915729e-05
266.07634430000326,-0.000316703724940058,-0.0006241069926646843
266.1326248999976,-0.00034150568906147116,-0.0004653856848337129
266.1865137999994,-0.00015490044455461854,-0.000551653459534931
266.2378783000022,-0.00013358367789719595,-0.0005347631295127409
266.2786578000014,-0.0004412663399130201,-0.00035810286096501023
266.3338853000023,-0.000428547102699513,-0.00027875900690011964
266.38584690000425,-0.0004500143566296251,-0.0002854121139431965
266.4276725000018,-0.00044926980633043056,-0.00024604338673087913
266.48269840000285,-0.0004071819892821203,-0.00021258887352738646
266.53040680000413,-0.00045982147839989274,-0.0002474563440382877
266.5841187000042,-0.0004295524039584213,-0.00025360570745677096
266.6389980000022,-0.00023189146327622009,-2.793631228572898e-05
266.6795818000028,-0.000205915476942044,-5.334108079684737e-05
266.7354908999987,6.315333171974821e-05,7.50259444793489e-05
266.78809600000386,-0.000294159896263953,3.492056741552925e-05
266.8357474000004,-0.0003233730003830891,2.1342627043124973e-05
266.8794382999986,-0.00032755609406565105,-6.628532478464767e-06
266.93006089999835,-0.0002778709287557614,1.4476898968509427e-05
266.98575690000143,-0.00034383211087777785,1.5770332151291348e-05
267.0343106,-0.0003762032020132678,-0.000112432498067011
267.08554330000334,-0.0003305122918466699,-0.0004733553030442492
267.13346889999957,-0.00027747197562411893,9.64476845056506e-06
267.1801697999981,-0.0004109605507458504,-0.00036839103794205014
267.23514779999823,-0.0004035496625815785,-0.0004034214478920183
267.2873010999974,-0.0003963481011843387,-0.00039334390082883323
267.3337477000023,-0.0004002132788733719,-0.00038653624763244454
267.3872482000006,-0.0003934516821685895,-0.00035772674857898184
267.426635900003,-0.00040615331755098814,-0.0003730466398901155
267.4865676000045,-0.0004122936602797287,-0.00037411197277869066
267.5277733999974,-0.00041096707841314597,-0.00039649459875397
267.5768986999974,-0.00044959671123913006,-0.0005058986014997162
267.63416940000025,-0.00011979743979051948,-0.00036556681211071847
267.68769269999757,-0.00012986753690781794,-0.00040511464023425974
267.7358110999994,-0.00012032407843432526,-0.00038430221538366153
267.7849397000027,-7.650342252481441e-05,-0.0004897118601305033
267.82793839999795,-0.00018925564670999647,-0.00013670951135593865
267.8774239999984,-0.0001699094394959717,-0.00015713115377786278
267.94190589999926,-0.0001727555490606668,-0.00014966332342375175
267.9830127000023,-0.0001621394909891425,-1.1988024173359233e-05
268.0314466999989,-0.0001692295551693555,-0.00014758828132934771
268.08919089999836,-0.00018787784084059878,-9.18783952919868e-05
268.13977370000066,-0.0004310491987354378,-0.0002949998619609518
268.18028849999973,-0.00044203425356235807,-0.00028509046705629316
268.2352780000001,-0.00043615619365130326,-0.00029757317561166527
268.2862518999973,-0.00043661861965990103,-0.0002723023891704051
268.3347982999985,-0.0004544503856792886,-0.00026869641311965444
268.3852767999997,-0.0003534030165402493,-0.00042105137953996074
268.4347362000044,-0.00044259611255502483,-0.00021278530981684357
268.4877964999978,-0.0004473132587842236,-0.00023165332914123918
268.533351099999,-0.00029155280164042883,-0.0005463255398301776
268.58673290000297,-0.0002962957943001724,-0.0005061984186489498
268.63717010000255,-0.0003007208271680866,-0.0004976071425136175
268.6864418000041,-9.894722436408174e-05,-0.0003872567583054461
268.7376657999994,-0.00012657158068320052,-0.0003034536343097843
268.7889797000025,-0.00012665049737860132,-0.00034143896003916324
268.83692310000333,-0.00013380191221670068,0.00036500450963946495
268.88441669999884,-0.0004478302399088018,-0.00019639777280020177
268.9376782000036,-0.00044661090585840246,-0.0002127870079251642
268.98965390000376,-0.0004547570897636416,-0.00020838672591972325
269.0390815999999,-0.0002147590091541453,-4.514937188529448e-05
269.07965120000154,-0.0002776373960958842,-0.0005465105170192999
269.1356606000045,-0.0004299547737403603,1.403195870262774e-06
269.1885927999974,-0.0004213644155377793,-4.5967422402205e-05
269.23357920000126,-0.0003673714527313432,-1.3698297518528724e-05
269.27985790000093,-0.0003796700684516501,-1.1906814023643086e-05
269.33650630000193,-0.0001830617816391522,-0.0005708769709406491
269.38781919999747,-0.0003857348250596931,-0.00039936795124255876
269.43796000000293,-0.4261407631301096,0.48108572417948053
269.4777494000009,-0.6420849779929898,0.921362809996343
269.5357124000002,-0.8561877910607354,1.3634543130858194
269.5854465000011,-1.1682494609825467,2.024457616729402
269.6390829000011,-1.634550555325709,2.5520513154656905
269.67721249999886,-2.3637749012039984,2.5390842280033845
269.7370846999984,-2.3761303451536495,2.3750200329177256
269.77751530000387,-2.1953266540338525,2.1924640301416973
269.8373811999991,-2.021100721173992,2.0205942170986257
269.8786803000039,-1.8580441746778888,1.8569816127926269
269.93008360000385,-1.7099966656169805,1.7099829352563887
269.97908019999886,-1.5768768927456336,1.576564020227003
270.0378791000039,-1.45592683512141,1.4556000698801432
270.082751300004,-1.34465040911537,1.3441196091821537
270.133628399999,-1.2414559468638051,1.2412476975984945
270.1886751999991,-0.6030144226150419,1.7154329316769135
270.23645699999906,-0.14707838603356244,2.125811855607272
270.28055300000415,0.33107545287019147,2.6066914358648225
270.33255199999985,0.8712686911979823,3.1678435802717266
270.3792709000045,1.512011712534878,3.9556625437932644
270.43088700000226,2.760595218536054,4.863022635526255
270.4865487999996,3.9452249492676423,5.731567394460407
270.5317262000026,5.224586549445707,6.539206423050612
270.58293270000286,6.419252500597379,7.219122654890205
270.63733859999775,7.560163461575387,7.524055320647297
270.68622609999875,7.568558913618193,7.915834915798976
270.73522120000416,7.560239470053737,8.318975849432672
270.78068619999976,7.564212210627776,8.435754142397956
270.8369867000001,7.581708787214902,8.418327605544533
270.88747839999996,7.599386449609989,8.400618197942128
270.9259191000019,7.615421026341654,8.384576537566256
270.98543240000436,7.629134596011127,8.370864483343901
271.0352430999992,7.641234946257854,8.358755734723083
271.0842474000019,7.651972949841633,8.34801970940951
271.13595319999877,7.661285010303527,8.338733114678732
271.1837891000032,7.668682120999689,8.331310972864687
271.2323647000012,7.67308444623272,8.326908469843836
271.2871656999996,7.676397547622143,8.323596402724357
271.33911459999945,7.678901607629443,8.321094499830226
271.3808349000028,7.679269969079663,8.320722841136224
271.4293093000015,7.677099007693858,8.322894638092173
271.48375990000204,7.6718050232418395,8.328186054344505
271.5352122999975,7.66259691260083,8.337398898239536
271.58205799999996,7.6484000365716405,8.351589366245305
271.63763219999964,7.627031511618796,8.372963379872775
271.68479990000196,7.595324407878693,8.404670401311796
271.73397390000173,7.547532273510814,8.452472758875778
271.7830150000009,7.47183414284841,8.528167668932015
271.8317077000029,7.341100254219922,8.658891102474144
271.8862606000039,6.2556793978882235,7.598138919375221
271.93163300000015,5.356362583312825,6.687886260892693
271.98715300000185,4.6262370451038946,5.7503407947185785
272.03503210000054,3.7299502461675993,4.893580029090634
272.08474240000214,2.8580272104471827,4.009641305416719
272.1345283999981,1.8687594993991936,3.2422288474463654
272.18345509999926,1.062176380915806,2.3246825238255213
272.23484830000234,0.21938026365082808,1.495341668351994
272.2856535000028,-3.999215008602453e-05,0.719281065236134
272.33593900000415,3.6648354129231763e-06,0.16734905935856617
272.38920399999915,-0.00014390515432075485,-2.6300881833553738e-05
272.4327080000003,-4.5744037219283924e-05,-0.0006038003015588441
272.4836040000009,-4.7641569450628734e-05,-0.0004994723709915458
272.53002209999977,-6.753096419848834e-05,-0.0005840750450472346
272.58370060000016,-4.358851093404061e-05,-8.738053660092735e-05
272.63149030000204,-7.297663885970221e-05,-4.306442430994159e-05
272.6864736999996,-0.00011033161326789489,-2.8516034111828955e-05
272.7344424000039,-0.00011189983010761677,-7.197197343662306e-06
272.77963640000235,-0.00015393137569057446,-3.4627021083842153e-06
272.83265969999775,-0.00025116123114650744,-0.0004776696027450904
272.88589240000147,-0.0002454187583880791,-0.00048294711055365354
272.933812700001,-0.00027294129072463747,-0.0004933488044210397
272.98846040000353,-0.0002950765288115977,-0.0004237219800092092
273.0345137999975,-0.00016578128403960435,-5.05553518493256e-06
273.07503810000344,-0.0002726656613386551,-0.00014953259462894834
273.1353194999974,-0.0002515947830020358,-0.00010237472964368157
273.18362720000005,-0.00017049789571306015,7.071134822129503e-06
273.23061659999803,-3.663985412852866e-05,-0.00020479825902386395
273.27745439999853,-0.00018039652318632116,-0.0005996419707013927
273.3293735999978,-0.00017975128874266782,-0.0005923806140465009
273.3763465000011,-0.00017135297625832016,-0.0006174153991138511
273.4263529000018,-0.0001372958216895561,-0.0005947631954564568
273.4833576000019,-0.00011558933317179551,-0.0006094504989743719
273.5298746000044,-0.00026398977696660586,-0.00026336040567818606
273.575376300003,-0.00026114468627578353,-0.00022010632270721457
273.62450700000045,-0.0002715219581620438,-0.00024188257607998947
273.677915500004,-0.0002577683851204553,-0.00020508483232784024
273.7259894000017,-0.00028045597320093546,-0.00024672884872984746
273.7762758000026,-0.0002460442509680332,-0.00017755809239035797
273.8344364000004,-0.00024988971416591097,-0.00013967678734197426
273.8813336000021,-0.00016925718777666894,-4.105303044736207e-05
273.93695709999884,-0.00015409772018430963,-1.986689257551108e-07
273.9882590999987,-0.00015460575908969934,-2.0177657100735634e-06
274.03498689999833,-0.00017072396616430843,-0.0001156841598627396
274.0853769000023,-0.0002473834496810706,-0.00013572871012126406
274.13359409999975,-0.00023614408766774774,-9.262663591700234e-05
274.18659240000125,-0.00019424631458896016,-2.9066230006229323e-05
274.23684579999826,-0.00012847523641070025,-1.0604029149217866e-05
274.2804032999993,-7.103937944570265e-05,-0.0003952549675840306
274.33767929999885,-0.00019818954051252955,-0.00019571702728503446
274.3847754000017,-0.00010301078940965046,-1.0428584296127748e-05
274.4345231000043,-5.1821885982453714e-05,-8.00112209432185e-05
274.48543910000444,-8.093586152953891e-05,-0.00010936971840968481
274.52969190000294,-2.2398607635330403e-05,-0.00018901854264583595
274.5852582000007,-5.5934819398524825e-05,-0.00016503780622140424
274.63957970000047,-7.435443535881708e-05,-6.184335096809551e-05
274.68464099999983,-8.54972689479898e-05,-4.367278169663101e-05
274.73688129999937,-0.00010215418528312944,-2.4791522545997555e-05
274.77710189999925,-0.0001731926039029845,-4.8157339649401574e-05
274.8355692000041,-9.437265444676209e-05,-2.5816575888205868e-05
274.88046770000074,-0.00012586725798858844,-9.320508914675994e-06
274.9316882999992,-5.0372896076613374e-05,-0.00016262199474831248
274.9840295000031,-2.6726221547004288e-05,-8.661590893973936e-05
275.0352243000016,-0.00020850094162328507,-0.0005363717496720472
275.08340110000427,-0.0002000629004685827,-0.0005935708216512027
275.12700100000075,-0.00020807731457872985,-0.0005408889774250324
275.18055679999816,-0.00018963720015994327,-0.0005900351722446009
275.2297764000032,-0.0001696191455293286,-0.0005966741415245181
275.2795400000032,-0.00011203757188115956,-0.0006050074526046409
275.3345094000033,-0.00012994228697506513,-0.0005839061788040228
275.38695110000117,-8.352844584899113e-05,-0.0006214769633543615
275.4303981999983,-0.00018461792330468058,-0.0005979520238467064
275.4844016999996,-0.00012553177892183937,-0.0005998368877505615
275.5340350999977,-0.0002698652929126131,-0.0003608433719498282
275.57859140000073,-0.00027925027272258707,-0.00029834129479138665
275.6334122999979,-0.00028414372206832944,-0.0002691037773064826
275.6864418999976,-0.00031722546074461865,-0.0003337289434473122
275.73534089999885,-0.00020207705850893877,-0.0005830348468363293
275.7864589000019,-0.00018166768592250564,-0.0005719085225410432
275.8301481000017,-0.00015963088491626867,-0.0006078493027820606
275.87824790000013,-0.00013713352454161279,-0.0006208268189771345
275.9305779999995,-0.00012276152268631826,-0.0005902465928922576
275.9844385000033,8.024107778233452e-06,-0.0003805710050436491
276.03164619999734,1.3264105414035748e-05,-0.000376383568035386
276.0877260999987,-7.404842916620767e-06,-0.00028481039192653775
276.1378668000034,1.5197458580487559e-05,-0.000313204063573793
276.18938860000344,5.439343375717672e-06,-0.0002405162126631324
276.237006000003,9.996003269572498e-06,-0.0002158821506783755
276.28834030000144,-0.00020522791114885368,-7.905294275863574e-05
276.3283268000014,-0.00018293071288330337,-4.541588838895278e-05
276.3780205000003,-0.00017948832722344127,-4.535768692308374e-05
276.4371147999991,-0.000180585163711744,-4.779981564455534e-05
276.48859639999864,-5.754668541696246e-05,-7.634542705810457e-05
276.53467990000354,-7.004641675585196e-05,-7.403165356308047e-05
276.5804774999997,-5.634581832785961e-05,-9.171762475066241e-05
276.6328797000024,-5.262784301689878e-05,-8.228620292379752e-05
276.6839889999974,-7.304241629320229e-05,-5.582781206775065e-05
276.732731600001,-6.381866906052609e-05,-3.067183517171971e-05
276.7834866999983,-2.1555164941864044e-05,-0.00019055380395281102
276.831646300001,-3.0018198327069417e-05,-0.0001692394933696182
276.89397910000116,-3.1664435129503614e-06,-0.00010683875333882498
276.9318676000039,-7.636279862340192e-05,-4.412279479008736e-05
276.9823703000002,-7.749709651790363e-05,-5.9818460435068005e-05
277.03217150000273,-0.00017056070138483464,-0.0006141137075381356
277.0861991999991,-0.00012466704846237842,-0.0005855401459989119
277.131000100002,-0.00013450714906340012,-0.0005934056025183824
277.1861738000007,-0.0001079037855512478,-0.0006140696976424077
277.2372346999982,1.0915598519521892e-05,-0.0005408546624352937
277.28516939999827,-2.1740783751076187e-05,-0.0005131107756694312
277.3374150000018,-6.327451043125797e-05,-0.0005775085295658354
277.38426450000406,-4.0804229195538705e-05,-0.0005430437876497394
277.4321715999977,-3.045885898503304e-05,-0.0005465719626297056
277.48258709999936,-0.0001836901695586299,-0.0005129742928943491
277.53142050000315,-0.00016561919800056916,-0.000588613106662636
277.5865208000032,-0.00011088049229901026,-0.0006113011130252734
277.6331110000028,-0.00011763997864744633,-0.0006047076809138354
277.67631640000036,-7.608495340434726e-05,-0.0005787758144872887
277.73887800000375,-5.527834553991741e-05,-0.000509106706137921
277.78655309999886,-0.00017020586228783986,-5.653089944495869e-05
277.8261429999984,-0.0001640604711196658,-0.0005814328497735377
277.8845364000008,-0.0002583851388907337,-0.0005114076588329752
277.93191269999807,-0.00010874927731673746,-0.0006213240356727313
277.9872278999974,-0.00012727911174471808,-0.0006146849614989404
278.0318208000026,-4.845684746794823e-05,-0.0005160531439129407
278.0764696000042,-0.00020238912585312732,-0.0005378136932921156
278.129757900002,-0.00018437975302118502,-0.0005190569333634598
278.18960530000186,-0.0001702601151178462,-0.0005629567600208615
278.23509470000135,-0.00015975592067024168,-0.0005694716827943754
278.2866550000035,-0.00011365719583833325,-0.000610973734650862
278.3275205000027,-5.979950956086476e-05,-0.000563670636323381
278.387619000001,-0.00010160232996612968,-0.0005972988849870398
278.4316334000032,-3.390353024438122e-05,-0.0005153820743741111
278.4867674999987,-1.1130099691901844e-05,-0.0005696586692540256
278.5354595000026,-8.560481918892525e-05,-0.0006044976744738187
278.58679909999773,-9.650867154884772e-05,-0.0005910389320587618
278.6328102999978,-8.255714543666774e-05,-0.0005744753472938037
278.6843586000032,-8.837750838383561e-05,-4.004231890512334e-06
278.73409399999946,-0.00010323285647993864,-1.3378030511169669e-05
278.7862513,-0.00014400145160756622,-0.0005909907159276737
278.83514419999847,-0.00013814811041803828,-0.0005943637329156314
278.8839453000037,-0.00010052964963268148,-0.000503185020024211
278.9351658000014,-0.00028489007379874933,-0.00046951957621363177
278.98614570000063,-0.00027550978490309874,-0.0003925523440368434
279.0317075999992,-0.0002844746600453523,-0.0004003911423639748
279.08761239999876,-0.0002731678609094737,-0.0002596519881051567
279.1352205000003,-0.00026274694642256885,-0.00028041908823363265
279.1837581,-0.0002457134622493939,-0.00017142870893400644
279.2373915999997,-0.0002434766634087966,-0.0002127376928897755
279.2807821000024,-0.00024027469338078078,-0.00014450042825090402
279.32729900000413,-0.0002824950066818888,-0.00030225795171240496
279.3860472000015,-0.0002636919542723213,-0.0002874033083248013
279.43188250000094,-0.0002545624578745525,-0.00020878360973997665
279.48575829999754,-0.00021260561506887288,-0.00012985642349207469
279.5275096000041,-0.00021189924552823458,-8.779686564994112e-05
279.5770315000045,-8.338011286420696e-05,-8.317746937888149e-05
279.6340373999992,-6.64652449578535e-05,-8.408153228675175e-05
279.69048950000433,-5.680027062032435e-05,-0.00010523004477246475
279.73526239999774,-1.8007887359078075e-05,-0.00011261276103302365
279.7852544999987,-6.799933846563731e-05,-7.962079977560059e-05
279.8248814000035,-0.0001021961742787433,-4.429248112729077e-06
279.87879350000003,-0.0002779381654664051,-0.00044004639239778634
279.9279822000026,-0.0002712047134371088,-0.000474386824595762
279.97832510000444,-0.00025419642053522415,-0.00046806207857993194
280.02971049999906,-0.00026855130390612017,-0.0004943333643102159
280.08117579999816,-0.0002460739355839098,-0.00040865364167651615
280.1354253000027,-0.00028045260660504445,-0.000410447163452061
280.1848067000028,-0.0001983798036066984,-0.0006015349057934101
280.23666740000044,-0.00018205221357111756,-0.0004972769538323583
280.2867741000009,-0.00019333221623639207,-0.000545803527852781
280.332484999999,-0.0001720872807366548,-0.0005443831969720886
280.3787336000023,-0.00017042964328712685,-0.000628243260848921
280.4333994999979,-0.00011448038339534274,-0.0006141757219595118
280.4775202000019,1.9918573412898542e-05,-0.0003735816789091092
280.5368068000025,2.5082727095360867e-05,-0.0004072778219739028
280.5843289999975,9.384922616825988e-06,-0.0003596968265856196
280.6300536999988,2.0202043593560757e-06,-0.00033063992662719254
280.6858416000032,5.844477555255592e-05,-0.0008627826219943703
280.73857339999813,-0.00014112282640269108,-0.0005568358362585447
280.78603049999947,-0.00023721095345790523,-0.0001917086695837161
280.83439380000345,-0.0002525378027532136,-0.00017607780431490552
280.88409440000396,-0.00028460761254436265,-0.00027052811962279926
280.93923150000046,-0.0002435405130454857,-0.0001441596995389919
280.9779172999988,-0.5274795841173316,0.43449901396091895
281.03666969999904,-0.7643122011379371,1.0369396937467807
281.08663869999873,-0.9006149876952289,1.570727256109149
281.1333197999993,-1.296738661037703,2.120559484066388
281.18420100000367,-1.8301171871474728,2.652321734576104
281.23127390000445,-2.5375361051860676,3.0956663646964806
281.2801230000041,-3.372478288748137,3.4395453344142175
281.3376371999984,-3.6001191606058907,3.598857596445858
281.3797038999983,-3.6004067715120054,3.5986338688165267
281.4362670999981,-3.6000681239947783,3.585767309486413
281.4862095999997,-3.600249728988968,3.5999296966667984
281.5332922000016,-3.600012679544439,3.6000062846731278
281.5829933999994,-3.6000291715030666,3.600375751980498
281.63434360000247,-3.5997929961033073,3.6000369528334057
281.6866502999983,-3.600014634896708,3.6000735127507184
281.7356493000043,-3.3333362007202814,3.3332774596484627
281.7832161999977,-3.0746806501285335,3.0745756819518144
281.83473329999833,-2.8374325083692677,2.8373674285003347
281.8884498000043,-2.618943591265111,2.6187419001291325
281.9318088,-2.4178862651510014,2.417751772678639
281.97805900000094,-2.23379195870947,2.2335364756124747
282.0396776999987,-2.063497686078998,2.063464454644326
282.0857337999987,-1.9072462906519798,1.907102129276741
282.1337518,-1.7623839326201423,1.7623647542096739
282.18107350000355,-1.6285299453639235,1.6281128178658715
282.23483970000234,-1.5049030826241827,1.5046122154711485
282.28316079999786,-1.3907020075202627,1.3903285170621558
282.3262676000013,-1.2861501250062084,1.1763961772379297
282.38484869999957,-0.5573777417873879,2.0573307820665714
282.4339708000043,-0.02543172765820082,2.3710429151777834
282.48403540000436,0.44505234934066584,2.925893462172538
282.52786970000307,0.9870420931779981,3.3746046614438905
282.5843397999997,1.6029109274495297,4.140589522552874
282.6371664000035,2.6880520200798235,4.986719469434338
282.6807362000036,3.882700315842435,5.84447385014893
282.734755999998,5.164450676889746,6.5750061186322055
282.7844641999982,6.405616155378091,7.214412406043749
282.8361387000041,7.510335396981703,7.873376663654953
282.8787233000039,7.563210607935708,8.352676730461424
282.93477330000314,7.508703834459969,8.491344644414662
282.9861447000003,7.51292854211619,8.4867844605898
283.03691889999754,7.51568284083752,8.48393824203349
283.0842241999999,7.514866099597195,8.484744724694377
283.13617140000133,7.510379783595177,8.489363499459381
283.18385529999796,7.50149791239254,8.4982147985654
283.2285563999976,7.486699848011965,8.512857978801517
283.2893139000007,7.463693564365168,8.535990903996492
283.335396399998,7.429842833397789,8.569840192267607
283.3870360000001,7.38008848647396,8.619736830042113
283.4361369000035,7.304844314821323,8.694924985357089
283.48705619999964,7.186332967044474,8.813346771109718
283.5343006999974,6.984176153534488,9.01556989907352
283.58575120000023,6.059633573411465,8.082884858836746
283.6344523000007,4.959247426370787,7.208200340015971
283.68600210000295,4.091025599944338,6.324405835511285
283.7291473000005,3.2863136701538207,5.396385150227206
283.7853039000038,2.5672699949186564,4.364197966611131
283.83288999999786,1.6636544138077283,3.420703968497509
283.88418600000296,0.8045935768821646,2.579403333038972
283.9295901000005,0.08821254956306408,1.6225390125621666
283.9781820999997,0.00031909425202190456,0.9134724266949374
284.03391510000074,-0.4601937855773319,1.3456295667825793
284.0855656999993,-0.6857882734030342,1.7771196303746994
284.1384890000045,-0.9674092150964977,2.540733717239843
284.18485430000146,-1.6693074055098547,3.058801730515298
284.23575130000245,-2.40088783512666,3.5020765881166622
284.2769486000034,-3.2921036172336398,3.5999922829433975
284.33374940000067,-3.6800174339527407,3.6000002971434695
284.3822052000032,-3.6606885067816295,3.5999015458611487
284.4253671000042,-3.599987700023307,3.599267326816018
284.4858591000011,-3.6000678382379983,3.599649625421455
284.5290636999998,-3.600015132739011,3.5998943030441373
284.5837901999985,-3.599884893510755,3.599976782988166
284.6328211,-3.6000269219588414,3.599860501392788
284.68542490000254,-3.6003986775244474,3.6000644953812464
284.7296356000006,-3.5999890075323973,3.5998152858172463
284.7829505000045,-3.6000680221631356,3.5999298240401605
284.8288707000029,-3.6000303915916017,3.599556166602971
284.8784276000006,-3.5112997520085822,3.51114322692689
284.93305500000133,-3.2665038267189552,3.266385566116497
284.98229770000034,-3.0386541384941363,3.0388422273925464
285.0262770000045,-2.829234558559262,2.8293638178254703
285.0789345000012,-2.6383525795201965,2.638129563929286
285.13028119999944,-2.463378809213459,2.4633643321479974
285.17793460000394,-2.3011866679486213,2.300286994201754
285.2278759000037,-2.150990625636333,2.15110662968172
285.2879286000025,-2.012408548719299,2.0120090359092635
285.3370403000008,-1.8832179237758042,1.882962053533784
285.38606869999785,-1.764011306314928,1.7633856845516287
285.42936519999785,-1.6511791005979624,1.6507971985142378
285.47735909999756,-1.5460041890947072,1.5454129103775704
285.5272560000012,-1.4465887427176407,1.4460566951369593
285.5873442000011,-1.3535343651428162,1.3531523614698138
285.63690840000345,-1.2664815295772203,1.2663394905012582
285.6815265999976,-0.6462957266040286,2.039870332038286
285.73267009999836,-0.13679468557200858,2.5761178109252434
285.78405909999856,0.28870433270018087,3.044202334360824
285.8395443000045,0.8760362002354833,3.600356817842703
285.8829210999975,1.4503684551637406,4.35337736019636
285.9347237999973,2.7384699969068214,5.046905205494387
285.9775434999974,3.9451982419464806,5.91092721523595
286.0335602999985,5.239401025707626,6.647494919964181
286.0787909999999,4.127885114511575,5.713399826724421
286.1277353999976,3.3710009475980494,4.694384280034885
286.17695800000365,2.6975982112717145,3.657703998924862
286.22675660000095,1.8084101589449293,2.512695822118767
286.2825499000028,0.924841377185046,1.5656614430645803
286.3314432000043,0.06301307878381623,0.6256658253412641
286.38270210000337,-0.0002097128507296891,0.0002147008040578469
286.43531030000304,-0.0004538652141236307,4.1273649131794516e-05
286.4885600999987,-0.0004953776749703898,-9.48898933873263e-06
286.53265880000254,-0.0005217766610731817,-2.8748970615248432e-05
286.5842386000004,-0.0005312809203195079,-3.5565651623802655e-05
286.6284130999993,-0.0005346401760375613,-3.794579078734294e-05
286.6881355000005,-0.0005359265582438785,-3.873791940559807e-05
286.73740579999867,-0.0005369442948943934,-3.8888169451336634e-05
286.78494930000306,-0.0005369674030764281,-3.893003385217154e-05
286.8307877999978,-0.0005369435059255032,-3.8911199018478835e-05
286.8785743999979,-0.0005368962216989688,-3.886854789140422e-05
286.9319500999991,-0.0005368398824268321,-3.88169449472642e-05
286.98275920000015,-0.00053678023945849,-3.8761978971049134e-05
287.02523620000284,-0.0005367194634464889,-3.870570126633046e-05
287.0864775000009,-0.0005366583533961352,-3.864885673724658e-05
287.1291992000042,-0.0005365972033833039,-3.859171427981404e-05
287.17632980000053,-0.0005365361234366475,-3.853437049453821e-05
287.2313275999986,-0.0005364751576375714,-3.847686005368415e-05
287.28568590000214,-0.0005364143254926942,-3.841919582473672e-05
287.32773779999843,-0.0005363536376879124,-3.8361382381814784e-05
287.3854894000033,-0.0005362931021002583,-3.8303421623399716e-05
287.4332760000034,-0.0005362327243585628,-3.824531398247848e-05
287.47672299999977,-0.0005361725100361456,-3.818706021400275e-05
287.5368127000038,-0.0005361124642899922,-3.8128660906390716e-05
287.58420340000157,-0.0005360525915554439,-3.8070116215073595e-05
287.62802139999985,-0.000535992896473233,-3.801142649532279e-05
287.6860625000045,-0.0005359333831844911,-3.795259244657878e-05
287.73433430000296,-0.0005358740557026748,-3.7893614413010694e-05
287.7831176000036,-0.0005358149174972308,-3.783449287201445e-05
287.83212320000166,-0.0005357559725649619,-3.777522863405286e-05
287.87648230000195,-0.0005356972240089417,-3.771582197668166e-05
287.92862640000385,-0.0005356386747490567,-3.76562736104436e-05
287.98870429999806,-0.0005355803279938513,-3.7596584201472494e-05
288.0292292000013,-0.0005355221863245941,-3.7536754338186534e-05
288.08561790000385,-0.0005354642523170026,-3.747678469782178e-05
288.1274257999976,-0.0005354065282692385,-3.741667584659198e-05
288.176538300002,-0.0005353490165849344,-3.7356428661573285e-05
288.2350637999989,-0.000535291719218083,-3.729604385330848e-05
288.2828204000034,-0.00053523463793949,-3.723552195470459e-05
288.3342997,-0.0005351777747198014,-3.717486397606456e-05
288.37904269999854,-0.0005351211309690001,-3.711407030596647e-05
288.43723650000175,-0.0005350647082747053,-3.7053141932508795e-05
288.48559730000125,-0.0005350085080746558,-3.699207973276774e-05
288.52577120000205,-0.0005349525314291145,-3.6930884173036965e-05
288.58272840000427,-0.0005348967793150778,-3.6869556163699346e-05
288.6279155000011,-0.0005348412529704441,-3.6808096604035546e-05
288.68710020000435,-0.000534785953039143,-3.674650610466822e-05
288.7345693000025,-0.0005347308803760463,-3.668478533173118e-05
288.7852705999976,-0.0005346760357971676,-3.6622935539776456e-05
288.8349359999993,-0.0005346214196744319,-3.656095692864418e-05
288.8841068000038,-0.0005345670325018883,-3.6498850708477446e-05
288.9349099000028,-0.000534512874768035,-3.643661754541009e-05
288.98763840000174,-0.0005344589467004676,-3.6374258238802664e-05
289.03520160000335,-0.0005344052485878443,-3.6311773454789004e-05
289.0875237,-0.0005343517803413471,-3.624916402603637e-05
289.1281119999985,-0.0005342985424772297,-3.6186430962847706e-05
289.184906100003,-0.000534245534651323,-3.612357457608547e-05
289.22993520000455,-0.000534192757052365,-3.606059619801729e-05
289.28000379999867,-0.000534140209313982,-3.599749613950561e-05
289.3254747000028,-0.0005340878914250715,-3.593427533313777e-05
289.3861997999993,-0.0005340358031413851,-3.587093453386543e-05
289.4294310000041,-0.0005339839440854463,-3.580747452994693e-05
289.4811186000006,-0.0005339323141850911,-3.57438960985384e-05
289.53568760000053,-0.0005338809127186744,-3.5680199816955805e-05
289.5773082000014,-0.0005338297395307647,-3.561638654007087e-05
289.6293114,-0.0005337787938719618,-3.555245684519958e-05
289.6859725000031,-0.0005337280755146698,-3.548841185366718e-05
289.72644079999736,-0.0005336775838260616,-3.54242518319272e-05
289.7892157000024,-0.0005336273182343725,-3.5359977879100426e-05
289.8355539999975,-0.000533577278001304,-3.5295590239435933e-05
289.88179089999903,-0.000533527462738278,-3.523109012307682e-05
289.936311700003,-0.0005334778715682185,-3.5166477729863225e-05
289.9852145000041,-0.0005334285034974758,-3.510175399238249e-05
290.03329849999864,-0.0005333793585538054,-3.50369196766885e-05
290.08492220000335,-0.0005333304353716331,-3.497197536009723e-05
290.1357796000011,-0.0005332817331738027,-3.4906921408982276e-05
290.18378569999913,-0.0005332332515051229,-3.48417589446689e-05
290.234008600004,-0.0005331849894052506,-3.477648831132623e-05
290.28563340000255,-0.0005331369459693541,-3.4711110219497016e-05
290.3355608999991,-0.000533089120403624,-3.464562537972398e-05
290.3835024,-0.0005330415116422461,-3.45800340806651e-05
290.4282232999976,-0.0005329941191467623,-3.45143373881345e-05
290.48648230000254,-0.0005329469416959273,-3.444853557968794e-05
290.5330077000035,-0.0005328999785403405,-3.4382629354765904e-05
290.5818900000013,-0.0005328532287418635,-3.431661923517322e-05
290.62726549999934,-0.0005328066912069264,-3.4250505864839254e-05
290.67908290000196,-0.000532760365330458,-3.418428984328443e-05
290.7334766999993,-0.0005327142497801905,-3.4117971547984565e-05
290.78023250000115,-0.0005326683438344787,-3.405155165617573e-05
290.83534070000314,-0.0005326226461666066,-3.3985030745173884e-05
290.8812650000036,-0.0005325771562381157,-3.3918409281272694e-05
290.93892870000127,-0.0005325318727333917,-3.385168784178813e-05
290.98618140000326,-0.0005324867948364207,-3.3784866859707185e-05
291.0289679999987,-0.0005324419215702066,-3.371794700116367e-05
291.0841872000019,-0.0005323972518855884,-3.3650928621428944e-05
291.12889949999953,-0.000532352784700099,-3.35838122312056e-05
291.182659099999,-0.0005323085189479239,-3.35165982523784e-05
291.2340586999999,-0.0005322644537575382,-3.3449287339978916e-05
291.2855337000001,-0.0005322205880464746,-3.338187979376737e-05
291.33571089999896,-0.0005321769208488387,-3.3314376146650814e-05
291.3841814999978,-0.0005321334509933455,-3.3246776753900613e-05
291.43808340000396,-0.0005320901778749235,-3.3179082381570656e-05
291.4818205999982,-0.000532047100072487,-3.3111293085172094e-05
291.5303399999975,-0.0005320042165091198,-3.304340944202089e-05
291.5853621999995,-0.0005319615266519149,-3.29754319406152e-05
291.63738580000063,-0.0005319190288244353,-3.29073606919773e-05
291.6790295000028,-0.0005318767226658587,-3.283919669530792e-05
291.7349828000006,-0.0005318346066607308,-3.277093975076692e-05
291.78551300000254,-0.000531792680120713,-3.270259069102157e-05
291.8377699999983,-0.0005317509418578669,-3.263414969370756e-05
291.8779608000041,-0.0005317093909174007,-3.2565616869847166e-05
291.9336772000024,-0.0005316680262335002,-3.249699299659653e-05
291.9789579999997,-0.0005316268469013335,-3.242827846253371e-05
292.04177619999973,-0.0005315858517829222,-3.2359473323169836e-05
292.08421510000335,-0.0005315450400733547,-3.2290578122514214e-05
292.13564629999746,-0.0005315044107068167,-3.222159309371366e-05
292.1836273000008,-0.0005314639626119431,-3.215251855873287e-05
292.2311639000036,-0.0005314236949116576,-3.20833551281945e-05
292.2821447000024,-0.0005313836065401461,-3.201410279099631e-05
292.3353433000011,-0.0005313436966813947,-3.194476204673868e-05
292.38284840000415,-0.0005313039642029761,-3.187533318407958e-05
292.4311447,-0.0005312644080224226,-3.180581624742792e-05
292.48597750000044,-0.0005312250275235605,-3.173621201393986e-05
292.5338507999986,-0.0005311858214629402,-3.16665204281042e-05
292.58414769999945,0.4952303612304569,-0.5419594117427987
292.62895489999937,0.9252472173160599,-0.6589738763515867
292.6849524999998,1.3300607663613389,-0.4564763661302524
292.72860120000405,1.8178121320740455,-0.6865170842420985
292.78776279999875,2.297263540953544,-1.0532918438321173
292.8369610000009,2.7416837836567827,-1.9834100351383386
292.8904707000038,3.0951776089891516,-2.8200967289149546
292.9321285000042,3.4501827527224496,-3.5878063185230906
292.978689100004,3.3376979886225295,-3.4432349410277716
293.02828350000345,3.075611576895067,-3.168450773100537
293.07941940000455,2.8261065310254643,-2.8269429348022865
293.13986780000414,2.5991481302583503,-2.59972034400567
293.18590589999803,2.3941102271462245,-2.3947749390807953
293.23504980000143,2.205805764022318,-2.2063174422085705
293.2800694000034,2.032841370215693,-2.0330449686960756
293.33573199999955,1.8743127363075087,-1.8743219239233886
293.3832238000032,1.7283045022142134,-1.7283105816734066
293.42729540000437,1.5941595055500062,-1.594789912020492
293.4842867000043,1.4707474654283967,-1.4709923956775641
293.53050390000135,1.3573422876859218,-1.3579571168717322
293.58569259999786,1.2526948390246393,-1.2532937510317683
293.6272734000013,1.7941463792401713,-0.42612395876203857
293.6887762000042,2.34027125385122,-0.06318183442163246
293.72829849999835,2.723453491321888,0.3016408143969205
293.7822942999992,3.2230688407080796,1.0593505080926444
293.8255016000039,4.054213243364583,1.758431561028081
293.88532880000275,4.985402223986472,2.6572301794326774
293.9340282999983,5.896885568610437,3.7932837973053837
293.9794750000001,6.7303133472440875,5.068978330511433
294.0336057000022,7.4416780877592,6.296760371053877
294.08669109999755,8.074204008834956,7.412071072456986
294.12925379999797,8.313336467204708,7.686704116757711
294.1882345999984,8.296057046469137,7.703545670657512
294.2343073000011,8.282111556111355,7.717796617054527
294.28802859999996,8.266021245019015,7.733956547160427
294.3359909999999,8.248816734150255,7.7509547217803005
294.3836042000039,8.23263956164386,7.766835619236587
294.4355232000016,8.219433951001342,7.780486123996663
294.47850409999955,8.207365120915089,7.792429518542907
294.53356930000155,8.195921651878585,7.803590038653134
294.5793193999998,8.185236308355424,7.814286633279356
294.6282074999981,8.175093819795245,7.8244131637909105
294.6774433000028,8.166272129021637,7.833609511540644
294.7368315999993,8.15755853346968,7.842039622558012
294.78303569999844,8.150007587558228,7.849659000210533
294.836035100001,8.142839891721453,7.856812332991556
294.8866557000001,8.136246355210224,7.863266504462355
294.9346328000029,8.130011344381069,7.86954806149095
294.9866680999985,8.124667000096974,7.875158926461019
295.0354223000031,8.119909331305951,7.8798743023362565
295.08554110000114,8.115361230859465,7.884228151086499
295.1313842000018,8.111888231212301,7.888085572326077
295.1847213000001,8.108347701633269,7.891551232317063
295.2325081000017,8.105152999643833,7.894559952584916
295.28200610000204,8.102486438732418,7.897014249834095
295.33070489999955,8.100552375285812,7.899163034623582
295.3902623000031,8.0988788629258,7.900893857948911
295.43478160000086,8.09791213511412,7.90173427428685
295.48690409999836,8.097322455040425,7.902475018163963
295.53473150000355,8.097642362875302,7.9022384415811455
295.5751025999998,8.098894259716833,7.900868942682274
295.63543980000395,8.101223888649043,7.898556637150374
295.68021930000396,8.104845604548627,7.894820516637122
295.727074800001,8.110509186884377,7.889009460675725
295.784141199998,8.118508305025001,7.8812343505287625
295.82979129999876,8.131074133355323,7.868592108750115
295.88562710000406,8.150392700904646,7.84939986839109
295.93451610000193,8.182052444101801,7.817725340797659
295.97865230000025,7.218194562959545,6.966669456144139
296.03439770000114,6.286557271933221,6.0771362690299355
296.08518580000236,5.368473479318498,5.250742299689822
296.135869800004,4.433735604107173,4.391133072440469
296.1769413000002,3.5209119289600057,3.5545326210748907
296.2324626000045,2.5812250664918635,2.69555291580305
296.2788384000014,1.6761086157065015,1.8430939901168277
296.33676769999875,0.7800296790949975,0.970828179986322
296.37548270000116,-0.0001626991561256002,0.1490093199550325
296.43674889999966,-0.0002721868065161933,-0.0002257851614134478
296.479806000003,-0.0001646768732045963,-0.0003717372409442446
296.5326286999989,-0.00012642215149195738,-0.00044022449467932075
296.5858150999993,-0.00011458876580949741,-0.00046390449588513104
296.63359930000297,-0.00011161985454821351,-0.00046874375785268597
296.68455130000075,-0.00011080729401824015,-0.00047043999846871484
296.73722650000127,-0.00011046848036332995,-0.00047136853167182213
296.785913300002,-0.00011054924127240143,-0.0004708363229086492
296.83290919999854,-0.00011054018708167094,-0.0004708751031321263
296.8851207999978,-0.00011043709322599629,-0.0004712368468324
296.9344465000031,-0.00011040437352127285,-0.00047153079330095564
296.9812594000032,-0.00011041324399229725,-0.00047153414213327836
297.0337914999982,-0.00011037809587454756,-0.00047143924954920973
297.07848640000157,-0.00011037469481733394,-0.0004715048833600962
297.12963429999945,-0.00011030824297330643,-0.0004719305843442834
297.18750340000406,-0.00011050644584964032,-0.0004706699987528117
297.2289916000009,-0.00011049632713266488,-0.0004706912152494269
297.2840786000015,-0.00011036719436152192,-0.00047152435218525944
297.3259978999995,-0.00011044324559350064,-0.00047134076499536393
297.38462860000436,-0.00011040356933122497,-0.00047129243046176595
297.42927220000274,-0.00011053104216351486,-0.0004708146382989857
297.47709240000404,-0.00011046185149920567,-0.00047143013386322585
297.5361006000021,-0.0001104660055429813,-0.0004714350489093738
297.5806165000031,-0.00011039333126527438,-0.00047134631198323296
297.63746920000267,-0.00011041493234175749,-0.0004714171613096389
297.6833939999997,-0.00011060227935743647,-0.00047100067201935933
297.7368725999986,-0.000110454055091242,-0.0004714429332275721
297.7861023000005,-0.00011045955735655205,-0.00047155714049205137
297.8340485000008,-0.0001104801047203625,-0.00047155891365006073
297.8851367000025,-0.00011058400825058676,-0.0004712433297355032
297.9354767000041,-0.00011058559380449715,-0.0004712122501105183
297.9794936000035,-0.00011046498014099575,-0.00047179578674897484
298.035186400004,-0.00011061879170448176,-0.000471080043908976
298.0860029000032,-0.0001104103284800212,-0.0004717619576303017
298.12781379999797,-0.00011037943222779787,-0.000471811549297186
298.1845097000041,-0.00011053611341804226,-0.00047097733841902954
298.23908640000445,-0.00011054866048143056,-0.00047105509386555574
298.2762511000037,-0.0001105009136083086,-0.00047169534886873956
298.3362972000032,-0.00011042498313528828,-0.00047183001283899263
298.3878702000002,-0.00011054898183548504,-0.0004710746066569385
298.43417079999927,-0.00011043195237158748,-0.00047166409737984274
298.48543380000046,-0.00011050125762201501,-0.0004717042235933059
298.5302804000021,-0.0001104197201896534,-0.00047165046299733074
298.583904500003,-0.00011035030100813907,-0.00047226434660794484
298.63606670000445,-0.00011033771454293564,-0.00047227575343759235
298.68643059999886,-0.00011033810336524333,-0.0004723155647043757
298.735944,-0.00011034423609290238,-0.0004723129753090109
298.7856252999991,-0.00011040796853444889,-0.00047170861203846883
298.834088399999,-0.00011033061670950354,-0.0004723509489318683
298.88412880000396,-0.00011041781272657703,-0.00047173800825726133
298.9337541999994,-0.00011048620542918949,-0.00047185144937903574
298.98395439999877,-0.0001104424725119019,-0.0004720113742093594
299.033754600001,-0.00011040385554672071,-0.0004720095802207906
299.08771730000444,-0.00011039734041384308,-0.00047174737849518025
299.1328971000039,-0.00011043891106076789,-0.00047181982729769335
299.1841504999975,-0.00011052779269615297,-0.00047122939488084415
299.2285073000021,-0.0001105199098018157,-0.00047145328063661284
299.2842550999994,-0.00011051327125654665,-0.0004714206950607085
299.3366249000028,-0.00011035262902369717,-0.0004724361819067133
299.37894629999937,-0.00011048756467523855,-0.0004718908403167698
299.4338130000033,-0.0001104462732827111,-0.0004718919088370421
299.4864340999993,-0.00011057023373572467,-0.0004713669663489508
299.53072560000146,-0.00011052112938180827,-0.00047157881564261476
299.5802995999984,-0.00011038897977943605,-0.0004720681977330238
299.6274892000001,-0.00011044198213749416,-0.0004719526055305469
299.6812859999991,-0.00011057935881419529,-0.0004714512872991733
299.7391091000027,-0.00011049893252634346,-0.0004719934951333618
299.7850352000023,-0.00011038500987725129,-0.00047257524147335323
299.83569089999946,-0.00011037406608693287,-0.00047259405335734833
299.8821353000021,-0.00011053945399030555,-0.00047137853891269154
299.936103,-0.00011036063342084229,-0.0004726059415810872
299.982453800003,-0.00011047162633570146,-0.00047204444553281704
300.03348410000035,-0.00011054011173083426,-0.00047166558378944915
300.0831321000005,-0.0001104602713853881,-0.0004720643226993965
300.13508680000086,-0.00011037124632029044,-0.00047222574797115783
300.18625969999994,-0.00011030355790985813,-0.0004726405576702491
300.2325173999998,-0.00011040842602405068,-0.00047206764399818806
300.2819202000028,-0.00011052073337635761,-0.00047147830577551846
300.33257700000104,-0.00011042218702749854,-0.000472272456477665
300.3860138000018,-0.00011051502258895907,-0.00047174462887104076
300.43093580000277,-0.0001103805463143986,-0.00047228931516710956
300.48546689999785,-0.00011050323167626839,-0.0004714669903366548
300.5338096999985,-0.0001105170168048626,-0.00047157289033653563
300.58765819999826,-0.00011047220822579313,-0.00047216973300210556
300.6312278999976,-0.00011052588861925682,-0.0004717399060294785
300.68222960000276,-0.00011049247437011141,-0.0004722210219751744
300.7338260000033,-0.00011035835825190017,-0.00047279774273521367
300.78613819999737,-0.00011057234606825578,-0.0004716846688799017
300.8365829000031,-0.00011044113722446573,-0.00047217468024472113
300.8867850000024,-0.00011055560894545695,-0.00047170943480116014
300.9257097000009,-0.00011043673047172522,-0.0004722670647447715
300.98135639999964,-0.00011051031960651115,-0.000472310220844299
301.0289638000031,-0.00011061187221727631,-0.0004717804240184427
301.0822227000026,-0.0001105480174402547,-0.0004724059435199187
301.13532549999945,-0.0001107067686968397,-0.00047189977716802884
301.18160830000124,-0.00011060392497441252,-0.0004724311585055737
301.2330398999984,-0.00011063696883095242,-0.0004720532821531414
301.27777590000187,-0.00011063740391625354,-0.0004720938930899772
301.33632360000047,-0.0001106654487271716,-0.00047187064304930016
301.3847010000027,-0.00011065131164677637,-0.0004720638971273188
301.43502810000064,-0.00011067787195628372,-0.00047192365571022805
301.4872828000007,-0.00011061100005937486,-0.0004725468722108584
301.53925020000315,-0.00011063066929228395,-0.00047263896196890026
301.58441609999863,-0.00011070310875782116,-0.0004719507246809042
301.63160179999977,-0.0001106953801844843,-0.0004719728405442117
301.6877991000001,-0.00011051273546291496,-0.00047318317055820597
301.7348929,-0.00011067876128933536,-0.0004719794875826869
301.78199719999975,-0.00011067497778249419,-0.0004721982650232959
301.8339567000003,-0.00011067980585377031,-0.00047199174089216506
301.8852773000035,-0.00011054138454602084,-0.0004725722175353088
301.9276516000027,-0.00011060663648320776,-0.0004727266385002135
301.98685660000046,-0.0001105472607788545,-0.0004728394363601552
302.0334912000035,-0.00011053241011371242,-0.0004728241920224185
302.0864862000017,-0.00011068028367155562,-0.00047207304261168875
302.1358375999989,-0.000110622581051096,-0.0004727161775819707
302.1765461000032,-0.0001105425301296488,-0.0004728991383382389
302.2339157000024,-0.00011061488656160601,-0.00047272721479478107
302.28532619999896,-0.00011050669089806631,-0.0004733246349095508
302.32852609999827,-0.00011056737555536561,-0.00047294899721221303
302.3850048000022,-0.0001106291817266577,-0.00047282251416456603
302.42699110000103,-0.00011058240309013774,-0.0004727178680949781
302.4851450999995,-0.00011051849344589427,-0.0004733605646132075
302.5353729999988,-0.00011069819656494648,-0.0004722251243380682
302.57807219999813,-0.00011067932504948504,-0.0004724556033503334
302.6287330999985,-0.00011072061439920211,-0.00047247454162489306
302.6887959000014,-0.00011059058753215075,-0.0004729958684288433
302.7339084999985,-0.00011079066257757106,-0.00047239118683515565
302.78279699999985,-0.00011074972611224236,-0.0004723058166797659
302.83397060000425,-0.00011068244174527538,-0.00047296419558394095
302.88516479999817,-0.0001107583976535052,-0.00047232879469786534
302.9376857000025,-0.00011071316168298016,-0.00047258095108391546
302.98430799999915,-0.00011054297875967082,-0.0004734829893488349
303.0272238000034,-0.00011053915083280642,-0.0004735379635504149
303.08443439999974,-0.000110643982109799,-0.00047301277441656427
303.12954360000003,-0.00011058087703307925,-0.00047355396644109424
303.18271059999825,-0.00011065201037673912,-0.0004729923496866013
303.2309524000011,-0.00011082281243812261,-0.0004724914855808537
303.27633149999747,-0.00011065294870393285,-0.00047326357552977594
303.3294296000022,-0.00011060756907054848,-0.00047369647768695446
303.38912800000253,-0.00011064885276923035,-0.00047301853278673386
303.4292016000036,-0.00011063661348186893,-0.0004730659981975025
303.48166830000264,-0.00011068605156882656,-0.0004731186876961002
303.53917640000145,-0.0001107300118264829,-0.0004724872476847086
303.5814093000008,-0.00011061872545747384,-0.00047324220804421713
303.63907409999956,-0.00011059967538484336,-0.0004732393102275084
303.6853560000018,-0.0001108079053070375,-0.0004726136373348437
303.7291688000041,-0.00011069955757625014,-0.0004731058480972716
303.79116590000194,-0.0001108487402313684,-0.0004726874721855774
303.8367331000045,-0.00011086909306190047,-0.00047266966025725615
303.8865892000031,-0.00011062769247349247,-0.0004737739774283015
303.93618640000204,-0.00011086914752944203,-0.0004726864026869211
303.97799820000364,-0.00011077321860907914,-0.000473306978499883
304.0364405,-0.00011085013796884971,-0.00047273985339605783
304.08365810000396,-0.000110887751936346,-0.00047278952708483145
304.1346982000032,-0.0001108996618982516,-0.000473012280500545
304.18080020000343,-0.00011096979194446636,-0.0004728977176510599
304.2371543000045,-0.00011078846471345813,-0.0004736180565964995
304.27836009999737,-0.00011077143126103178,-0.00047362751383149467
304.33960220000154,-0.00011078622245152642,-0.0004734460743028147
304.38139039999805,-0.0001106936803220113,-0.00047405820668926306
304.4346844000029,0.34966892609230493,-0.28068148816661154
304.4842906999984,0.5829420532304986,-0.5218275614070262
304.5291935999994,0.801215181190783,-0.7305794874118625
304.58432719999837,1.119140449402214,-0.8602332677751157
304.6301189000005,1.568037176450481,-1.0331521264046062
304.6861224000022,2.0069722236449294,-1.6603970424315946
304.73476389999996,2.3929077726844104,-2.390846981067396
304.78549770000245,2.589407032394544,-3.3041618670163313
304.8319722000015,2.8703703884686886,-3.6958923862616846
304.8882136000029,2.612544133601859,-3.6455716584042497
304.932029100004,2.575664374615327,-3.6009968024498793
304.98629410000285,2.7614875955643856,-3.6007023575932813
305.03358070000104,3.1377536471610323,-3.600479984135588
305.0849856999994,3.58310923016701,-3.600379203366166
305.1329093000022,3.5997265953995914,-3.6003066888311683
305.1838032000014,3.599898259109253,-3.6001903852053254
305.2297580000013,3.599872160316202,-3.6000700728945425
305.28718050000316,3.599891308470881,-3.6001752838591052
305.3344436000043,3.5997759984069755,-3.600038743517337
305.3782782999988,3.599923289763427,-3.6001878550820314
305.4372560999982,3.5997694119134547,-3.6002952412412803
305.48673730000155,3.599767533831144,-3.6001579098361747
305.5383959000028,3.5996874203834475,-3.6002987834070734
305.5784874000019,3.3376647238037918,-3.338141341663704
305.6336844000034,3.073912989648046,-3.0744595492404585
305.67925000000105,2.8310264092859785,-2.83142050321192
305.7285324999975,2.608528408506825,-2.6090333199013505
305.78790319999825,2.404412664365886,-2.404746848840474
305.83029550000356,2.2158058889347485,-2.216205383509415
305.87809070000367,2.0434522331748344,-2.0434568086620915
305.9331065000006,1.8856206544964949,-1.884931010538937
305.9868623000002,1.7364400887030644,-1.7369169248017458
306.0372672000012,1.5946595752046673,-1.5951519383125083
306.07714970000234,1.463889486302428,-1.4645563562596964
306.13327550000395,1.343798817286394,-1.3445197620133953
306.1782180000009,1.233708920632152,-1.234334316047889
306.23622839999734,1.8086597924306236,-0.5862351329498486
306.2894903999986,2.2291142743801666,-0.19592497008666998
306.3323085000011,2.709503216138451,0.21821903604043671
306.388609499998,3.341899431861877,0.7239095232792739
306.4306093999985,4.12875591031468,1.361930184415916
306.4865245000037,5.052085865698321,2.291579927900872
306.53372610000224,5.9734053063984645,3.437075157274852
306.5883659000028,6.805130333886414,4.683571236271447
306.62955630000215,7.500873414913672,5.904440867795819
306.684388499998,8.148803302712391,7.078560400191101
306.73637939999753,8.176212125080518,7.823335158546172
306.7813457000011,8.152566634680033,7.846637758518617
306.8293072000015,8.145169274044392,7.85430975793669
306.88469780000014,8.138638934798042,7.860753614618629
306.93168049999804,8.131794008717442,7.86773203055487
306.97986259999743,8.124816748888428,7.874600395643904
307.04032369999913,8.118350882984435,7.881119861946452
307.0790621999986,8.11279599865947,7.886965624209213
307.1401702000003,8.107740770372825,7.891842047790994
307.1862132000024,8.10324941188858,7.896515067325429
307.23595190000196,8.099016751750248,7.900725190961784
307.28468480000447,8.094915804248512,7.9045578711110664
307.33287369999744,8.091547346490325,7.908224652543391
307.38627480000287,8.08830518920221,7.911183841029521
307.4386175000036,8.085767127146397,7.914195929705889
307.4821854000038,8.083276132421934,7.916370836879069
307.5349686000045,8.081347129754965,7.918290894904665
307.580570099999,8.079652993864798,7.919802590379464
307.6356057000012,8.078562650718395,7.921084852603867
307.67827260000195,8.077872754700028,7.921796434760876
307.7320581000022,8.077452665240354,7.921936372969905
307.7805296000006,8.078073834952999,7.92172775667314
307.82801610000024,8.079291226023845,7.920507538059974
307.88773070000025,8.081014050775854,7.9182859749039425
307.93197379999765,8.084137550329443,7.915245016397159
307.9878774000026,8.088857017869142,7.910626672024716
308.03490500000044,8.09618301737803,7.903758419278514
308.08591680000245,8.106541392108339,7.892773328601729
308.13460289999784,8.123359587843533,7.876288687715878
308.18558219999977,8.151530303005337,7.847905094180609
308.2348712000021,7.206273978890678,6.976127577842016
308.2880359999981,6.305210100433513,6.091185794375595
308.3277429000009,5.421888746913704,5.170526765202016
308.38482490000024,4.485136098587434,4.310031837608905
308.4304009000043,3.5666581283404337,3.46007507236172
308.4773544999989,2.6410353587203166,2.6164834725362005
308.53588239999954,1.7272799281447642,1.7611743136678788
308.5836315999986,0.8115335726524225,0.897585291227645
308.63107709999895,-3.246176994989494e-05,0.050935781568342706
308.68819030000304,-0.0005292184882554783,-0.00013163347042390462
308.73542050000106,-0.00047039695850823024,-0.00012300428143830784
308.78511589999835,-0.0004636313376002497,-0.00012426024085255725
308.8394182999982,-0.0004615822196693511,-0.0001251568471195673
308.88323800000217,-0.0004604882006495267,-0.000125523988892107
308.9408084000024,-0.000460007728665104,-0.0001256810572948357
308.98867569999857,-0.00045979875840178764,-0.00012574382486375599
309.0334537000017,-0.0004597080144783008,-0.00012576492025585584
309.0857860000033,-0.00045966867957629844,-0.00012576787949981682
309.1369272000011,-0.0004596516268170936,-0.00012576296598577674
309.182630000003,-0.0004596442275248036,-0.00012575463905774073
309.236018100004,-0.0004596410122634132,-0.000125744831869346
309.2853224999999,-0.0004596396125941438,-0.00012573438255015828
309.3394793999978,-0.0004596390025487961,-0.0001257236537878353
309.38686769999913,-0.00045963873799375156,-0.0001257128034560911
309.43643059999886,-0.0004596386263053153,-0.00012570189964490377
309.4855424999987,-0.0004596385838392846,-0.00012569097177518354
309.5341075000033,-0.0004596385746577402,-0.00012568003276992637
309.58737600000313,-0.00045963858276236837,-0.00012566908830237186
309.6333109999978,-0.00045963860143631964,-0.00012565814060406844
309.6858444000027,-0.00045963862797065,-0.0001256471910516925
309.73799280000094,-0.0004596386608110469,-0.0001256362396341419
309.78369080000266,-0.0004596386995800349,-0.00012562528688432367
309.83022750000237,-0.00045963874401116036,-0.00012561433281334006
309.88674249999895,-0.0004596387937602542,-0.0001256033771214308
309.93755200000305,-0.0004596388491492808,-0.00012559242046362754
309.9834639000037,-0.00045963890991178704,-0.0001255814623070232
310.03786519999994,-0.00045963897610328366,-0.00012557050288476457
310.0838514999996,-0.00045963904790140666,-0.00012555954206362494
310.1358943000014,-0.0004596391251396225,-0.0001255485802432846
310.18339320000086,-0.0004596392078179313,-0.0001255376168464276
310.23745770000096,-0.00045963929589192367,-0.00012552665218391632
310.2875206000026,-0.0004596393895836449,-0.00012551568621134185
310.33585570000287,-0.0004596394886821519,-0.00012550471887319307
310.3864539999995,-0.00045963959332067213,-0.00012549375023608337
310.43599050000194,-0.0004596397033770804,-0.0001254827803333194
310.48821000000316,-0.0004596398191178308,-0.00012547180922041232
310.5307458000025,-0.0004596399400988337,-0.00012546083647547743
310.5843490000043,-0.0004596400667974854,-0.00012544986252039945
310.638686600003,-0.0004596401989140252,-0.00012543888721084937
310.6796029000034,-0.00045964033654837357,-0.0001254279104691116
310.7344587999978,-0.0004596404799003705,-0.00012541693247282177
310.7859950999991,-0.00045964062869246043,-0.00012540595318867327
310.82922820000385,-0.00045964078295794965,-0.0001253949724612348
310.8800631999984,-0.0004596409428300651,-0.00012538399037932425
310.92857370000274,-0.0004596411082310914,-0.0001253730068985327
310.98645199999737,-0.00045964127937197054,-0.00012536202208547352
311.03609020000295,-0.00045964145585302254,-0.000125351036051169
311.07882509999763,-0.00045964163802951865,-0.0001253400484625523
311.1339392000009,-0.00045964182571272107,-0.0001253290595749746
311.18175509999855,-0.0004596420190913675,-0.00012531806934402707
311.23401100000046,-0.000459642218065538,-0.00012530707769199404
311.2847318999993,-0.0004596424227129481,-0.00012529608479651126
311.3333627000029,-0.0004596426328226555,-0.00012528509039112513
311.38499279999814,-0.0004596428486056026,-0.00012527409465347143
311.4312785000002,-0.00045964306997297146,-0.0001252630973948121
311.48528349999833,-0.0004596432970468866,-0.00012525209892600976
311.53530070000124,-0.00045964352971632596,-0.00012524109899171297
311.5868161000035,-0.0004596437680590048,-0.00012523009768073963
311.63488869999856,-0.00045964401190839,-0.0001252190948265563
311.6859517999983,-0.00045964426155313933,-0.00012520809075112767
311.73025040000357,-0.0004596445168711283,-0.00012519708513248896
311.7770961999995,-0.00045964477786235693,-0.00012518607839252506
311.83199089999835,-0.0004596450444935185,-0.00012517506984289763
311.8823784999986,-0.000459645316764613,-0.0001251640600942293
311.9296957999977,-0.0004596455947755607,-0.00012515304883565769
311.9760252999986,-0.00045964587853746354,-0.00012514203618930726
312.0338641999988,-0.00045964616781717484,-0.00012513102215517806
312.0852451000028,-0.00045964646304768155,-0.0001251200067221679
312.1336347000033,-0.0004596467638070988,-0.00012510898983476555
312.18349920000037,-0.00045964707039518717,-0.00012509797143745984
312.2330628999989,-0.00045964738268982177,-0.00012508695164127316
312.2760449999987,-0.000459647700657696,-0.00012507593030187649
312.3310982999974,-0.0004596480244431389,-0.00012506490774123443
312.3856317000027,-0.00045964835385741256,-0.00012505388360407573
312.42830420000246,-0.000459648689144766,-0.00012504285801252487
312.484801300001,-0.0004596490300831546,-0.000125031831022093
312.5328219000003,-0.00045964937692792975,-0.00012502080251065558
312.5851557999995,-0.0004596497295014557,-0.00012500977268915496
312.63615740000387,-0.0004596500877926302,-0.00012499874124672874
312.6758431999988,-0.0004596504518902711,-0.0001249877083610126
312.7376820999998,-0.00045965082187209407,-0.00012497667407641546
312.7882782000015,-0.0004596511977269968,-0.00012496563828191497
312.83119850000367,-0.00045965157922183255,-0.00012495460106632904
312.8802751999974,-0.0004596519666008503,-0.00012494356215210186
312.93412560000434,-0.00045965235977523224,-0.00012493252193891376
312.9847066000002,-0.0004596527588337962,-0.00012492148017141343
313.03383900000335,-0.00045965316368772437,-0.00012491043710495214
313.08366390000447,-0.00045965357442583456,-0.00012489939235095184
313.131859000001,-0.0004596539909704112,-0.00012488834615366164
313.1869250000018,-0.00045965441337696535,-0.00012487729835765026
313.2325017999974,-0.0004596548417232127,-0.0001248662493514958
313.2793987000041,-0.0004596552758648243,-0.00012485519851347337
313.33527080000204,-0.0004596557160238446,-0.0001248441464986145
313.38433700000314,-0.0004596561619005135,-0.00012483309276290993
313.4288263999988,-0.00045965661375018237,-0.00012482203750619988
313.4794708000045,-0.00045965707148403314,-0.0001248109808284043
313.5346495999984,-0.0004596575352352928,-0.00012479992257409205
313.5838436999984,-0.0004596580047597121,-0.00012478886288759208
313.6309709999987,-0.000459658480290438,-0.00012477780168008656
313.6801754000044,-0.00045965896172755046,-0.00012476673888496214
313.73397410000325,-0.0004596594491265605,-0.00012475567467985449
313.7872248999993,-0.00045965994239865034,-0.0001247446085984699
313.830166300002,-0.0004596604417991712,-0.00012473354127363556
313.8861242999992,-0.00045966094697285194,-0.00012472247243889783
313.930180000003,-0.0004596614583082704,-0.00012471140191662114
313.98637939999753,-0.0004596619754279508,-0.000124700329973259
314.0351213000031,-0.00045966249864275556,-0.00012468925634235786
314.08715010000014,-0.000459663027963787,-0.00012467818146800694
314.1282452000014,-0.00045966356305797825,-0.00012466710473958353
314.18627240000205,-0.0004596641042917027,-0.00012465602646795013
314.22855620000337,-0.0004596646515761427,-0.00012464494680853797
314.2790515000015,-0.00045966520467815143,-0.00012463386545048455
314.3303442000033,-0.0004596657639863068,-0.00012462278269355015
314.3848053000038,-0.00045966632936738207,-0.00012461169821577006
314.42657809999946,-0.0004596669008879907,-0.00012460061239462011
314.4778374000016,-0.00045966747830388356,-0.00012458952473049992
314.53577190000215,-0.00045966806173718523,-0.00012457843547876083
314.5837296000027,-0.0004596686513322246,-0.00012456734469491393
314.63085480000154,-0.0004596692469224685,-0.00012455625233455037
314.681276299998,-0.00045966984881877905,-0.00012454515854199908
314.735339400002,-0.00045967045645494266,-0.00012453406299529543
314.7845974000011,-0.00045967107050819535,-0.00012452296588317732
314.832951700002,-0.0004596716904567322,-0.00012451186722784919
314.8790974000003,-0.00045967231667802934,-0.00012450076704041327
314.937067400002,-0.0004596729490277575,-0.00012448966516543836
314.984807599998,-0.00045967358745040556,-0.00012447856150300444
315.0294025999974,-0.0004596742320569959,-0.00012446745661932513
315.0840317999973,-0.0004596748827809151,-0.00012445634983716445
315.1331483000031,-0.00045967553973318544,-0.00012444524166722501
315.18322679999983,-0.0004596762028138869,-0.00012443413179864435
315.2337363999977,-0.00045967687197861053,-0.00012442302016480908
315.2798918999979,-0.00045967754748270763,-0.00012441190708768383
315.3346163000024,-0.00045967822901531576,-0.00012440079233412186
315.37981740000396,-0.0004596589163527354,-0.00012439397761866325
315.42526080000243,-0.00045963098012162914,-0.00012438754710698455
315.4872514000017,-0.0004596036220169584,-0.0001243811074359659
315.53488189999916,-0.00045957646942567184,-0.00012437467040727802
315.58709120000276,-0.0004595494514267225,-0.00012436825223017712
315.6276252000025,-0.00045955194620888126,-0.00012436198001409727
315.68443030000344,-0.0004595526657333212,-0.00012435077856321928
315.73345849999896,-0.0004595534206294668,-0.0001243396364648642
315.7804049999977,-0.0004595541332927285,-0.00012432851940203835
315.8255356000009,-0.00045955481622421765,-0.00012431741208697062
315.88659870000265,-0.00045955548816449884,-0.00012430630896854592
315.93503910000436,-0.00045955615661867985,-0.00012429520682711751
315.98680500000046,-0.00045955682551694984,-0.00012428410488552925
316.03559620000306,-0.0004595574963692126,-0.00012427300201135362
316.0844326000006,-0.0004595581698638059,-0.00012426189828230625
316.12975169999845,-0.00045955884636710373,-0.0001242507936650805
316.1796123000022,-0.0004595595259457194,-0.00012423968778220047
316.2256272000013,-0.0004595602085663461,-0.00012422858075579078
316.2784118999989,-0.00045956089466197083,-0.0001242174725747491
316.33585270000185,-0.00045956158383291337,-0.0001242063630614398
316.3779237999988,-0.0004595622762235027,-0.00012419525265995206
316.4335104999991,-0.00045956297197806775,-0.00012418414092619669
316.47735130000365,-0.000459563671018893,-0.00012417302813772947
316.5339051999981,-0.0004595643733792851,-0.00012416191409471024
316.58423310000217,0.4160104065336521,-0.48555543084642283
316.6366896000036,0.7095575578153344,-0.7582312431117405
316.6852418999988,0.9992456389312004,-0.9814130076260421
316.7351056999978,1.3191002149857352,-1.148853165036441
316.7816471999977,1.6119936934120782,-1.3267836815499066
316.83533570000145,1.5982158138281173,-1.59833504703839
316.87498179999966,1.4793288389949097,-1.4799030520629646
316.9362503000011,1.3580897857346723,-1.6110304777547457
316.9760521999997,1.2441419717273499,-1.4314909308593253
317.02885439999955,1.664910405715954,-0.9241456140423502
317.08651570000075,2.103608681683245,-0.41943698284943676
317.1344018000018,2.4768648442971983,-0.20748451808320947
317.1819854999994,2.877472532136633,0.19682826547758134
317.2341770999992,3.4726891172990095,0.7360038174177442
317.28644709999935,4.217374728404679,1.379874819014598
317.32791250000446,4.933118531074009,2.304154825897254
317.3776708000005,5.864982057347858,3.3380920479917586
317.42766929999925,6.836973919474863,4.546249452004192
317.47959500000434,7.569698567762645,5.857579069895572
317.5252865000002,8.234351601180142,7.071366824749635
317.58068130000174,8.219192043530764,7.780876528262867
317.63420880000194,8.207505249120844,7.792520322780905
317.6875982999991,8.214126262479182,7.785890840557254
317.7344768000039,8.224008306900846,7.77599152257485
317.78355820000434,8.238975414653433,7.760999141912348
317.83302740000363,8.261951282955891,7.737913245383835
317.87693579999905,8.29745880582901,7.702358892785507
317.93017800000234,8.354919275268623,7.645049797609223
317.97722310000245,8.457580289348899,7.542229967609812
318.03315020000446,7.517393124630895,6.47334174252626
318.0764887000041,6.62939851408363,5.678874713673899
318.1304971999998,5.714390973864836,4.891621842361601
318.17710179999995,4.776138547663282,4.0713397615873905
318.2258712999974,3.8443788399186363,3.2175385046860128
318.28922579999926,2.9032869302085085,2.3971132885521733
318.33557210000436,1.961995923883196,1.5617377703522008
318.38023480000265,1.0112443412574823,0.7405180550678809
318.432613500001,1.6535444218725939,0.3372718808447099
318.48369110000203,2.0118877849187755,0.15824951477300006
318.53431970000383,2.410420526297695,-0.0256126703403824
318.58748750000086,2.8590254529986066,-0.2632658788826956
318.6298523000005,3.301127313212409,-0.6436496721146404
318.6784974999973,3.600067445565504,-1.3817412128844038
318.7333734999993,3.598863028788707,-2.474690326236556
318.78588650000165,3.600029107901837,-3.386144601574223
318.8312087000013,3.5998223999092085,-3.6130418213387423
318.8793985000011,3.582181499794639,-3.600279371970863
318.92806220000057,3.5171771363787645,-3.6002088990588605
318.9865929000007,3.584233902702943,-3.5999436484228786
319.0272103000025,3.600028734952544,-3.6003148605566437
319.08511030000227,3.5997389622196683,-3.5999810466473865
319.13408060000074,3.5999256044592807,-3.600057164157257
319.1781755999982,3.600022449296948,-3.600096031423889
319.23512610000034,3.6000279601282186,-3.6000257589111655
319.2779709000024,3.6000518503819263,-3.6003846352290267
319.3340423000045,3.599860415570748,-3.600296463524106
319.3791580000034,3.6001304951089064,-3.600182697829477
319.43769410000095,3.5997216190063237,-3.5999690107358107
319.48615650000283,3.6000557179297195,-3.6002134686262806
319.53119410000363,3.3975595310856477,-3.3977876867748185
319.5852859000006,3.156634796853992,-3.156844176004576
319.6279536000002,2.935429475502957,-2.9355045526375436
319.6770306000035,2.731172429826456,-2.73128916632807
319.73146490000363,2.5436017774094086,-2.54357739667457
319.7861214000004,2.372654354698737,-2.372910245794042
319.8271101999999,2.214550763573497,-2.2146228317043475
319.88238419999834,2.067025716407006,-2.0675562963871164
319.93042000000423,1.9309002111877338,-1.9308654210721354
319.98394969999936,1.8053849963204331,-1.8056763150421258
320.0359604000041,1.687914144779184,-1.6878494070474805
320.0771423000042,1.5780296833233596,-1.5784377280393718
320.13338659999863,1.4760715761417713,-1.4766123070379613
320.1836572000029,1.3812671622280268,-1.3817885618493848
320.23005820000253,1.29343498019449,-1.2927025370057774
320.2789292000016,1.2005411051667962,-1.201374448231482
320.33557080000173,1.8707974054465675,-0.78242372808459
320.38063890000194,2.3397532829180836,-0.37672470823969456
320.4353506999978,2.8213402291422622,0.014494725994674698
320.4835163000025,3.384590950353647,0.4929230873329088
320.53583269999945,4.149967119314682,1.133052968501825
320.5767185000004,5.033548077779102,2.006432922728023
320.6340940000009,5.961969633229111,3.1137855070268814
320.68130770000425,6.856471566318071,4.370330158590257
320.7275953999997,7.625723952859711,5.721003168115905
320.7868544000012,8.290701246649304,6.893948281422813
320.83148220000294,6.915252501376365,5.960588543269599
320.886731300001,5.9036882619432935,5.189771085829752
320.93386830000236,4.892591724813799,4.397532090365214
320.9844940999974,3.8804971455154553,3.629589521926933
321.03480110000237,2.8672783573238414,2.8624615283351935
321.0777478000018,1.8707767191814992,2.0831165760521486
321.1378702000002,0.934893390099554,1.208473939914625
321.18602490000194,0.03977082770928427,0.33105602004146656
321.2290928000002,7.708341964736481e-07,-0.00020143536793048664
321.2826107000001,2.104227906365138e-05,-0.00023442467321803704
321.3304405000017,2.0618059870544017e-05,-0.00022617365952351946
321.3827171000012,2.232963672856673e-05,-0.00023139576841328509
321.42641159999766,2.312538580630962e-05,-0.00023377530926653673
321.4803654999996,2.354246643190209e-05,-0.00023513061611106934
321.52877060000174,2.379535385401648e-05,-0.00023605226990879605
321.58511179999914,2.3971433227320742e-05,-0.00023677070208921042
321.63152550000086,2.4111272156645886e-05,-0.00023739328781662816
321.6804120000015,2.423387225338736e-05,-0.00023797030276356327
321.7350503999987,2.434817311105508e-05,-0.00023852540329577103
321.77919960000145,2.4458396996629542e-05,-0.00023906976851533992
321.8352171000006,2.456654077944729e-05,-0.00023960868991173878
321.8817357000007,2.4673550136378475e-05,-0.00024014467512350888
321.9366558000038,2.4779873186742527e-05,-0.00024067891248896685
321.97945340000297,2.4885722460533048e-05,-0.0002412119659236936
322.03442290000385,2.4991199154578735e-05,-0.0002417441023808154
322.08593040000414,2.509635097516296e-05,-0.0002422754491140953
322.13527199999953,2.5201201714365136e-05,-0.0002428060657980209
322.18150009999954,2.530576209693968e-05,-0.000243335981209573
322.2357054000022,2.5410038129193154e-05,-0.0002438652090378015
322.2784157999995,2.5514032575580894e-05,-0.0002443937551668884
322.3283661000023,2.5617747212459738e-05,-0.0002449216231606497
322.3865128000034,2.572118319446163e-05,-0.00024544881434025067
322.4345708000037,2.5824341409764997e-05,-0.00024597532921639395
322.48641209999914,2.5927222191436736e-05,-0.0002465011684108044
322.5341608000017,2.6029826738517714e-05,-0.000247026331723642
322.58543030000146,2.6132155039905708e-05,-0.0002475508195434847
322.6344601000019,2.623420787275683e-05,-0.0002480746318259236
322.6852237999992,2.6335986014227197e-05,-0.00024859776868198106
322.7314114000037,2.6437489897303796e-05,-0.00024912023000063467
322.78497240000434,2.6538720077098133e-05,-0.0002496420160150313
322.8380814999982,2.6639677241948482e-05,-0.0002501631266141487
322.87771220000286,2.6740361736023983e-05,-0.00025068356203113374
322.9340860000011,2.6840774247662918e-05,-0.0002512033221216573
322.98510220000026,2.6940915243158943e-05,-0.00025172240728539976
323.0314049000008,2.7040785444157026e-05,-0.0002522408171892941
323.0858655999982,2.7140385305848623e-05,-0.0002527585523107363
323.1317162999985,2.723971530562962e-05,-0.00025327561238327296
323.18266230000154,2.7338776176247218e-05,-0.00025379199776217525
323.2356953999988,2.7437568450608465e-05,-0.0002543077082365009
323.2760542000033,2.75360925061892e-05,-0.00025482274423923684
323.3267988000007,2.763434916455445e-05,-0.00025533710554833853
323.38830730000336,2.7732338681055516e-05,-0.000255850792607895
323.43758399999933,2.7830061732928434e-05,-0.0002563638052624753
323.4865828000038,2.7927518886386958e-05,-0.0002568761438562484
323.53192259999923,2.8024710752053747e-05,-0.00025738780820047636
323.5853991999975,2.812163780732471e-05,-0.0002578987987392485
323.63461919999827,2.821830068502695e-05,-0.0002584091153060313
323.6842011999979,2.8314699607205098e-05,-0.0002589187583116073
323.7293798000028,2.8410835573059857e-05,-0.0002594277279558167
323.7842825999978,2.8506708926760375e-05,-0.0002599360240943303
323.8348221999986,2.860232025672484e-05,-0.00026044364709352195
323.88741590000427,2.8697669995940255e-05,-0.00026095059700890263
323.9364074999976,2.8792758732824806e-05,-0.00026145687391818806
323.9780746000033,2.8887587133512307e-05,-0.00026196247801011605
324.0283550000022,2.8982155542171914e-05,-0.00026246740979538925
324.08747399999993,2.907646481367533e-05,-0.00026297166910747426
324.13488209999923,2.917051502573819e-05,-0.0002634752561240067
324.18646560000343,2.926430713315227e-05,-0.00026397817128907575
324.23442680000153,2.935784140237112e-05,-0.0002644804145471703
324.2858957999997,2.9451118555039703e-05,-0.00026498198632017507
324.32909669999935,2.954413920178067e-05,-0.0002654828862972277
324.3827595000039,2.9636903509127485e-05,-0.0002659831153331999
324.43505300000106,2.972941229864518e-05,-0.00026648267346139826
324.4846800000014,2.9821666214263103e-05,-0.00026698156070402727
324.5384219999978,2.991366538920804e-05,-0.0002674797774163584
324.5833266000045,3.0005410667249472e-05,-0.0002679773236761071
324.63433649999934,3.0096902481374372e-05,-0.00026847419970531814
324.6850429000042,3.0188141408898727e-05,-0.00026897040581485383
324.7310895999981,3.027912799383182e-05,-0.0002694659424043946
324.78419759999815,3.0369862613649476e-05,-0.00026996080937402025
324.8318428999992,3.046034600109888e-05,-0.00027045500716782006
324.8839876999991,3.0550578511451414e-05,-0.00027094853593012295
324.93510999999853,3.064056058879628e-05,-0.0002714413960828137
324.98207759999787,3.0730293276743133e-05,-0.00027193358738164335
325.0305842000016,3.0819776497576346e-05,-0.0002724251107703013
325.08622260000266,3.090901101734981e-05,-0.00027291596625988996
325.1264530000044,3.099799744668619e-05,-0.0002734061538837159
325.18864439999743,3.10867361186524e-05,-0.00027389567420799284
325.23378799999773,3.117522782150678e-05,-0.0002743845272438231
325.28368860000046,3.1263472632964946e-05,-0.0002748727134019892
325.3364742999984,3.1351471552227616e-05,-0.0002753602328379222
325.3901235000012,3.143922479023716e-05,-0.00027584708589579153
325.4320215999978,3.152673294651403e-05,-0.00027633327307519725
325.4823742000008,3.1613996642783103e-05,-0.0002768187945759797
325.53138780000154,3.1701016300929126e-05,-0.0002773036506090811
325.5871294000026,3.178779253157478e-05,-0.00027778784136323954
325.63191260000167,3.187432553456019e-05,-0.00027827136724923744
325.6842035000009,3.19606161647571e-05,-0.0002787542286334484
325.72974650000106,3.2046664855152484e-05,-0.0002792364256379969
325.7807052999997,3.213247192771101e-05,-0.00027971795858484786
325.83232439999847,3.221803802636205e-05,-0.00028019882777376116
325.8866074000034,3.230336379503495e-05,-0.0002806790337154396
325.9297437999994,3.23884495667966e-05,-0.0002811585767540522
325.9857622999989,3.2473296018883084e-05,-0.0002816374570339281
326.035890500003,3.255790337333898e-05,-0.0002821156750546676
326.0841247999997,3.264227242952485e-05,-0.0002825932308717818
326.1327661000032,3.272640344279203e-05,-0.0002830701250847911
326.1851028000019,3.281029705706985e-05,-0.00028354635766038896
326.23065789999964,3.2893953827469825e-05,-0.00028402192924250464
326.28433799999766,3.297737415367225e-05,-0.0002844968402530229
326.3336872,3.306055860189086e-05,-0.0002849710907585571
326.38624189999973,3.314350752739702e-05,-0.0002854446813031165
326.43251020000025,3.322622155191563e-05,-0.0002859176120421324
326.4801487000004,3.330870131937604e-05,-0.00028638988354181855
326.52730619999784,3.339094702961842e-05,-0.0002868614961352418
326.577859099998,3.347295939318546e-05,-0.00028733244996673114
326.638431899999,3.355473872093964e-05,-0.00028780274574682934
326.68828239999857,3.363628588995715e-05,-0.0002882723835643542
326.73152400000254,3.371760078921567e-05,-0.0002887413639966217
326.7859521999999,3.379868446232485e-05,-0.0002892096869104052
326.8310979000016,3.387953703140922e-05,-0.00028967735333821195
326.8854616000026,3.39601591626026e-05,-0.00029014436331334864
326.93587149999803,3.404055141101651e-05,-0.00029061071726880236
326.9759103000033,3.4120714143024534e-05,-0.00029107641550433334
327.03380650000327,3.420064791373819e-05,-0.0002915414584640306
327.0798777000018,3.428035308953107e-05,-0.0002920058465475746
327.1336545000013,3.435983025882139e-05,-0.0002924695801324411
327.1857212000032,0.5783656131797635,-0.30800717968418123
327.23107660000096,0.8622011904235084,-0.5501543148650233
327.2841444000005,1.1292922887766845,-0.7578116838445716
327.33202970000275,1.443719216932458,-0.8990803587793328
327.3863031000001,1.6378270037930271,-1.1080242227724595
327.4349497000003,1.532206136163977,-1.470658049670035
327.4787904000041,1.4101414971609687,-1.4107278569379202
327.5371778999979,1.2883723070970954,-1.289382137832711
327.5827542000043,1.647482472304621,-1.044842842058173
327.62539259999903,1.9312444306637535,-0.8256747507063539
327.68060730000434,2.2700726544229384,-0.6239847032918077
327.739035300001,2.702941894103431,-0.28921957349386196
327.78320189999795,3.234362386404235,0.11935254777003003
327.8366584000032,3.885891013084033,0.6162121376659022
327.87993730000017,4.67299308696127,1.2722278397595517
327.92664479999803,5.562231339579186,2.1697123795834217
327.98457269999926,6.492223097490025,3.305515037302978
328.0359172000026,7.327096456430486,4.527079055446449
328.08505600000353,7.861083656107795,5.7015024164752965
328.13507820000086,7.744816582561094,6.501777665925735
328.1809713000039,7.663781834185152,7.1909395088287305
328.23560060000455,7.614667960732469,7.871006409352503
328.277156199998,7.594829407120834,8.404559945900772
328.3363557999983,7.603302239505267,8.39636372132042
328.38353949999873,7.6240937198656855,8.375196762638291
328.43834739999875,7.643725411853387,8.356213473827507
328.4762439999977,7.65906864681728,8.34057680381081
328.5349292000028,7.6708004830701855,8.328928271520322
328.5866676000005,7.681061467592288,8.318499790672027
328.62993840000127,7.691173274055163,8.308339360231185
328.6815506999992,7.700509945400182,8.29934953290666
328.7321948000026,7.708711929409907,8.29088195633164
328.7828692000039,7.714737147961116,8.285260917641544
328.835404999998,7.719505694445908,8.279920634531567
328.88315929999953,7.722887201758244,8.276608817722598
328.9334297000023,7.724637584924556,8.275278055704298
328.9879546000011,7.724435376724955,8.275266045833277
329.02816229999735,7.72155367433092,8.278218088411021
329.07619010000053,7.716162681330999,8.283488172373751
329.1346243000007,7.707409533955195,8.292356068431946
329.1839093000017,7.694132367891891,8.305782377923434
329.2350628999993,7.673407424236399,8.325973609974577
329.282329499998,7.643492554308628,8.356166927041516
329.3353958000007,7.596632209884866,8.403347464153303
329.3784355000025,7.521891975783995,8.477969180845326
329.43583919999946,7.389476921046183,8.61006760363147
329.48556810000446,6.472568986523681,7.699374170938829
329.53122129999974,5.60065344086034,6.820873181671009
329.58126959999936,4.726567991742203,5.914713890729678
329.6334225000028,3.885863116881849,4.991146596878915
329.67914680000104,3.0305218959859928,4.057719308764609
329.7341731999986,2.1618853308985098,3.065632798201582
329.78453609999997,1.3293028648437952,2.139441618650981
329.8369076000017,0.5310351925756632,1.190280118952549
329.89156450000155,0.1755765114144008,1.7462116012890365
329.9361048999999,0.020224659680566363,2.0664067843679823
329.9833819999985,-0.19289028202957567,2.531358057681223
330.034298700004,-0.7611058060893975,3.1275599652875523
330.0897463000001,-1.4251779552883395,3.599632071884183
330.1365300000034,-2.206171132603702,3.5999300762277935
330.18268560000433,-3.089214593837361,3.6000155536793947
330.22973150000325,-3.613109969952307,3.599881399812856
330.28672989999905,-3.6705478425315743,3.549355016625753
330.3359117,-3.600570270482189,3.5720767866870133
330.38599980000436,-3.5999107095013745,3.5991128608231624
330.426346799999,-3.600414250472799,3.5998690946024587
330.487570199999,-3.5999831344792312,3.6002598735840046
330.5375650999995,-3.60007024058221,3.600083805683131
330.58251120000205,-3.600306538461921,3.599952577279173
330.6269422999976,-3.6000158872755854,3.5995663053658826
330.6904202000005,-3.6003444791749954,3.599598865103807
330.73637430000235,-3.5999463919617796,3.5996672391331703
330.78753960000176,-3.6002524123317814,3.599955019228129
330.8286603000015,-3.600448724833507,3.5999282005737205
330.8885674999983,-3.5999963438603753,3.5996480987690447
330.9407893000025,-3.3458695321187064,3.345382680147354
330.97934579999855,-3.1073478731565936,3.106972340307365
331.03616989999864,-2.8905512443251413,2.8901871131202643
331.08268800000224,-2.6913774722465815,2.6909736250524854
331.1357569000029,-2.508585085577391,2.5080914859654393
331.18519350000133,-2.3397065431033193,2.339180950453554
331.23039699999936,-2.183495438404423,2.182286541406806
331.28554319999967,-2.039405447458592,2.039196618636729
331.3293402999989,-1.9054383590325745,1.9051770592593003
331.3900864000025,-1.7809764399718517,1.7806460528650745
331.43604819999746,-1.6655943808351397,1.6654947935721025
331.47691289999784,-1.5576746348405435,1.557047309285346
331.5317978000021,-1.457242759620041,1.4566237620095857
331.5900126999986,-1.3635622173284323,1.3629478025798316
331.63237690000096,-1.2761370816521802,1.2755225373863468
331.6855455000041,-0.8020863677381489,1.7196776317058369
331.73564649999753,-0.36466498063674085,2.1209877220513174
331.7892694999973,0.2966287047278231,2.568957847634685
331.8305141000019,0.8558190654379035,3.190504995225162
331.8805238999994,1.5751127989693459,4.0024718196043985
331.9283056999993,2.5097519443369536,4.893054940311521
331.9890035999997,3.8442447986075092,5.751479907519278
332.0361002999998,5.122552518982953,6.505442697334538
332.0757209000003,6.360852931191725,7.162651563850315
332.1327600000004,5.284864383899198,6.118271243710264
332.18663570000354,4.417739250061088,4.942042962941353
332.23652859999856,3.5752241911514027,4.142703639278392
332.28600639999786,2.7280511277002706,3.173974564247703
332.33598399999755,1.8866461862668105,2.2001622437487742
332.38075879999815,1.0352617544173024,1.247009108037846
332.4360663999978,0.1994018141376179,0.32913844062976666
332.4786643000043,4.894215299704473e-06,-0.00024006794491243498
332.53506310000375,-4.0010528223924676e-08,-0.0007203298982205651
332.5861597999974,6.601536650669324e-07,-0.0005834403398532732
332.6366760000019,-4.838618172802138e-06,-0.0002840902157078759
332.6844978000008,-5.488103849154432e-06,-0.0002936198741813451
332.72694340000453,-4.156983557383371e-06,-0.0002300619991737853
332.7767912999989,-1.6242782674439688e-06,-4.757590015285126e-05
332.8377676000018,-2.425705858402058e-07,-4.3287974138590276e-05
332.8880793999997,7.805330493056311e-07,-2.2122212939310786e-05
332.93069249999826,6.291447363088347e-07,-1.8732393192183862e-05
332.98516850000306,1.6855894013916083e-06,-1.1177126602045685e-05
333.0317714999983,1.4224622368898712e-06,-6.908557503854841e-06
333.0874249999979,1.2651341196890225e-06,-1.2179410635593227e-05
333.13620960000117,8.791498640200681e-07,-1.2653208969493484e-05
333.1858444000027,5.765830479736693e-07,-4.205355869095176e-05
333.22712590000447,6.180412626127855e-07,-3.927306472254744e-05
333.27975239999796,8.431234044267051e-07,-2.843791880871403e-05
333.33445909999864,5.868304842065805e-07,-4.0439168125275964e-06
333.3804795000033,5.849354778325369e-07,-8.729802480908105e-06
333.434330600001,-2.116562525246983e-06,-0.0005209831781993274
333.4855735000019,-3.846487162121494e-06,-0.00064735842357949
333.5341651999988,1.3536688658900663e-06,-0.0006544459039598972
333.58563760000106,-1.8107173094267052e-06,-0.00032563183182165593
333.626425800001,-2.2480324268790336e-07,-1.1045875325531643e-05
333.6871081999998,-4.012401788603723e-06,-0.0004045308629969434
333.7400540000017,-4.897676797459575e-06,-0.0004223136925392319
333.783122300003,-5.2505940373363005e-06,-0.0004103551760177242
333.8292273000043,9.118382715564388e-08,-9.72572005154323e-06
333.88117420000344,1.90660424115481e-06,-9.937903904254098e-05
333.93636929999775,-1.851610287319524e-06,-0.00018739248010011056
333.98628499999904,-1.8841411542087e-06,-0.00014895156024167735
334.0420959999974,-1.4062551456652273e-06,-0.00036938275404018367
334.0858167000042,1.2942266147687012e-07,-3.4730866627118004e-05
334.1321835999988,-5.590732876653103e-07,-0.0006693075539151145
334.1861282000027,2.2941248789563934e-06,-0.0005756925034030443
334.23149820000253,2.434802004460662e-06,-0.00014849260439057536
334.2782786000025,3.921751234873497e-06,-0.00016943963910848967
334.3366793000023,2.154217382257256e-06,-0.00010573943298740736
334.3875696000032,3.042209562045809e-06,-9.927835825661037e-05
334.43129520000366,4.007784548679986e-06,-0.00010118119218037375
334.4837439000039,2.671741161644135e-07,-6.7685664628731e-06
334.53402669999923,-5.229116073484402e-06,3.362208880200744e-05
334.5905667000043,6.457068868487615e-06,-0.0006916326009152133
334.63511629999994,6.96343036566483e-06,-0.0005965379116915474
334.68554679999943,1.1225341278741309e-05,-0.0005996413236634139
334.73642680000194,8.379873950311441e-06,-0.0006125587441300922
334.7843724999984,4.73606643903044e-06,-0.0006319123620717901
334.8344672000021,3.792334313249665e-06,-0.0006085244247737089
334.8835093000016,8.965443165650893e-07,-0.0006578290151622115
334.93361240000377,1.6015078707646427e-06,-0.0006470023819277709
334.9901383000033,5.324627394558815e-06,-0.0006602711583165955
335.0356152000022,4.452207547082807e-06,-0.0005997680969663811
335.08559850000165,-9.877137685530107e-06,-0.0006588029298111451
335.13438920000044,-1.1415790035506477e-05,-0.000679630033408579
335.1892042000036,-1.0201377087524623e-05,-7.850983489994926e-05
335.2383551000021,-1.543725985932183e-05,-0.00012646731244471263
335.2845176999981,-1.1616199957497654e-05,-0.00012798248354441177
335.33575420000125,-7.285267544794271e-06,-7.892610720546423e-05
335.3900113999989,2.229727780191733e-06,-4.273497201671727e-05
335.43671259999974,-1.401084782638616e-05,-0.0006237374020850135
335.4831559000013,-2.038278278384179e-05,-0.000668487152612661
335.5347131000017,2.547563768831133e-05,-0.00039912691738371367
335.58338670000376,2.955566920095832e-05,-0.0004750054862010426
335.6315667000017,3.330862243803015e-05,-0.0004943183371529195
335.67502909999894,2.191835988265333e-05,-0.0004882565412876314
335.7350063999984,1.8742519891662846e-05,-0.00046431113974815925
335.7866232000015,2.4425432887409462e-05,-0.0005292530892553215
335.8350219999993,2.31464983180485e-05,-0.0005835856288896313
335.88486980000016,2.4200561121756477e-05,-0.0005693799636676367
335.9298284000033,3.4946471494411028e-06,-9.225927144482294e-06
335.98322790000384,5.017728577088166e-06,-0.0007289163979651855
336.03420840000035,-5.456839813349735e-06,-0.0006597348047439256
336.08357660000183,-3.881228582972773e-06,-3.0567204767379004e-05
336.13186600000336,-4.6853378954423863e-07,-3.912275405863172e-05
336.1776391000021,-2.566051027221963e-06,-5.117049801666432e-05
336.2311090000003,-3.185963048937934e-07,-3.013082060523951e-05
336.28273289999925,1.0661587612768846e-06,-2.1198761679405596e-05
336.3351449000038,8.654293726103701e-07,-2.074120786234811e-06
336.3768268999993,-6.294669907541858e-06,-7.634574794586353e-06
336.42790909999894,4.5467924181294525e-05,-0.0005892609205040984
336.4806222000043,3.578188048084461e-05,-0.0005711504455620709
336.53643130000273,3.680611203597011e-05,-0.000632386341871646
336.57999720000225,3.809463988705565e-05,-0.0006255474820487174
336.6334671000004,3.3168325608320734e-05,-0.0005675463477973775
336.6869766000018,3.5379963436753703e-05,-0.0006486446594528635
336.7347061000037,-6.162369392553932e-07,-2.460374970427749e-05
336.7877260000023,1.0174058484589227e-06,-5.756462462263819e-06
336.8309292999984,1.8779242161332404e-06,-1.0220608626108493e-05
336.882308799999,-2.8850140054741096e-05,-0.0006020365980422683
336.9365800000014,-2.5654746860249798e-05,-0.0006229842076781653
336.985511400002,-2.8001228669108946e-05,-0.0006327237032105126
337.03339609999966,-2.890671501057237e-05,-0.000694286522897408
337.0835831000004,-3.259228451571653e-05,-0.0006167782401160624
337.13553169999796,-3.3270006927241134e-05,-0.0006266321842767617
337.1838809000037,-2.0733340733177807e-05,-0.0006049770283859408
337.22667779999756,-2.455998676655932e-05,-0.000644285917429967
337.2829662000004,-3.719549601658508e-05,-0.0005970130156033179
337.3339511000013,-3.71737743698815e-05,-0.0006251454146360179
337.38818880000326,-3.116848654730125e-05,-0.0005671959295140965
337.43537600000127,2.5690870952855948e-05,-0.0006877228448629414
337.48592060000374,3.245570679991285e-05,-0.0006633320991174406
337.53623170000355,-6.0237055210577056e-05,-0.0005513680291014742
337.58159270000033,-5.732930418172762e-05,-0.0004867989090949007
337.6301536000028,-1.5226207483745574e-05,-2.0483368745623856e-05
337.6830090000003,-1.719837680049142e-05,-9.772537964423519e-05
337.7343477000031,-4.185174825592171e-05,-0.0001794744067475581
337.7806920000003,-4.4511554708789076e-05,-0.00020008263216263918
337.8262195999996,-4.5487178523859324e-05,-0.00024140142249634623
337.8830414999975,-6.185327823266147e-05,-0.0002231805345534183
337.93191990000196,-6.274237615017366e-05,-0.00019437597100789496
337.98903150000115,-5.457858226481407e-05,-0.0001578115861546259
338.02838180000253,-6.133761544241513e-05,-0.00016244855881602976
338.07813320000423,-5.4268395788309505e-05,-0.00014178212396368168
338.12976830000116,-4.8522313100862945e-05,-9.72097107588644e-05
338.1837959999975,-4.582011392532991e-05,-6.819741344982983e-05
338.2300002999982,-5.1267134271218434e-05,-9.714087179100498e-05
338.28362539999944,-6.867697912588952e-05,-0.0005084444948521115
338.3278475000043,-5.682858502669945e-05,-0.0005211690489403489
338.38355669999873,-5.761639831908018e-05,-0.00041021481975777615
338.4382136999993,-5.3446169623377176e-05,-0.00063022727858792
338.4851961000022,-4.6927552765961645e-05,-0.0006374426031147066
338.5391027000005,-4.768976406004319e-05,-0.0006372488931222145
338.58553499999834,-4.997745151063151e-05,-0.0006177736041850134
338.6286188000013,-4.861537167282243e-05,-0.000610439590688465
338.68487930000265,-3.655141301853751e-05,-0.0006474212373225861
338.7340722000008,-0.00014845686884272112,-0.00048053535835014267
338.7867922000005,-0.00014881633826361793,-0.000508846228442951
338.8367227999988,-0.000171834754458988,-0.0004892604219995272
338.88248620000377,-0.00017866666590667687,-0.0005240975364928175
338.93637260000105,-0.00023263381931952525,-0.0005111240788956638
338.97754890000215,-0.00024404432394959315,-0.00047309147026640126
339.03429250000045,-0.00021540821774103543,-0.0005055634214833339
339.08900659999927,-0.000204913572299459,-0.0005222043649510534
339.1283693000005,-0.00019675473105239515,-0.0005042939474463264
339.1784933000017,-0.00016643118425658092,-0.00046703161872359555
339.2373424000034,-0.00017257213511552366,-0.00014520664310971925
339.28765900000144,-0.00015697086755988367,-0.00016239585506355638
339.33625510000275,-0.00015950527189073182,-0.00016576939200224947
339.37855639999907,-0.0002085484419380777,-0.00012461228235961447
339.43472219999967,-0.00019329576522751404,-0.00014748085873665147
339.4887192000024,-0.00019783952432982487,-8.006949984159241e-05
339.53570369999943,-0.0001948086040150924,-9.155515656731102e-05
339.58130730000266,-0.0001934636859714907,-0.00011928716516796288
339.63755559999845,-0.0002506381940328865,-4.6731666669728906e-05
339.68839650000155,0.9749051947957214,0.7556553012298114
339.73589840000204,1.9434596257832257,1.5777661167437265
339.7773701999977,2.9194930944996655,2.3773232838206027
339.82782489999954,3.8596574311303047,3.255409477773096
339.8770960000038,4.743977100993592,4.117763316749747
339.92911240000103,5.626693009070774,5.012514982486967
339.97976200000267,6.522163340519086,5.936453730503811
340.03531980000116,7.352045960344229,6.817062185787906
340.0808367999998,7.374336935340925,7.28059806183967
340.1372160000028,7.341500907066686,7.772383565583179
340.1776159000001,7.327114026951299,8.353430282096806
340.2350998000038,7.337137528311564,8.662829785207844
340.28072509999765,7.370241845421215,8.629738791497797
340.33697830000165,7.405196566133014,8.594562083058438
340.3855651999984,7.436656458798931,8.563082108711654
340.4278925000035,7.464251683439682,8.535464361929018
340.4885818000039,7.489197643897494,8.510527985719568
340.5379710999987,7.512843598256247,8.486916496658134
340.584534900001,7.535310836277118,8.464369419051259
340.63047160000133,7.555833949274009,8.44393434929089
340.68034810000245,7.574151818136213,8.425851294904444
340.7348598000026,7.59077909228521,8.408935100007488
340.7900010000012,7.605667809799773,8.394024111414652
340.8296139000013,7.619311567248974,8.380260382310183
340.87677729999996,7.631011869831777,8.368473501890854
340.92889090000244,7.6418792623420195,8.357784202539396
340.9902768000029,7.6500592169517985,8.349501869472768
341.03291410000384,7.65622335118862,8.343376023783307
341.0785904000004,7.661312482854266,8.338286115505143
341.1338009000028,7.664487062033978,8.335050296880246
341.18863760000386,7.665545936082513,8.334266102525271
341.23621249999997,7.66376191523417,8.335858772563132
341.2826430999994,7.658558200226419,8.341009257616316
341.33745230000204,7.650084227829296,8.349401492326702
341.3850803000023,7.636052010558649,8.363270561251277
341.4365573000032,7.6153877060360005,8.384148879914362
341.47993600000336,7.585182262546673,8.414807521414435
341.53524050000124,7.539306239343715,8.460291578487189
341.58791930000007,7.467699625476993,8.532341012788288
341.6374999000036,7.346528299961233,8.653402324968033
341.67935160000343,6.235758177369472,7.727654447510721
341.7255482000037,5.468735644966688,6.7665237182298394
341.78081060000113,4.625288930644006,5.905873860166851
341.8357086000033,3.748655914514315,5.01502750586977
341.88606040000013,2.799255578590033,4.1346131465832725
341.93017549999786,1.9054476123628619,3.2550140304607673
341.98331950000284,1.058623307444573,2.3675744562012557
342.0371754000007,0.298198515064876,1.3435431803155895
342.07937440000387,-0.00021226137354469742,0.6063767747497242
342.1292087000038,-0.00047792878082408976,0.06255621683399282
342.1819538999989,-0.0008780625967688805,-0.00040091097016145023
342.2336088000011,-0.0006122208207519216,-0.00025931375898266865
342.281298599999,-0.0005045512777422882,-0.00020177715375235396
342.3327452000012,-0.0004704028699462359,-0.00018331456833073167
342.37583820000145,-0.0004601135296830511,-0.000177763121434101
342.4360792000007,-0.00045461403628346836,-0.00017488461628874336
342.48064619999786,-0.00045372683139057986,-0.00017441967344340758
342.5352283000029,-0.00045354487699458454,-0.00017431657596840585
342.5867542999986,-0.00045347671244835456,-0.00017427668561627324
342.62829220000276,-0.0004534346385040258,-0.0001742507889425788
342.689114599998,-0.00045339775196575753,-0.00017422756341552167
342.7280757000044,-0.0004533617059495855,-0.00017420467338676032
342.78397920000134,-0.0004533257258029455,-0.00017418169649970064
342.8352739999973,-0.00045328969275417835,-0.00017415856543596953
342.8776613000009,-0.0004532535969722593,-0.00017413527174121862
342.9334913999992,-0.00045321744086637217,-0.00017411181370015341
342.98543410000275,-0.00045318122702888764,-0.00017408818925331016
343.0350908000037,-0.00045314495693640257,-0.00017406439608587388
343.08527300000424,-0.00045310863172689543,-0.00017404043141673584
343.13768900000287,-0.00045307225256054935,-0.00017401629228715168
343.18290739999793,-0.00045303582027558255,-0.0001739919753275946
343.229831800003,-0.0004529993362597739,-0.00017396747754601347
343.2865273999996,-0.0004529628015400798,-0.00017394279553402365
343.3363317999974,-0.0004529262173821544,-0.0001739179258110759
343.3818708000035,-0.0004528895849517318,-0.00017389286489662113
343.42922340000223,-0.0004528529058419822,-0.0001738676088271631
343.48637630000303,-0.00045281618152395107,-0.00017384215387790348
343.536614800003,-0.00045277941356860395,-0.00017381649600763062
343.5860587999996,-0.0004527426033581685,-0.0001737906308476168
343.62657169999875,-0.0004527057531075396,-0.00017376455427338348
343.68444640000234,-0.000452668864437643,-0.00017373826177187417
343.7284379999983,-0.000452631939485658,-0.00017371174861908976
343.7858644000007,-0.0004525949799391235,-0.00017368500965804439
343.8270311000015,-0.0004525579886402105,-0.00017365804007037013
343.8799216000043,-0.0004525209674041336,-0.00017363083437156525
343.9264667000025,-0.00045248391905085934,-0.0001736033869661056
343.97929560000193,-0.0004524468463004342,-0.00017357569199201374
344.02949629999785,-0.0004524097521116023,-0.00017354774332640962
344.07858049999777,-0.0004523726393542904,-0.0001735195345577553
344.1370829000007,-0.0004523355115423542,-0.00017349105906357048
344.18575460000284,-0.0004522983720453209,-0.0001734623096385076
344.22730610000144,-0.0004522612245602328,-0.00017343327881631692
344.285547200001,-0.0004522240734336131,-0.00017340395881433504
344.3319979000007,-0.00045218692270667375,-0.0001733743414446671
344.38599180000165,-0.00045214977717557823,-0.00017334441796985794
344.4370179000034,-0.00045211264198621,-0.00017331417926387427
344.48674200000096,-0.0004520755223510665,-0.0001732836154790379
344.5285623000018,-0.00045203842407106275,-0.00017325271631247913
344.5854637000011,-0.0004520013539019062,-0.0001732214712115281
344.63816699999734,-0.0004519643181052544,-0.0001731898680858561
344.6857386999982,-0.0004519273243638507,-0.00017315789487844105
344.73094560000027,-0.0004518903809377545,-0.00017312553833322012
344.784756699999,-0.0004518534962147007,-0.00017309278452244531
344.8352326000022,-0.0004520673825067123,-0.00017324151700433158
344.88511010000366,-0.00045187020161287667,-0.0001731814088747467
344.9347815000001,-0.0004518676422879025,-0.0001732036303327538
344.9861252999981,-0.0004518865859734117,-0.00017323419470045726
345.0377066000001,-0.0004518989286336389,-0.00017326132724111595
345.0795231000011,-0.00045190922569129,-0.00017328720959848443
345.137582000003,-0.00045191907038301854,-0.00017331272606520176
345.18420889999834,-0.00045192901367920496,-0.00017333818626581626
345.2349445,-0.00045193922178023615,-0.0001733636838198844
345.28959410000243,-0.00045194973514263903,-0.00017338924231409436
345.3346401000017,-0.00045196056102727233,-0.0001734148667944098
345.38656880000053,-0.00045197169833501505,-0.00017344055824337808
345.4341734000045,-0.0004519831450008525,-0.00017346631645560794
345.4872727000038,-0.00045199489831028927,-0.00017349214115354366
345.5303198000038,-0.0004520069555599325,-0.00017351803188754482
345.5854451999985,-0.0004520193143294958,-0.00017354398869646933
345.6349958999999,-0.0004520319721653865,-0.00017357001090863224
345.68653749999794,-0.00045204492655294914,-0.00017359609856844243
345.732603299999,-0.00045205817559925364,-0.00017362225160373542
345.7776551999996,-0.0004520717163344535,-0.00017364846936503074
345.8362496000045,-0.00045208554717648074,-0.00017367475195779962
345.88565329999983,-0.00045209966566064035,-0.00017370109890464612
345.92602559999796,-0.0004521140699106554,-0.00017372751007234345
345.9756586000003,-0.000452128757811551,-0.00017375398532211374
346.02826189999905,-0.00045214372730941453,-0.00017378052450962804
346.08692999999766,-0.0004521589767056049,-0.00017380712740729066
346.13594900000317,-0.0004521745038407381,-0.0001738337938707725
346.1845795000045,-0.0004521903070161731,-0.00017386052372798906
346.2354699999996,-0.00045220638455547294,-0.00017388731692898028
346.2767243999988,-0.0004522227344546854,-0.00017391417299635027
346.33731400000397,-0.00045223935525941797,-0.00017394109227426816
346.3794923000023,-0.000452256245343194,-0.00017396807422982694
346.4302405999988,-0.00045227340290745235,-0.00017399511896849774
346.4849986000045,-0.0004522908265255562,-0.00017402222619052036
346.5339574000027,-0.00045230851477642034,-0.00017404939583483256
346.5853838000039,-0.0004523264659336478,-0.00017407662780151423
346.6272234999997,-0.0004523446788204021,-0.00017410392221824106
346.67980530000204,-0.0004523631516492244,-0.00017413127874084383
346.73689249999734,-0.00045238188351528265,-0.00017415869720834032
346.7795589000016,-0.0004524008726311182,-0.0001741861777817128
346.8320204999982,-0.00045242011816406326,-0.00017421372040545005
346.8792295000021,-0.00045243961839882353,-0.0001742413246687697
346.935501400003,-0.000452459372413914,-0.00017426899093804532
346.98597000000154,-0.0004524793789936403,-0.00017429671871922752
347.0247801000005,-0.00045249963670026367,-0.0001743245081399921
347.08764990000054,-0.00045252014464560564,-0.0001743523592780546
347.1362200000003,-0.0004525409018249144,-0.00017438027186696158
347.1781852999993,-0.0004525619067949001,-0.00017440824612320637
347.2304221000013,-0.00045258315871734417,-0.0001744362819080112
347.2755853999988,-0.00045260465664300614,-0.00017446437902708705
347.326290099998,-0.00045262639956158296,-0.00017449253774133632
347.3815101,-0.00045264838637950483,-0.00017452075772879432
347.42714340000384,-0.00045267061623079796,-0.00017454903911158555
347.4862624000016,-0.0004526930882550395,-0.00017457738186195447
347.5294748000015,-0.00045271580141972205,-0.00017460578586887877
347.584033799998,-0.00045273875510312044,-0.00017463425138770976
347.6365186000039,-0.000452761948289381,-0.00017466277822970953
347.67919339999935,-0.00045278538007922285,-0.0001746913664836959
347.73566830000345,-0.0004528090498953301,-0.0001747200160219932
347.7833776999978,-0.0004528329570882221,-0.0001747487270666461
347.8346531999996,-0.00045285710048106285,-0.0001747774994178144
347.88411140000244,-0.0004528814796519671,-0.00017480633308660038
347.93506049999996,-0.000452906094012517,-0.0001748352283005997
347.9832416999998,-0.0004529309427078407,-0.00017486418495989232
348.03731790000165,-0.0004529560249052709,-0.00017489320309223383
348.0889634999985,-0.00045298134048268315,-0.00017492228298628218
348.1312195999999,-0.00045300688831320104,-0.00017495142412578371
348.1791452000034,-0.00045303266813592215,-0.00017498062711580992
348.23293840000406,-0.000453058679107077,-0.00017500989170100953
348.28059960000246,-0.0004530849210989898,-0.0001750392179646493
348.3352100999982,-0.00045311139302919336,-0.00017506860592338253
348.3835825999995,-0.00045313809504756765,-0.0001750980558603161
348.4337816999978,-0.0004531650259883785,-0.00017512756759226325
348.48741580000205,-0.0004531921859126882,-0.0001751571412802063
348.5315744000036,-0.0004532195740488917,-0.00017518677704626972
348.5847281000024,-0.00045324719000285974,-0.0001752164748515958
348.62787100000423,-0.0004532750335969569,-0.00017524623484051343
348.6863164000024,-0.0004533031041650492,-0.00017527605695196046
348.7286626999994,-0.0004533314016571766,-0.00017530594158006598
348.7800453000018,-0.00045335992524067186,-0.0001753358884583765
348.8319047999976,-0.0004533886749599438,-0.00017536589791995895
348.88648249999824,-0.00045341765022102336,-0.00017539597000922218
348.9338016000038,-0.0004534468509128879,-0.00017542610487049522
348.98558420000336,-0.000453476276713573,-0.00017545630238720468
349.03643210000155,-0.0004535059272567049,-0.00017548656283135518
349.07940560000134,-0.00045353580255893714,-0.00017551688642499126
349.1323693000013,-0.0004535659017653978,-0.00017554727301268182
349.1855885000041,-0.00045359622542564745,-0.00017557772302186263
349.22761360000004,-0.0004536267727236719,-0.00017560823630265364
349.28398729999753,-0.0004536575438815161,-0.0001756388130826505
349.32746520000364,-0.0004536885384273349,-0.0001756694534340178
349.3836216999989,-0.0004537197564777021,-0.00017570015760655564
349.42622259999916,-0.0004537511975552214,-0.00017573092568353083
349.4804761999985,-0.00045378286164879096,-0.00017576175778151668
349.529386000002,-0.00045381474885277946,-0.0001757926542058246
349.5768242999984,-0.0004538468589395912,-0.00017582361488429005
349.6327999999994,-0.00045387919178155073,-0.0001758546400944688
349.6760773999995,-0.00045391174734535117,-0.00017588572983080975
349.7306865999999,-0.0004539445256531971,-0.0001759168844985443
349.7866006999975,-0.00045397752672729274,-0.0001759481042253481
349.8264945999981,-0.00045401075032894055,-0.0001759793889890167
349.88520250000147,-0.0004540441968245138,-0.00017601073920033255
349.9356012999997,-0.0004540778658309855,-0.00017604215479823346
349.97830629999953,-0.00045411175740386715,-0.0001760736360658263
350.0342582000012,-0.0004541458719261855,-0.00017610518340279132
350.0845705000029,-0.0004541802091703447,-0.00017613679670920845
350.13369149999926,-0.0004542147693916963,-0.00017616847638475801
350.18265670000255,-0.0004542495524625644,-0.00017620022237392884
350.2364471000037,-0.00045428455890475397,-0.00017623203507640116
350.2821490999995,-0.0004543197884074025,-0.00017626391479193533
350.3367406000034,-0.00045435524152007047,-0.00017629586152608233
350.3874053000036,-0.0004543909179540998,-0.00017632787566186918
350.4287706000032,-0.0004544268183978289,-0.00017635995750460716
350.4845834000007,-0.00045446294261255966,-0.00017639210699323403
350.5332309000005,0.30618696743226215,-0.5840627441191604
350.57920990000275,0.47660885724244545,-1.0247925351570502
350.6271506999983,0.5973389923700977,-1.4432715110289775
350.6859381000031,0.7074672433322791,-1.9764521826451737
350.7356624000022,0.9399913726547147,-2.3709340300583817
350.7869140000039,1.1811956643164567,-2.5652995112298798
350.8351483000006,1.526444272738036,-2.65692538839174
350.88654680000036,1.9417743538653447,-2.658627921162973
350.9345684,2.292660539281365,-2.4857356851767434
350.9863308999993,2.2597671800347636,-2.444583599983157
351.0368701000043,2.0924293703850974,-2.2150022857544402
351.08207029999903,1.9774033617266586,-2.023050230943043
351.13688289999845,1.8357868301674811,-1.85543444485736
351.18729500000336,1.707473029680747,-1.7079588568315711
351.2368822999997,1.5904308349069287,-1.590146221836689
351.28672709999955,1.4830288318750093,-1.4823742994202125
351.33551689999877,1.3830139640899484,-1.3824079370040976
351.384987999998,1.2906367599604354,-1.2894782355544692
351.4296919000044,1.8878152324303716,-0.6691613159028338
351.4861633000037,2.3013460988616337,-0.34969498298913754
351.53492350000306,2.8791473474754063,0.4540094747224837
351.5842036000031,3.5511169459992646,1.020942071892032
351.6340326999998,4.282625236305011,1.5731146159157035
351.67859419999877,5.197423873522687,2.557501789041323
351.7273540000024,6.235391590947941,3.6920134809504126
351.7847153000039,7.070512507759077,5.003512466851682
351.8352232000034,7.790926685619604,6.181280788991272
351.8855545999977,8.280111925984263,7.097725143678957
351.93405950000306,8.376453118475474,7.037011254454647
351.98187360000156,7.409816499579159,6.264355344761292
352.0371021000028,6.536870248202595,5.3513590735441205
352.0818868999995,5.648386020010768,4.444816094026784
352.1317906999975,4.741063175801147,3.5927487819819444
352.18290459999844,3.8168502909694633,2.7439942855901855
352.2286588999996,2.8709459237893125,1.8977958634922083
352.28688300000067,1.9398381231487491,1.080125061035338
352.330318100001,0.981026182003242,0.2797102529113176
352.376625900004,0.18651872902096994,-0.0002993214327066627
352.42721080000047,-0.0002982562402390964,-0.0002852888594587998
352.48553209999955,-2.619198768985138e-06,-5.503277441537081e-05
352.53850980000425,-0.00010091044904135429,-0.00010827800718270882
352.59065869999904,-4.46728398051787e-05,-6.225751346683673e-05
352.6359605000034,-4.5510076140995035e-05,-5.97539434377678e-05
352.6811405000044,-0.00011676265464511019,-0.00010891163685366364
352.73561670000345,-5.2041168663356134e-05,-6.326397499207024e-05
352.78457530000014,-3.4662861503363454e-05,-5.014898718518519e-05
352.8309597999978,-0.0001352120545640379,-0.0001192001237272411
352.8856148999985,-5.315418408762718e-05,-6.3259812577213e-05
352.93591690000176,-0.00015066139087431402,-0.0001311656785853054
352.98284160000185,-5.0254539574236694e-05,-6.252767216225155e-05
353.0332486000043,-4.3038735630979766e-05,-5.7020021193618285e-05
353.0833769000019,-5.8654390844346875e-05,-6.734861489616363e-05
353.13165619999927,-0.00011374714867795476,-0.00010501479383872068
353.1831009000016,-6.99545238403527e-05,-7.481773612878813e-05
353.2335471000042,-0.00011762000231574637,-0.00010816257073342035
353.2866425000029,-0.00012334075176768442,-0.00011303835556486288
353.3374449000039,-0.00010816436826221283,-0.00010156385478197986
353.384773400001,-7.277172803250695e-05,-7.70720457344441e-05
353.4342259999976,-0.0001204342932382754,-0.00010898126006086322
353.48658969999815,-9.718074620588609e-05,-9.275851602383753e-05
353.5350346999985,-0.00013188019566414316,-0.00011714964776044168
353.58527190000314,-9.599362115207062e-05,-9.048602298564403e-05
353.6354419999989,-0.00013955280170355135,-0.00012300111301722679
353.6845342000015,-9.362707978919336e-05,-9.141644841123869e-05
353.7391846000028,-0.0001392789335753755,-0.0001226136879141164
353.7853067000033,-8.437830619775365e-05,-8.447539903152665e-05
353.8270765999987,-0.00011641837893716787,-0.00010396443898007466
353.88354390000313,-0.00010498953693104424,-9.545275855291797e-05
353.9337644000043,-9.82048886878184e-05,-9.209353549763751e-05
353.98210459999973,-3.934484409388313e-05,-5.235972371236235e-05
354.0377854000035,-0.0001255544327062433,-0.00011038894691683452
354.08214320000116,-5.749506168944742e-05,-6.479879193227911e-05
354.135166,-4.6176573587118015e-05,-5.7207362269604055e-05
354.1783532000045,-8.90144194355131e-05,-8.564951277109381e-05
354.2363580000019,-6.277776711810775e-05,-6.858726346876387e-05
354.28496799999994,-0.00011285911026847934,-0.0001027103940122045
354.3317711999989,-0.00010298796441220278,-9.72736873273518e-05
354.37811579999834,-7.871286550339008e-05,-7.963591796008267e-05
354.4357683999988,-6.374033854067783e-05,-6.790498936488287e-05
354.48470480000105,-0.0001344683416505613,-0.00011783921046737719
354.5349955999991,-9.014838664453584e-05,-8.695274636991013e-05
354.5848646000013,-0.00011862069406743218,-0.00010672477447358996
354.63615550000395,-8.269891906839119e-05,-8.068753123432257e-05
354.68344590000197,-5.087367285221652e-05,-5.863993152171875e-05
354.7337215000007,-7.208244218188714e-05,-7.410351301480294e-05
354.7849520000018,-7.771339047842377e-05,-7.802968772237596e-05
354.8363895000002,-0.00014910494082768743,-0.0001289182048670608
354.8865692000036,-7.504086779748571e-05,-7.75458547153832e-05
354.9287192999982,-6.885874351831594e-05,-7.265783485983608e-05
354.97788630000287,-5.737034642910611e-05,-6.469184681285212e-05
355.03254860000015,-0.00012577393603286968,-0.0001141350805978759
355.08735549999983,-6.042527586075411e-05,-6.686990805532912e-05
355.1289695000014,-0.00012847021276808724,-0.0001188804152120234
355.1850954000038,-6.365593586693875e-05,-7.163306632314021e-05
355.2273911000011,-9.455629579333618e-05,-8.687321302333476e-05
355.27955120000115,-6.365265422531365e-05,-6.647162482670894e-05
355.33629530000326,-7.20122761311397e-05,-7.188325832359097e-05
355.3832709999988,-2.707454982433772e-05,-4.3346114519988505e-05
355.4392105000006,-8.759816397815789e-05,-8.18600279118499e-05
355.48618510000233,-0.00015822784431589963,-0.00012929020082332214
355.5340273000038,-0.00011922948678367188,-0.00010456851056171996
355.5832900000023,-7.306840041916431e-05,-7.336494256555868e-05
355.6333975000016,-0.0001432470291608294,-0.00011950721168230628
355.68144369999936,-6.936577738876135e-05,-1.0133791039655179e-05
355.73579930000415,-9.064683119683564e-05,-5.0530817985496726e-05
355.7850258000035,-6.821035732913159e-05,-5.06261182309697e-05
355.8333646000028,-5.838148643416538e-05,-5.079226435005479e-05
355.8827648000006,-0.00010362035817178432,-9.633421957931071e-05
355.9387069000004,-0.00012154876939408235,-4.6965968036925944e-05
355.9796647999974,-9.44816340831884e-05,-4.388092254008077e-05
356.03380930000276,-8.250432588238177e-05,-4.175994661185731e-05
356.0785853999987,-7.721936968748122e-05,-4.954777083070576e-05
356.13437590000103,-9.290279747728904e-05,-4.524107736218741e-05
356.1851997999984,-7.348419495130285e-05,-4.2215286510976905e-05
356.234492100004,-8.407557250408437e-05,-5.792039546875591e-05
356.280130500003,-9.790168900023901e-05,-4.2503154995582445e-05
356.33304840000346,-0.00012376944696924463,-2.8237757032671082e-05
356.3815051999991,-6.228346238762664e-05,-6.436811132998625e-05
356.4345811000021,-0.00013345322124060728,-0.0001330563800362648
356.4761756000007,-6.70550341364607e-05,-0.00011853700629960535
356.53613349999796,-0.00011449623744674778,-4.8794288443110746e-05
356.5899616000024,-0.00010363143824197904,-3.199701836823092e-05
356.6369315999982,-0.00012475945533342247,-8.16874448973037e-05
356.6793164999981,-0.00011354318214540194,-5.543776002708394e-05
356.73641569999745,-0.00010978300138974595,-5.272120566784249e-05
356.77902750000067,-0.00013548002116849957,-8.086059813957405e-05
356.835012800002,-0.00013811915420283485,-8.485998126425344e-05
356.8807854999977,-0.00013128859195367775,-8.076199149450252e-05
356.9358493000036,-0.0001786951192907702,-0.0001548218173221158
356.98272590000124,-0.00020053386766715703,-0.0002198715175818711
357.02772820000246,-0.00021928766923442393,-0.000262428855802058
357.0848291000002,-0.00021437266685155062,-0.0002537657458393174
357.1301009000017,-0.00021453851656329272,-0.0002540440416257335
357.1849621000001,-0.00021461961736714323,-0.0002542432247734871
357.2369729999991,-0.00021466892449219284,-0.00025439377759924904
357.28312059999735,-0.00021472072812024688,-0.0002545466589512718
357.3331242999993,-0.00021477347036415255,-0.00025469917935868686
357.3767014999976,-0.00021482650285366354,-0.0002548516880643513
357.4298457000041,-0.0002148796188985594,-0.0002550044379326612
357.4842443000016,-0.00021493278526986498,-0.0002551574597945098
357.534928699999,-0.0002149860103164574,-0.0002553107437356057
357.5849085000009,-0.00021503929921197593,-0.00025546428377184663
357.6369470999998,-0.00021509265280019013,-0.0002556180789595431
357.68686940000043,-0.00021514607027063717,-0.00025577213008695345
357.7305161999975,-0.00021519955055750292,-0.0002559264380311539
357.7852398000032,-0.00021525309315008486,-0.00025608100339166473
357.83796480000456,-0.00021530669742665803,-0.0002562358267346999
357.88427239999874,-0.00021536036269888416,-0.0002563909092593001
357.9343805000026,-0.00021541408852267404,-0.00025654625127632784
357.98582899999747,-0.00021546787446504072,-0.0002567018535074281
358.0281595999986,-0.000215521719937566,-0.0002568577170073128
358.0824176000024,-0.0002155756247848186,-0.0002570138422977866
358.13334130000294,-0.00021562958851830045,-0.00025717023048907274
358.17975540000043,-0.0002156836104274688,-0.00025732688193644244
358.236896800001,-0.0002157376905678348,-0.0002574837975835853
358.28926489999867,-0.0002157918285397181,-0.00025764097890709797
358.3339081000013,-0.00021584602403225636,-0.0002577984261179228
358.37861359999806,-0.0002159002767567915,-0.00025795614044840735
358.4355998000028,-0.00021595458628033662,-0.0002581141222982319
358.4868828000035,-0.00021600895283603843,-0.0002582723733549355
358.53556039999967,-0.00021606337585768336,-0.0002584308938405627
358.5811154999974,-0.00021611785502330662,-0.00025858968505407444
358.63189290000446,-0.00021617239045503274,-0.00025874874802797815
358.6763548000017,-0.00021622698194191946,-0.00025890808346171434
358.7324929000024,-0.00021628162932853538,-0.0002590676926764484
358.78557320000255,-0.00021633633229291594,-0.00025922757628280306
358.83598730000085,-0.00021639109083506115,-0.00025938773555753467
358.8827156999978,-0.00021644590494386868,-0.0002595481715664574
358.93582260000403,-0.00021650077439729404,-0.0002597088850645229
358.98592980000103,-0.00021655569922864382,-0.0002598698773506922
359.02686820000235,-0.00021661067914926008,-0.00026003114935755245
359.08653790000244,-0.00021666571413693844,-0.00026019270232855357
359.1366379000028,-0.0002167208043360078,-0.00026035453708526056
359.17948479999905,-0.00021677594954662798,-0.0002605166549599411
359.23311549999926,-0.0002168311496133678,-0.00026067905684077356
359.27818860000116,-0.00021688640464724958,-0.00026084174408223
359.3328218000024,-0.0002169417147037845,-0.0002610047175613867
359.38831090000167,-0.00021699707963864347,-0.0002611679787548402
359.42966400000296,-0.0002170524992408842,-0.0002613315281954976
359.48515210000187,-0.0002171079739323914,-0.00026149536789286254
359.5336360000001,-0.00021716350331348484,-0.00026165949842425106
359.5891166000001,-0.00021721908755069786,-0.0002618239211552374
359.63079590000416,-0.00021727472679946184,-0.0002619886374624981
359.68442479999794,-0.00021733042081552753,-0.00026215364821200723
359.7349503000005,-0.000217386169743224,-0.00026231895472493007
359.7895408999975,-0.00021744197364916473,-0.0002624845583446366
359.8351975999976,-0.00021749783262216746,-0.0002626504604255988
359.88485899999796,-0.00021755374646239208,-0.0002628166618115862
359.9391786999986,-0.00021760971541408763,-0.0002629831644454891
359.98327309999877,-0.0002176657395882764,-0.0002631499691488725
360.0336852000037,-0.00021772181881842497,-0.0002633170772540042
360.08488809999835,-0.00021777795332657797,-0.00026348449009315153
360.13380750000215,-0.0002178341428795885,-0.00026365220890976456
360.1817160999999,-0.00021789038795485253,-0.00026382023522484866
360.2396871000019,-0.0002179466883858365,-0.0002639885701153203
360.2861896000031,-0.00021800304447230074,-0.00026415721546855847
360.3337001000036,-0.00021805945595889393,-0.00026432617215053726
360.38532940000005,-0.00021811592318978515,-0.0002644954418265911
360.4340402000016,-0.0002181724460095432,-0.0002646650255847387
360.48236310000357,-0.0002182290246735194,-0.0002648349251902345
360.53294460000325,-0.00021828565931494054,-0.00026500514178660835
360.57955519999814,-0.00021834235007813554,-0.0002651756766950255
360.6337119000018,-0.00021839909674105986,-0.00026534653190278534
360.6843380999999,-0.00021845589962567812,-0.00026551770849790634
360.737572500002,-0.00021851275880970599,-0.0002656892078792695
360.78612409999914,-0.00021856967435975676,-0.00026586103185653834
360.8387937000007,-0.0002186266465311818,-0.0002660331815732426
360.8778913999995,-0.00021868367543500345,-0.000266205659038886
360.92767840000306,-0.00021874076071595023,-0.0002663784652526692
360.98512470000423,-0.00021879790312897388,-0.0002665516021241759
361.0351099000036,-0.00021885510242982531,-0.00026672507105228693
361.0890008999995,-0.0002189123589626737,-0.00026689887355800805
361.1329033000002,-0.00021896967260539443,-0.00026707301131777587
361.1805792000014,-0.0002190270436577478,-0.00026724748600802714
361.24175500000274,-0.00021908447219744933,-0.00026742229919417645
361.28174240000226,-0.00021914195826890808,-0.0002675974522862069
361.3362286999982,-0.00021919950234951978,-0.0002677729475822803
361.3799379999982,-0.00021925710433936448,-0.0002679487859927795
361.4355938000008,-0.00021931476412741986,-0.00026812496961602593
361.4870542999997,-0.0002193724822465929,-0.00026830149982869626
361.5310879000026,-0.00021943025868578146,-0.000268478378640294
361.5817804000035,-0.00021948809356711006,-0.00026865560784938055
361.63950560000376,-0.0002195459871126233,-0.0002688331890768815
361.68184280000423,-0.000219603939511059,-0.00026901112409915374
361.733075199998,-0.00021966195082903065,-0.0002691894146703496
361.78475900000194,-0.00021972002129968501,-0.00026936806260013273
361.8354270999989,-0.00021977815080089766,-0.0002695470695538375
361.8787588999985,-0.00021983634010982466,-0.0002697264375853765
361.9287594999987,-0.00021989458880458117,-0.0002699061686709468
361.9850976000016,-0.00021995289726264313,-0.00027008626443147406
362.0346262000021,-0.00022001126567274844,-0.0002702667267210307
362.07872280000447,-0.00022006969423473717,-0.00027044755763793815
362.1364767999985,-0.00022012818299301833,-0.0002706287587365087
362.1864496999988,-0.0002201867323139655,-0.000270810332603562
362.23194080000394,-0.0002202453423641121,-0.000270992280826717
362.28248010000243,-0.00022030401309904924,-0.00027117460502689924
362.33542390000366,-0.0002203627446075947,-0.0002713573080018708
362.3790435999981,-0.00022042153766690478,-0.00027154039132814845
362.43458380000084,-0.00022048039194391225,-0.0002717238567487822
362.48500310000236,-0.00022053930774947985,-0.00027190770692830734
362.5310141000009,-0.00022059828554990113,-0.0002720919435986718
362.5797359999997,-0.00022065732506762036,-0.00027227656880268606
362.6361226000008,-0.00022071642689105571,-0.0002724615851493741
362.68506499999785,-0.0002207755910646161,-0.00027264699430407037
362.7370671000026,-0.00022083481767711945,-0.00027283279863155014
362.7882119999995,-0.00022089410710604155,-0.0002730190004632816
362.8333702000018,-0.0002209534594179957,-0.00027320560160892836
362.88428900000144,-0.00022101287503486673,-0.00027339260482184345
362.93590660000336,-0.00022107235398996134,-0.0002735800117118503
362.97870369999873,-0.00022113189663855085,-0.0002737678252543466
363.0306597000017,-0.00022119150286961295,-0.00027395604722568924
363.08532600000035,-0.0002212511700630214,-0.0002741446810897739
363.1307681000035,-0.0002213108198148261,-0.0002743337337299836
363.1853192999988,-0.00022137053847817395,-0.00027452320381405053
363.2339123999991,-0.00022143032157886616,-0.00027471309119764573
363.2875658999983,-0.00022149016840635995,-0.0002749033970354011
363.33828480000375,-0.00022155007956017582,-0.000275094123803114
363.3824287000025,-0.00022161005524015386,-0.0002752852739210707
363.4289026000042,-0.00022167009555731636,-0.00027547684960971725
363.48241810000036,-0.000221730201022366,-0.00027566885366681553
363.5329583999992,-0.00022179037190175627,-0.00027586128852375406
363.5871014000004,-0.0002218506083620206,-0.00027605415682286375
363.63290530000086,-0.00022191091051418122,-0.0002762474609955328
363.6812826000023,-0.00022197127848036277,-0.00027644120378401217
363.7358088000037,-0.000222031712971108,-0.0002766353877640194
363.78197080000245,-0.00022209221394200792,-0.0002768300157555208
363.8385472000009,0.42311584942958547,-0.21419840659102413
363.8805580000044,0.84236272130148,-0.3824927555459579
363.9357740999985,1.320298004324742,-0.48968268116382946
363.9842814000003,1.7583829934371609,-0.694273002970026
364.03559230000246,2.4571429559560065,-1.0735446658402246
364.0775513000044,2.9168526028904096,-1.7060111291574382
364.1358407000007,3.234271862020156,-2.952274791958272
364.1799287000031,3.5209856592016546,-3.6005757654430415
364.23669450000307,3.600063185011843,-3.6343723042661407
364.2871266000002,3.600158050880414,-3.6175792217356717
364.33102350000263,3.600061854247536,-3.600644534443548
364.3760773000031,3.3833285987016275,-3.383995076674347
364.4379448000036,3.1200934982232993,-3.1206082094825276
364.4890008000002,2.87629736364479,-2.876692163002374
364.5364652999997,2.6522674927947287,-2.652814629367881
364.583071400004,2.446182201905862,-2.446815644909591
364.6350586999979,2.257784769636308,-2.258569681168443
364.6850173999992,2.0842063433242983,-2.084606510293509
364.73496010000235,1.923888064738908,-1.9238977624696116
364.7862508000035,1.7766959373077107,-1.7767745559086578
364.8350369000036,1.640692834152078,-1.6412322283045615
364.88717429999815,1.5158217400779967,-1.5164915324194732
364.9362382000036,1.400038261037778,-1.4008077798869516
364.9808847000022,1.292900456763955,-1.1413061691823112
365.03176579999854,1.8992941077429641,-0.5495854079414167
365.08265380000375,2.3948436002849305,-0.1255552205396639
365.13398679999955,2.9194294455229675,0.2894609652280088
365.1815054000035,3.506307030228066,0.7068557969497815
365.22888349999994,4.3459954027271275,1.3998189850670193
365.28530879999744,5.266594230828434,2.323150809661441
365.33674189999874,6.166378805452777,3.4087816759152028
365.38529579999886,6.983830220419127,4.661440226349429
365.4339009000032,7.69630626623526,5.936453576872104
365.48085490000085,8.256364447325891,7.055776723027221
365.54181059999974,8.203328684416894,7.745442462923617
365.5831580000013,8.179020196738563,7.822081058628735
365.6313369999989,8.172677064137833,7.827463087983477
365.67821260000346,8.168735264455732,7.830692315614239
365.73611430000165,8.164948434040355,7.834378633283038
365.78656279999996,8.161303003247472,7.838125643606504
365.83361490000243,8.158587130933238,7.841181477519427
365.87948770000366,8.15620260030206,7.843137697328681
365.9340358000045,8.155021420961676,7.844326536633372
365.98859860000084,8.154913373181621,7.844686219199685
366.0343051000018,8.155700777576106,7.8436877297527205
366.08821290000196,8.158225801700032,7.841290552552785
366.13359409999975,8.162481248005893,7.837171634848807
366.18471619999764,8.169734790751384,7.829932841642838
366.22901999999885,8.180088561421112,7.81973460056186
366.28452420000394,8.195474908460282,7.8044593018712645
366.33528050000314,8.217818058909637,7.782166779924424
366.38067559999763,8.252949726630364,7.7469052932305535
366.4318065000043,8.312504395837337,7.687324497259921
366.48427860000083,7.236528045915954,6.841758088656747
366.53678460000083,6.339969827104796,5.979242804712981
366.58464829999866,5.422984979026818,5.115229440689668
366.63693559999956,4.501385281785112,4.265165792627874
366.68712850000156,3.5710552120810948,3.4275301508744156
366.7342217999976,2.644287366930896,2.586969041264669
366.7847269999984,1.7076544322155154,1.7380044658342944
366.8401417999994,0.7755886085341448,0.8975864982110454
366.88557330000185,1.5344747872361825e-05,0.06224997635563107
366.9342784000037,-2.7415776582298583e-05,-0.0005358190459337122
366.9847891000027,-2.2652074171978898e-05,-0.0004676654778110378
367.0380860000005,-2.2605600319434775e-05,-0.00046669157808350433
367.08452699999907,-2.2689757450698598e-05,-0.00046759701826189687
367.1345150999987,-2.269901644427046e-05,-0.00046762985839251186
367.18420530000003,-2.2700649982019968e-05,-0.0004676074861662181
367.2324929000024,-2.270330971556449e-05,-0.00046759991000429796
367.2857584000012,-2.270705143916212e-05,-0.0004676024874869697
367.3258894000028,-2.27110246109537e-05,-0.00046760752862114657
367.3839134000009,-2.271505481490205e-05,-0.00046761239929168013
367.4331620000012,-2.2719026565608153e-05,-0.000467616993827543
367.4855819000004,-2.2722958270569758e-05,-0.0004676215114693592
367.5353518999982,-2.2726916976155322e-05,-0.000467625993217665
367.57705669999996,-2.2730904364352727e-05,-0.00046763046128802315
367.6343988000008,-2.273486003347832e-05,-0.00046763492358522157
367.6835404000012,-2.2738785349106417e-05,-0.0004676393873923234
367.72789139999804,-2.2742736854895666e-05,-0.0004676438185921749
367.78808250000293,-2.274668836068492e-05,-0.0004676482445739781
367.8356913000025,-2.275066588455075e-05,-0.00046765263447353316
367.8860017000043,-2.27545841724671e-05,-0.000467657038350796
367.9282344000021,-2.275853061008824e-05,-0.0004676614288054625
367.98510279999755,-2.276247323964441e-05,-0.0004676657848654198
368.03421669999807,-2.2766445617626524e-05,-0.0004676701309777787
368.08469080000214,-2.2770356261657352e-05,-0.00046767447212744067
368.1331007999979,-2.2774294894410627e-05,-0.0004676787937371774
368.1844698999994,-2.2778231834073797e-05,-0.0004676831010472416
368.23169600000256,-2.278216699738012e-05,-0.00046768739521226515
368.2851959000036,-2.2786130843298288e-05,-0.0004676916759768969
368.33437360000244,-2.2790033066287478e-05,-0.0004676959423197315
368.38737460000266,-2.279399370921222e-05,-0.000467700189955308
368.43437229999836,-2.2797892373936615e-05,-0.0004677044382903251
368.48525759999757,-2.280181820581842e-05,-0.0004677086554502798
368.53769150000153,-2.2805774690957935e-05,-0.0004677128672700616
368.58548580000206,-2.280969937931002e-05,-0.0004677170649122955
368.63369460000104,-2.2813592526225984e-05,-0.000467721263309481
368.68393130000186,-2.281751152468507e-05,-0.000467725420173223
368.73872100000153,-2.282146044920579e-05,-0.0004677295771146808
368.7837173000007,-2.282534756205961e-05,-0.0004677337263289862
368.8352569999988,-2.2829263546263186e-05,-0.00046773786027772517
368.8827425999989,-2.2833177482105282e-05,-0.0004677419775065053
368.93113070000254,-2.283708901431453e-05,-0.00046774607033258335
368.9856376000025,-2.284099940299406e-05,-0.00046775016439100896
369.0338683000009,-2.2844938030196226e-05,-0.00046775422593100217
369.085373599999,-2.2848816344532577e-05,-0.0004677583030363222
369.1346405000004,-2.2852722830778177e-05,-0.0004677623604129792
369.1866618999993,-2.2856624948296176e-05,-0.00046776638046393785
369.2301149999985,-2.286052795954371e-05,-0.00046777041483677377
369.2827533000018,-2.2864456633596458e-05,-0.00046777439920516454
369.3330851999999,-2.2868356364134954e-05,-0.00046777840099295457
369.38442490000307,-2.287222527488229e-05,-0.0004677823932772355
369.4353420000043,-2.2876150834759453e-05,-0.00046778635650698
369.4849955000027,-2.2880016015157422e-05,-0.00046779032452178563
369.53481289999763,-2.288393786133857e-05,-0.0004677942519579396
369.57989239999733,-2.2887799744374152e-05,-0.0004677981872100638
369.63637500000186,-2.2891690054670287e-05,-0.0004678021151902272
369.68310609999753,-2.2895577084257378e-05,-0.0004678060057447724
369.7348595000003,-2.2899493057358727e-05,-0.00046780988860547205
369.78216870000324,-2.290334846779408e-05,-0.0004678137715549895
369.8282829000018,-2.290723210564983e-05,-0.00046781764755451097
369.8858287000039,-2.2911141334146306e-05,-0.0004678214729389646
369.9344764999987,-2.291499256459197e-05,-0.0004678253253240422
369.9857656000022,-2.29188703571235e-05,-0.00046782914724460004
370.0269141000026,-2.2922746723018443e-05,-0.0004678329618820948
370.0868560000017,-2.292662211746824e-05,-0.00046783675893365687
370.1333461000031,-2.2930525395169298e-05,-0.0004678405330702157
370.1837721999982,-2.293439660407829e-05,-0.0004678442970926429
370.2289254999996,-2.2938238869473033e-05,-0.00046784808337504155
370.2857640000002,-2.2942136812552462e-05,-0.0004678518117704118
370.3302247000029,-2.294600527365947e-05,-0.00046785554993574466
370.3858689000044,-2.294984087771606e-05,-0.0004678592734572358
370.4343119000041,-2.2953734823992597e-05,-0.00046786296872355096
370.4874110000019,-2.2957569889591024e-05,-0.0004678666880595013
370.5346273000032,-2.2961431600542045e-05,-0.0004678703711466699
370.5790252000006,-2.2965321377931125e-05,-0.0004678740329508631
370.6367253999997,-2.2969150759187665e-05,-0.0004678776926900415
370.6859766999987,-2.2973007673975216e-05,-0.0004678813453237926
370.72636780000175,-2.297689248311626e-05,-0.00046788496446211494
370.7817322999981,-2.298074699982208e-05,-0.0004678885890294279
370.83566370000335,-2.2984570341465366e-05,-0.0004678922075571276
370.8792121000006,-2.2988420761448223e-05,-0.00046789579809610485
370.9361502000029,-2.299227065962626e-05,-0.0004678993826065711
370.9804604000019,-2.2996147208708004e-05,-0.0004679029377294339
371.0265197999979,-2.2999993204452108e-05,-0.00046790649079838406
371.0824892000019,-2.300380943511692e-05,-0.0004679100526714028
371.13734470000054,-2.3007653027228174e-05,-0.00046791359150729386
371.18717910000123,-2.301152344787882e-05,-0.0004679170971586186
371.2339006999973,-2.3015334521557687e-05,-0.00046792061159180756
371.2853774000032,-2.301920351002063e-05,-0.0004679241036429003
371.3368682,-2.3023041700896872e-05,-0.0004679275913419188
371.38276710000355,-2.3026876677677457e-05,-0.00046793105078576133
371.4271607999981,-2.30307113824534e-05,-0.0004679345121280852
371.4799563999986,-2.3034515095353608e-05,-0.0004679379684633033
371.5382346000042,-2.3038376184579732e-05,-0.00046794139390101455
371.57844230000046,-2.3042206892552787e-05,-0.00046794481507546933
371.63651299999765,-2.30460057260228e-05,-0.0004679482316202942
371.6851272999993,-2.3049862818446036e-05,-0.00046795162357367905
371.7360836000007,-2.305365916501648e-05,-0.00046795501695925164
371.7887804999991,-2.30574836557406e-05,-0.00046795839355825205
371.8344866000043,-2.3061306464476834e-05,-0.00046796175752291443
371.87762260000454,-2.3065127674491913e-05,-0.00046796509981602343
371.935719000001,-2.3068976506855845e-05,-0.00046796842817583336
371.9854059999998,-2.30727657368967e-05,-0.0004679717697695018
372.0260819000032,-2.3076582955660006e-05,-0.00046797508482883995
372.0836943000031,-2.3080427169496155e-05,-0.0004679783730318832
372.13499690000026,-2.3084242073444455e-05,-0.0004679816647099245
372.1818491000013,-2.3088054756946705e-05,-0.0004679849414665683
372.23486910000065,-2.3091866202550286e-05,-0.000467988208719703
372.2778718000045,-2.3095676571237526e-05,-0.0004679914622948901
372.3365877000033,-2.309948543002146e-05,-0.0004679947021921293
372.38117590000184,-2.310326321366293e-05,-0.0004679979451979933
372.42974949999916,-2.3107098101625674e-05,-0.00046800115409780587
372.48161580000306,-2.3110903146793514e-05,-0.00046800436592860713
372.5299367999978,-2.3114675601364467e-05,-0.0004680075618499126
372.58844520000275,-2.311847691063183e-05,-0.00046801074623600066
372.62944080000307,-2.312227600500426e-05,-0.00046801391657776766
372.678536899999,-2.312610333789932e-05,-0.0004680170648371986
372.73349230000167,-2.3129901377559877e-05,-0.00046802021538368884
372.78350930000306,-2.3133667870233185e-05,-0.0004680233618445586
372.82974800000375,-2.3137461985255348e-05,-0.00046802648618978556
372.87668490000215,-2.3141284255533416e-05,-0.00046802958788646283
372.9386985000019,-2.314507545622014e-05,-0.00046803268123426296
372.97661869999865,-2.31488668178892e-05,-0.0004680357823980332
373.035383800001,-2.3152655170853867e-05,-0.00046803885167619826
373.0824680000005,-2.315644334063173e-05,-0.00046804192503998383
373.13553690000117,-2.3160229467599238e-05,-0.0004680449780644837
373.18400040000415,-2.316401399584558e-05,-0.0004680480169669467
373.2365737,-2.3167768148389972e-05,-0.00046805106438482043
373.2842778999984,-2.3171579849344845e-05,-0.0004680540755983212
373.33002639999904,-2.317536038633942e-05,-0.0004680570855350655
373.38447499999893,-2.3179110991721245e-05,-0.00046806009876917216
373.43842569999833,-2.3182916475427184e-05,-0.00046806306226528744
373.478268400002,-2.3186694342335382e-05,-0.00046806604654477753
373.5373996999988,-2.3190440945363207e-05,-0.0004680690283484704
373.5854579000006,-2.3194243237177943e-05,-0.0004680719557845417
373.63482790000126,-2.319801621910484e-05,-0.0004680749058580606
373.6826609999989,-2.3201787335857044e-05,-0.0004680778308960501
373.7284774,-2.3205556587434567e-05,-0.0004680807448429118
373.7805150999993,-2.320932512846936e-05,-0.000468083650862781
373.8340008000014,-2.3213062316805934e-05,-0.0004680865590253806
373.8802597000031,-2.3216857675277888e-05,-0.00046808943947681365
373.93546120000246,-2.3220622580332273e-05,-0.00046809231789653833
373.9793126000004,-2.3224356210404055e-05,-0.00046809518430365
374.0339480000039,-2.3228116763384184e-05,-0.0004680980283286656
374.08738180000364,-2.3231905738073743e-05,-0.00046810085924194717
374.12934060000407,-2.32356651253197e-05,-0.00046810369136537184
374.180775300003,-2.3239394048045857e-05,-0.00046810652687497673
374.2351531000022,-2.3243179114750366e-05,-0.0004681093185862833
374.28485779999755,-2.324693362811724e-05,-0.0004681121070335341
374.33011880000413,-2.3250658820494035e-05,-0.0004681149108351695
374.3837435000023,-0.6079520642780398,0.33057176989265963
374.4347284000032,-0.9102958873664726,0.5693306803459777
374.4804107000018,-1.1488047672289008,0.8022844886317846
374.53636350000306,-1.3300577607265751,1.2278839223526066
374.58383049999975,-1.3612523697394,1.4610779034978183
374.6354347000015,-1.7748275534614144,1.9457292509514375
374.68654570000217,-1.8325685948918762,1.8264186155215707
374.7280432000043,-1.6968475539318,1.6940980421021083
374.783571400003,-1.6044200896240506,1.5695466128439926
374.8341508000012,-1.454139548048346,1.4521445924092402
374.878326500002,-1.345060131745034,1.343588510609161
374.9289837000033,-1.2463318001263703,1.245201855231918
374.9793258999998,-0.6674452293480209,1.738064376586463
375.0328454999981,-0.21691484013867005,2.137414110390869
375.07726650000404,0.23341174877908663,2.5951221930793347
375.1360268999997,0.7115783726458904,3.1483598002906583
375.18672479999805,1.3355158125710223,3.8832776192095393
375.2380171000041,2.2355624396855793,4.723227308014457
375.2765836000035,3.6815998769904645,5.733190807398907
375.3360704000006,4.868777570433365,6.556996658945437
375.3857929000005,6.097917565920008,7.212080567800903
375.4335437000045,7.305292268937155,7.788504269819207
375.4808176000006,7.276944438251983,8.059319670542898
375.53649620000215,7.183048508494009,8.393383023214563
375.58816659999866,7.068599054217984,8.878798294894818
375.6293674999979,6.927378751384731,9.0727763634947
375.68616830000246,5.763539344792158,7.999601096746371
375.73656499999925,4.7996401159322515,7.154039484083686
375.7804778999998,3.8342159427326417,6.29476603106175
375.8382128000012,2.970619288071377,5.416495710576507
375.8767697000003,2.1547687598358336,4.506066324659586
375.9360261000038,1.4291586336706668,3.623820748623182
375.98328510000283,0.5277327567940996,2.765277429586129
376.03530650000175,-1.0383928922284581e-05,1.8408041882893438
376.08550719999766,-0.00015622290104338164,1.1737154692668585
376.13463700000284,-0.0004611490715797315,0.5852349205985846
376.1798196000018,-0.00036005982102013125,-0.00022280158580326067
376.22903770000266,-0.00021939403799266992,-0.0007852928185974725
376.28247089999786,-0.00016886771402897118,-0.0007048995667190326
376.3279091000004,-5.340303294026211e-06,-1.7012312444901703e-05
376.3805330000032,-0.0004707270808043974,3.8552122208525884e-05
376.43786810000165,-0.0003787422099671579,9.079097501593567e-07
376.4852271999989,-0.0004552820627342936,-0.00011882195849477877
376.536425600003,-0.00042202586767528836,-6.709018229861804e-06
376.5790801000039,-0.0003357129150898441,-0.0005272593951677141
376.6365530000039,-0.0004071733044681413,-0.0004887567816228995
376.68509600000107,-0.0004270500282073566,-0.00045970759945472973
376.73299000000407,-0.0003755000223931785,-0.0005360752573413588
376.7848998000045,-0.00042219716474071003,-0.0005150136336961426
376.832802500001,-0.00038844899034666617,-0.0004870401707722045
376.88589409999986,-0.00040456247948970057,-0.0005202368498668559
376.9308810000002,-0.0004909272286422419,0.00023954441985301928
376.98388780000096,-0.0006478671628080149,-0.00014732737279047635
377.0364518999995,-0.0006262414375973022,-0.00016785299062089284
377.0806661000024,-0.0005096396778435811,-0.0001823812553427253
377.1336109999975,-0.0004504056634887641,-0.00020367767010498312
377.1853226000021,-0.0005192364925365463,-0.00018152324798866986
377.2338555000024,-0.0006279875089459307,5.2873159806003784e-05
377.2853733000011,-0.00060102827737086,-9.136345449087558e-05
377.3353806000014,-0.00017915650529239753,-3.132345582915284e-05
377.38596959999995,-0.0002693741047058374,-9.836496142066513e-05
377.42682530000457,-0.00013226477722518508,-0.00015621286673111166
377.4839154000001,-0.0002852803191125917,-0.00012651227372385693
377.5404641999994,-0.0003145377645123731,-6.956659160124251e-05
377.57994090000284,-0.0005050627006407652,3.979991367867623e-05
377.6312457000022,-0.0004128744343752126,-0.0004741957299723029
377.67677299999923,-0.000494577509641946,-0.00038830618960321344
377.72713769999973,-0.0005769904655408204,-0.00032066914599269855
377.7779310000042,-0.0005608110510880964,-0.000283260339184818
377.83516039999813,-0.0005099802663620819,-0.0003913267367045509
377.8869202999995,-0.0006162367448507656,-0.00036389134452416866
377.93595800000185,-0.0004650919818280459,-0.00026982574983269145
377.9814186000003,-0.0006616656556175706,6.230180904237765e-05
378.0335902000006,-9.010740154033338e-07,-0.0006585058821802059
378.0860066000023,-5.044625634447387e-05,-0.0004641987981593494
378.13733350000257,3.801088884206754e-05,-0.0004065334579173965
378.1867596000011,4.101669387472207e-06,-0.00027149886010524317
378.2278002000021,-5.232761242650974e-05,-0.00024385541328470395
378.27995920000103,-7.770816304327235e-05,-0.00022582238523608325
378.3357374000043,-0.00036681871454834,-0.00012191854086585817
378.38002779999806,-0.00042546155132398855,-6.403301808794275e-05
378.4362009000033,-0.0003975185610078495,-0.0004883786940200055
378.48468870000215,-0.0003042476446505958,-0.00038372853961080196
378.5326991000038,-0.00012579917919043395,-0.0006358516715865133
378.5877567999996,-0.00011175740495261352,-0.0006294186976995592
378.62668049999775,-6.575296807593271e-05,-0.0006448434864320503
378.6789843000006,-0.0005152094502035967,-0.00041914535780298543
378.72996380000404,-0.00017408373841916447,-0.000614167553174419
378.778069400003,8.86788293797683e-05,-0.0006724696106649077
378.8296597000008,-2.2767926000109793e-05,-0.000675795981041296
378.87955330000113,-2.5887138233061954e-05,-0.0006762492348341305
378.9280751000042,1.614372085458142e-05,-0.0006822691789301625
378.98549549999734,-0.0005476865374454856,3.632120035849111e-05
379.0379646000001,-0.00039456117031994454,1.6946552428025342e-05
379.087924200001,-0.0005783401506878059,5.576362900055624e-05
379.1367704000004,-0.0004225818230847771,-3.650923306178787e-05
379.1854009000017,-0.0004967367349127583,-0.00015821210039861861
379.2379282000038,-0.0004966339057453546,8.410047929460333e-05
379.2858788000012,-0.0006093860754689522,8.478820132115038e-06
379.3303668000008,-0.0005406061404989292,-8.853579736020362e-06
379.3845031000019,-0.0005135489914386604,-1.1088991766504783e-05
379.435699499998,-0.00041330203965417707,-0.0002520716496010229
379.481720900003,-0.0006701781011438687,-1.9867358425092216e-06
379.5345579999994,-0.0005174958700237476,-0.00035391639503829647
379.5801078000004,-0.0005058053234151538,-0.0003486117657635563
379.63599960000283,-0.0004419387551309727,-0.00037359215916466155
379.6856199000031,-0.00040506451978237357,-0.000495844451807019
379.73486219999904,-0.00045321992186511196,-0.00037875319129966796
379.77959669999836,-0.0004674829235892979,-0.00040426561662762944
379.83712370000285,-0.00044215032843429483,-0.00044926845781468694
379.8867040999976,-0.0004102507431498151,-0.0005176679950490921
379.93446109999786,-0.0005325507158937572,-0.000373206251944592
379.9819368000026,-0.000494303518728654,-0.0003129170968567367
380.0315460999991,-0.0004848879741013169,-0.0003830010647304645
380.08565700000327,-0.0004167178629284207,-0.0004798339793036318
380.1342975000007,-0.0005994854733141205,-0.00018966698807097002
380.1869774000006,-0.0006163356950099437,2.4621480854159126e-06
380.2354344999985,-0.0005819064667081,-0.00023620213740498715
380.27852500000154,-0.0005500560916150423,-0.00024831015954547385
380.3293900999997,-0.0005756833898431375,-0.00022300577624281755
380.38576099999773,-0.00045444871143521194,-5.3189621684928284e-05
380.43338400000357,-0.00046608339377503174,-0.00023948566881009962
380.48145459999796,0.0006088810923580668,-0.00031100449930972793
380.533305500001,-0.00017553810030009233,-0.0003609238395268745
380.5773943000022,-0.00018363921526229197,-0.0003191246373855743
380.63491919999797,-0.00011220271028966302,-0.00025827555383026304
380.68486049999774,2.1170655506461e-05,-0.0003233697692704893
380.7346808000002,-0.0003186643355750168,-0.0003695905794748236
380.7851886999997,-0.0002907980100833935,-0.0003666146325165101
380.8330649999989,-0.00028382953714580584,-0.00037182300465287983
380.8825431000005,-0.00011934998489516087,-0.0005765921806718441
380.9371949999986,-8.796406568153905e-05,-0.0006441765164861068
380.9816453000021,-8.105938446031181e-05,-0.0002441711041359425
381.02833790000295,-0.00012661286102345776,-0.0001491838509588946
381.0853481000013,8.65866833899813e-05,-0.00018625483493314924
381.1341393000039,-0.00036008397070238536,3.157666714495687e-05
381.185126700002,-0.0003244541572970871,-3.6277588905153335e-06
381.23038559999986,-0.00032844392329245636,-0.00045307411627251183
381.2842954000007,-0.000590634040144319,-0.0003194377361741374
381.3348616000003,-0.0005643986264804304,-0.00033466627691371414
381.38357240000187,-0.0006064569538237018,-0.0002477872241615887
381.43115979999857,-0.00035819827320978206,-0.0001873779573282366
381.4807751000044,-0.0005768327876978151,-0.0003004075884969735
381.53917250000086,-0.0005050852002373955,-0.00038108319486753736
381.58621700000367,-0.0005472191946032804,5.378384413117736e-05
381.633058899999,-0.0006392553245654399,-4.1567809727676515e-05
381.6785089000041,-0.0005950744369390452,-6.908404630307822e-05
381.73492629999964,-0.0005800559305559978,5.698926619507037e-05
381.7842836999989,-0.0006017036511721923,7.154289081441332e-05
381.8329389999999,-0.0005806175268976535,7.974189433220506e-05
381.88408309999795,-0.0005092401249528065,-0.0002652531274630469
381.92747360000067,-0.00041384141668610605,-0.0004067880432507674
381.9864405999979,-0.00035790701902789794,-0.0005142316041439128
382.0273596000043,-0.0004358147345236625,-0.0005251435747599384
382.0773311000012,-0.0004688448881859607,-0.00027055934630515027
382.12880849999783,-0.0004350272895699729,-0.00038541486837632207
382.18739160000405,-7.162782854626133e-05,-0.000632958193146316
382.23620169999776,-0.0005303229866926376,-0.0003965123906552556
382.2795091000007,-1.7120142703512857e-05,-0.0005398882883822874
382.3358386000036,-0.00041135155627935815,-0.00014614426788753956
382.38403919999837,-0.00032392398656754575,-0.00021790628012854067
382.4325411000027,-0.00021141411844528404,-0.0002751630246298249
382.4845148000022,-0.00019194127893216594,-0.00036161471932469184
382.5357440000007,-0.00017484346695480302,-0.0004618528802077782
382.5837481999988,-0.0001824296152865526,-0.00047597448640334614
382.63175110000157,-0.00015005211213018965,-0.0004440082413716875
382.68840949999867,-0.00010536220581013411,-0.000342676511522679
382.73128920000454,-0.00035262044521028703,-0.0004231968333969006
382.775665000001,-0.00031689568643120564,-0.0005374927803264685
382.8350780000037,-0.0002720368351086782,-0.0005750641477632988
382.883195800001,-0.0002696738783783897,-0.0005409538750289902
382.9337558999978,-0.0002443948294353404,-0.0002559565420948402
382.97766440000123,-7.57586629985415e-05,-0.0002713502514243263
383.0296415999983,-0.000371651244624457,-0.00047657731965055803
383.084766400003,-0.0004661151582605182,-0.00017009442778732377
383.1347119999991,-0.0005160751159593454,-6.262046348410012e-05
383.1821659999987,-0.0005455604190086131,4.644354589804284e-06
383.23202870000387,-0.0005108715680667497,-9.144458260065817e-06
383.2864174999995,-0.000532330039305642,-6.960684766083944e-05
383.33418399999937,-0.0004942778617521105,-7.619087840645031e-05
383.3862040000022,-0.0006393363910300926,-5.424770108680148e-05
383.4334241000033,-0.0006774814894935609,-2.113775084135722e-05
383.4861450000026,-0.0006850638754071968,2.0015480384234982e-05
383.53459139999904,-0.0005862246156076848,2.0271193879058556e-05
383.5843249000027,-0.000621113716122066,-0.00030133674915372395
383.6352398000017,-0.0003593709771159898,-0.0005115941412735766
383.68060479999986,-0.00033016884151183037,-0.0005828719973357773
383.73481560000073,-0.0003469385328918505,-0.000526478805261109
383.78325680000125,-0.0003138175716570192,-0.0005549384080273345
383.8339909999995,-0.00013860544493274178,-0.0006124317872378702
383.8864556000044,-0.00012275677244167615,-0.0006312697203180853
383.9373587000009,-0.00016167101857272694,-0.000624403305239857
383.97872169999755,-0.000424722317494281,-0.0003603473064833449
384.0372012000007,-0.0004226617124854277,-0.0003700162538178212
384.07964119999815,-2.357001722132974e-05,-0.0005659423535127537
384.1344057000024,5.2691192525870755e-05,-0.0005932084200730097
384.1834139999992,3.5532160663797355e-05,-0.0005497884975736712
384.22924010000133,-0.00010469255192778756,-0.0004576802878083871
384.28548020000017,-0.0004885580706113645,-0.00027297343230014976
384.33697850000317,-0.0005256339754577684,-0.00024328066743379098
384.38364939999883,-0.0005442477662387933,-0.00027338847168634293
384.43196239999816,-3.458892491873088e-05,-0.0006683372404855034
384.4764353999999,-2.7198156260535408e-05,-0.0006246298296363209
384.5272571000023,-9.360023514601828e-05,-0.0005904684115890027
384.586970700002,-3.0977473508581586e-05,-0.00015019471320003113
384.62847619999957,-2.877220064425996e-05,-0.0003122979404888928
384.6858014000027,-0.00015481999240967242,-0.0003211124583989281
384.7348006000029,-5.04188985506657e-05,-0.00032386672499428484
384.7823720000015,0.00020509854719597033,-0.00013898547361903982
384.82878640000126,-0.0006514757244797347,-0.00010172047648369908
384.88615140000184,-0.0004117477735383616,-1.370158475567788e-05
384.9319671999983,-0.00034418955151597764,-8.655869487847283e-05
384.9843220000039,-0.00032175612941264095,-0.00013979553967494147
385.03604749999795,-0.00031049384707256455,-0.00011240197572714708
385.0836646000025,-6.166557570136458e-06,-3.5971277781465404e-05
385.13456510000105,0.00010109636847675706,-5.3679946979184385e-05
385.1845317999978,-0.00011369819722395332,-0.00012368545192499128
385.23319459999766,-0.00012855165875137829,-0.00012841913825680025
385.277055700004,-0.0002707589015219462,-9.551703197283771e-05
385.3324588000032,-0.0001404701160169502,-0.00016986300206429388
385.38629930000025,-0.00017930070991841574,-0.00019447783783120497
385.43020129999786,-0.00011340204328924396,-0.00018994954222881927
385.48512299999857,-0.0001349157905507156,-0.00021564323650937112
385.5272713000013,-7.330926712907531e-05,-0.00021558012059965016
385.5896391999995,-0.0001345543755805416,-0.00022552991971761286
385.6375593999983,-0.00011930964233808807,-0.00022590875454778594
385.6788094000003,-0.00010615493531439698,-0.00024175238051177392
385.7311824999997,-7.551211420604828e-05,-0.00024944688323842734
385.7862279000037,-3.38423394419561e-05,-0.00027264026005480104
385.83649049999804,-2.258644736243659e-05,-0.0003091354542132542
385.88596099999995,-7.904152592449099e-05,-0.000138166414842681
385.93476770000416,-2.770418563449481e-05,-0.0001313625879185888
385.98560390000057,-0.00014891004590526433,-0.00014701722017854954
386.0329552000039,-0.0002182555204180068,-7.156936412129333e-05
386.07995700000174,-3.563998607350927e-06,-3.491689932747373e-05
386.1365380999996,6.392786344739097e-06,-3.695371928184084e-05
386.18490620000375,-4.51052988293254e-06,-3.3624343490110326e-05
386.23385000000417,-6.710225491929898e-06,-1.2962050988119675e-05
386.2844067000042,2.5849117235600322e-06,-1.2999699539063168e-05
386.3343728000036,-7.945266333749268e-07,-1.1261134691419574e-05
386.3839497000008,-0.37230475731317203,0.6294045024587577
386.4298127000002,-0.5016150585755094,1.0985379165894247
386.4842693000028,-1.024141504055222,1.5742818059497863
386.5311905999988,-1.3944496557135948,2.307901380031005
386.5830137000012,-1.8107528287724868,2.826019961761254
386.6274066000042,-2.415123468666995,3.25676897620783
386.686182999998,-3.2111123764716516,3.5314184147699246
386.7295757000029,-3.6011938400190817,3.6002273184956084
386.77748760000395,-3.6012787101624597,3.60032022591497
386.8273524000033,-3.6009812272780555,3.6001068829928053
386.8842386000033,-3.600094503664352,3.600026668232901
386.9289329000021,-3.4397775978414837,3.4394471277364254
386.9884538000042,-3.1741227029256103,3.174323259273668
387.0302759000042,-2.9272337654189227,2.9274416507671104
387.0834384000045,-2.7014990954654325,2.701525683238312
387.12759180000285,-2.493065104796559,2.493158816010334
387.1837753,-2.301271981271814,2.3008621954385577
387.23321430000215,-2.1250189929439203,2.124652590099581
387.2816552000004,-1.9623328891822658,1.9621991551072089
387.3301308000009,-1.8126293717123587,1.8126288130171047
387.37965460000123,-1.6754954658475683,1.6747041320778746
387.43304960000387,-1.5487919870832851,1.548036670515862
387.4816041000013,-1.4309251675147907,1.4304781479319004
387.53555490000144,-1.3236628238607426,1.3301058852700698
387.5827274999974,-1.223288528442488,1.222586426727358
387.63036280000233,-0.46961668600420553,1.7677100412355264
387.68669980000413,-0.07306249640002645,2.1580542305038453
387.7344845999978,0.28515513975512563,2.5846202272018437
387.7880621000004,0.7411670870225977,3.182979552511141
387.8390461000017,1.4082956283709696,3.977765538856257
387.88676490000216,2.546952231895998,4.892859704293958
387.9335948000007,3.7612417115356034,5.751474712680361
387.97978230000444,5.038452980250055,6.477760736862448
388.0345035999999,6.277314208750101,7.10102745230354
388.0804008999985,7.424185125622537,7.81632378003066
388.1354561000044,7.547551420746974,8.233560575851623
388.18232900000294,7.54010129051925,8.459467034318061
388.23294980000355,7.542034380897578,8.45781633817154
388.27687210000295,7.550797181080294,8.44908978351353
388.33498580000014,7.558949325005486,8.440976691808505
388.38781649999873,7.562393797000676,8.437340660385424
388.4386316000018,7.561042825064734,8.438276431122825
388.48307940000086,7.556217993302811,8.44357805228365
388.53326150000066,7.547482079263793,8.452474488293594
388.5838236999989,7.533348407161809,8.466399205831298
388.63640309999755,7.511769508317381,8.488020190134066
388.6786060000013,7.4797321048613234,8.520047796228425
388.73418859999947,7.432071753070444,8.567592166846541
388.7793368999992,7.360523485678204,8.639133837345977
388.8325827000008,7.246273360194539,8.753329885595791
388.88386660000106,7.048251890061246,8.951395471366167
388.93423600000096,6.175958233525708,7.919297639206414
388.98886360000324,5.25826713893521,7.0150170328431205
389.036706400002,4.386051267854927,6.091314616044961
389.08532900000137,3.5472179659137506,5.159523935378252
389.13573980000365,2.706497639848679,4.2210482919999235
389.18512410000403,1.8887969812390033,3.280328974812324
389.2351309000005,1.0667714158803858,2.505766521974241
389.28047840000363,0.17401322199581867,1.5538249701821727
389.32941890000075,-0.044399961369644976,2.088390154321018
389.38510320000205,-0.303397459237578,2.481280043261416
389.43116259999806,-0.7142865464864318,2.975045158537878
389.48668069999985,-1.2783545424128009,3.490423706532593
389.5324957999983,-2.0652359527214452,3.5999010763682473
389.5876417000036,-2.896756732839571,3.6000045852889917
389.631163500002,-3.6004087586888502,3.59961950898288
389.68177870000363,-3.6839973607548195,3.5841478385360417
389.7343785999983,-3.6161236370989362,3.60028379891404
389.78308339999785,-3.6104896526373,3.600140936916816
389.8340739999985,-3.6004698503803767,3.599983778507398
389.8870709999974,-3.5998272783327563,3.5999642852468314
389.9311142000006,-3.5999763416358803,3.5999480499039604
389.97879190000094,-3.600084245230816,3.599828422245083
390.0354905999993,-3.6000934672814178,3.6000974915682056
390.08540090000315,-3.6004812161628474,3.600046823646604
390.13940739999816,-3.6000512880252393,3.5996442904253865
390.179131900004,-3.6003190748715377,3.5996493814019295
390.2364161000005,-3.585354220782365,3.585043376816551
390.2834127000024,-3.332478574084879,3.3321004437217745
390.3364225000041,-3.0962402609267206,3.0962006566362947
390.3795276000019,-2.880260768006728,2.8798759687197615
390.43551090000255,-2.6847389385144904,2.684568294883739
390.4806519999984,-2.503587897489968,2.503353256662834
390.53801390000444,-2.3373745519495377,2.3370380887165316
390.5856034000026,-2.181614544272071,2.1815940834504968
390.63254679999955,-2.037929965345188,2.0378268631906815
390.67909850000433,-1.904819083359493,1.9047629046350973
390.7399411000006,-1.7816208885575155,1.7811414229140976
390.7787346999976,-1.669735718486818,1.6676157698949414
390.8367666999984,-1.5594056153314977,1.5590710794895286
390.8849752000024,-1.4596505945085818,1.459576200074053
390.93394270000135,-1.3665180401536017,1.3661418873427407
390.9792996000033,-1.2799090551928947,1.2803822227350201
391.03052059999754,-0.8025343472878722,1.7212593193912114
391.08386659999815,-0.35059568046835954,2.1359490697478467
391.1294347000003,0.14873780464590394,2.6585049347451517
391.1834968000039,0.6595234051953835,3.2749831711438837
391.2359903000033,1.4013493910269317,4.082507275238855
391.2863786000016,2.594069312996313,4.965771105733356
391.3326425999985,3.7224626804961076,5.864974499586231
391.3852554000041,4.920505388195801,6.656158024675622
391.43689489999815,6.211725739639159,7.45757805300763
391.48443419999967,5.420601693359325,6.0952793341782385
391.5341702000005,4.536807337818278,5.1022837676966875
391.58172300000297,3.659351443744403,4.13652057755508
391.6326642999993,2.7908393547748753,3.1862023934642147
391.68371209999896,1.919032512888891,2.2358917384441432
391.7360539000001,1.055324160001657,1.28854668233329
391.77803850000055,0.19728682743762777,0.3605804491566775
391.8401873999974,-0.0005063425652106513,-5.113343486411725e-05
391.8818395999988,-0.0004637610053316634,-4.9087781380009076e-05
391.9345777999988,-0.0004529987500668741,-4.902248278431176e-05
391.9869249999974,-0.000453834514058224,-4.946428582846104e-05
392.0308981999988,-0.00045420782415286773,-5.020558923600937e-05
392.0862823999996,-0.00045505862518180497,-5.166620774826086e-05
392.1300243000005,-0.0004561931441494694,-5.3575468267391084e-05
392.17904830000043,-0.00045711487262079843,-5.522314664862624e-05
392.2390882000036,-0.00045781830406722585,-5.656381526919165e-05
392.27677580000454,-0.0004583737886144767,-5.768497353680677e-05
392.3341978000026,-0.0004588296611992986,-5.865432579915542e-05
392.38565440000093,-0.0004592160895108717,-5.9516150131888086e-05
392.43320400000084,-0.000459552167520045,-6.02991934967603e-05
392.48655940000026,-0.0004598503890570944,-6.102256183143734e-05
392.5336910000042,-0.0004601192305381169,-6.16993435565443e-05
392.5801103999984,-0.00046036464134299,-6.233878144529467e-05
392.6338026000012,-0.00046059092806429613,-6.294759038328048e-05
392.68023769999854,-0.0004608012941888171,-6.353077744997493e-05
392.7348204000009,-0.0004609981817617296,-6.40921651030063e-05
392.7803084000043,-0.00046118349343953857,-6.463473425095007e-05
392.8346315000017,-0.0004613587394787472,-6.5160853104989e-05
392.886628799999,-0.00046152514068267483,-6.567243648481475e-05
392.9345011999976,-0.000461683697850071,-6.617105513673815e-05
392.97907880000275,-0.0004618352429376616,-6.665801589317923e-05
393.03672680000454,-0.00046198047645176597,-6.713441866319073e-05
393.08544899999833,-0.00046211999356143726,-6.760119914828892e-05
393.13605310000275,-0.00046225430567842164,-6.805916155378725e-05
393.1834153000018,-0.00046238385600444443,-6.850900253353147e-05
393.2323370000013,-0.0004625090306299708,-6.895133021634661e-05
393.284553700003,-0.0004626301698175413,-6.938667946882814e-05
393.33411580000393,-0.0004627475740379149,-6.98155237872183e-05
393.38404699999955,-0.0004628615108978621,-7.023828437903039e-05
393.43119540000043,-0.0004629722199404904,-7.065533810669455e-05
393.4860292000012,-0.0004630799156588061,-7.106702333288203e-05
393.5365852000032,-0.00046318479309887233,-7.147364658184321e-05
393.58644930000446,-0.0004632870277633568,-7.187548463356594e-05
393.63431390000187,-0.0004633867804132475,-7.227278995415378e-05
393.6826801999996,-0.00046348419733291776,-7.266579302590666e-05
393.73278440000286,-0.0004635794127240452,-7.305470480368926e-05
393.78336539999873,-0.00046367255013294196,-7.343971917407504e-05
393.83314690000407,-0.00046376372324713944,-7.382101482190871e-05
393.8794917999985,-0.00046385303749133476,-7.419875698307079e-05
393.93594000000303,-0.0004639405903895997,-7.457309834930943e-05
393.9780290999988,-0.0004640264727130751,-7.494418099170172e-05
394.03318600000057,-0.00046411076883871063,-7.531213657575952e-05
394.08409440000105,-0.00046419355790320384,-7.567708846113864e-05
394.1282546000002,-0.0004642749138036927,-7.603915147959433e-05
394.19060829999944,-0.00046435490563837684,-7.639843322145208e-05
394.2364682000043,-0.0004644335986904518,-7.67550344061447e-05
394.28540610000346,-0.0004645110542435346,-7.710904981063626e-05
394.3265453999993,-0.00046458732994040456,-7.746056833742319e-05
394.38201259999914,-0.0004646624807599999,-7.780967401512296e-05
394.4354932999995,-0.00046473655821458723,-7.815644575561254e-05
394.48644230000355,-0.0004648096113343911,-7.850095821583927e-05
394.52899900000193,-0.0004648816868348204,-7.884328214060202e-05
394.5856230999998,-0.00046495282912687797,-7.918348441667469e-05
394.63062860000355,-0.0004650230802207093,-7.952162827819745e-05
394.68549930000154,-0.00046509248052843243,-7.985777404775054e-05
394.72978149999835,-0.0004651610686858085,-8.019197886990085e-05
394.78780940000433,-0.00046522888137460637,-8.05242969387975e-05
394.8294134000025,-0.00046529595412265676,-8.085478026561369e-05
394.882451999998,-0.0004653623208562934,-8.118347806376049e-05
394.92736480000167,-0.0004654280142632579,-8.151043756906429e-05
394.9778264999986,-0.000465493065604655,-8.183570344579739e-05
395.0350566999987,-0.0004655575055240281,-8.21593188802476e-05
395.0836702000015,-0.0004656213630668929,-8.248132479246016e-05
395.12502510000195,-0.00046568466656267177,-8.280176037747107e-05
395.1854480999973,-0.00046574744354628355,-8.312066360907117e-05
395.23670839999977,-0.0004658097205735688,-8.343807043073085e-05
395.2856690999979,-0.0004658715235807255,-8.375401549667406e-05
395.33520719999797,-0.0004659328777032026,-8.406853202199816e-05
395.3814252000011,-0.0004659938074526432,-8.43816520144329e-05
395.4334041000038,-0.00046605433663431025,-8.469340617580829e-05
395.4860614999998,-0.0004661144888723622,-8.500382393674892e-05
395.53055750000203,-0.000466174286906942,-8.531293380778208e-05
395.5837298999977,-0.00046623375293904074,-8.562076315174194e-05
395.6346426000018,-0.000466292909617902,-8.592733851822439e-05
395.6806324999998,-0.0004663517779940481,-8.623268517035437e-05
395.7271355999983,-0.0004664103798292384,-8.653682775230745e-05
395.7830716000026,-0.0004664687359054599,-8.683978987158848e-05
395.8336625000011,-0.00046652686736066505,-8.714159477765533e-05
395.89101720000326,-0.00046658479426838037,-8.744226393389469e-05
395.935212700002,-0.0004666425375007983,-8.774181921170012e-05
395.98297979999916,-0.0004667001173069994,-8.804028127648542e-05
396.03551719999814,-0.0004667575539416147,-8.833767015112289e-05
396.0875337000034,-0.00046681486720616573,-8.863400508132859e-05
396.1307414000039,-0.0004668720776210438,-8.892930498391515e-05
396.17789659999835,-0.0004669292049898517,-8.922358789306779e-05
396.2334615,-0.0004669862693875034,-8.95168715210071e-05
396.2773961999992,-0.00046704329159668034,-8.98091731844367e-05
396.3366626999996,-0.00046710029124751316,-9.01005090176727e-05
396.3860296999992,-0.00046715728956260897,-9.039089577259276e-05
396.42931990000216,-0.00046721430671055667,-9.068034847745331e-05
396.4795099999974,-0.0004672713639132694,-9.096888269619335e-05
396.53160700000444,-0.0004673284066400617,-9.125646685407009e-05
396.58692059999885,-0.00046738525769656316,-9.15429748561157e-05
396.62851509999746,-0.0004674422319434115,-9.182861306919825e-05
396.6864956999998,-0.0004674993381763486,-9.211339408185901e-05
396.73899489999894,-0.0004675566012574313,-9.239733104052644e-05
396.7864350000018,-0.0004676140447303266,-9.268043641161728e-05
396.83553850000317,-0.00046767169328292495,-9.296272277118285e-05
396.8858828000011,-0.0004677295719618582,-9.324420206661068e-05
396.93226990000403,-0.0004677877067040175,-9.352488626055389e-05
396.98453130000416,-0.00046784612397503814,-9.380478658014275e-05
397.0372783999992,-0.0004679048516651105,-9.40839143579788e-05
397.07681920000323,0.4790405861002344,-0.4790980447128932
397.13152609999815,0.8606891357959173,-0.6617707174898794
397.1806714999984,1.27081989390447,-0.8126236993591018
397.2356751000043,1.6898736522038642,-0.9909555792984259
397.2837981999983,1.7411895783700475,-1.308044852745259
397.32834690000163,1.631826578310114,-1.6333957958858947
397.3883659999992,1.5117716731849422,-1.5130489849863344
397.43698289999884,1.394544645242426,-1.3964987154094957
397.4773400999984,1.2890897190796107,-1.290170425741603
397.5341197000016,1.6780633006637231,-0.8230088791811142
397.59001069999795,2.018765434543786,-0.33730689333583114
397.63592680000147,2.560616837575319,-0.17658335767309202
397.68412250000256,3.102982209959905,0.3961389060709244
397.7341153000016,3.802087564840618,1.197906285980095
397.7855916999979,4.6504913898846105,1.9340352526911488
397.83561329999793,5.513913117769627,2.9042082229129957
397.8828250000006,6.517136387698554,4.049683156367474
397.92853710000054,7.280740278457123,5.352498025649987
397.98620720000326,8.087129190737793,6.56716482785894
398.0358094000039,8.328593640609819,7.589493118021399
398.07787120000285,8.298111435401616,7.701817777265496
398.13042439999845,8.293141138861433,7.706810158709741
398.18010589999903,8.292461757495666,7.707516156943665
398.23614590000216,8.294310999226745,7.705199955677963
398.28592700000445,8.298716811869838,7.700935312299242
398.33241380000254,8.306636828529948,7.692802073010509
398.3848064999984,8.320019738658702,7.679468769915375
398.43526420000126,8.339775724394581,7.659554957283496
398.4865925999984,8.369020847167063,7.630816282802412
398.53448819999903,8.413120970305526,7.586579805892875
398.58526110000093,8.483193092789627,7.516376829742198
398.6281233000045,8.604069391926313,7.395583968254901
398.6874833000038,7.601814437277994,6.5158586360990025
398.73778300000413,6.715281236575453,5.630995793952974
398.7848993000007,5.808077343986337,4.782619077678926
398.8284036999976,4.901534380188043,3.929190510592056
398.8866121000028,3.9769624701883832,3.0897351547718146
398.9338541000034,3.0456080592941785,2.2558510045981355
398.9859331999978,2.103135230399364,1.4394399378295195
399.0349529000014,1.1578718322441737,0.640350239483521
399.08957720000035,0.24384905259372727,-0.00018203860895368493
399.1368500000026,-0.00023629740537627685,-0.0005813458019989932
399.18509939999785,-0.00021128643054058982,-0.0005126403600740632
399.227195200001,-0.00020759359280498173,-0.0004965878127936766
399.29193769999983,-0.00020855404591091906,-0.0004991495652816044
399.33414690000063,-0.00020787398103983446,-0.0004964871910383041
399.3841098999983,-0.0002083577229974372,-0.0004973886326596558
399.4339803000039,-0.0002083353810247208,-0.0004972683938185493
399.48118480000267,-0.00020876373092471606,-0.000498207688205268
399.53387340000336,-0.00020844472063986068,-0.0004976221777984403
399.58759660000214,-0.00020800861050296793,-0.0004983307429050318
399.6391231000016,-0.00020810377324731935,-0.0004987458457127161
399.6781355999992,-0.00020800697129197876,-0.0004970375368627745
399.73742740000307,-0.00020792943022951877,-0.0004969116852225537
399.7871085000006,-0.00020833910515683461,-0.0004975546768824722
399.83765760000097,-0.00020793502228966704,-0.0004966500544499504
399.8858024000001,-0.0002080350450131043,-0.000496870336931096
399.9388536000042,-0.00020813817764886927,-0.0004985350929974357
399.9809210000021,-0.0002081373334907925,-0.0004969105471551356
400.0265545000002,-0.00020822905802986787,-0.0004986816823825113
400.0838558000032,-0.00020894079114675598,-0.0004997539831751195
400.130092899999,-0.00020817560529873754,-0.0004969981580292469
400.18577119999827,-0.00020812717969076943,-0.0004987073641170282
400.2284007999988,-0.00020854070693654953,-0.00049745153146804
400.2781716000027,-0.00020811519098074474,-0.0004968757632238445
400.33348610000394,-0.00020822096489259636,-0.0004986887624412728
400.38954509999894,-0.0002088445122063801,-0.0004980711012635106
400.43837019999773,-0.00020803744309483754,-0.0004970017038373385
400.4859665999975,-0.00020814055637941514,-0.0004983887215824466
400.5379983000021,-0.00020820701225355225,-0.0004970027729043956
400.58750639999926,-0.00020819928630034173,-0.0004968772192258301
400.6351034000036,-0.00020828725580979656,-0.0004983976948379187
400.6796159000005,-0.00020826603859292416,-0.0004965529445187424
400.73462100000324,-0.00020835238668826488,-0.0004969267231268088
400.7868854000044,-0.00020893321015536578,-0.0004977347382926994
400.8336111000026,-0.00020886103957474286,-0.0004975678291395334
400.8877900000007,-0.00020874049737629758,-0.0004973912095206026
400.93012389999785,-0.00020873846892111597,-0.0004987395647480788
400.98235790000035,-0.00020974276895314333,-0.0005005805353906831
401.0372614000007,-0.00020835462494229144,-0.0004965084741136062
401.08650730000227,-0.00020908102722506157,-0.0004977719028419155
401.1344790000003,-0.00020840462489091736,-0.0004964224008428728
401.18177390000346,-0.00020893723807780586,-0.0004988344137767104
401.23444729999756,-0.0002093166232788389,-0.0004995230998626498
401.2848987000034,-0.00020935788795940042,-0.0004995599282030274
401.3327963999982,-0.00020934657360994306,-0.0004994931919642696
401.38238940000156,-0.00020914458780408397,-0.0004976245280295612
401.43599689999974,-0.00020827889599695453,-0.0004964621391444112
401.48142050000024,-0.00020854306124218892,-0.0004982365682369676
401.53799419999996,-0.00020924898138675134,-0.000499153579925777
401.5859028999985,-0.0002086941346404248,-0.0004983048945704479
401.6361315000031,-0.00020923910947235426,-0.000497549231893568
401.6840907000005,-0.00020868099323024253,-0.0004981180941175633
401.7340772000025,-0.00020911475103769294,-0.0004972301572934919
401.7789902000004,-0.00020899348718317941,-0.0004969457047985988
401.83611270000256,-0.00020859900979908747,-0.0004963155623825715
401.8832284000018,-0.00020902812022405903,-0.0004971457884371459
401.9347013000006,-0.0002086173660711454,-0.0004962699270537222
401.9857054000022,-0.00020927890084255308,-0.0004990610324227821
402.0325956000015,-0.00020986585937988366,-0.0005000595800784591
402.0891034000015,-0.00020916684251327054,-0.0004973013001073545
402.1347964000015,-0.0002090558126279846,-0.0004970133650648777
402.18097420000413,-0.00020870440869980586,-0.0004967180574864859
402.2357572000037,-0.00020871729307115353,-0.0004963858559202291
402.28489219999756,-0.00020871576861281613,-0.0004962350576130539
402.32959980000305,-0.00020979244060882085,-0.0004997853324316436
402.3847720999984,-0.00020888758200965956,-0.0004982835557508475
402.43389300000126,-0.00020884507511165803,-0.000497953688672749
402.4846847000008,-0.00020937804735577487,-0.0004973059745570705
402.537513700001,-0.00020983973486622017,-0.000499586358671952
402.580652800003,-0.0002092289953183954,-0.000496727937794169
402.63366230000247,-0.00020898004559089572,-0.000496513908666414
402.690191200003,-0.00020895589040193557,-0.0004964158702667929
402.73752819999936,-0.00020934734492628716,-0.0004985028618241496
402.7830446000007,-0.0002094085667760992,-0.0004969923196106095
402.83507960000134,-0.00020898680939152644,-0.0004977100043000675
402.88379420000274,-0.0002091243317849996,-0.0004980088080373773
402.9312601999991,-0.00020958789866987876,-0.0004970681896541907
402.9846506000031,-0.00020969462546394798,-0.0004987614680716782
403.0337170999992,-0.0002098928762575077,-0.0004991624171234174
403.0820681999976,-0.00020982782625878667,-0.0004989894887406922
403.13442919999943,-0.00021022465350762582,-0.0004997267428873163
403.1846288000015,-0.00020910737688085223,-0.0004964251830506703
403.2309596999985,-0.00020984528746904218,-0.0004990513432844017
403.2845180000004,-0.0002097721689688986,-0.0004974717336191032
403.3318446999983,-0.00020955893278463278,-0.000497018279500403
403.3845883000031,-0.00020907116742319772,-0.0004962625408287571
403.433743900001,-0.00021021907077335098,-0.0004996518641063625
403.48410950000107,-0.0002094731827553332,-0.000496481359103369
403.534945899999,-0.00020925230104241275,-0.0004979402554626492
403.58690220000426,-0.00020964206747265546,-0.0004970069897867944
403.6362853000028,-0.00020914314565768162,-0.0004963204099604661
403.68422909999936,-0.0002091158710750891,-0.0004980040412948211
403.730220700003,-0.0002091286060659288,-0.0004960240264316345
403.7863820999992,-0.00021072902498554287,-0.0005004678351859586
403.8371967999992,-0.000209141231866334,-0.000498002704275437
403.88588130000426,-0.00020962492719456974,-0.0004983231764464609
403.9283123999994,-0.000209754675495562,-0.0004969142575204839
403.98011119999865,-0.00020962420104209825,-0.000496523824068247
404.0250715000002,-0.00020917046729152587,-0.0004961810336388706
404.0869550999996,-0.0002099113598166354,-0.0004972630561882117
404.13568150000356,-0.0002099790297751611,-0.0004988865676912311
404.18304630000057,-0.0002097470112929561,-0.0004969905569761267
404.23583430000144,-0.00020956385059523597,-0.0004965584339831811
404.28048280000075,-0.00020956914306170105,-0.000496577893061974
404.33358520000183,-0.0002096542416787432,-0.000496632504377444
404.3852455000015,-0.00021001499521689702,-0.0004972840056414949
404.4377453999987,-0.00020930556924337416,-0.0004959951129711196
404.4804568000036,-0.00020998035916731302,-0.0004972878843499606
404.5252044000008,-0.000209342834423205,-0.0004979239452206032
404.57624609999766,-0.0002097526637936458,-0.0004967944427734707
404.62707120000414,-0.00020928986042024296,-0.000495992520877913
404.6766657000044,-0.00020931020200421578,-0.0004961739556340216
404.72532520000095,-0.00020965268567896972,-0.0004966089185996686
404.7757175000006,-0.00020967370052438913,-0.0004965537746324981
404.8267990000022,-0.00020993028608829644,-0.0004969935626829212
404.8770454999976,-0.00020935701327019047,-0.0004960458878998257
404.92774089999875,-0.0002094052768300059,-0.0004978071624704659
404.9760133000018,-0.00020936093809732043,-0.0004976700572766004
405.02468690000387,-0.00021086356362133064,-0.0005002776615424583
405.0774758000043,-0.0002098728330459727,-0.0004968619284904856
405.12621310000395,-0.00020977131921529778,-0.0004965857232429221
405.17588799999794,-0.00020983651213302875,-0.0004981908758648592
405.2336362999995,-0.00020947173498010017,-0.0004961263418655379
405.28257860000303,-0.00020944336200946051,-0.0004961781899136151
405.3331351000015,-0.00020945071609346894,-0.0004976375738273366
405.38198679999914,-0.00021007434526399625,-0.0004970954095471971
405.4359829000023,-0.0002098167463773299,-0.0004963489314123332
405.481031299998,-0.00020952966983701208,-0.0004961763184550715
405.5251628000042,-0.00020948370130802874,-0.000495947278601321
405.5777061999979,-0.0002095076362398431,-0.0004960906332183874
405.629657999998,-0.00021008303221515466,-0.0004971981273148224
405.67793900000106,-0.00021013146347415796,-0.0004987474230953851
405.7294961000007,-0.00020980786352731878,-0.0004965350285056248
405.78195560000313,-0.0002102089488034221,-0.0004972785976341197
405.828923699999,-0.0002102018775043202,-0.0004987247346442671
405.88226849999774,-0.00020948377578178926,-0.0004960746336500506
405.93167659999745,-0.00020992635284567594,-0.0004981734054286504
405.97795770000084,-0.0002099210751451771,-0.0004966710970953544
406.02864370000316,-0.00021020415372797425,-0.0004972832401427195
406.0795216000042,-0.00020945788638005567,-0.0004961837189130958
406.13483460000134,-0.00021014227250560567,-0.0004971940318908224
406.1774616000039,-0.00021010738418004372,-0.0004971923982420507
406.2292433000039,-0.00020989047456754968,-0.0004967662451625576
406.2814603000006,-0.00021002363849188167,-0.0004972471605700565
406.33629780000047,-0.0002100379988381272,-0.0004972610711538525
406.38262119999854,-0.00020973092942378637,-0.0004965485099327108
406.4344839000041,-0.0002091140572815293,-0.0004959804923774949
406.4824778999973,-0.0002093719882470046,-0.0004979337459808067
406.52806879999844,-0.00020979022107315453,-0.0004967925734354529
406.58133200000157,-0.00020939006806242714,-0.0004977059607567895
406.6272962000003,-0.0002093752412892846,-0.0004963491696217854
406.6751268000007,-0.00020999345388151493,-0.0004972122774070315
406.7257250000039,-0.0002100477476065863,-0.00049736039411482
406.7791421000002,-0.0002100699057485743,-0.0004972339045959602
406.825499700004,-0.00020970205247850695,-0.0004963186824423376
406.876511800001,-0.00020987708894160866,-0.0004965778226738341
406.92783410000266,-0.00021006002851620893,-0.0004969038131972997
406.9881577999986,-0.00021012608947291396,-0.0004971384715456088
407.0249610000028,-0.00020943612992786026,-0.0004959826635407441
407.0793361000033,-0.0002094327391402096,-0.0004960924001272289
407.12857420000364,-0.00021011489517187222,-0.0004973165572917592
407.1821130000026,-0.0002108748703657603,-0.0005001487919163763
407.23779880000075,-0.00020923585748478614,-0.0004960193292667551
407.2804160000014,-0.00021011867434884358,-0.0004972746356034162
407.32855669999844,-0.0002107666159603203,-0.0004999059732845072
407.37901879999845,-0.00021019130060940478,-0.0004987300105017957
407.4297837999984,-0.0002101782332288938,-0.0004973277456086989
407.479817200001,-0.00020940088442134684,-0.0004958472861425631
407.53212619999977,-0.00020947594348031515,-0.0004960746190617201
407.5806936000008,-0.00021018264853035157,-0.000497228630348255
407.6348072000037,-0.00021014340345649416,-0.000497088003304911
407.6806762999986,-0.0002105938681997794,-0.0004993258787565361
407.73322650000046,-0.00021000926089277037,-0.0004966491003131808
407.77929060000315,-0.00021023568715939592,-0.0004971721040757032
407.8273740000004,-0.0002100572630283702,-0.0004967494771866611
407.88068190000195,-0.00021015846698469674,-0.0004969966661337509
407.92871079999895,-0.00021023236918017116,-0.0004971434829036041
407.97907629999827,-0.0002102245804438486,-0.0004970958707227394
408.03227329999936,-0.0002102571756259576,-0.0004971893575410264
408.0838262000034,-0.00021023362879480598,-0.0004971096110427323
408.1287414000035,-0.00021023778170615415,-0.0004970866290819533
408.17805310000404,-0.00021009151390828033,-0.0004967296960876798
408.22756050000316,-0.00021000851678799258,-0.0004965254578946545
408.28190619999805,-0.00020934172886311712,-0.0004958436694911403
408.3362030999997,-0.00021028785394140123,-0.0004971165929133695
408.38197200000286,-0.00021034632797812508,-0.0004971332550183986
408.4332906999989,-0.000211125069638172,-0.0005000036520162773
408.4833514999991,-0.00021005630629367873,-0.0004963311113668939
408.532518400003,-0.00021042504478897253,-0.0004971095839310861
408.5808493000004,-0.0002099942637337002,-0.0004961715851191261
408.63456269999733,-0.00021008264005107567,-0.0004962415754770801
408.68189500000153,-0.00021052533606425724,-0.0004984449707433314
408.73242500000197,-0.00021045324365443749,-0.0004969101534034377
408.78264850000414,-0.00021009939749095586,-0.0004961469420759644
408.8348840000035,-0.00021055125027947546,-0.0004969927192464894
408.8846163999988,-0.00021054646055530262,-0.0004970092371224453
408.93228909999743,-0.0002105230918372308,-0.0004969293605837284
408.9811574999985,-0.0002105274062638246,-0.0004969064757119529
409.03113139999914,-0.00021024394560887575,-0.0004962425101960491
409.0839754999979,-0.00021054980661206762,-0.0004970015899395583
409.1345325000002,-0.00021053140630856448,-0.0004969367284567069
409.1884512000033,-0.00021053130164783995,-0.0004969051128243723
409.23356259999855,-0.00021054464084425406,-0.0004968994329455829
409.28694520000136,-0.00021055722647679025,-0.0004968919490987072
409.33405389999825,-0.00021056971182288056,-0.0004968841999973467
409.381172100002,-0.00021058221678661178,-0.0004968764890099425
409.4313081,-0.0002105947270905157,-0.0004968687843397073
409.4858643999978,-0.0002096217610605481,-0.0004954945723621568
409.5362615999984,-0.00021064150036465847,-0.0004969589742508026
409.5849623000031,-0.00021061339267070832,-0.0004968675573878338
409.6332296000037,-0.00021068387747758837,-0.0004969002381792404
409.68227350000234,-0.0002106731184949947,-0.0004968484347066174
409.73475029999827,-0.00021069485464121095,-0.0004969191654056932
409.78195499999856,-0.00021067206555947809,-0.0004968405012194169
409.8348990000013,-0.0002106759081967976,-0.0004968166500983386
409.88346560000355,-0.00021071015995378385,-0.0004969125770758115
409.9306338000024,-0.00021074379898978514,-0.0004968724290242615
409.98513000000094,-0.00021072868293693116,-0.0004968115299051803
410.0343200999996,-0.00021073070148892344,-0.0004967833210810148
410.0805846000003,-0.0002107276419807211,-0.0004967089584649496
410.134484000002,-0.00021072383956678183,-0.0004965452667159046
410.1852026999986,-0.00021085186556769376,-0.0004967878095572721
410.2331178000022,-0.00021083462536953577,-0.0004967195496484354
410.28222259999893,-0.0002108471465203187,-0.000496711013865244
410.33350639999844,-0.00021085997794513024,-0.0004967036440271708
410.3838681999987,-0.00021087254841201987,-0.0004966958072181912
410.4345831000028,-0.0002108851342777029,-0.0004966880080124656
410.4822196000023,-0.0002108977217976182,-0.0004966801973714426
410.53194690000237,-0.00021062443769116212,-0.0004960222699699917
410.5851627000011,-0.00021097453731822933,-0.0004967500128692703
410.6361926000027,-0.00021094489836027464,-0.0004966549991279507
410.68135959999927,-0.00021082476278101213,-0.0004962894795355781
410.73178120000375,-0.00021102534290019307,-0.0004966767990786843
410.7856058000034,-0.00021100926619356042,-0.0004966111660685463
410.8313679999992,-0.0002110214266883938,-0.0004966017650996539
410.88120809999964,-0.0002110343099162117,-0.0004965943526845279
410.93351619999885,-0.00021104692192764693,-0.0004965864505611278
410.9817735000033,-0.0002110595484607993,-0.0004965785859632659
411.03286169999774,-0.00021107217699235315,-0.0004965707116176458
411.0856485999975,-0.0002110848077221486,-0.0004965628276685966
411.13192710000294,-0.00021109744161607963,-0.0004965549377132409
411.18486680000206,-0.00021113145163310449,-0.0004966493106782395
411.23199430000386,-0.00021110783383649717,-0.0004965689410783751
411.284313199998,-0.0002111112856420053,-0.0004965441930414218
411.33242240000254,-0.00021112482149222375,-0.0004965383473064146
411.3852094000031,-0.00021113749443269855,-0.000496530507788491
411.4332463000028,-0.00021115013166840094,-0.000496522556004815
411.48186279999936,-0.0002111627831704691,-0.0004965146286460456
411.53469549999863,-0.00021117543899130492,-0.000496506703074735
411.5842937999987,-0.00021118809800958296,-0.0004964987735843374
411.63155830000323,-0.00021120076009207664,-0.0004964908387315625
411.6832463000028,-0.00021121342510555907,-0.0004964828984164903
411.7307561999987,-0.0002112260933941994,-0.0004964749529610857
411.78640599999926,-0.0002112291085822986,-0.0004964984780096615
411.83204809999734,-0.0002112428264313775,-0.0004965017058498789
411.88087030000315,-0.00021123995596084954,-0.0004964638023473199
411.9305558999986,-0.000211253564908152,-0.0004964580106024585
411.98060100000293,-0.00021126634170999078,-0.0004964502797420621
412.0317094999991,-0.00021127900807794528,-0.0004964422620222406
412.08400139999867,-0.00021129169264245517,-0.0004964342756329131
412.1320459999988,-0.00021130438200312856,-0.000496426292840708
412.1839908000038,-0.00021131707449463082,-0.0004964183067400383
412.2335893999989,-0.00021132976989491739,-0.0004964103152991959
412.2847804999983,-0.00021134246833721512,-0.0004964023182850338
412.34104189999925,-0.0002113551697549105,-0.0004963943160972325
412.3828219999996,-0.00021136787414800361,-0.0004963863085359517
412.43190080000204,-0.00021138058160531225,-0.0004963782959453606
412.48525569999765,-0.00021109648805662598,-0.0004957152966010438
412.53487940000196,-0.00021141849810858278,-0.000496448364862696
412.5835128000035,-0.0002113967808805668,-0.0004963712074600064
412.63179279999895,-0.0002114079188155856,-0.0004963603856720962
412.68391240000346,-0.000211421058449411,-0.0004963533254086111
412.7347002000024,-0.00021143375925648377,-0.0004963452366678229
412.78260109999974,-0.00021144647912608582,-0.00049633717249627
412.8302330000006,-0.00021145920685606686,-0.0004963291197267078
412.88279290000355,-0.00021147193762805907,-0.0004963210649698462
412.93309240000235,-0.00021148467129773337,-0.0004963130052613901
412.9828539000009,-0.00021149740813154323,-0.0004963049400129208
413.03059940000094,-0.00021151014745225273,-0.0004962968691578255
413.0845681999999,-0.00021152288989268885,-0.0004962887930624776
413.13329969999904,-0.00021153563517529596,-0.0004962807115159344
413.18389910000406,-0.0002115483833222785,-0.0004962726246736274
413.23207710000133,-0.00021156113427812522,-0.0004962645324023299
413.2808595000024,-0.00021157388818716523,-0.0004962564348352685
413.3318042000028,-0.00021158664503829626,-0.0004962483319613411
413.3850558999984,-0.0002115994046760871,-0.0004962402234474807
413.43175340000016,-0.0002116121671116399,-0.0004962321097044698
413.4843045000016,-0.0002116249324781815,-0.0004962239904769574
413.5325496000005,-0.00021163770067579186,-0.0004962158659314765
413.5824214000022,-0.00021165047164895976,-0.000496207735812676
413.6368446999986,-0.0002116632455087075,-0.0004961996004203162
413.6828596999985,-0.00021167602215511503,-0.0004961914595101479
413.73177990000113,-0.00021168880149936454,-0.0004961833131265802
413.78137810000044,-0.00021170158383011396,-0.0004961751613362263
413.83174339999823,-0.00021171436883650092,-0.0004961670040391663
413.8803535000043,-0.00021172715669616103,-0.0004961588413575245
413.93510889999743,-0.00021173994726476526,-0.0004961506731136654
413.9833378999974,-0.00021175274071994944,-0.0004961424995074291
414.0356488000034,-0.00021176553683966882,-0.0004961343204277932
414.08195089999936,-0.00021177833573494582,-0.0004961261357415312
414.1337626000022,-0.0002117911374723937,-0.0004961179456706874
414.18297560000065,-0.0002118039417189456,-0.000496109749926604
414.2324010000011,-0.00021181674888538413,-0.0004961015487091211
414.2817673000027,-0.00021182955872746013,-0.0004960933419849319
414.32942580000235,-0.00021184237145611596,-0.0004960851297762409
414.3810596999974,-0.00021185518679379595,-0.0004960769120275373
414.43558140000096,-0.0002118680047849089,-0.000496068688661105
414.48342770000454,-0.00021188082539614825,-0.0004960604598767843
414.53537060000235,-0.00021189364878294512,-0.0004960522254303263
414.58368809999956,-0.00021190647491199288,-0.0004960439854882642
414.6343134999988,-0.00021191930373888257,-0.0004960357400617004
414.6874667000011,-0.00021193213518589865,-0.0004960274889507947
414.7340729999996,-0.00021194496923083658,-0.0004960192321999561
414.7841277000043,-0.00021195780598471867,-0.0004960109698424912
414.8323279000033,-0.00021197064538093158,-0.0004960027020338312
414.88316170000326,-0.00021198348754159974,-0.0004959944285630338
414.93212479999784,-0.0002119963321225542,-0.0004959861494300991
414.98167990000366,-0.0002120091795123729,-0.0004959778647460491
415.0322090000045,-0.0002120220294335001,-0.0004959695743887596
415.0823720999979,-0.00021203488198585582,-0.0004959612783804348
415.1320648000037,-0.0002120477372249513,-0.0004959529767765859
415.18557639999926,-0.0002120605949509463,-0.0004959446694106797
415.2381078000035,-0.00021207345533037433,-0.0004959363565269648
415.2827305000028,-0.0002120863183188266,-0.0004959280379144993
415.3347455999974,-0.00021209918381638273,-0.0004959197136509986
415.380662100004,-0.00021211205194516755,-0.0004959113837031559
415.43185670000094,-0.0002121249226274653,-0.0004959030481597892
415.48287849999906,-0.00021213779589658265,-0.0004958947068765694
415.5367830000032,-0.00021215067161929296,-0.0004958863597868834
415.5829580999998,-0.00021216354995102734,-0.0004958780072015932
415.635431900002,-0.00021217643086958134,-0.0004958696487210189
415.68220440000005,-0.00021218931419731934,-0.0004958612846005116
415.73621229999844,-0.0002122022001673881,-0.0004958529147179466
415.78401699999813,-0.0002122150886576632,-0.0004958445391621422
415.83443550000084,-0.0002122279795349177,-0.0004958361577776667
415.8844767999981,-0.00021224087303229857,-0.000495827770731054
415.9367158000023,-0.0002122537689499657,-0.000495819377944588
415.9872299999988,-0.00021226666741004354,-0.0004958109793072469
416.03187459999754,-0.00021227956820158963,-0.0004958025748745416
416.0824003000016,-0.00021229247165767108,-0.0004957941648241077
416.1339783000003,-0.00021230537750073204,-0.0004957857489783096
416.18506190000335,-0.00021231828580848806,-0.0004957773271706139
416.23173820000375,-0.0002123311965365303,-0.0004957688997895987
416.2902780000004,-0.0002123441098291877,-0.0004957604664466858
416.3323432000034,-0.00021235702553102913,-0.0004957520274527376
416.3893284000005,-0.00021236994345331651,-0.0004957435824191762
416.4341971000031,-0.0002123828638736058,-0.0004957351316901708
416.48525650000374,-0.0002123957868363057,-0.0004957266751435966
416.5357310000036,-0.00021240871220818967,-0.0004957182127683516
416.5857407000003,-0.00021242163980051963,-0.0004957097444645156
416.6322631000003,-0.00021243457002407818,-0.0004957012704652355
416.68195040000137,-0.00021244750237926497,-0.0004956927904374444
416.7331567000001,-0.0002124604372879646,-0.0004956843046475957
416.78217679999943,-0.00021247337459474606,-0.0004956758130068718
416.8388010999988,-0.00021248631417748474,-0.0004956673153487391
416.88457460000063,-0.00021249925623602068,-0.0004956588120395712
416.9316142000025,-0.00021251220044838937,-0.0004956503025353588
416.98166520000086,-0.00021252514710324872,-0.0004956417872246799
417.0348047000007,-0.00021253809612288305,-0.0004956332660853302
417.0855068000019,-0.0002125510475628036,-0.0004956247392172297
417.13257950000116,-0.0002125640011010456,-0.0004956162061651869
417.1814317000026,-0.0002125769569929605,-0.0004956076672067576
417.2332022999981,-0.00021258991537177497,-0.0004955991224307598
417.2824965000036,-0.00021260287595993322,-0.0004955905716817619
417.3337881999978,-0.00021261583883515095,-0.0004955820149375598
417.38434229999984,-0.00021262880395301917,-0.0004955734520760289
417.43938830000116,-0.00021264177142456018,-0.0004955648835079515
417.48582100000203,-0.0002126547410943428,-0.0004955563088003408
417.5342260000034,-0.00021266771312890043,-0.0004955477282640593
417.58233389999805,-0.00021268068743941532,-0.0004955391416881645
417.630679300004,-0.0002126936637927405,-0.0004955305490171453
417.6861448999989,-0.00021270664267737424,-0.0004955219505729664
417.7330101000043,-0.00021271962354930715,-0.0004955133459115385
417.7842376999979,-0.0002127326067749129,-0.0004955047353548264
417.83325550000154,-0.00021274559230978252,-0.0004954961187473989
417.88479380000354,-0.0002127585798430536,-0.0004954874959782334
417.9320882000029,-0.00021277156980771314,-0.000495478867324886
417.98489770000015,-0.00021278456172636514,-0.0004954702326763343
418.0319657,-0.00021279755598758776,-0.0004954615918771469
418.0822160000025,-0.0002128105523582341,-0.0004954529450050397
418.13333209999837,-0.00021282355102704214,-0.0004954442921488304
418.1819355999978,-0.00021283655190519393,-0.0004954356332530077
418.23003269999754,-0.00021284955483725834,-0.0004954269680622205
418.2822252000042,-0.00021286255992315547,-0.0004954182969428425
418.33740150000085,-0.00021287556728500978,-0.0004954096197505443
418.38325279999844,-0.00021288857660085663,-0.0004954009363632018
418.43305800000235,-0.00021290158828147845,-0.0004953922468918372
418.4860974999974,-0.0002129146019605018,-0.0004953835513586548
418.53620899999805,-0.00021292761782666438,-0.0004953748497192456
418.58269930000097,-0.00021294063573563745,-0.0004953661418736899
418.6335276000027,-0.000212953655742932,-0.000495357427944112
418.6822608000002,-0.00021296667788185474,-0.0004953487078972052
418.73171459999867,-0.0002129797021079968,-0.0004953399815442315
418.7848482000045,-0.00021299272848797154,-0.0004953312491960536
418.8334111000004,-0.00021300575685524544,-0.0004953225106861379
418.8828377000027,-0.00021301878737635204,-0.0004953137659256666
418.93237950000184,-0.00021303181994026897,-0.0004953050150478664
418.98251220000384,-0.00021304485452479184,-0.0004952962579306127
419.03111860000354,-0.0002130578912409429,-0.0004952874946183147
419.0831924000013,-0.00021307092998880219,-0.0004952787251775856
419.1329736999978,-0.0002130839707128583,-0.0004952699494085851
419.1849629999997,-0.00021309701355744047,-0.0004952611676110737
419.2302946999989,-0.0002131100583560152,-0.0004952523794297798
419.28111689999787,-0.00021312310518629797,-0.0004952435850423393
419.33374170000025,-0.00021313615408159565,-0.0004952347845042632
419.38561610000033,-0.0002131492049308858,-0.0004952259775602002
419.4333648000029,-0.00021316225781188407,-0.0004952171643433772
419.4829097000038,-0.00021317531261356824,-0.0004952083450536342
419.5319659000015,-0.0002131883694136538,-0.0004951995193468022
419.58549889999995,-0.00021320142823434533,-0.0004951906875337434
419.633184600003,-0.00021321448906454045,-0.0004951818493702091
419.6840907000005,-0.0002132275517821148,-0.0004951730048673011
419.73730810000416,-0.00021324061636486378,-0.0004951641540694287
419.78537669999787,-0.000213253683079241,-0.0004951552969654896
419.83343279999826,-0.00021326675156997502,-0.0004951464335887903
419.8829274000018,-0.0002132798220591105,-0.0004951375638283086
419.93371959999786,-0.00021329289459105633,-0.0004951286878727825
419.9829267000023,-0.00021330596881054118,-0.0004951198054113494
420.03988689999824,-0.00021331904509504083,-0.0004951109166993606
420.0828870000041,-0.00021333212331132854,-0.0004951020217257142
420.13166150000325,-0.000213345203248462,-0.0004950931202128539
420.1822761000003,-0.0002133582851839968,-0.0004950842124494382
420.2349604999981,-0.00021337136905131976,-0.0004950752983244443
420.2869900000005,-0.0002133844546838973,-0.0004950663777379525
420.3359972000035,-0.00021339754229267186,-0.0004950574508009852
420.3821749999988,-0.00021341063167780317,-0.0004950485174691332
420.4337816999978,-0.0002134237229281092,-0.0004950395776646807
420.48599190000095,-0.0002134368159880788,-0.0004950306316318773
420.5297828999974,-0.0002134499110020409,-0.0004950216790376558
420.5850829999981,-0.00021346300778125757,-0.0004950127200929584
420.63397870000335,-0.00021347610640344447,-0.0004950037546867633
420.6884379000039,-0.00021348920691301054,-0.0004949947828523767
420.7321987000032,-0.00021350230909901336,-0.0004949858044787765
420.78504149999935,-0.0002135154130835775,-0.0004949768197769052
420.8315752999988,-0.0002135285190332364,-0.0004949678285136156
420.88211360000423,-0.00021354162658161643,-0.0004949588308554416
420.93295509999734,-0.00021355473598406893,-0.0004949498266358492
420.9823957000044,-0.00021356784726279837,-0.0004949408160657814
421.0307649000024,-0.0002135809601735556,-0.0004949317989453977
421.08721869999863,-0.0002135940749050786,-0.000494922775274698
421.13056840000354,-0.00021360719136854952,-0.0004949137451980116
421.1849452000024,-0.00021362030949735497,-0.0004949047084266804
421.23229379999975,-0.00021363342945802843,-0.0004948956652493623
421.28389620000235,-0.000213646551206161,-0.0004948866154884216
421.3366950999989,-0.0002136596746085258,-0.0004948775593103919
421.3862369999988,-0.00021367279967622518,-0.0004948684964377173
421.4312576000011,-0.00021368592655358803,-0.000494859427025829
421.48626949999743,-0.00021290431470056897,-0.0004949504051397608
421.53466910000134,-0.00021306676358824419,-0.0004951846986021705
421.5825154999984,-0.00021307998517873335,-0.000495256732258988
421.63319090000005,-0.00021306164489388697,-0.000495262254674846
421.6848317999975,-0.0002130456036033688,-0.0004952727133532138
421.73558810000395,-0.0002130296393068174,-0.0004952833880032666
421.78421759999765,-0.00021301365746874217,-0.0004952940312451101
421.8327336000002,-0.00021299767538641797,-0.0004953046692355986
421.8832066000032,-0.0002129816935705472,-0.0004953153039620315
421.93436199999996,-0.00021296571195451668,-0.000495325936934312
421.98379769999883,-0.00021294973080477974,-0.000495336568629836
422.0335961000019,-0.00021293374998810973,-0.0004953471989708879
422.08493190000445,-0.00021291776942679105,-0.0004953578276688098
422.13421270000254,-0.00021290178927625485,-0.0004953684552009974
422.1837968000036,-0.00021288580918122979,-0.0004953790809235215
422.2303439000025,-0.00021286982964131628,-0.0004953897052249602
422.28189559999737,-0.00021285385014581168,-0.0004954003281053133
422.33418679999886,-0.0002128378711054985,-0.0004954109494313542
422.3838245000006,-0.00021282189230943443,-0.0004954215692919009
422.43143899999995,-0.0002128059137354149,-0.000495432187542624
422.4836639999994,-0.00021278993536123555,-0.000495442804338955
422.53271459999814,-0.00021277395726461198,-0.0004954534193478269
422.58350280000013,-0.0002127579795121575,-0.0004954640329245112
422.6309193999987,-0.0002127420018929298,-0.0004954746448358609
422.68300380000437,-0.00021272602454015566,-0.0004954852552595117
422.73441090000415,-0.00021271004757595954,-0.000495495864062237
422.78508700000384,-0.00021269407063396787,-0.0004955064710664009
422.8340700999979,-0.0002126780939584298,-0.0004955170765717637
422.88545560000057,-0.00021266211750493625,-0.0004955276803673831
422.930526199998,-0.00021264614119577172,-0.0004955382825642813
422.9818252000041,-0.00021263016514195851,-0.0004955488831069473
423.0340845000028,-0.00021261418917696312,-0.0004955594819620742
423.08591180000076,-0.00021259821352283015,-0.0004955700789964353
423.13119839999854,-0.00021258223793531062,-0.000495580674265542
423.1846224000037,-0.00021256626261424458,-0.0004955912680136429
423.2360018000036,-0.00021255028757073428,-0.0004956018598743649
423.2817361999987,-0.0002125343124717129,-0.0004956124500919566
423.3341445000042,-0.0002125183375281227,-0.0004956230385887028
423.38513960000273,-0.00021250236288429268,-0.0004956336251980697
423.4346723999988,-0.00021248638826266717,-0.0004956442099089553
423.4815602000017,-0.00021247041377426838,-0.0004956547930877332
423.5319552000001,-0.0002124544394635053,-0.0004956653742348028
423.5832292999985,-0.00021243846526376454,-0.000495675953672129
423.6344251999981,-0.00021242249109733045,-0.0004956865311887695
423.681324600002,-0.00021240651707522538,-0.000495697106929053
423.7329871000038,-0.0002123905432196537,-0.0004957076808152642
423.78127870000026,-0.00021237456938628658,-0.0004957182528696072
423.8303741999989,-0.00021235859556402163,-0.0004957288228589356
423.88392459999886,-0.0002123426219749035,-0.0004957393911607248
423.93459769999754,-0.0002123266484301943,-0.000495749957386397
423.981772500003,-0.0002123106748632806,-0.000495760521713588
424.0324621000036,-0.00021229470144069597,-0.0004957710841645019
424.08632860000216,-0.00021227872804031577,-0.000495781644650321
424.1327966000026,-0.00021226275467324228,-0.0004957922031155344
424.18175920000067,-0.00021224678136167992,-0.0004958027596045506
424.2372128999996,-0.00021223080812783314,-0.000495813314261699
424.2869849999988,-0.00021221483480516855,-0.0004958238666984013
424.33317220000026,-0.00021219886160462852,-0.0004958344171700087
424.3828332999983,-0.00021218288841519067,-0.0004958449658208505
424.43415110000205,-0.00021216691515913946,-0.0004958555122512462
424.4815221000026,-0.00021215094189198607,-0.0004958660566499337
424.5311591999998,-0.00021213496866924152,-0.0004958765989169932
424.5846260000035,-0.0002121189954020881,-0.0004958871391745489
424.63256150000234,-0.00021210302212383241,-0.0004958976773115786
424.68342230000417,-0.0002120870489788035,-0.0004959082133391845
424.73161000000255,-0.00021207107560062782,-0.0004959187473683891
424.7818346999993,-0.0002120551022002476,-0.0004959292791771474
424.832811500004,-0.00021203912881096962,-0.0004959398086988465
424.8825097000008,-0.00021202315534397606,-0.0004959503361999397
424.9327154999992,-0.0002120071818991869,-0.0004959608615249957
424.9833409999992,-0.00021199120821014872,-0.0004959713844630723
425.0357690000019,-0.0002119752345988261,-0.0004959819055581785
425.08229810000194,-0.00021195926082097014,-0.0004959924242218963
425.1363710000005,-0.00021194328693209177,-0.0004960029407650882
425.18402929999866,-0.00021192731300990678,-0.0004960134549990162
425.2318172000014,-0.00021191133896559722,-0.0004960239670458048
425.2825379999995,-0.0002118953647769587,-0.0004960344767167162
425.3366984000022,-0.00021187939041068446,-0.000496044983900728
425.3859647999998,-0.000211863416177637,-0.0004960554892306674
425.43076660000224,-0.00021184744158931818,-0.0004960659919071737
425.48365970000305,-0.00021047682455833372,-0.0004937686667881373
425.53515080000216,-0.00021143675799107774,-0.0004964412425155394
425.5854013999997,-0.00021000209912159427,-0.0004940241520766189
425.63179520000267,-0.00021096112088359937,-0.0004967029884737815
425.6826443000027,-0.00021088420362215028,-0.0004965976967428913
425.7325392999992,-0.00021046272084014042,-0.0004969221277360743
425.7865011000031,-0.00021043845789293344,-0.0004969235039685355
425.8340481999985,-0.00020985734349188888,-0.0004968970277029112
425.8862459000011,-0.0002099568979676633,-0.0004971481035519126
425.9363560999991,-0.0002085673438403434,-0.0004948081067555731
425.9844078000024,-0.0002095266784965035,-0.0004975032885888517
426.0319651000027,-0.0002106436950868403,-0.0005059572183340195
426.083550299998,-0.0002090617607144524,-0.0004977848739771925
426.13130990000354,-0.00020898617512111247,-0.0004976772345686945
426.181614000001,-0.00020842647169306248,-0.0004976909889108042
426.23700310000277,-0.00020852453539466615,-0.0004979402723158347
426.2827999000001,-0.0002076555130072807,-0.0004972249803124258
426.3319388000018,-0.00020807328495764865,-0.0004982441232602412
426.38392680000106,-0.0002091820884844228,-0.0005067622271380841
426.43411220000417,-0.00020763272358137875,-0.0004985732019911744
426.4863484000016,-0.00020871665629163552,-0.0005070566112107596
426.53125900000305,-0.00020716148425603884,-0.0004988258088932379
426.58294110000134,-0.00020708727559460067,-0.0004987202061555719
426.63511429999926,-0.00020623470201619687,-0.000498006981731604
426.68131549999816,-0.00020664898872113912,-0.0004990247788781712
426.7361688000019,-0.00020576496534441407,-0.0004982545026908896
426.78108800000336,-0.00020618009337636443,-0.0004992778635647133
426.83262639999884,-0.00020725346975303615,-0.0005078256972056523
426.8843763000041,-0.0002057418355019283,-0.0004996043217474236
426.93471750000026,-0.0002067910041427841,-0.0005081174523590234
426.98739719999867,-0.00020527324022823272,-0.0004998529800635845
427.0359754000019,-0.00020519943405594766,-0.000499747007077642
427.0830494000038,-0.0002046447152961315,-0.0004997502867430701
427.1330686000001,-0.00020474201453146707,-0.000500002692106348
427.18458880000253,-0.00020417719973653183,-0.0004999949635663177
427.2314373000045,-0.00020427624689589512,-0.0005002527084584147
427.28380130000005,-0.00020290767875929825,-0.000497868757821508
427.3317917000022,-0.00020385192599525626,-0.0005005981524318425
427.38291220000247,-0.00020244903705690317,-0.0004981231803712038
427.43125059999875,-0.00020338675789121984,-0.0005008443094044266
427.4853344000003,-0.000204390104674656,-0.0005093946029776236
427.5361330000014,-0.00020293006078886134,-0.0005011162115496712
427.5837346000044,-0.00020285583222112437,-0.0005010073797727469
427.6332375999991,-0.00020243113453299538,-0.0005012921267431952
427.6832800999982,-0.0002023985382517656,-0.0005012657408941339
427.7351146000001,-0.00020183929889693998,-0.0005012475350017845
427.7815114000041,-0.0002019370747843267,-0.0005015050264410673
427.8348167000004,-0.00020137748523185243,-0.0005014894838627317
427.8819457999998,-0.00020147578169171313,-0.0005017492228264033
427.93533639999805,-0.00020011827953658084,-0.0004993432314091843
427.98061150000285,-0.0002010549295607902,-0.0005020893891881499
428.032755799999,-0.0001996645869530783,-0.000499592770631804
428.0843803000025,-0.00020059431505869374,-0.0005023294854532425
428.1355368000004,-0.0001992071201219945,-0.0004998321034298292
428.18858990000444,-0.00020013546403484966,-0.0005025712807592432
428.2327559000041,-0.00020107881728592152,-0.000511169705975556
428.28267320000305,-0.00019968342129827286,-0.0005028363233582234
428.3334668000025,-0.00020062306591594434,-0.0005114437288799245
428.38157769999816,-0.0001992252942508631,-0.0005030736080501197
428.4336287999977,-0.0002001575704182402,-0.0005116901302014943
428.48261079999793,-0.00019876888003333125,-0.000503312343903429
428.5324097999983,-0.00019869650870218104,-0.0005032051230934202
428.5862309000004,-0.0001982775284294821,-0.0005034809319802619
428.6320754999979,-0.0001982406467983995,-0.0005034392955526227
428.68207500000426,-0.0001978218130307309,-0.0005037146296303833
428.73785620000126,-0.00019778545362635468,-0.0005036739742735242
428.7845813000022,-0.00019736797864954362,-0.0005039502237856798
428.8350563999993,-0.00019733115407282232,-0.0005039078721523683
428.8835988999999,-0.00019691500710038442,-0.0005041847403140998
428.9296436000004,-0.00019687773872311125,-0.0005041407365468031
428.98777359999804,-0.000196462908930372,-0.0005044182337609004
429.03489889999764,-0.00019642520162642605,-0.0005043725873298207
429.0807047999988,-0.00019601169367632214,-0.0005046507054916557
429.13281730000017,-0.00019597355261934265,-0.0005046034232135627
429.1802260999975,-0.00019556137091945956,-0.0005048821537411115
429.235628800001,-0.0001955228011165524,-0.0005048332421108097
429.2820625000022,-0.00019511195001896433,-0.0005051125773102266
429.3347694999975,-0.00019507295676589342,-0.00050506204326661
429.3825971999977,-0.0001946634403895277,-0.00050534197480012
429.4375671000016,-0.0001946240287378077,-0.0005052898251821625
429.48185470000317,-0.0001942158511793874,-0.0005055703453337158
429.5313890000034,-0.00019417602625824878,-0.00050551658692488
429.58203859999776,-0.00019376919179213254,-0.0005057976877008707
429.63294499999756,-0.000193728958464352,-0.0005057423273512327
429.68431599999894,-0.00019332347105403602,-0.0005060240011688376
429.73369880000246,-0.00019328283454876408,-0.0005059670455064287
429.78237459999946,-0.00019287869816884682,-0.0005062492845052687
429.8359788000016,-0.0001928376632600425,-0.0005061907407021298
429.88630730000295,-0.00019243488164087316,-0.0005064735369996215
429.9340408999997,-0.00019239345340225572,-0.000506413411828113
429.98357009999745,-0.00019199203054063733,-0.0005066967580856822
430.03283360000205,-0.0001919502137017568,-0.0005066350583736758
430.08521689999907,-0.0001915501533169365,-0.0005069189468308635
430.131166799998,-0.0001915079529626143,-0.000506855679661582
430.1833048000044,-0.0001911092588959637,-0.0005071401028687916
430.2329746000032,-0.0001910668120721301,-0.0005070757405977231
430.2817307000005,-0.00019066931303844095,-0.0005073602558313193
430.3339393999995,-0.00019062692201441653,-0.0005072958625406194
430.38311509999767,-0.00019023022401774188,-0.0005075794675134599
430.4338346000004,-0.00019018788015599155,-0.0005075150225751849
430.4817172000039,-0.00018979199191158217,-0.0005077977183974929
430.5313152000017,-0.0001897496952787193,-0.0005077332221669142
430.5848444000003,-0.0001893546247579765,-0.0005080150077950799
430.6342760999978,-0.00018931237515416093,-0.0005079504599835394
430.68258590000187,-0.00018891813068375735,-0.0005082313348846558
430.7317783000035,-0.0001888759281311936,-0.0005081667354255401
430.7813838000002,-0.00018848251756040606,-0.0005084466988890644
430.8331374000045,-0.00018844036220342308,-0.0005083820479267027
430.88309930000105,-0.00018804779348144838,-0.0005086610992309898
430.93326949999755,-0.0001880056849536726,-0.0005085963964989287
430.98583450000297,-0.00018761396589648093,-0.0005088745352554007
431.0320709000007,-0.00018757190448657023,-0.0005088097806537198
431.08130789999996,-0.00018718104274359823,-0.0005090870062850608
431.1395562000034,-0.00018713902839604155,-0.0005090221999913958
431.18343129999994,-0.00018674903180546367,-0.0005092985121867433
431.23382539999875,-0.00018670706427601202,-0.0005092336539901518
431.28387040000234,-0.0001863179403318337,-0.0005095090523054167
431.3357251999987,-0.00018627601978702041,-0.0005094441421836944
431.38249100000394,-0.00018588777592773597,-0.0005097186265189563
431.43177899999864,-0.0001858459020900053,-0.0005096536642500587
431.4808486999973,-0.00018545854574300675,-0.0005099272342500464
431.5331256999998,-0.00018541671877889224,-0.0005098622199560979
431.5838438999999,-0.00018503025732716265,-0.0005101348753654601
431.6336614000029,-0.00018498847712564195,-0.000510069809024256
431.68244470000354,-0.00018460291785224442,-0.0005103415496320506
431.7352912999995,-0.00018456118447993084,-0.0005102764312324889
431.78654870000173,-0.0001841765345902128,-0.0005105472570720224
431.8320115000024,-0.00018413484765852838,-0.0005104820864031606
431.88080980000086,-0.00018375111404697478,-0.000510751997430024
431.9349186000036,-0.0001837094740555198,-0.0005106867746028845
431.98128420000285,-0.00018332666383866024,-0.0005109557709281001
432.03338249999797,-0.00018328507033224333,-0.0005108904958982741
432.0838833000016,-0.00018290319034905165,-0.0005111585774663307
432.1385311999984,-0.0001828616435497174,-0.0005110932501561024
432.18191769999976,-0.00018248070090562095,-0.000511360417200147
432.2321241000027,-0.0001824392004358935,-0.000511295037531801
432.2808146000025,-0.00018205920164790146,-0.0005115612903404915
432.3306522999992,-0.00018201774760770087,-0.0005114958581585963
432.38203140000405,-0.00018163869943707144,-0.0005117611968984663
432.43085240000073,-0.00018159729185970443,-0.0005116957124028621
432.48564330000227,-0.00018121920077903783,-0.0005119601373736716
432.53348489999917,-0.00018184873402679217,-0.0005208488434893044
432.5824212000007,-0.00018083183060976264,-0.0005122326002037482
432.635257300004,-0.00017954991332632544,-0.0005095978510293467
432.68560889999935,-0.00018040689184780617,-0.000512409548004605
432.73155090000364,-0.0001795924297389382,-0.0005114827594920005
432.7803688999993,-0.00017997095307383724,-0.0005125572275842819
432.83418130000064,-0.00017944616037564995,-0.0005124354897755588
432.88181220000115,-0.00017953649008602834,-0.0005127064916187483
432.9339309999996,-0.00017914868686316017,-0.0005129322925744602
432.9811580000023,-0.000179740249073489,-0.0005218436559772508
433.03432389999944,-0.00017876654901956878,-0.0005132019764829995
433.08053279999876,-0.00017749637576410394,-0.0005105518824276764
433.130425000003,-0.00017834688160763544,-0.0005133740140560764
433.1803078000012,-0.00017754036403268717,-0.000512437475098576
433.23724930000026,-0.00017791630386750567,-0.0005135167231117609
433.285953300001,-0.00017739753670494436,-0.0005133887888263726
433.33128900000156,-0.00017748720978501704,-0.0005136610149124914
433.3835487000033,-0.00017710453366089445,-0.0005138821401972418
433.43111789999966,-0.00017765874460469908,-0.0005228147938473756
433.48251660000096,-0.00017672749891302684,-0.0005141474134339533
433.5367134000044,-0.0001754691253188101,-0.0005114821140971517
433.58200339999894,-0.0001763132314482496,-0.0005143146335161796
433.6330491000044,-0.00017551475246531566,-0.0005133683723134478
433.6844364999997,-0.0001758881531090545,-0.0005144523950405904
433.7324716000003,-0.00017537553695952548,-0.0005143182865385087
433.78309170000284,-0.00017546456635449294,-0.0005145917350800977
433.8343412000031,-0.00017508715546306463,-0.0005148082072758229
433.8842575000017,-0.00017560473983842438,-0.0005237618592068487
433.9319764000029,-0.00017471536297737695,-0.0005150690934995591
433.9850781999994,-0.00017346884622089408,-0.0005123886760892978
434.0339195999986,-0.00017430662836455412,-0.0005152315210598506
434.08372059999965,-0.00017351627227286864,-0.0005142755699082754
434.1376020000025,-0.00017388717846751573,-0.0005153643612542512
434.18338629999926,-0.00017338082747304814,-0.0005152241074567857
434.2371626000022,-0.00017346922623913318,-0.0005154987767441014
434.2829966999998,-0.00017309720783416225,-0.000515710624083773
434.3370775000003,-0.0001735788859981844,-0.0005246849874695725
434.38653409999824,-0.00017273078618558298,-0.00051596715279316
434.4326371999996,-0.0001714961697320654,-0.000513271712166894
434.48337660000107,-0.00017232770637161152,-0.0005161248190731924
434.53401440000016,-0.00017154554541338684,-0.0005151592164420016
434.5824294999984,-0.0001719140032554022,-0.0005162527701007438
434.6325474000041,-0.00017141402053351054,-0.0005161064057023642
434.68343789999926,-0.00017150180163811804,-0.0005163822939257431
434.7331855000011,-0.00017113529239294213,-0.0005165895502378565
434.78270570000313,-0.00017158177899618767,-0.0005255843434925638
434.83095770000364,-0.0001707743592096007,-0.0005168417566269641
434.88454020000063,-0.00016955167290184334,-0.0005141313947475759
434.93315099999745,-0.00017037704480600064,-0.0005169946983307106
434.9888127000013,-0.00016960314005460522,-0.0005160194888064611
435.0305817000044,-0.0001699691958846979,-0.0005171177977613601
435.08176110000204,-0.00016947567360609773,-0.000516965362963242
435.1326251999999,-0.00016956285044961958,-0.0005172424680465671
435.1856321000014,-0.00016920195604636846,-0.0005174451727995509
435.2325692000013,-0.00016803739719701332,-0.0005148552454380771
435.2817608999976,-0.0001688391043421293,-0.0005176693288044207
435.3313113999975,-0.00016833469174155156,-0.0005174737244272798
435.3839864000038,-0.00016883646172267272,-0.0005267525309504474
435.4328824999975,-0.00016809073352125952,-0.000518020398078074
435.48128590000124,-0.0001673291913141857,-0.0005170389811525648
435.5381753000038,-0.00016768332499212394,-0.0005181178321055874
435.5808627000006,-0.00016731083580818167,-0.0005182709646011608
435.6341284000009,-0.00016615733984276886,-0.0005156671801908452
435.6802910999977,-0.00016695336028122368,-0.0005184916195621312
435.7316997000016,-0.00016645570510859652,-0.0005182899453403634
435.7821624999997,-0.00016692380009359264,-0.000527588392830162
435.8338939000023,-0.00016621674805445232,-0.000518833589847555
435.8813475999996,-0.00016546365818620738,-0.0005178430906981839
435.93199620000087,-0.00016581545335697995,-0.0005189262730198036
435.9803432000044,-0.00016544887609954155,-0.0005190748196392537
436.0317844000019,-0.000164307126038378,-0.00051645752735634
436.08541839999816,-0.0001650972201174296,-0.0005192911823669887
436.13277319999906,-0.00016460635536858122,-0.0005190835668644201
436.18171789999906,-0.000165041483191244,-0.0005284014119821673
436.2364725000007,-0.00016437248566719833,-0.0005196242519278106
436.2826891000004,-0.0001636278745277836,-0.0005186247348142862
436.33395759999985,-0.00016397738085166633,-0.0005197122399224791
436.3825092000043,-0.0001636167872966504,-0.0005198562504593086
436.43532699999923,-0.0001624867636886287,-0.0005172255693530114
436.4855433999983,-0.00016327104446228768,-0.000520068438171155
436.53423669999756,-0.00016278702109645497,-0.0005198549409845578
436.5845346999995,-0.0001631898870259607,-0.0005291919266692143
436.63473389999854,-0.00016255832282502302,-0.0005203927192287186
436.6889730000039,-0.00016182220378152363,-0.000519384255038781
436.7347458000004,-0.00016216946882047096,-0.0005204760704213336
436.7824948999987,-0.00016181492008565497,-0.0005206156032066602
436.83472379999876,-0.0001606965944646568,-0.0005179716642499897
436.8849812000044,-0.0001614751531599491,-0.0005208236750108917
436.9302871000036,-0.00016099801202223713,-0.0005206043601002142
436.9836804000006,-0.00016136931153559514,-0.0005299602348418561
437.0311834000022,-0.00016077455881074708,-0.0005211392876580213
437.0833453000014,-0.00016004693486076528,-0.0005201219516536894
437.13486369999737,-0.0001603920064209806,-0.0005212180647761837
437.18524030000117,-0.00016004355374315716,-0.0005213531815384076
437.2338124000016,-0.00015893688649642497,-0.0005186961202562886
437.28397389999736,-0.00015970981577256418,-0.0005215572001515231
437.3334393000041,-0.00015923958728308386,-0.0005213321351293475
437.3818577999991,-0.0001595800066091457,-0.0005307066530135748
437.43338570000196,-0.00015902144341344888,-0.0005218642718973331
437.4822346000001,-0.00015830230817320218,-0.000520838143304122
437.53811490000226,-0.0001586452338832533,-0.0005219385407550639
437.5836369000026,-0.0001583029185960256,-0.0005220693065754586
437.6342915999994,-0.00015720785891975382,-0.0005193992623896985
437.68235200000345,-0.00015797525259058555,-0.0005222693379002968
437.73390559999825,-0.00015751195789908545,-0.0005220385936099543
437.78418120000424,-0.0001578221723088014,-0.0005314315142845845
437.8355803000013,-0.00015729917808309622,-0.0005225680021713904
437.8820440999989,-0.00015658851469939916,-0.0005215331635010751
437.9320243999973,-0.00015712057438459855,-0.0005316368499996831
437.98420169999736,-0.00015662164323264918,-0.0005228393999312128
438.03431529999943,-0.0001561633585557745,-0.0005226002881563871
438.0825133000035,-0.0001552082926405309,-0.0005202973277007082
438.1330089000039,-0.00015594220926800292,-0.0005230886564466416
438.1839710999993,-0.0001555946279265159,-0.0005231685698225586
438.23245229999884,-0.00015493304055274145,-0.0005222410739535581
438.2828645000045,-0.000155420159808785,-0.0005323220562136767
438.3317008000013,-0.00015495612126785842,-0.0005235083950682809
438.3855165999994,-0.00015450487989026088,-0.0005232639660024034
438.43328640000254,-0.00015356056179986966,-0.0005209501341429472
438.481403400001,-0.00015428925033160755,-0.0005237495045118038
438.5347469999979,-0.0001539479759672833,-0.0005238251655114918
438.5837223999988,-0.00015329463987094792,-0.0005228899170439283
438.6347451000038,-0.0001537524275675879,-0.000532990040292841
438.6822317999977,-0.00015332176253062173,-0.0005241572466851639
438.7306974000021,-0.00015287750740904235,-0.0005239075124185631
438.78546780000033,-0.00015194384841447933,-0.0005215829994253515
438.8363110999999,-0.00015266740279755545,-0.0005243903419282722
438.88159959999757,-0.0001523324385523251,-0.0005244618276234137
438.93650110000453,-0.00015168731540853006,-0.0005235189189056382
438.9817564999976,-0.0001521164451291777,-0.0005336379528275786
439.0328625999973,-0.00015171853571264982,-0.0005247863147605751
439.0822788000005,-0.00015128125301370966,-0.0005245313572499147
439.13230450000265,-0.0001503581756658167,-0.0005221963092394002
439.1828600000008,-0.00015107669205664722,-0.0005250115488142062
439.2334342000031,-0.0001507480360653361,-0.0005250789368537994
439.2833241000044,-0.000150111078556376,-0.0005241284627099604
439.33198690000427,-0.00015051221167198937,-0.0005342661824070504
439.3837882000007,-0.00015014644344517124,-0.0005253959841422238
439.4332906999989,-0.00014971611153062365,-0.0005251358876756358
439.4853654000035,-0.0001488035295872761,-0.0005227904524407074
439.5329101000025,-0.00014951710460857085,-0.0005256135141362423
439.58205330000055,-0.00014919474709011412,-0.0005256768836014733
439.63133519999974,-0.00014856589959381548,-0.0005247189403434182
439.6856589000017,-0.00014893968567368176,-0.000534875126180237
439.7331639999975,-0.00014860544848020355,-0.0005259866479267761
439.7837761999981,-0.00014818203806236507,-0.0005257214980136382
439.83196789999784,-0.00014727985714350371,-0.00052336582446851
439.88339850000193,-0.00014798858810631074,-0.0005261966334890487
439.9317321999988,-0.00014767251145257127,-0.0005262560648710869
439.980238199998,-0.00014705171159660457,-0.0005252907502095442
440.0342204000044,-0.00014739878705386818,-0.0005354651876021852
440.08464719999756,-0.00014709547602202163,-0.0005265587059166457
440.13700940000126,-0.0001466789500527499,-0.0005262885892320693
440.1853113000034,-0.00014578706795124303,-0.0005239228274122809
440.2353349000041,-0.00014649105254408633,-0.000526761309383983
440.2829544999986,-0.00014618123186386386,-0.0005268168837513135
440.33419739999954,-0.00014556840995952984,-0.0005258442965405413
440.384547200003,-0.00014588939882834848,-0.0005360367763451914
440.4304867000028,-0.00014561641427116674,-0.0005271125632100099
440.4853015999979,-0.00014520672922971927,-0.0005268375673838981
440.53392700000404,-0.00014432503658859898,-0.0005244618676802604
440.5845744000035,-0.0001450243722779579,-0.0005273079479184231
440.6366780000026,-0.00014472077584107838,-0.0005273597479160479
440.68241950000083,-0.00014411585529409054,-0.0005263799880872205
440.73386420000315,-0.00014441136874113704,-0.0005365903056786741
440.7808951000043,-0.00014416811673371093,-0.0005276486287575195
440.8322713000016,-0.00014386564003446737,-0.0005276830215239322
440.8850764000017,-0.0001434952034197508,-0.0005274962536005823
440.9338549000022,-0.00014300385160495935,-0.0005268557709336768
440.98726700000407,-0.00014237577651302343,-0.0005253119873105109
441.0311115000004,-0.00014295609398487852,-0.000536971697685541
441.08436719999736,-0.00014276346703715232,-0.0005281606663476275
441.1333092999994,-0.0001424658838346277,-0.000528192914085441
441.1849913000042,-0.00014210223802116584,-0.0005280030280785219
441.23331920000055,-0.00014161812574867337,-0.0005273568333585638
441.2834631000005,-0.00014099867575737116,-0.0005258064216817364
441.331113500004,-0.0001415530214711487,-0.0005374851496664758
441.383926399998,-0.00014138808716049494,-0.0005286584306995885
441.433168800002,-0.00014109664335806973,-0.0005286871619947094
441.48449280000204,-0.0001407395065157477,-0.0005284931274618232
441.5350949999993,-0.00014026252462842642,-0.0005278414077391873
441.58239400000457,-0.0001396515841302344,-0.000526284519443119
441.63251129999844,-0.00014018057248335621,-0.0005379820275053516
441.683890100001,-0.0001400427582899655,-0.00052913987055424
441.7325448999982,-0.00013975740073016136,-0.0005291651686400885
441.78614519999974,-0.00013940670869919055,-0.0005289670735886141
441.8341628999988,-0.00013893677418566494,-0.0005283099251640458
441.8813541999989,-0.00013833424139533617,-0.0005267466939528954
441.9322584000038,-0.00013883847633802546,-0.0005384627483906746
441.9805639999977,-0.00013872721733601396,-0.0005296053978487327
442.03653360000317,-0.0001384478874101573,-0.0005296273467025785
442.08513920000405,-0.000138103570812701,-0.0005294252790066685
442.1327850000016,-0.00013764059630952123,-0.0005287627980254816
442.1838590999978,-0.00013704636356872904,-0.0005271933568484563
442.23863210000127,-0.00013752643623923526,-0.000538927728900328
442.2829383999997,-0.00013744117540750702,-0.0005300554247422629
442.3359023000012,-0.00013716780937769407,-0.0005300741076863437
442.38938000000053,-0.00013682979410636531,-0.0005298681549647991
442.4360147999978,-0.00013637368748722483,-0.0005292004368839695
442.48610600000393,-0.00013578764298540839,-0.0005276249177798936
442.533843600002,-0.00013624413114379354,-0.000539377384068985
442.5854535000035,-0.00013618431929942725,-0.0005304903610070465
442.63307100000384,-0.00013591684908678212,-0.0005305058608306933
442.6848650000029,-0.0001355850567265287,-0.0005302961101694082
442.73434650000127,-0.00013513572160186446,-0.0005296232499130043
442.7839085000014,-0.00013455774945394448,-0.0005280417834996167
442.8345973000032,-0.00013499121793727456,-0.0005398121256228544
442.8884661999982,-0.00013495631432394162,-0.000530910613451004
442.93363269999827,-0.00013469466733098069,-0.0005309230124439473
442.9823278999975,-0.0001343690154810497,-0.0005307095502959888
443.03208370000357,-0.000133926351808665,-0.0005300316420886387
443.08463660000416,-0.0001333563321105548,-0.0005284443574293658
443.13258869999845,-0.00013376733292171767,-0.0005402323622683383
443.18022180000116,-0.00013375680459905954,-0.0005313165858289427
443.235743199999,-0.00013350090487542575,-0.0005313259652262017
443.28272870000364,-0.00013318130729369267,-0.0005311088771342534
443.3346973000007,-0.00013274521168961942,-0.0005304260139571355
443.38403429999744,-0.0001321830213175856,-0.0005288330389052613
443.4306856999974,-0.00013257209303687274,-0.0005406384982154356
443.4835461000039,-0.00013258541653473328,-0.000531708677443676
443.53248110000277,-0.0001323351840888577,-0.0005317151177253174
443.58281980000174,-0.00013202155135796012,-0.0005314944882106585
443.63251409999793,-0.0001315919169632322,-0.0005308067621900793
443.682882000001,-0.00013103742984034805,-0.0005292082228336323
443.73772720000125,-0.00013140509792521478,-0.0005410309331333325
443.7824091000002,-0.00013144175801129278,-0.0005320872824132753
443.8323006999999,-0.00013119711028699126,-0.0005320908635819702
443.8855846000006,-0.0001309802459826989,-0.0005321788301604364
443.9348213999983,-0.00013075737913549934,-0.0005322490273973489
443.9850571999996,-0.00013053581645618457,-0.0005323216081387662
444.0354234000042,-0.00013031529958475456,-0.000532393640652054
444.0833481000009,-0.00013009589237013546,-0.0005324651377158794
444.13131630000134,-0.00012987757689332757,-0.0005325361282737562
444.18392960000347,-0.00012966033668972352,-0.0005326066195199301
444.2333807000032,-0.0001294441647205093,-0.0005326766158841906
444.28076809999766,-0.00012922905718872217,-0.0005327461200199711
444.3331324000028,-0.00012901501083030647,-0.0005328151350247936
444.3850519000043,-0.00012880202231459306,-0.0005328836637630335
444.4355671000012,-0.000128590088266504,-0.000532951709232293
444.4822948000001,-0.00012837920513332558,-0.0005330192742636408
444.5322413000031,-0.0001281693695288776,-0.0005330863619212925
444.5890681000019,-0.0001279605778116285,-0.0005331529752472592
444.6320080000005,-0.00012775282655098918,-0.0005332191171281207
444.68376200000057,-0.00012754611210542808,-0.0005332847902950256
444.73603269999876,-0.00012734043088892484,-0.0005333499977899851
444.7826348000017,-0.00012713577943758366,-0.0005334147425550901
444.83491830000276,-0.0001269321540876685,-0.000533479027499125
444.882329,-0.0001267295511976479,-0.0005335428553643407
444.9331384000034,-0.0001265279671259903,-0.0005336062291150328
444.98704929999803,-0.00012632739824226642,-0.0005336691515156562
445.03204520000145,-0.00012612784102706924,-0.0005337316255083023
445.08219090000057,-4.569103007061307e-06,-8.135697767704806e-05
445.13775370000076,-2.4148366073472964e-05,-0.0001606251522902581
445.1838559000025,-3.050251722316887e-05,-0.00017702784768110582
445.2324013000034,-1.2372382895986677e-05,-0.00012019896596949239
445.2805550999983,-3.414217120137687e-05,-0.00019793897984031884
445.3318686999992,-2.8240634286661704e-05,-0.00017075348431889575
445.3807869000011,-1.5482478910047942e-05,-0.00015223941046708985
445.43398130000423,-1.8705442017558468e-05,-0.0001789147389354629
445.48019829999976,-3.496227066749214e-05,-0.00021363383642138034
445.53308110000216,-2.6499897964906454e-05,-0.00019781328728395563
445.5821722000037,-1.5879520931531027e-05,-0.00016069334668483395
445.63095220000105,-3.418148797343718e-05,-0.0002306483624095301
445.6843846999982,-3.0013874285944255e-05,-0.000218446339539622
445.73345150000387,-3.751817376777093e-05,-0.0002660020341219577
445.7832017000037,-2.017308353698572e-05,-0.00015780921703861141
445.8336971000026,-5.021910867158043e-05,-0.0003635566158460592
445.88571260000026,-8.929863759562861e-06,-0.00011230195318134552
445.93311270000413,-1.117769394821573e-05,-0.0001448568335062129
445.9811260999995,-2.6296762556412123e-05,-0.00021532384525426034
446.032177400004,-2.798381821825014e-05,-0.0002635289426459015
446.08408240000426,-1.796480818551631e-05,-0.00019642322410827676
446.133986599998,-3.529168904895416e-05,-0.0003112167282663593
446.18124479999824,-1.825894329067765e-05,-0.0001788486737155015
446.23503670000355,-3.127056990018333e-05,-0.00027592041604885246
446.28599609999947,-1.8773725163362845e-05,-0.00022575869571575882
446.3322694000017,-2.2620638029400926e-05,-0.0001975091243779822
446.38354280000203,-1.1494005669476138e-05,-0.00013378572125701658
446.434316400002,-2.633742414162215e-05,-0.00021717320345417552
446.483009399999,-1.4332604414426246e-05,-0.00013614656048113296
446.5321668000033,-4.419372278134551e-05,-0.0003052045706168424
446.58348169999954,-3.9059439282987075e-05,-0.0003034610238099072
446.63378200000443,-4.3344711053756386e-05,-0.0003221857388329024
446.6819417000006,-4.6321810476300045e-05,-0.0003259692467065778
446.73243999999977,-9.163427128208735e-06,-0.00011458539386233148
446.7830640000029,-4.0291271519203033e-05,-0.0002715286316571337
446.8361514999997,-4.9634568022362124e-05,-0.0003005099189827254
446.88686930000404,-1.768785249380235e-05,-0.00015438843756780983
446.9333450999984,-8.13567468949857e-06,-0.00011030900511920838
446.9827159999986,-1.4136449977288457e-05,-0.00015078601924860147
447.0316104000012,-2.9634613907286024e-05,-0.0002171351724091956
447.08379499999864,-3.5608940729436144e-05,-0.00024574944815809133
447.1368997000027,-3.096014359330098e-05,-0.0002273229374963108
447.18252550000034,-1.6069460806470623e-05,-0.00014790279748725743
447.23213199999736,-2.9628676856435078e-05,-0.0002227102940513247
447.2830040999979,-3.396275426451375e-05,-0.00023175324226380642
447.3308509999988,-6.749393025590906e-05,-0.0003727199480502149
447.3878915000023,-1.0798094829410467e-05,-0.00011556187796701918
447.43358160000207,-4.844273018282953e-05,-0.0002621383159543215
447.48180310000316,-8.94093707960156e-06,-0.00011066782433799077
447.53257300000405,-1.3915474728078313e-05,-0.00012717522457363005
447.5855317000023,-2.15035076301025e-05,-0.0001749207907410659
447.6319436999984,-2.362505409083604e-05,-0.0002398062506572798
447.685773600002,-3.858320167807941e-05,-0.00032113638420748475
447.7334168000016,-2.6504647554516962e-05,-0.0002667947967330717
447.78361179999774,-2.4135021359250413e-05,-0.0002211217020822406
447.83286529999896,-4.632858435775581e-05,-0.0003641775087498185
447.8812356999988,-9.751672824807035e-06,-0.00018319209859082655
447.9327573999981,-1.4899370315304658e-05,-0.00016588630280551023
447.9864807999984,-5.122644242132819e-06,-9.407219476740301e-05
448.0376363000032,-6.011913755715666e-06,-9.886700369508519e-05
448.0802631999977,-1.1219274931316908e-05,-0.0001425842064418955
448.1357762999978,-2.3588705111454025e-05,-0.0001727306517819836
448.18375090000336,-2.141392502210413e-05,-0.00023104705276803594
448.23245060000045,-1.2636847124281435e-05,-0.00012022041210325019
448.28453869999794,-3.3410359145977087e-06,-8.033042199214496e-05
448.331196500003,-1.895968401168297e-05,-0.00014217754974469007
448.3842724999995,-5.3552273093831415e-05,-0.00027774443947004896
448.43592999999964,-4.5411767601907854e-05,-0.0003303811709436455
448.48307750000095,-4.999093872197875e-06,-9.75275393778434e-05
448.5374424000038,-2.518112186547038e-05,-0.00015680688257873379
448.58504189999803,-2.962529177533076e-05,-0.00018990522191473377
448.63494470000296,-1.0937964556322304e-05,-0.00013677704632244676
448.68375679999735,-9.045963567108533e-06,-0.00011763490863636871
448.7339498000001,-2.6178466172612154e-06,-8.921805724213055e-05
448.78461750000133,-3.246356139466511e-06,-9.87228704008963e-05
448.8337346999979,-2.4279394650350498e-05,-0.00017280816697624703
448.88754190000327,-4.283447180290543e-05,-0.0002187836539160532
448.93387890000304,-1.7427592036172495e-05,-0.00014524185347767392
448.98876790000213,-1.05271684480808e-05,-0.00011393691321537213
449.03509119999944,-2.1999132993075832e-05,-0.00019699619752143745
449.0887472000031,-7.960567445238443e-05,-0.0003863284324784698
449.13358380000136,-5.7840170508747355e-05,-0.00028368439900541066
449.18278940000164,4.2881976414260865e-06,-5.051722796749688e-05
449.23447840000154,-1.828145353989785e-05,-0.0001275257580869574
449.2828195000038,-1.8529298262421005e-05,-0.00013423277532855667
449.33151100000396,-1.7074887648254056e-05,-9.856722268395882e-05
449.3835184999989,-6.353158288347262e-05,-0.0002154735484374438
449.43486549999943,-1.0858420029801086e-05,-7.270220511175318e-05
449.485121800004,-7.129628669673123e-05,-0.00023220567242381002
449.5355903000018,-2.2324301030017067e-05,-0.00010146382356533648
449.58456870000373,-7.724538518834591e-05,-0.00023193247979973113
449.63941630000045,-4.513794688025521e-05,-0.00015224960335806558
449.68307549999736,-9.929888719071858e-05,-0.0002702369575783241
449.7334802000041,-1.863375351797735e-05,-8.165305921411396e-05
449.7826959000013,-4.138915935540297e-05,-0.0001363703077573955
449.83296100000007,-3.965878606630194e-05,-0.0001303006488929837
449.88474639999913,-2.5927248426006807e-05,-0.0001076401292211458
449.9351614000043,-9.463129772022762e-05,-0.0002728350936956889
449.9838344000018,-2.1549096440606972e-05,-9.386837808165182e-05
450.033997999999,-3.534575020450639e-05,-0.00013063619854771267
450.0836711000011,-0.0001153961407985852,-0.00032413130440821876
450.13402589999896,-6.908817473678423e-05,-0.00021127247378261823
450.1846399999995,-3.932182095493224e-05,-0.00013919045029911386
450.23540219999995,-4.720545860874455e-05,-0.00015927708687540415
450.2832183999999,-4.3506532176924524e-05,-0.00015256776043652643
450.3321606000027,-3.361047296038553e-05,-0.00013103620478695599
450.3863545999993,-5.8170545869149924e-05,-0.00018375344968976507
450.4319819000011,-6.696256736888449e-05,-0.00020790941073234765
450.4837144999983,-5.1508859755292305e-05,-0.0001708136053603744
450.53638130000036,-4.017536464621458e-05,-0.00014272267028228906
450.58437799999956,-2.7268924351922425e-05,-0.00011276331571840909
450.6344900999975,-1.3170734092250223e-05,-7.572298483811541e-05
450.6832202000005,-3.062962603553343e-05,-0.00011675203643879596
450.7360866000017,-2.3687119987702515e-05,-0.00010087664152900909
450.7888812000019,-2.1696247543021363e-05,-9.723552795169244e-05
450.8323784000022,-1.1930874099796741e-05,-7.258461197652376e-05
450.8831808000032,-9.244276955042237e-06,-6.719618108614453e-05
450.93683910000254,-6.36924064601509e-05,-0.000188705550008472
450.986779400002,-4.5874146925626235e-05,-0.00015476218542269734
451.0373450000043,-1.1145361522589975e-05,-6.678528000631603e-05
451.0872682000045,-4.933350379325947e-05,-0.0001591545313319126
451.1331350000037,-8.544810883312197e-05,-0.0002314293073737829
451.1845639000021,-8.545486225316738e-05,-0.0002316190535925204
451.23590449999756,-0.00011524968549514477,-0.00028649784009662554
451.28438299999834,-0.00011316652492887396,-0.0002852581703630905
451.336298000002,-8.001904733275496e-05,-0.000205179996293437
451.38239859999885,-2.7811889813403727e-05,-9.537156150383349e-05
451.4354536000028,-8.671149047686896e-05,-0.00021886319487875855
451.48669959999825,-9.552244417685598e-05,-0.00023489463175678917
451.53635139999824,-3.476195816757136e-05,-0.00010298811494734268
451.5836356,5.7800963571050085e-06,-2.2611457628516984e-05
451.6400455000039,-3.857767050256179e-05,-0.00011314590026023432
451.68244640000194,-7.20633452134361e-05,-0.00017719342050322552
451.7309271999984,-4.5404616988473144e-05,-0.0001242232884780636
451.78564339999866,-7.754705961822737e-05,-0.00020726398154447345
451.8319479999991,-9.8468929255007e-05,-0.0002924287975773303
451.8890575000041,-7.283207745796395e-05,-0.00021501110110146266
451.9337654999981,-3.0653172955502865e-05,-9.933044204944456e-05
451.98314100000425,-0.00010440277540278963,-0.00024272936706176975
452.0344467000032,-5.832182873316385e-05,-0.00018558929738585309
452.0867106000005,-5.9346662584280225e-05,-0.00015574049451199306
452.13205580000067,-8.029452927001715e-05,-0.0002051245511338622
452.18441670000175,-0.00010732652006028304,-0.00026104665992208244
452.2324788000042,-6.161069667781776e-05,-0.00016558391335869414
452.2838611999978,-4.245003363271833e-05,-0.00012054828375530106
452.33185270000104,-2.535339370670723e-05,-8.512882967445463e-05
452.38606119999895,-7.621075553972299e-05,-0.0001920402520118979
452.43708580000384,-6.255658425719197e-05,-0.00017406091216161365
452.48469679999835,-0.00010996516960359313,-0.00027609318601385394
452.5331565000015,-0.00011425390750174814,-0.0002866253994485958
452.5848939999996,-4.2404637967713457e-05,-0.00012740828768688332
452.63358000000153,-4.4208984750811515e-05,-0.00013155382031517372
452.6802328999984,-2.6830714994232676e-05,-9.754364765921886e-05
452.73464380000223,-6.959274363455922e-05,-0.00021430392108691407
452.78577909999876,-0.0001343012709488435,-0.0003335253084828654
452.83125210000435,-8.951031386103649e-05,-0.00023309961143551492
452.88164289999986,-0.00010415218557612246,-0.0002637721765677947
452.9322603000037,-8.048477492258221e-05,-0.00023276524098196695
452.9842523999978,-9.408387152696228e-05,-0.00026989767236728626
453.03086550000444,-4.498546392066282e-05,-0.00014523602599473325
453.086140899999,-7.311353620316359e-05,-0.0002017948920964809
453.13472829999955,-6.41475523700014e-05,-0.0001813768834237572
453.1863242000036,-0.00010969998720533039,-0.00029600546142021216
453.23365639999975,-0.00014527613508855735,-0.0003589881596882313
453.28430800000206,-0.0001228761022155163,-0.0003231189290024875
453.3387728000016,-1.568518526175218e-05,-7.964478453422423e-05
453.3860854000013,-9.510720699888025e-05,-0.0002531086985782729
453.4335942000034,-8.441336317729521e-05,-0.00021458829219135652
453.485768999999,-0.00012118996646227171,-0.0003154145741927918
453.5349384000001,-8.825719391988828e-05,-0.00023279209907549396
453.5871191999977,-9.136476859525645e-05,-0.00026491441105257115
453.63333440000133,-8.712967398691191e-05,-0.00023109001365843664
453.6835852000004,-0.00011768941055046171,-0.0002958482776764132
453.73357620000024,-7.950834888255877e-05,-0.00021247997665808658
453.7863933999979,-6.191837057528862e-05,-0.00020263129018060732
453.8331937999974,-0.00013509241285638565,-0.00034366806059886055
453.8816186999975,-7.929683271131397e-05,-0.00020464909917827765
453.93233229999896,-0.00014168879131096405,-0.00032771464284531214
453.9871948,-9.782211386486899e-05,-0.00023053705934276676
454.03354709999985,-7.60444671122506e-05,-0.00020095802495422876
454.08307950000017,-0.00010014286524482975,-0.0002579421304108328
454.13567409999814,-3.8406787483715374e-05,-0.0001193364766117801
454.18440610000107,-7.067307924442014e-05,-0.00019531318731246027
454.23275470000226,-5.5986728964059785e-05,-0.00015465478646630237
454.2872023000018,-3.457078083804851e-05,-0.00011631098240105908
454.33345220000047,-5.761256602903932e-05,-0.00016181123773123358
454.3849169000023,-4.588284061583842e-05,-0.0001355728061370969
454.4352493000042,-8.569049014814096e-05,-0.00021742688127736795
454.48264709999785,-8.421328839832845e-05,-0.0002170523403790716
454.5327913000001,-0.0001274611802882932,-0.0003065930719529756
454.58550719999766,-0.00010723000808409431,-0.00026654242817368773
454.6356711999979,-9.856037597187267e-05,-0.00024980731288011613
454.68549370000255,-5.624562865463506e-05,-0.00015576963420265355
454.73151479999797,-6.380123367405814e-05,-0.00017437084065559413
454.78470679999737,-3.5601587211641454e-05,-0.0001176792668090593
454.83670600000187,-4.5910892010378985e-05,-0.00013761755622856698
454.88690289999795,-4.335863722508362e-05,-0.0001297550082936133
454.93515630000184,-1.537666385333104e-05,-6.637961987860428e-05
454.98435269999754,-6.379660536521086e-05,-0.0001712814918343843
455.03515699999843,-3.3073917382639126e-05,-0.00010011455996448789
455.0864638999992,-2.1455930532285463e-05,-8.130045717765614e-05
455.1343476000038,-6.38775193296285e-05,-0.00016833428564417362
455.1814712999985,-0.0001226077334882751,-0.00028698369656279674
455.2357364999989,-3.70998204491164e-05,-0.00011094403616917605
455.2841445000013,-2.4269529719256267e-05,-8.947590256500158e-05
455.3329243000044,-3.589641894844407e-05,-0.00011502062009516304
455.3831721000024,-6.903169841316645e-05,-0.0001771814400865668
455.4355934999985,-7.421727852292818e-05,-0.0001877157965848071
455.4839288000003,-3.607943706022102e-05,-0.00010496377683698634
455.5318440999981,-6.545220481163867e-05,-0.00016725555593861084
455.5831093000015,-8.42905684917642e-05,-0.0002123209091433707
455.6342842000013,-1.7635127358433498e-05,-6.873405014047044e-05
455.68363520000275,-2.0943162415429033e-05,-8.178442639791177e-05
455.7319906999983,-5.590551206418765e-05,-0.00015382284817027045
455.7845567999975,-5.053317757579765e-05,-0.00014147227903618835
455.8355816999974,-0.0001408582418262204,-0.0003460302422047412
455.88546750000387,-6.821946811903188e-05,-0.00018228441274211978
455.9352094999995,-7.980918270707715e-05,-0.00020702216585477873
455.9846824999986,-3.77187927669621e-05,-0.00011585109341860713
456.03426780000154,-5.633494338802205e-05,-0.0001540765492082263
456.08162099999754,-3.119265916676291e-05,-0.00010333194300225922
456.1352504000024,-7.115357982818665e-05,-0.00018724202479633914
456.1823540000041,-1.3809418863987368e-05,-6.448468958814439e-05
456.2328228999977,-9.124530535595543e-05,-0.00022513816380101664
456.28319439999905,-4.538720338458095e-05,-0.00012989223331384927
456.33436910000455,-3.928251642863191e-05,-0.00011903415307890502
456.38704110000253,-3.6335613440330254e-05,-0.00010990381581487686
456.4323579999982,-0.00011001283340982839,-0.00024612513267492094
456.4830976000012,-5.249836714243233e-05,-0.00013763948026892795
456.53492969999934,-2.2735503324454362e-05,-7.85136400561394e-05
456.5852692999979,-3.184133103853593e-05,-9.665610726248561e-05
456.6324999999997,-6.317774051695392e-05,-0.00015879837479431682
456.687187800002,-4.9398083557018384e-05,-0.00012865485777848005
456.732611600004,-1.166202253656219e-05,-5.4200145882582486e-05
456.78497069999867,-3.202723384279778e-05,-9.109080734157333e-05
456.83222699999897,-4.1036920572816576e-05,-0.00011293409214474294
456.8852212999991,-3.912793868913442e-05,-0.00010717930740710412
456.9349940000029,-4.93760124676178e-05,-0.0001293757107668926
456.9880570000023,-4.4855765768444616e-05,-0.0001233716839245204
457.0314070000022,-6.032491620683339e-05,-0.00015080827793238652
457.0825674000007,-6.719642616787723e-05,-0.00016617765534760284
457.13420430000406,-7.844075369252808e-05,-0.00019097759039763692
457.18445059999794,-3.662611147706739e-05,-0.00010251441811003126
457.2322572999983,-6.666128211658208e-05,-0.00016977937251656244
457.28152260000206,-2.615556494725168e-05,-8.874321261184739e-05
457.33412880000105,-5.1468374906485565e-05,-0.00013434051965313014
457.38765710000007,-4.893669417476213e-05,-0.0001365422519607156
457.4354533000005,-4.352361772101517e-05,-0.00012624491537728373
457.4881397999998,-7.229187984909639e-05,-0.0001744546108907872
457.52878339999734,-4.7910507150516664e-05,-0.00012553444833652866
457.5778763999988,-4.331889937873678e-05,-0.000123406138941138
457.6278003999978,-4.813035895394596e-05,-0.00012199506124200482
457.67804389999947,-5.790667348964736e-05,-0.00014743848124624571
457.72920230000454,-4.759779623779648e-05,-0.00012050602962177557
457.78562400000374,-9.138600085565076e-05,-0.00023036534811974829
457.8363099999988,-6.0332526874485044e-05,-0.00015404533413325696
457.88417109999864,-0.00011431932672734041,-0.00026522710618902246
457.93099770000117,-9.49457223621064e-05,-0.00021580968827563055
457.9799140000032,-0.00014503929524082332,-0.00031519550900457964
458.0403428999998,-4.799930626302433e-05,-0.00014003358265193835
458.0874029999977,-0.000127379864922741,-0.00029610726513011886
458.13313560000097,-0.00012264809662333165,-0.0003097994696114774
458.1840467000002,-0.00013135321523817924,-0.00031474452346677545
458.2334316999986,-7.671999058274598e-05,-0.00022045234966430272
458.2872262000019,-4.561202150425738e-05,-0.0001236846658315787
458.32677980000153,-6.562457050002781e-05,-0.00017877326401479531
458.3802164000008,-9.246276353467166e-05,-0.0002683971321973871
458.43180510000093,-9.059210265291662e-05,-0.00023524336192375542
458.4812090999985,-8.70558077182546e-05,-0.00025970762763702745
458.53307610000047,-0.00011083728500571145,-0.00029636978952123414
458.5880230000039,-9.542668149018655e-05,-0.0002503475232121399
458.63816229999793,-8.723114959260808e-05,-0.00023177783408127772
458.68617470000027,-2.8046651456862317e-05,-9.839539755205814e-05
458.73513500000263,-6.30673257396326e-05,-0.00021901952086424855
458.7774470000004,-8.623947785898816e-05,-0.0002181697797867451
458.8307707999993,-3.76422635062557e-05,-0.00011739117153919648
458.88084530000197,-1.1023809365361444e-05,-5.987533464596446e-05
458.930792500003,-1.134472265019648e-05,-5.776179385913243e-05
458.9845256000044,-2.62585549970735e-05,-9.890949427280823e-05
459.0291253000032,-1.6547720371755194e-05,-8.180828061651222e-05
459.07930260000285,-2.9423320657722352e-05,-0.0001126510537964283
459.1347772000008,-2.780950404404388e-05,-0.00010654862395719425
459.1790882999994,-4.795532654315837e-05,-0.0001430517112656384
459.2291140000016,-7.544695543877758e-05,-0.00019529234723834936
459.27983649999805,-0.00012027033594608779,-0.0002958580352822477
459.3369318000041,-3.4464026821310764e-05,-0.00011643638463410136
459.38525610000215,-5.2660724903001647e-05,-0.00016532574202993413
459.4278204000002,-0.00010473179347113573,-0.0003016034364481946
459.478964599999,-0.00012761257574002408,-0.00032774368873322927
459.5332301000017,-9.868983380521495e-05,-0.00026401715862465797
459.58150520000345,-0.00010829159028401923,-0.0002761649334218689
459.6308635000023,-3.5441622359166035e-05,-0.00010919803751240835
459.6887487999993,-7.196786979697428e-05,-0.00020063532262270498
459.7328871999998,-0.0001120153542700753,-0.00028629309438734935
459.77921600000263,-0.00014319799949161585,-0.00038139947666828783
459.8342384999996,-9.201624071595115e-05,-0.0002639626581316504
459.87744999999995,-7.981524469132506e-05,-0.0002214030197625029
459.93161659999896,-6.98965112789313e-05,-0.0001977876026739612
459.98577490000025,-6.334618287701415e-05,-0.0002082998417198884
460.02886489999946,-8.366963277780608e-05,-0.0002446595086305685
460.08398920000036,-0.00013003287854264608,-0.00035376384974800774
460.126625900004,-5.277617332049432e-05,-0.00016695739898392928
460.17814770000405,-3.650466333663403e-05,-0.0001322534068261183
460.22911159999785,-3.764647955598726e-05,-0.00013402366717554106
460.2808823000014,-5.3152863688281764e-05,-0.00016863593975697383
460.3282833999983,-6.196230606386829e-06,-5.333351746910549e-05
460.3854668999993,-5.031434572315884e-05,-0.0001526872578262877
460.42616740000085,-3.753771883333696e-05,-0.0001305942102792949
460.4774152000027,-3.5744728044161906e-05,-0.00012322555915667883
460.5322010000018,-2.226181629041233e-05,-9.225778189190073e-05
460.58556580000004,-0.0001460687164113532,-0.00035039340505798987
460.6376439000014,-0.00014744085130594976,-0.00035738294395011756
460.67959910000354,-8.633032330126814e-05,-0.00022535191414066737
460.73563280000235,-0.00012444397610179478,-0.0003049041277240551
460.7783049999998,-9.37875983543001e-05,-0.0002468228004540259
460.8370047999997,-0.00011318733778031626,-0.0002933518061136009
460.88743319999776,-0.00011870424985194585,-0.0002877739061716569
460.93062510000163,-9.169914220183764e-05,-0.00023680554953636062
460.978469200003,-1.7443410660360825e-05,-7.561774185711863e-05
461.0255413999985,-6.95318108313117e-05,-0.00019146402127099638
461.0841156000024,-0.00010141234989556545,-0.0002577161157149847
461.1331793999998,-0.0001024817156026625,-0.000266847935748482
461.18883720000304,-7.195892409723774e-05,-0.0001851217003913946
461.23830499999895,-0.00013545832842090132,-0.00035482562915685006
461.27794659999927,-9.315336039215012e-05,-0.00023456849260776802
461.32801409999956,-0.00010573864970285901,-0.0003021154789343849
461.37842439999804,-6.193300424734053e-05,-0.00019873419838688762
461.4339678000033,-1.8709259830291096e-05,-7.450808416915876e-05
461.48697320000065,-1.8994435868630683e-05,-7.499535218398526e-05
461.53286110000045,-9.771050092375728e-05,-0.00025107666428188523
461.57827109999926,-0.00013039153869977575,-0.0003334987104257752
461.63661180000054,-0.00011491296004761935,-0.000291159533505704
461.68513209999946,-0.00016295658554782406,-0.0003321278532757539
461.73283770000126,-0.00012424612556584,-0.00027185729452072554
461.7779448000001,-0.00010439801116933741,-0.00022584639118886443
461.83715060000395,-0.00014636329029885838,-0.00030262877239767494
461.88725749999867,-0.00015004852209636387,-0.00030931864178947383
461.9322963000013,-0.0001221962668275311,-0.0002516727215187875
461.986347500002,-6.086229448204551e-05,-0.00014248900092065096
462.03697159999865,-6.356145845215825e-05,-0.0001496824786230535
462.0861389999991,-4.2680606104944796e-05,-0.0001036751643980084
462.13413330000185,-5.895387570348139e-05,-0.00013606704986082285
