epoch,mse,rmse,mae,mape,dtw_cru,dtw_medio
1,0.0,0.0,0.0,0.0,0.0044364784844219685,2.372448387391427e-05
2,2.4327434289261873e-08,0.0001559725496917963,7.230621122289449e-05,27.949512481689453,0.009104317985475063,4.082653805145768e-05
3,2.06330650343034e-08,0.00014364214439410716,6.67600252199918e-05,4.6348419189453125,0.009413985535502434,4.221518177355351e-05
4,2.1971739982973304e-08,0.00014822867524344474,6.866010517114773e-05,2.858482837677002,0.009563254192471504,4.288454794830271e-05
5,2.5664869340857877e-08,0.00016020258772186935,7.459265907527879e-05,2.855158567428589,0.009584236890077591,4.297864076267978e-05
6,2.409150567928009e-08,0.00015521438035648316,7.387166260741651e-05,41.9961051940918,0.009237912483513355,4.1425616517997106e-05
7,2.316500946619726e-08,0.00015220056229736656,7.336471026064828e-05,11.769887924194336,0.010191438719630241,4.570151892210871e-05
8,2.4357255767881725e-08,0.000156068112119101,7.067978731356561e-05,2.6585192680358887,0.00909354630857706,4.096192030890568e-05
9,2.125889508874934e-08,0.00014580429706256837,6.828655023127794e-05,3.4628098011016846,0.010133662261068821,4.56471273021118e-05
10,2.2547407496631422e-08,0.00015015793906059116,7.042392826406285e-05,68.93671417236328,0.010364240035414696,4.668576592529142e-05
11,1.9964263131555526e-08,0.00014129494957160205,6.292489706538618e-05,87.14942169189453,0.00919829960912466,4.1433782023084054e-05
12,2.3904680901409847e-08,0.00015461139264516532,7.280664431164041e-05,30.378734588623047,0.009636306203901768,4.321213544350569e-05
13,1.925572767902395e-08,0.0001387650117976591,6.614156882278621e-05,3.2993979454040527,0.008288116194307804,3.7333856731116236e-05
14,2.022252587607909e-08,0.00014220592856872827,6.90590895828791e-05,2.076822519302368,0.008119055069983006,3.657232013505858e-05
15,1.9173464593791323e-08,0.00013846828369423747,6.564654177054763e-05,1.215709924697876,0.009672440588474274,4.3374173042485534e-05
16,1.9555084662670197e-08,0.00013983949611429125,6.628050323342904e-05,1.3413970470428467,0.008784429170191288,3.9569500766627424e-05
17,2.0485847684881264e-08,0.00014312878192868084,6.621882494073361e-05,1.0652179718017578,0.009263389743864536,4.172698082821863e-05
18,2.1263890204181735e-08,0.00014582143921870738,6.954872515052557e-05,1.091057538986206,0.007993271574378014,3.600572781251358e-05
19,2.2302369728777194e-08,0.0001493397867307067,7.480963540729135e-05,1.284379005432129,0.006997736170887947,3.1521334103098864e-05
20,2.0211066598108118e-08,0.00014216563431546092,6.95682319928892e-05,1.012122392654419,0.007674768101423979,3.4571027483891795e-05
21,2.1021826057676662e-08,0.00014498905511572957,6.659943028353155e-05,0.9367825388908386,0.00933128222823143,4.184431492480462e-05
22,2.258748565964197e-08,0.0001502913364674896,7.365513738477603e-05,1.0459778308868408,0.00918890256434679,4.1205841095725514e-05
23,1.962431817048582e-08,0.00014008682046551257,6.538852903759107e-05,0.9412157535552979,0.008419756777584553,3.7756756850154945e-05
24,1.9677559137676326e-08,0.00014027672295924276,6.454299727920443e-05,0.838503360748291,0.007856800220906734,3.523228798612885e-05
25,1.7550457087622817e-08,0.00013247813330963254,5.852230970049277e-05,0.7690683007240295,0.009792648255825043,4.39132208781392e-05
26,1.9130723671878513e-08,0.00013831385876983404,6.403628503903747e-05,0.9221985936164856,0.009214653633534908,4.1321316742309e-05
27,2.1116946413712867e-08,0.00014531670603901148,6.80156153975986e-05,0.9411488771438599,0.00804718118160963,3.624856388112446e-05
28,2.1002692918159482e-08,0.00014492306218016893,6.970098911551759e-05,1.2292011976242065,0.008447226136922836,3.80505681843371e-05
29,2.1064371580337138e-08,0.00014513569476548582,6.941673200344667e-05,1.3183207511901855,0.009197918698191643,4.1432066208070465e-05
30,2.102701657236139e-08,0.00014500695397146046,7.1101458161138e-05,2.404757499694824,0.0091074975207448,4.102476360695856e-05
31,2.207814553401022e-08,0.00014858716167509556,8.11295976745896e-05,4.101033687591553,0.008678722195327282,3.909334322219496e-05
32,2.293994327828841e-08,0.00015145937504712492,7.403489871649072e-05,6.373169422149658,0.010981441475450993,4.924413217691028e-05
33,2.229956308497094e-08,0.00014933038619346917,6.836241664132103e-05,3.8667871952056885,0.010317204520106316,4.6265491121552984e-05
34,2.2464412552380963e-08,0.00014988132170401514,6.998577009653673e-05,3.1998746395111084,0.01011411938816309,4.555909634307698e-05
35,2.1206023603781432e-08,0.00014562287833541632,7.0736110501457e-05,3.1820614337921143,0.009214121848344803,4.150505337092253e-05
36,2.3315037012139328e-08,0.00015269262075889856,7.411427941406146e-05,3.5107743740081787,0.010275455191731453,4.6078274402383196e-05
37,2.3451045549904848e-08,0.00015313734184019268,7.015448500169441e-05,1.9476350545883179,0.010428407229483128,4.676415797974497e-05
38,2.351125161226264e-08,0.00015333379269577563,7.131148595362902e-05,2.04514479637146,0.010378875769674778,4.65420438102008e-05
39,2.0811761203276546e-08,0.00014426281268242747,6.905937334522605e-05,1.3568217754364014,0.008758892305195332,3.927754396948579e-05
40,2.1746673795064453e-08,0.000147467537317425,7.396962610073388e-05,1.6246283054351807,0.00898714829236269,4.030111341866677e-05
41,2.364465778725844e-08,0.00015376819646917284,7.5276278948877e-05,1.1940441131591797,0.009584775194525719,4.2981054683971836e-05
42,2.4263639986088492e-08,0.00015576790610793978,7.543691754108295e-05,0.963417649269104,0.01031440868973732,4.625295376563821e-05
43,2.660476994265082e-08,0.0001631096820347011,7.36969304853119e-05,0.8759154677391052,0.010150544345378876,4.551813607793218e-05
44,2.19115108279766e-08,0.00014802537043578923,6.733004556735978e-05,0.7892581820487976,0.0082835229113698,3.731316626743153e-05
45,2.1815354855903024e-08,0.0001477002224419266,6.785878940718248e-05,0.8582042455673218,0.010196496732532978,4.572420059431829e-05
46,2.422736855578478e-08,0.00015565143257845193,7.223513239296153e-05,0.9430356025695801,0.009062203578650951,4.063768420919709e-05
47,2.3415653416236637e-08,0.00015302174142561853,7.121435191947967e-05,0.7740731835365295,0.009315230883657932,4.177233580115665e-05
48,1.8057981776564702e-08,0.00013437999587040395,6.126554944785312e-05,0.785774290561676,0.008820733986794949,3.955486092733161e-05
49,2.3377891622544666e-08,0.00015289831208065152,7.082955562509596e-05,0.8714919090270996,0.009729220531880856,4.3628791622784105e-05
50,1.984583519742955e-08,0.0001408752432325855,6.583124195458367e-05,0.8453690409660339,0.008194015361368656,3.674446350389532e-05
51,2.6056111934735782e-08,0.00016141905507538468,7.763636676827446e-05,0.8582459092140198,0.010131419636309147,4.5432375050713666e-05
52,2.680904032104081e-08,0.000163734657689929,7.565345003968105e-05,0.6768238544464111,0.011150115169584751,5.0000516455537e-05
53,2.1876809697118915e-08,0.00014790811110287905,6.853353988844901e-05,0.7752242684364319,0.009326556697487831,4.201151665535059e-05
54,2.3361723222592445e-08,0.0001528454158687964,7.26426369510591e-05,0.7603066563606262,0.010855029337108135,4.8677261601381774e-05
55,2.5069905262853354e-08,0.00015833479119464755,7.558948709629476e-05,0.8714022040367126,0.01019649300724268,4.5724183888980626e-05
56,2.2499420992971864e-08,0.00014999807171989232,6.862723239464685e-05,0.6737886667251587,0.009484812617301941,4.25327920058383e-05
57,1.9781348115088804e-08,0.00014064618153497577,6.624680827371776e-05,0.8424676060676575,0.009685488417744637,4.362832620605692e-05
58,1.8986657579489474e-08,0.00013779208529740572,6.45427280687727e-05,0.7521142959594727,0.009917149320244789,4.4471521615447485e-05
59,1.6991201334803918e-08,0.00013035030860919505,6.215954635990784e-05,0.7751927971839905,0.009584270417690277,4.297879111071873e-05
60,2.156257217222901e-08,0.0001468419941375032,6.983355706324801e-05,0.8067220449447632,0.009316098876297474,4.177622814483172e-05
61,1.6329831709072096e-08,0.00012778822565451264,6.021730223437771e-05,0.744834840297699,0.007856140844523907,3.522933114136281e-05
62,2.7045597761343743e-08,0.0001644554577069357,8.291999984066933e-05,0.9434295892715454,0.010011792182922363,4.4895929071400735e-05
63,2.315334945990344e-08,0.00015216224710457027,7.471575372619554e-05,0.876483142375946,0.010262987576425076,4.602236581356536e-05
64,1.977478270021038e-08,0.00014062284026294947,6.536152068292722e-05,0.6996750831604004,0.00866312813013792,3.9023099685305944e-05
65,2.333786319752562e-08,0.00015276734484359622,7.443589856848121e-05,0.7528711557388306,0.009415333159267902,4.222122492945248e-05
66,2.5205338261002908e-08,0.00015876188990660012,7.186324364738539e-05,0.6938084959983826,0.009828860871493816,4.407560928920994e-05
67,2.504601148700658e-08,0.000158259310410358,7.495328463846818e-05,0.6116704940795898,0.011313032358884811,5.073108681114265e-05
68,2.5625087829439508e-08,0.00016007838712539524,7.929116691229865e-05,0.8732792139053345,0.011525328271090984,5.168308641744836e-05
69,2.0954020740759915e-08,0.00014475503121502697,6.716222560498863e-05,0.6295778155326843,0.00975845567882061,4.375989093641529e-05
70,2.2216896766735772e-08,0.0001490533322794363,7.025508966762573e-05,0.6470268368721008,0.01002262718975544,4.494451654598852e-05
71,2.244221342095898e-08,0.00014980725245550275,7.206106238299981e-05,0.5533483028411865,0.008679983206093311,3.8923691507144894e-05
72,2.179812774727452e-08,0.00014764188381377608,7.418216409860179e-05,0.7521939873695374,0.008417577482759953,3.791701568810789e-05
73,2.504797258495728e-08,0.0001582655095262453,7.46809018892236e-05,0.6256012320518494,0.009509864263236523,4.264513122527589e-05
74,2.600550352838127e-08,0.00016126221453305334,7.513734453823417e-05,0.5824329257011414,0.009998874738812447,4.4838003313060296e-05
75,2.4031271195212867e-08,0.0001550202287035063,7.875790470279753e-05,0.7226572036743164,0.00920826941728592,4.1292687969892016e-05
76,2.383554331686355e-08,0.00015438764239661396,7.076645124470815e-05,0.4658234417438507,0.00917681585997343,4.1151640627683544e-05
77,2.0743048168014866e-08,0.00014402446686290205,6.745164137100801e-05,0.5201099514961243,0.008362852968275547,3.7501582817379135e-05
78,2.0320989335687045e-08,0.00014255171117838472,6.685830885544419e-05,0.5110707879066467,0.009208639152348042,4.148035654210829e-05
79,1.84834885175178e-08,0.00013595398922916502,6.788661266909912e-05,0.7021191716194153,0.00848622340708971,3.805481348470722e-05
80,2.1617879042423738e-08,0.00014703019405715168,7.376432768069208e-05,0.5660820603370667,0.008151392452418804,3.6553329383043966e-05
81,1.9459577060843003e-08,0.00013949758431408554,6.718440272379667e-05,0.5386176705360413,0.009114077314734459,4.087030185979578e-05
82,2.243113605970848e-08,0.00014977027603890747,7.252247451106086e-05,0.5261907577514648,0.007845932617783546,3.518355433983653e-05
83,2.197097970224604e-08,0.00014822611410636455,7.099179492797703e-05,0.6299639344215393,0.010623756796121597,4.764016500502958e-05
84,1.9806460471727405e-08,0.00014073542843107134,6.792885687900707e-05,0.5953778624534607,0.009563088417053223,4.288380456077678e-05
85,2.1994186027995966e-08,0.0001483043743064627,7.053733861539513e-05,0.5245726704597473,0.009237210266292095,4.1609055253568e-05
86,2.3083520872546615e-08,0.00015193261788226664,7.189649477368221e-05,0.5165107250213623,0.00928923673927784,4.1655770131290764e-05
87,2.5471729614423566e-08,0.00015959865413606167,7.629371975781396e-05,0.5015197396278381,0.008772475644946098,3.9338455806933174e-05
88,2.142114396974648e-08,0.00014635964180342853,6.551027036039159e-05,0.4567628800868988,0.008981513790786266,4.027584659545411e-05
89,2.427484169231775e-08,0.00015580384933855385,7.416984590236098e-05,0.5681501626968384,0.010892985388636589,4.884746811047798e-05
90,2.1740206079812197e-08,0.00014744560758117586,6.77061834721826e-05,0.455795556306839,0.010286696255207062,4.633646961804983e-05
91,2.4000760490139328e-08,0.0001549217849969864,7.042707875370979e-05,0.4832361936569214,0.009268207475543022,4.156146850019292e-05
92,2.285647582311867e-08,0.00015118358714971691,6.979730824241415e-05,0.5427968502044678,0.00931897759437561,4.1789137194509465e-05
93,2.2548872991023927e-08,0.0001501628285041079,6.798670801799744e-05,0.4187116026878357,0.008606413379311562,3.8767627834736765e-05
94,2.4095873740748175e-08,0.000155228452058509,7.724792521912605e-05,0.4789380729198456,0.009232187643647194,4.139994459034616e-05
95,2.1621875845312388e-08,0.00014704378554597497,7.287391053978354e-05,0.5189584493637085,0.009650410152971745,4.347031600437723e-05
96,2.0640488429535253e-08,0.00014366797404363751,6.767880404368043e-05,0.46421918272972107,0.010272772051393986,4.606624238293267e-05
97,1.9633812797792416e-08,0.00014012071187607944,6.625982496188954e-05,0.4466637969017029,0.008033392019569874,3.602417945995459e-05
98,1.9406142470757004e-08,0.00013930593559052795,6.706625572405756e-05,0.5119560360908508,0.008030968718230724,3.617553476680506e-05
99,2.5088702670927887e-08,0.00015839413390494883,7.896585884736851e-05,0.5395838022232056,0.008912437595427036,3.9966087871870116e-05
100,2.503701246325818e-08,0.000158230890519917,7.779373845551163e-05,0.4769147038459778,0.00957163330167532,4.2922122429037306e-05
101,1.9446087407004597e-08,0.00013944922829978168,6.483717879746109e-05,0.45704251527786255,0.008220724761486053,3.703029171840565e-05
102,1.9298585840488158e-08,0.00013891934941057116,6.664868124062195e-05,0.45985332131385803,0.0073615750297904015,3.3160247881938745e-05
103,2.020851930240042e-08,0.00014215667033568025,6.706692511215806e-05,0.4778851270675659,0.008230862207710743,3.690969599870288e-05
104,2.0765481778539652e-08,0.00014410233416128904,6.813410436734557e-05,0.44800707697868347,0.009920204058289528,4.4485219992329724e-05
105,2.2005066213637292e-08,0.0001483410451328382,6.886291521368548e-05,0.4087095260620117,0.010113480500876904,4.5351930497205844e-05
106,2.099553242373986e-08,0.00014489835302811116,7.252000068547204e-05,0.4748947322368622,0.009200522676110268,4.125794922022541e-05
107,2.4310933710580684e-08,0.00015591963892802596,7.275366806425154e-05,0.3950576186180115,0.009903722442686558,4.441131140218187e-05
108,2.1368508740238212e-08,0.00014617970737162977,6.757560913683847e-05,0.42276355624198914,0.009556028060615063,4.285214376957427e-05
109,2.1820348194978578e-08,0.00014771711721550673,7.029988046269864e-05,0.4276231825351715,0.00802561454474926,3.5989302891252285e-05
110,2.2741970084894092e-08,0.00015080440789461136,7.21740725566633e-05,0.4394672214984894,0.0090866694226861,4.0930943345432886e-05
111,2.2287016676614257e-08,0.00014928836026228964,7.022577483439818e-05,0.448647141456604,0.007840684615075588,3.516002069540623e-05
112,1.9712299348384477e-08,0.00014040050155017525,6.659512291662395e-05,0.44150644540786743,0.007835520431399345,3.529513707837543e-05
113,2.1570169650431126e-08,0.00014686786744277924,6.865840259706602e-05,0.4390685260295868,0.008017892949283123,3.59546769026149e-05
114,1.9119605454420707e-08,0.0001382736663799733,6.457060226239264e-05,0.42738252878189087,0.008514989167451859,3.8355807060593954e-05
115,2.2201126270715577e-08,0.00014900042151566595,7.523549720644951e-05,0.513789713382721,0.008440020494163036,3.801811033406773e-05
116,2.162773249381189e-08,0.0001470637071179226,6.837206456111744e-05,0.40578311681747437,0.008999643847346306,4.0357147297517066e-05
117,2.065903714765227e-08,0.00014373252633959055,7.011741399765015e-05,0.43343257904052734,0.00863343384116888,3.871494996039857e-05
118,2.0034702785665104e-08,0.00014154399104882032,6.89071966917254e-05,0.4423266351222992,0.008283094502985477,3.731123649993458e-05
119,2.032020240960719e-08,0.00014254894631449133,6.989463145146146e-05,0.4052695035934448,0.009846621192991734,4.4155251986510014e-05
120,1.9337608847536103e-08,0.0001390597317367792,6.497260619653389e-05,0.3898133337497711,0.010342911817133427,4.6380770480418954e-05
121,2.0865336125552858e-08,0.0001444483787054196,6.876987754367292e-05,0.4416700601577759,0.008735631592571735,3.917323584112886e-05
122,2.3556946615599372e-08,0.00015348271699622273,7.279626879608259e-05,0.4147382974624634,0.008478437550365925,3.801989932899518e-05
123,2.2661515330923976e-08,0.0001505374239059165,7.210244075395167e-05,0.4282788038253784,0.00912250392138958,4.090808933358556e-05
124,2.169908341898008e-08,0.00014730608381796628,7.107258716132492e-05,0.4482363760471344,0.00976386945694685,4.3784167968371525e-05
125,2.691566969303949e-08,0.00016405995120294392,8.033161429921165e-05,0.4497526288032532,0.008834375068545341,3.961603169751274e-05
126,2.2329528448494784e-08,0.00014943067799322307,7.453128637280315e-05,0.44151487946510315,0.010651287622749805,4.776362162668074e-05
127,1.967908502820137e-08,0.00014028216537553817,6.920548185007647e-05,0.3687177896499634,0.009391343221068382,4.211364673124835e-05
128,2.1429048757681812e-08,0.00014638663560617715,7.385462231468409e-05,0.3933242857456207,0.009335493668913841,4.1863200309030676e-05
129,1.966478357928736e-08,0.00014023117546457797,6.895874685142189e-05,0.45276758074760437,0.008434290997684002,3.782193272504037e-05
130,2.1636287428350442e-08,0.00014709278184454888,7.423233182635158e-05,0.4084952175617218,0.008831290528178215,3.960219967792922e-05
131,2.093235806910343e-08,0.00014468019071500748,6.820119597250596e-05,0.3609001040458679,0.009783624671399593,4.407038140270087e-05
132,2.03888941285868e-08,0.0001427896786481142,6.762641714885831e-05,0.35644733905792236,0.009194516576826572,4.123101603958104e-05
133,2.1873082900469853e-08,0.00014789550914429128,7.563992403447628e-05,0.41835102438926697,0.008951413445174694,4.0140867467151095e-05
134,2.455897174513666e-08,0.00015671302389819175,7.30890387785621e-05,0.37995094060897827,0.009950496256351471,4.462105944552229e-05
135,2.420911648925994e-08,0.0001555927883600816,7.744662434561178e-05,0.362113356590271,0.009560913778841496,4.287405281991702e-05
136,2.2263481724849044e-08,0.00014920951798558235,7.18787414371036e-05,0.3982851207256317,0.008415219374001026,3.7906393576581196e-05
137,2.4415390598164777e-08,0.00015625424566678703,7.353848923230544e-05,0.38645637035369873,0.008727354928851128,3.9136120757179944e-05
138,2.309597846306133e-08,0.00015197361062746495,7.249350164784119e-05,0.39065736532211304,0.009910634718835354,4.444230815621235e-05
139,2.317772107574001e-08,0.00015224231174215674,7.485004607588053e-05,0.4065578877925873,0.010055909864604473,4.529689128200213e-05
140,1.8497990694754662e-08,0.00013600732199847698,6.195031892275438e-05,0.32186898589134216,0.008152795024216175,3.672430191088367e-05
141,1.9117264216106378e-08,0.00013826519716531038,6.863053567940369e-05,0.34865573048591614,0.008042869158089161,3.6229140351752974e-05
142,2.6200572378343168e-08,0.00016186591528821737,7.702113362029195e-05,0.4042983651161194,0.008761136792600155,3.9287608935426705e-05
143,2.0128794631091296e-08,0.00014187597844284028,6.913307879585773e-05,0.36584293842315674,0.010154853574931622,4.553745997727184e-05
144,2.2433399138321874e-08,0.000149777828482911,6.981304613873363e-05,0.34286829829216003,0.010509314946830273,4.712697285574113e-05
145,1.9621694491434027e-08,0.00014007746358402073,6.7466105974745e-05,0.342547744512558,0.01018492877483368,4.5672326344545645e-05
146,2.1086474788489795e-08,0.00014521183038596064,6.695894262520596e-05,0.36771902441978455,0.008096073754131794,3.630526347144302e-05
147,2.24752660926697e-08,0.0001499175268691033,7.353055116254836e-05,0.3858800530433655,0.008961636573076248,4.018671109002802e-05
148,2.0946714585079462e-08,0.000144729798194021,7.011229172348976e-05,0.3400559425354004,0.008159898221492767,3.675629829501247e-05
149,2.0845165593641468e-08,0.00014437854406423867,6.648649286944419e-05,0.35026004910469055,0.009010564535856247,4.0406118994871064e-05
150,2.3287537231908573e-08,0.00015260254440363497,7.278125121956691e-05,0.3540920615196228,0.010384593158960342,4.6567682327176426e-05
151,2.2908498209517347e-08,0.0001513555325800553,7.21664764569141e-05,0.3752012848854065,0.010432630777359009,4.6783097656318425e-05
152,1.9490460800852816e-08,0.00013960823707748204,6.429809582186863e-05,0.35624366998672485,0.008690569549798965,3.897116390044379e-05
153,2.1788254755961134e-08,0.00014760845806449652,7.154096238082275e-05,0.39061403274536133,0.010045862756669521,4.504871191331624e-05
154,2.4352690530804466e-08,0.00015605348744429648,7.780511805322021e-05,0.3954336941242218,0.01098530925810337,4.926147649373709e-05
155,2.166203039166703e-08,0.00014718026795890182,7.04167687217705e-05,0.3737331032752991,0.010049944743514061,4.506701678705857e-05
156,2.408398636077891e-08,0.00015519016596954316,7.572356116725132e-05,0.4109876751899719,0.00987127237021923,4.4265795382149016e-05
157,2.28433574278597e-08,0.00015114019333850592,7.223699503811076e-05,0.334695041179657,0.010843560099601746,4.862583004305716e-05
158,2.3417783268087078e-08,0.0001530286972410977,7.606967119500041e-05,0.39251911640167236,0.010615252889692783,4.760203089548333e-05
159,2.4912322871273318e-08,0.00015783637354616076,7.764944166410714e-05,0.39531922340393066,0.009975705295801163,4.473410446547607e-05
160,1.918007974666125e-08,0.00013849216338712722,6.789396866224706e-05,0.34283897280693054,0.009351384826004505,4.2123355072092364e-05
161,2.3206178312307202e-08,0.00015233573503792286,7.500012725358829e-05,0.39271238446235657,0.010004918090999126,4.486510354708129e-05
162,2.3246949254485116e-08,0.000152469496242702,7.459634798578918e-05,0.38345280289649963,0.008338158950209618,3.739084731035703e-05
163,2.238300567114493e-08,0.00014960950647946447,7.296605326700956e-05,0.38532406091690063,0.009607945568859577,4.308495770789048e-05
164,2.4381224150715752e-08,0.00015614488802384585,8.029177115531638e-05,0.38820216059684753,0.008288748562335968,3.7336705235747604e-05
165,2.341620941592737e-08,0.00015302356041502208,7.191563781816512e-05,0.35636961460113525,0.008993769995868206,4.033080715635967e-05
166,2.3823085726348836e-08,0.0001543472899356857,7.484929665224627e-05,0.3741602301597595,0.008811983279883862,3.95156200891653e-05
167,2.2154027945475718e-08,0.00014884228585287929,7.557233766419813e-05,0.36799657344818115,0.009271884337067604,4.157795666846459e-05
168,2.317413461128126e-08,0.00015223052469082177,7.275138341356069e-05,0.40578675270080566,0.008939161896705627,4.008592778791761e-05
169,1.9935038508833713e-08,0.0001411915000062436,7.186576840467751e-05,0.40102964639663696,0.00882324855774641,3.956613703025296e-05
170,1.91812361549637e-08,0.00013849633978679776,7.098170317476615e-05,0.4119197726249695,0.008174504153430462,3.665696929789445e-05
171,2.1105259762066453e-08,0.0001452764990972355,7.288436609087512e-05,0.401241660118103,0.008749664761126041,3.9236164848098844e-05
172,2.3815887928435586e-08,0.00015432397776748985,7.866371015552431e-05,0.4124210774898529,0.008701231330633163,3.901897457683033e-05
173,1.9354935432147613e-08,0.00013912201393395662,6.917865539435297e-05,0.38141125440597534,0.008786163292825222,3.9399835393835075e-05
174,2.489391981441713e-08,0.00015777807857375592,7.669236947549507e-05,0.35537540912628174,0.009581276215612888,4.296536419557349e-05
175,2.1407860373301446e-08,0.00014631425437983125,7.14027919457294e-05,0.4259999990463257,0.009670197032392025,4.336411225287904e-05
176,2.079975836011272e-08,0.00014422120875678957,6.795607623644173e-05,0.3654569983482361,0.008304784074425697,3.724118419024976e-05
177,2.282366118322443e-08,0.00015107501531019807,7.600578828714788e-05,0.4043673574924469,0.010863088071346283,4.8713399423077505e-05
178,2.5923922564174973e-08,0.00016100906941574067,8.34865786600858e-05,0.3724971413612366,0.01074419729411602,4.8180256924287085e-05
179,2.211264948925873e-08,0.000148703227750957,7.642640412086621e-05,0.3835030496120453,0.008794412016868591,3.961446854445311e-05
180,1.9801092321358738e-08,0.00014071635087020695,6.836565444245934e-05,0.38936948776245117,0.00985325314104557,4.418499166388148e-05
181,2.099355000950709e-08,0.00014489151362795383,7.094455941114575e-05,0.37267202138900757,0.009175666607916355,4.1331831567190786e-05
182,2.1315075926509053e-08,0.0001459968334529549,7.172742334660143e-05,0.342435359954834,0.009454814717173576,4.239827227432097e-05
183,2.2198486604452228e-08,0.00014899155939929187,7.33161941752769e-05,0.38224709033966064,0.00891987793147564,3.999945260751408e-05
184,2.4893607175613397e-08,0.00015777707449160516,7.629593892488629e-05,0.3482922315597534,0.010421989485621452,4.6735378859289026e-05
185,2.3347887179170357e-08,0.0001528001594124362,7.567674765596166e-05,0.3715946078300476,0.009339717216789722,4.2070798273827576e-05
186,2.3724940234615133e-08,0.00015402902499772608,7.935173925943673e-05,0.4126143157482147,0.009980238042771816,4.475443068507541e-05
187,2.0728682770254636e-08,0.00014397459744941443,7.139972149161622e-05,0.37388119101524353,0.01012797374278307,4.5416922613376993e-05
188,1.9329124967271127e-08,0.00013902921637054533,7.033040310489014e-05,0.37214434146881104,0.008455343544483185,3.8087133083257586e-05
189,2.136828314291961e-08,0.00014617893612012267,7.244988228194416e-05,0.3620065152645111,0.009088687598705292,4.0940034228402215e-05
190,1.9960324948442576e-08,0.00014128100883681327,7.319526048377156e-05,0.37472203373908997,0.008764558471739292,3.930295278806857e-05
191,2.294302703376161e-08,0.00015146956138778478,7.360801828326657e-05,0.3412327766418457,0.010840258561074734,4.861102493755486e-05
192,2.7246665368352296e-08,0.00016506563406437635,8.009540033526719e-05,0.3703465461730957,0.009617219679057598,4.31265456459982e-05
193,1.952838957208769e-08,0.00013974402099847794,7.060653297230601e-05,0.33884090185165405,0.008514692075550556,3.835446880878629e-05
194,2.4661163777750517e-08,0.00015703873941674829,7.971047307364643e-05,0.3608194589614868,0.00971413217484951,4.356113082892157e-05
195,2.0329876448954565e-08,0.00014258288138080388,7.1842317993287e-05,0.33046650886535645,0.009843883104622364,4.4142973563328986e-05
196,2.2723327219864586e-08,0.00015074259135872126,7.408365490846336e-05,0.3964318335056305,0.010199036449193954,4.573558945826885e-05
197,2.1662311056047656e-08,0.00014718121383339167,7.097306661307812e-05,0.3512214720249176,0.01105724647641182,4.958406491664493e-05
198,2.196686388344915e-08,0.00014821223157923669,7.145943527575582e-05,0.34913569688796997,0.009822283871471882,4.4046116015568976e-05
199,1.9039884335825263e-08,0.00013798508734907955,6.915822450537235e-05,0.3478987514972687,0.009030514396727085,4.067799277804993e-05
200,2.14845297108468e-08,0.00014657601423095912,7.401916809612885e-05,0.3621752858161926,0.008753810077905655,3.943157692750295e-05
201,2.032065005153072e-08,0.000142550517921336,6.83861508150585e-05,0.3530968725681305,0.009987362660467625,4.478637964335258e-05
202,2.113245933799135e-08,0.00014537008246406913,7.885680679464713e-05,0.37789711356163025,0.009440427646040916,4.233375626027317e-05
203,2.143646149477263e-08,0.0001464119559386745,7.389118400169536e-05,0.3717038333415985,0.009017189033329487,4.043582526156721e-05
204,2.2519174081025994e-08,0.00015006390458438545,7.507824921049178e-05,0.3594343960285187,0.008784066885709763,3.93904344650662e-05
205,2.468932436272553e-08,0.0001571283646626398,7.715237006777897e-05,0.4041668474674225,0.009912675246596336,4.4451458504916304e-05
206,2.1829622554037087e-08,0.00014774850569665432,7.476327300537378e-05,0.386001855134964,0.010501443408429623,4.730379913707037e-05
207,2.0565096292557428e-08,0.00014340535562951118,7.04380581737496e-05,0.3848099708557129,0.009532994590699673,4.2748854666814674e-05
208,2.3550176919684418e-08,0.00015346067084465176,7.469723641406745e-05,0.3748778700828552,0.01017218641936779,4.561518573707529e-05
209,2.0719644666655768e-08,0.00014394319441635162,7.208379975054413e-05,0.4067055284976959,0.00991913117468357,4.4480408855083274e-05
210,2.2670750610132018e-08,0.0001505680993432179,7.605645078001544e-05,0.407683789730072,0.008419478312134743,3.775550812616477e-05
211,2.421681877251558e-08,0.00015561754116788507,7.785376510582864e-05,0.3578217327594757,0.008640119805932045,3.874493186516612e-05
212,2.2108991970526404e-08,0.00014869093138258904,7.129446021281183e-05,0.3715278208255768,0.009795701131224632,4.392691090235261e-05
213,2.0094027775030554e-08,0.00014175340766087174,7.067574188113213e-05,0.37854814529418945,0.009026157669723034,4.065836788163529e-05
214,2.2590699089164445e-08,0.00015030203212518245,7.91360653238371e-05,0.3968387842178345,0.010422446765005589,4.6737429439486945e-05
215,2.1144151318708282e-08,0.0001454102894058451,7.625819853274152e-05,0.354184091091156,0.010034549981355667,4.5200675591692196e-05
216,2.5314943030707582e-08,0.00015910669753793627,7.81170601840131e-05,0.380685031414032,0.008989578112959862,4.031200947515633e-05
217,2.10546495793551e-08,0.00014510221080854535,7.542009552707896e-05,0.3246954083442688,0.009612704627215862,4.3106298776752745e-05
218,2.0950771784100652e-08,0.0001447438116883859,7.449053373420611e-05,0.38880905508995056,0.009084022603929043,4.091902073841911e-05
219,2.229420204002963e-08,0.00014931242913007736,7.851316331652924e-05,0.38078826665878296,0.008942867629230022,4.0102545422556156e-05
220,2.0672356271234094e-08,0.00014377884508576244,6.99068623362109e-05,0.34884288907051086,0.00895475223660469,4.033672178650761e-05
221,2.1236784775169326e-08,0.00014572846703231335,7.634299254277721e-05,0.3561037480831146,0.008992182090878487,4.032368650618155e-05
222,2.2317111714187376e-08,0.00014938913227524608,7.13486660970375e-05,0.35777968168258667,0.009443972259759903,4.254041558450407e-05
223,1.942214566952316e-08,0.0001393633574480191,6.847974145784974e-05,0.36206063628196716,0.009789276868104935,4.389810254755576e-05
224,2.0107153275716882e-08,0.00014179969730321318,7.202715642051771e-05,0.35050562024116516,0.009097086265683174,4.097786606163592e-05
225,2.212028782366815e-08,0.00014872891188133508,7.451128476532176e-05,0.3476894795894623,0.008173000998795033,3.6815319814392036e-05
226,2.2429604840112916e-08,0.0001497651683166623,7.411456317640841e-05,0.35069769620895386,0.009272712282836437,4.158166942975981e-05
227,2.1555916163151778e-08,0.00014681933680549264,7.292332156794146e-05,0.3074168562889099,0.008906496688723564,4.011935445370975e-05
228,2.0780845488843624e-08,0.00014415562327485532,7.010361150605604e-05,0.2957502007484436,0.009429417550563812,4.2284383634815305e-05
229,2.2953232203803964e-08,0.00015150323451962322,8.39407293824479e-05,0.39622098207473755,0.009025253355503082,4.0471988141269424e-05
230,1.9170784071320668e-08,0.0001384586066706106,7.272916263900697e-05,0.36772769689559937,0.009602763690054417,4.306172058320366e-05
231,2.1732150301545516e-08,0.000147418279084377,7.599827222293243e-05,0.357189804315567,0.008351176977157593,3.761791431152069e-05
232,2.6089574944876404e-08,0.00016152267926372588,7.913864828879014e-05,0.40005022287368774,0.010523862205445766,4.719220719930837e-05
233,2.0532377575932514e-08,0.00014329123951029032,6.663506792392582e-05,0.30808964371681213,0.008591494522988796,3.8700425779228815e-05
234,2.321735159682703e-08,0.00015237240586429834,7.481825014110655e-05,0.3841242790222168,0.009919257834553719,4.448097683656376e-05
235,2.0046936555218053e-08,0.00014158721023704857,7.442074274877086e-05,0.34932705760002136,0.008990452624857426,4.031593105317231e-05
236,2.0573400760781624e-08,0.00014343431394081563,7.407457451336086e-05,0.3650665879249573,0.00785408541560173,3.5220113971308206e-05
237,2.3761071332728534e-08,0.00015414626977872103,8.195798000087962e-05,0.34827351570129395,0.00952702946960926,4.272210524488458e-05
238,2.0052551619187398e-08,0.0001416070299455896,7.086606638040394e-05,0.35993099212646484,0.009636618196964264,4.3213534515534815e-05
239,2.377052688018466e-08,0.0001541769306641072,7.982029637787491e-05,0.37342363595962524,0.010353879071772099,4.642995099449372e-05
240,2.1706181740910324e-08,0.00014733018178958446,7.446403469657525e-05,0.37071382999420166,0.009529628790915012,4.2733761394237723e-05
241,2.1557532647875632e-08,0.00014682483742944896,7.420255860779434e-05,0.3574608862400055,0.008826873265206814,3.958239132379737e-05
242,2.1718467024811616e-08,0.00014737187302671373,7.652359636267647e-05,0.3690407872200012,0.00940970703959465,4.2195995693249555e-05
243,2.086103378928783e-08,0.00014443349209614098,7.721200381638482e-05,0.3768835663795471,0.00801962148398161,3.5962428179289726e-05
244,2.1995337107227897e-08,0.00014830824511591345,7.795810961397365e-05,1.2725815773010254,0.007531539537012577,3.3773719896917384e-05
245,5.287590365554706e-09,7.271581853274256e-05,4.161140896030702e-05,1.0685667991638184,0.0055310847237706184,2.4803070510182145e-05
246,5.891222176757083e-09,7.675429515074939e-05,4.246300522936508e-05,0.7304472923278809,0.00440419465303421,1.9749751807328296e-05
247,6.202686364531473e-09,7.875713345129043e-05,4.629523027688265e-05,1.1183314323425293,0.004274843260645866,1.9169700720385052e-05
248,1.9736496881250787e-08,0.00014048664888832718,6.741615652572364e-05,1.3506278991699219,0.005753135308623314,2.5798813043153876e-05
249,1.7206563285299126e-08,0.0001311737869400531,5.847422653459944e-05,0.17873060703277588,0.008746134117245674,3.922033236433038e-05
250,1.790545312019276e-08,0.00013381126336753368,6.231469888007268e-05,0.2121826857328415,0.008858680725097656,3.972502567308366e-05
251,1.764652957092494e-08,0.00013284024316817522,6.124765786807984e-05,0.19686320424079895,0.00835296418517828,3.7457238498557306e-05
252,1.4133106240876714e-08,0.0001188827445730567,5.6411219702567905e-05,0.16657882928848267,0.007726457901299,3.480386442026577e-05
253,1.581673636508185e-08,0.0001257646072190255,5.995511310175061e-05,0.4115332365036011,0.009616151452064514,4.312175539042383e-05
254,7.362532361554486e-09,8.580520079704002e-05,4.779413211508654e-05,1.1496508121490479,0.00672246003523469,3.028135151006617e-05
255,6.656230677748454e-09,8.158572745742276e-05,4.8151145165320486e-05,1.228739619255066,0.0063803913071751595,2.86116202115478e-05
256,1.398763238569245e-08,0.00011826932313852012,6.216940528247505e-05,1.4851247072219849,0.007296491879969835,3.2719694529012714e-05
257,1.8072125129720007e-08,0.0001344326010439545,6.946525536477566e-05,0.1845051497220993,0.007739261724054813,3.486153929754421e-05
258,1.669898352929522e-08,0.00012922454334329814,6.225052493391559e-05,0.1786034107208252,0.007874609902501106,3.531215202915294e-05
259,1.680777117485377e-08,0.00012964478810317814,6.174953887239099e-05,0.8665475249290466,0.012561709620058537,5.6330536412818546e-05
260,5.518872914223039e-09,7.428912067553028e-05,4.6354991354746744e-05,1.1796276569366455,0.0034564512316137552,1.55696001424043e-05
261,1.5336375724928075e-08,0.00012384011643007398,6.354509241646156e-05,1.392553448677063,0.005796234123408794,2.5992081270891456e-05
262,2.661880493803892e-08,0.00016315269749611616,8.451021858491004e-05,0.20399321615695953,0.008840828202664852,3.9644969518676464e-05
263,2.0809633127782945e-08,0.0001442554494133219,7.920132338767871e-05,1.1916558742523193,0.008143790066242218,3.668373903712711e-05
264,6.6719674229887005e-09,8.168211206793785e-05,5.1131493819411844e-05,0.9740788340568542,0.006649856921285391,2.9819986194104892e-05
265,5.988263662715099e-09,7.738386921118945e-05,4.627950329449959e-05,1.1321783065795898,0.0047298334538936615,2.1210015488312383e-05
266,5.8015472426120596e-09,7.616788934683427e-05,4.543946124613285e-05,0.9635353684425354,0.004582975059747696,2.0551457667030027e-05
267,5.937606406547502e-09,7.705586904194206e-05,4.5743836381006986e-05,0.872565507888794,0.005618373863399029,2.53079903756713e-05
268,1.8835454085319725e-08,0.00013724231394007802,7.4661715188995e-05,1.449141502380371,0.006980960723012686,3.1304756605438055e-05
269,1.661216586512637e-08,0.00012888819037470967,6.856445543235168e-05,1.6042966842651367,0.008899088948965073,3.990622847069539e-05
270,1.6291359372644365e-08,0.00012763761333189905,7.030554843368009e-05,1.4537639617919922,0.006915136706084013,3.114926444181988e-05
271,2.174049207326334e-08,0.00014744656800758094,7.29000530554913e-05,0.40225955843925476,0.008124072104692459,3.659491939050657e-05
272,1.1300455682317079e-08,0.00010630360338836908,5.723949652747251e-05,1.6257497072219849,0.0073770578019320965,3.308097669027846e-05
273,5.933053603968119e-09,7.702631410211325e-05,4.591004108078778e-05,1.0674511194229126,0.004830047022551298,2.1659403688570843e-05
274,7.36118588307022e-09,8.579735003877431e-05,5.1527778850868344e-05,0.9674751162528992,0.005481031257659197,2.457861550519819e-05
275,5.6668998382747304e-09,7.527881098212674e-05,4.5109307393431664e-05,1.3207452297210693,0.004658989142626524,2.0892327993840915e-05
276,5.7493627636517886e-09,7.582455145893618e-05,4.458258263184689e-05,1.2579758167266846,0.0053216200321912766,2.3863766960498998e-05
277,1.4035235196274698e-08,0.0001184704015031457,6.80748707964085e-05,1.917885661125183,0.007427354343235493,3.330652171854481e-05
278,2.0141349921232177e-08,0.00014192023081704974,7.627324521308765e-05,1.3796164989471436,0.009304831735789776,4.172570285107523e-05
279,6.185654211066094e-09,7.864893268560991e-05,4.696103133028373e-05,1.1634107828140259,0.005545322317630053,2.486691622255629e-05
280,1.3495711215227857e-08,0.00011617104610195383,6.573796417796984e-05,1.867545247077942,0.012113038450479507,5.4318558073899136e-05
281,2.240216367965786e-08,0.00014967352035455406,7.392445695586503e-05,0.37064123153686523,0.009829389862716198,4.4077981447157836e-05
282,2.4572187840021797e-08,0.00015675518079660833,7.870853005442768e-05,0.4230298101902008,0.008765824139118195,3.930862842653899e-05
283,1.0599219280038596e-08,0.00010295250831404701,5.909180981689133e-05,1.760695457458496,0.007591353263705969,3.404194288657385e-05
284,1.4757674193788262e-08,0.00012148117093602195,6.958899029996246e-05,1.6682507991790771,0.006712223403155804,3.009965651639374e-05
285,2.1301911345972258e-08,0.00014595173706766218,7.272212678799406e-05,0.3608334958553314,0.008810301311314106,3.9508077629211234e-05
286,1.965429241579386e-08,0.00014019376249052584,7.262173312483355e-05,1.0499799251556396,0.012367087416350842,5.545779110471229e-05
287,6.552003828375064e-09,8.094444638118148e-05,5.070075349067338e-05,0.9430476427078247,0.005712427198886871,2.5731654049039962e-05
288,5.662335045286682e-09,7.524849206674844e-05,4.454856025404297e-05,1.135943055152893,0.005062369164079428,2.2803464703060485e-05
289,1.0034125530467009e-08,0.00010017048043664545,6.233456952031702e-05,1.2713199853897095,0.006348787806928158,2.8469900479498467e-05
290,6.766073923358817e-09,8.225614874390885e-05,5.0451177230570465e-05,1.1340429782867432,0.006014751736074686,2.6971980879258682e-05
291,8.34397972937495e-09,9.1345384134911e-05,5.5347267334582284e-05,1.2851523160934448,0.007108310237526894,3.1875830661555574e-05
292,6.753436032624904e-09,8.217929280363023e-05,5.048478124081157e-05,1.0818102359771729,0.005920568946748972,2.65496365325066e-05
293,7.128941881262563e-09,8.443306433036923e-05,5.050178151577711e-05,1.0234898328781128,0.006869670003652573,3.094445947591249e-05
294,8.693588071650993e-09,9.323941048933193e-05,5.5956203141249716e-05,1.2923011779785156,0.006021240726113319,2.7001079489297395e-05
295,7.812907654169976e-09,8.839065412757918e-05,5.567465632339008e-05,1.0508410930633545,0.004442169796675444,1.9920043931280016e-05
296,5.17156495405402e-09,7.191359327407554e-05,4.359243030194193e-05,1.1890021562576294,0.0045205047354102135,2.027132168345387e-05
297,6.728956503110339e-09,8.203021570807323e-05,4.8988109483616427e-05,1.1446932554244995,0.00576096260920167,2.5833913045747398e-05
298,6.2383760379702835e-09,7.898339390521869e-05,4.799640737473965e-05,0.9761152863502502,0.004665848799049854,2.0923088784976925e-05
299,2.3565609907905127e-08,0.00015351094771176577,8.394364704145119e-05,1.3398511409759521,0.0054193767718970776,2.4411607080617466e-05
300,1.962038709280023e-08,0.00014007279241923243,7.058376650093123e-05,0.39073196053504944,0.008994067087769508,4.033213940703815e-05
301,1.1299321478475122e-08,0.00010629827011143789,5.709834294975735e-05,1.318114161491394,0.005958652123808861,2.6720413111250498e-05
302,5.925442359000499e-09,7.697689579799771e-05,4.69879487354774e-05,1.2070149183273315,0.004344400018453598,1.9569369452493685e-05
303,5.6216737931436e-09,7.49778191675432e-05,4.560035085887648e-05,1.1979854106903076,0.004741599317640066,2.1358555484865162e-05
304,6.876293312529924e-09,8.2923419540748e-05,4.832611375604756e-05,0.9347954988479614,0.006082108709961176,2.73968860809062e-05
305,6.359948123701997e-09,7.974928303156048e-05,4.953239476890303e-05,0.9799636006355286,0.004939412232488394,2.2149830638961406e-05
306,6.0151426062304836e-09,7.755734986858442e-05,4.5513232180383056e-05,0.9398265480995178,0.004862193018198013,2.18035561354171e-05
307,5.806103597905121e-09,7.619779353262857e-05,4.525194890447892e-05,0.8597192168235779,0.004456932656466961,1.9986245096264398e-05
308,1.4061741993032228e-08,0.00011858221841976047,6.252105958992615e-05,1.5849491357803345,0.006474703550338745,2.9165331307832185e-05
309,1.4299142314655455e-08,0.0001195790246129036,6.769383617211133e-05,2.189570188522339,0.00800754502415657,3.590827365092632e-05
310,6.510563199668695e-09,8.06880634627305e-05,4.8884685384109616e-05,1.1900579929351807,0.00626890454441309,2.8111679571359146e-05
311,5.608578490523541e-09,7.489044219255447e-05,4.651144263334572e-05,0.9260942339897156,0.0051763285882771015,2.3316795442689647e-05
312,6.334869073754135e-09,7.959188951645046e-05,4.6578486944781616e-05,0.9527227878570557,0.004840245936065912,2.1802909621918524e-05
313,6.291328347174385e-09,7.931789150461555e-05,4.9791691708378494e-05,1.023840069770813,0.005089053884148598,2.2820869435643934e-05
314,6.774953487109769e-09,8.231010724557564e-05,4.9894315452547744e-05,1.1873451471328735,0.005471297074109316,2.4534964457889307e-05
315,5.280587078715371e-09,7.266765169333667e-05,4.1320439777337015e-05,0.9473264217376709,0.003911507315933704,1.7540391551272218e-05
316,5.3036428582231565e-09,7.282611477421597e-05,4.4607357267523184e-05,1.1867491006851196,0.005542202387005091,2.485292550226498e-05
317,5.291913574012597e-09,7.27455408195965e-05,4.471595093491487e-05,1.0768465995788574,0.00454701716080308,2.0390211483421883e-05
318,1.5151341514751948e-08,0.00012309078010730445,6.62340535200201e-05,1.6149812936782837,0.005650355946272612,2.5452053812038792e-05
319,7.348252673011757e-09,8.572194929001853e-05,4.848948447033763e-05,1.468752145767212,0.00830073095858097,3.739067999360798e-05
320,6.05045702428697e-09,7.778468716423959e-05,4.701869693235494e-05,1.0234553813934326,0.005405223462730646,2.4238670236460296e-05
321,6.68384592117377e-09,8.175479160854593e-05,5.228536610957235e-05,1.1906979084014893,0.005269273184239864,2.362902773201733e-05
322,5.853902695918123e-09,7.651079795323312e-05,4.708163396571763e-05,1.1651496887207031,0.005100127775222063,2.287052814000925e-05
323,5.099098032701477e-09,7.14079724275507e-05,4.3915159039897844e-05,1.0911643505096436,0.005402983166277409,2.4228624064024255e-05
324,5.36654187754948e-09,7.32566841179505e-05,4.410529072629288e-05,1.072555661201477,0.004468899220228195,2.0039906817166793e-05
325,2.2484734074623702e-08,0.00014994910452514887,8.070154581218958e-05,1.344728708267212,0.006464652717113495,2.8989474067773518e-05
326,2.161798917654778e-08,0.0001470305724069476,8.213511318899691e-05,1.4473875761032104,0.008831052109599113,3.960113053631889e-05
327,1.2640820834519673e-08,0.00011243140761507675,6.994090654188767e-05,1.8250001668930054,0.006993841379880905,3.1222506160182615e-05
328,2.0583289739306565e-08,0.0001434687728760764,7.205160363810137e-05,0.37987518310546875,0.009045276790857315,4.056177933119872e-05
329,1.4144031723617445e-08,0.00011892868496943265,6.435927207348868e-05,1.3811748027801514,0.006223972421139479,2.8035911806934588e-05
330,1.3889553507340224e-08,0.00011785395327024162,7.846048538340256e-05,1.5428225994110107,0.009777778759598732,4.384654152286427e-05
331,7.733260254383367e-09,8.793895540293306e-05,5.602442615781911e-05,1.1094508171081543,0.005174241028726101,2.320287456827848e-05
332,1.849494601913193e-08,0.00013599613157566637,7.5342039053794e-05,1.3984206914901733,0.0071317292749881744,3.198084876676311e-05
333,2.5102931289211483e-08,0.00015843904111534357,8.125110616674647e-05,0.38737204670906067,0.010494870133697987,4.7062197908959584e-05
334,1.9239564608142246e-08,0.00013870676048099995,7.069262937875465e-05,0.39918920397758484,0.007285345811396837,3.2816873024310076e-05
335,1.0310954756675983e-08,0.00010154287156183273,5.7760818890528753e-05,1.6300458908081055,0.0057053896598517895,2.5584706994851075e-05
336,1.893682544107378e-08,0.00013761113223154098,7.504124369006604e-05,1.4436686038970947,0.007545729633420706,3.383735261623635e-05
337,1.9219653424329408e-08,0.00013863496133126318,7.290889334399253e-05,0.3734917640686035,0.008577855303883553,3.863898785533132e-05
338,2.146311928186151e-08,0.00014650296361651272,7.35590438125655e-05,0.3654603362083435,0.008970472030341625,4.0226331974626124e-05
339,1.2810322580492084e-08,0.00011318269389448687,6.605972885154188e-05,1.6465402841567993,0.007058313582092524,3.17942053247411e-05
340,6.2878888762440965e-09,7.929620915092528e-05,4.919780258205719e-05,1.0635119676589966,0.006436327006667852,2.886245294469889e-05
341,1.9720856059279868e-08,0.00014043095870874822,7.611179171362892e-05,1.368674874305725,0.007060236297547817,3.166025245537138e-05
342,2.377526797658902e-08,0.0001541923120385036,7.988256402313709e-05,0.42128100991249084,0.009448477067053318,4.236985231862474e-05
343,2.0121092347835656e-08,0.00014184883912093937,7.597264630021527e-05,0.40702176094055176,0.009372538886964321,4.202932236306871e-05
344,2.0066778461114154e-08,0.00014165726315695792,7.24947894923389e-05,0.43850308656692505,0.01062007900327444,4.7623672660423504e-05
345,2.013034716696893e-08,0.00014188144996296614,7.285389438038692e-05,0.3429274559020996,0.00929081067442894,4.1662828136452644e-05
346,1.754627554362287e-08,0.000132462359033525,7.514665776398033e-05,2.4646224975585938,0.008597277104854584,3.8552812129392754e-05
347,2.2630883833585358e-08,0.00015043564781080931,7.873219874454662e-05,0.35724490880966187,0.010299365036189556,4.6185493435827604e-05
348,1.040674924013274e-08,0.0001020134732243605,6.346006557578221e-05,1.7065141201019287,0.006996988318860531,3.151796540027266e-05
349,5.4070228294733624e-09,7.353245746344328e-05,4.441294731805101e-05,0.9416828155517578,0.004884224385023117,2.1902351502345817e-05
350,1.3069055171399668e-08,0.00011431996972532943,6.794893852202222e-05,1.7641780376434326,0.007476137951016426,3.352528229155348e-05
351,1.4855933372359686e-08,0.0001218849210999906,7.37863447284326e-05,2.4475109577178955,0.008118381723761559,3.640529920969309e-05
352,5.167326122546001e-09,7.188411836978048e-05,4.5062395656714216e-05,1.271758794784546,0.0056130550801754,2.517065058374619e-05
353,5.705008021550384e-09,7.553150499006733e-05,4.638761674868874e-05,0.9565311670303345,0.004895393270999193,2.1952436192821492e-05
354,5.913715739325198e-09,7.690068741794676e-05,4.8495057853870094e-05,0.9576603770256042,0.0061073629185557365,2.7387277661684918e-05
355,1.555032014266544e-08,0.0001247009204234928,7.18519149813801e-05,1.7130398750305176,0.006877153180539608,3.0839251930670885e-05
356,1.6275897962714225e-08,0.00012757703370880336,6.87739229761064e-05,1.3521935939788818,0.008253445848822594,3.701096793193988e-05
357,1.345544831110601e-08,0.00011599762365221977,6.607881368836388e-05,1.700533390045166,0.006925456691533327,3.105585960328846e-05
358,1.994651022130256e-08,0.00014123211440164596,7.413535058731213e-05,0.9616554975509644,0.01305917277932167,5.856131291175637e-05
359,1.4379627266691841e-08,0.0001199150865431875,6.863359885755926e-05,1.6409578323364258,0.007082832511514425,3.176158076912298e-05
360,2.1733907118459683e-08,0.00014742424536962062,8.621154847787693e-05,1.7017509937286377,0.006681733299046755,2.9962929592137914e-05
361,7.93281973443527e-09,8.906637958716601e-05,5.476890510180965e-05,1.2399266958236694,0.007251933682709932,3.251988198524633e-05
362,6.6385017483128195e-09,8.147700282279402e-05,5.114981104270555e-05,1.2223291397094727,0.005453331395983696,2.4454400878850653e-05
363,2.129870857459082e-08,0.00014594076492358,8.02363792899996e-05,1.333569049835205,0.006935478188097477,3.110079904976447e-05
364,1.9838186204879094e-08,0.00014084808935876936,8.12538928585127e-05,1.4681850671768188,0.006489797495305538,2.910223092065264e-05
365,9.875369855194549e-09,9.937489812728018e-05,6.613454024773091e-05,1.6742205619812012,0.005454478319734335,2.4459544034683115e-05
366,5.905680389162171e-09,7.684842421440408e-05,4.5159704313846305e-05,1.0340158939361572,0.0067275813780725,3.0304420621948198e-05
367,4.902465100542486e-09,7.001760241109878e-05,4.029882256872952e-05,0.9106475114822388,0.004804263822734356,2.1543783958450027e-05
368,1.9845092680270682e-08,0.00014087260933592916,8.160615834640339e-05,1.527754545211792,0.0065507120452821255,2.9375390337588006e-05
369,2.358864925611215e-08,0.000153585962834768,8.410236478084698e-05,1.140006184577942,0.012880629859864712,5.7760672017330546e-05
370,1.118959236379169e-08,0.00010578086948953569,6.594014121219516e-05,1.7027950286865234,0.004541376139968634,2.036491542586831e-05
371,6.8662489027815354e-09,8.28628326416947e-05,5.315937596606091e-05,1.0470337867736816,0.004587120842188597,2.0570048619679806e-05
372,7.284301606347299e-09,8.53481178637594e-05,5.431716999737546e-05,1.204243540763855,0.0054927365854382515,2.4631105764297092e-05
373,5.3887894146953386e-09,7.3408373282291e-05,4.318355058785528e-05,1.136997938156128,0.006002189591526985,2.691564839249769e-05
374,1.6806092517640536e-08,0.00012963831250090152,7.097134221112356e-05,1.605380892753601,0.007711491081863642,3.4580677497146374e-05
375,1.5057558755415812e-08,0.0001227092434419319,7.581710815429688e-05,2.3057894706726074,0.009549007751047611,4.282066256075162e-05
376,5.300359262605525e-09,7.280356658156961e-05,4.400732723297551e-05,0.8949200510978699,0.004437585826963186,1.989948801328783e-05
377,5.581849649161086e-09,7.471177377738059e-05,4.8986323236022145e-05,1.162882685661316,0.0051269433461129665,2.2990777336829445e-05
378,5.8240781086738025e-09,7.631564949406311e-05,4.752633685711771e-05,1.2655631303787231,0.00525249820202589,2.3553803596528655e-05
379,1.4074274190534197e-08,0.00011863504914799705,6.919808220118284e-05,1.6178468465805054,0.00645077507942915,2.9057545402834007e-05
380,1.1221257700810838e-08,0.00010593044135021046,6.546645454363897e-05,2.289384603500366,0.012664794921875,5.679280234024664e-05
381,1.0063707200913541e-08,0.00010031802958110347,6.379838305292651e-05,1.577849268913269,0.008581502363085747,3.86554160499358e-05
382,6.2570206793566285e-09,7.910132990218699e-05,4.867211464443244e-05,0.9672138094902039,0.005682232789695263,2.548086452778145e-05
383,1.834454899096727e-08,0.00013544205285143107,7.81290655140765e-05,1.5448161363601685,0.00787365436553955,3.530786711004283e-05
384,1.6526533030969404e-08,0.00012855556269641966,6.768472667317837e-05,1.329749345779419,0.008238155394792557,3.6942400873509226e-05
385,7.756493225485883e-09,8.807095582596958e-05,5.640512245008722e-05,1.332335114479065,0.00679462356492877,3.046916396829045e-05
386,7.390674738871894e-09,8.596903353463858e-05,5.40939363418147e-05,1.0627493858337402,0.005405463743954897,2.4239747730739447e-05
387,5.794559054805859e-09,7.612199988216162e-05,4.9332433263771236e-05,0.9447039365768433,0.004332837648689747,1.9429765240761196e-05
388,5.386668444629095e-09,7.339392323046923e-05,4.443330180947669e-05,1.147407054901123,0.004444814752787352,1.9931904721019512e-05
389,5.6716298324488434e-09,7.531022129114717e-05,4.598075611284003e-05,1.0634642839431763,0.006036636885255575,2.7070120561684195e-05
390,6.481486902742972e-09,8.050768519751728e-05,5.1615003030747175e-05,1.0091527700424194,0.005444248206913471,2.4413669089298077e-05
391,5.400969449453896e-09,7.349129009526223e-05,4.4461638026405126e-05,1.1057850122451782,0.0050096455961465836,2.246477845805643e-05
392,5.915082201823907e-09,7.690957136219367e-05,4.735273978440091e-05,0.9946819543838501,0.005263644270598888,2.360378596681116e-05
393,1.1796863041979577e-08,0.00010861336340894923,6.283661787165329e-05,2.038461208343506,0.010588827542960644,4.7483531582783156e-05
394,1.854358444575155e-08,0.0001361748290946707,7.383987394860014e-05,1.478128433227539,0.0074532125145196915,3.342247764358606e-05
395,6.656824869111233e-09,8.158936543622985e-05,5.182142922421917e-05,1.1965973377227783,0.004299250431358814,1.927914991640724e-05
396,5.254959578593343e-09,7.24911005818285e-05,4.531126978690736e-05,0.9923814535140991,0.004419329576194286,1.9817621417911598e-05
397,4.963099264898574e-09,7.044927042443305e-05,4.223587893648073e-05,1.006373405456543,0.0043735080398619175,1.961214367651084e-05
398,4.915983176090322e-09,7.011407433310524e-05,4.283804810256697e-05,1.147878885269165,0.004072888754308224,1.8264075131427013e-05
399,5.683099768560851e-09,7.538633508374915e-05,4.7678055125288665e-05,1.0991711616516113,0.005419955588877201,2.4304733582408973e-05
400,5.485363718804592e-09,7.406323857139796e-05,4.62915631942451e-05,1.0812597274780273,0.005362612660974264,2.4047590407956342e-05
401,1.952400552340805e-08,0.00013972833403386176,8.090670598903671e-05,1.5314558744430542,0.007729875389486551,3.4663118338504716e-05
402,9.65515578599252e-09,9.826065070228651e-05,6.220276554813609e-05,1.9914063215255737,0.010181175544857979,4.586115110296387e-05
403,2.1846775055678336e-08,0.00014780655328650028,8.216012065531686e-05,1.4212989807128906,0.006785268429666758,3.04272126890886e-05
404,1.9152601282712567e-08,0.00013839291932526976,7.341477612499148e-05,1.3386601209640503,0.008555790409445763,3.8366773136528084e-05
405,1.6510123046487024e-08,0.0001284917234443128,7.336997805396095e-05,1.6033949851989746,0.006592178251594305,2.9694496628803176e-05
406,2.271667831621471e-08,0.00015072053065523505,8.161280857166275e-05,0.37049388885498047,0.010349387302994728,4.6409808533608645e-05
407,2.1722776466504e-08,0.000147386483149603,7.933453161967918e-05,0.3473198115825653,0.008601020090281963,3.856959681740791e-05
408,1.3885288474568824e-08,0.00011783585068769753,6.944726192159578e-05,1.588008165359497,0.006310322321951389,2.829740951547708e-05
409,7.109680399963736e-09,8.431891910731792e-05,5.009424057789147e-05,0.9152230024337769,0.006138542667031288,2.7527097161575283e-05
410,5.84843151685277e-09,7.647503662155941e-05,4.8497844545636326e-05,1.0162367820739746,0.004010413773357868,1.798391826617878e-05
411,7.034374860381831e-09,8.387117850361392e-05,4.907465336145833e-05,1.2502137422561646,0.008666682057082653,3.886404509902535e-05
412,2.2104641672626713e-08,0.0001486762921558693,7.954202737892047e-05,1.518107533454895,0.014572357758879662,6.534689577972943e-05
413,8.49906456323879e-09,9.219037019647658e-05,5.9148402215214446e-05,1.079149842262268,0.005779145751148462,2.5915451798872028e-05
414,5.375473843827194e-09,7.331762026296929e-05,4.597078441292979e-05,1.197868824005127,0.004884887486696243,2.190532505244952e-05
415,4.313064128069755e-09,6.56739211990498e-05,3.9143571484601125e-05,0.9545844197273254,0.003903646022081375,1.7505139112472534e-05
416,1.6101562749781806e-08,0.00012689192953985184,7.519750215578824e-05,1.6201953887939453,0.006411902606487274,2.8752926486490017e-05
417,1.2081584621626007e-08,0.00010991626186296344,6.552167178597301e-05,1.939498782157898,0.006921003572642803,3.103589046028163e-05
418,1.9718740418284142e-08,0.00014042343536857516,7.899758202256635e-05,2.124363899230957,0.010405341163277626,4.687090614089021e-05
419,5.028492733316625e-09,7.091186853358522e-05,4.467525286599994e-05,1.1124794483184814,0.004435743670910597,1.9891227223814335e-05
420,2.437486301687386e-08,0.00015612451534252614,8.81422747625038e-05,1.4359853267669678,0.009396480396389961,4.2136683391883235e-05
421,2.0788515797676155e-08,0.00014418222417589277,8.112737850751728e-05,0.35923734307289124,0.008933959528803825,4.024306094055777e-05
422,2.1442779996050376e-08,0.00014643353642895818,7.568575529148802e-05,0.3114854097366333,0.009294472634792328,4.167924948337367e-05
423,2.3377859648121557e-08,0.0001528981956653297,8.374301251024008e-05,0.3417797088623047,0.01019195094704628,4.570381590603713e-05
424,1.537569360721136e-08,0.00012399876140989363,7.473357254639268e-05,2.043489694595337,0.008315379731357098,3.728869834689281e-05
425,2.1243753423050293e-08,0.00014575237582903355,8.280786278191954e-05,1.9539915323257446,0.008544759824872017,3.848990912104512e-05
426,5.86241233335727e-09,7.65663935453631e-05,4.863231151830405e-05,1.2319782972335815,0.004682269878685474,2.0996725913387777e-05
427,4.5633243850318195e-09,6.755238428013399e-05,4.365310451248661e-05,1.0775278806686401,0.004275916609913111,1.9174513945798703e-05
428,1.6808295200121393e-08,0.0001296468108193949,7.640476542292163e-05,1.5646741390228271,0.006167099345475435,2.777972678142088e-05
429,1.6237574840261004e-08,0.00012742674152832478,6.974108691792935e-05,1.525371789932251,0.007267453242093325,3.258947642194316e-05
430,1.2705677399083015e-08,0.00011271946277702227,6.808608304709196e-05,1.744834303855896,0.0077227819710969925,3.463130928743046e-05
431,1.9751615454310922e-08,0.00014054044731892645,7.675734377698973e-05,0.33453717827796936,0.007899577729403973,3.542411537849315e-05
432,1.2582336950117678e-08,0.00011217101564398035,6.422516162274405e-05,2.137594223022461,0.007380869705229998,3.3098070427040346e-05
433,1.3144929589259391e-08,0.00011465133866295218,6.843687879154459e-05,1.9064542055130005,0.006332287099212408,2.8395906274495104e-05
434,1.5134460795707128e-08,0.00012302219693083316,6.868139462312683e-05,1.5198523998260498,0.008423241786658764,3.777238469353706e-05
435,1.2805677407357052e-08,0.00011316217569401488,6.626682443311438e-05,1.5956394672393799,0.0064155119471251965,2.8898702464527912e-05
436,1.4024994499095556e-08,0.00011842716776300222,6.851664511486888e-05,1.935058832168579,0.007319488562643528,3.2822818666562904e-05
437,5.372622347010747e-09,7.329817162826657e-05,4.59957227576524e-05,1.1481150388717651,0.0048066782765090466,2.1554611105421733e-05
438,5.6749467347572136e-09,7.53322456148453e-05,4.7496476327069104e-05,1.3143354654312134,0.005627676844596863,2.5236219034066648e-05
439,6.757099768606167e-09,8.220157906180248e-05,5.2265157137298957e-05,1.1707189083099365,0.004243247210979462,1.9028014399011038e-05
440,6.341469127590926e-09,7.963334064697847e-05,5.084590884507634e-05,1.158809781074524,0.005815458949655294,2.6078291254059617e-05
441,4.705513312330822e-09,6.859674613224342e-05,4.234570587868802e-05,1.0493322610855103,0.004505418706685305,2.0203671330427375e-05
442,4.783470952673952e-09,6.916264101164415e-05,4.335110861575231e-05,1.1472501754760742,0.004580043721944094,2.053831265445782e-05
443,6.3449365761414356e-09,7.96551103121601e-05,5.0446935347281396e-05,1.2022327184677124,0.00610712543129921,2.738621269640901e-05
444,5.519467549675028e-09,7.429312245221809e-05,4.703104423242621e-05,1.2508524656295776,0.005385218653827906,2.414896257321931e-05
445,2.1805099947869166e-08,0.00014766550157219172,8.516573143424466e-05,2.3114404678344727,0.010895881801843643,4.8860456510509614e-05
446,1.0339229028488717e-08,0.00010168200242333114,6.691348971799016e-05,1.5667004585266113,0.005088476464152336,2.281828010830644e-05
447,6.86801149285543e-09,8.287347009172663e-05,5.5049466027412564e-05,1.3321806192398071,0.006395325995981693,2.867859191023181e-05
448,5.011302040003329e-09,7.079054921632633e-05,4.501919829635881e-05,1.0578149557113647,0.0035211476497352123,1.5789899774597366e-05
449,5.6336499909548365e-09,7.505764369852841e-05,4.645027365768328e-05,1.0812324285507202,0.00396187836304307,1.7766270686291794e-05
450,4.975497347459168e-09,7.053720764815807e-05,4.248822006047703e-05,1.1832422018051147,0.003869224339723587,1.7350781792482455e-05
451,8.408854057506687e-09,9.169980330625549e-05,5.550241985474713e-05,1.5899889469146729,0.008519542403519154,3.8204226024749564e-05
452,1.6959909032721043e-08,0.00013023021165281534,7.171783363446593e-05,1.294271469116211,0.00745524512603879,3.3431592493447485e-05
453,1.073723243649738e-08,0.00010362061584601179,6.366631714627147e-05,1.543230414390564,0.00778216915205121,3.4897619515924713e-05
454,4.913370155179564e-09,7.00954333296977e-05,4.459386400412768e-05,1.177695631980896,0.0053464011289179325,2.3974892954788936e-05
455,1.5014245846600716e-08,0.00012253262684680521,7.13104018359445e-05,1.5236878395080566,0.006257293745875359,2.8059613210203403e-05
456,1.2985188035941064e-08,0.00011395257024560124,6.719943485222757e-05,1.7092341184616089,0.00712543074041605,3.195260421711233e-05
457,5.309829020916368e-09,7.286856998689473e-05,4.5823057007510215e-05,0.9709838032722473,0.0050200000405311584,2.251121094408591e-05
458,1.9248769689284018e-08,0.00013873993884772062,7.810009265085682e-05,1.7286243438720703,0.007776032201945782,3.487009956029498e-05
459,8.644792437451088e-09,9.297737415181473e-05,5.650075036101043e-05,1.436292052268982,0.006818888243287802,3.057797418514709e-05
460,4.380385831836975e-09,6.618448242079467e-05,4.19984498876147e-05,1.107674479484558,0.005019730888307095,2.2510003983439886e-05
461,6.4482486017425344e-09,8.030098979361355e-05,5.169619544176385e-05,1.251621127128601,0.006762063130736351,3.0323153052629375e-05
462,1.9919751181873835e-08,0.00014113735232967883,8.167966007022187e-05,2.3592748641967773,0.008883274160325527,3.983531013598891e-05
463,5.2291526664305366e-09,7.23128832760267e-05,4.517380511970259e-05,0.9875884056091309,0.004864114336669445,2.1812171913315896e-05
464,2.217866956755188e-08,0.000148925042594783,8.746239473111928e-05,2.5552520751953125,0.005519826430827379,2.4752584891602598e-05
465,5.3609010564059645e-09,7.321817247429863e-05,4.7306588385254145e-05,1.0000159740447998,0.00645335903391242,2.9069184837443334e-05
466,5.675552472439449e-09,7.533626194344833e-05,4.815999272977933e-05,0.9891106486320496,0.0041708871722221375,1.8703529920278645e-05
467,5.6599778197607975e-09,7.52328269300051e-05,4.802774128620513e-05,0.9187703728675842,0.003961247857660055,1.7763443307892625e-05
468,7.925749834214457e-09,8.902668196242303e-05,5.707602031179704e-05,1.3536633253097534,0.005966427735984325,2.6755281327283972e-05
469,5.784359657923233e-09,7.605498103657737e-05,4.941396400681697e-05,1.2599945068359375,0.004459053743630648,1.9995756697895282e-05
470,4.664856501079839e-09,6.829975609434769e-05,4.224975054967217e-05,1.2030143737792969,0.004323053173720837,1.9473212494238004e-05
471,5.002555258926122e-09,7.072874723235145e-05,4.4646410970017314e-05,1.0858066082000732,0.004137152805924416,1.8552254735087067e-05
472,4.852429569268679e-09,6.965938518987969e-05,4.353325130068697e-05,1.144775629043579,0.004476964008063078,2.0076071785036224e-05
473,6.2300946623849995e-09,7.893094880273566e-05,5.261168917058967e-05,1.309922218322754,0.0071145156398415565,3.204736774703404e-05
474,5.148160120427292e-09,7.175067730713636e-05,4.5598106225952506e-05,1.3337478637695312,0.00517671275883913,2.321395855981673e-05
475,5.0245465565978975e-09,7.088403799571097e-05,4.481694122659974e-05,1.336526870727539,0.003966124262660742,1.778531059489122e-05
476,5.146590709159682e-09,7.173974154284224e-05,4.5199234591564164e-05,1.0217522382736206,0.005210165865719318,2.336397249201488e-05
477,5.135500913411306e-09,7.16624126653187e-05,4.345560591900721e-05,1.1479127407073975,0.004637172445654869,2.079449527199493e-05
478,5.6755897759330765e-09,7.533650932600722e-05,4.8224799684248865e-05,1.2971668243408203,0.005648674909025431,2.5330380757961574e-05
479,5.517822643241743e-09,7.42820484447293e-05,4.513883322943002e-05,0.9659025073051453,0.004854284692555666,2.1768092791729445e-05
480,8.519060124001498e-09,9.229875286109746e-05,6.0176807892275974e-05,1.4095115661621094,0.006608877796679735,2.963622330349657e-05
481,5.9414908548660605e-09,7.708106568315998e-05,4.814483691006899e-05,1.280109167098999,0.005496681202203035,2.4538755366977837e-05
482,2.003930532623599e-08,0.00014156026009004563,7.975839253049344e-05,1.6930845975875854,0.008343963883817196,3.7416878402767694e-05
483,2.2041572123043807e-08,0.00014846403792034835,7.909545820439234e-05,0.32989582419395447,0.00900082103908062,4.036242618421803e-05
484,1.4740464848728152e-08,0.00012141031766077504,6.547084922203794e-05,1.6863822937011719,0.006495872046798468,2.9129471061876536e-05
485,5.369427569235086e-09,7.32763801352121e-05,4.6353052312042564e-05,1.1029571294784546,0.004550266079604626,2.0404780626029712e-05
486,5.689789972507242e-09,7.543069659732282e-05,4.819992318516597e-05,1.305853009223938,0.004998600576072931,2.2415249220057987e-05
487,4.652942031668772e-09,6.821247370680794e-05,4.33890636486467e-05,0.9720380306243896,0.00447171600535512,2.0142864888987026e-05
488,5.9909832650362205e-09,7.74014406488277e-05,4.9341691919835284e-05,1.301277756690979,0.0053616720251739025,2.4043372310196873e-05
489,5.129278779492097e-09,7.161898247431964e-05,4.494554377743043e-05,1.1437361240386963,0.005506075453013182,2.4690921313960455e-05
490,5.981930062404217e-09,7.734293467365205e-05,4.996680945623666e-05,1.2632670402526855,0.004997436888515949,2.251097697529707e-05
491,5.931390489877231e-09,7.701552385697141e-05,5.049637547926977e-05,1.343334674835205,0.005438844673335552,2.4389437997020414e-05
492,5.486950893640596e-09,7.407395605696365e-05,4.548626748146489e-05,1.2766075134277344,0.0041381255723536015,1.8556616916383863e-05
493,7.451587791251768e-09,8.632257959106937e-05,5.6370427046203986e-05,1.4468770027160645,0.005247666034847498,2.353213468541479e-05
494,8.97180196801628e-09,9.471959492657334e-05,6.146730447653681e-05,1.5886061191558838,0.004736216738820076,2.1334309634324666e-05
495,5.146799431088311e-09,7.174119673436508e-05,4.5402328396448866e-05,1.1369287967681885,0.005842084530740976,2.6197688478659086e-05
496,6.043693545620954e-09,7.774119876557961e-05,4.9438796850154176e-05,1.2561941146850586,0.00598126370459795,2.6821810334519954e-05
497,5.326592056320578e-09,7.298350828932598e-05,4.521421578829177e-05,0.9662378430366516,0.005617063958197832,2.5188627615236915e-05
498,4.7715853490615245e-09,6.907666102051735e-05,4.327612623455934e-05,1.2319390773773193,0.004425605293363333,1.9935158979114112e-05
499,5.341320719054465e-09,7.308433850994334e-05,4.5822955144103616e-05,1.1374799013137817,0.005051833111792803,2.2653960142568622e-05
500,5.573807193570701e-09,7.465793169103563e-05,4.716578405350447e-05,1.1598657369613647,0.0049740104004740715,2.2304979374323192e-05
501,5.377065015466087e-09,7.332847599172965e-05,4.639121107175015e-05,1.306214690208435,0.0046158842742443085,2.0792271505604993e-05
502,7.915162747451632e-09,8.896720100892708e-05,5.837326534674503e-05,1.1350078582763672,0.007774329278618097,3.486246313281658e-05
503,5.37634647912455e-09,7.332357199629769e-05,4.558809087029658e-05,1.3373147249221802,0.006292211357504129,2.8343294403171756e-05
504,5.388894663838073e-09,7.34090936020948e-05,4.296236511436291e-05,1.1345659494400024,0.005913326516747475,2.6517159267925895e-05
505,6.218834336380041e-09,7.885958621045575e-05,5.0748367357300594e-05,1.339890956878662,0.006385475862771273,2.863442090928822e-05
506,6.879086633659881e-09,8.294025610666722e-05,5.399277142714709e-05,1.2179044485092163,0.007553574163466692,3.387252988101656e-05
507,6.464528468086428e-09,8.040229295147583e-05,4.991378227714449e-05,1.2422938346862793,0.0054911780171096325,2.4735036113106452e-05
508,5.192124508113238e-09,7.205639849416912e-05,4.646037268685177e-05,1.221501350402832,0.00408776244148612,1.841334433101856e-05
509,5.611435316410507e-09,7.490951247746125e-05,4.899802661384456e-05,1.2659497261047363,0.00493223499506712,2.2117645717789773e-05
510,6.113033634846943e-09,7.818589074304327e-05,5.046682053944096e-05,1.4346283674240112,0.005479012615978718,2.4569563300352996e-05
511,7.1798917922194505e-09,8.473424531985074e-05,5.3809071687282994e-05,1.2626912593841553,0.005674793850630522,2.544750605663911e-05
512,5.259483071284876e-09,7.252229261212051e-05,4.666011227527633e-05,0.965286135673523,0.0057263500057160854,2.5678699577202178e-05
513,2.1091983271048775e-08,0.0001452307915315032,8.899090607883409e-05,2.586427688598633,0.005872471258044243,2.6333951829794812e-05
514,9.334452322207198e-09,9.661496733315289e-05,6.237505294848233e-05,1.5684734582901,0.004921741783618927,2.2070590957932407e-05
515,6.1140266183201675e-09,7.819224265404046e-05,5.188123031985015e-05,1.1048263311386108,0.006553406361490488,2.9387472473051516e-05
516,1.587822850979137e-08,0.0001260088465642184,7.277331314980984e-05,1.5329502820968628,0.006570453755557537,2.9463918186356668e-05
517,1.512165859196557e-08,0.00012297015928197652,7.338950672419742e-05,1.988800287246704,0.007160029374063015,3.210775504064132e-05
518,5.8663811586257e-09,7.65923032304272e-05,4.8935537051875144e-05,1.2763826847076416,0.00544520141556859,2.4417943567572153e-05
519,5.623665089160568e-09,7.499109779018909e-05,4.7609144530724734e-05,1.2465362548828125,0.004283281043171883,1.9207538310187815e-05
520,7.532922730035807e-09,8.679241000209004e-05,5.400030568125658e-05,1.304694414138794,0.004704630468040705,2.1096997614532307e-05
521,7.356588227480643e-09,8.577055268688127e-05,5.326543396222405e-05,1.1408820152282715,0.005369467660784721,2.4078330317420276e-05
522,5.828140636765511e-09,7.634225767105818e-05,4.8373756726505235e-05,1.187085509300232,0.004811954218894243,2.15782700398845e-05
523,8.315801380831545e-09,9.119101741816849e-05,5.9411053371150047e-05,1.2080891132354736,0.005017098505049944,2.2498199574214997e-05
524,6.438091393334844e-09,8.023771806620061e-05,5.0811198889277875e-05,1.049445629119873,0.0059974417090415955,2.689435743964841e-05
525,6.2420695279286065e-09,7.900677155703306e-05,5.084456643089652e-05,1.1243706941604614,0.006524224299937487,2.9256611210482003e-05
526,5.154927151806987e-09,7.179781823651865e-05,4.477457332541235e-05,1.1264475584030151,0.0046122451312839985,2.0682713593201788e-05
527,5.354391596767982e-09,7.317370909731835e-05,4.817622175323777e-05,1.3642120361328125,0.00450696237385273,2.0301632314651937e-05
528,7.346835140253916e-09,8.571368380216882e-05,5.4054133215686306e-05,1.1579899787902832,0.006516717839986086,2.9222949955094556e-05
529,8.741494639252778e-09,9.349596075480804e-05,6.106510409153998e-05,1.3805136680603027,0.004483913537114859,2.0107235592443312e-05
530,6.830489507336779e-09,8.264677308034152e-05,5.300995326251723e-05,1.336071491241455,0.006570069584995508,2.9594908040520307e-05
531,5.508158373856986e-09,7.421696500387043e-05,4.7339675802504644e-05,1.3041434288024902,0.005094933323562145,2.2847234634807826e-05
532,5.463487884327378e-09,7.39154129405506e-05,4.790346429217607e-05,0.9866302609443665,0.00439336197450757,1.970117477357655e-05
533,5.448563822341157e-09,7.381438626907766e-05,4.8077366955112666e-05,1.1205819845199585,0.005405693780630827,2.4240779285340032e-05
534,7.363949894312327e-09,8.581345900893211e-05,5.6490913266316056e-05,1.321828007698059,0.0046162111684679985,2.070049851330941e-05
535,6.57991483521414e-09,8.111667557386681e-05,5.272359703667462e-05,1.1281787157058716,0.005859397351741791,2.6275324447272605e-05
536,5.759323240539516e-09,7.589020242448896e-05,4.7907935368129984e-05,1.1074382066726685,0.005934483837336302,2.6612035145005838e-05
537,5.9838449750770906e-09,7.735531835351139e-05,4.881484346697107e-05,1.1805157661437988,0.004712890833616257,2.1134039612628954e-05
538,1.9591452016243238e-08,0.00013996947382111102,8.347615221282467e-05,2.5432887077331543,0.005643010605126619,2.530498029204762e-05
539,1.4013052940242687e-08,0.00011837673810077831,7.157553773140535e-05,1.9040991067886353,0.007336914073675871,3.290095997164068e-05
540,2.0581872206548724e-08,0.00014346383977681398,7.698572881054133e-05,0.33854687213897705,0.009163198992609978,4.109057844219721e-05
541,1.1550673306714998e-08,0.00010747405758593231,6.531762483064085e-05,2.1380019187927246,0.0124072739854455,5.563799993473318e-05
542,5.8920459622413546e-09,7.675966480746865e-05,4.970894951839e-05,1.0655511617660522,0.004342725500464439,1.9561826578668645e-05
543,6.994890444644852e-09,8.363545930478722e-05,5.535897798836231e-05,1.4067699909210205,0.0077911741100251675,3.49380004933864e-05
544,1.784100867041616e-08,0.00013357023999560624,7.832041592337191e-05,1.7185035943984985,0.008245518431067467,3.697541897339671e-05
545,1.3726523029333748e-08,0.00011716024164343253,7.430233381455764e-05,2.172603130340576,0.00798027217388153,3.578597387390821e-05
546,6.777230332488671e-09,8.23239388410002e-05,5.456240978674032e-05,1.2555227279663086,0.005101296119391918,2.2875767351533264e-05
547,2.5157834926403666e-08,0.00015861220890656114,9.540945029584691e-05,2.3427858352661133,0.004498075693845749,2.0170743021729815e-05
548,7.664179513255931e-09,8.754529699217528e-05,5.5184886150527745e-05,1.033315658569336,0.004062591586261988,1.8299962100279225e-05
549,5.6724145380826485e-09,7.531543087679893e-05,4.6904886403353885e-05,1.0793792009353638,0.005828193388879299,2.613539636268744e-05
550,5.730245167256953e-09,7.569838635390624e-05,4.7464200179092586e-05,1.1877351999282837,0.004572183825075626,2.0595422635475796e-05
551,5.696889626705115e-09,7.547774293925613e-05,4.88861660414841e-05,1.3553825616836548,0.005088638514280319,2.2819006790494703e-05
552,5.4422062412129435e-09,7.377131260000169e-05,4.5062835852149874e-05,1.17935049533844,0.0049984389916062355,2.241452462603693e-05
553,6.06132699587647e-09,7.785452180542052e-05,4.996220377506688e-05,1.3671655654907227,0.005898935720324516,2.6452626548540433e-05
554,6.603130930926682e-09,8.125964814098552e-05,5.426627103588544e-05,1.2575057744979858,0.005941891111433506,2.6645251620778053e-05
555,5.609304576381646e-09,7.489528798032552e-05,4.827656812267378e-05,1.0465731620788574,0.0047460393980145454,2.1282687883473297e-05
556,5.848529660568147e-09,7.647567690582946e-05,4.827794691664167e-05,1.191463828086853,0.006005203817039728,2.6929165098832862e-05
557,5.89271120787771e-09,7.676399400224909e-05,4.9404836317989975e-05,1.227699637413025,0.006952895317226648,3.1178902767832506e-05
558,5.7501594596942596e-09,7.582980470033363e-05,4.9245358241023496e-05,1.1553834676742554,0.005801376421004534,2.6015140901365622e-05
559,5.768390209937024e-09,7.594991620862857e-05,4.7600013203918934e-05,1.0388667583465576,0.005202289670705795,2.3328653231864553e-05
560,5.021284721351549e-09,7.086102414177731e-05,4.547314529190771e-05,1.0488126277923584,0.0043354337103664875,1.952898067732652e-05
561,5.562275529058525e-09,7.4580661021173e-05,4.5286971726454794e-05,1.0272245407104492,0.004586308728903532,2.056640685606965e-05
562,7.337272567298214e-09,8.565788448322564e-05,5.5393662478309125e-05,1.4496451616287231,0.005829174537211657,2.6139796130993976e-05
563,7.788625744353794e-09,8.825318946037441e-05,5.7972483773482963e-05,1.0488123893737793,0.0047536673955619335,2.1316894150501945e-05
564,1.0419689111529351e-08,0.00010207687591901049,6.484598270617425e-05,1.7010059356689453,0.006188780069351196,2.7752376992606262e-05
565,7.042141980662109e-09,8.391746814595535e-05,5.30777033418417e-05,1.224554181098938,0.004591179545968771,2.0588249085061754e-05
566,5.613248532654325e-09,7.492161239497364e-05,4.89918929815758e-05,1.144325613975525,0.005229341797530651,2.3449963217626237e-05
567,5.701775496191885e-09,7.55100991227664e-05,4.739315409096889e-05,1.056687593460083,0.005043494049459696,2.2616565244213884e-05
568,5.4855733289116415e-09,7.406465738313273e-05,4.627715679816902e-05,1.1579437255859375,0.005172998644411564,2.319730333816845e-05
569,6.50927578504934e-09,8.068008173722774e-05,5.1823491958202794e-05,1.0215240716934204,0.00774810928851366,3.474488470185498e-05
570,5.81487391571045e-09,7.62553172535263e-05,4.776507194037549e-05,1.0349949598312378,0.005167165771126747,2.3171146955725325e-05
571,1.0516163939655598e-08,0.00010254835069645196,6.889020005473867e-05,1.85675847530365,0.006381489802151918,2.8616546197990667e-05
572,6.765915383510901e-09,8.225518104154617e-05,5.1835850172210485e-05,1.0933669805526733,0.007021933328360319,3.148849026170547e-05
573,7.0595849166466e-09,8.402133971685544e-05,5.387813871493563e-05,1.3429523706436157,0.00702308164909482,3.1493639682039555e-05
574,7.55693552179082e-09,8.69306386448443e-05,5.459399108076468e-05,1.0597506761550903,0.005370072089135647,2.4081040758455817e-05
575,7.926265865876303e-09,8.902957779355347e-05,5.772494841949083e-05,0.9561744332313538,0.005063291173428297,2.2705341584880255e-05
576,7.337592311529306e-09,8.565974712837487e-05,5.813160169054754e-05,1.3282854557037354,0.006820914335548878,3.0587059800667616e-05
577,1.332832777478643e-08,0.0001154483761638403,6.674100586678833e-05,1.8720641136169434,0.0076966797932982445,3.4514259162772394e-05
578,2.3235898538587207e-08,0.00015243326197378337,8.682545012561604e-05,0.3204357624053955,0.0095808245241642,4.2963338673382065e-05
579,1.082750866743254e-08,0.00010405531793367118,6.09132184763439e-05,1.8963141441345215,0.007054096553474665,3.163271997073841e-05
580,6.199544433371784e-09,7.873718277551234e-05,4.920455103274435e-05,1.1453825235366821,0.005622866563498974,2.5214648266811542e-05
581,5.322839058408135e-09,7.295778777915984e-05,4.674655065173283e-05,1.3545047044754028,0.004205767530947924,1.8859944084968266e-05
582,7.451667727309541e-09,8.632304525235668e-05,5.472789780469611e-05,1.2024949789047241,0.00660953251644969,2.963915926659054e-05
583,6.432871124673056e-09,8.020517998374999e-05,5.050025720265694e-05,0.9644244909286499,0.004870504140853882,2.184082574373938e-05
584,6.213534131660481e-09,7.882597128627822e-05,4.925615940010175e-05,1.1143137216567993,0.0052480981685221195,2.3640081840189726e-05
585,6.311091649280343e-09,7.944237586343661e-05,5.182437598705292e-05,1.2584245204925537,0.005043783225119114,2.2617861996049837e-05
586,5.403438141371453e-09,7.350808300543576e-05,4.749818617710844e-05,0.9665890336036682,0.00397755391895771,1.7836564659003186e-05
587,6.106887884271828e-09,7.814657874405384e-05,4.854461076320149e-05,1.1816655397415161,0.005335676018148661,2.3926798287662154e-05
588,7.585186700964641e-09,8.709297981113195e-05,5.53227546333801e-05,1.2869207859039307,0.005976202432066202,2.6919830775072983e-05
589,1.559987339305735e-08,0.0001248994522029534,7.750308577669784e-05,1.6789324283599854,0.00688421493396163,3.100997718000734e-05
590,2.2696612589356846e-08,0.00015065395564306527,8.59460633364506e-05,0.3019043803215027,0.010244973935186863,4.5941587153304315e-05
591,1.1113388431738258e-08,0.00010542005475144833,6.464797479566187e-05,2.037053108215332,0.0072437613271176815,3.2483234650751934e-05
592,4.999332059441031e-09,7.070595165714622e-05,4.681732025346719e-05,1.3650346994400024,0.004343501292169094,1.9477584269816566e-05
593,2.4689507327479987e-08,0.00015712894673924893,9.215778845828027e-05,1.5651801824569702,0.007024768274277449,3.150120302366569e-05
594,2.0082397966803e-08,0.00014171237125992775,7.978112262208015e-05,0.26913195848464966,0.009016744792461395,4.0433833150051096e-05
595,1.4537415715665247e-08,0.0001205712032970041,7.441110938088968e-05,2.536323308944702,0.006321646273136139,2.847588411322585e-05
596,8.104822590837557e-09,9.0026791440323e-05,5.910944673814811e-05,0.9636657238006592,0.0068570878356695175,3.0749272805692905e-05
597,5.3677133848850644e-09,7.326468039536849e-05,4.7046774852788076e-05,1.1253340244293213,0.004632335621863604,2.0772805479208984e-05
598,7.076872421407643e-09,8.412414899794385e-05,5.1347986300243065e-05,1.1996794939041138,0.007968208752572536,3.573187781422662e-05
599,2.4989704527911272e-08,0.00015808132593519986,9.179968037642539e-05,0.8061556220054626,0.012110994197428226,5.4309391019857516e-05
600,1.9583735522132883e-08,0.00013994189794175327,8.023465488804504e-05,0.2902609407901764,0.008383290842175484,3.776257136115083e-05
601,2.1583050013873617e-08,0.0001469117123633623,8.086404704954475e-05,0.3105151355266571,0.009080933406949043,4.0721674470623515e-05
602,2.3598788700951445e-08,0.00015361896657850593,8.678235462866724e-05,0.2916625440120697,0.010144772939383984,4.5492255333560465e-05
603,2.2084760686880145e-08,0.00014860942610539496,8.184227772289887e-05,0.29227691888809204,0.008532872423529625,3.826400189923599e-05
604,2.2403547461635753e-08,0.00014967814786359668,8.554712258046493e-05,0.3217402696609497,0.009539206512272358,4.277671081736483e-05
605,2.4218868688308248e-08,0.00015562413318548352,8.767477993387729e-05,0.28608056902885437,0.011426099576056004,5.12381146908341e-05
606,1.9441499077288427e-08,0.0001394327700836584,7.583750266348943e-05,0.28137555718421936,0.00935567170381546,4.195368477047291e-05
607,2.1311818088065593e-08,0.00014598567213397473,8.058526873355731e-05,0.30460506677627563,0.009323103353381157,4.1995961051266475e-05
608,2.0437800785089166e-08,0.00014296083827503026,8.26985269668512e-05,1.1649789810180664,0.006089981645345688,2.7432349753809405e-05
609,6.2398983757816495e-09,7.899302727309987e-05,4.971567977918312e-05,1.259559988975525,0.005276476498693228,2.366132959055259e-05
610,5.846799933095781e-09,7.646437006769702e-05,4.876220918959007e-05,1.3488198518753052,0.004474247340112925,2.0063889417546747e-05
611,6.344138547831335e-09,7.965009717736393e-05,5.176211561774835e-05,1.0811023712158203,0.005556323565542698,2.5028484529471614e-05
612,6.367959493047692e-09,7.979949441505596e-05,5.1714661822188646e-05,1.243753433227539,0.004327378701418638,1.9492696853237107e-05
613,5.112699152931555e-09,7.150314195314422e-05,4.6594599552918226e-05,1.2472810745239258,0.005357840098440647,2.4134414857840754e-05
614,6.211379854903498e-09,7.881230703787878e-05,4.950259972247295e-05,1.0397393703460693,0.004386042710393667,1.9668352961406578e-05
615,5.370209610333632e-09,7.328171341214329e-05,4.750913649331778e-05,1.1159461736679077,0.004178219474852085,1.8820808445279663e-05
616,6.287703246954379e-09,7.92950377217494e-05,5.108352343086153e-05,1.2642686367034912,0.005592517089098692,2.507855196905243e-05
617,5.984936546354902e-09,7.736236875643954e-05,5.02831899211742e-05,1.242958903312683,0.005470392294228077,2.453090714900483e-05
618,7.050969585975508e-09,8.397005149163306e-05,5.3797575674252585e-05,1.394571304321289,0.005407154560089111,2.4247329865870455e-05
619,5.841186645483276e-09,7.642765558557585e-05,5.121099093230441e-05,1.241224765777588,0.004707015119493008,2.120277080852706e-05
620,8.289924302573581e-09,9.104901982937008e-05,5.692007107427344e-05,1.2555269002914429,0.0067227245308458805,3.0146746775093636e-05
621,1.3560407907675653e-08,0.00011644916230579838,7.547397399321198e-05,2.0099611282348633,0.007077676709741354,3.173846058179979e-05
622,9.097726128004524e-09,9.53819981077686e-05,5.680333197233267e-05,1.9387006759643555,0.007209346164017916,3.232890656510276e-05
623,5.828919125150378e-09,7.634735811734572e-05,4.948907007928938e-05,1.3455511331558228,0.004383149091154337,1.9743914825019534e-05
624,5.475607522953396e-09,7.399734749924392e-05,4.796436405740678e-05,1.1800174713134766,0.005373108200728893,2.4094655608649746e-05
625,5.9208469238569705e-09,7.694704254390672e-05,5.0069604185409844e-05,1.2212785482406616,0.004333809949457645,1.9434125333890785e-05
626,6.040698607989725e-09,7.772193202981725e-05,5.1266179070807993e-05,1.2637200355529785,0.005459827836602926,2.4593819083796966e-05
627,1.9004062323801918e-08,0.0001378552260575816,8.504238212481141e-05,2.9366283416748047,0.007726702373474836,3.480496564628305e-05
628,8.847631960406943e-09,9.406184835825115e-05,6.338463572319597e-05,1.3643994331359863,0.007143077906221151,3.2031739489780946e-05
629,6.014370335094554e-09,7.755237311357632e-05,4.771657404489815e-05,0.9942988753318787,0.004315746948122978,1.9353125327905734e-05
630,7.389292289161631e-09,8.596099360147491e-05,5.719370165024884e-05,1.3562514781951904,0.007176515646278858,3.218168451246125e-05
631,2.1547002404531668e-08,0.00014678896695841104,8.562182483728975e-05,0.8607107400894165,0.012473290786147118,5.593403939976286e-05
632,1.7843415633933546e-08,0.0001335792476311326,8.108426118269563e-05,2.042473554611206,0.007967737503349781,3.5729764589012474e-05
633,1.6099196642471725e-08,0.0001268826163141057,7.243606523843482e-05,1.77407968044281,0.007572330068796873,3.3956637079806605e-05
634,2.115929476076417e-08,0.00014546234160661697,8.071886986726895e-05,0.2698242664337158,0.008723856881260872,3.9296652618292216e-05
635,1.2126160520153917e-08,0.00011011884635081515,6.702914834022522e-05,1.8793423175811768,0.006636209785938263,2.975878827775006e-05
636,7.626281828265746e-09,8.732858259463683e-05,5.3814575949218124e-05,1.1736875772476196,0.0071717519313097,3.216032256192691e-05
637,7.083343689373578e-09,8.416260243393481e-05,5.513575524673797e-05,1.3629169464111328,0.004619432147592306,2.080825291708246e-05
638,1.496258050792676e-08,0.0001223216240759939,7.736180850770324e-05,2.642820358276367,0.005137172993272543,2.303665019404728e-05
639,6.686503795094723e-09,8.177104609785601e-05,5.07801232743077e-05,1.2896387577056885,0.006543697323650122,2.9343934186771847e-05
640,6.2822942403784054e-09,7.92609280324541e-05,5.073647480458021e-05,1.2348278760910034,0.004675040487200022,2.096430711748889e-05
641,5.564881888631135e-09,7.459813787136227e-05,4.902447835775092e-05,1.0827912092208862,0.00533239496871829,2.4019797156388694e-05
642,2.1652715176401216e-08,0.00014714861754328012,8.839467045618221e-05,1.133979082107544,0.011899308301508427,5.336012691259384e-05
643,2.4270866205711172e-08,0.0001557911018608138,9.023457823786885e-05,0.24684526026248932,0.009590731002390385,4.300776234255778e-05
644,1.663923754335883e-08,0.0001289931678911671,7.531033043051139e-05,1.670123815536499,0.0072729079984128475,3.261393721261366e-05
645,2.4181701974157477e-08,0.00015550466196145862,9.017359116114676e-05,1.2751895189285278,0.009482535533607006,4.252258086819285e-05
646,2.4090217820571524e-08,0.00015521023306064308,8.549023914383724e-05,0.31106022000312805,0.0091217290610075,4.0904614623352017e-05
647,1.979797836781927e-08,0.0001407052914146334,8.045140566537157e-05,0.30437588691711426,0.009782600216567516,4.406576674129512e-05
648,2.4109192864329998e-08,0.00015527135110460222,8.929755858844146e-05,0.29259082674980164,0.009746765717864037,4.370746958683425e-05
649,2.3667825033157897e-08,0.00015384350263047963,8.756656461628154e-05,0.2818375825881958,0.00979460496455431,4.3921995356745785e-05
650,1.7706838661979418e-08,0.00013306704931892455,7.577068026876077e-05,1.2907670736312866,0.007625344675034285,3.4194370740064054e-05
651,1.2255771508762336e-08,0.00011070579057559371,6.709159788442776e-05,2.2439756393432617,0.0048158741556108,2.1595848231438565e-05
652,2.4902078621380497e-08,0.0001578039227752015,9.336355287814513e-05,1.363599181175232,0.007499634753912687,3.3630649120684696e-05
653,2.086719952387739e-08,0.000144454839755781,8.067471935646608e-05,0.2814643383026123,0.009114338085055351,4.0871471233432066e-05
654,2.354558326089773e-08,0.00015344569692388177,8.578022971050814e-05,0.3099750578403473,0.009523351676762104,4.2705612900278495e-05
655,2.3024425033213447e-08,0.0001517380151199177,8.951578638516366e-05,0.2879328429698944,0.007999768480658531,3.603499315611951e-05
656,2.0643536657871664e-08,0.000143678582389839,7.954529428388923e-05,0.32601645588874817,0.00865047425031662,3.8791364351195605e-05
657,2.4433166601056655e-08,0.00015631111455149949,9.205445530824363e-05,0.30003130435943604,0.01056022010743618,4.735524711854789e-05
658,2.0478296391956974e-08,0.0001431023993063718,7.924062811071053e-05,0.31316787004470825,0.008584612049162388,3.866942364487562e-05
659,2.409547228410247e-08,0.00015522715693805367,8.871457976056263e-05,0.3064795732498169,0.009456999599933624,4.24080699548593e-05
660,2.0467302519477926e-08,0.00014306398225016892,8.029839227674529e-05,0.29708439111709595,0.008699100464582443,3.9009419123688086e-05
661,2.529089648817262e-08,0.00015903111489024013,9.19043377507478e-05,0.2999366819858551,0.009784873574972153,4.3878356838440146e-05
662,2.1806460637208147e-08,0.0001476701145293191,8.681204781169072e-05,0.32165390253067017,0.009197797626256943,4.143152083899524e-05
663,2.4264721787403687e-08,0.00015577136946376413,9.03776308405213e-05,0.3101237714290619,0.009935186244547367,4.455240468406891e-05
664,2.2873740235240803e-08,0.0001512406743131578,8.752792928135023e-05,0.2787942886352539,0.009666386991739273,4.334702686878598e-05
665,2.352816075301689e-08,0.00015338891535066068,8.86788111529313e-05,0.27013808488845825,0.009001408703625202,4.036506145123409e-05
666,2.018734157616109e-08,0.000142082164529711,7.881633064243942e-05,0.32191944122314453,0.008592742495238781,3.870604727585037e-05
667,2.227921669373245e-08,0.00014926223957445472,8.709773828741163e-05,0.28989559412002563,0.010333416983485222,4.6338192751054805e-05
668,2.2814594657916132e-08,0.00015104500926099718,8.249782695202157e-05,0.29292112588882446,0.010029087774455547,4.497348777782757e-05
669,2.075138993973269e-08,0.0001440534251742065,8.21467547211796e-05,0.2619330883026123,0.008946497924625874,4.0118824774107055e-05
670,2.239727869834951e-08,0.00014965720765758306,8.727782551432028e-05,0.31522417068481445,0.00943341851234436,4.23023251674635e-05
671,2.071599780606448e-08,0.00014393053425010294,8.378372876904905e-05,0.32350316643714905,0.009147354401648045,4.1019526464789435e-05
672,2.127954168429369e-08,0.00014587509213015437,8.17486725281924e-05,0.29663553833961487,0.009014885872602463,4.042549718655813e-05
673,1.945342198439448e-08,0.00013947552361059934,7.840396574465558e-05,0.2940320074558258,0.010791760869324207,4.839354649921169e-05
674,2.1194610511088285e-08,0.00014558369002770633,8.206343773053959e-05,0.31959956884384155,0.010717250406742096,4.805941886431433e-05
675,2.135649523893335e-08,0.00014613861276302487,8.028386218938977e-05,0.29640692472457886,0.0095601761713624,4.287074516306009e-05
676,2.1547149842149338e-08,0.00014678947627544403,8.566994802094996e-05,0.2688840627670288,0.009563228115439415,4.3077604123600965e-05
677,1.9253894478765687e-08,0.00013875840522814542,8.039751264732331e-05,0.32730409502983093,0.009446763433516026,4.236216786330056e-05
678,2.4389539277080985e-08,0.00015617150347679853,8.769305713940412e-05,0.31105685234069824,0.01062298845499754,4.763671952913695e-05
679,2.2508366726015083e-08,0.00015002788859419525,8.830313890939578e-05,0.28708040714263916,0.011289132758975029,5.062391371737681e-05
680,2.1818559403641302e-08,0.00014771106361877173,8.422815153608099e-05,0.2954789102077484,0.010544627904891968,4.728532692776667e-05
681,2.219516304080571e-08,0.00014898041263222694,8.190855442080647e-05,0.2867233157157898,0.01125822588801384,5.048531788347013e-05
682,2.4141604271221695e-08,0.0001553756883367896,8.700216858414933e-05,0.28931304812431335,0.009752116166055202,4.373146262805023e-05
683,2.2185231429716623e-08,0.00014894707419443876,8.488679304718971e-05,0.27223771810531616,0.007890419103205204,3.538304530585293e-05
684,1.9176949805910226e-08,0.00013848087110091,7.768578507238999e-05,0.28867781162261963,0.00828841608017683,3.73352075683641e-05
685,2.1362218660669896e-08,0.00014615819964092225,8.411419548792765e-05,0.2687269449234009,0.008817087858915329,3.971661197709608e-05
686,1.9962250519256486e-08,0.00014128783368505538,8.08896220405586e-05,0.28844934701919556,0.009382170625030994,4.226202984248196e-05
687,2.1656981985529455e-08,0.00014716311125084758,8.412590977968648e-05,0.2713819742202759,0.009338180534541607,4.1875249033818864e-05
688,2.317132086204765e-08,0.00015222128422465175,9.194225276587531e-05,2.368361234664917,0.008699379861354828,3.901067202401268e-05
689,2.1214871637198485e-08,0.00014565326273441315,8.121177233988419e-05,0.29814353585243225,0.009013401344418526,4.041884010950011e-05
690,2.1473086420087384e-08,0.00014653698599431664,8.227374200941995e-05,0.32669612765312195,0.008543127216398716,3.830998751748303e-05
691,1.9836649656213012e-08,0.00014084264694247395,7.957711932249367e-05,0.32353469729423523,0.009638880379498005,4.341838008782885e-05
692,2.006220256589586e-08,0.00014164111053105444,8.17442123661749e-05,0.3026958107948303,0.008636267855763435,3.8902107458393855e-05
693,1.8732269069232643e-08,0.00013686588499695063,7.505781104555354e-05,0.2717622220516205,0.00891889724880457,3.999505492737475e-05
694,1.9575887577616413e-08,0.0001399138564011082,8.076411177171394e-05,0.31897079944610596,0.008910284377634525,3.995643218670191e-05
695,2.0738529116215432e-08,0.00014400877989828587,8.071449701674283e-05,0.3177798092365265,0.009880307130515575,4.4306310002312e-05
696,2.0393464694734575e-08,0.0001428056857548654,7.956340414239094e-05,0.29708296060562134,0.009175962768495083,4.133316562385172e-05
697,2.3829418438481298e-08,0.0001543678081361577,9.215335012413561e-05,1.960495114326477,0.012052212841808796,5.404579749690043e-05
698,2.013890920693484e-08,0.00014191163063514978,8.711192640475929e-05,2.77630352973938,0.007898671552538872,3.542005180510705e-05
699,8.199335432834687e-09,9.055018017534167e-05,5.6029421102721244e-05,1.1187677383422852,0.0053381966426968575,2.393810153675721e-05
700,6.116399386968396e-09,7.820741302566603e-05,4.859479304286651e-05,1.1196668148040771,0.005328520201146603,2.3894709422182073e-05
701,4.841316236792181e-09,6.95795679348521e-05,4.3982017814414576e-05,1.0946526527404785,0.004321850370615721,1.9380494935496505e-05
702,6.589656820210621e-09,8.117670222418383e-05,5.319477349985391e-05,1.2553601264953613,0.005833814386278391,2.616060262905108e-05
703,6.032970567559914e-09,7.767220085952431e-05,5.208201037021354e-05,1.7442150115966797,0.0058473884128034115,2.6339587445060413e-05
704,6.988215783820806e-09,8.359555067727342e-05,5.5537930165883154e-05,1.7109218835830688,0.007484035566449165,3.3560697607395364e-05
705,2.5028523253922685e-08,0.0001582040567882359,9.408464393345639e-05,1.0152686834335327,0.010922327637672424,4.8979047702566926e-05
706,2.0788966992313362e-08,0.00014418379578273743,8.201532909879461e-05,0.29577818512916565,0.009324625134468079,4.181446248640394e-05
707,2.3322867193087404e-08,0.00015271826123353094,9.032496745930985e-05,0.28518974781036377,0.00950229074805975,4.2611169273810534e-05
708,2.085653427741363e-08,0.00014441792154684663,8.07484975666739e-05,0.3169325292110443,0.009193602949380875,4.141262589811205e-05
709,2.009611144160317e-08,0.00014176075637806207,8.015507773961872e-05,0.2800629138946533,0.009094552136957645,4.078274500877868e-05
710,2.3184480113513928e-08,0.00015226450341288,8.62238448462449e-05,0.26546791195869446,0.009174172766506672,4.1325102551831856e-05
711,2.355653982988315e-08,0.00015348139277193695,8.417730714427307e-05,0.2964375913143158,0.0092368945479393,4.142105178448117e-05
712,1.959586448663231e-08,0.00013998523354530334,8.265186625067145e-05,1.2526309490203857,0.006849345751106739,3.0714554937698385e-05
713,2.1323458554434183e-08,0.00014602554438170046,8.605979382991791e-05,1.5098403692245483,0.005999173037707806,2.6902121245326483e-05
714,1.8403000012767734e-08,0.00013565765402745456,7.856667798478156e-05,0.2523965537548065,0.007218009792268276,3.251355762283007e-05
715,1.9804065942707894e-08,0.00014072691556066275,8.225136843975633e-05,0.28478696942329407,0.00800296850502491,3.604940768029239e-05
716,1.995755383177311e-08,0.00014127120084594935,8.310536941280589e-05,2.829012632369995,0.009409823454916477,4.2196517735051466e-05
717,2.1240511571818388e-08,0.00014574124361388385,9.086247155210003e-05,0.23023274540901184,0.009176405146718025,4.114979886420639e-05
718,2.1334708222298104e-08,0.00014606404874939471,9.286256681662053e-05,0.21421341598033905,0.0097595090046525,4.3764614370639015e-05
719,2.2217152562120646e-08,0.00014905419084243476,9.11792230908759e-05,0.20123536884784698,0.009745419025421143,4.37014306072697e-05
720,2.2089729156959947e-08,0.00014862613170407712,9.091871470445767e-05,0.19806930422782898,0.009153959341347218,4.104914502846286e-05
721,2.7458257889634297e-08,0.00016570533625781536,0.00010773750545922667,0.20365822315216064,0.011833548545837402,5.306524011586279e-05
722,3.3683527078665065e-08,0.00018353071936871856,0.00012051235535182059,0.03948045149445534,0.011150462552905083,5.022730879686974e-05
723,3.498527689771436e-08,0.00018704352260101587,0.00012348932796157897,0.03979739919304848,0.011863910593092442,5.320139279413651e-05
724,2.95220470292179e-08,0.00017181980365421623,0.00011492393969092518,1.4992984533309937,0.009510870091617107,4.264964166644443e-05
725,9.285248125934231e-09,9.635999595047906e-05,7.138429646147415e-05,1.318208932876587,0.0064073847606778145,2.873266708824132e-05
726,1.679011596422697e-08,0.0001295766851399094,8.025477291084826e-05,1.5111134052276611,0.008367657661437988,3.752312852662775e-05
727,2.38092745519225e-08,0.00015430254279635847,9.980003960663453e-05,0.030829474329948425,0.009795441292226315,4.392574570505074e-05
728,1.9063952194642297e-08,0.0001380722678732127,8.881995745468885e-05,0.026383426040410995,0.00844203494489193,3.8027184436450135e-05
729,1.7003479513277853e-08,0.00013039738405495882,8.381668158108369e-05,0.024267755448818207,0.008284534327685833,3.715037815105755e-05
730,1.4875572773576096e-08,0.000121965458674822,7.755059777991846e-05,0.021279212087392807,0.007753727026283741,3.4770076351048165e-05
731,1.3167928081259106e-08,0.00011475159408291802,7.201210974017158e-05,0.01865421049296856,0.007297344971448183,3.272352005133714e-05
732,1.2968569329530055e-08,0.00011387962877051905,7.048890984151512e-05,0.017263876274228096,0.0069408235140144825,3.1124769121141174e-05
733,1.1943844135942072e-08,0.00010928789561148733,6.683996616629884e-05,0.015604597516357899,0.00666414899751544,2.9884076222042333e-05
734,1.0283539353395099e-08,0.0001014077861327678,6.149367254693061e-05,0.013856721110641956,0.006449423264712095,2.8921180559247065e-05
735,1.0778157921720322e-08,0.00010381791071267799,6.265239062486216e-05,0.013798290863633156,0.006595516111701727,2.9576305433640032e-05
736,9.596505812226042e-09,9.796175436349586e-05,5.9002872148994356e-05,0.012821528129279613,0.0062334355898201466,2.7952625963319044e-05
737,1.0322804833151622e-08,0.00010160120291402563,6.119909812696278e-05,0.013214626349508762,0.006447418127208948,2.8912188911250887e-05
738,9.36424182640394e-09,9.676901390776038e-05,5.8387518947711214e-05,0.012602077797055244,0.006156946532428265,2.7609625705956343e-05
739,1.0204669997904148e-08,0.00010101816587848589,6.11245195614174e-05,0.01324720773845911,0.006415052339434624,2.876705084948262e-05
740,1.0212358958483492e-08,0.00010105621913680807,6.136647425591946e-05,0.013423705473542213,0.006426421459764242,2.8818033451857587e-05
741,1.0243189407788122e-08,0.0001012086431728676,6.170484994072467e-05,0.013693274930119514,0.006426418200135231,2.8818018834687134e-05
742,1.0287227958372114e-08,0.00010142597602680326,6.209015555214137e-05,0.013926801271736622,0.0064388299360871315,2.8873676843440052e-05
743,9.457939320611786e-09,9.725193376652896e-05,5.977004911983386e-05,0.013488609343767166,0.005921648815274239,2.667409376249657e-05
744,1.0395157623577234e-08,0.00010195664799539372,6.291342288022861e-05,0.014535754919052124,0.006485039368271828,2.908089402812479e-05
745,1.0491953084112993e-08,0.00010243023280054331,6.575245060957968e-05,0.01698135770857334,0.006219467148184776,2.801561778461611e-05
746,1.1531184895829938e-08,0.0001073833554983139,6.913073593750596e-05,0.017603345215320587,0.00682104891166091,3.058766328099063e-05
747,1.0594280119846644e-08,0.00010292851948179305,6.642112566623837e-05,0.01693284511566162,0.006258965935558081,2.8193540250261624e-05
748,1.06318474024647e-08,0.00010311084770364687,6.668340211035684e-05,0.017005888745188713,0.0065679848194122314,2.9452846723821667e-05
749,1.0663729455018256e-08,0.00010326533811166883,6.691795715596527e-05,0.01706148497760296,0.006283699069172144,2.8304950762036685e-05
750,1.5396492969443898e-08,0.00012408260954543948,7.594876660732552e-05,2.4631059169769287,0.0063707767985761166,2.8568505823211284e-05
751,9.198683592614998e-09,9.5909766969271e-05,4.807584991795011e-05,0.011500096879899502,0.0058455499820411205,2.6331306225410452e-05
752,8.969261777735937e-09,9.47061853366904e-05,4.859218097408302e-05,0.013462894596159458,0.0060157375410199165,2.6976401529237293e-05
753,9.590354288491199e-09,9.793035133043304e-05,4.927802365273237e-05,0.013446523807942867,0.005966945551335812,2.6757603369218888e-05
754,9.367726150344424e-09,9.678701462689787e-05,4.8083471483550966e-05,0.010845603421330452,0.005884659010916948,2.6388605430120844e-05
755,9.168739545373228e-09,9.575353760737926e-05,4.7846213419688866e-05,0.008419981226325035,0.005836557596921921,2.6172904022071394e-05
756,9.250691768158958e-09,9.618051990401e-05,5.1981391152366996e-05,0.009870908223092556,0.006139254663139582,2.7530289969235793e-05
757,8.899587733424141e-09,9.433762897970155e-05,5.692512422683649e-05,0.015390871092677116,0.005989667493849993,2.685949548811656e-05
758,9.471612827383069e-09,9.732221224112436e-05,5.613910252577625e-05,0.012120556086301804,0.006152062676846981,2.7587725008282426e-05
759,9.052799399000833e-09,9.514619887340814e-05,5.083837822894566e-05,0.006754008121788502,0.005787267815321684,2.5951873611308e-05
760,8.369982040790092e-09,9.148760727839544e-05,4.664540392695926e-05,0.008525030687451363,0.005585762206465006,2.516109102011264e-05
761,8.482028412970521e-09,9.209792915498838e-05,4.460717536858283e-05,0.010780149139463902,0.005852407310158014,2.624397896931845e-05
762,8.418535202281419e-09,9.175257582683116e-05,4.454674126463942e-05,0.009685047902166843,0.00554147083312273,2.4961580329381667e-05
763,8.227377890079879e-09,9.070489613804966e-05,4.465336678549647e-05,0.007235893048346043,0.005512666422873735,2.4831830733665475e-05
764,8.18673662195124e-09,9.0480585640762e-05,4.640414408640936e-05,0.006768807303160429,0.005744729656726122,2.576111953688844e-05
765,8.193398848277411e-09,9.051739471033216e-05,4.96376960654743e-05,0.0071308487094938755,0.005758785177022219,2.582414877588439e-05
766,9.09152042538608e-09,9.534946730127558e-05,5.397989662014879e-05,0.010196582414209843,0.005803014617413282,2.6022487073602164e-05
767,8.584308375247929e-09,9.265154221793637e-05,5.4653391998726875e-05,0.014355943538248539,0.005890016909688711,2.641263188201216e-05
768,9.693902569551938e-09,9.845761815086007e-05,5.978189437882975e-05,0.01865212433040142,0.006258181296288967,2.8063593256901198e-05
769,8.924699201884323e-09,9.447062620893121e-05,5.75237390876282e-05,0.017092915251851082,0.005752672906965017,2.5912941022364942e-05
770,1.0301933528467089e-08,0.00010149844456464052,6.393861258402467e-05,0.023086972534656525,0.006169235333800316,2.766473243856644e-05
771,1.0473582889858335e-08,0.00010234052751911804,6.490205851150677e-05,0.022457508370280266,0.006224396638572216,2.7912092549651194e-05
772,9.722040950066457e-09,9.860040881903842e-05,6.28659690846689e-05,0.020651083439588547,0.006005271337926388,2.7050771792461206e-05
773,1.0747574386016367e-08,0.00010367050708737224,6.635256431763992e-05,0.020439334213733673,0.006582122296094894,2.9516243480246164e-05
774,1.1006671130076029e-08,0.00010491268039913848,6.758919334970415e-05,0.02032543160021305,0.006506154779344797,2.917558197015604e-05
775,1.113393910401328e-08,0.00010551747982390225,6.983202183619142e-05,0.01961258053779602,0.0064178830944001675,2.8909383308108863e-05
776,1.3142796184695271e-08,0.00011464203271316364,7.448261021636426e-05,0.9884410500526428,0.004789546597748995,2.157453422409457e-05
777,1.6726870555316964e-08,0.0001293324021389708,8.204840560210869e-05,2.564873456954956,0.0038361866027116776,1.720263050543353e-05
778,8.652977889767044e-09,9.302138641942292e-05,5.058540409663692e-05,1.259278655052185,0.004325727000832558,1.939787892750026e-05
779,8.320201416722739e-09,9.12151372176595e-05,4.611811527865939e-05,0.00575259979814291,0.005555817857384682,2.5026206564795864e-05
780,8.363547188139364e-09,9.145242802333087e-05,4.6613753511337563e-05,0.006737068295478821,0.005556875839829445,2.5030972251483985e-05
781,8.309291921193562e-09,9.115531429415569e-05,4.792335312231444e-05,0.00704624829813838,0.00579781224951148,2.599915806955821e-05
782,9.072317119773743e-09,9.524870984023437e-05,5.102084105601534e-05,0.006814776919782162,0.006047730799764395,2.7119869057239437e-05
783,9.108880760777538e-09,9.544045315124094e-05,5.28289056092035e-05,0.006932546850293875,0.006066480185836554,2.720394702168858e-05
784,9.277294488185817e-09,9.631871216697618e-05,5.5667609558440745e-05,0.00872910674661398,0.006113225594162941,2.741356768682933e-05
785,8.619768898654456e-09,9.284271072829142e-05,5.486357258632779e-05,0.009389941580593586,0.005652649328112602,2.5462384360867577e-05
786,8.70668692698473e-09,9.330963075626642e-05,5.57641833438538e-05,0.009934834204614162,0.005938003305345774,2.6627817512761318e-05
787,9.596465844197155e-09,9.796155063668266e-05,5.904186036786996e-05,0.010892823338508606,0.006227151956409216,2.7924448235018905e-05
788,9.672262102355944e-09,9.834765660343692e-05,5.9709356719395146e-05,0.011472382582724094,0.005986067932099104,2.6843353955601364e-05
789,8.918624949671994e-09,9.443847375223413e-05,5.7720237236935645e-05,0.011456076987087727,0.006007560528814793,2.693973331307082e-05
790,9.823780011686267e-09,9.911498636938632e-05,6.095458229538053e-05,0.012408959679305553,0.00629382161423564,2.822341531047372e-05
791,9.05719055310783e-09,9.516927093500271e-05,5.8865050959866494e-05,0.012211959809064865,0.005788641050457954,2.6074959686747542e-05
792,9.973737391533177e-09,9.986860095523298e-05,6.209813000168651e-05,0.01304554007947445,0.0060840779915452,2.7282860948633184e-05
793,9.863946992538786e-09,9.93174035102129e-05,6.396178650902584e-05,0.015180128626525402,0.005960148759186268,2.6847516933271476e-05
794,1.0050387189153298e-08,0.00010025162191595882,6.510475213872269e-05,0.014783048070967197,0.0063743614591658115,2.8584580534375837e-05
795,1.1038233438398493e-08,0.0001050629944074899,6.840262358309701e-05,0.015579817816615105,0.0066737518645823,2.9927138406198655e-05
796,1.0143652140470749e-08,0.00010071569704450667,6.572641723323613e-05,0.015006517060101032,0.00613299198448658,2.762609002020982e-05
797,1.018428541499361e-08,0.00010091721924254671,6.600343476748094e-05,0.015098857693374157,0.006424959283322096,2.881147660682554e-05
798,1.0222326096709367e-08,0.00010110552102560177,6.626436515944079e-05,0.01518117357045412,0.0064369430765509605,2.8865215589914623e-05
799,1.0257870997065766e-08,0.00010128114809049293,6.651075091212988e-05,0.015254543162882328,0.006166491657495499,2.777698944817792e-05
800,1.0290124308198756e-08,0.00010144025145564228,6.674035103060305e-05,0.015318641439080238,0.006172823719680309,2.7805512250812205e-05
801,1.0320229115734492e-08,0.00010158852819586173,6.69562432449311e-05,0.015374541282653809,0.006467924453318119,2.9004145530574525e-05
802,1.1309436942497086e-08,0.0001063458330463618,7.020995690254495e-05,0.016123028472065926,0.006469886749982834,2.9012945067187596e-05
803,1.4211656740314993e-08,0.000119212651043199,7.719260611338541e-05,2.3433291912078857,0.006143948994576931,2.7675445921517707e-05
804,1.0901007208019564e-08,0.00010440788901178166,6.581363413715735e-05,0.012530195526778698,0.006352180615067482,2.848511486577346e-05
805,1.0864314781144913e-08,0.00010423202184028924,6.55856856610626e-05,0.012492120265960693,0.006619749125093222,2.9684973655126555e-05
806,9.913949661211063e-09,9.956881694961339e-05,6.261847011046484e-05,0.011920511722564697,0.006329725496470928,2.8384419266685776e-05
807,9.901126141187433e-09,9.950440289685503e-05,6.261199450818822e-05,0.011943479999899864,0.00605710968375206,2.728427785473901e-05
808,1.081838263417012e-08,0.00010401145118521526,6.552194099640474e-05,0.012547141872346401,0.006335692014545202,2.84111749531175e-05
809,9.897791919399879e-09,9.948764636646956e-05,6.275191117310897e-05,0.012068655341863632,0.006329832598567009,2.8384899545143538e-05
810,1.0816660456214322e-08,0.00010400317842140794,6.566877709701657e-05,0.012673215940594673,0.006611153949052095,2.9646430264807602e-05
811,1.3378347318848682e-08,0.0001156648067990318,7.189113239292055e-05,1.614127516746521,0.009484528563916683,4.253151822384163e-05
812,2.5016907656549847e-08,0.00015816734230611473,0.00011426438140915707,4.336185932159424,0.011244874447584152,5.042544595329216e-05
813,6.341941638510207e-09,7.963630923768505e-05,6.157213647384197e-05,1.6850706338882446,0.0059744566679000854,2.679128550627841e-05
814,5.734375640997769e-09,7.572566391900182e-05,5.456442158902064e-05,1.4653549194335938,0.004543695133179426,2.046709519450192e-05
815,3.2309912967321e-08,0.00017974957881961018,0.0001231152709806338,1.6176890134811401,0.0103788236156106,4.654180993547354e-05
816,3.976433404773161e-08,0.00019940995844081044,0.00014232505054678768,0.6432159543037415,0.01357309427112341,6.0865893592481654e-05
817,9.695766856054888e-09,9.846708417171612e-05,7.15103669790551e-05,2.0725927352905273,0.006361131556332111,2.8525253615839066e-05
818,2.4175216495336826e-08,0.00015548380906693637,0.00011059986718464643,1.6505022048950195,0.007907777093350887,3.5460883826685594e-05
819,2.49132643403982e-08,0.00015783935668878257,0.00011130484199384227,0.9403225183486938,0.014466682448983192,6.487301546629234e-05
820,5.59667645561035e-09,7.481093780370429e-05,5.4638843721477315e-05,1.5521515607833862,0.004110736306756735,1.8516830210615922e-05
821,9.506576859052984e-09,9.75016737356782e-05,6.758906238246709e-05,2.2499639987945557,0.005865531042218208,2.6302829785731876e-05
822,1.110897063227867e-08,0.00010539909999351948,6.024854883435182e-05,0.013121766038239002,0.006444575730711222,2.9029620408609106e-05
823,5.529810831461646e-09,7.436269515892491e-05,4.44593169959262e-05,1.895685076713562,0.004988865461200476,2.237159399641469e-05
824,1.0928480342897728e-08,0.00010453937284182757,6.482182652689517e-05,2.69248628616333,0.002827292773872614,1.2678442932164187e-05
825,1.7798541307456617e-08,0.00013341117301024497,8.17826803540811e-05,2.357551336288452,0.002871439792215824,1.2934413478449659e-05
826,1.9491952940597912e-08,0.00013961357763037086,8.574361709179357e-05,4.115340709686279,0.006373811513185501,2.8582114408903594e-05
827,1.4951606175372945e-08,0.00012227676052134484,7.775244012009352e-05,0.017872367054224014,0.008242444135248661,3.696163289349175e-05
828,1.9996610589601005e-08,0.0001414093712810427,9.562545892549679e-05,1.4531656503677368,0.010099790059030056,4.52905383813007e-05
829,1.6411403791494195e-08,0.00012810699990950525,8.455170609522611e-05,2.431669235229492,0.01048227772116661,4.700572969133009e-05
830,2.3359916667686775e-08,0.0001528395077912137,8.92484313226305e-05,0.019080815836787224,0.009710630401968956,4.3545427811519985e-05
831,2.3880518895680325e-08,0.00015453323430847377,9.01688399608247e-05,0.024804729968309402,0.009804671630263329,4.396713735544093e-05
832,2.1926098270341754e-08,0.00014807464322075248,8.730031549930573e-05,0.026995208114385605,0.009401397779583931,4.2158734437596106e-05
833,1.9827718134024508e-08,0.0001408109237672761,8.224217890528962e-05,0.026880469173192978,0.008928004652261734,4.0035895301622124e-05
834,1.763426560330572e-08,0.0001327940699411556,7.679605187149718e-05,0.022780444473028183,0.008430350571870804,3.7804262654129165e-05
835,1.416125705588911e-08,0.00011900108074769378,6.852756632724777e-05,0.016799116507172585,0.007246486842632294,3.264183262446979e-05
836,1.2409691052539529e-08,0.00011139879643451422,6.355312507366762e-05,0.014780738390982151,0.007099531590938568,3.183646453335681e-05
837,1.1930912258151238e-08,0.00010922871297225356,6.195042806211859e-05,0.014280648902058601,0.006645273882895708,2.9799434452447122e-05
838,1.0087507718026245e-08,0.00010043658403446898,5.576170588028617e-05,0.018041938543319702,0.006200007162988186,2.7927960193640478e-05
839,1.0388751192635937e-08,0.00010192522313445807,6.344560824800283e-05,0.025357581675052643,0.0064788819290697575,2.9053282193137924e-05
840,1.0318599308334342e-08,0.0001015805100905709,5.8224552049068734e-05,0.02001284807920456,0.006179256364703178,2.770966979687524e-05
841,1.0200007061200722e-08,0.0001009950865409337,5.73173638258595e-05,0.021509869024157524,0.006043628789484501,2.710147439230718e-05
842,9.36000787987723e-09,9.674713510321453e-05,6.053916513337754e-05,0.015559326857328415,0.00589343998581171,2.6547026963115814e-05
843,9.630666930604548e-09,9.813596261665225e-05,6.438838317990303e-05,0.02237461879849434,0.006249279249459505,2.8023673764392398e-05
844,1.0677468686992597e-08,0.00010333184036426246,6.917976861586794e-05,0.03561335429549217,0.0065508340485394,2.9375937437396412e-05
845,9.352854490884965e-09,9.671015868661925e-05,5.795851393486373e-05,0.021957004442811012,0.005986051168292761,2.684327878158189e-05
846,8.526417794030294e-09,9.233860328095034e-05,5.2907507779309526e-05,0.016450731083750725,0.005890092346817255,2.6412970165099797e-05
847,1.0526191474014013e-08,0.00010259723057970405,6.046937050996348e-05,0.02231769822537899,0.006247656885534525,2.801639858984092e-05
848,1.1080171447019893e-08,0.00010526239202590659,6.293059414019808e-05,0.024429356679320335,0.006411384791135788,2.8880111671782828e-05
849,1.2637751289901189e-08,0.00011241775064263493,6.701507663819939e-05,0.023530228063464165,0.007157246116548777,3.2095274065241154e-05
850,1.4325300057294044e-08,0.0001196883458760567,7.16033173375763e-05,0.0215190090239048,0.007257223129272461,3.269019427600208e-05
851,1.7117146811074235e-08,0.00013083251542411745,7.745075708953664e-05,0.017719535157084465,0.008305860683321953,3.724601203283387e-05
852,1.82864088316137e-08,0.00013522725203074515,7.936507608974352e-05,0.016023946925997734,0.008220837451517582,3.686474193505642e-05
853,1.9265957718062054e-08,0.00013880187179893255,8.139928831951693e-05,0.015267841517925262,0.00881336908787489,3.952183447477529e-05
854,2.0067458805783644e-08,0.0001416596642229706,8.35201281006448e-05,0.014765123836696148,0.008619132451713085,3.8650818169116974e-05
855,1.8950837343822968e-08,0.0001376620348310098,8.20848872535862e-05,0.014695258811116219,0.008750108070671558,3.923815278328053e-05
856,1.9369327475260434e-08,0.00013917373144067824,8.385496767004952e-05,0.015019548125565052,0.008444643579423428,3.803893504244787e-05
857,2.1359463531211986e-08,0.00014614876999985427,8.869762677932158e-05,0.015983307734131813,0.009267138317227364,4.155667406828414e-05
858,1.9410132168218297e-08,0.00013932025467511266,8.464717393508181e-05,0.01613718643784523,0.00886126235127449,3.973660247208292e-05
859,2.086998307504473e-08,0.00014446447312366217,8.807335689198226e-05,0.016218584030866623,0.00918063335120678,4.116875942245193e-05
860,1.8533530266040543e-08,0.00013613791088573635,8.306123345391825e-05,0.017814600840210915,0.00867311842739582,3.88929077461696e-05
861,1.7972043409031357e-08,0.00013405985373537987,8.31567303976044e-05,0.01892678625881672,0.00851620826870203,3.818927474754273e-05
862,1.87152746633501e-08,0.00013680377742275596,8.541026181774214e-05,0.020120862871408463,0.008312382735311985,3.727525890274433e-05
863,1.595333998238857e-08,0.0001263065350940451,7.862460188334808e-05,0.019565211609005928,0.008019598200917244,3.5962323770929343e-05
864,1.587159026428253e-08,0.00012598249304573983,7.747740892227739e-05,0.019474264234304428,0.007675210479646921,3.441798421366333e-05
865,1.407086003268887e-08,0.0001186206573038362,7.096298213582486e-05,0.01719806343317032,0.007534503936767578,3.378701316936134e-05
866,1.2308529306892524e-08,0.00011094380897702649,6.393443618435413e-05,0.014203613623976707,0.006761709228157997,3.0321566045551556e-05
867,1.0010895223899752e-08,0.00010005445801652968,5.688690725946799e-05,0.012666340917348862,0.006077680736780167,2.7376940255766516e-05
868,9.066160266968382e-09,9.521639003651217e-05,5.376180342864245e-05,0.011218097992241383,0.0057964203879237175,2.6110001747404134e-05
869,8.387036842805173e-09,9.158076863968745e-05,5.019340096623637e-05,0.010079259984195232,0.005834221839904785,2.616242977535778e-05
870,9.100356024305256e-09,9.539578604744747e-05,5.090817285235971e-05,0.017591271549463272,0.006083855405449867,2.7281862804707924e-05
871,8.581028332343976e-09,9.263383981306106e-05,5.102172872284427e-05,0.024305062368512154,0.005655969493091106,2.5477340058968947e-05
872,9.65749524795001e-09,9.827255416894332e-05,6.008482523611747e-05,0.013451133854687214,0.006229359656572342,2.7934348235750414e-05
873,9.281493795754159e-09,9.634051093598828e-05,6.047912029316649e-05,0.013346591964364052,0.006140885408967733,2.7537602730797012e-05
874,1.0761111113311017e-08,0.00010373577242717147,6.547569500980899e-05,0.016904491931200027,0.0065655894577503204,2.944210519170547e-05
875,1.0313383036475443e-08,0.00010155482596019283,5.9223559219390154e-05,0.022083880379796028,0.006498137954622507,2.9139632083509e-05
876,1.2496355950020188e-08,0.00011178709974046797,6.151352863525972e-05,0.029687481001019478,0.006791068706661463,3.0453222899827188e-05
877,1.2780618341423633e-08,0.00011305139923933893,6.355730874929577e-05,0.028189824894070625,0.006877182517200708,3.097829962703022e-05
878,1.4061570574597226e-08,0.00011858149082399905,6.700814992655069e-05,0.024348003789782524,0.007546163629740477,3.3839298788073885e-05
879,1.684005823676671e-08,0.00012976925063412637,7.47596932342276e-05,0.021846119314432144,0.007890705019235611,3.538432744051844e-05
880,1.822254525052358e-08,0.00013499091437552124,7.947346603032202e-05,0.017346719279885292,0.008564364165067673,3.840522047115548e-05
881,1.7616624603533637e-08,0.0001327276258962229,7.853803981561214e-05,0.014457342214882374,0.008076207712292671,3.637931401933636e-05
882,2.0163984260079815e-08,0.00014199994620867074,8.483455167151988e-05,0.014077425003051758,0.00900303479284048,4.037235333112323e-05
883,1.9109336335532134e-08,0.0001382365298923105,8.329130650963634e-05,0.014101162552833557,0.00840313732624054,3.7851969938020445e-05
884,2.149741185064613e-08,0.00014661996101494879,8.952111966209486e-05,0.014648268930613995,0.009306577034294605,4.173352930176953e-05
885,2.183986325121623e-08,0.0001477831683587283,9.106050856644288e-05,0.01520447712391615,0.008993729948997498,4.033062757397981e-05
886,2.1993894705474304e-08,0.00014830338477622718,9.229998249793425e-05,0.015381962060928345,0.00901909451931715,4.0444370041780944e-05
887,2.0034883974062723e-08,0.00014154463133309036,8.88186477823183e-05,0.0161057747900486,0.008606985211372375,3.877020365483052e-05
888,1.9719525568007157e-08,0.000140426229336299,8.871722093317658e-05,0.016424890607595444,0.008930342271924019,4.0046377901004566e-05
889,1.9249140947863452e-08,0.00013874127762392163,8.832434104988351e-05,0.01739261858165264,0.008812897838652134,3.951972124956114e-05
890,2.0584469240247927e-08,0.00014347289106808603,9.311900794273242e-05,0.020039623603224754,0.008714500814676285,3.907847898957975e-05
891,1.8076580232673223e-08,0.0001344491756753996,8.811201405478641e-05,0.019312912598252296,0.00817145500332117,3.680835587081608e-05
892,1.686623285479527e-08,0.0001298700663028285,8.505470759700984e-05,0.019081680104136467,0.008239967748522758,3.6950528020281426e-05
893,1.675934768741172e-08,0.00012945789785590023,8.411832095589489e-05,0.019063685089349747,0.007882144302129745,3.534593857457285e-05
894,1.486593159683025e-08,0.00012192592839710414,7.789948722347617e-05,0.017213890329003334,0.007735847495496273,3.468989908294293e-05
895,1.1800206145551329e-08,0.00010862875205930322,6.775418296456337e-05,0.013982775621116161,0.006622880697250366,2.983279593356021e-05
896,1.1471846583788192e-08,0.00010710670903790742,6.523339834529907e-05,0.013545343652367592,0.006782562006264925,3.041507626127769e-05
897,9.411984080998081e-09,9.701537783257663e-05,5.798486017738469e-05,0.01112015638500452,0.005906625185161829,2.6606419752981213e-05
898,8.676262375217902e-09,9.314646013081074e-05,5.429393058875576e-05,0.01006053015589714,0.005675849970430136,2.5566891758694305e-05
899,8.215518043641623e-09,9.063949255505577e-05,5.080725532025099e-05,0.009515552781522274,0.005772299133241177,2.5884749476417832e-05
900,8.912630633517438e-09,9.440672874916345e-05,5.392652019509114e-05,0.014717917889356613,0.00600990979000926,2.6950268116633453e-05
901,8.51017034619872e-09,9.225058602169156e-05,5.317999966791831e-05,0.017697017639875412,0.005879807751625776,2.6366850904151462e-05
902,9.847320292522e-09,9.923366451403126e-05,5.6777884310577065e-05,0.02000514417886734,0.006305783521384001,2.827705614970404e-05
903,1.0771273650789226e-08,0.00010378474689787254,5.985249299556017e-05,0.02049175836145878,0.006296355742961168,2.8234779116417796e-05
904,1.1724740289764668e-08,0.00010828083759406582,6.209360435605049e-05,0.01646595634520054,0.0065845707431435585,2.952722306342403e-05
905,1.156918028044629e-08,0.00010756012488855049,5.992579099256545e-05,0.01259520836174488,0.006850511766970158,3.0719783708386356e-05
906,1.2507737956468645e-08,0.00011183800233993679,6.092576222727075e-05,0.010233663953840733,0.006811187136918306,3.068102313927165e-05
907,1.612118616378666e-08,0.00012696922931354493,8.121543942252174e-05,2.878743886947632,0.01273981761187315,5.712922695907242e-05
908,2.949243160799142e-08,0.0001717336126603186,0.00010880894114961848,0.01780329830944538,0.010442201048135757,4.703694165826918e-05
909,3.411901872141243e-08,0.0001847133389674127,0.0001213220166391693,0.020997975021600723,0.011733954772353172,5.2618631266157725e-05
910,3.599866360559645e-08,0.00018973313854075968,0.00012834471999667585,0.02415599673986435,0.01204539742320776,5.4015235081649145e-05
911,3.787939917287986e-08,0.0001946263073477894,0.0001347598881693557,0.027786092832684517,0.011830922216176987,5.30534628528116e-05
912,3.6170487049957956e-08,0.0001901853975141421,0.00013389623200055212,0.028922976925969124,0.012096162885427475,5.424288289429361e-05
913,4.08629041714903e-08,0.00020214574760757387,0.0001439539628336206,0.03307358920574188,0.012292668223381042,5.5124072750587634e-05
914,4.129282160647563e-08,0.00020320634939707816,0.0001456605677958578,0.0349249392747879,0.01290810201317072,5.7883865529913537e-05
915,3.7253602869213864e-08,0.0001930119178723544,0.00013885497173760086,0.034395333379507065,0.011736779473721981,5.286837600775667e-05
916,3.5577734536218486e-08,0.00018862061551772058,0.00013594148913398385,0.03396252542734146,0.011460848152637482,5.162544212899767e-05
917,3.272420912026064e-08,0.00018089833611156791,0.00013048767868895084,0.03233468532562256,0.011001911014318466,4.955815772215525e-05
918,2.995320613763397e-08,0.00017306994413957,0.0001247875188710168,0.030013468116521835,0.011004554107785225,4.934777626809518e-05
919,2.97735667231791e-08,0.0001725501788314432,0.000124221172882244,0.02887815609574318,0.010949753224849701,4.910203239842915e-05
920,2.4619220440058598e-08,0.00015690513828303665,0.00011259419261477888,0.025454100221395493,0.009551327675580978,4.3023998538653054e-05
921,2.4022837052939394e-08,0.00015499301662202924,0.00011055652430513874,0.024116169661283493,0.009837917983531952,4.4116224141398885e-05
922,2.064182602623532e-08,0.0001436726306565106,0.0001028023543767631,0.023151971399784088,0.008618340827524662,3.882135507893992e-05
923,1.9507730542045465e-08,0.0001396700827172026,9.914363909047097e-05,0.020641546696424484,0.008485926315188408,3.822489331165949e-05
924,1.931762305673601e-08,0.00013898784527555108,9.740459063323215e-05,0.01946740597486496,0.008832654915750027,3.960831800784765e-05
925,1.873097588145356e-08,0.0001368611556245014,9.422859875485301e-05,0.018511563539505005,0.008701658807694912,3.902089151432696e-05
926,1.9849350607614724e-08,0.00014088772877585143,9.496443817624822e-05,0.01685967668890953,0.008576263673603535,3.845858149597998e-05
927,1.976574814932519e-08,0.00014059070963412523,9.360074909636751e-05,0.016621291637420654,0.008919025771319866,3.9995631261524064e-05
928,1.8764925613368177e-08,0.00013698512339033186,8.623731991974637e-05,0.013298659585416317,0.008390193805098534,3.762418746680957e-05
929,1.713449293561098e-08,0.00013089878484606743,8.127129694912583e-05,0.011716213077306747,0.008342393673956394,3.7409837102943475e-05
930,1.8984247063258408e-08,0.00013778333959635347,8.590437209932134e-05,0.011824418790638447,0.008387300185859203,3.761121159578118e-05
931,1.7433555044021887e-08,0.00013203619164414704,8.128077752189711e-05,0.010984786786139011,0.008402368053793907,3.767878051028658e-05
932,1.9263646677813995e-08,0.0001387935335515067,8.509896724717692e-05,0.0113053098320961,0.008446455001831055,3.787647982883881e-05
933,1.7916423900032896e-08,0.00013385224156081676,8.244837954407558e-05,0.010920814238488674,0.008145809173583984,3.669283411524317e-05
934,1.998498788680081e-08,0.0001413682766724378,8.814130706014112e-05,0.012909610755741596,0.00897681899368763,4.02547936936665e-05
935,2.0477637363569556e-08,0.00014310010010376573,9.087086073122919e-05,0.01748068444430828,0.009094837121665478,4.078402296710977e-05
936,1.9273716844736555e-08,0.00013882981147617102,9.012026566779241e-05,0.019835740327835083,0.00845125038176775,3.806869541336824e-05
937,2.044750502250281e-08,0.0001429947733413428,9.5829222118482e-05,0.019134990870952606,0.008632845245301723,3.888669029415191e-05
938,2.0632015207411314e-08,0.00014363849186338484,9.637079347157851e-05,0.016395166516304016,0.009137090295553207,4.097349908319824e-05
939,2.2475953542766547e-08,0.0001499198260717094,0.00010019173350883648,0.016558723524212837,0.009524337947368622,4.2710035638424316e-05
940,2.240619423332646e-08,0.0001496869808761403,9.965612116502598e-05,0.016192825511097908,0.009502782486379147,4.2613374378381825e-05
941,2.0434251624124045e-08,0.00014294842549134046,9.47953449212946e-05,0.015146280638873577,0.00869715679436922,3.9176381956618114e-05
942,2.035092094843094e-08,0.0001426566595910117,9.418414992978796e-05,0.014785622246563435,0.009074868634343147,4.069447818091097e-05
943,2.025267953342791e-08,0.00014231191016733646,9.347544983029366e-05,0.014407329261302948,0.008665869943797588,3.9035450197286434e-05
944,2.0133366973595912e-08,0.0001418921019649133,9.263210813514888e-05,0.013994131237268448,0.0090279346331954,4.048401180805112e-05
945,2.1846275899406464e-08,0.00014780485071241856,9.57817246671766e-05,0.014147198759019375,0.008997105993330479,4.034576678623533e-05
946,2.165672974285826e-08,0.0001471622526878491,9.450884681427851e-05,0.013604511506855488,0.008955606259405613,4.0159669324688846e-05
947,2.1434972907741212e-08,0.0001464068773202598,9.300527744926512e-05,0.013736071065068245,0.009297942742705345,4.169481050540513e-05
948,1.937739746438183e-08,0.00013920271885581315,8.725588122615591e-05,0.013574345037341118,0.008473281748592854,3.816793580447231e-05
949,2.0893272889566106e-08,0.00014454506163019687,8.914008503779769e-05,0.014307618141174316,0.008801339194178581,3.946788876313265e-05
950,1.7717269429340377e-08,0.00013310623762663454,9.128882084041834e-05,2.412505865097046,0.008537701331079006,3.8458114103959486e-05
951,1.2925002401686925e-08,0.00011368818377377465,8.842319221002981e-05,2.324848175048828,0.007657609414309263,3.433905566954827e-05
952,1.032195307004713e-08,0.00010159701196243986,7.87093085818924e-05,2.3116586208343506,0.005796079058200121,2.610846422612667e-05
953,1.2811088190289865e-08,0.00011318607721477747,8.560745482100174e-05,1.9163159132003784,0.007907843217253685,3.546118034642908e-05
954,1.0098610836450916e-08,0.0001004918449325487,7.469378761015832e-05,1.8354567289352417,0.004163715522736311,1.86713700571135e-05
955,6.3907621417058635e-09,7.994224142748863e-05,5.8759898820426315e-05,1.8132028579711914,0.006627729628235102,2.9720760664731398e-05
956,1.0414216156107159e-08,0.00010205006401520222,7.672318315599114e-05,2.179373025894165,0.006918955594301224,3.11664666409965e-05
957,9.172919313016337e-09,9.57753582042642e-05,7.382322655757889e-05,1.8793370723724365,0.005882695317268372,2.637979962900615e-05
958,6.227076188025649e-09,7.891182758612558e-05,6.04608649155125e-05,1.5337903499603271,0.005580529570579529,2.502479628062569e-05
959,3.978386065028872e-09,6.30744470981881e-05,4.763497781823389e-05,1.1571519374847412,0.004039664287120104,1.811508648932782e-05
960,5.57848967019936e-09,7.468929106835276e-05,5.843015605933033e-05,1.0918900966644287,0.005076832603663206,2.2766065487278952e-05
961,5.32433519495612e-09,7.296803960343823e-05,5.508067988557741e-05,1.0915758609771729,0.0053809285163879395,2.4129724288735154e-05
962,4.5185974961725606e-09,6.722051330143586e-05,4.9297133955406025e-05,1.2170459032058716,0.0041760029271245,1.8726470525221975e-05
963,4.370746875537179e-09,6.611162098124623e-05,4.896836981060915e-05,1.1941180229187012,0.003463008441030979,1.5599137121761168e-05
964,4.9110493449688875e-09,7.007888052612543e-05,5.3383027989184484e-05,1.2042081356048584,0.004885854199528694,2.190966008757262e-05
965,4.057483238284476e-09,6.369837501551956e-05,4.545607589534484e-05,1.1636712551116943,0.004215465392917395,1.8988582850979254e-05
966,6.2404850176278615e-09,7.89967380114831e-05,5.7669687521411106e-05,1.0526138544082642,0.005667963996529579,2.541687890820439e-05
967,6.537534513739729e-09,8.085502486210316e-05,6.060248415451497e-05,1.1851507425308228,0.005017508752644062,2.250003924952494e-05
968,5.568635774721997e-09,7.46232908568345e-05,5.7437846407992765e-05,1.6560895442962646,0.005431185010820627,2.4464797346038863e-05
969,6.023882281880333e-09,7.761367305647582e-05,5.6620196119183674e-05,1.8828752040863037,0.005555757787078619,2.4913712049679907e-05
970,5.915642198317528e-09,7.691320934100077e-05,5.7762466894928366e-05,1.6687743663787842,0.0043595172464847565,1.9549404692756755e-05
971,4.975476031177095e-09,7.053705485304818e-05,5.220260572968982e-05,1.4934474229812622,0.004927226807922125,2.2095187479471412e-05
972,4.038363865532801e-09,6.354811921482906e-05,4.7061359509825706e-05,1.1547971963882446,0.004161061253398657,1.865946750402985e-05
973,3.893433575541394e-09,6.239738286240026e-05,4.3551408452913165e-05,1.129844307899475,0.0038439652416855097,1.7237512294553856e-05
974,3.736542186771885e-09,6.112726259743795e-05,4.400407487992197e-05,1.116206407546997,0.0038602694403380156,1.7388601082603674e-05
975,5.642119216275887e-09,7.511403964599594e-05,5.700798283214681e-05,1.1770174503326416,0.003932860679924488,1.7636146546746582e-05
976,4.555551935681024e-09,6.74948314554058e-05,5.0836391892516986e-05,1.1477527618408203,0.004058241378515959,1.819839183191013e-05
977,5.695351301682194e-09,7.546754932263866e-05,5.926841186010279e-05,1.2611963748931885,0.004347497597336769,1.9495504920792686e-05
978,4.1121426264112415e-09,6.412599032046273e-05,4.7273751988541335e-05,1.079506754875183,0.005805645138025284,2.6034283130158223e-05
979,5.868356023341903e-09,7.660519622731954e-05,5.7997112890006974e-05,1.3436872959136963,0.005288644693791866,2.37158954878559e-05
980,4.953166765631067e-09,7.037873729132116e-05,5.365095057641156e-05,1.3203099966049194,0.004391030874103308,1.9690721408535014e-05
981,3.988681385180826e-09,6.31560105830431e-05,4.704285311163403e-05,1.4766426086425781,0.003987139090895653,1.7960085995025463e-05
982,3.568938033993163e-09,5.974058876745403e-05,4.443195211933926e-05,1.1874940395355225,0.0037937702145427465,1.7012422486738772e-05
983,4.022064015174465e-09,6.34197422186844e-05,4.642556814360432e-05,1.4478386640548706,0.004735249560326338,2.1234302961104653e-05
984,5.2943724959675365e-09,7.276243559317663e-05,5.372084706323221e-05,1.200392246246338,0.004152035340666771,1.8618992559043816e-05
985,4.148107191070949e-09,6.440580182243139e-05,4.807334335055202e-05,1.4283292293548584,0.004653226118534803,2.0866484836478937e-05
986,4.194829372750064e-09,6.476750422734767e-05,4.629425529856235e-05,1.141291856765747,0.004421839490532875,1.9828876639160874e-05
987,4.189639746243756e-09,6.472742825280875e-05,4.8193600377999246e-05,1.3209961652755737,0.00427206652238965,1.9157248979325787e-05
988,7.513992095198319e-09,8.668328518979251e-05,6.371660128934309e-05,1.164322018623352,0.004109381698071957,1.85107283696935e-05
989,3.6569425265753353e-09,6.0472659242805094e-05,4.503281888901256e-05,1.220172643661499,0.004152745474129915,1.8706060694278898e-05
990,4.278472243157694e-09,6.541002949234098e-05,4.8814963520271704e-05,1.5142462253570557,0.004903391003608704,2.2087346863102267e-05
991,4.956069332706647e-09,7.039935735519975e-05,5.2606741519412026e-05,1.4449702501296997,0.0046478090807795525,2.0842193187352252e-05
992,3.6751963694570122e-09,6.062339889467694e-05,4.558037471724674e-05,1.370288372039795,0.0038093652110546827,1.715930275249857e-05
993,6.292368848193064e-09,7.932445441838354e-05,6.11526338616386e-05,1.2134970426559448,0.0036969133652746677,1.6652762906642647e-05
994,3.3288152234689505e-09,5.7695884606800973e-05,4.20231772295665e-05,1.0591726303100586,0.004390547517687082,1.9688553890973464e-05
995,5.512510448113517e-09,7.424627983709797e-05,5.6663138821022585e-05,1.098227858543396,0.0037451544776558876,1.687006521466616e-05
996,4.5029415751685065e-09,6.710395973641425e-05,5.238728772383183e-05,1.3490442037582397,0.0037990082055330276,1.7112649574473097e-05
997,3.724155650530747e-09,6.102586121414788e-05,4.377701770863496e-05,1.212540864944458,0.004250096622854471,1.905872925046848e-05
998,3.6587253227082783e-09,6.048739669495262e-05,4.424095095600933e-05,1.2340493202209473,0.004413117188960314,1.978976317919423e-05
999,6.6249810082297245e-09,8.139398414641619e-05,5.921873162151314e-05,1.280080795288086,0.00391377741470933,1.755057136640955e-05
1000,6.8803527319971636e-09,8.29478885862045e-05,6.380707782227546e-05,1.3092584609985352,0.0042557786218822,1.9084209066736324e-05
