epoch,mse,rmse,mae,mape,dtw_cru,dtw_norm,frechet_xy,edr_x,edr_y,pearson_x,pearson_y,lag_x_ms,lag_y_ms
1,0.08376626586856308,0.2894240243458775,0.08775947551363701,48.673915276775894,2.9284745328029946,0.010610414973923893,0.018661452080262313,106.0,68.0,0.0,0.0,1300.0,2150.0
2,0.24757881411665697,0.4975729234159119,0.28282386528747055,174.58876096876742,21.51820588752579,0.07796451408523837,0.15980370821554907,176.0,166.0,0.0,0.0,1750.0,1900.0
3,0.3961518558112374,0.6294059546995384,0.34261765760948837,60956.135850458566,31.522463635325,0.09789584979914596,0.23623652522123953,197.0,153.0,0.0,0.0,3300.0,4050.0
4,0.26000915745926834,0.5099109309078089,0.25301449678947047,274.442719055451,33.49717039715565,0.129833993787425,0.23071238456284673,87.0,182.0,-0.8799389739112505,0.5300694797012534,-6850.0,1550.0
5,0.2616932390089293,0.5115596143255733,0.2567107400509084,108.59822753729927,21.396378653065298,0.06924394386105275,0.1769308052062054,135.0,154.0,0.0,0.0,2950.0,2950.0
6,0.17266287225511606,0.4155272220386001,0.16289687180679918,128.1435952832582,2.758622242969131,0.009645532318073885,0.025641602698672654,107.0,79.0,0.0,0.0,1900.0,2100.0
7,0.1288880856052091,0.35900986839529786,0.15678394821993075,51.846788659973164,16.574640368320804,0.06499858967968943,0.15041772728874475,136.0,168.0,0.6570700234658997,0.7454107506243695,700.0,900.0
8,0.23029986199336402,0.4798956782399317,0.2540233320560895,90.31135422175748,28.066726115831898,0.09450076133276733,0.18047502198139562,211.0,166.0,0.3976243001373014,0.44306678567530655,3250.0,3450.0
9,0.42015668903939146,0.6481949467863749,0.3326836539839081,136.3625317083821,20.434992896208197,0.084442119405819,0.1654396679331252,202.0,77.0,0.8859709886907365,0.819175189890683,450.0,750.0
10,0.23252087737451255,0.48220418639256185,0.23313529775442257,526.3936319455602,5.9397311581617664,0.02034154506219783,0.06434335601330704,126.0,126.0,0.2594967372521328,0.0199491050123387,2650.0,2750.0
11,0.19245466364547476,0.4386965507562998,0.21855106263434465,163.7894176343831,17.70521765816178,0.07025880023080071,0.15619193832262993,171.0,57.0,0.0,0.0,950.0,1100.0
12,0.19188659126560467,0.4380486174679754,0.21182469764327114,163.45408678670992,22.847573258463346,0.10109545689585551,0.2276103298431635,169.0,89.0,0.9813747108387764,0.8766997389731128,0.0,-100.0
13,0.10892709475609139,0.33004105010754553,0.14825729462804405,149.9801187668135,21.843288087621357,0.08337132857870747,0.16071502643152044,176.0,120.0,0.7306468581238469,0.5827970138680164,1200.0,1650.0
14,0.35565904922742614,0.5963715697678974,0.2965128951170438,115.91444015466912,19.580988677933533,0.076788190893857,0.14125115900092136,121.0,49.0,0.3452062841012197,0.8837693191152798,-850.0,100.0
15,0.4814962318362574,0.6938992951691603,0.3835714230514238,214.71127634787246,36.38584556265465,0.129486994884892,0.14240347072510529,206.0,213.0,0.455465633499533,0.44791680345206697,2250.0,2050.0
16,0.033954937819557315,0.18426865663904243,0.05150324369172444,86.04963031131909,9.547400779395328,0.04028439147424189,0.1425563208317051,40.0,63.0,0.0,0.0,250.0,800.0
17,0.09645993379475919,0.3105799958058458,0.13112420256242902,97.09602859678962,5.862015915085737,0.022633266081412112,0.04196917827952477,52.0,52.0,0.7834407015093211,0.7530293857115362,950.0,1000.0
18,0.01378491694028592,0.11740918592804364,0.05225918129853399,56.15319957598859,17.28353082874245,0.06262148850993642,0.08712970678842864,70.0,211.0,0.0,0.0,2000.0,2000.0
19,0.10246228199620533,0.320097300826179,0.12589451402331556,136.77548225473123,6.529509633479162,0.02540665227034693,0.08716293090376177,65.0,84.0,0.0,0.0,1450.0,1400.0
20,0.23463639480626208,0.48439281044030996,0.22885773676007065,88.75145781997983,22.440223805041168,0.08564970917954644,0.1866468604565198,160.0,181.0,0.0,0.0,1350.0,1500.0
21,0.17444068782066702,0.41766097234559396,0.21166378796823807,93.36522026052836,25.101279709029217,0.1024542028939968,0.20185715998844356,206.0,110.0,0.0,0.0,1150.0,850.0
22,0.27463666426976513,0.5240578825566553,0.26472511153014955,131.05534553468289,28.126991412959278,0.09632531305807972,0.1327167222240174,88.0,211.0,0.0,0.0,7300.0,3100.0
23,0.12550113572169938,0.3542613946250697,0.14356441103777257,108.01810517011887,14.865809804245231,0.05465371251560747,0.1484718234654582,95.0,116.0,0.6978396126093772,0.676362496699515,1400.0,1500.0
24,0.09710403336933501,0.3116152007995358,0.12932497196004322,75.64052496702499,5.3482815486007445,0.020973653131767626,0.03560824413692433,47.0,41.0,0.0,0.0,450.0,600.0
25,0.08080120582746488,0.2842555291062337,0.10586342106462916,73.38213446979657,6.89345267405427,0.025721838336023397,0.036966587853678304,87.0,85.0,0.0,0.0,600.0,750.0
26,0.11923701360059669,0.34530712937991404,0.14998592877896127,180.21602183807775,3.738743246784297,0.014547639092545903,0.029715788847702932,61.0,57.0,0.0,0.0,800.0,900.0
27,0.07782068005014083,0.278963581942412,0.09879146493878459,365.25970470861483,2.8930978191847245,0.011526286132210057,0.05922990203439066,47.0,51.0,0.0,0.0,300.0,350.0
28,0.024853964032664495,0.15765140035110534,0.08162692705914487,46.36377342655026,11.87526372245206,0.045325434055160534,0.09074016882842921,202.0,63.0,0.6513515789162905,0.622601102371322,1100.0,1300.0
29,0.10722937073925416,0.3274589603893199,0.12397457153446496,74.30805322529777,5.469511364521977,0.018860384015593024,0.05626840285050462,97.0,115.0,0.0,0.0,2350.0,2050.0
30,0.10471168929342525,0.32359185603693,0.10883822106249505,80.07785184160858,0.7830344029258159,0.0031196589758000636,0.007133814478666538,54.0,56.0,0.8512723414623942,0.8546031327578332,700.0,700.0
31,0.052152492348970084,0.22836920183984985,0.08601663302572582,104.3590541443492,1.02510293389045,0.003674204064123477,0.0053088357328027625,81.0,48.0,0.5725925144286652,0.3878343679300653,2400.0,2800.0
32,0.09737401900234718,0.31204810366728264,0.10308075483754019,287.6611640417954,1.535462410053421,0.005905624654051619,0.013830770398443255,62.0,57.0,0.0,0.0,1500.0,1300.0
33,0.17942293489152153,0.4235834450158806,0.19633460920888923,137.4340446665515,2.9473230897299585,0.010678706846847675,0.02069533495744942,89.0,87.0,0.0,0.0,1750.0,2000.0
34,0.010537816325771426,0.10265386658948325,0.03433906453560106,29.686117596677562,1.0235010157318216,0.0037354051669044584,0.012608380770415609,62.0,52.0,0.0,0.0,2150.0,2350.0
35,0.0808665029870929,0.2843703623570728,0.12690392146407103,126.1984013003425,1.2470343103279755,0.004741575324440972,0.007834755134461947,76.0,74.0,0.671209138412381,0.7113921773393697,1300.0,1250.0
36,0.38960225222727557,0.6241812655209027,0.3074203306369049,106.56529952031124,6.061989069760922,0.0232260117615361,0.03911388382509315,44.0,47.0,0.7672277560233489,0.7614517565470231,350.0,400.0
37,0.2433826252757325,0.4933382463135536,0.27132618404362047,268.38282642948855,24.046839608864698,0.08349597086411353,0.16325732259671719,191.0,170.0,0.2504804342369732,0.41119790691856517,2750.0,2600.0
38,0.24402505047824885,0.4939889173637895,0.2429765072495254,178.27875359611184,44.7878157941464,0.14929271931382132,0.20575141415473056,81.0,218.0,-0.4817309470739653,0.05867898388861969,7400.0,3550.0
39,0.25780192772547605,0.5077419893267406,0.2798398302927569,161.66122984473049,32.169479817751274,0.10343884185772113,0.18218373256100054,183.0,193.0,0.0,0.0,3900.0,4100.0
40,0.2219591838228032,0.47112544382871446,0.2304051171039451,171.33575821136805,25.760389895049975,0.10688958462676339,0.24754734396189496,191.0,92.0,0.0,0.0,100.0,50.0
41,0.28496159839619656,0.5338179449926693,0.289555569593389,136.51206838941735,32.662425661694364,0.11920593307187724,0.22694227566907035,205.0,196.0,0.26879757635970136,0.5657745407152378,2700.0,1950.0
42,0.33461605796220656,0.5784600746483776,0.3386990099062353,2660.4008770392097,37.20132137771737,0.13099056823139918,0.17910531605773233,212.0,204.0,0.0,0.0,2300.0,3400.0
43,0.4459274591353525,0.6677780013862036,0.40708298445559465,328.5583933528452,41.951997128893176,0.14929536344801841,0.3023247332429483,218.0,198.0,0.0,0.0,2250.0,1750.0
44,0.3108043188076815,0.5574982679862616,0.26873947561825084,164.43191152021117,33.286476082567,0.11207567704568012,0.2166706791711821,62.0,169.0,0.6306421746747549,0.5082496928191379,250.0,2450.0
45,0.21747977319094783,0.46634726673472404,0.22652372627495754,117.28409978942666,26.681065289990762,0.11305536139826594,0.21025862687711916,62.0,208.0,0.0,0.0,-50.0,-300.0
46,0.1897365953548967,0.4355876437123724,0.22246944920455447,330.67592252604913,23.110049857898353,0.0888848071457629,0.20593701405393106,106.0,91.0,0.5881565319130235,0.5440825080951373,1650.0,2050.0
47,0.36794212963535516,0.6065823354132192,0.3307809473120105,141.756156173443,23.32252748942056,0.09074913420007999,0.14261589933227628,167.0,183.0,0.0,0.0,1650.0,1100.0
48,0.30860873739246764,0.555525640625586,0.3179619923041497,706.8316721119019,35.85807408815127,0.12992055829040314,0.18111346762077254,220.0,53.0,0.0,0.0,2350.0,50.0
49,0.16373710390382104,0.4046444166225713,0.19775283328164625,173.7226420032059,28.869211575094965,0.1034738766132436,0.269944335702671,182.0,135.0,0.0,0.0,1600.0,850.0
50,0.1475786844925191,0.38415971221943496,0.1552854267795557,79.06451149268999,7.030122427737562,0.026037490473102082,0.08600808798643367,105.0,103.0,0.0,0.0,1950.0,2050.0
51,0.24995902558773872,0.4999590239086987,0.27659306771344494,331.7552495008985,26.785779867456753,0.10382085219944479,0.16245709753889287,199.0,160.0,0.0,0.0,1300.0,1500.0
52,0.1650858724163697,0.4063076081202144,0.18214746937520312,135.9650988625556,21.620662948713044,0.07353966989358178,0.23802294324737297,108.0,108.0,0.0,0.0,2750.0,2550.0
53,0.08924160422226086,0.2987333329614572,0.09815282253417658,95.60526057693363,4.929697794944583,0.018887731015113346,0.04328501008413245,51.0,48.0,0.6643153385252311,0.6554184635885199,1600.0,1550.0
54,0.04848554015251877,0.2201943236155709,0.08794424027919495,97.07556932155342,1.9831338152134268,0.0071852674464254595,0.017965111039126527,74.0,80.0,0.0,0.0,2300.0,2250.0
55,0.035933537674436224,0.18956143509278522,0.06520997866855442,98.49986815273826,1.3413598788476493,0.005199069297859106,0.006510509041191043,57.0,48.0,0.7522561352917682,0.7745820378518046,1200.0,1200.0
56,0.09409670383895696,0.30675186036755664,0.09632231368932657,194.46191233510476,1.5165024088004389,0.00557537650294279,0.009465784291786827,73.0,43.0,0.0,0.0,2250.0,2150.0
57,0.19817937400393842,0.4451734201453838,0.21698799514891243,183.98451199809676,12.122477263334517,0.04376345582431233,0.10191450517835757,102.0,174.0,0.5121468101057152,0.4880476928389235,2050.0,2150.0
58,0.03500496193537155,0.187096130198814,0.06168414181259133,101.02648464425205,8.118373903865455,0.03673472354690251,0.14068055643041552,29.0,48.0,0.0,0.0,50.0,0.0
59,0.24779543785231664,0.4977905562104575,0.2558329635981308,195.6053694666753,13.816601793037414,0.05233561285241445,0.14354506035119827,163.0,74.0,0.7609832412478431,0.7398530482582341,1150.0,1300.0
60,0.048455975902706776,0.22012718119920305,0.09470404957578894,106.60142408976856,28.499439986843,0.12554819377463877,0.2200908430510959,218.0,172.0,0.9463089096111474,-0.8590088379042976,150.0,8700.0
61,0.22161130535451382,0.47075609964663634,0.25969830650275133,150.4156769764266,29.624437441508448,0.11012802022865593,0.14483051380754433,184.0,199.0,0.4834605020348993,0.602752010286761,1800.0,1650.0
62,0.29179123753845326,0.5401770427725092,0.275415639710862,97.9736383728317,30.701909361588203,0.09840355564611604,0.23301494133644068,154.0,199.0,0.0,0.0,3350.0,3000.0
63,0.04360829041981827,0.20882598118964574,0.10313094138812205,77.33407376554031,28.27561681512087,0.10629931133504086,0.14353509161004852,181.0,89.0,0.0,0.0,2350.0,2100.0
64,0.08269023526800799,0.28755909873973384,0.12109199687889538,31.444226000914494,11.401096954934955,0.04057329877201052,0.10865523281117898,109.0,98.0,0.5796958083412381,0.6109483328662279,2250.0,1950.0
65,0.10777233705878018,0.32828697363553766,0.11345427416913542,89.07665527407877,2.6468949320069703,0.01042084618900382,0.012830789730672408,55.0,57.0,0.0,0.0,700.0,700.0
66,0.003428033550416853,0.05854941118761873,0.027380653410420872,14.675997759867625,7.076414382944435,0.02785989914545053,0.03681133167594964,38.0,42.0,0.0,0.0,1200.0,1200.0
67,0.2594105622444088,0.5093236321283441,0.26222290890398214,120.94111072799171,18.77543567871751,0.07111907454059663,0.10972493227018335,60.0,190.0,0.7342084396718517,0.4666925007235091,1450.0,1800.0
68,0.1119513793683108,0.33459136176582743,0.1512786243948059,57.17874779380744,25.830743028986387,0.0949659670183323,0.17203603432427889,90.0,199.0,0.46704068253922937,0.1992528778568898,1800.0,2250.0
69,0.21430308901484213,0.4629288163582411,0.23122670176675095,119.03249887155273,28.747884894181116,0.11318064918968944,0.1745625017874465,65.0,205.0,0.0,0.0,1200.0,1300.0
70,0.4361086237032908,0.6603852085739738,0.4065602099265957,226.86535995115923,36.817905366067855,0.12438481542590492,0.22462679819282813,200.0,132.0,0.0,0.0,2600.0,2550.0
71,0.2205969091099282,0.4696774522051577,0.26484023345841373,126.12636247478271,24.68204169535284,0.08092472687000932,0.19946262465309156,196.0,141.0,0.3915576588344457,0.4195522736180409,3050.0,3200.0
72,0.015865251808382365,0.12595734122464783,0.03504654197112875,32.906519722416476,8.936838060466611,0.039369330662848506,0.1886536350065345,53.0,32.0,0.9827652526268157,0.9876438148062697,0.0,0.0
73,0.11559335716627069,0.3399902309865251,0.12317631903100221,108.21988149943044,3.025594899580289,0.01112351066022165,0.01528878626284903,84.0,59.0,0.0,0.0,2100.0,2200.0
74,0.25051994012303763,0.50051967006606,0.28371055418633095,359.7243741385665,21.697090166636368,0.07804708693034665,0.145762517855554,209.0,205.0,0.4791345597827238,0.29443882193349025,1850.0,2100.0
75,0.14229404980121632,0.37721883542741647,0.1789739428083672,896.7963345426197,25.675566747339303,0.0844591011425635,0.1775569690995099,216.0,122.0,0.0,0.0,3200.0,3000.0
76,0.19373450527192038,0.4401528203612018,0.22974359718778364,845.3944972540957,22.02250316285575,0.08310378552021037,0.17210643625068306,113.0,152.0,0.6379175809642569,0.5516271626924553,1750.0,1700.0
77,0.024397901305896523,0.1561982756175513,0.06190359351166513,643.8189259142764,17.52336924052542,0.06953717952589451,0.18864806056479272,87.0,90.0,0.7581088950097227,0.21402925669884706,1250.0,-1700.0
78,0.12562750455668653,0.3544397051074929,0.17969814933905603,210.819715151337,17.266918107224598,0.061667564668659275,0.14158338906697157,172.0,89.0,0.44536112860595056,0.4958822116072024,2600.0,2700.0
79,0.1993274899084148,0.44646107322857925,0.22458251565943266,199.09086996776014,15.374063881961845,0.050907496297886906,0.19110251397526903,156.0,87.0,0.0,0.0,2700.0,800.0
80,0.02177266440240894,0.14755563155098128,0.05741256124191525,48.47988707300278,7.519737648795002,0.028058722570130604,0.03581040114778916,70.0,65.0,0.6276861779747737,0.6067900519758169,1500.0,1650.0
81,0.038904322761513684,0.19724178756418145,0.067126877457168,30.902231402066544,3.9675559502639026,0.015620299016787019,0.036655073530062025,50.0,56.0,0.7984807065852645,0.8517049602980201,1000.0,650.0
82,0.2239135868314455,0.473195083270574,0.2292437275642873,455.90145640777945,10.70009365394321,0.04007525713087345,0.1733453022571877,144.0,155.0,0.0,0.0,1200.0,1200.0
83,0.15242088258718317,0.39041117118645974,0.18148330477344213,128.75542715003806,20.928237588131832,0.0868391601167296,0.21690750534965336,77.0,112.0,0.0,0.0,-600.0,50.0
84,0.22968484323124694,0.4792544660524792,0.2460820514398038,101.2456217319843,13.533624789558992,0.04885785122584474,0.1288170996631805,181.0,110.0,0.5990549142458796,0.6088082311899505,1850.0,1850.0
85,0.16699187613749186,0.4086463949889829,0.17896708885672175,69.65664118260678,24.008200809802293,0.10623097703452342,0.19135660243068175,149.0,123.0,0.9959568286204967,0.9865126392189798,0.0,0.0
86,0.15779243246221902,0.3972309560724328,0.1685776455547953,83.30112220046067,27.447210010451414,0.1043620152488647,0.2243168895159706,131.0,156.0,0.7101127428009177,0.8258013337763054,0.0,800.0
87,0.27516425997081856,0.5245610164421471,0.27870755624565646,474.06244660306396,30.675700485035886,0.12835021123445978,0.17343297408521666,206.0,143.0,0.0,0.0,650.0,550.0
88,0.1206798770433931,0.3473900934733072,0.1903315370221037,97.49629215349972,28.221609672735458,0.09252986777946051,0.17591074772531012,123.0,111.0,0.0,0.0,3700.0,3450.0
89,0.09542252645640768,0.30890536812494485,0.12897403119268658,236.20603678911704,16.495770103924563,0.06816433927241555,0.09376281468682189,122.0,114.0,0.0,0.0,800.0,450.0
90,0.01507685517428893,0.12278784619940579,0.05135681131315477,129.58629135141314,11.378680801056419,0.044447971879126635,0.10355888188521133,72.0,76.0,0.0,0.0,1650.0,1350.0
91,0.024857504281772896,0.1576626280441021,0.05517980907786749,80.00517528142674,3.5464052321231407,0.01364002012355054,0.04056314360508906,52.0,50.0,0.7718967436455124,0.7827352063889892,1050.0,1000.0
92,0.06256732161255628,0.25013460698703066,0.08262582747416342,144.58972729511075,0.7182762998137637,0.002943755327105589,0.007490642265454519,38.0,22.0,0.7635671370636513,0.8508234737198598,800.0,800.0
93,0.02206352214368099,0.14853794849694468,0.04955089758281802,122.8818052832239,0.610726796003001,0.002442907184012004,0.003662271188911864,53.0,39.0,0.0,0.0,1150.0,1100.0
94,0.10464571860883888,0.32348990495661356,0.11711105941310924,294.53710862979557,1.9385885155218814,0.007513908974891013,0.03575924921659641,69.0,69.0,0.0,0.0,1050.0,1250.0
95,0.14164571189116038,0.3763584885334199,0.1765667839696519,146.01863038422573,17.82985361421682,0.07652297688505073,0.15095644085829482,140.0,4.0,0.9660096566929123,0.8957244660966743,0.0,350.0
96,0.20595796138970035,0.45382591529098504,0.21282250121013946,84.55227084438076,36.42454325468582,0.1395576369911334,0.23095962799358044,45.0,194.0,0.37635828298515916,0.34820532572169577,-250.0,1850.0
97,0.19214268253535985,0.438340829190437,0.22023824259653976,152.49766464786913,26.116636387644657,0.10282140310096322,0.24121102441475342,159.0,133.0,0.7554061927188007,0.5528786629153128,1100.0,400.0
98,0.03760114619107303,0.19391014978869214,0.09357073453426402,102.4690444318414,25.034546244766712,0.10932116264090268,0.19442516921713382,199.0,199.0,0.9821415549891226,-0.8727788399630673,0.0,1700.0
99,0.16622960765307507,0.407712653290372,0.19670263191948945,84.14274315676529,14.819203262146878,0.053115423878662645,0.11602581856108186,134.0,168.0,0.3612563610162275,0.4988168986774298,2300.0,2100.0
100,0.25667401692554365,0.5066300592400175,0.28319092965356496,183.33310994698772,24.87511467412418,0.09351546869971497,0.1539407636100249,193.0,185.0,0.0,0.0,900.0,900.0
101,0.21398507733199992,0.46258521088768056,0.263819152973482,307.4893451940741,35.60531661527996,0.12235503991505141,0.22222155986297334,214.0,178.0,0.4632134143450992,0.3859628581016392,2400.0,3050.0
102,0.015175256747392792,0.12318789204866196,0.03971917516829198,25.344814403334215,18.187280696933673,0.08229538776893065,0.1746691094401469,217.0,42.0,-0.6885825836808671,-0.7007994428777302,8750.0,8850.0
103,0.1204459843627242,0.34705328749735853,0.1398612619434073,73.81546731063267,7.029834014827291,0.026729406900483994,0.06773615310992862,83.0,61.0,0.0,0.0,1350.0,1300.0
104,0.25916375141610615,0.5090812817380994,0.24777357091327035,130.93289547178628,19.315330212830006,0.07948695560835393,0.1375677976227009,158.0,138.0,0.6546570014872682,0.7908862468766543,800.0,700.0
105,0.08690895110900795,0.2948032413475265,0.1436242989818748,62.23867217243368,25.31607304960903,0.08669888030688025,0.1776117652033274,160.0,88.0,0.0,0.0,2800.0,3250.0
106,0.09026319742836285,0.30043834214088394,0.10505403998757724,369.07446941989537,7.4598971984086395,0.026737982789995125,0.08304332691260587,114.0,67.0,0.6668662645832011,0.15142550787409279,1850.0,2450.0
107,0.03781195661508966,0.19445296761708128,0.07144017388043458,327.8616252175072,0.8568178066324249,0.003386631646768478,0.009870874942826659,56.0,56.0,0.8349781254864334,0.8296741748760931,800.0,800.0
108,0.23229657749826835,0.48197155258196345,0.23383584359520235,89.6478971161606,16.202898019774622,0.0591346643057468,0.16731107903628753,92.0,187.0,0.0,0.0,1250.0,1750.0
109,0.32938075583447607,0.5739170287022995,0.32948183532957365,162.16408631535498,33.50878352153164,0.11634994278309597,0.16013689802449663,195.0,218.0,0.0,0.0,2400.0,2750.0
110,0.1948077551419562,0.44137031520250225,0.19710684721832858,78.08872861882965,17.797624619220176,0.05932541539740059,0.20226668077584453,111.0,112.0,0.0,0.0,3800.0,3250.0
111,0.14755024095481542,0.3841226899765431,0.19393895206793207,187.4965263608126,23.794713732803963,0.09997778879329396,0.1677994638414227,158.0,45.0,0.845447866928225,0.8884005704571598,400.0,400.0
112,0.12193256938325951,0.34918844394289383,0.1495298391701979,136.9368579654132,21.96437546434206,0.07872536008724752,0.2292963020043379,120.0,97.0,0.0,0.0,1750.0,1250.0
113,0.2313600699399377,0.4809990332006268,0.24373485604467632,217.39886133799013,12.599668270769104,0.0442093623535758,0.1441381963620212,180.0,90.0,0.0,0.0,2350.0,1900.0
114,0.06746705865023737,0.2597442177416802,0.12661657758000106,220.8787561430958,27.68082447239276,0.1235751092517534,0.1637436409976942,209.0,189.0,0.0,0.0,-50.0,1500.0
115,0.20978487721627873,0.45802279115375766,0.25541489572405923,154.01178903601416,30.711641539437153,0.117669124672173,0.1459705368615363,216.0,75.0,0.1370107616592755,0.42959293234796214,1700.0,1650.0
116,0.155604072607585,0.39446682066757527,0.17494870162996412,96.03798359244135,17.421711352964994,0.058462118634110716,0.22970649219944808,117.0,110.0,0.49888377062767697,0.4777579161363426,2300.0,2600.0
117,0.21554406882925367,0.4642672385913674,0.24457370069802947,225.13452975923585,15.791311236943244,0.05426567435375685,0.11135293310216056,158.0,162.0,0.4500817875814428,0.35227690980984544,2800.0,3150.0
118,0.08431176009643303,0.29036487407472866,0.12047657736495254,64.94361874887385,17.75022209705199,0.06988276416162201,0.11131518430384943,182.0,147.0,0.7329397666277325,0.5932226006832836,1000.0,1150.0
119,0.008843883524291234,0.09404192429066535,0.03607561219422359,27.570021476073762,9.788572826086305,0.03823661260189963,0.10523795133909362,50.0,56.0,0.5933077293176954,0.5864592257530192,1100.0,1200.0
120,0.24579627963113257,0.49577845821609934,0.23161161095323496,123.33707316394684,18.749747404088247,0.0689328948679715,0.1773480563092138,111.0,172.0,0.0,0.0,2200.0,2050.0
121,0.056417327557271336,0.23752332002831078,0.11211740216749036,91.55037233343309,21.823188372549563,0.09447267693744399,0.19290016912235472,45.0,206.0,0.0,0.0,400.0,100.0
122,0.23850157446342368,0.48836622985565215,0.24057211852851038,70.86523161949722,30.032043794624347,0.13650928997556522,0.158177251354622,157.0,216.0,0.7216322428045219,0.7959255369055448,0.0,0.0
123,0.21970823731343422,0.4687304527267609,0.24579051451689699,385.7622343472688,30.200346727102765,0.11705560746939056,0.24864271584072067,197.0,86.0,0.6142352187786843,0.5976968593108497,1500.0,1850.0
124,0.4237838160957094,0.6509868017830388,0.3370704366975461,124.0860952889707,19.413673965854976,0.07923948557491826,0.20819776868946993,44.0,63.0,0.8859844003048618,0.7823151524961939,350.0,850.0
125,0.05159523072050263,0.2271458357982876,0.07077496169602251,57.697570674321994,7.983805356805865,0.03232309861055006,0.0907997550003236,39.0,52.0,0.0,0.0,1000.0,1100.0
126,0.06596649087279562,0.2568394262429264,0.11293125813855784,66.26128968309317,14.132845575474242,0.0531309984040385,0.09417507149446913,162.0,62.0,0.0,0.0,1900.0,2050.0
127,0.04769309113871523,0.21838747935427807,0.08345810163676345,52.56034664586745,12.75346010700681,0.046208188793502934,0.06654610661922455,37.0,90.0,0.38669750815506754,0.6137791481882428,2300.0,1900.0
128,0.02902960224323132,0.17038075666938246,0.06289938592393095,136.76182872156792,6.057299405184483,0.023477904671257686,0.0513893555665009,54.0,73.0,0.0,0.0,1350.0,1500.0
129,0.09055855459399816,0.30092948442118156,0.12926591760204334,84.67391774070107,1.8139911304878835,0.0066936942084423745,0.014124356469636895,66.0,84.0,0.8994524965690316,0.5779636866863277,0.0,1850.0
130,0.03594212118420208,0.18958407418399384,0.07455129992691212,159.40770736711377,2.4758284514058766,0.008687117373353953,0.013948815993138203,75.0,69.0,0.0,0.0,2450.0,1950.0
131,0.0401537986204476,0.20038412766595962,0.07654269719334944,43.673954403438636,1.4161720095332149,0.005168510983697865,0.012908817310689227,70.0,74.0,0.6306708900491348,0.6397675747711956,1800.0,1800.0
132,0.06719842835610632,0.2592265965446183,0.07728406204772756,124.82876579722043,0.6573545968730536,0.0026830799872369538,0.005373372320508661,42.0,42.0,0.8814534116101134,0.8758349373437138,500.0,550.0
133,0.17345785809627828,0.4164827224462958,0.1984550416869556,1629.130821019772,14.16401292490391,0.05828811903252638,0.12718316179908484,140.0,4.0,0.9087458500314914,0.4852197699133137,300.0,600.0
134,0.24175959908395483,0.49169055216055846,0.25931331265962104,4425.149830801753,25.601171634924235,0.10535461578158122,0.19808788721474022,182.0,46.0,0.9103190594758599,0.9869174971698826,-200.0,0.0
135,0.0428087632664068,0.2069027869952621,0.106931824627655,144.57437375426,22.684399567991374,0.09221300637394868,0.17895923699743355,220.0,35.0,0.30687817846682236,0.7033600274869265,2150.0,1100.0
136,0.009378746215947156,0.09684392709895213,0.03934531726741426,147.22476161022556,8.750707582644313,0.0354279659216369,0.07872353931912744,58.0,31.0,0.7835549327121187,0.8247175326875013,850.0,500.0
137,0.17409289928649074,0.4172444119296156,0.197505350193007,86.27554182591841,7.243744627881353,0.026828683806967974,0.03929354858502333,82.0,82.0,0.643759707865414,0.6171142568092491,1600.0,1600.0
138,0.07923014824193383,0.28147850404948127,0.10899593794467317,68.54443622980092,5.4760236282841666,0.019912813193760606,0.038534866254770574,87.0,83.0,0.0,0.0,1200.0,950.0
139,0.12068035271547088,0.34739077810942376,0.14736376248291272,477.0483880421141,4.767830523456274,0.017924174900211556,0.04413688448289003,69.0,49.0,0.0,0.0,1400.0,1500.0
140,0.27023878171225024,0.5198449593025312,0.2640357028945251,97.69287342348906,17.987762912807053,0.0681354655788146,0.13971602108149578,181.0,185.0,0.0,0.0,1450.0,1450.0
141,0.18289528987936027,0.4276625888236663,0.18629234734414488,142.78820330248848,12.585871060671826,0.04223446664654975,0.17572361725754365,118.0,121.0,0.0,0.0,2200.0,2400.0
142,0.10190476836615063,0.31922526273174345,0.1355040636383549,63.558629374561924,1.1143855192584031,0.0037648159434405513,0.009051403458669902,96.0,115.0,0.5326320663856761,0.5284625433324626,2800.0,2900.0
143,0.14995803107601924,0.3872441491824237,0.1801823852219469,122.12679039891282,12.866594674023009,0.04765405434823337,0.16845872344918816,148.0,164.0,0.0,0.0,1700.0,1500.0
144,0.02199052351875742,0.14829202108932707,0.05428341240755811,28.908849741524357,11.725339822418107,0.05211262143296937,0.21966530390609024,45.0,51.0,0.9967148294915129,0.9986982289105757,0.0,0.0
145,0.007926818137283992,0.08903268016455526,0.035682197067649316,78.4309558177554,15.655332410610797,0.06262132964244319,0.08412602150654773,194.0,0.0,0.7609245563331103,-0.14222202527138922,850.0,1450.0
146,0.03891367732717081,0.19726549958665052,0.07697508663015422,61.712365702786045,8.602981606893035,0.03373718277212955,0.08470603854626824,89.0,69.0,0.727814537536163,0.7713604017601358,1250.0,950.0
147,0.04594455037699565,0.21434679931595818,0.08651517839356687,59.61563290600013,3.9039165698573104,0.013555265867560106,0.01619003961863521,79.0,84.0,0.5364030615530703,0.5019850534036351,2650.0,2850.0
148,0.2656396632271674,0.5154024284257569,0.2522023030016214,231.81231416108847,8.906082328627338,0.03147025557818847,0.12454424964332753,172.0,95.0,0.687957665540136,0.630009187550725,1700.0,2100.0
149,0.19654652254352006,0.4433356770479002,0.20342073610561723,115.68763122344636,25.469143635463933,0.10884249416864929,0.19104708691659805,65.0,120.0,0.980755631968125,0.9486702168264073,0.0,0.0
150,0.07226211081608837,0.2688161282663084,0.1324656206879324,74.60610058217992,18.837776923438586,0.07002891049605423,0.19121744224291867,78.0,96.0,0.6038336829690676,0.5827815600258538,1850.0,2050.0
151,0.2040037719230635,0.4516677671951625,0.22953493471778394,167.48231060714414,17.55610403460566,0.06884746680237513,0.13610282391434558,164.0,144.0,0.0,0.0,1300.0,1550.0
152,0.06807549146958937,0.2609128043419666,0.1340111560565449,78.60439909418847,14.077424017401631,0.05233243129145588,0.1933067116798172,105.0,102.0,0.6073997417367119,0.6583030636437849,2050.0,1700.0
153,0.11535879399603347,0.33964510006186377,0.12652723247420467,480.6268415504947,4.279074685831467,0.015120405250287869,0.02275415712723912,102.0,50.0,0.0,0.0,1900.0,2950.0
154,0.11757321745600244,0.34288951202392065,0.13710607965007143,74.89460811098706,1.8678796874206411,0.007184152643925543,0.019787076085717874,58.0,60.0,0.7350318012378209,0.6949258132924502,1150.0,1150.0
155,0.2735084139549061,0.5229803188982413,0.2966597390392621,586.8457673209416,15.885138967121508,0.05330583546013929,0.2215925408744627,158.0,108.0,0.37210770598906967,0.17608059440440538,2800.0,2950.0
156,0.030893181401317648,0.17576456241608446,0.06769287055318775,104.0874917089476,14.103825279089364,0.06053143896604877,0.18263485485914777,66.0,57.0,0.0,0.0,0.0,100.0
157,0.06567513146691069,0.25627159707410163,0.10479765599421186,334.8111501949895,5.084287830153131,0.018288805144435722,0.025416525204578783,86.0,81.0,0.6632060321681995,0.4641685671178588,1900.0,2300.0
158,0.07843460810637702,0.2800617933713505,0.11225562851296177,178.030241133885,13.328060815894883,0.050105491789078506,0.0719416092154387,89.0,138.0,0.0,0.0,2000.0,9100.0
159,0.0027642090716014658,0.052575746039418836,0.0314091131338028,28.839996024885515,11.432015505944333,0.04380082569327331,0.05713066247667767,44.0,44.0,0.0,0.0,1650.0,1650.0
160,0.21548375831913086,0.4642022816823834,0.23644192583559537,116.84201467251442,19.293328076432516,0.07199003013594223,0.13450591533767406,103.0,176.0,0.6283035229711923,0.6138350563580706,1850.0,1800.0
161,0.09038152145165147,0.3006351966281584,0.1344204961007632,202.41863494638807,24.72812277398923,0.09891249109595693,0.21863893615091734,64.0,170.0,0.6090641776224249,0.7733763276232881,1250.0,750.0
162,0.04557433055130595,0.21348145247610142,0.07706686320344736,38.65251267373055,6.266136158115925,0.02278594966587609,0.09363703396019633,41.0,87.0,0.5124255435146767,0.6118603309483513,2250.0,2050.0
163,0.22094525003306256,0.4700481358680859,0.2303791550238603,157.67116981211166,14.19536920506863,0.05459757386564858,0.1314467181376596,167.0,78.0,0.7596413507339517,0.7770412488448092,1050.0,1050.0
164,0.04049760564262353,0.20124016905832576,0.08582806389496354,81.01337295790147,21.840447363283104,0.08465289675691126,0.2051220183826019,218.0,73.0,0.7881909805610576,0.7588931201233104,1000.0,1300.0
165,0.21649587689507954,0.4652911743146216,0.20638748515301275,107.33857425033098,18.77588077959984,0.07249374818378317,0.1911459571832023,61.0,163.0,0.0,0.0,1250.0,1050.0
166,0.16816027892034544,0.4100735042895913,0.18406386062460822,81.9339416072379,28.204649919625783,0.12647825076065375,0.27365488957390693,116.0,175.0,0.8514921638872288,0.9837757623747825,0.0,0.0
167,0.08573385330291093,0.2928034379970818,0.11879910091169865,93.30916038255754,22.57847529206291,0.09141083114195511,0.20634533925435927,86.0,168.0,0.0,0.0,800.0,450.0
168,0.0834055263177021,0.28880014944196636,0.11544785250249438,70.14270696576082,29.38125834534974,0.11344115191254725,0.16960182644291444,206.0,216.0,0.6671207980066755,0.6522886151294982,1700.0,1550.0
169,0.12866220749760704,0.35869514562871774,0.15465023135881772,97.8791925279396,9.078382411778117,0.035324445182016016,0.10609290872973769,67.0,87.0,0.0,0.0,1100.0,1150.0
170,0.019538877898722228,0.13978153632981083,0.05142400166632647,56.35854937505109,4.6081653204874655,0.017323929776268666,0.02145423743670413,49.0,50.0,0.5804393584087519,0.4941046566090349,1950.0,2100.0
171,0.28633772198659935,0.5351053372809874,0.2860511384890371,131.55805923124458,18.65815021064617,0.06261124231760459,0.1286504732222389,85.0,197.0,0.50498394770183,0.36583275837118867,2950.0,3050.0
172,0.25731118768918765,0.5072585018402231,0.2814649011451293,96.19632634977992,26.704344023412023,0.08267598768858211,0.20309278035059905,117.0,207.0,0.42555979799805654,0.4059745978595737,3650.0,3500.0
173,0.07263380012969055,0.2695065864310009,0.10901182033096966,437.23585177861963,16.472354930648443,0.06485179106554505,0.20429954330347558,94.0,109.0,0.0,0.0,900.0,1550.0
174,0.21063340273263884,0.4589481481961103,0.19843478918648036,137.97242812199227,3.3336332426035753,0.01203477704911038,0.025826224269372006,103.0,105.0,0.0,0.0,1550.0,1550.0
175,0.060342494580597,0.24564709357246017,0.11233906000996613,402.51727407354264,5.423938480481795,0.020238576419708193,0.037931616130991615,61.0,63.0,0.0,0.0,1250.0,1250.0
176,0.11459456649588497,0.3385181922672472,0.16503137700808124,81.00802178133972,28.063525190894126,0.10242162478428513,0.13647909276260814,213.0,213.0,0.0,0.0,1300.0,1000.0
177,0.1742874875166523,0.4174775293553562,0.20563615366942237,205.6741746576468,23.99139031751511,0.09227457814428888,0.1648014261523136,194.0,171.0,0.7732402140176227,0.7395411729255591,1000.0,1250.0
178,0.5006475228534449,0.7075645008431705,0.3835560125364357,224.8729716661447,19.033812783997963,0.07997400329410909,0.18508381185531173,83.0,78.0,0.0,0.0,2150.0,500.0
179,0.036542488335160224,0.1911608964593968,0.06190831563360343,77.3653098614432,3.171727566901474,0.012152212900005647,0.04987432845043717,51.0,44.0,0.0,0.0,1450.0,1650.0
180,0.01834518545492052,0.1354443998654818,0.06012133332875418,27.25577176864407,13.643557098857134,0.050719543118428,0.07180124826374892,201.0,47.0,0.4811313219684477,0.6437006696731863,1900.0,1650.0
181,0.12441182312547965,0.3527206020712139,0.15493047315399125,124.14336889706075,11.443569103429308,0.0423835892719604,0.08978584356945286,109.0,101.0,0.5352290157843883,0.6406337232393383,1600.0,1450.0
182,0.020333646231515148,0.14259609472743337,0.05250232253434755,43.65558150097039,4.002006476878119,0.015216754664935814,0.03741493413324649,65.0,64.0,0.0,0.0,1300.0,1350.0
183,0.24669801362769553,0.496687037909885,0.2841752490965954,550.7449855775981,14.447600426476841,0.05105159161299237,0.12797579357280534,161.0,108.0,0.08638158633975554,0.19139092369350066,2500.0,2600.0
184,0.0859847177768683,0.2932315088404865,0.11936020568636366,77.9530737535077,12.54657837420705,0.048442387545200964,0.17160697993741852,117.0,110.0,0.0,0.0,950.0,1300.0
185,0.17264446201162925,0.4155050685751369,0.20254390753004695,110.77702226181283,10.453930323909688,0.0394487936751309,0.1316747469884153,115.0,153.0,0.7668764567458338,0.746972512990332,1200.0,1300.0
186,0.14643606472898243,0.3826696548316608,0.16320931426041138,224.27911736691257,20.040190566310127,0.06863078961065112,0.2021434351028268,110.0,108.0,0.0,0.0,2850.0,3000.0
187,0.06316169934460734,0.251319914341477,0.09265343383363363,80.81958353666695,4.017829963232669,0.015512857000898335,0.03847405172010257,74.0,64.0,0.793781608549665,0.8090278914274251,1050.0,850.0
188,0.15049997205855983,0.3879432588131412,0.1657169810535751,155.04103105222538,0.8528804290795589,0.003101383378471123,0.010833120884699728,86.0,95.0,0.0,0.0,2150.0,2250.0
189,0.21339778696019465,0.4619499831802082,0.21330503931634864,87.13358946190849,11.736393723632817,0.044121780915912845,0.1414316655173539,82.0,160.0,0.8027457519240515,0.7830215427957438,950.0,1100.0
190,0.12833690046854515,0.3582413997133011,0.1514941115858056,77.44231170711136,25.42191636231089,0.11199082097934313,0.20875815584485924,106.0,176.0,0.8627211462182444,0.9805513206360366,300.0,0.0
191,0.08630403295384353,0.2937754805184455,0.11688010170708778,198.47008571957403,17.705647187618425,0.06836157215296688,0.2075553990950061,97.0,111.0,0.8390501653530864,0.7429991955362206,550.0,1200.0
192,0.3077882970612113,0.5547867131260547,0.3116991880254591,216.59563652646276,18.195391276844692,0.06545104775843415,0.15290949789411834,166.0,141.0,0.693739997859444,0.6490283738238752,1600.0,1700.0
193,0.08908834806395366,0.29847671276659704,0.16323598263121247,95.40153640711547,22.676977615902825,0.07819647453759594,0.21417343903511457,110.0,108.0,0.4346654935333126,0.49324084352475306,3100.0,2700.0
194,0.08625600505969057,0.29369372662637955,0.16131576697793232,140.45198617082102,19.190313380667412,0.06686520341695962,0.16656836989545767,128.0,206.0,0.0,0.0,1850.0,1750.0
195,0.20870767088470119,0.4568453467911227,0.230688296824403,97.8560913157267,24.527891683173454,0.09656650268965927,0.1804324666383973,191.0,176.0,0.0,0.0,1150.0,1250.0
196,0.28884456670359965,0.5374426171263307,0.297403531069319,150.21984494916654,29.087332289040198,0.11728763019774273,0.22534120141775377,214.0,209.0,0.5283988712221024,0.7456320421055597,1300.0,850.0
197,0.01978466233264503,0.1406579622084901,0.04678002416936848,29.310857532924437,9.992700526839494,0.04198613666739283,0.16883137358471498,58.0,42.0,0.8933638053994633,0.8520808780781112,-350.0,-450.0
198,0.03379058640750001,0.1838221597291796,0.07177651193400432,30.936457380712586,7.402939339893646,0.027418293851457946,0.04098936276540678,40.0,51.0,0.0,0.0,150.0,2100.0
199,0.0672521291553708,0.2593301547359481,0.09201378715290692,77.34426936641418,4.202543035019404,0.017083508272436602,0.04344797631884294,42.0,35.0,0.8555584513018057,0.8246743700132063,450.0,550.0
200,0.12242879721483058,0.34989826695031023,0.1098434005501493,34.41713829963083,2.130965818123197,0.00792180601532787,0.025254033329495162,5.0,57.0,0.3872334991764524,0.5818438385798643,1900.0,2000.0
201,0.17158430481385387,0.4142273588427663,0.2087263716820062,111.72790403465567,23.949338707527243,0.10191207960649891,0.18563403289007005,142.0,140.0,0.9370305083502731,0.8921934553858618,0.0,100.0
202,0.24953659935414665,0.49953638441473575,0.26618433582609624,293.96577041341334,31.98924630693403,0.11384073418837734,0.23486886491360492,203.0,132.0,0.5436859803582939,0.15766414944648002,2150.0,1750.0
203,0.2577244782462631,0.5076657150588989,0.2579844413472024,224.1908231850544,30.625865574356574,0.13491570737602016,0.18746598313493046,200.0,177.0,0.9061740716190714,0.7156990313582058,100.0,450.0
204,0.07064368676998457,0.26578880106201724,0.0994716041362828,82.65344695421128,22.29413819238728,0.09250679747878539,0.2044117511052704,205.0,49.0,0.0,0.0,50.0,50.0
205,0.14868550249954135,0.38559759140785793,0.187367090329568,84.71213479552272,21.95143799265793,0.0792470685655521,0.15081675728238333,110.0,188.0,0.6313633761345416,0.5911681952898474,2200.0,2250.0
206,0.05688273284352029,0.23850101224841852,0.09468556930387126,89.31275580931258,16.673764306517995,0.06696290886151805,0.22908151337066426,76.0,61.0,0.0,0.0,800.0,50.0
207,0.20095013079534638,0.4482746153814048,0.23158309417435377,158.0639686243563,18.878087034882416,0.0720537673087115,0.15489294675393425,134.0,149.0,0.0,0.0,950.0,1000.0
208,0.26633335276616465,0.5160749487876394,0.26923119545803076,133.39997156188684,29.01583964228209,0.10990848349349276,0.24294413343136412,98.0,216.0,0.6667548776288001,0.47737840293112127,1450.0,1900.0
209,0.3009425633163224,0.5485823213669234,0.3228330624170593,295.74216768182146,32.49880903090158,0.12036595937370957,0.16583387519302534,208.0,99.0,0.473680362636475,0.6241040509764098,1700.0,1450.0
210,0.11369911841374923,0.33719299876146486,0.1440509774560376,62.007680992788636,16.338654657995576,0.06308360871812964,0.22859403070470924,90.0,70.0,0.7120315847114485,0.7594591089820033,1100.0,900.0
211,0.048462276262567494,0.22014149146075915,0.09142551889733085,83.92510754709217,2.775660384996526,0.009671290540057583,0.02692847621735365,80.0,89.0,0.6082901715450535,0.5880158363002981,2200.0,2350.0
212,0.009506738910022886,0.09750250719865046,0.03383237737913194,14.916806904917761,2.182573302824087,0.008661005169936852,0.010722569629467105,35.0,45.0,0.7058620869174304,0.7432730029782709,1000.0,800.0
213,0.10337164404819633,0.3215146093853222,0.10523572483944402,57.98241540036978,1.7552113062423669,0.006829615977596759,0.009940669658544251,49.0,62.0,0.7619287065915207,0.7809607967723693,1150.0,1050.0
214,0.000676100795638786,0.026001938305418425,0.009971078912402927,16.290208197846027,1.0909546503539762,0.004805967622704741,0.008200154260025343,4.0,5.0,0.0,0.0,50.0,50.0
215,0.12692299217500297,0.35626253265675156,0.13170888149218585,114.82768875538589,2.906310467196653,0.01056840169889692,0.015026326567025934,64.0,91.0,0.0,0.0,2200.0,2100.0
216,0.018336682108041607,0.13541300568276893,0.04811308896546492,116.51713864586372,3.9133964900549314,0.014127785162653181,0.0158299591450239,65.0,24.0,0.5482412171743686,0.298077665982157,2250.0,2650.0
217,0.20435598078435901,0.4520574972106524,0.23338836728364964,1118.1534457294615,14.225342544720952,0.05249203891040942,0.1312990943434806,188.0,124.0,0.6504679015263238,0.6261804921472655,1700.0,1550.0
218,0.2563749265218738,0.5063347968704836,0.24491762847302154,153.04746806455705,34.80496822010073,0.141483610650816,0.19271378934142863,84.0,200.0,0.899225997885712,0.7896443794388716,300.0,800.0
219,0.15669064835449018,0.3958416960787357,0.18012693586642878,72.8375833133451,26.547186299241453,0.08849062099747151,0.2395451945911515,109.0,118.0,0.13899793789180567,0.46398706199795003,4350.0,2750.0
220,0.3054121797364456,0.5526410948675873,0.29402016824578686,145.22997020943785,22.45410527104289,0.08048066405391717,0.15777021988625464,167.0,181.0,0.4866788227868077,0.5521210674265832,2300.0,2200.0
221,0.18429016887873442,0.4292903083913431,0.22790314562142536,111.50731928970367,27.90196808632774,0.10220501130522983,0.22451634708868906,202.0,97.0,0.6606231915791269,0.7107656666551181,1150.0,1100.0
222,0.20329173226239455,0.45087884432782444,0.21066389250590375,432.0950093211077,31.623071717375712,0.1357213378428142,0.20762873038403487,169.0,177.0,0.0,0.0,-50.0,-300.0
223,0.21487988321223797,0.46355138141552116,0.23227324638689553,145.443948946377,31.11667926391495,0.1341236175168748,0.2331894090953,186.0,187.0,0.0,0.0,-50.0,-50.0
224,0.14402402571924613,0.3795049745645584,0.15384814183132592,63.98617014239615,30.615201205589944,0.13790631173689163,0.24206222472688557,222.0,218.0,0.0,0.0,-6400.0,-6550.0
225,0.0915793515930674,0.3026208049574044,0.1110248735279228,160.463913605651,13.324050059123033,0.05124634638124244,0.11750237691146583,88.0,90.0,0.6064073469697493,0.5892666189841074,1800.0,1800.0
226,0.1788011257546183,0.4228488213943824,0.20669728589234218,136.90398713469204,11.370496563286364,0.04441600220033736,0.11362536453461068,97.0,150.0,0.7653822216895834,0.7829736768048778,1100.0,900.0
227,0.16524117673650393,0.406498679870555,0.16959074244174344,100.12672333980568,21.457082406560524,0.0858283296262421,0.15138521201576144,165.0,174.0,0.0,0.0,6050.0,1200.0
228,0.2707086595379194,0.5202967033702207,0.2787739979322368,1095.3361746108592,21.33802303351091,0.078738092374579,0.14284498115086938,201.0,62.0,0.0,0.0,1650.0,0.0
229,0.39573705465231174,0.6290763504156802,0.3881640861191012,515.6269098368821,34.74293956224954,0.10959917842980928,0.17286905247807785,217.0,120.0,0.1747104684033579,0.41349561214482916,3900.0,3150.0
230,0.23262108307851664,0.4823080790102076,0.25988984114305114,263.248307356124,30.29264057142341,0.09899555742295231,0.19855055265510904,160.0,157.0,0.2811831675382578,0.5032120080245214,2750.0,2100.0
231,0.18743477077532494,0.43293737511945646,0.24373537346448468,468.75873103036946,32.19717598931531,0.12288998469204318,0.15752105405235442,196.0,94.0,0.4703864273447622,0.5896750528330249,1500.0,1450.0
232,0.07784038363323044,0.27899889539786793,0.15170190461587585,249.16064386355328,19.746897625199676,0.071032005846042,0.22961854369219153,107.0,89.0,0.5633188476690262,0.6142832634862065,2250.0,1900.0
233,0.17297493442453354,0.41590255400097453,0.18361428356066434,197.90443473339167,5.933237216756601,0.02165415042611898,0.09310800949846607,102.0,86.0,0.6966528842747024,0.7472477943129635,1650.0,1350.0
234,0.027362202693837344,0.1654152432330145,0.06297427506037259,39.994046343384184,6.026157826659095,0.02274021821380791,0.03448183835583555,42.0,47.0,0.5773344895044406,0.6148146829578971,1650.0,1750.0
235,0.26725592413266264,0.5169680107440524,0.2755998804882935,257.4329270728783,23.360813928962184,0.08716721615284397,0.1569973140360094,171.0,172.0,0.44910052703819403,0.5182278027948563,2000.0,1950.0
236,0.3534444800159616,0.5945119679333307,0.3454876992682377,176.3784056677936,43.3851618194319,0.14178157457330687,0.235386617961918,215.0,218.0,0.0,0.0,3350.0,3800.0
237,0.0280415426770955,0.16745609178855064,0.0821447467961527,89.17634774387734,34.243292754274144,0.15565133070124612,0.23145817532983842,215.0,217.0,-0.055579922537276186,0.200648061668768,9550.0,3250.0
238,0.23824856042262427,0.48810711982373733,0.2352264720566228,129.839691302909,23.005309637664,0.09748012558332203,0.139432215085531,197.0,58.0,0.8525623167144956,0.8186390854510557,350.0,650.0
239,0.2557508461203668,0.5057181488935975,0.2652262314333556,231.5149218471594,33.451342764419124,0.11187740054989674,0.28058061608117774,218.0,18.0,0.2748552861455551,0.2328826455838949,3500.0,5700.0
240,0.18465149107904685,0.42971093897996926,0.20824464528875303,190.81193531774886,21.261983303926616,0.08749787367871036,0.1671908255344219,136.0,155.0,0.0,0.0,50.0,400.0
241,0.21949263376345082,0.46850040956593714,0.21562311276273563,106.79845694800416,24.511425441299064,0.09319933627870366,0.2568115457814277,128.0,122.0,0.0,0.0,1300.0,1000.0
242,0.19374303447960584,0.4401625091708809,0.22172257904082213,254.53521624189682,6.015030765353479,0.021714912510301367,0.03899433635593095,85.0,83.0,0.0,0.0,1500.0,1350.0
243,0.22463067147903243,0.47395218269255013,0.23169560785132576,166.48685252812103,18.262842341000198,0.06840015858052509,0.13493171870003964,84.0,183.0,0.5808800664979902,0.5882926736816202,2000.0,1800.0
244,0.0860860421103229,0.29340422987803516,0.12009489326418961,238.66228908744014,18.865632017979756,0.07637907699586946,0.15950985934628462,52.0,157.0,0.7557626376912604,0.8432548345974383,1000.0,400.0
245,0.20949051816489933,0.4577013416682317,0.21383826428347372,1447.6231576064554,23.013293183317817,0.08278163015581949,0.19854056614217785,186.0,64.0,0.0,0.0,2150.0,5000.0
246,0.23000181969514366,0.47958504949085273,0.238913131292609,270.6437703538655,20.52931485949941,0.08735878663616771,0.12119711969181157,159.0,167.0,0.889858505939886,0.8793813176061707,-200.0,-200.0
247,0.3155921847756012,0.5617759204305585,0.3315056238669232,553.2102562991056,37.67888942750968,0.13651771531706405,0.20781671729907247,207.0,215.0,0.0,0.0,2750.0,2350.0
248,0.07039518430602591,0.2653209081584524,0.11491400512778373,85.22558190706093,20.404183262952614,0.0923266210993331,0.21096881273252244,212.0,51.0,0.0,0.0,50.0,100.0
249,0.2594473473917712,0.5093597426100449,0.2589966288351542,141.63766570154314,20.684112440781323,0.07257583312554851,0.13145546763901383,161.0,194.0,0.26326664652890314,0.5108514370205838,2850.0,2450.0
250,0.23585734215905907,0.4856514616049859,0.2129925673358105,75.75488961711406,24.542615306048866,0.11105255794592248,0.11338425676494497,221.0,221.0,-0.9942843532593912,-0.9995916132607002,7950.0,7950.0
251,0.05565854655159046,0.23592063612916622,0.09578646123186348,48.696640760606435,21.71595038270082,0.08072844008438967,0.1845273255128529,84.0,216.0,0.5850016163632266,0.5608059297065606,1600.0,1750.0
252,0.0637197737128363,0.25242775939431916,0.11017754065820694,409.1789218017267,11.076479034073865,0.041798034090844774,0.08901284261296487,64.0,102.0,-0.017470928821628366,0.43890923988541464,1750.0,1650.0
253,0.18606192758144297,0.4313489626525639,0.23135605655166838,90.14948322568821,23.557329471390563,0.09095494004397901,0.13760538243694245,68.0,191.0,0.7237693511090529,0.6625505257091917,750.0,800.0
254,0.33754175577260026,0.580983438466709,0.29570276036321075,730.7203985501204,43.58832991284505,0.1518757139820385,0.2115403493367435,88.0,218.0,-0.48387591358191634,0.22320569660728723,3900.0,2450.0
255,0.23877195389519465,0.4886429718057906,0.25768076121969086,152.73064583404857,29.313149928716825,0.11405894913897598,0.23883722301384525,171.0,107.0,0.4671821867942317,0.696978562033289,1850.0,1450.0
256,0.21035895040723018,0.458649049281943,0.24214329701197576,205.9047033068,20.98993294472097,0.07920729413102252,0.14086360602988673,206.0,139.0,0.0,0.0,1600.0,1400.0
257,0.13381401351628788,0.36580597796685593,0.17787152033640516,79.39843936205153,20.79822673196574,0.08030203371415344,0.20150088292771962,85.0,76.0,0.0,0.0,1850.0,1550.0
258,0.16103221642358737,0.40128819621761536,0.21512890697251563,173.42324211590213,31.37398861270456,0.12964458104423374,0.24677879838727404,71.0,162.0,0.0,0.0,650.0,850.0
259,0.13133154886598863,0.3623969493055766,0.1656102361928788,137.94113194325558,16.536575161484677,0.05605618698808365,0.19668309758139055,109.0,110.0,0.45864748204062583,0.4845456771023331,2600.0,2350.0
260,0.15409943315116523,0.3925550065292318,0.17657143811305503,72.66163300030198,11.050921453549694,0.039187664728899625,0.11789255693382239,86.0,162.0,0.6346554270654361,0.6292841192933999,1950.0,2050.0
261,0.04032968817794858,0.2008225290597362,0.07796790088515766,78.46273505971931,14.71772285809874,0.062363232449570934,0.20628022782671598,34.0,64.0,0.9397538745818306,0.9747024416153769,50.0,0.0
262,0.12763241456391344,0.3572567907876818,0.15068392734494457,327.85583950531174,2.817705294746389,0.009519274644413477,0.028225890012528298,112.0,21.0,0.5504772674040442,0.5311262123632109,2850.0,3600.0
263,0.23961142245611336,0.4895011976043709,0.2679235323137234,299.6036278014721,21.607234569904183,0.08310474834578532,0.16545667225819627,175.0,46.0,0.0,0.0,1550.0,1350.0
264,0.27705236076230805,0.5263576357974756,0.256998344245586,106.19027269355546,23.993433289943678,0.07997811096647893,0.22447559415550414,140.0,120.0,0.5396755643637736,0.5407207907761951,2550.0,2500.0
265,0.24018078165353046,0.4900824233264548,0.26272658643088964,205.05694549910723,21.11303432085635,0.07790787572271717,0.16670078315609124,116.0,164.0,0.0,0.0,1500.0,1550.0
266,0.0860182363562317,0.2932886570534764,0.14965590741361928,126.88792226897432,28.319766024648395,0.09632573477771562,0.22201738901418044,91.0,129.0,0.0,0.0,3300.0,2850.0
267,0.2837748955501623,0.5327052614252672,0.3021590037061913,271.93754837956806,24.38056993270131,0.09063408896914985,0.12864911658552622,193.0,192.0,0.0,0.0,2150.0,2950.0
268,0.3869185851674311,0.6220278009602394,0.3150574896615285,116.44822512142885,19.26603689893384,0.07109238708093668,0.19134651777831851,81.0,72.0,-0.2988828777236309,0.4971998520123307,9000.0,2450.0
269,0.2787307413499973,0.5279495632633835,0.2963690447614412,459.39147310708427,23.397554407521927,0.08326531817623462,0.1340848815194508,204.0,57.0,0.0,0.0,2700.0,850.0
270,0.25499620916589527,0.5049714934190793,0.244280596178544,103.43733786765348,31.19717905909405,0.11907320251562614,0.19420771681313137,72.0,171.0,0.38117163252500774,0.6365699347700938,750.0,1500.0
271,0.2358645204940798,0.48565885196718056,0.23335524741609928,553.3696470225187,30.105988833959156,0.10790677001419052,0.24687937923593248,104.0,132.0,0.481822979750693,0.44657923652467385,1500.0,2000.0
272,0.16882760803866392,0.4108863687671616,0.18193668702395702,417.49131520636655,22.928305375010396,0.08491964953707554,0.12250277155355498,181.0,96.0,0.0923604717744159,0.15566994630437342,2100.0,7400.0
273,0.029947584875755964,0.1730537051777741,0.07230577957000334,44.58260169322965,11.267821763598356,0.04157867809445888,0.15935648733709554,88.0,82.0,0.590084384181982,0.5983711870729083,1900.0,1900.0
274,0.21933400174722137,0.46833108133800105,0.23953379392895155,167.69320578105527,15.263638352564321,0.05803664772838145,0.15693644883648683,179.0,95.0,0.0,0.0,1450.0,1600.0
275,0.18514423231120247,0.4302838973412815,0.21882618384389338,239.56815375160386,36.97525299382089,0.15279030162735904,0.24745410052079345,191.0,165.0,0.0,0.0,150.0,550.0
276,0.40726180978377247,0.6381706744937223,0.3254006121535318,108.39850040952008,21.599837934385196,0.07199945978128398,0.21507392741722903,97.0,135.0,0.5266186344631841,0.5084772071143812,2500.0,2850.0
277,0.051494664704265225,0.22692435899273844,0.07937451470452059,106.25675247206988,8.188607010419846,0.03161624328347431,0.05152321583368975,60.0,177.0,0.7323741116429799,0.7271961116712263,1250.0,1300.0
278,0.220200891295548,0.46925567795770784,0.2364071875945795,276.6357122070069,25.248987940405442,0.09786429434265675,0.185869597176205,182.0,98.0,0.5335323335392445,0.7072117333727088,1600.0,1550.0
279,0.1961133503028402,0.44284687003843687,0.23038102532843557,119.79358230325342,45.187833426549886,0.15582011526396514,0.23956375264485277,99.0,191.0,-0.7614517540830239,-0.36942322442547454,7000.0,3350.0
280,0.0346525842757835,0.1861520461230107,0.1102496119395613,47.25129132415184,37.41881490210377,0.1693159045344062,0.2186738923766424,36.0,218.0,-0.7610360274739807,-0.7649766276028941,8600.0,8500.0
281,0.330171938100338,0.5746058980730515,0.3416852248215951,260.5688947711299,39.497312795485485,0.14258957687900897,0.22176255898850644,212.0,218.0,0.28259076915912756,-0.34526247380148894,2500.0,2850.0
282,0.10467018048754045,0.3235277120859053,0.17009773260180652,138.62362908518736,42.84226780251977,0.13263860000780114,0.23559532700167685,119.0,216.0,0.2624034690957968,0.25749752134585835,4300.0,4100.0
283,0.20108752895761262,0.4484278414166683,0.23319308440624345,2910.185756780694,24.189319879975688,0.09128045237726674,0.14772137688066292,167.0,159.0,0.6699210042716053,0.6181573035075871,1600.0,1500.0
284,0.2056296817997506,0.4534640909705537,0.21607284724800654,256.3731853382445,20.921089837247358,0.07635434247170568,0.24891503587251193,114.0,113.0,0.5983797300313172,0.6664849654734831,2100.0,1650.0
285,0.26838471722892215,0.5180586040487333,0.28017634890013526,155.50237165474726,21.80163480292573,0.0816540629323061,0.15652439326286763,144.0,150.0,0.740396137040644,0.8112368417039822,1350.0,1000.0
286,0.17130219419802808,0.4138866924630799,0.2260943884677796,1809.7839441298631,33.53844514388574,0.1242164634958731,0.22453808899793043,204.0,112.0,0.5915509454477097,0.5515008807081208,2000.0,2400.0
287,0.07138136169454194,0.26717290598887816,0.13246484683818233,164.87221869453379,21.894397938317073,0.08519220987672013,0.2018179256110519,84.0,55.0,0.0,0.0,1350.0,1650.0
288,0.07350548197174493,0.2711189443247095,0.07374791759159315,195.55693330952067,4.229599525356137,0.016850994124924846,0.05179547518896822,36.0,0.0,0.7206625005295288,0.6304360667459972,1200.0,650.0
289,0.07280523993737333,0.2698244613399114,0.11128907443354855,60.73029002603958,2.122939315219502,0.007833724410404067,0.01917872223002988,74.0,84.0,-0.12495429292538392,0.49038278273909386,2200.0,1800.0
290,0.282806637799243,0.5317956729790522,0.25226710386345236,116.14975461049369,16.620481994505198,0.06201672386009402,0.1283512165329108,172.0,78.0,-0.5315274612890156,0.5197656800292252,2350.0,1400.0
291,0.09780657843637505,0.312740433005352,0.11542790180417253,182.68171200650133,23.91131103514797,0.08856041124128879,0.09641269650176666,88.0,189.0,0.0,0.0,2400.0,600.0
292,0.012057473988368244,0.10980652980751301,0.04568910451015855,29.080476453373254,7.274023480985194,0.028980173231016707,0.11068508700884454,47.0,62.0,0.0,0.0,1100.0,1100.0
293,0.06671680371476908,0.2582959614759183,0.09974757996723702,54.27234496699993,1.2076364115673508,0.004375494244809242,0.013227086547871197,62.0,65.0,0.0,0.0,2250.0,2200.0
294,0.14426008887225322,0.37981586179654636,0.12972272913373156,343.8276031864509,0.8068287477482403,0.003044636783955624,0.005514711281322688,77.0,51.0,0.708200320534592,0.6243021066042196,1400.0,1450.0
295,0.13594900795066558,0.368712636006234,0.1679211171849249,134.0791266288112,2.88437795312916,0.010682881307885778,0.0336787401546034,73.0,69.0,0.0,0.0,1350.0,1500.0
296,0.04453676974232732,0.21103736574911874,0.0722430044727461,16.6296329216081,3.852534293870582,0.014163729021583022,0.03366314519004684,83.0,79.0,0.6112920080587566,0.6077659826044219,1400.0,1500.0
297,0.22294855185764223,0.47217428123272687,0.23333682716447532,167.50500260734168,10.705241956082334,0.03935750719147917,0.16077858698239544,166.0,73.0,0.7021900179170542,0.6919964469925034,1600.0,1750.0
298,0.21998269505102205,0.469023128481978,0.2502109019755783,135.26180405794355,30.639024018275094,0.10826510253807455,0.22585312746193437,141.0,176.0,0.4804193786201715,0.4788726625930858,2500.0,2300.0
299,0.22323167356467108,0.47247399247437005,0.2555990063372707,284.092945852685,30.0472066523,0.11691520098171207,0.16661151421466255,183.0,198.0,0.5701328368935671,0.33530215859377477,1400.0,1700.0
300,0.30564737190799623,0.5528538431701422,0.2786120377918962,154.1654297407406,32.2735125455203,0.11167305379072767,0.20126086211904595,102.0,213.0,0.0,0.0,1100.0,2850.0
301,0.27306825752212505,0.5225593339728275,0.29531845255263267,101.74977126440194,31.232343565069506,0.113986655346969,0.2012547981848718,198.0,218.0,0.5639702476225763,0.39064471710188753,1800.0,2200.0
302,0.11421911777224854,0.3379631899663757,0.1472042137139287,44.865793952813014,39.5832494496015,0.12254875990588701,0.18219463109272066,218.0,116.0,0.1547354103127072,0.17726003737699686,4650.0,4800.0
303,0.041401492014151914,0.2034735658854779,0.06617989191241695,164.21861892956352,7.91165924552352,0.02952111658777433,0.14578980746370385,96.0,59.0,0.6442967974065416,0.3870997659766173,1600.0,2450.0
304,0.20619068826675488,0.45408224835018035,0.22330091040407204,149.28708724011165,1.7642759982770078,0.006534355549174102,0.01433148842245637,89.0,91.0,0.0,0.0,1400.0,1600.0
305,0.11831211951037672,0.34396528823469485,0.13054098190264912,68.10342881514273,5.210908975255627,0.01988896555441079,0.04260681080898541,50.0,57.0,0.0,0.0,550.0,650.0
306,0.016367142194057906,0.12793413224803576,0.03933042376130205,63.313030255270576,3.211622454809904,0.012846489819239616,0.03303007416180867,29.0,57.0,0.7698767379738752,0.7266225263702467,450.0,600.0
307,0.2515392921303846,0.5015369299766316,0.2685786259114309,187.21459059075866,21.15841784477849,0.08014552213931246,0.15416805030150516,164.0,60.0,0.7702482385711885,0.8029352249040775,1000.0,900.0
308,0.10345279175133461,0.32164078060988255,0.17041346686542289,57.309471383545485,24.80934641311322,0.0840994793664855,0.1950286530253861,114.0,94.0,0.4271131481061182,0.4458612770194668,3500.0,3050.0
309,0.09262341299120092,0.30434094859417277,0.11577543296803576,217.97764719619207,5.1851039844157265,0.01994270763236818,0.05945933224185448,69.0,42.0,0.0,0.0,1500.0,1150.0
310,0.19621693359226858,0.442963806187671,0.20801402801094682,86.02022073875698,20.839497498227573,0.0826964186437602,0.16624597715142478,154.0,160.0,0.5399105735186207,0.3045787812066504,1200.0,1100.0
311,0.1677127305417718,0.40952744784906886,0.2084222630054262,148.19289497698747,33.55983727902919,0.1398326553292883,0.24504721031620866,167.0,208.0,0.0,0.0,50.0,-50.0
312,0.31112848000940035,0.5577889206585233,0.31432680999365936,319.4948515142521,20.797090555087987,0.06932363518362662,0.1971486851924731,152.0,150.0,0.3985146791319068,0.27318122026305197,2400.0,2600.0
313,0.044777556235065116,0.21160707983209143,0.0996308648174692,83.4839803652468,9.604349042406495,0.037664113891790175,0.18779098476752723,66.0,74.0,0.8324453623432397,0.7682807917144255,450.0,800.0
314,0.03980312977209729,0.19950721734337654,0.08448114487976006,462.08794687996743,3.795411286241889,0.014431221620691593,0.049265478560697004,57.0,64.0,0.6106064362131923,0.6723539210247576,1750.0,1600.0
315,0.16452315003033446,0.40561453380066953,0.1738003569810526,45.75483820833397,20.190602808252684,0.07533807018004733,0.16521898850413333,134.0,204.0,0.4140514210755207,0.597943761287971,1500.0,1350.0
316,0.02797901778086506,0.16726929718530253,0.061257329506102375,80.53914747563499,14.58247788455471,0.06258574199379703,0.2436282506855822,68.0,68.0,0.923618135099974,0.950937474236975,200.0,50.0
317,0.27954727582109234,0.5287223050156786,0.2817686458059389,110.76457744284609,16.686066162732594,0.059806688755313954,0.17258740202998057,170.0,179.0,0.0,0.0,2100.0,1900.0
318,0.14097286209234097,0.3754635296434808,0.1829495340767454,171.0998004031798,34.2271678454739,0.11721632823792431,0.2586827349572326,155.0,185.0,0.0,0.0,50.0,50.0
319,0.42755502219848474,0.6538769167041185,0.377914828787893,119.90817018153687,35.99593756554061,0.10974371209006283,0.2533083291372412,212.0,149.0,0.0,0.0,4300.0,3950.0
320,0.3176380197943727,0.5635938429351164,0.21820264078877263,97.74110349220933,13.887112170524302,0.04598381513418643,0.14622745105661566,146.0,156.0,0.0,0.0,2250.0,2150.0
321,0.22898650297677617,0.47852534204237934,0.23390468184421545,191.87257193284432,12.286001933956857,0.04403584922565182,0.168205591477032,154.0,168.0,0.670719877887643,0.6747953339037182,1750.0,1800.0
322,0.09604374686212688,0.30990925585101015,0.14351286576073422,231.14846355036613,18.141945506657052,0.06525879678653616,0.2385371587810803,108.0,114.0,0.6328788128224412,0.5896648282601215,1850.0,2150.0
323,0.1567950943549564,0.3959736031037377,0.17883500572177724,115.92775277062233,3.251650685420594,0.011613038162216408,0.03736988494140487,97.0,105.0,0.0,0.0,2750.0,2150.0
324,0.023074910588187725,0.1519042810067831,0.05145421432603505,23.07219940397718,8.13975818681454,0.03094965090043551,0.04600645806634766,50.0,67.0,0.6122117578402734,0.6063194774444812,1400.0,1250.0
325,0.20559112862381476,0.4534215793539328,0.2571858459477938,535.5958480833737,28.260142085693467,0.1016551873586096,0.16926066691619474,197.0,150.0,0.2009096106379043,-0.653436530054009,2450.0,2800.0
326,0.07906954139118338,0.2811930678220631,0.14790134326014517,218.8101162430307,34.479888336778025,0.1201389837518398,0.2420406645880525,218.0,94.0,0.4743624378071744,0.48768889825023465,2550.0,2350.0
327,0.14821967525224405,0.3849930846810681,0.16161421423013714,72.63047689576781,31.459087434521628,0.124837648549689,0.18134514590013168,139.0,177.0,-0.4082026787845015,0.6628249940011491,8800.0,1200.0
328,0.2119197531194655,0.4603474265372464,0.24724461197571418,173.77148897087355,28.855529111544367,0.12023137129810153,0.25350627425572614,213.0,186.0,0.0,0.0,1050.0,700.0
329,0.23172147574479532,0.48137456906736914,0.25526454655808256,83.80206443018085,31.247566518106794,0.10521066167712725,0.20063684872870685,120.0,199.0,0.0,0.0,2800.0,3450.0
330,0.2049957577223311,0.45276457207066356,0.18752169903727647,105.75613433985973,15.143689545849167,0.050478965152830554,0.21038779422133908,118.0,129.0,0.506032505709016,0.5050257646627475,2300.0,2500.0
331,0.18714857100267956,0.43260671631711817,0.20270761313434593,260.7569512818159,10.792811511185631,0.042324751024257375,0.12331006950767064,127.0,134.0,0.0,0.0,550.0,550.0
332,0.051123217084949206,0.22610443844592967,0.09560567608386221,121.66443218057611,16.014350973466517,0.06231264970220435,0.18892251323578263,100.0,68.0,0.7439021951675556,0.8766884276178124,1250.0,500.0
333,0.09674792916502081,0.3110432914644211,0.10861730113516276,87.21446068656485,3.5257211445271492,0.013106770054004272,0.03496485703632427,71.0,54.0,0.5908505275091047,0.5716532701179349,2000.0,2000.0
334,0.21983854144485926,0.4688694289936797,0.23356378529215058,123.12703015654323,18.088644741911235,0.06601695161281472,0.1521940395350297,91.0,186.0,0.5973297870251021,0.43312733913207174,2000.0,2050.0
335,0.041665990777789555,0.20412248964234578,0.08313229722963268,62.92800791694661,16.609927380729378,0.07098259564414264,0.23736801918901473,42.0,77.0,0.0,0.0,50.0,0.0
336,0.29079239043145366,0.5392516948804645,0.3046780381860929,273.25361599605367,19.32301911022688,0.07104051143465764,0.1227351661290517,177.0,75.0,0.0,0.0,1700.0,1400.0
337,0.08943390740143382,0.29905502403643686,0.15188948824436943,70.40302403013845,19.1037835696272,0.06432250360143839,0.1857917651995876,100.0,94.0,0.504640825609677,0.5205782603379847,2500.0,2300.0
338,0.24468620688123136,0.4946576663524294,0.2365277414868485,82.31449171154748,24.096995661617115,0.09524504214077911,0.14760114681364217,47.0,190.0,0.770757642009824,0.6282927411280589,900.0,950.0
339,0.17437406336841665,0.4175812057174229,0.19636553999007328,100.58694307498044,32.14451323559765,0.10933507903264507,0.21396866539421744,104.0,200.0,0.5292464760612453,0.3666612106252937,1800.0,2200.0
340,0.21314158412919681,0.4616725940850256,0.22773318840606074,96.16906671213702,25.119240781714154,0.09698548564368399,0.19402223557837855,155.0,185.0,0.6960317744238278,0.7313649288995137,1400.0,1450.0
341,0.034687385565168524,0.18624549810711807,0.08510041971220543,51.165553549028346,12.556732903280126,0.05580770179235612,0.1911006012934553,69.0,46.0,0.922039875535581,0.9920177848966047,200.0,0.0
342,0.19080271026374726,0.4368096957071206,0.19642133944873966,111.53858650010679,6.292367757062835,0.022964845828696477,0.10068096706970013,115.0,105.0,0.0,0.0,1850.0,1650.0
343,0.23136523672242304,0.48100440405720096,0.25824291138028366,540.2086724334514,17.85765880680183,0.061156365776718596,0.13538726475902804,178.0,191.0,0.0,0.0,2700.0,2650.0
344,0.03264319092181825,0.18067426745892246,0.06556415419553523,75.72438989584676,22.71064834348294,0.10184147239230018,0.14524912067318527,48.0,196.0,0.9583714566449032,0.8556508144295544,150.0,-50.0
345,0.13645166486382607,0.369393644861178,0.13890769085724217,60.432024318787214,9.905114639048977,0.036150053427186045,0.10366046779758345,79.0,97.0,0.6200638136477291,0.6427921353747545,2100.0,1950.0
346,0.05717319275667715,0.23910916493659784,0.09067870224373219,248.6462473137979,2.4643355436076164,0.009060057145616238,0.022905793796696387,79.0,92.0,0.6940013010783657,0.676142859169241,1500.0,1650.0
347,2.4232619795475015e-05,0.004922663892190387,0.003101811148041055,8.499193468023233,0.7334893098600529,0.003318956153212909,0.0032078972850565508,1.0,1.0,0.0,0.0,0.0,0.0
348,0.17871891952299726,0.4227516049916277,0.20730914569970454,110.60848780118464,17.92934486355565,0.0717173794542226,0.17101210176648676,157.0,168.0,0.0,0.0,800.0,650.0
349,0.299866381739937,0.5476005676950463,0.2694490085618126,110.22766545408192,31.89349878663643,0.12757399514654572,0.23218616903984649,120.0,195.0,0.6973016180533064,0.847474206491315,1500.0,600.0
350,0.04621839325887971,0.2149846349367315,0.10250711311196237,108.22906408096453,16.243069868476958,0.06656995847736458,0.1869472751602006,47.0,78.0,0.0,0.0,750.0,500.0
351,0.1704575223203492,0.4128650170701669,0.19694223417360174,529.5335823940447,9.060203987374939,0.03235787138348192,0.0699474251414252,118.0,63.0,0.27838865567763105,0.30573740814388994,2700.0,3350.0
352,0.030447680787068495,0.1744926382030729,0.07856865229579926,46.29123952950357,8.91015134620595,0.030830973516283566,0.05056513271295125,83.0,84.0,0.5060674684901684,0.5035083692750277,2600.0,2750.0
353,0.2560218441232902,0.5059860117861859,0.2656666623610818,254.94229493195712,9.346930010544197,0.030248964435418114,0.04352277369484811,125.0,125.0,0.0,0.0,2850.0,2800.0
354,0.17823948791577232,0.4221841871929506,0.20621411041673246,120.61223984500162,26.820650228040975,0.10436050672389484,0.233864375000437,214.0,195.0,0.45466939843701126,0.3427924268291853,1250.0,1250.0
355,0.202097468488655,0.44955252027839304,0.22329038723342087,117.42749411200093,31.290194313651117,0.1158896085690782,0.26814821700769276,90.0,217.0,0.00611388215777105,0.09103743766575258,6150.0,4200.0
356,0.20772558579314815,0.4557692242716133,0.24714524219761805,221.81694637124627,29.914807827345847,0.12516655994705375,0.16889947257578317,214.0,152.0,0.35041219307486143,0.7136653574079659,950.0,600.0
357,0.06847007450054331,0.2616678705927484,0.13318465009754488,91.37922159842057,24.113543879734667,0.09133918136263132,0.2488686996991703,90.0,82.0,0.0,0.0,1700.0,2000.0
358,0.07068180505927786,0.2658604992458975,0.09872569296382532,169.07312895892267,7.172720895462067,0.028128317237106147,0.08433094112401349,53.0,69.0,0.0,0.0,750.0,1000.0
359,0.22604107216676878,0.47543776897378354,0.21489801251170354,219.053286113924,22.376478250235678,0.08380703464507745,0.15493729259562897,47.0,164.0,0.8398657668159176,0.6819869802209777,800.0,1600.0
360,0.19107423470185345,0.43712038925432595,0.23087681594409143,124.21700870925409,29.932314483860075,0.09878651644838309,0.23184074901520763,187.0,193.0,0.0,0.0,3400.0,3650.0
361,0.09003445771426653,0.3000574240279126,0.11013668860206707,63.53462499950579,28.564853959023694,0.12925273284626107,0.1482148695782024,218.0,90.0,0.03929410252131695,0.09819533976002946,3900.0,4050.0
362,0.00965969350800838,0.09828373979457833,0.057480047132322666,27.78579550131342,19.56173181461785,0.07466309852907577,0.1302456115881081,57.0,210.0,0.0,0.0,1500.0,1600.0
363,0.06397612454025377,0.25293502039111504,0.1129798447379932,109.2780881379153,14.560672502778633,0.04919146115803592,0.10503014898509312,103.0,111.0,0.4317915107132452,0.41143198421391824,3450.0,3500.0
364,0.062076632429097986,0.24915182606013142,0.0933826170925528,56.520055357134936,3.489125490489976,0.01321638443367415,0.04677524828432264,77.0,84.0,0.7227342800243454,0.7356951746257828,1350.0,1300.0
365,0.13977624721709478,0.37386661687972994,0.16773674259621213,129.88118336738532,1.6952024513067834,0.0058861196225929975,0.034107054653900896,117.0,113.0,0.0,0.0,2600.0,2500.0
366,0.19653478059677362,0.443322434123036,0.20675703513450913,382.81991497903596,2.6811276608407653,0.009541379575945783,0.017447075903882364,105.0,97.0,0.0,0.0,2400.0,2700.0
367,0.008513821035435305,0.09227036921696642,0.043000579261053704,87.72141055251421,14.47303491622309,0.05859528306163195,0.07366978746211424,207.0,38.0,0.0,0.0,350.0,1200.0
368,0.19112818013078944,0.4371820903591425,0.2225381633902998,93.98077728165683,21.32844867685836,0.07958376371962075,0.16715506737110464,119.0,183.0,0.6072823358507788,0.6074381787659822,2000.0,1850.0
369,0.06801709360434419,0.2608008696387805,0.07529224085353224,49.456854564260006,11.486714568819433,0.04994223725573667,0.25055086853225894,25.0,55.0,0.9846910525805954,0.9940179637474728,0.0,0.0
370,0.2562545889432623,0.5062159508976997,0.2809924360357921,282.1943384349523,22.466750710899507,0.08259834820183642,0.17656820585739663,177.0,66.0,0.5410778447239539,0.6927546123358881,1850.0,1700.0
371,0.3009048002840729,0.5485479015401233,0.3325897267922345,421.8852106449582,39.39676461362427,0.13492042675898722,0.24962017562923594,217.0,88.0,0.0,0.0,2950.0,2350.0
372,0.10540315116721496,0.32465851470000745,0.1621826928397326,815.9696652867208,44.167750138838194,0.1384568969869536,0.20016006340416018,218.0,212.0,0.0,0.0,4250.0,5150.0
373,0.201472167148966,0.44885651064562493,0.22954880914945702,187.26717450275524,23.347573450495073,0.08979835942498104,0.17409364077694442,198.0,180.0,0.741592500199237,0.7596606223934236,1250.0,1100.0
374,0.029592863577114333,0.1720257642828955,0.08980056717450385,69.86361236860414,25.295941426877786,0.1104626263182436,0.1938770496077741,221.0,56.0,0.8519885514637747,0.8765182577436313,-250.0,450.0
375,0.033921393741814174,0.18417761465990967,0.07499812319329466,95.11040487152572,7.710266902260831,0.02898596579797305,0.09726594792865305,86.0,54.0,0.0,0.0,2050.0,2100.0
376,0.13215461241941,0.36353075856027645,0.18507038143977517,215.10111697445134,20.77167230713329,0.07838366908352185,0.1721051082701302,174.0,88.0,0.4686010302021556,0.6042014706707242,1800.0,1800.0
377,0.2244560393036063,0.4737679171320134,0.2753701967358533,350.47551004911054,38.17730250566592,0.11710828989468074,0.24673713419333085,218.0,132.0,0.0,0.0,4000.0,4100.0
378,0.01206479666046963,0.10983986826498669,0.055326435762841734,506.9302618712694,16.71196736598597,0.05684342641491826,0.11854862798690646,213.0,54.0,0.46900423404684255,0.5184158580621857,2300.0,2150.0
379,0.11068435959812804,0.3326925902362841,0.12579987931876643,98.93805074493949,9.04949616659524,0.03591069907379064,0.0890265777205775,77.0,66.0,0.8912934019737065,0.8917768352729589,450.0,350.0
380,0.060685421223615706,0.2463441114043843,0.09858880578553672,61.413524066597006,3.150251038387311,0.011932769084800421,0.016951346868363238,75.0,76.0,0.7418024402319814,0.7436928128071558,1350.0,1300.0
381,0.2423723035090314,0.4923132168742085,0.2336103398417607,137.19729601307338,10.593444512901632,0.039380834620452165,0.12683573578540172,83.0,174.0,0.6574127550191093,0.6944124017049034,1900.0,1600.0
382,0.22559365579923268,0.47496700495848415,0.23986222289585918,192.33640138951006,28.44155207798498,0.1128633018967658,0.20196311671301798,162.0,214.0,0.45075664274703325,0.7146299062600463,1750.0,1150.0
383,0.14616021859437298,0.38230906161687167,0.19750562934147345,167.61663937677025,22.38752155604377,0.07537886045805983,0.19592360567508135,110.0,115.0,0.47992932765324403,0.45118501889517715,2450.0,2750.0
384,0.22920107977405324,0.47874949584730975,0.23139968228716842,114.7898024662162,21.969273353150026,0.08228192267097388,0.15886767067889448,63.0,172.0,0.7722566722021825,0.6909449221629472,1100.0,1350.0
385,0.25221743711620526,0.5022125417750987,0.2524300607615717,89.11089662139103,30.37884412957325,0.1022856704699436,0.22606109640581523,162.0,162.0,0.5176642224035587,0.40385842768026287,2200.0,2550.0
386,0.1551856018913642,0.393936037817517,0.1767578930669341,76.08113098601711,19.705205871787967,0.07578925335303065,0.1269321239280183,159.0,197.0,0.6738303365815362,0.7151641345179127,800.0,800.0
387,0.19679088672404801,0.4436111886822153,0.24381172053767225,280.0857316492406,33.96997541426235,0.1353385474671807,0.18686232080812684,215.0,47.0,0.5158901987037356,0.9345158144408152,1400.0,0.0
388,0.052757355228102674,0.2296896933432205,0.10195845951862864,131.0025358369289,23.713294410082042,0.09880539337534185,0.17145833467632532,213.0,60.0,0.7823784563746004,0.7548085348066804,900.0,1050.0
389,0.030282854851828495,0.17401969673525033,0.07571307971347335,43.457867869348625,15.344637768485015,0.05641410944295961,0.08212209934074101,80.0,209.0,0.5425121387128793,0.5078609429622005,2200.0,2350.0
390,0.059196474088039006,0.24330325539959183,0.0905167634819484,129.88835893746804,6.93381857426902,0.02729849832389378,0.06704103845183436,68.0,99.0,0.8221358437107472,0.7919280599683607,850.0,1050.0
391,0.09085497631264486,0.301421592313233,0.09087203915145274,28.965328396715044,1.4775552091511015,0.00577170003574649,0.008090105438495804,46.0,53.0,0.6536518107510358,0.7260329395093528,1400.0,1150.0
392,0.14309466493887635,0.37827855469068866,0.1744027442032426,295.3045482585743,11.42652227127752,0.04125098292879971,0.13175600923450886,93.0,184.0,0.0,0.0,2600.0,2050.0
393,0.1949412809911173,0.4415215521252811,0.21571034646328707,128.65820307886577,31.245573750387287,0.10700538955612085,0.16060393149070223,141.0,218.0,0.0,0.0,2700.0,3100.0
394,0.28925877853336623,0.5378278335428227,0.2807757654587405,105.09705289278564,36.43749534885954,0.13396137995904245,0.17471307696908425,205.0,218.0,0.4316698575691061,0.21276858093423975,1600.0,1950.0
395,0.3189176431537805,0.5647279372881959,0.3280671187159131,845.2787663816944,35.17251372746327,0.1127324157931515,0.23249019272866128,212.0,180.0,0.0,0.0,3300.0,3650.0
396,0.06694144724072729,0.25873045286693114,0.11244418885038814,247.54264162810523,27.679791834362568,0.11982593867689423,0.20656243253097265,212.0,55.0,0.9691520237639644,0.9649615196085921,0.0,0.0
397,0.08185768203098283,0.2861078153965439,0.10710175187604183,318.2567188607479,10.951124343755238,0.042611378769475634,0.13342984446788847,114.0,64.0,0.7983662940843933,0.6620236335997548,1050.0,0.0
398,0.1380768604270548,0.37158694867696146,0.1445150203816512,117.29974189379611,1.7899038754566872,0.0068057181576299895,0.024087464488226865,76.0,76.0,0.8129207846439394,0.8095222196027229,950.0,950.0
399,0.2867158977264849,0.5354585863785218,0.301069317201934,465.05360818973855,17.575724882752514,0.06254706363968866,0.15796111171387744,152.0,167.0,0.0,0.0,1900.0,2000.0
400,0.36033364322092437,0.600277971627249,0.37417952033837415,329.9507140244623,42.06191693129147,0.13103400913174912,0.23730279291655856,131.0,217.0,0.0,0.0,3950.0,4000.0
401,0.09079223101583206,0.3013174920508799,0.13325049836601394,57.012379417329754,18.90558037695468,0.06387020397619825,0.2215612967855836,90.0,94.0,0.0,0.0,2900.0,2800.0
402,0.20185601581997437,0.4492838922329337,0.22069311744345405,202.25778942816194,10.144148069951713,0.037851298768476545,0.09625462727867135,150.0,78.0,0.0,0.0,1450.0,1550.0
403,0.045318702970557956,0.21288189911441027,0.08615077289568827,786.2863415197403,16.68109277996602,0.07480310663661892,0.16108733701572156,44.0,34.0,0.0,0.0,-50.0,750.0
404,0.08965999447647731,0.29943278791154004,0.12419611844486922,71.5245966517646,9.659019451567703,0.03551110092488126,0.10264485461420664,101.0,101.0,0.0,0.0,1650.0,1750.0
405,0.31998193459096547,0.5656694570073282,0.2720703043052159,84.56503979022584,2.9726776343691377,0.010504161252187765,0.014352613209898729,89.0,113.0,0.0,0.0,1750.0,1850.0
406,0.12344331037052199,0.3513450019148159,0.15861794220329764,101.32206123254468,10.433212262527071,0.04241143196149216,0.12337579193096888,104.0,121.0,0.0,0.0,150.0,200.0
407,0.1772344899425833,0.42099226826936303,0.18685520691992058,79.23116580877813,20.520040638229815,0.08658244995033677,0.200394619970054,152.0,164.0,0.0,0.0,50.0,50.0
408,0.21923387145534817,0.4682241679530737,0.23619776336926734,149.22728345530857,24.59864761379932,0.10335566224285428,0.22996686228482197,120.0,101.0,0.8324339644231088,0.9116465854604797,650.0,350.0
409,0.08180305207964696,0.28601232854484954,0.1237755209915999,132.92766378726503,16.08407911207138,0.06758016433643436,0.1056610206662585,77.0,113.0,0.0,0.0,50.0,200.0
410,0.20754989520053702,0.45557644276294296,0.227330276490691,129.99482182068107,19.072134236078043,0.07363758392308124,0.11547218011776188,195.0,87.0,0.7021658608065465,0.699245546578137,1100.0,1050.0
411,0.2136361610952012,0.46220791976685255,0.23600124335589803,194.5353002697432,20.70304286516624,0.0866236103145031,0.1720360582940525,111.0,32.0,0.0,0.0,600.0,900.0
412,0.06949882908947011,0.26362630576152696,0.10953682619137553,107.50959157580944,9.513951552680632,0.0323603794308865,0.10880535478368396,88.0,86.0,0.0,0.0,3050.0,3350.0
413,0.2021583598309351,0.4496202395699454,0.23318077223523845,2158.362268633176,18.41659195768656,0.0677080586679653,0.1865443883284493,174.0,126.0,0.4905008880132736,0.38055076533560417,2250.0,2000.0
414,0.25495590051664474,0.504931580035003,0.2760829065127968,630.4655472846282,30.94236566226946,0.10279855701750651,0.250287662245852,198.0,177.0,0.0,0.0,3100.0,3150.0
415,0.0350341240250883,0.18717404741333213,0.053520761526985226,396.00943460689876,8.618263769060194,0.03864692273121163,0.16752542608403795,45.0,54.0,0.997765883185068,0.8683994072739736,0.0,500.0
416,0.10370809392410255,0.32203741075238845,0.13253199895101636,77.39021071329262,1.5526939434654226,0.005949018940480546,0.01334794034367488,60.0,60.0,0.6888725461589917,0.5888792080064104,1250.0,1350.0
417,0.12060141331759207,0.3472771419451503,0.15268505008351052,58.66338659366076,9.683928261144203,0.03586640096720075,0.10206495541395463,71.0,166.0,0.234795245922291,0.6122925137231049,2350.0,1950.0
418,0.062108646792177515,0.24921606447453887,0.08948703294569435,66.39474477448917,16.30032147448612,0.06626146940848016,0.1762880342060228,55.0,88.0,0.0,0.0,500.0,300.0
419,0.1556916254935465,0.39457778129735904,0.1639263144826428,228.45613839863725,3.418674200641591,0.012341784117839679,0.05539556056171776,84.0,82.0,0.0,0.0,2000.0,2000.0
420,0.18582824525083175,0.43107800367315396,0.21749609947256404,12145.331616750653,15.54774335381644,0.05911689488143133,0.1608328517255333,185.0,114.0,0.665281186987692,0.6076718922482828,1600.0,1250.0
421,0.3081272432131871,0.5550921033605027,0.29972342232253163,329.1320016039269,24.388922049246805,0.0871032930330243,0.24960963361863492,162.0,129.0,0.0,0.0,1800.0,1800.0
422,0.02163253427428139,0.1470800267686996,0.0738383827862453,149.03319929737216,23.59936135594808,0.0890541937960305,0.12200947795185209,205.0,67.0,0.5707547429586759,0.5431610211547631,1450.0,1500.0
423,0.3513491762506148,0.5927471436039273,0.29466081397805133,101.76265051082551,12.032555705664725,0.04359621632487219,0.12203745303587298,90.0,71.0,0.0,0.0,2150.0,2400.0
424,0.14794158160513843,0.3846317480462818,0.14299411696913072,149.94184748689236,1.7850625319427773,0.006736085026199159,0.028422880891559872,82.0,68.0,0.7207681376611824,0.7541956939985799,1400.0,1250.0
425,0.09810414115366822,0.3132158060406087,0.12553495627604774,129.37505945604642,0.9665949302919782,0.0038819073505701935,0.0107017288152839,41.0,43.0,0.0,0.0,500.0,500.0
426,0.11809141844606175,0.34364431967669967,0.15342214121400444,88.14348320866037,0.6061273190413137,0.002444061770327878,0.005684834984153078,46.0,48.0,0.8531451738755657,0.8861000789700384,0.0,0.0
427,0.13861958644936112,0.37231651380157865,0.1501890273703904,76.25802755701822,1.167247727762004,0.00409560606232282,0.00808641941647277,76.0,104.0,0.5784156062613787,0.542500913830604,2750.0,2750.0
428,0.09426755247968073,0.30703021427814026,0.08588564161038519,50.658236155712274,2.3875896057081936,0.009043900021621946,0.012245848142747724,41.0,45.0,0.0,0.0,1800.0,1750.0
429,0.038727830617043164,0.19679387850500626,0.06867701042099783,28.153404052480376,2.840421505964034,0.010759172371075886,0.01772000531043068,41.0,75.0,0.0,0.0,1500.0,1600.0
430,0.12286963437632344,0.35052765137193304,0.14483430993953056,87.52575401620017,6.676373388086443,0.024455580176140815,0.054605805066607054,70.0,144.0,0.26270161590257207,0.5386711225855529,1750.0,1600.0
431,0.20836403768088477,0.4564690982759783,0.22548453462453197,181.90975876451725,21.670412976697072,0.08465005069022294,0.1654430038163492,155.0,188.0,0.7082169534185676,0.7215105477693271,1300.0,1300.0
432,0.04607607289671337,0.21465337848893357,0.09465770007327669,126.09698750517705,26.02546734435316,0.10451994917410908,0.24194102423174904,80.0,221.0,0.7410143632522876,0.26662489348594387,1200.0,-850.0
433,0.1804871910602668,0.4248378408996388,0.21433750591275685,93.95200678444128,20.942749492331497,0.07533363126737949,0.1545114790742815,107.0,202.0,0.6543489369508698,0.5874015782128316,1950.0,2200.0
434,0.04865824084065496,0.2205861302091656,0.10119628011936548,105.02409433415845,20.569566506629076,0.09307496156845736,0.22087047233326756,38.0,211.0,0.9840908807576826,0.995466192224685,0.0,0.0
435,0.20170745644575166,0.44911853273467983,0.2309309881619552,148.63446543762478,16.0251700101135,0.05891606621365257,0.13783946086964027,131.0,162.0,0.0,0.0,650.0,750.0
436,0.05211607746494188,0.22828945982007554,0.08601903745512195,83.16636296642828,12.677768835791802,0.05326793628483951,0.19387156992651314,52.0,57.0,0.0,0.0,50.0,50.0
437,0.026174844619270672,0.16178641667108729,0.04453814715004712,45.23456715826584,2.3037809835641982,0.008964128340716724,0.0343358815804708,68.0,66.0,0.7045411762605902,0.7057559129104363,750.0,750.0
438,0.09455953689207423,0.3075053444935132,0.1089031371103332,133.14708780756217,3.855312430932402,0.014714932942490083,0.027804762210547684,73.0,46.0,0.0,0.0,1550.0,1700.0
439,0.03326193429254275,0.18237854668941395,0.07519808927993658,18.43684484164721,3.5824891598944455,0.013268478369979428,0.025456667086319294,48.0,71.0,0.57127303910699,0.6497619386368152,2000.0,1700.0
440,0.12667232236659123,0.3559105538848086,0.12039206295204145,58.11230137188511,3.499653646859948,0.013512176242702503,0.02062079639915654,11.0,66.0,-0.27553501286205223,0.7581753915024424,1800.0,1200.0
441,0.10910256765722663,0.33030677809761433,0.0997682094528001,191.64769369235844,0.9677090265194709,0.003225696755064903,0.0158082458678139,53.0,45.0,0.0,0.0,1650.0,1450.0
442,0.03959520426306426,0.19898543731405136,0.07983193763999497,60.85990470841766,0.5929405916832975,0.002316174186262881,0.00528349502692958,59.0,63.0,0.0,0.0,1450.0,1250.0
443,0.1975422047414917,0.44445720237329006,0.2209538241799579,125.61465446452812,15.868340708371514,0.06450545003403055,0.15405607404247565,166.0,161.0,0.8608804046597844,0.8603633700969087,450.0,400.0
444,0.04661865180026187,0.21591352852533782,0.08178605212434324,51.288047955577554,14.910870018857214,0.06345051071854134,0.1859004511486635,64.0,92.0,0.9574799679198157,0.9185911827240637,0.0,250.0
445,0.16709051827015928,0.40876707092200965,0.20845807184432064,105.11201738868246,16.05059359570186,0.059227282640966265,0.26532246891570754,148.0,163.0,0.7129951008848474,0.7115240030522314,1550.0,1500.0
446,0.21440354587545069,0.4630373050580813,0.23148225218058452,130.62665810256857,19.138146249286887,0.07276861691744063,0.1952110803928868,200.0,72.0,0.6679116131552739,0.6578868619460392,1450.0,1550.0
447,0.37761692179405504,0.6145054286123557,0.3231233373906476,153.37433539679617,23.7852774245907,0.09788180010119629,0.18354640509653491,177.0,155.0,-0.782202486316997,0.7748529560963653,6500.0,800.0
448,0.2280973878321019,0.47759542275036715,0.1990886159199906,60.7750304806681,10.202945478845546,0.037237027295056735,0.1097424624794264,100.0,101.0,0.0,0.0,1650.0,1200.0
449,0.16758660410178877,0.4093734286709248,0.1852404208864404,122.27897384758795,7.931359200587124,0.02832628285923973,0.13584602694648942,135.0,153.0,0.0,0.0,1450.0,1650.0
450,0.03622252677374798,0.19032216574468666,0.06030132739451437,60.87026714858161,11.66321768547318,0.04665287074189272,0.21851117819931343,72.0,76.0,0.8685450900046617,0.8392136577697613,-450.0,-550.0
451,0.09729105006462525,0.31191513279195876,0.09924160860376853,114.93884798511746,1.7868864462442346,0.0070349860088355694,0.015059597167524757,57.0,53.0,0.0,0.0,650.0,850.0
452,0.03965064851367578,0.1991247059349386,0.08546128396795082,32.248672440463,1.452451013337127,0.005150535508287684,0.00959354274432115,71.0,75.0,0.0,0.0,2650.0,2500.0
453,0.13582266711898297,0.36854126922094216,0.16765921966639857,211.12051466315344,4.7833031845407135,0.015838752266691104,0.028317112371306075,140.0,73.0,0.0,0.0,3400.0,3350.0
454,0.06316029082038457,0.2513171120723469,0.09023193793628347,90.18016408126658,4.265019957261982,0.015855092777925586,0.030382094848253483,72.0,49.0,0.7662783807830249,0.7585994281456441,1200.0,1300.0
455,0.21485943750731393,0.4635293275590164,0.24118774743684313,459.516045106828,16.75511979751599,0.06070695578810142,0.1782726149437006,184.0,122.0,0.5950958610616259,0.5411685905212072,2100.0,2000.0
456,0.29247031027220477,0.5408052424599865,0.2502389001180338,109.50231009660534,22.752788250313543,0.08684270324547154,0.24093365976046538,80.0,115.0,0.0,0.0,2200.0,1800.0
457,0.03652990617095793,0.19112798374638373,0.09736701572113542,89.48142032010887,22.297930017813474,0.07963546434933384,0.11039324023769574,192.0,185.0,0.7076532213953609,0.7390521815980301,1450.0,1200.0
458,0.22356205982141475,0.4728234975351952,0.25977991718990423,333.2040202499011,30.81039682748057,0.12226347947412924,0.1650760510848001,201.0,166.0,0.7759455689978495,0.6441970865923418,950.0,1200.0
459,0.4808198897667642,0.6934117750419041,0.43854329337120374,218.47023815982283,43.76878671992816,0.14836876854212935,0.23842997719941078,217.0,216.0,0.0,0.0,2900.0,2500.0
460,0.2358572573608617,0.48565137430142385,0.23967815653513858,94.39687726433397,41.757226931326784,0.15698205613280747,0.24361120854580948,90.0,218.0,0.0,0.0,6750.0,1550.0
461,0.2548682289569193,0.5048447572837805,0.2877719777805343,851.5581834945904,34.61475064652325,0.12231360652481713,0.23792743537366418,171.0,204.0,0.19185541513846152,0.144280041880705,2300.0,2500.0
462,0.04474930382575312,0.21154031253109445,0.08504052329406014,181.74349439166798,14.426249784134795,0.06218211113851205,0.16940477077565108,66.0,50.0,0.0,0.0,300.0,2150.0
463,0.1395020337025749,0.37349971044510183,0.17366931447463566,124.52164733896322,10.940594444078876,0.039213600157988804,0.07725030819966798,127.0,64.0,0.7202072793079919,0.5730375969434156,1250.0,1550.0
464,0.23753557813649226,0.4873762182713599,0.24266449868618326,115.30981738421573,26.674880206623882,0.10104121290387834,0.18334174512868123,209.0,87.0,0.7017479151811054,0.7446084221382384,800.0,750.0
465,0.04219738234295387,0.20542001446537256,0.09043051821779145,164.2948223578294,26.869174343398544,0.11102964604710143,0.26881865284731726,75.0,182.0,0.0,0.0,-400.0,-400.0
466,0.20733757901678815,0.45534336386598206,0.22490021868958704,167.97059905682673,21.983707542497605,0.0862106178137161,0.1454086699911906,160.0,173.0,0.6137886695670167,0.6422506784739855,1400.0,1650.0
467,0.17151584616937043,0.4141447164571467,0.21645315445985325,113.81774953078757,29.815757146138427,0.1028129556763394,0.19254753019751208,218.0,210.0,-0.4453599003167234,-0.06558462488888388,3050.0,2700.0
468,0.3634006922737768,0.6028272491135224,0.29339560855903113,386.27371712914095,10.119454650220415,0.04080425262185652,0.1406736810787474,70.0,65.0,0.08983960054580123,0.6885284762117525,2500.0,750.0
469,0.16179745312640062,0.40224054137592924,0.17907296508501203,85.18193234593204,16.35178943668956,0.06540715774675825,0.14062693615498065,99.0,132.0,0.6802568124150159,0.8583365863492031,1050.0,700.0
470,0.34278320038533994,0.5854768999587772,0.2969529609933224,143.74929501174364,39.764050391489825,0.13433800807935753,0.22176240898760133,196.0,162.0,0.45798591855225357,0.409805095336597,2200.0,2350.0
471,0.11824425832165303,0.34386662868276857,0.17679782759817392,677.3332970610654,25.049977097742058,0.08820414471035935,0.2846123719840074,197.0,168.0,0.0,0.0,2650.0,2700.0
472,0.1922566365045383,0.4384707932172202,0.23509039401768664,157.53701973922688,37.44154066786763,0.13277142080804125,0.3001857302595283,191.0,180.0,0.7983102704805219,0.5375906339991312,500.0,1950.0
473,0.17350068555940074,0.4165341349270198,0.18523937561832976,84.58648864678116,32.23556172504628,0.1115417360728245,0.21472035952540483,120.0,198.0,0.00796642486490152,0.4043565117135132,8400.0,2350.0
474,0.18902696861858664,0.4347723181374208,0.21688011802188673,1414.9655227570295,13.974316182504866,0.050631580371394445,0.12448465509580887,189.0,150.0,0.0,0.0,1950.0,1650.0
475,0.14938951366214348,0.38650939660264855,0.19148686334247264,159.31057261448126,23.12327777426299,0.08927906476549417,0.17793709592428744,114.0,200.0,0.7392487984861462,0.695631089549753,1250.0,1450.0
476,0.18258783952338317,0.4273029832839728,0.18060158251074393,104.94919946132701,25.34116782059048,0.11262741253595769,0.19499961640582433,12.0,182.0,0.9966512235528653,0.951534806592889,0.0,0.0
477,0.11193797438106563,0.3345713292872921,0.14922202958255892,188.6107626617388,25.542687596976524,0.09749117403426154,0.21522877780569055,149.0,193.0,0.6531076550309723,0.02187318091435172,1250.0,2200.0
478,0.10260815449748863,0.32032507628577667,0.12124274561995421,50.65485500260055,12.440369254502055,0.04556911814835918,0.11448485285574372,83.0,98.0,0.0,0.0,2500.0,2450.0
479,0.3006618460368462,0.5483264046504109,0.31492858357622544,527.155339200164,22.68059038332324,0.08071384478050975,0.1575216840539404,177.0,39.0,0.0,0.0,2650.0,450.0
480,0.17906487181566666,0.42316057450531314,0.2270799579737959,445.14025350907156,32.76591403087365,0.1406262404758526,0.23073083582455897,203.0,147.0,0.9018964519111398,0.582183111080093,300.0,1000.0
481,0.31150846279994343,0.5581294319420392,0.285812944710736,478.57991839475994,30.134680422857997,0.10284873864456655,0.2402079698634263,206.0,68.0,0.0,0.0,2200.0,6300.0
482,0.16377586263165977,0.4046923061186854,0.205998571752285,844.4546907561835,28.653326685052537,0.11938886118771891,0.24165855569384265,189.0,48.0,0.9064756763109483,0.47042536266966267,350.0,800.0
483,0.048941949499308045,0.22122827463800382,0.12362390236232014,102.10680772297933,20.02140581496349,0.08519747155303613,0.2429435163232909,65.0,27.0,0.0,0.0,8750.0,600.0
484,0.2312754634956163,0.480911076495038,0.23419887895890013,108.63716940407495,22.429125075133094,0.09192264375054547,0.18993813693376005,89.0,160.0,0.6306991514204996,0.6534934151317071,750.0,1000.0
485,0.30217944693207216,0.5497085108783311,0.3017912765470082,115.43040786529761,26.969559192656135,0.08427987247705042,0.20135540565311696,125.0,206.0,0.0,0.0,4050.0,3800.0
486,0.15736595312185267,0.3966937775184439,0.18476281899953584,201.79983540282396,26.552926353764647,0.10837929123985571,0.19485688368339615,127.0,192.0,-0.19963440662564746,0.849139398743756,2100.0,700.0
487,0.0478650746573047,0.21878088275099516,0.09539688479175688,143.04489354126383,14.238750070506601,0.06033368673943475,0.1366064350409448,69.0,56.0,0.8713736346638329,0.9226039163017764,500.0,300.0
488,0.2560267020890701,0.5059908122575647,0.2579562594678798,106.85438146420832,26.424440836828243,0.10242031332103971,0.1913111657606667,82.0,166.0,0.7104462532243317,0.6846963058789212,1350.0,1350.0
489,0.09198049238367349,0.30328285870400506,0.14754351805471766,70.86208498160059,22.457590739146823,0.08049315677113557,0.23619229923348758,97.0,111.0,0.6058758737306696,0.5686936466386089,2000.0,2300.0
490,0.07559414809480014,0.2749438999046899,0.11722654394987413,116.6756917260783,6.268058243435443,0.023832921077701304,0.1004248344150337,70.0,85.0,0.0,0.0,1450.0,1650.0
491,0.1554775264488494,0.39430638651795813,0.2012049129308557,129.04027794580847,2.4177189704582656,0.008665659392323532,0.01710651384952994,112.0,110.0,0.5027679072260445,0.5591782478286991,2150.0,2050.0
492,0.04231335091511538,0.2057020926366948,0.06429627948882272,340.1083435994374,2.2461710795610172,0.008706089455662858,0.022578324463321194,73.0,71.0,0.0,0.0,600.0,600.0
493,0.04873769941243241,0.2207661645552425,0.08028080404400455,59.289132226310755,1.6194431162931984,0.006065330023570031,0.01060191513434234,50.0,72.0,0.7246375351714229,0.6585754423490333,1800.0,1800.0
494,0.1512316213614094,0.38888510046208946,0.17709343675062916,123.01974824208652,10.811524171894087,0.04049259989473441,0.1916381045272798,49.0,130.0,0.0,0.0,1100.0,950.0
495,0.09469154115268953,0.3077199069814781,0.13347790406488752,37.693637540656546,22.139472226079278,0.07556133865556068,0.170391982303404,89.0,216.0,0.40001821142966276,0.49766936452196137,2850.0,2650.0
496,0.18826424999794683,0.43389428435731536,0.21198792591273335,108.64462747546779,8.436659096801876,0.02981151624311617,0.0686093416740564,115.0,119.0,0.0,0.0,1800.0,1950.0
497,0.2320514375186281,0.4817171758600975,0.21510791976417296,63.329733828554836,19.2139436390738,0.0730568199204327,0.18074629138547235,149.0,178.0,0.634260325386204,0.6771676372141773,1150.0,1250.0
498,0.10966795097240202,0.33116151795219506,0.15306408278253208,204.16536407899505,28.811294405243594,0.11478603348702626,0.2763306964275753,92.0,144.0,0.0,0.0,650.0,200.0
499,0.2152242783463877,0.46392270729765717,0.2180599916794462,205.7450685697321,22.80435180622573,0.08115427689048302,0.16767138768006806,196.0,96.0,0.5887577954188701,0.48864875185713347,1950.0,2900.0
500,0.1753742181427839,0.4187770506400558,0.19823496276279776,84.35782455313351,29.97722257486197,0.1338268864949195,0.2538517042096535,166.0,153.0,0.9843645896906628,0.9770666718309018,0.0,0.0
501,0.022740468162145148,0.15079943024476303,0.04368407389075082,28.838343043673465,12.419718204637531,0.05471241499840322,0.2499592305010466,55.0,60.0,0.0,0.0,50.0,50.0
502,0.11752530827372117,0.3428196439437524,0.13787392754502034,64.17743992826281,7.530540394688338,0.027584397050140434,0.04469893951690027,79.0,77.0,0.0,0.0,1400.0,1150.0
503,0.26404087850894564,0.5138490814518847,0.2599905166842381,252.36193623345343,24.399465061324396,0.09104278007956863,0.13448648260660764,71.0,194.0,0.5859444494186399,0.3816580810990109,1800.0,1900.0
504,0.04698753931484197,0.2167660935544163,0.10186699592072315,91.256676608586,16.563890380104883,0.07233139903975931,0.13980423099653688,38.0,51.0,0.9153736061948247,0.9519185147320609,300.0,150.0
505,0.016518864325266013,0.12852573409736281,0.044903333944610276,53.948436130239465,7.311262844799737,0.029480898567740874,0.07109874025379573,49.0,61.0,0.8365948090066383,0.8150080026525691,650.0,800.0
506,0.03504107921377573,0.18719262595993394,0.06715467587009763,39.578132902854854,1.7644394597922672,0.006760304443648534,0.02175860911856925,55.0,72.0,0.7211739644804833,0.7151433748473286,1300.0,1400.0
507,0.3104727411921989,0.5572008086787015,0.30699699304383743,181.2570444463708,19.851527448647104,0.07140837211743563,0.1543960412789345,174.0,183.0,0.5160720292357522,0.5789313718363921,2100.0,2050.0
508,0.09091101870284843,0.30151454144509915,0.13270387252630472,1568.3201733990445,27.880131725054508,0.10065029503629785,0.2305785917617283,215.0,83.0,0.4277000235858917,0.3522320871630973,2350.0,2650.0
509,0.25869452803573434,0.5086202198455487,0.2565369892789834,158.9020727492499,20.28624096610146,0.07713399606882684,0.13004574167723262,72.0,184.0,0.0,0.0,1550.0,1600.0
510,0.26779510304529375,0.5174892298833801,0.2591509099895741,140.23316903765385,31.2440217554991,0.10736777235566701,0.17579368686521674,183.0,216.0,0.15197080153521839,-0.2745753048986856,3050.0,3450.0
511,0.04990176639083446,0.2233870327275835,0.09339509810540214,162.4636690183063,21.619675341085934,0.0825178448133051,0.12521330346380777,212.0,221.0,0.5587697053652474,0.6639193494036808,1950.0,650.0
512,0.08204937348752324,0.2864426181410916,0.10970512176520895,319.55195602186444,5.985821776024121,0.023566227464661894,0.08610699552671222,72.0,41.0,0.0,0.0,1000.0,1300.0
513,0.16759940621237765,0.40938906459794167,0.21240629166517108,90.31659629759574,14.456631345714051,0.05072502226566334,0.16283635428070553,154.0,178.0,0.5587777364186148,0.5506242530348645,2500.0,2450.0
514,0.2531068445828573,0.503097251615289,0.23504724697072324,132.80483745517998,27.433561537273764,0.12247125686282931,0.2522168724234554,167.0,168.0,0.9843475389807882,0.9945760319140023,0.0,0.0
515,0.47670580018213177,0.6904388460842363,0.42168572034883073,190.7710618905259,23.417668756680932,0.06990348882591323,0.2281516974762889,208.0,207.0,0.0,0.0,3900.0,3850.0
516,0.1843665353237328,0.42937924416968826,0.1949319376127991,131.9736334415647,6.684023437294999,0.023702210770549643,0.05157958146064779,96.0,96.0,0.5242618253630339,0.38641702288585716,2050.0,2100.0
517,0.015443922935740293,0.12427358100473444,0.03986957449049844,111.3240494510002,1.7772183035038875,0.006631411580238386,0.015056047073746096,50.0,41.0,0.0,0.0,1950.0,2050.0
518,0.12294754692881824,0.3506387698598349,0.14024502633554564,204.44685214968575,4.3182768548300725,0.014588773158209705,0.03495743430303707,117.0,110.0,0.0,0.0,2800.0,3000.0
519,0.14539380481363207,0.38130539573107547,0.15646044031897974,109.42213737463398,5.720734288937248,0.0204311938890616,0.04143484766381868,86.0,88.0,0.3305887876804834,0.03595337394244654,2150.0,2150.0
520,0.10712021180464046,0.32729224220051484,0.13826168481567527,73.90776440663325,4.819370230595503,0.01832460163724526,0.040838145317326206,75.0,73.0,0.0,0.0,1600.0,1600.0
521,0.13540074539596353,0.36796840271409653,0.18692930016375817,202.8600219786657,15.529554101866218,0.056677204751336564,0.12895772374972686,189.0,115.0,0.5987989333525567,0.4325167957237698,1800.0,2500.0
522,0.05830266579361601,0.24145944958443025,0.10669913050546592,106.2315309005658,23.940235287472966,0.10832685650440256,0.14579844746440604,52.0,177.0,0.0,0.0,50.0,50.0
523,0.2203262190395183,0.4693891978300292,0.20496893093018057,82.44581225803371,28.01414088657124,0.11770647431332454,0.15919890523431138,120.0,186.0,0.0,0.0,0.0,150.0
524,0.2529049538058689,0.502896563724459,0.2179358672804678,102.47907879016786,19.2411574749153,0.062068249919081615,0.24762839269112275,133.0,137.0,0.0,0.0,2850.0,3000.0
525,0.15951152846508762,0.39938894384432777,0.19008095884431542,153.42903715686498,3.902242406352031,0.014725443042837853,0.06176014604125294,81.0,81.0,0.0,0.0,1500.0,1400.0
526,0.17589892504587232,0.4194030579834538,0.21350692570524868,3413.2598206497332,19.310301317135,0.07455714794260618,0.1343691145873987,191.0,70.0,0.7155695214869557,0.6499328339452055,850.0,950.0
527,0.21665933368779033,0.4654667911761164,0.23485610927633513,165.1223893065209,22.218853839685305,0.09875046150971246,0.2144731023169449,103.0,70.0,0.9584471755518637,-0.5406060032297523,50.0,-2650.0
528,0.03161449934569077,0.17780466626523267,0.0733885271373963,102.06580793611396,15.78931636119932,0.071123046672069,0.08024548355645089,15.0,169.0,0.0,0.0,-50.0,-50.0
529,0.01784379019726159,0.13358065053465487,0.06715686584222659,19.11324846183504,13.296863926463361,0.049800988488626824,0.10183397975566354,36.0,76.0,0.5837022855025776,0.5544984147874226,1400.0,1800.0
530,0.23751979729956307,0.4873600284179685,0.22387087714766057,166.42843433662154,22.86636225221102,0.08564180618805625,0.13969051981343897,55.0,168.0,0.874111892668662,0.5969445895756177,250.0,1850.0
531,0.21711864788505117,0.46595992089991084,0.22225049485586726,107.08585621186946,30.55521455122462,0.09824827829975762,0.21781993609584216,85.0,209.0,0.17741357250868564,0.4051682120219985,2750.0,3200.0
532,0.2043435868406594,0.4520437886318751,0.24728906738150155,327.3776329289378,32.20580202148908,0.12729566016398844,0.1716617955901008,205.0,67.0,0.0,0.0,1400.0,-50.0
533,0.06013775641321263,0.24523000716309706,0.1382215766963451,82.86878946101423,27.757116032146527,0.09842948947569691,0.22862918646722719,95.0,193.0,0.0,0.0,2750.0,2500.0
534,0.06070763521955349,0.24638919460794845,0.07217157302828585,64.89690614182966,8.162141551155386,0.03317943719981865,0.10404509824090412,43.0,71.0,0.7541566490261822,0.8365552064088458,900.0,750.0
535,0.021610170776473918,0.14700398217896657,0.04862136249218932,39.934949964940266,3.6341923252554333,0.014140826168309079,0.01797162371558466,35.0,57.0,0.0,0.0,950.0,1200.0
536,0.11204898523138343,0.3347371883005882,0.1431475482486949,460.7953949435556,12.64793558145959,0.04599249302348942,0.09059850576657423,150.0,62.0,0.0,0.0,1650.0,1650.0
537,0.09867902151209408,0.31413217204242877,0.1312380866930703,211.5070022393383,10.769458824580552,0.04094851264099069,0.09048725221645731,108.0,81.0,0.0,0.0,1950.0,1950.0
538,0.18641094080230358,0.4317533332845313,0.21542106818487075,857.3299810778291,12.6682082488756,0.04691928981065037,0.13874613236138203,166.0,52.0,0.0,0.0,1600.0,1600.0
539,0.05324721437716578,0.23075357933771207,0.09348647897459825,157.905512123671,23.757388557563203,0.10152730152804788,0.2168504154919887,142.0,30.0,0.9669540576013145,0.9199952916160272,0.0,300.0
540,0.2054530617684964,0.4532693038012793,0.22360009665959688,154.00490329168915,10.14590566479412,0.03585125676605696,0.09635343747306964,124.0,99.0,0.0,0.0,2150.0,2200.0
541,0.09995227724712516,0.31615230071458467,0.13001865161278295,73.71571163394987,6.350512882250628,0.0244250495471178,0.038855454148099045,66.0,66.0,0.5084704032605308,0.5651212667517395,1400.0,1400.0
542,0.252879346277698,0.5028711030450029,0.24678125548988789,98.37197729959153,26.386957722144736,0.09595257353507176,0.16523256102328324,64.0,202.0,0.5698814886380862,0.3873219780875289,2150.0,2050.0
543,0.31824643343413506,0.564133347209802,0.28723760178457314,107.18557443491092,32.066762066136704,0.09806349255699298,0.2526136598756432,117.0,210.0,0.0,0.0,4600.0,4200.0
544,0.0823372550701797,0.2869446899145891,0.11675698463895999,225.08091980806068,24.527406431617752,0.09656459225046359,0.22774710934963685,55.0,157.0,0.0,0.0,1050.0,300.0
545,0.05111061313605516,0.22607656476524754,0.058027400841517675,22.565153574565475,7.66961273895683,0.03209042987011226,0.0848277837014654,19.0,60.0,0.7029255837487332,0.8304987537547956,800.0,550.0
546,0.0308881664486258,0.17575029572841636,0.05979174218334189,49.16528598410883,5.660418399405431,0.021522503419792515,0.025471626772212014,34.0,64.0,0.6615115318058972,0.7121924406482152,1400.0,1300.0
547,0.06795178341440203,0.26067562873119154,0.09991467436426886,52.876513173557335,3.908532975832296,0.014161351361711217,0.02533154844058472,91.0,73.0,0.0,0.0,1850.0,1750.0
548,0.11344760835224174,0.33681984554393724,0.12381207562515552,78.1338860205491,2.888747007927579,0.01077890674599843,0.015231294902268032,83.0,71.0,0.0,0.0,1600.0,1600.0
549,0.02263814754067437,0.15045978712159064,0.06072954228264091,26.78986162989786,2.477440879229478,0.00967750343449015,0.014228340275193156,54.0,59.0,0.0,0.0,1300.0,1150.0
550,0.18035203870529115,0.4246787476496689,0.19930684169616802,183.37321418388302,12.82625557398466,0.05235206356728433,0.1328141303509004,133.0,37.0,0.0,0.0,300.0,350.0
551,0.06025011918732523,0.24545899695738438,0.08895843335866944,145.7451123094774,20.221191478688205,0.08460749572672889,0.21645880652224078,63.0,69.0,0.976858269466476,0.8643759314444496,0.0,-300.0
552,0.014832687513059639,0.12178952135984293,0.07074181715177233,59.16016273336686,27.87619198393009,0.10721612301511574,0.12839605203295895,52.0,217.0,0.6206222203308831,-0.02045369372895783,650.0,-450.0
553,0.10706049942094838,0.3272010076710467,0.12148618030008594,66.27257705242432,11.806201941117328,0.04308832825225302,0.15720765246483717,73.0,106.0,0.624622762546983,0.5980549166654439,2050.0,2050.0
554,0.1907287408971663,0.4367250174848772,0.22045590071118792,127.18098811747782,11.306871046094374,0.04234783163331226,0.1361147495898617,163.0,158.0,0.7206286786868756,0.7049602529329508,1500.0,1500.0
555,0.34407299614264764,0.586577357338866,0.3489282896744178,308.743011595484,32.11568133770899,0.11510996895236197,0.21165547513613622,218.0,88.0,0.0,0.0,2500.0,1850.0
556,0.16303603595746544,0.4037772107950936,0.19581184602682472,209.64498517940933,28.721706069462268,0.09089147490336161,0.19571157531342767,217.0,206.0,0.0,0.0,3650.0,3600.0
557,0.09618733824774148,0.31014083614987153,0.10792768200429106,62.19766292054783,9.707071769592451,0.03690901813533251,0.10357129206866328,74.0,84.0,0.0,0.0,1750.0,1700.0
558,0.06629387596324504,0.2574759716230721,0.11271061976214236,71.20255763211235,4.134150197963185,0.014660107084975834,0.026703603071322628,77.0,98.0,0.0,0.0,2250.0,2150.0
559,0.1946195555373682,0.4411570644763248,0.21248042494755126,494.5913317437929,23.28014813812958,0.09201639580288372,0.22907261869164997,155.0,123.0,0.6027665511881427,0.5747763399590778,1300.0,1200.0
560,0.2025552110382398,0.4500613414171893,0.2053179896791757,127.1543630111562,17.150225040823305,0.06725578447381689,0.1886430994730205,88.0,94.0,0.647882962509405,0.6222551842646983,1750.0,1500.0
561,0.19137130013092668,0.43746005546898414,0.22547496221170987,745.897854979637,22.537079994837974,0.08601938929327471,0.18605423455014328,201.0,70.0,0.0,0.0,1800.0,2200.0
562,0.0475168559120794,0.21798361386140794,0.08629890456046985,172.27520032999965,25.6277926151403,0.11289776482440661,0.20384992514354325,95.0,196.0,0.9842080542629146,0.9960868015830135,0.0,0.0
563,0.12549590839003402,0.35425401675920914,0.18529493656693719,78.7320918178421,24.543003842519674,0.09739287239095108,0.15015234912320918,183.0,60.0,0.6451353735312321,0.6721590402792715,1050.0,1150.0
564,0.36438384284109326,0.6036421479992043,0.3044577685602175,117.31575389923287,22.623814661974016,0.09426589442489174,0.20898743740849765,90.0,144.0,-0.5340514690480965,0.904875808960711,7350.0,350.0
565,0.242899851370417,0.4928487104278726,0.2636241120416859,265.8048764097376,27.06259664815966,0.11001055548032382,0.18382671353273236,168.0,179.0,0.7324913140708669,0.8388536349639432,1000.0,650.0
566,0.05617958396672108,0.23702232799194484,0.10090664045167264,230.25828384412503,23.146302592819858,0.08701617516097691,0.13837012909878135,78.0,177.0,0.574902095856565,0.2915057620260011,1950.0,1650.0
567,0.009816019945168083,0.09907582926813222,0.047314546605595344,36.128092648909664,9.048998516249398,0.03507363765988139,0.0902575262233977,49.0,21.0,0.0,0.0,400.0,-400.0
568,0.13742909419777583,0.3707143026614644,0.17676997622594384,480.6471930844716,17.244234951070563,0.06658005772614117,0.10270796874330446,133.0,138.0,0.0,0.0,1700.0,1250.0
569,0.20160126982599375,0.44900030047428,0.21385170709316345,152.72573856075576,27.02407196055384,0.1130714307972964,0.15856397483156223,81.0,204.0,0.0,0.0,850.0,650.0
570,0.05192314771143195,0.22786651292243876,0.10590450000482902,106.81824710543685,21.889635443577227,0.08720970296245907,0.19420871035499832,195.0,76.0,0.6890932245142831,0.6486442867303955,1250.0,1450.0
571,0.21314826419034727,0.46167982865872237,0.22910356764214024,150.71213895148225,15.616762068405516,0.05848974557455249,0.1731692579018454,172.0,81.0,0.7139576909742712,0.6868199358214885,1500.0,1700.0
572,0.028984800514026427,0.17024923058277364,0.05190799887490633,52.73911585300264,17.54501113986784,0.07371853420112537,0.25193466141479126,65.0,1.0,0.0,0.0,-100.0,50.0
573,0.08208571936182207,0.28650605466869644,0.08903227981312999,31.094022514630026,8.17919436997277,0.03258643175287956,0.040678407339152664,17.0,32.0,0.0,0.0,1500.0,1300.0
574,0.03014203264073274,0.1736146095256178,0.08394731398686071,55.85840183854881,8.502815863838892,0.0347053708728118,0.16968821485846486,48.0,32.0,0.86027354109393,0.931124261997675,300.0,0.0
575,0.09363172476026242,0.3059930142344142,0.1359732250704752,120.09054645751058,14.679536176628059,0.054168030172059255,0.09849932276482067,91.0,160.0,0.5957370484871689,0.5730617263592764,2200.0,1950.0
576,0.18918419167300238,0.4349530913477939,0.18325867312387487,42.458911629543614,13.137986758373392,0.048124493620415355,0.11283893701923653,78.0,173.0,0.0,0.0,2850.0,1300.0
577,0.1202461846746959,0.34676531642408515,0.11587583767039392,62.963006920878385,13.525289322736175,0.05855103602916093,0.15988485455218737,36.0,65.0,0.9724940034901834,0.9884051620025831,0.0,0.0
578,0.1732521858584484,0.41623573351941856,0.17443885101368725,141.6765467857489,1.7332144023777045,0.0061680227842622936,0.014779527412217596,101.0,87.0,0.0,0.0,2050.0,2150.0
579,0.030671316212780814,0.17513228204069292,0.05627148975335045,193.44302898791824,1.0204761132085525,0.00408190445283421,0.010973442514660134,52.0,23.0,0.8426223738078026,0.570021653096718,700.0,1150.0
580,0.2106130882314002,0.4589260160760122,0.2365051813263776,2541.0351020074027,12.441210905545102,0.04590852732673469,0.14182637099425255,175.0,119.0,0.6241659140618441,0.5156256499517677,2050.0,2100.0
581,0.14695298395212347,0.3833444716597899,0.19803429387143762,238.49679740495677,31.412952333299895,0.133105730225847,0.20795038904847468,178.0,170.0,0.9733162048625548,0.6974207668937984,0.0,-550.0
582,0.18430155512197002,0.42930356989194723,0.1916584737655047,192.35096382191585,15.687236923058142,0.05317707431545133,0.17182507316272894,122.0,126.0,0.0,0.0,2600.0,2850.0
583,0.1954256178462164,0.4420696979506924,0.21909916583186653,135.74933895040746,6.438132376542229,0.023075743285097594,0.051289081531622226,94.0,92.0,0.5655080431994723,0.49390683477042113,1950.0,2000.0
584,0.28286565931433993,0.5318511627460637,0.29062867916883334,323.52675622583934,26.506095103502606,0.09927376443259403,0.14680749595449233,215.0,158.0,0.0,0.0,1450.0,2000.0
585,0.18162334007483266,0.4261728992730916,0.22027372923771685,230.2817307038219,33.336770783628246,0.12346952142084536,0.27601050425052304,136.0,181.0,0.0,0.0,1700.0,1450.0
586,0.2124703106174437,0.4609450190830179,0.23681416067910166,136.90115815118747,18.795658318229087,0.06987233575549846,0.14587472452910805,205.0,131.0,0.0,0.0,1800.0,2000.0
587,0.18488680894901216,0.4299846612950422,0.2172588745149389,1460.6387406937783,28.44018133684338,0.12258698852087664,0.1887507386727762,189.0,44.0,0.9409010827392916,0.8392969942608405,0.0,600.0
588,0.04652142197969353,0.21568825183512785,0.11525353351693822,76.59288161069495,18.076250861730248,0.07378061576216428,0.2158692504068874,67.0,45.0,0.0,0.0,550.0,900.0
589,0.2786888146384187,0.5279098546517376,0.2522891038995751,104.40984552052272,14.335943801308138,0.05083668014648276,0.13610434795685064,108.0,196.0,0.0,0.0,2550.0,1900.0
590,0.0565027149762088,0.23770299740686654,0.1149565663870884,194.25811033932817,18.579333311303394,0.07314698154056454,0.15643709462236952,63.0,204.0,0.7241390116249526,0.7627455774028931,1350.0,1150.0
591,0.18155760058712417,0.4260957645730877,0.2038119734022772,119.78759045486942,13.569934214548299,0.05239356839593938,0.10685780834031748,67.0,168.0,0.0,0.0,1500.0,1400.0
592,0.04533170514855061,0.2129124354013889,0.12024127937695273,72.11936402379295,20.6627935174612,0.0868184601574,0.21446825390060822,193.0,59.0,0.0,0.0,-2000.0,-100.0
593,0.02516957673079248,0.1586492254339506,0.08362877921713531,53.856362120309264,13.76552846136103,0.04969504859697122,0.07134438433083254,71.0,61.0,0.3984954422542881,0.41466972198659946,2650.0,2500.0
594,0.04362376327361978,0.20886302514715185,0.08700123234278641,48.860921458078884,7.723989105512487,0.02818974126099448,0.07939511648176756,69.0,79.0,0.5410568737509074,0.5844471173574577,2300.0,2250.0
595,0.3272198056256141,0.5720312977675384,0.326826301453109,154.48098491498646,20.35435168014463,0.07455806476243455,0.1317688977808457,83.0,191.0,0.6200171651563499,0.5654911704029056,1650.0,1650.0
596,0.13287604625256488,0.3645216677408421,0.151566364835169,754.2396529476375,12.15029568933457,0.04278273130047384,0.21652188812692463,103.0,107.0,0.5743016865910412,0.5895599467258046,1850.0,1650.0
597,0.009722528467546903,0.09860288265333272,0.04708551311687976,73.00347292296215,18.816590793942087,0.06422044639570679,0.09132028087686667,208.0,63.0,0.43134106736369443,0.4329108154292945,2200.0,2200.0
598,0.09405702400631885,0.3066871761360733,0.1363345530394,251.0980686957497,18.056395491887233,0.06565961997049903,0.09542174147822617,116.0,71.0,0.0,0.0,2350.0,450.0
599,0.2471628794159376,0.4971547841627772,0.21478406150671958,95.35183319809535,22.535021313488137,0.09311992278300883,0.16071975859015442,126.0,179.0,0.0,0.0,250.0,550.0
600,0.22088063591378448,0.4699793994568108,0.20655713167459547,128.69100580182163,25.952328026896243,0.11332894334889189,0.2454033711290724,114.0,140.0,0.0,0.0,0.0,-50.0
601,0.03264715607916337,0.18068524034675154,0.06446246584579034,41.985269205737545,11.520089714605543,0.04987051824504564,0.1640851856998724,41.0,57.0,0.0,0.0,50.0,50.0
602,0.5034496590344755,0.7095418655967212,0.386437045723633,107.11824354013595,20.997644920585316,0.08234370557092281,0.10530752746046095,198.0,51.0,0.0,0.0,1750.0,1000.0
603,0.04160407081532585,0.20397075970669387,0.06961485221652439,59.7515052473627,7.178697173309587,0.028830109129757378,0.11217304770250952,66.0,79.0,0.8834832932103438,0.8702763385859325,500.0,600.0
604,0.3037895992858638,0.5511711161571003,0.32044635410701916,274.99638948152,18.16521335123637,0.061576994410970746,0.14711505753123535,193.0,90.0,0.3399299465842514,0.4803177752723816,3250.0,3100.0
605,0.1884687481842909,0.43412987478897475,0.2151419617942749,92.33218935291518,35.370287081043166,0.14615821107869076,0.1840100581935137,182.0,176.0,0.8023242777369191,0.6385677900666421,650.0,950.0
606,0.021416542089404574,0.1463439171588781,0.07690894994922083,44.60957921093024,32.24802090863578,0.14658191322107172,0.2470069289164474,220.0,215.0,-0.05527959546179085,0.9956771732573843,-1400.0,0.0
607,0.2714250911031363,0.5209847321209483,0.27012345297440493,189.76131350682758,23.06113563250668,0.09008256106447922,0.13168818212819575,180.0,111.0,0.5994111429934739,0.7270229782888067,1500.0,1350.0
608,0.20361402184127475,0.4512361043193183,0.22989524078685367,255.4191143400556,26.26448071589031,0.10676618177191183,0.15888362369516093,208.0,53.0,0.8063306748310162,0.5142723474173424,800.0,2250.0
609,0.053434921166419645,0.2311599471500624,0.09990260798382816,155.7053264811686,18.193598883745043,0.0797964863322151,0.24052964908226393,55.0,26.0,0.9565995047006237,0.9125910170492161,50.0,300.0
610,0.03317863037739617,0.1821500216233755,0.0813670635842599,62.442729399407604,14.67294138716793,0.050596349610923894,0.06389112262538442,65.0,203.0,0.48562314302901816,0.48088670936711464,2550.0,2650.0
611,0.1781103331838697,0.4220311993015086,0.20897095669604723,254.26094986919966,8.888200993999707,0.03174357497857038,0.06822681179994838,105.0,140.0,0.0,0.0,2100.0,2400.0
612,0.017684772772673503,0.1329841072183947,0.03422104216553391,274.3011933135295,2.8150325741634497,0.011537018746571514,0.02705112442603138,44.0,38.0,0.8966230678322019,0.8946904574185639,0.0,0.0
613,0.250184955440624,0.5001849212447572,0.24545332166379555,102.79462138718326,15.50696764070494,0.058296870829717816,0.10769320176127069,68.0,176.0,0.7292228607356603,0.60834731043165,1500.0,1550.0
614,0.03546295152707372,0.18831609471065855,0.0865223576982429,68.82991389070865,32.00690307932225,0.1379607891350097,0.19102852089232125,172.0,53.0,0.949407224435146,0.9721942425545734,50.0,0.0
615,0.32344347734612466,0.5687209134066767,0.28056105217325306,124.56201534819694,26.887507592610493,0.10184661966897914,0.14283076538589695,168.0,171.0,0.0,0.0,-6900.0,1350.0
616,0.22146759242027786,0.4706034343481546,0.2504835299273541,132.56985940100293,25.4752351605615,0.09065919985964946,0.18000193459057945,195.0,197.0,0.5200952407203496,0.4853406466490239,2150.0,2400.0
617,0.04127154232641898,0.2031539867352324,0.07528698652713099,110.05815361973292,11.079895922577766,0.04838382498942256,0.13293011803073712,64.0,6.0,0.0,0.0,0.0,-50.0
618,0.18979789600287414,0.43565800348768313,0.22961484617158354,341.33537244414083,15.22034880199605,0.056371662229615,0.14112278045796361,177.0,139.0,0.0,0.0,1600.0,1600.0
619,0.07314836274590926,0.27045953994250094,0.10988889254090249,135.51085105228935,17.74314590928159,0.06798140195127046,0.22910964400240055,98.0,90.0,0.7426666766599885,0.78967161555822,1000.0,650.0
620,0.11932357307302212,0.3454324435733015,0.1561129155200945,140.34145752502317,7.6911694145948735,0.027866555849981427,0.08914454463248328,96.0,67.0,0.0,0.0,2250.0,2100.0
621,0.22305206287889245,0.4722838795458643,0.2368608017539713,324.1139229751149,18.947261737271216,0.07797227052374986,0.1412560749588368,174.0,32.0,0.8446150041484501,0.9326386367692994,400.0,50.0
622,0.16578916509497374,0.4071721565811859,0.19080166519889652,113.87772992099525,32.755662150549455,0.13261401680384394,0.2389743337760165,138.0,125.0,0.6603413583043224,0.7492932625126592,800.0,600.0
623,0.21207532190627779,0.4605163644283206,0.23898372503901605,174.38845698715616,17.779880852200865,0.06489007610292287,0.1502780577119816,165.0,179.0,0.5757908408554012,0.5270076509514157,2300.0,2250.0
624,0.23071812635481626,0.4803312673091522,0.25172889023053996,171.7016647198719,26.853269153851,0.11330493313861181,0.1905756480899967,194.0,171.0,0.0,0.0,300.0,950.0
625,0.08816576340151369,0.2969272021919071,0.11912871289329295,53.68809599269393,14.830906646131167,0.05639128002331242,0.19290108292076616,60.0,100.0,0.0,0.0,150.0,1250.0
626,0.13124609141955468,0.3622790242610724,0.1654977131914466,124.9348362662098,16.923254562704475,0.06131613971994375,0.10438093904805355,59.0,109.0,0.0,0.0,6200.0,2550.0
627,0.022372640739787533,0.14957486667146835,0.0775162485278139,28.986163172707542,22.891772123005648,0.08385264513921482,0.2053372435867759,77.0,211.0,0.11398538261576244,0.5246922751564501,3000.0,1250.0
628,0.01727246525703361,0.13142475131052603,0.06061315567209814,87.17614161575418,12.894958331691138,0.051786981251771634,0.10197468385277725,39.0,83.0,0.7434748705487523,0.7725303437937702,1100.0,1050.0
629,0.23676227944271366,0.4865822432464153,0.22011401988101606,90.451276297207,22.644123808883844,0.09280378610198296,0.24623037172157497,50.0,202.0,0.0,0.0,-50.0,350.0
630,0.1946090637381354,0.44114517308719975,0.17331255370147722,43.94208612338315,9.743390010909486,0.031532006507797694,0.1504901339521055,92.0,130.0,0.422955036964681,0.44823522416517825,3700.0,2900.0
631,0.061497162684616656,0.24798621470681925,0.09436230761534597,137.08375984717068,1.4030587130645948,0.005438212066141841,0.015457963689490149,67.0,69.0,0.0,0.0,1000.0,1000.0
632,0.32391007120332765,0.5691309789524092,0.28101285662621206,122.8353395392756,2.5224089656716178,0.009664402167324206,0.015861858738464747,34.0,59.0,0.0,0.0,1350.0,1250.0
633,0.3691980709524765,0.6076167138521426,0.3419866842916817,209.07795482941697,28.27206549385748,0.10873871343791339,0.157480004662981,201.0,201.0,0.0,0.0,1850.0,1550.0
634,0.15051887939498135,0.3879676267357643,0.1707464085396205,1584.7823611363037,19.27426080678259,0.07086125296611245,0.21332795672254912,109.0,94.0,0.0,0.0,1850.0,1650.0
635,0.15450500186359997,0.39307124273291727,0.18040001440242442,1165.394595172212,7.342644334679747,0.02660378382130343,0.06593706224026963,153.0,89.0,0.5439646624236069,-0.16184878568834352,1950.0,2400.0
636,0.11483741259934496,0.3388766923223622,0.1366712924263183,75.07299681467438,15.523739515837775,0.05544192684227777,0.13134427860361522,104.0,75.0,0.0,0.0,2750.0,2800.0
637,0.1282025940511819,0.3580538982488278,0.16854038876215144,77.02752025168583,20.606085416770494,0.07956017535432623,0.14013845421087534,153.0,161.0,0.7057946397983791,0.693608577428245,1250.0,1450.0
638,0.10025455626065227,0.3166299989903867,0.16565169038621375,59.90414043039849,30.670505195763766,0.13878056649666862,0.21190644589139618,221.0,216.0,-0.03303830921667217,0.6207584735663063,2750.0,1450.0
639,0.18684210666196588,0.43225236455335425,0.22132868639821096,544.4138295727232,28.715543930523708,0.11865927244018061,0.17035764299765022,186.0,183.0,0.0,0.0,800.0,4950.0
640,0.03658693440908074,0.1912771141801359,0.08318851914875457,123.67428606620695,17.43415141794294,0.07547251696079195,0.24164724850385763,63.0,17.0,0.9781771822331897,0.9966870702907509,0.0,0.0
641,0.08735268705149674,0.29555487993179325,0.09604481740275471,47.846267419172925,2.017293336123738,0.0079734914471294,0.03905712829145925,57.0,53.0,0.0,0.0,1100.0,1100.0
642,0.1491470644761053,0.38619562979933536,0.1649914675445011,68.70941178096376,3.526981022592563,0.013111453615585736,0.024980633565938742,74.0,78.0,0.6284127685925903,0.5080074526996683,1550.0,1650.0
643,0.2461316325869839,0.4961165514140643,0.2757170317296438,212.5900728069953,24.50953756586613,0.09145349838009749,0.17316600971960489,183.0,165.0,0.6681427417038046,0.5917499590446178,1300.0,1450.0
644,0.34377491775743235,0.5863232195277894,0.3429851653273911,155.8748726217295,38.28378480502597,0.12076903723982954,0.239948043299409,209.0,175.0,0.0,0.0,3800.0,3150.0
645,0.1293230696230604,0.359615168788888,0.1717949716025853,84.9264317043726,19.03667974809325,0.07998604936173634,0.13122109023998,193.0,72.0,0.8718210172061662,0.8940365746950304,350.0,350.0
646,0.040807598223320904,0.20200890629702667,0.1044948739129439,68.98900028900738,27.028949331595378,0.12230293815201529,0.17868697094409625,87.0,191.0,0.0,0.0,2350.0,2900.0
647,0.12507971979601346,0.35366611344036547,0.12413541605436304,84.13701499291942,7.40443251640244,0.025620873759177994,0.08163663741558111,53.0,101.0,0.5693772943327414,0.503774310456482,2600.0,2550.0
648,0.03866405482599046,0.1966317747109822,0.062351626184653314,12.189914342313719,1.1852424210303583,0.004558624696270609,0.017872016128483062,72.0,76.0,0.0,0.0,750.0,800.0
649,0.200721849965967,0.44801992139409047,0.1849573083027974,92.44746916453373,0.7705397530215546,0.0027617912294679377,0.007431020531835231,102.0,104.0,0.7115935489458258,0.7143016556608637,1600.0,1600.0
650,0.01976005869179264,0.14057047588947205,0.04787651611303747,47.335972712001904,0.6894357190372985,0.0026931082774894473,0.005362948352107547,47.0,55.0,0.0,0.0,1250.0,1400.0
651,0.17266060192584257,0.4155244901637478,0.22494710685904792,221.6639070021787,22.80012215321803,0.0883725664853412,0.17946738780705465,170.0,61.0,0.0,0.0,1250.0,1100.0
652,0.4196310358177608,0.6477893452487165,0.37094460815624397,297.39222914032285,28.146459039742638,0.09320019549583655,0.22794419486405046,179.0,146.0,0.5777932716389768,0.5372421156285355,2200.0,2350.0
653,0.06919389978777854,0.2630473337401057,0.12023105049242573,98.80660040828568,10.00203166430666,0.03732101367278604,0.19145121481920954,85.0,88.0,0.0,0.0,1350.0,1050.0
654,0.2985652319827711,0.5464112297370645,0.30703883251786734,228.9820516249075,23.876905663853613,0.08466987824061564,0.13225054708200867,199.0,86.0,0.0,0.0,2950.0,2650.0
655,0.0398983879734181,0.19974580840012163,0.08005968184804449,109.37848933391199,23.444869190947475,0.09648094317262336,0.1894512840189918,218.0,168.0,0.0,0.0,750.0,400.0
656,0.03189438112617738,0.17858998047532618,0.07574437051992416,54.866142559438934,13.267652258077009,0.05162510606255646,0.119890405608715,68.0,91.0,0.8262336213684222,0.6669568011155597,0.0,1600.0
657,0.06862734271184864,0.2619682093534417,0.08621962828789356,37.19033684591929,3.206944378175698,0.012879294691468667,0.027284882166667114,40.0,42.0,0.6747589724165463,0.5980905519965986,950.0,950.0
658,0.12725301917406234,0.3567254114498466,0.13554662314541788,229.98207877976634,2.69869027349846,0.010032305849436655,0.025292064777056686,88.0,91.0,0.0,0.0,1900.0,1550.0
659,0.016141855003391277,0.127050600169347,0.04394402052663258,29.23938858683192,4.648744075502577,0.017675832986701816,0.026045215964258066,53.0,42.0,0.0,0.0,1800.0,1700.0
660,0.08262125320474989,0.2874391295644173,0.12636199671310447,55.80730096955501,4.800625710356548,0.01696334173270865,0.028545130952713042,87.0,86.0,0.6222758058927912,0.603749246915574,2200.0,2200.0
661,0.13001772902355754,0.360579712440339,0.16399808915997552,94.97377815681284,3.415627918155195,0.012840706459230057,0.03819717132000074,60.0,58.0,0.8539966852400789,0.8475432498786831,750.0,800.0
662,0.25339756188985063,0.50338609624209,0.2363207876017946,143.56712574829055,23.232017428759384,0.08800006601802797,0.13772928211668806,175.0,192.0,0.7101197161844472,0.47137616995166964,1500.0,1450.0
663,0.15876571747757462,0.3984541598196393,0.1912198628522508,513.2983183203222,25.059099225289387,0.0888620539903879,0.16216404345433347,123.0,139.0,0.0,0.0,2100.0,1500.0
664,0.10089341058015011,0.3176372310988592,0.1138951724172873,54.63014610450061,12.588844581852236,0.04679867874294511,0.0857738377650977,78.0,91.0,0.46594766322914705,0.488135355060186,2400.0,2300.0
665,0.17516793808770453,0.41853068954104733,0.20822471846455778,131.3918947773819,15.085884084963158,0.0578003221646098,0.15300822563470765,110.0,169.0,0.0,0.0,1450.0,1400.0
666,0.16210656741731266,0.402624598624218,0.180498322317916,101.10985157236978,30.864773952587456,0.13133946362803173,0.23805413922790897,156.0,184.0,0.0,0.0,-100.0,-50.0
667,0.14215993579508032,0.3770410266735973,0.14319425320163645,89.00106453078295,5.478920225025616,0.020217417804522568,0.08773781582255831,92.0,93.0,0.0,0.0,1650.0,1550.0
668,0.05611741817753451,0.23689115259446586,0.08747131550489423,43.06883724496276,1.0319639423511675,0.003923817271297215,0.015450140432525569,67.0,74.0,0.7551370480194685,0.7789789891651938,1250.0,1100.0
669,0.2564848734471573,0.5064433566028459,0.2438777454916642,166.22307999753468,20.01441873970675,0.07668359670385727,0.16864061233552052,56.0,172.0,0.7620369842033627,0.6626747779827377,1250.0,1400.0
670,0.21734420454607495,0.46620189247371674,0.25252480348018796,523.7381699226223,35.65209868690516,0.1485504111954382,0.22766274178961202,167.0,63.0,0.0,0.0,550.0,-50.0
671,0.0681464098165646,0.26104867327102926,0.1572367828116615,76.04845669821846,35.82994587757197,0.12104711445125667,0.24212382476445085,221.0,84.0,0.3776235653471019,0.4344308312195996,3550.0,3250.0
672,0.012064823323585605,0.10983998963758876,0.04308306752056713,35.62019055383689,6.424775753685682,0.026548660139197034,0.0828778817014933,61.0,41.0,0.0,0.0,300.0,350.0
673,0.17289778039980438,0.415809788725331,0.20065983561423445,140.89480843539016,2.9892402365209736,0.010909635899711582,0.019130116892688252,87.0,87.0,0.0,0.0,1700.0,1800.0
674,0.02712045533492973,0.16468289326742389,0.06154500812500518,282.51985378155734,2.6440826579659062,0.009829303561211547,0.01848830600512022,60.0,47.0,0.0,0.0,1950.0,1700.0
675,0.0612092940134358,0.24740512123526423,0.07444412579971761,32.84672563767737,1.701011503885296,0.006971358622480721,0.01646883998823615,41.0,43.0,0.0,0.0,800.0,750.0
676,0.26585612710274686,0.5156123806724843,0.2908442851203901,407.7501363585147,18.04136446906367,0.06420414401802017,0.137171242238166,185.0,70.0,0.3799866622471221,0.562218778166745,2450.0,2300.0
677,0.33494054930840517,0.5787404852854214,0.33084094383445356,408.94362544821934,31.06580301947972,0.1133788431367873,0.20925933166529007,217.0,143.0,0.0,0.0,1650.0,1400.0
678,0.03771067891355695,0.1941923760438523,0.08142232504744774,106.085469524023,23.851891592628714,0.09938288163595298,0.16672711402279142,213.0,216.0,0.0,0.0,850.0,1050.0
679,0.23872336765638766,0.48859325379745844,0.2601142037569607,347.42090214106145,22.09084039188395,0.08595657740032665,0.13161582862299454,197.0,57.0,0.7072751113521,0.787227499651902,1250.0,1150.0
680,0.04877494908299462,0.22085051297878985,0.10001891212202234,50.61598805140909,13.462673793002544,0.055174892594272724,0.1465651469748773,79.0,62.0,0.0,0.0,550.0,800.0
681,0.22691106955231488,0.476351833787081,0.19283955050962434,78.41927422593618,3.78150218956598,0.01290615081763133,0.04447778890503034,47.0,107.0,0.2758155592367415,0.622811347679221,2950.0,2200.0
682,0.17050378566649257,0.4129210404744381,0.21925187956935752,167.65219276118597,16.428453487448643,0.06519227574384381,0.12305729731428544,160.0,57.0,0.0,0.0,950.0,950.0
683,0.17219601195628487,0.41496507317638776,0.20615615332991627,362.9342215116146,28.03068008049591,0.09632536110136052,0.19130386657396767,154.0,140.0,0.0,0.0,2700.0,1200.0
684,0.22436806612943805,0.4736750638670333,0.25028813614708645,946.8861612527955,21.55657046093707,0.0835525986858026,0.16612253463365576,209.0,23.0,0.0,0.0,1500.0,50.0
685,0.05967335189019156,0.24428129664424078,0.11388845428358906,132.27803718056725,17.120576774154955,0.06534571287845403,0.11735883423562005,90.0,73.0,0.0,0.0,1750.0,1850.0
686,0.07599130926924762,0.2756652122942748,0.0744134782303322,42.94530074807865,4.095730951260425,0.016252900600239782,0.053950155536091504,37.0,37.0,0.6725263854299874,0.7601265005606189,1350.0,1000.0
687,0.11421807395667788,0.33796164568879394,0.15725883898194612,144.46374038044334,14.734610053126111,0.05518580544241989,0.13575650259565897,139.0,104.0,0.5734967273623109,0.5975223249817662,1300.0,1800.0
688,0.26280817447009147,0.5126481975683631,0.2568659228081413,126.23503882323584,24.776925210878314,0.10867072460911541,0.17559685362405403,166.0,163.0,0.7710556322795672,0.9358141025598423,400.0,0.0
689,0.3200273095023329,0.5657095628521166,0.32158653358284395,194.16546437474054,20.714882744150064,0.062020607018413366,0.22161772859973,176.0,179.0,0.3002610639224992,0.14710424067652833,3500.0,3550.0
690,0.11837026324797688,0.34404979762815857,0.1126696169765804,42.82468346160295,5.250691108996219,0.019304011430133158,0.021903743285618334,50.0,57.0,0.0,0.0,1950.0,1750.0
691,0.1957413983737305,0.44242671525771415,0.20899302048266133,159.10038380014402,1.648579976751915,0.00606095579688204,0.021523172063053424,89.0,87.0,0.0,0.0,1600.0,1800.0
692,0.16533747306447202,0.4066171086716249,0.1734173615902671,977.4007260360227,1.550989405707332,0.005660545276304131,0.009389351316437266,101.0,98.0,0.0,0.0,1550.0,1800.0
693,0.1743593187763556,0.41756355058404654,0.2297340485936415,125.22053451052837,15.65523196211372,0.05975279374852565,0.10620968580486702,72.0,176.0,0.0,0.0,1100.0,1500.0
694,0.14006130765653266,0.3742476555124062,0.2111341012719991,97.55197537543488,17.860903218185804,0.054620499138182885,0.14980421175735517,133.0,134.0,0.3155423831063436,0.3406408313565964,4350.0,4100.0
695,0.18314429384426723,0.4279536117901883,0.19459328102428458,107.17343539051515,8.162842761567235,0.030010451329291307,0.08754834997807712,101.0,95.0,0.0,0.0,1500.0,1300.0
696,0.284839976611884,0.5337040159225748,0.30394044124778197,285.0680089431182,19.863524458164278,0.07068869913937466,0.15940809174843756,172.0,82.0,0.0,0.0,1950.0,1800.0
697,0.25680675749317383,0.506761045753493,0.2870748632441542,213.889320841608,33.95641036462609,0.13010118913649843,0.23716169084584454,214.0,78.0,0.0,0.0,1600.0,1200.0
698,0.1947384223362617,0.44129176554323074,0.23102418627223323,111.29827943970565,24.982165469839064,0.08986390456776641,0.1890777211129901,188.0,155.0,0.5777298196670584,0.5545296534236963,2100.0,2400.0
699,0.35161940837730843,0.5929750486970834,0.29358145933202034,100.60993508813449,16.102988306749136,0.059420621058114895,0.1831773178221389,89.0,87.0,0.6189451627349151,0.5611547636660486,1900.0,2200.0
700,0.2936754007739742,0.5419182602330117,0.284576077241752,1189.2022326379406,26.840213816512225,0.09904137939672408,0.1566331032206379,160.0,201.0,0.18829428035784285,0.48612317122261656,2400.0,2050.0
701,0.062138372239550786,0.24927569524434343,0.10983363329916578,219.93673937027864,17.900337997381744,0.06754844527313865,0.21752505089792484,91.0,87.0,0.6508513251943691,-0.4379136132363185,1550.0,8600.0
702,0.02186777250571151,0.14787755916876472,0.0629097121106379,22.900070610844264,13.13837685091808,0.05193034328426119,0.06941084573228509,184.0,48.0,0.0,0.0,1200.0,1100.0
703,0.2787323284337369,0.5279510663250306,0.2891591641672223,928.871364324059,23.988566369580674,0.09018258033676946,0.12745999797519755,208.0,79.0,0.5597246050778302,0.6620631000291571,1550.0,1800.0
704,0.05527271217000756,0.23510149333853148,0.11647211258184582,104.81574797270949,21.597830577841965,0.0850308290466219,0.16382358253410761,90.0,204.0,0.0,0.0,1350.0,1600.0
705,0.22668305552165227,0.4761124399988434,0.2347404460540179,100.92120945344337,16.82289926196317,0.06139744256190938,0.13849736709622254,80.0,199.0,0.6627769619594993,0.6015650255930505,2050.0,2100.0
706,0.06595954635282317,0.2568259067010631,0.11917163121517495,180.70986982974532,17.654812050261555,0.06687428806917256,0.22742172553680617,66.0,86.0,0.0,0.0,1550.0,2450.0
707,0.10141753526003466,0.31846119898668135,0.13538090482630938,92.101878856053,8.532847550122002,0.03333143574266407,0.06754263466709151,120.0,51.0,0.0,0.0,800.0,950.0
708,0.005018546071594118,0.07084169726646954,0.019652261943182175,15.156227051716323,3.1997682539512398,0.01249909474199703,0.06733542724506007,50.0,47.0,0.0,0.0,1100.0,1100.0
709,0.06348774240324427,0.25196774079878614,0.1020946412031816,118.161917962118,0.9311889498996649,0.0031353163296285015,0.004924139517930164,101.0,93.0,0.0,0.0,2850.0,3100.0
710,0.037772116172937714,0.19435049825749795,0.07677733851116689,82.52459884006267,0.8344096000148397,0.003184769465705495,0.005039828951146361,73.0,64.0,0.0,0.0,1400.0,1250.0
711,0.1384570009394552,0.3720981066055768,0.13537013781669088,68.29330392850434,6.260172142749821,0.022847343586678177,0.03518714696685581,56.0,74.0,0.6340051008810959,0.5855189498935414,1450.0,2100.0
712,0.12168043507007419,0.34882722810880773,0.18311813053033177,379.62092707061356,20.650317973531596,0.0806653045841078,0.1439240880331798,73.0,175.0,0.6698998280036025,0.6250696688728818,1150.0,950.0
713,0.0833019678954141,0.28862080294984643,0.14191567027060858,140.1221575159368,21.18734846637708,0.06600420082983514,0.21574399888627954,111.0,113.0,0.20664338843209246,0.2202222420294237,4450.0,4600.0
714,0.10420878314078988,0.32281385215134417,0.11095770165993679,161.0937184578594,5.229305723436065,0.020268626835023507,0.04242660576459922,69.0,52.0,0.760223038645431,0.7919954060319003,1200.0,950.0
715,0.03214363106766977,0.17928644976034797,0.06563488231358255,317.11334839892515,2.1706195383144555,0.008445990421457026,0.012127155805686437,61.0,45.0,0.0,0.0,1200.0,1150.0
716,0.01909239177533893,0.13817522127841492,0.05077617693262121,23.821548809634663,1.3482013160082693,0.0050306019254039895,0.009572703375316563,51.0,57.0,0.5927031237598787,0.599773654616238,1850.0,1900.0
717,0.24768747097828253,0.4976820983100382,0.26964224619958743,470.289330306266,26.83737078520569,0.10778060556307506,0.17002854768088962,186.0,151.0,0.0,0.0,1100.0,1300.0
718,0.2441610760829114,0.4941265790087712,0.2520008130578905,676.7268597696593,29.85046425849215,0.10776340887542292,0.2437724937451324,125.0,183.0,0.35230344591336216,0.5554326103780189,2000.0,1600.0
719,0.005527763172355207,0.07434892852190411,0.03683839880924841,30.966090221270814,14.932117442538354,0.061702964638588244,0.12261102221835779,29.0,58.0,0.0,0.0,1000.0,650.0
720,0.2751092259176902,0.5245085565724263,0.274179306991495,216.22336552072304,24.211522891670043,0.0992275528347133,0.156517111489829,181.0,69.0,0.0,0.0,800.0,800.0
721,0.09273948425396715,0.3045315817020743,0.1353849747261098,41.16716086053553,14.204902982216518,0.052610751785987106,0.15433513990378953,104.0,101.0,0.6679421478798027,0.6605867987680815,1650.0,1750.0
722,0.023678715229834887,0.1538788979354703,0.0489941699851977,216.12022459030263,1.958090688462759,0.007863818025954854,0.028045011046138203,54.0,2.0,0.818762387818799,0.7123403128821043,800.0,800.0
723,0.14699486234204964,0.3833990901685209,0.1257239413550959,58.17368719921533,1.3585866317966186,0.005225333199217764,0.00870275140161138,13.0,75.0,0.0,0.0,1900.0,950.0
724,0.13032333549328406,0.36100323474074864,0.12913712693777157,78.62695174254384,1.3545737005453005,0.004943699637026644,0.006976489395326788,58.0,75.0,0.5718136574990745,0.6121572073992946,2150.0,2100.0
725,0.006676455121133651,0.08170957790328898,0.03377806720444434,13.306148827975624,7.385059665269995,0.029899026984898765,0.03612613239453426,18.0,43.0,0.0,0.0,1000.0,400.0
726,0.25601030696113475,0.5059746109847161,0.27773469602339196,264.6328657031664,24.90118740332187,0.09614358070780644,0.18469543823230403,166.0,65.0,0.642257038527401,0.7659482779531837,1500.0,1150.0
727,0.25723634773218784,0.5071847274240302,0.2676161844267614,253.87109957036606,29.150462842355882,0.10448194567152645,0.2612679593424083,194.0,133.0,0.558500402169897,0.5859979391526539,2000.0,1650.0
728,0.062291120315566766,0.24958189100086323,0.1145475136494203,57.226486522860455,14.166284712836163,0.057821570256474136,0.20634788443513036,72.0,61.0,0.0,0.0,650.0,900.0
729,0.1578494071969556,0.39730266447250967,0.18010219529206,157.59583376934106,6.8362800700519495,0.02541368055781394,0.06384637617842777,85.0,97.0,0.4792381666623593,0.3436618680505156,1900.0,1900.0
730,0.040540491738500516,0.20134669537516756,0.08456271188033615,46.98346367577339,4.731319849706953,0.016659576935587863,0.031158643024322745,67.0,85.0,0.0,0.0,2200.0,2600.0
731,0.30845005988272955,0.5553828048136974,0.27733614645394217,141.10916770994942,19.200902396215827,0.07085203836242003,0.12795268658310271,148.0,179.0,0.0,0.0,1850.0,1750.0
732,0.21398037090028724,0.46258012376267016,0.2405715024153427,101.80847146762675,34.93660545184603,0.11343053718131826,0.22637104172490694,171.0,161.0,0.33646955844429155,0.35305782400656444,3100.0,3350.0
733,0.21321114353147252,0.46174792206513776,0.24142138375475916,200.12595237241294,26.52803969440669,0.10568940117293502,0.19431394655811737,197.0,80.0,0.0,0.0,750.0,1050.0
734,0.06397787056986515,0.25293847190545204,0.1290270969586913,79.90632275397263,25.603436096355676,0.09625351915923186,0.1842328557184819,91.0,181.0,0.6607357606521808,0.5881675413751218,1800.0,2150.0
735,0.3072431911686163,0.5542952202289104,0.32262956170291474,414.2148396063819,27.567639906598217,0.09506082726413179,0.12874531715803367,194.0,116.0,0.0,0.0,3000.0,2750.0
736,0.3318416195904733,0.5760569586338432,0.2778969632695585,115.81767277500596,24.105799552183456,0.10907601607322831,0.20112233987772246,60.0,172.0,-0.8442035499817183,0.9765228685823211,-8050.000000000001,0.0
737,0.22856066219123003,0.47808018385123435,0.24678463214501384,93.1789092778238,26.68463605631159,0.09530227162968424,0.17943296057402858,173.0,196.0,0.0,0.0,1550.0,1800.0
738,0.4696619578621572,0.6853188731256109,0.3767091507019554,130.05026839496412,23.22057455638489,0.08352724660570104,0.25347817634968084,112.0,109.0,0.0,0.0,2800.0,2400.0
739,0.17347312397865738,0.416501049192745,0.17179480967001895,456.851441308615,4.237403089310412,0.014462126584677173,0.030878641770145734,85.0,85.0,0.0,0.0,3050.0,2900.0
740,0.022018265328273463,0.14838552937626184,0.060256281039501654,36.50587588084339,6.903262571269417,0.02483187975276769,0.03195025360443524,62.0,65.0,0.5605720445649736,0.5261372513069423,2000.0,2400.0
741,0.058837648063050065,0.242564729635308,0.09013528435530849,59.60488122837416,3.309297858238348,0.012348126336710253,0.03330749498853399,68.0,70.0,0.7725066725382278,0.7761422660846461,1150.0,1150.0
742,0.07390584737289249,0.2718562991230707,0.08115423436428022,619.1660112219505,5.662883206630441,0.022561287675818487,0.03338625527887834,46.0,50.0,0.7386859067471702,0.7339905639816187,1100.0,1100.0
743,0.007775360556045575,0.08817800494480228,0.03405057339924981,23.463915281606134,3.724754283325134,0.01539154662531047,0.03302714824881447,27.0,31.0,0.0,0.0,50.0,0.0
744,0.08654780657705415,0.2941900857898752,0.12239919140824718,172.44141165583312,1.8868934212324417,0.006691111422810077,0.011835501808172283,104.0,77.0,0.0,0.0,2350.0,2350.0
745,0.02189866240598985,0.1479819664891295,0.0553940999959656,15.183057680564026,2.1990877096596937,0.008025867553502531,0.012060503832992907,72.0,71.0,0.4828798842258648,0.49851553469772675,1950.0,1950.0
746,0.09503381686215773,0.30827555346176533,0.10366600847489975,97.50101297900578,2.597413737888534,0.010307197372573547,0.015292213594144982,56.0,56.0,0.8563798643808958,0.8425129572009585,650.0,750.0
747,0.17561328842380222,0.4190623920418083,0.19301089265107343,82.18305406366218,2.5037633030488857,0.008401890278687535,0.016062092208875813,105.0,130.0,0.189085573120447,-0.061924916476947686,3350.0,3350.0
748,0.0008174587588840218,0.0285912357005433,0.01769615928032972,6.8902699535274685,9.037230638183113,0.03286265686612041,0.05083712649221967,48.0,100.0,0.0,0.0,2500.0,2500.0
749,0.24527043498337203,0.4952478520734563,0.23458855036248394,115.81859999834636,3.621829646006731,0.012752921288756096,0.05173795666095885,106.0,127.0,0.0,0.0,2400.0,2450.0
750,0.10870663118030709,0.3297068867650585,0.12801858151585618,66.30224252111083,1.0490459172315405,0.004113905557770747,0.009612203597191473,54.0,56.0,0.8112822545308263,0.7946120360491552,700.0,750.0
751,0.016499907099736436,0.1284519641723568,0.0537599645113246,89.57836893575534,14.21243130494603,0.056175617806110786,0.0839917860569658,54.0,202.0,0.7289056674958995,0.7624791457073995,800.0,650.0
752,0.0870963256759033,0.29512086621569694,0.12220862682468628,75.65549181110275,22.206655827314094,0.08541021472043882,0.10235488851942526,172.0,191.0,0.7668393559148864,0.6823490559658317,0.0,1550.0
753,0.15354312445506618,0.3918457916771165,0.1773887230551705,145.37148224553914,21.499375309159245,0.08531498138555256,0.13778977620731114,160.0,135.0,0.0,0.0,950.0,550.0
754,0.03091778084936052,0.17583452689776408,0.08690480376559893,42.150950506156285,25.211454731243396,0.09513756502355998,0.14705980660644918,221.0,70.0,0.0,0.0,1400.0,1300.0
755,0.30608900017410356,0.5532531067911897,0.31877405272035975,770.4760708040278,27.699305965924584,0.0999974944618216,0.1447424400952276,216.0,160.0,0.0,0.0,2350.0,0.0
756,0.18321291842151027,0.4280337818695042,0.20731487174261154,557.5262061551684,19.26478224596056,0.06759572717880899,0.18682876242596183,111.0,99.0,0.5160158168816673,0.5620438600550157,2550.0,2200.0
757,0.11167407007919455,0.3341767048721298,0.1498628640029532,229.79259532570632,8.69185590871298,0.032923696623912806,0.10527357803754761,93.0,68.0,0.0,0.0,1600.0,1400.0
758,0.1379374745994828,0.3713993465253847,0.17318716122188574,337.2621463390065,15.774167187283373,0.06114018289644718,0.1024562248178231,123.0,119.0,0.7131720462247102,0.8102889611868674,1300.0,900.0
759,0.02153336944915782,0.14674252774556468,0.05338190091483399,98.47528442106142,9.433565882877762,0.03866215525769574,0.1137087303355749,51.0,45.0,0.0,0.0,650.0,250.0
760,0.18358518550014566,0.42846841832292104,0.20650551992024385,335.32824996915326,14.317460234854108,0.05302763049945966,0.09667157538851404,96.0,118.0,0.6072639574061106,-0.11140061862359465,1950.0,4050.0
761,0.09832589951663889,0.3135696087260991,0.12169303368462552,161.15190953350532,12.277763719837829,0.045812551193424735,0.1043347527538733,79.0,98.0,0.620159488684395,0.5275020731185248,2100.0,2300.0
762,0.19960029812701383,0.44676649172360033,0.22884531959874232,102.44658104026357,24.440101249729576,0.0977604049989183,0.15487618246675708,190.0,195.0,0.53044813699337,0.6182451317062888,1000.0,950.0
763,0.34746144247318156,0.5894586011529407,0.3501972408918034,389.622768113621,38.75933663799096,0.13094370485807758,0.20500170530819065,218.0,210.0,0.44407329805991025,-0.084609974885396,2650.0,3950.0
764,0.16227100714077886,0.40282875659612344,0.17790064162969563,171.69168066627049,18.323137568801137,0.06253630569556702,0.19874203266969245,114.0,103.0,0.4790506707975311,0.47757557257015226,2800.0,2600.0
765,0.2684137288784292,0.5180866036469474,0.28154230735613467,110.63504868983911,25.363770171887698,0.09644019076763383,0.16709897794449263,71.0,184.0,0.5879777254815846,0.48457093067492163,1600.0,1650.0
766,0.1086573492233269,0.32963214227882404,0.14543672261533847,48.792790278814195,32.18960822625287,0.11414754690160593,0.23055619335249916,131.0,214.0,0.47901642554514556,-0.17884559489766413,1350.0,2750.0
767,0.12566899861386835,0.35449823499401,0.1394096617653985,67.7803043003879,12.29390144752969,0.04710307068019038,0.12263751004542697,88.0,113.0,0.7370204916632618,0.7511452095572981,1350.0,1300.0
768,0.10105460461659839,0.3178908690362125,0.13717790600602536,197.16343352766225,1.5363976187294273,0.00619515168842511,0.01504124392712977,45.0,45.0,0.0,0.0,400.0,300.0
769,0.15988669322724947,0.3998583414501309,0.15846563999288407,2375.7638256846285,1.8982869756614398,0.007163347077967697,0.016678907403510707,59.0,75.0,0.0,0.0,1950.0,1300.0
770,0.027663987350750534,0.16632494506462503,0.06164723794566584,86.34592560994719,4.67538989391991,0.01770981020424208,0.03063267328059493,56.0,42.0,0.0,0.0,1700.0,1950.0
771,0.09530349799341106,0.30871264631273376,0.1024388031682469,65.13314634049422,4.4083402098211915,0.01638788182089662,0.030579279958287808,72.0,55.0,0.747218890659997,0.7030068224801215,1400.0,1450.0
772,0.03889974564806187,0.19723018442434684,0.04177144400018733,17.954586631247118,1.4526086091055135,0.006129150249390352,0.020479079592111565,21.0,23.0,0.7310999320687716,0.8128518205760031,750.0,600.0
773,0.03360575192392973,0.1833187167856292,0.05939277424292543,37.573960259552074,0.522269780163015,0.001978294621829602,0.0043799674944927066,44.0,69.0,0.0,0.0,1650.0,1850.0
774,0.10882269761628983,0.32988285438362785,0.1354344900180512,103.64630184700367,5.141861475419425,0.019625425478700095,0.05498703715535251,142.0,67.0,0.0,0.0,1100.0,1250.0
775,0.027500120323334192,0.16583160230587593,0.08665269650456559,111.4062173552883,28.907690830572804,0.11380980641957797,0.177506560058437,204.0,203.0,0.8895472785055171,-0.7969699218812532,150.0,2000.0
776,0.21661277817481336,0.4654167790000844,0.23991435489592283,248.4383249300941,26.35489891384587,0.10175636646272536,0.15276212592487207,205.0,98.0,0.7257768358442129,0.6586201089868974,1350.0,1850.0
777,0.1889920264898857,0.4347321318810995,0.21054499235957602,156.4745925706706,30.117620462700966,0.13566495703919354,0.20872141961717383,179.0,124.0,0.9865978707174684,0.9611580012098532,0.0,0.0
778,0.06563623565206547,0.25619569795776326,0.13050121967234776,97.42747708654134,27.13963464989504,0.096927266606768,0.22001729949299262,98.0,175.0,0.4342393241458982,0.11419915363220323,2900.0,2200.0
779,0.007819170060005242,0.0884260711555435,0.038362755803237,19.84133186956111,6.296893664141305,0.023583871401278298,0.05978089728251763,58.0,57.0,0.7104463819441613,0.6305860668194483,900.0,1100.0
780,0.16375728691242505,0.40466935504486257,0.18608397621649367,104.9251864454277,5.449300917790332,0.020257624229703834,0.05047243308266307,78.0,74.0,0.7096094549542885,0.6564411044892936,1350.0,1450.0
781,0.03279610455350273,0.18109694794088257,0.0605470781338699,37.384057795436625,4.463164657392131,0.017571514399181618,0.05048303456806031,61.0,67.0,0.0,0.0,600.0,700.0
782,0.11041217924259329,0.3322832816176482,0.11010028309502778,107.56727485264162,1.5776062060904135,0.006235597652531279,0.01947769861470912,35.0,58.0,0.7272042082135962,0.8265622535044771,1150.0,850.0
783,0.24329446589547116,0.4932488883874663,0.262158520367153,239.53863547652315,14.405418996353825,0.05315652766182223,0.09728722318694454,187.0,54.0,0.0,0.0,2150.0,2000.0
784,0.23903379496257843,0.48891082516403583,0.2576557637762455,289.22597669628914,21.16421024843834,0.075050390951909,0.16673496716657257,211.0,76.0,0.3426256940540399,0.30923979377443483,2300.0,2650.0
785,0.13316892522350635,0.36492317715309114,0.1545891646935387,64.6499355563923,15.295960727667554,0.05404933119317157,0.1364809079326168,92.0,75.0,0.0,0.0,2800.0,2550.0
786,0.026234422798958476,0.16197043804027472,0.06746210004413446,69.51862756500509,3.4325705532709847,0.013897046774376457,0.06147736642660335,54.0,42.0,0.8031133530805049,0.8264314303942701,700.0,700.0
787,0.14046421763438255,0.37478556220108394,0.17743313507460667,873.865239224603,16.642093595264082,0.0687689817986119,0.17365137453184223,158.0,86.0,0.9241035453656132,0.7312880145271473,0.0,0.0
788,0.09991370708267094,0.31609129548703324,0.13857113873831656,147.1955965471243,25.125230636098344,0.09970329617499343,0.2300905367152965,160.0,70.0,0.8367915150976185,0.7425501507993597,700.0,1100.0
789,0.04444416046222103,0.2108178371538353,0.07896213529810549,417.42379675107156,6.629290556204322,0.024644202811168484,0.08821931199227637,85.0,18.0,0.657951748065336,0.3515220172072848,1750.0,2250.0
790,0.2752680580494875,0.5246599451544662,0.2912051790056209,913.6340579674181,16.003917974897668,0.05862241016446032,0.12217052261186197,171.0,55.0,0.5502830951072976,-0.10227414957689572,2050.0,2550.0
791,0.30569426165032143,0.5528962485406475,0.33897011923289555,3056.9410700982507,39.08483435648329,0.11772540468820268,0.1939506826028943,218.0,122.0,0.11206650906738233,0.4606144618452608,4650.0,3300.0
792,0.0647897005614447,0.2545382104153416,0.14029936330406031,167.73483028866653,35.76053174434694,0.12000178437700317,0.2193566571699384,114.0,187.0,0.0,0.0,3850.0,3600.0
793,0.013901067232907162,0.11790278721432823,0.046061285772912484,45.13432671072248,6.7674048972625425,0.026230251539777295,0.09680344251722177,55.0,68.0,0.0,0.0,1350.0,1550.0
794,0.13802895801929077,0.3715224865594151,0.14436523258190623,137.3173467614111,3.268559624024501,0.011842607333422106,0.02099678978738534,93.0,74.0,0.0,0.0,1700.0,1800.0
795,0.21285519526338365,0.46136232536194766,0.23299694108818814,347.7714497848113,9.599798608488385,0.03428499503031566,0.12470144472351065,183.0,63.0,0.0,0.0,2200.0,2550.0
796,0.1872238918257407,0.4326937621756763,0.2269028003823779,283.29171935278896,29.821024952328308,0.1207328945438393,0.20040218287128916,209.0,142.0,0.6880124579623357,0.7018326281069085,950.0,1200.0
797,0.04164817214604731,0.2040788380652127,0.11339222828029262,249.9578693381113,17.679226007898315,0.06825955987605527,0.20639852205320688,67.0,84.0,-0.1796783392359055,0.6548875063911189,8650.0,1700.0
798,0.21888646624787167,0.46785303915639115,0.2465838262515332,453.7585054832,12.987878247495876,0.04447903509416396,0.1420985538991042,176.0,136.0,0.0,0.0,2650.0,2750.0
799,0.06489953789894469,0.25475387710287095,0.10641763100939697,48.123537292319135,16.104663816762624,0.0662743366944964,0.21329432554866942,77.0,81.0,0.0,0.0,150.0,400.0
800,0.17122069518558894,0.4137882250446343,0.20281985813543887,76.12200856195167,16.68658560956943,0.06344709357250734,0.1623892422912964,96.0,162.0,0.5536951755778422,0.6318146404782904,1550.0,1750.0
801,0.08205247473866227,0.28644803147981707,0.12387696618909136,67.22645740590323,11.713229494179531,0.04403469734653959,0.16626198586293936,89.0,91.0,0.7392193471637315,0.69133963046276,1200.0,1550.0
802,0.059876710024676795,0.24469718025485457,0.0894388604906143,59.9306881554155,2.3106292356114655,0.009392801770778315,0.025351941968629246,27.0,29.0,0.0,0.0,200.0,0.0
803,0.08119472575201883,0.2849468823342674,0.10403599521558536,146.68667985592393,1.3914439359364612,0.005096864234199492,0.019617641636690292,98.0,100.0,0.0,0.0,1350.0,1300.0
804,0.026332689523703434,0.16227350222295517,0.0640599673101376,81.29699201477531,1.6489379036052834,0.006391232184516602,0.010932253574577866,58.0,56.0,0.0,0.0,1350.0,1200.0
805,0.4606441747515006,0.6787077240988941,0.3585434545766906,187.25943310563187,4.054077221798619,0.014742098988358614,0.022152501571493333,61.0,72.0,0.0,0.0,1750.0,2100.0
806,0.5706447498209681,0.7554103188472925,0.40723898811563825,116.25200156072302,4.236773041472427,0.019084563249875796,0.019397158846078955,1.0,1.0,0.0,0.0,-7900.0,-50.0
807,0.15062593451946815,0.38810557135844903,0.13217932910536712,52.57133741290966,17.60759932013757,0.06310967498257193,0.09973444363375593,150.0,211.0,0.0,0.0,2150.0,1950.0
808,0.10447425851416375,0.3232247801672448,0.11447259405142804,73.10660417064959,11.100001450969744,0.04126394591438567,0.09971838836941994,74.0,87.0,0.6016938383696057,0.520479052532908,2050.0,2150.0
809,0.050099955843095824,0.22383019421672273,0.0772705669100329,59.302100795527814,4.986712316347793,0.020107710953015296,0.026703746051497612,31.0,31.0,0.0,0.0,500.0,550.0
810,0.04229864006062705,0.2056663318597068,0.07800725544974718,73.40625566569284,3.266922489300942,0.011836675685872978,0.027443537519385518,78.0,76.0,0.0,0.0,2050.0,2250.0
811,0.07530055205439837,0.2744094605774341,0.11091845341800663,308.89289084755575,1.6820232377053554,0.006323395630471261,0.011275709042695087,85.0,71.0,0.0,0.0,1550.0,1550.0
812,0.295288585625051,0.543404624221262,0.2729586180651637,102.1163093957054,22.47519772337125,0.08513332470973958,0.15478992045413667,47.0,193.0,0.0,0.0,1650.0,1400.0
813,0.16388664839707703,0.4048291595192681,0.17589525876777912,95.50822496592193,21.151154671050097,0.07833760989277813,0.23255379625079908,95.0,127.0,0.0,0.0,950.0,1050.0
814,0.1941840565725489,0.4406632008377247,0.21376388456204706,119.38010207937373,10.41561491594185,0.03719862469979232,0.15747458968238934,157.0,97.0,0.0,0.0,1200.0,1000.0
815,0.23881694016682808,0.4886890014792926,0.2266342343665266,140.90725749229077,32.38611980627538,0.13899622234452955,0.20117917551187042,75.0,146.0,0.0,0.0,0.0,200.0
816,0.3490978652760659,0.590845043370989,0.3501256540525832,274.8857028369386,43.028385691593556,0.15097679190032826,0.23315111999903537,202.0,210.0,0.0,0.0,2250.0,2850.0
817,0.28059404949641664,0.5297112888134599,0.2801435482196535,495.1817083470683,30.398669980035645,0.10032564349846748,0.23674216805553167,203.0,122.0,0.4776635104125845,0.11707090141451833,2700.0,4400.0
818,0.37739684450153665,0.6143263338825193,0.3137182189865332,139.87957041071257,16.57792895931646,0.062323041200437815,0.21295209216674085,85.0,99.0,0.0,0.0,750.0,1550.0
819,0.2065596238575041,0.45448830992392325,0.1900189612753138,80.72938719171475,6.922604795422895,0.024635604254174003,0.12169569397831512,89.0,117.0,0.0,0.0,1600.0,1950.0
820,0.16991689078641672,0.41220976551558886,0.15931696995995792,114.09238097895067,4.79570223341471,0.017375732729763442,0.02716068675701646,59.0,87.0,0.0,0.0,2050.0,2000.0
821,0.1491999633600498,0.38626411088793866,0.1898326113583397,127.8351744653175,12.373549767978316,0.043722790699570024,0.13518961334837729,126.0,172.0,0.0,0.0,2500.0,2550.0
822,0.24464919142610164,0.49462024971295065,0.2204218055189174,163.3699588998092,26.45419351608548,0.1071019980408319,0.2130143462237309,87.0,206.0,0.6153428428528638,0.7726169696829884,700.0,1000.0
823,0.2134111863621194,0.4619644860399113,0.233804695995371,204.47584319002897,29.34229010399302,0.13041017823996898,0.21028113087759548,144.0,161.0,0.0,0.0,50.0,8300.0
824,0.043326403676131234,0.20814995478291903,0.10825598056418047,161.71528629408408,38.895202968291585,0.17134450646824487,0.23720267890532062,215.0,215.0,0.0,0.0,-100.0,-100.0
825,0.034192517896460974,0.1849121896913802,0.10139599728771366,148.382239064524,41.18278263764689,0.15140728910899592,0.1775615738005847,221.0,215.0,0.5689497485430203,-0.37133306926606524,1850.0,2750.0
826,0.20526636787607708,0.4530633155267342,0.24221430872336877,232.55582573593335,30.559513996427615,0.11984123135853966,0.19714959877294405,218.0,78.0,0.0,0.0,1500.0,1750.0
827,0.22014896816757704,0.46920034970956387,0.21487253208508333,85.33307934037974,28.022067949302258,0.1077771844203933,0.19121370404200644,41.0,187.0,0.0,0.0,800.0,1800.0
828,0.07848073515436627,0.2801441328216,0.1306900210975152,112.45973732280132,14.522825850867914,0.053788243892103384,0.19005729803278903,75.0,97.0,0.0,0.0,1400.0,1750.0
829,0.034353243215939556,0.18534627920716282,0.07528308570161359,223.38646673209675,4.222629558261587,0.015080819850934239,0.04810690763634813,70.0,37.0,0.0,0.0,2800.0,1800.0
830,0.2004178151231579,0.44768048329490295,0.23556846353453761,229.75952514731452,15.899873141491902,0.06309473468845993,0.15051522924429692,156.0,115.0,0.841215621936997,0.7662445810164519,750.0,900.0
831,0.4546143989037372,0.6742509910291102,0.36897901635390934,140.36289023524697,13.501975170426133,0.048221339894379045,0.14078279605982363,108.0,121.0,0.0,0.0,3650.0,2400.0
832,0.0982803498443179,0.31349696943402483,0.11098078341611511,72.89497118883132,3.901190326666548,0.015604761306666192,0.0734477740329648,1.0,47.0,0.0,0.0,50.0,650.0
833,0.29566517933585845,0.5437510269745323,0.28558544545437614,177.58874095545073,17.67017232267604,0.06667989555726808,0.12962162575470262,168.0,166.0,0.5879839679525413,0.6622899163451877,1600.0,1500.0
834,0.058656094272832235,0.24219020267721864,0.08567516021853293,40.0161918210425,14.869068540872183,0.05548159903310516,0.1497494595664839,75.0,82.0,0.570676996720963,0.576666158481191,0.0,1700.0
835,0.3148243448940302,0.5610921001885789,0.28937467155575036,128.8830683367043,18.64222638047867,0.07456890552191468,0.14398524426650935,139.0,161.0,0.5576235037901026,0.7797396886191332,1650.0,1000.0
836,0.41901606513236095,0.6473145024888296,0.3559594768883834,109.43766126673005,33.08136518060243,0.10402945025346677,0.17907982796265975,212.0,217.0,0.0,0.0,4300.0,3650.0
837,0.08067055413951732,0.2840256223292492,0.14687067534103238,78.33086427995816,26.925621384681754,0.09349174091903387,0.19871360617932232,211.0,114.0,0.0,0.0,2850.0,3100.0
838,0.01398059571792114,0.11823956917175037,0.036628587168489934,25.78422818039326,7.531103669367855,0.03164329272843636,0.0870514315287897,50.0,10.0,0.983360873863377,0.9864326362617771,0.0,0.0
839,0.0885364694920561,0.29755078472767654,0.11947335650183429,318.0761777463714,2.6859577751579122,0.009326242274853862,0.019035970433120563,108.0,52.0,0.575946293054843,0.39442856220573136,2550.0,3100.0
840,0.09753666356787283,0.3123086030961568,0.13054290985403708,109.8676193086671,1.2013823129193433,0.0044006678128913675,0.011117797026044509,85.0,95.0,0.0,0.0,1700.0,1850.0
841,0.25082792185408626,0.5008272375321516,0.2461431831595817,142.14616384944975,17.808840908294307,0.06475942148470658,0.13385632032864328,45.0,175.0,0.0,0.0,1500.0,1550.0
842,0.2668258098260715,0.5165518462130123,0.2691311122513465,132.40200184159386,34.08900939616259,0.12486816628630984,0.20442429995189532,79.0,219.0,0.0,0.0,1400.0,1850.0
843,0.41840997927421647,0.6468461789901958,0.37891913027517604,132.67234699998187,41.89243354253605,0.137352241123069,0.1967739067406161,207.0,218.0,0.0,0.0,2750.0,3150.0
844,0.24840466425600854,0.4984021110067739,0.23844900608117617,134.04625637134336,47.168081609162286,0.1649233622697982,0.23970151509344367,66.0,219.0,0.697014429983434,0.06607593805811632,1400.0,2850.0
845,0.04567540948171394,0.21371806072888164,0.0905174739885736,127.2380631080563,18.460046219568184,0.07534712742680892,0.2935447699589155,48.0,75.0,0.8384897837564413,-0.5069859077041853,600.0,8250.0
846,0.24482275684368565,0.4947956718117951,0.2722999877070642,412.82511397198067,20.73043914918352,0.07912381354650198,0.1348168105987238,167.0,63.0,0.583907727222402,-0.10273577180014401,1700.0,2950.0
847,0.1665751344537177,0.40813617145962167,0.18345799894690082,77.64925083474986,14.287353785644477,0.050844675393752585,0.1732644389600668,110.0,94.0,0.5941599202492142,0.5935465384788683,2050.0,1900.0
848,0.1537166410515067,0.3920671384488972,0.19350779941669963,116.05543713652725,24.987094618818304,0.10368089053451579,0.1679065294840432,160.0,167.0,0.730525097882594,0.7882867148414273,600.0,650.0
849,0.17040427546865922,0.41280052745685686,0.22316798920791048,1991.032899059736,33.086515056096474,0.11774560518183798,0.22854661488646805,204.0,160.0,0.0,0.0,2250.0,1500.0
850,0.27642410164726733,0.5257604983709477,0.3058608496206757,260.637843554444,38.94874160408819,0.15394759527307586,0.225286684996933,211.0,178.0,0.5551843555648753,0.7100881653270549,1400.0,1050.0
851,0.15606951389518978,0.39505634268441986,0.17170004629530297,275.43250006971067,22.113617956654,0.0778648519600493,0.22406106137528384,116.0,112.0,0.5930425394728516,0.5191967862380543,2000.0,3050.0
852,0.05250921301221389,0.229148888306738,0.08509152618728393,47.06641669115809,2.5348991263399134,0.00978725531405372,0.03449437882290192,69.0,69.0,0.0,0.0,950.0,800.0
853,0.03985183800677652,0.1996292513805943,0.07319300073817366,57.858585268973975,2.0450420119752195,0.008147577736953066,0.04230210437452475,45.0,51.0,0.0,0.0,100.0,300.0
854,0.14236960256582734,0.37731896661290076,0.12874605754315194,294.9690760833492,1.0663995457943714,0.003920586565420483,0.015982304361626655,83.0,25.0,0.6636869207995567,0.3840729645420428,1750.0,2100.0
855,0.2843093981021695,0.5332067123566333,0.25952989951340244,129.37366802737108,6.963656213078456,0.02469381635843424,0.18629271326838595,76.0,115.0,0.0,0.0,2650.0,1900.0
856,0.17709505241290954,0.4208266298761398,0.20813533013482766,132.04413563661842,17.81130504235088,0.07124522016940352,0.22465354491935416,139.0,69.0,0.88324977941555,0.8568529383984655,500.0,750.0
857,0.05146405661799194,0.22685690780311704,0.07910563362939041,145.3994060179896,18.057509727032926,0.0725201193856744,0.24417788035630328,100.0,46.0,0.0,0.0,750.0,2450.0
858,0.04468079379635323,0.21137831912557453,0.08348347566519519,35.47894392649526,3.2597049001502265,0.012441621756298574,0.029827593683437972,74.0,66.0,0.7246718062433983,0.7454645414316959,1350.0,1200.0
859,0.19028918198944403,0.4362214827234487,0.19585485571271313,189.40946866477913,11.182230060108433,0.04419853778698985,0.12344582561068922,55.0,139.0,0.0,0.0,750.0,650.0
860,0.036604314319519826,0.19132254001951737,0.09294591022438105,82.46712714713583,14.493757852744823,0.062204969325085076,0.19658091593716595,42.0,60.0,0.808936419650895,0.9839319392760302,-750.0,0.0
861,0.1566514508401746,0.3957921813782766,0.1817211594934787,144.97922554490512,4.949082263872458,0.017802454186591574,0.050184930491329875,71.0,75.0,0.0,0.0,1350.0,1150.0
862,0.27377490131677923,0.5232350344890709,0.281373051624479,233.5749574548832,22.401424280080647,0.08854317897265078,0.14501895156383376,180.0,154.0,0.7059824128682727,0.4833858595920533,850.0,1050.0
863,0.3909538334343493,0.6252630114074791,0.3796963433757665,694.9260255391807,38.064611799288855,0.12521253881345018,0.22637831916737636,219.0,107.0,0.0,0.0,2650.0,0.0
864,0.4422145849221862,0.6649921690683178,0.4168043801480408,274.2109267975774,39.87318238527105,0.1329106079509035,0.18152539363496611,219.0,108.0,0.22883503932070787,0.3824719293774286,3000.0,2500.0
865,0.06769616717591535,0.2601848711511016,0.1355239169665192,81.98518521516239,18.43235701828355,0.07008500767408193,0.20572149893520242,86.0,65.0,0.5923056100338698,0.6533318170947761,1800.0,1400.0
866,0.2456885262227894,0.49566977537750817,0.253758291366741,828.3855020282501,17.785906237828222,0.06762701991569665,0.1363589134529378,184.0,86.0,0.6238935198304305,0.6611690129832394,1550.0,1650.0
867,0.17425406895096568,0.41743750304801996,0.2031332844806734,430.2935024082793,27.792579730680835,0.12243427194132527,0.19245576330088635,170.0,36.0,0.9802383925487541,-0.5626061326060559,0.0,5100.0
868,0.0649463947042884,0.2548458253617045,0.1080651654063401,244.21739649780153,23.14330244686131,0.09220439221857095,0.21954204277553213,76.0,199.0,0.7951632444295884,0.89484523119467,-700.0,-350.0
869,0.15837439917980473,0.3979628113025195,0.18476077332504823,92.72195004524005,16.531047067292334,0.07034488113741419,0.11547199656687568,40.0,170.0,0.8965669779382142,0.9050834834424305,400.0,200.0
870,0.17266013354047618,0.415523926555952,0.20509214187903277,114.39045148779175,19.222229563287996,0.07508683423159374,0.14369185000357468,154.0,156.0,0.0,0.0,1250.0,950.0
871,0.059803554650404704,0.24454765312798385,0.09904399484585275,92.96077448870605,22.150112570868114,0.08686318655242398,0.17984116662130023,86.0,169.0,0.8901249014256901,0.49917000509110937,450.0,1400.0
872,0.08777515950139472,0.29626872852428204,0.14122059640699372,189.4582699206238,10.61432923302613,0.038044190799376806,0.09599004823561029,102.0,119.0,0.26298668971385514,0.43289200164742536,2300.0,2200.0
873,0.2261874031444849,0.47559163485545547,0.22778105626568515,104.55779576307566,21.405244180637432,0.08427261488439934,0.18108536452570737,71.0,182.0,0.0,0.0,1100.0,1000.0
874,0.2253064716732094,0.47466458860253036,0.24328563599879474,152.8054614140927,31.60491217632707,0.1362280697255477,0.2518714603075161,186.0,190.0,0.0,0.0,50.0,0.0
875,0.1277901590975129,0.3574774945328907,0.16389833089886735,132.12351951023984,31.588843245765407,0.10323151387505035,0.20564987437090487,217.0,101.0,0.0,0.0,3400.0,3200.0
876,0.1992559361590807,0.446380931670564,0.22993599109813787,206.72687701382765,26.229113694858462,0.10205880815120025,0.15985942617286095,208.0,144.0,0.0,0.0,1300.0,1150.0
877,0.026837965708165195,0.16382297063649284,0.07018283247112587,69.77516793098415,12.556878412149942,0.05320711191588959,0.2158889808349292,70.0,71.0,0.9439007549067785,0.9340390811118449,50.0,100.0
878,0.28553533522588204,0.5343550647517828,0.3036202623988753,528.0116955329672,23.23475282327427,0.08801042736088739,0.15537285268653506,161.0,140.0,0.0,0.0,1700.0,1400.0
879,0.2692333471734616,0.5188770058245611,0.2973003089150296,881.4303709346228,35.85501728794304,0.11169787317116213,0.21770201601387507,213.0,198.0,0.29097247152889466,0.2967098144812476,4150.0,4750.0
880,0.27715535697083543,0.5264554653252594,0.2640586413539849,704.9977263105162,29.499116313378618,0.11007132952753215,0.15543645520935312,82.0,190.0,-0.9419105013064856,0.38503066419744547,-6100.0,2050.0
881,0.23378842991296517,0.4835167317818125,0.2539286864223649,133.8157789972621,28.683864585347333,0.10355185770883514,0.25986578365865,182.0,141.0,0.0,0.0,1500.0,1850.0
882,0.20865137898568112,0.4567837332761327,0.24084441579418137,103.31860096940233,25.074356926812808,0.09533976017799546,0.17917195542218636,196.0,173.0,0.0,0.0,1200.0,1550.0
883,0.15081320610786322,0.3883467601356592,0.1840971936174377,125.8577241521928,32.82908133184925,0.13399625033407858,0.24699135953961443,96.0,194.0,0.0,0.0,2200.0,450.0
884,0.06247497380644994,0.24994994260141357,0.11234873709527024,95.90235077560008,17.20475677840398,0.06909540874861037,0.22723344088864017,36.0,74.0,0.6320267144928795,-0.3214470428107622,1450.0,8850.0
885,0.1583886000996948,0.3979806529213384,0.14740545422415097,47.41387312880852,4.072608540056272,0.014702557906340334,0.031460365080501214,61.0,81.0,0.540888855872081,0.6041125458785289,2200.0,1900.0
886,0.00480843351842458,0.06934286926876174,0.03161741893459943,46.06951844974926,8.57345048705428,0.03223101686862512,0.040725890050255426,51.0,48.0,0.0,0.0,1900.0,1500.0
887,0.15585871822984815,0.3947894606367401,0.17282859079848814,105.38269092919992,12.612159839674012,0.045367481437676306,0.11524882605042357,56.0,180.0,0.0,0.0,3400.0,2000.0
888,0.09078088111832977,0.30129865767761027,0.10899926712721103,255.38026163626225,7.9833654592745145,0.030823804862063764,0.10637465274558805,66.0,81.0,0.0,0.0,1250.0,1250.0
889,0.21579914447867873,0.464541865151763,0.23826783094957654,150.71100675460346,10.289910992127016,0.03572885761155214,0.11663050474541875,143.0,171.0,0.6602632306839203,0.6222943027970006,2000.0,2050.0
890,0.13998610436180925,0.37414716938901094,0.1928974190205659,129.72021870994868,24.58607242095706,0.10035131600390636,0.186461906723656,165.0,164.0,0.9154129840724228,0.8970386985907082,300.0,450.0
891,0.36715756042003994,0.6059352774183394,0.2872891910041375,119.33255369822906,16.163817827066598,0.052650872400868395,0.2120438219924835,155.0,156.0,0.0,0.0,2100.0,2150.0
892,0.10845565560371533,0.32932606274589826,0.1551188833915166,226.86330042519836,22.479770971279127,0.08515064761848154,0.23154796822489315,68.0,132.0,0.6489161888049633,0.6341872748494406,1400.0,1250.0
893,0.2400867967130703,0.48998652707301077,0.25533143242494694,225.740767519444,27.582041945727255,0.11492517477386356,0.1777244618817227,195.0,132.0,0.0,0.0,600.0,650.0
894,0.2191282382792725,0.46811135243579866,0.26118752755661007,337.5633353894177,40.67427694657683,0.12831002191349158,0.25783370309419523,117.0,215.0,0.326973161289608,0.43032375762272657,3750.0,2950.0
895,0.044749650509907875,0.21154113195761215,0.12361600944411452,39.01113722399001,34.72532381153588,0.12491123673214345,0.20354163014219642,195.0,87.0,0.5449872486647374,0.4873014942138968,1900.0,2200.0
896,0.06092795022255731,0.24683587709763202,0.10434830489451363,68.9419952643372,14.045150330815108,0.05595677422635501,0.15896443794455084,101.0,58.0,0.8810681351711006,0.8309649900176185,550.0,850.0
897,0.3038844904418352,0.5512571908300473,0.26800631421312615,91.45827862716092,19.46412831630694,0.06711768384933428,0.3185985483578808,61.0,191.0,0.0,0.0,2950.0,2300.0
898,0.1788719975557393,0.4229326158571118,0.16231107118656646,76.05658229550792,9.65939331632714,0.0359085253395061,0.1350665985958469,72.0,82.0,0.04960307306115528,0.8002246976717716,4700.0,1050.0
899,0.010431155514561115,0.10213302851948099,0.03781645022708784,150.89635114570112,4.507901685412134,0.01740502581240206,0.021259347734229106,46.0,10.0,0.6857895255385194,0.7189205654834879,1250.0,700.0
900,0.2654992937270409,0.515266235772383,0.22802002265202406,88.79539520192448,18.29263276921524,0.07317053107686096,0.12186949485045402,123.0,155.0,0.8447064079177398,0.9149337287714095,150.0,100.0
901,0.0746773914636237,0.2732716440899489,0.12887441397833754,84.76968128241197,19.69374487653564,0.07267064530086952,0.16665523734280188,77.0,91.0,0.5514555983752164,0.5551038098710792,1800.0,2050.0
902,0.11557750132213115,0.33996691209900287,0.13954192435004206,101.70304473286285,5.393890797327237,0.01954308259901173,0.06228154162932264,99.0,93.0,0.7013707096344635,0.684459085917548,1650.0,1800.0
903,0.18751985282768596,0.4330356253562586,0.21540918701369882,164.0160734573686,10.352041799690832,0.03906430867807861,0.13235789471655515,146.0,143.0,0.7765544056388959,0.7704759131542054,1200.0,1200.0
904,0.1907177002604342,0.4367123770405806,0.22596463283821744,899.0686011883182,25.507823840020304,0.10327054186243038,0.19206326959471517,199.0,102.0,0.0,0.0,700.0,1150.0
905,0.07797809464719396,0.2792455812491828,0.11774840854817058,92.48011881810814,23.235962892014502,0.09257355733870319,0.2059510838310606,157.0,60.0,0.7826606128967248,0.6054879469151234,300.0,1300.0
906,0.14208327891361788,0.3769393570769944,0.13456206455525893,75.69636896722488,7.771755283781421,0.02878427882882008,0.08661666736857852,88.0,73.0,0.0,0.0,1850.0,1750.0
907,0.3536400286444206,0.5946764066653566,0.2901319910310428,110.52108236234308,14.525096426041884,0.048578917812849114,0.1446948877280618,66.0,193.0,0.0,0.0,6850.0,2500.0
908,0.024899797198426065,0.1577966957779093,0.04693807030008464,36.39398530591691,23.329730767178408,0.10415058378204646,0.1753116198214713,199.0,53.0,0.0,0.0,50.0,0.0
909,0.027405687393807852,0.16554663208234668,0.08714368571459268,24.94984161687338,37.63602955243894,0.138878337831878,0.15775539133041072,180.0,212.0,0.0,0.0,9650.0,1750.0
910,0.03229475038745984,0.17970740214988318,0.06970767520465769,58.00260434092893,10.320825565581377,0.040955657006275306,0.15782410438588612,98.0,65.0,0.0,0.0,950.0,1050.0
911,0.12679101554005776,0.35607726063321954,0.16143678128868427,131.1191264593525,6.246165957148529,0.02279622612098003,0.04490915463035859,68.0,68.0,0.5845020295614844,0.6549734157274747,1500.0,1450.0
912,0.0714834640707425,0.26736391691988376,0.11806023414885916,59.13279340072691,11.260404896750318,0.0400726152909264,0.06674625078505182,65.0,148.0,0.0,0.0,2050.0,1750.0
913,0.2118062120311827,0.4602240889297112,0.2207824335501814,118.89632088385065,19.22899558367281,0.07785018454928262,0.1613907862152819,75.0,183.0,0.883036903373096,0.8994857816578316,150.0,0.0
914,0.17896821122031997,0.42304634642119293,0.1999105677056783,669.9560375383834,27.5662805116994,0.09845100182749786,0.22387049076494256,120.0,179.0,0.6499267492712889,-0.6291499548138579,1750.0,7300.0
915,0.28668618417048375,0.5354308397640948,0.2630486618331585,117.98550821465965,28.52929742573257,0.1080655205520173,0.20531989279109567,208.0,210.0,0.5735378962698405,-0.021717480596449158,750.0,1850.0
916,0.22703244745759232,0.4764792203838404,0.2567038425081339,969.8379996910196,26.26707117525835,0.09987479534318765,0.16114156439389857,214.0,95.0,0.2634652147101617,-0.7318951748271968,2050.0,-6250.0
917,0.2442816973999019,0.4942486190166867,0.24533196608358726,184.97076636067712,27.567597477154102,0.10768592764513321,0.20309175274847485,186.0,172.0,0.0,0.0,2700.0,1050.0
918,0.404320675303456,0.6358621511801563,0.33827907281532715,210.9951933602763,33.405854990382956,0.10952739341109166,0.20265348715004647,221.0,105.0,0.0,0.0,4600.0,3450.0
919,0.03322295032867648,0.18227163884893471,0.060275798908536106,20.76393795933849,13.604615548799234,0.05621741962313733,0.09534726885834367,63.0,39.0,0.0,0.0,400.0,400.0
920,0.2318933347613589,0.48155304459774617,0.24151117803630504,345.010543895643,7.309050228433992,0.0242825588984518,0.05317384726877632,113.0,115.0,0.0,0.0,2400.0,2450.0
921,0.12948911892906592,0.3598459655589679,0.1340662881491597,79.86560194020636,8.710351270454424,0.03155924373353052,0.04684870016754132,62.0,79.0,0.0,0.0,2350.0,1250.0
922,0.1830565485775774,0.42785108224425167,0.2090081065449944,285.58909396893023,27.768305389070964,0.1047860580719659,0.16991503887201112,164.0,191.0,0.21187331966066622,0.38711011374745563,1950.0,1950.0
923,0.04053375518854809,0.20132996594781435,0.10850597193368715,58.90485069105112,23.253638135823568,0.10110277450358073,0.22251453143272934,68.0,211.0,0.8744263244581515,0.919987538868325,450.0,250.0
924,0.20643766526315457,0.45435411879188964,0.23642193432125405,208.1318559295686,18.44615200391181,0.06934643610493162,0.22965599360816574,105.0,133.0,0.741674469357606,0.8047441238917912,1150.0,850.0
925,0.26055523342617504,0.5104461121667742,0.27935101017135416,169.48704658492957,24.103128449042586,0.08457238052295644,0.15860035078287021,206.0,124.0,0.5302644493433822,0.5055167256757925,1950.0,2300.0
926,0.40770166725794477,0.6385152051893085,0.32586069501102155,147.79646109968328,21.05228384854325,0.08627985183829201,0.20068436145614502,63.0,62.0,0.0,0.0,550.0,1000.0
927,0.15436149525587867,0.3928886550358494,0.1477858187763331,155.34666774489338,16.354237262389116,0.06757949281978974,0.11467476289928337,148.0,38.0,-0.7856262520136641,0.8156431126490787,6500.0,500.0
928,0.05880788974363106,0.24250338089113532,0.09625057680427736,49.1121146289806,7.163218419825628,0.026143132919071634,0.09102386755014456,107.0,87.0,0.6420699321030815,0.6503939886605263,1750.0,1600.0
929,0.07864244199159197,0.2804325979475139,0.11189933294652712,285.71331651890483,2.44650032396203,0.008706406846839964,0.032279764999899374,89.0,62.0,0.0,0.0,1950.0,1950.0
930,0.09820533433001916,0.31337730346982556,0.09141708571040637,102.33045341689062,1.4981475656313863,0.005762106021659178,0.015429303109152631,13.0,51.0,0.0,0.0,1700.0,1450.0
931,0.20890706381257887,0.45706352273243034,0.25417616847921576,242.11728218991448,20.28715606496393,0.07569834352598481,0.15256338416172355,178.0,81.0,0.0,0.0,1400.0,1450.0
932,0.17210230558258197,0.41485214906347295,0.20679041343695975,545.277657049329,22.397843989932827,0.075160550301788,0.2272888368174136,111.0,99.0,0.42560333606051826,0.434770142899367,2850.0,2550.0
933,0.013860200481055114,0.11772935267406813,0.04340223983942374,27.911754701962522,5.915613038083378,0.024145359339115827,0.06778110685368603,4.0,42.0,0.8921408534068584,0.8032346212926829,0.0,850.0
934,0.2668925023766854,0.516616397704027,0.2633228892603197,311.28673930286345,24.292877577207232,0.0979551515209969,0.16693720255367875,167.0,170.0,0.0,0.0,950.0,950.0
935,0.22200972522453963,0.47117907978234735,0.2412282454127428,219.23311322791733,35.52919015740814,0.11243414606774728,0.2476929315082688,215.0,134.0,0.0,0.0,3300.0,3850.0
936,0.08255095151208726,0.28731681383463664,0.10785044166524313,273.3034954719797,8.859689919648321,0.03447350163287285,0.0892543448688471,71.0,84.0,0.0,0.0,850.0,1900.0
937,0.17988315628143137,0.4241263447151466,0.17808652475985837,102.46585184988537,2.3543723631367435,0.00831933697221464,0.01642606007205238,111.0,92.0,0.0,0.0,2000.0,1850.0
938,0.040906873064592224,0.20225447600632285,0.07164971935563749,30.442138517888978,0.8040340973418505,0.0026890772486349514,0.01038180581743745,58.0,70.0,0.6935442954226011,0.6778584118528561,1300.0,1550.0
939,0.10496742395959396,0.32398676509943114,0.13539034783342335,199.03103472081,4.465616652591453,0.01765065870589507,0.05762416756418145,62.0,62.0,0.6791424144230231,0.7193361539936087,1200.0,1200.0
940,0.27685260652788785,0.5261678501465933,0.27593501416418253,157.2559350719371,20.71487125825528,0.0845504949316542,0.12266833413126384,55.0,155.0,0.7536825701581372,0.6287746839934051,450.0,550.0
941,0.15692435735340304,0.3961367912140995,0.21101261067433608,177.5896663609129,37.3653380073625,0.12580921888000843,0.18511519043523134,208.0,199.0,0.0,0.0,3000.0,9750.0
942,0.06099917155105007,0.24698010355299893,0.09476505422201555,31.559686225115307,7.197185299315078,0.025982618409079703,0.14319578148023204,85.0,93.0,0.0,0.0,1700.0,1850.0
943,0.18024343291049402,0.42455086021641036,0.17760549204863588,74.41670767989396,7.995126244362086,0.028967848711456835,0.11096323668143034,60.0,144.0,0.0,0.0,2150.0,1550.0
944,0.19167521778432797,0.4378072838411074,0.19298245356427263,88.45690472033547,16.16701550302729,0.061471541836605664,0.16183799011598227,68.0,106.0,0.0,0.0,1750.0,1550.0
945,0.12640508360506075,0.35553492599892456,0.12411994830260194,254.45094894139805,3.080705540045612,0.011121680649984159,0.02095805718370515,84.0,9.0,0.5654059338309926,0.185250239404231,2300.0,2850.0
946,0.0005097604289365726,0.02257787476572081,0.007829399612484094,9.901397157943602,2.4850346648191586,0.009413010094011964,0.010760482033751089,44.0,40.0,0.0,0.0,1850.0,1850.0
947,0.06235231842457119,0.24970446216391726,0.09790065601398487,61.128968214731096,1.4050448482901325,0.004895626649094539,0.013936527778755746,96.0,88.0,0.5578995324988556,0.5470179561474764,2300.0,2500.0
948,0.2274083960509368,0.4768735640093051,0.2476499186570309,222.41543254102018,10.489176391289066,0.037064227531056766,0.107616861306522,139.0,142.0,0.597992842686902,0.5921822484287009,2450.0,2350.0
949,0.20257413063340676,0.4500823598336273,0.2376090995046832,311.54049890515,21.6389076129504,0.08104459780131236,0.15806224054095072,186.0,113.0,0.6423634568706661,0.6298176995403789,1700.0,1900.0
950,0.4776308018903977,0.6911083864998295,0.3748996491766881,136.24268715635475,19.354643267697995,0.07711013254062946,0.23603350893983865,105.0,88.0,0.0,0.0,7200.0,450.0
951,0.23425437869684854,0.4839983250971521,0.241309642730714,149.33263215321787,10.684233922995732,0.040015857389497124,0.13725060917743087,153.0,132.0,0.7590262406062775,0.7655436904480329,1200.0,1200.0
952,0.1761835392402563,0.4197422295174221,0.21935441298164654,253.6830909627339,32.58246870117054,0.14610972511735668,0.2032947215833779,187.0,61.0,0.9498640560073639,0.10225524426596545,0.0,-1050.0
953,0.15093422077331983,0.3885025363795194,0.1894122797466031,126.55121634378766,21.2248835563872,0.07421287956778742,0.19319390225674268,109.0,80.0,0.0,0.0,2750.0,2550.0
954,0.29623347091566754,0.5442733420953736,0.31636302615014933,678.323336895031,20.11449611051389,0.06936033141556514,0.1383817344221871,203.0,68.0,0.0,0.0,2650.0,2550.0
955,0.037595704163393674,0.1938961169373788,0.10708629373798342,135.4326711464195,20.396378509043032,0.08093800995651997,0.19075323931944962,220.0,38.0,0.1920631615984952,0.6679523539190072,2450.0,1400.0
956,0.16303356235420322,0.4037741477041382,0.1914349673335131,87.62069676738656,16.636406056590456,0.05736691743651881,0.09797557263168871,130.0,85.0,0.518570208002385,0.5155315054024734,3200.0,2950.0
957,0.0553899511068921,0.23535069812280587,0.08160884143076363,37.576380587402774,1.7853232147481242,0.006788301196760929,0.04960547564893513,58.0,72.0,0.0,0.0,1250.0,1400.0
958,0.03897334251160825,0.1974166723243208,0.07007621991963658,49.75460355341305,0.2650079797492372,0.0009851597760194692,0.0028518123035571876,59.0,74.0,0.0,0.0,2100.0,2250.0
959,0.2447550096182631,0.4947272072751438,0.278930283522592,154.29665038506752,22.02058697380161,0.07921074451007773,0.16725556476524442,193.0,178.0,0.5668952367500145,0.47986440473024766,1850.0,1950.0
960,0.0916786873072653,0.3027848861935901,0.16090639323155745,63.36694388356627,22.799069999808744,0.07676454545390149,0.23810197383343532,113.0,112.0,0.0,0.0,3250.0,3000.0
961,0.20524356575548927,0.4530381504415376,0.21657533518173444,138.84290370545182,18.788659586036932,0.07545646420095153,0.1577630580137217,162.0,165.0,0.0,0.0,750.0,900.0
962,0.2681110739635099,0.5177944321480388,0.30020695066239056,208.2296757048284,39.296809529948085,0.14662988630577645,0.24958236227803574,212.0,214.0,0.0,0.0,1900.0,1450.0
963,0.296168003838061,0.5442131970451112,0.31794090099480704,390.2471441488298,37.67031320533683,0.13405805411151897,0.21543565171150716,218.0,76.0,0.0,0.0,2550.0,1500.0
964,0.23740555181426704,0.4872428058106831,0.2328437440937173,105.21912801030635,30.528089417974044,0.1344849754095773,0.1835581422295083,147.0,161.0,0.9723374339199031,0.9734677288639527,0.0,0.0
965,0.030802392948690492,0.17550610516073364,0.06124935946715371,98.32975007731822,14.761238600830133,0.0664920657695051,0.22910221440819736,48.0,56.0,0.0,0.0,50.0,50.0
966,0.16115278208114947,0.4014383913892012,0.1578960888215314,542.0008679799463,2.1854836227371197,0.007695364868792675,0.024204138965256052,121.0,56.0,0.0,0.0,2000.0,3200.0
967,0.10505067196784755,0.32411521403329335,0.11174735320515054,58.26878053008876,0.3165927453889893,0.0012366904116757394,0.00543206107231888,66.0,66.0,0.7816560558751263,0.7980262743935341,1050.0,900.0
968,0.11267725159768771,0.3356743237092878,0.1477691536635708,137.9821205469619,3.1198814270367854,0.011598072219467603,0.030423691509673365,78.0,88.0,0.4056397055509343,0.6443188387976941,1950.0,1650.0
969,0.11903986427593426,0.34502154175635796,0.11718340207964076,104.98806398747354,10.476873703179226,0.03909281232529562,0.05258701916294369,47.0,52.0,0.5221353077369463,0.5509512716000463,2200.0,2150.0
970,0.21983170322516274,0.46886213669389293,0.21696872491495084,87.6898107585829,19.495436655157473,0.07356768549116027,0.15849455198528684,147.0,186.0,0.0,0.0,1250.0,1500.0
971,0.03730230601224415,0.193138049105411,0.09211948339200904,50.73395844194587,16.799448565630737,0.07466421584724772,0.23113958361067263,88.0,56.0,-0.706234330111387,0.990276275021479,6900.0,0.0
972,0.027018196087275553,0.16437212685633643,0.058939308291376044,112.5263620248236,6.310144498428034,0.024941282602482347,0.0563749676236599,47.0,43.0,0.0,0.0,1250.0,1300.0
973,0.23536290898678017,0.485142153380615,0.23915469057536903,88.83597458444201,23.84459039551224,0.09350819762945976,0.1407397472579134,171.0,193.0,0.769759351409729,0.40865917756761994,1300.0,1450.0
974,0.3931569739618847,0.6270223073877712,0.3066046733673069,116.323046065524,18.620952233584717,0.08131420189338304,0.21322530464876588,184.0,64.0,0.8970535316192597,0.9634946890248077,200.0,0.0
975,0.046932236946642544,0.21663849368623883,0.06906969813172367,178.20137823335867,1.9462654729901538,0.00737221770072028,0.052664500465361565,55.0,47.0,0.6260481815768716,0.5504599082753817,1850.0,2000.0
976,0.19962565198034588,0.44679486566023324,0.20032877358287096,97.34180555832481,14.097714408044796,0.054221978492479984,0.13208809327924245,36.0,166.0,0.7240226581549694,0.6419848468272118,1550.0,1500.0
977,0.12685151755622726,0.35616220680502764,0.1770403685913156,101.39093894481337,28.4735028182706,0.11913599505552552,0.16472182776437358,156.0,110.0,0.7717218744933421,0.8654546673213274,650.0,550.0
978,0.07546710187594365,0.2747127624919229,0.13699628169844774,57.326630295172464,19.182122998643344,0.0687531290273955,0.23389211539377305,106.0,93.0,0.6098816507237458,0.5727064194386868,2000.0,2250.0
979,0.11200266475809331,0.33466799183383716,0.14064705967179764,107.35458328970768,6.138704222557703,0.022820461793894804,0.10324722025734381,91.0,97.0,0.0,0.0,1450.0,1600.0
980,0.2151288963357975,0.4638198964423556,0.2300313686439175,247.9539547639197,4.379730884364872,0.01526038635667203,0.04728892157208673,104.0,100.0,0.5601418101579391,0.43608258613862905,2150.0,2250.0
981,0.15838588620652155,0.39797724332745654,0.20935527657476388,160.259012384867,24.90324662925165,0.08677089417857718,0.21964308690942866,198.0,201.0,0.0,0.0,1750.0,1650.0
982,0.051684565039823126,0.22734239604575104,0.07922260202983536,110.08518523786562,18.805201358585574,0.08176174503732858,0.13180250203871793,49.0,166.0,0.0,0.0,50.0,-100.0
983,0.21955716259123836,0.4685692719238409,0.22571358081069426,288.5915391095776,22.92477595007737,0.08522221542779691,0.15193767558461815,189.0,62.0,0.48556217898973936,-0.08095244743053175,1650.0,4600.0
984,0.20009996841943925,0.44732534962758286,0.21470049052723159,74.73409126042179,23.260917667428117,0.08647181289006735,0.17573223260254503,143.0,171.0,0.5170201757283012,0.6375719596138052,1450.0,1800.0
985,0.5065561998395001,0.7117276163248831,0.37648173172832355,130.04185862467082,12.538672641890798,0.05381404567335107,0.1840452076924472,57.0,62.0,0.0,0.0,550.0,200.0
986,0.10496148534722385,0.32397760007016513,0.10720266921728204,74.9879001319174,3.433871426512541,0.013466162456911927,0.04132553998440446,56.0,62.0,0.7497438809103869,0.7411998249505665,1150.0,1200.0
987,0.12222423160519486,0.3496058231854768,0.1300736855288758,84.04450395982258,2.288937350504174,0.008703183842221194,0.01279468818762962,70.0,73.0,0.0,0.0,1100.0,1100.0
988,0.02991233413897139,0.17295182606428702,0.06231107115387825,62.61595871209178,4.484193959222938,0.017585074349893873,0.02670470918357233,25.0,58.0,0.5753858942337765,0.7801295596284348,1250.0,1000.0
989,0.09178989053402874,0.3029684645867103,0.12914808517188334,73.02488336382056,2.756186161472335,0.009603436102691062,0.023035939102986378,96.0,100.0,0.581433856436941,0.5637972256214882,2400.0,2550.0
990,0.14754313347947706,0.3841134382958725,0.16339531687891884,457.55303698462484,6.774650095503819,0.025468609381593305,0.06025152737498132,144.0,44.0,0.5578167430614873,0.48186877255110555,1650.0,1850.0
991,0.2833357784581323,0.5322929442122376,0.24888585938847924,121.42899224253124,7.5760382285218855,0.02902696639280416,0.06008251327216674,51.0,52.0,0.49914640569847785,0.5797030880746715,1500.0,1200.0
992,0.06459302157172477,0.25415157204259975,0.1173224575566399,151.81472313514254,14.151730092717306,0.0536050382299898,0.08255098341031028,29.0,211.0,0.0,0.0,800.0,850.0
993,0.07328373420813743,0.27070968621040775,0.08415653069896861,82.44435196357371,7.2686836637637215,0.02895889905881961,0.06920008463410379,56.0,75.0,0.7629445323497792,0.7751640421980881,1100.0,1100.0
994,0.03062839934309232,0.17500971213933333,0.06484449848885325,45.16426128916514,2.184045994436745,0.008367992315849598,0.01514175488609837,62.0,64.0,0.7588300052800422,0.7854125094968378,1050.0,850.0
995,0.011194103207886556,0.10580218905054165,0.02904688158357776,85.15054378215633,1.3053206028414641,0.005179843662069302,0.010196730595801432,50.0,31.0,0.0,0.0,1000.0,850.0
996,0.13826454931753207,0.3718394133460466,0.1257078626278953,47.15936139052078,0.6676976440464824,0.002454770750170891,0.0055231189179406025,51.0,66.0,0.0,0.0,1400.0,1900.0
997,0.03270834913475598,0.18085449713721796,0.06388782800325347,112.43651387943908,2.3063861689616796,0.00867062469534466,0.014078039287125126,69.0,62.0,0.6675274405289261,0.6607379760000561,1450.0,1300.0
998,0.1417524225331807,0.3765002291276603,0.1867996349484024,61.62334999872816,13.108664005594427,0.04819361766762657,0.1324441022735192,158.0,173.0,0.6319115021979793,0.6295771072841279,1550.0,1750.0
999,0.2132285498381696,0.46176676995878513,0.237371184879767,190.60098382888768,31.305113015818275,0.1304379708992428,0.211931827377279,201.0,76.0,0.0,0.0,400.0,2300.0
1000,0.22716480822273682,0.4766180947286169,0.2402491886573551,153.79370355271422,29.760017606310544,0.11402305596287565,0.2555956254654495,68.0,178.0,0.6105084608976221,0.6473915248302491,850.0,1600.0
