timestamp,v0,v1
2025-06-03T22:20:21.596199,-5.074570913390906e-06,-2.892312384263405e-05
2025-06-03T22:20:21.618219,9.073016353699435e-06,-0.0006825091366981246
2025-06-03T22:20:21.666780,2.724026997675758e-05,-0.0005002048059774472
2025-06-03T22:20:21.715853,3.2121901375204e-05,-0.0006198484819844246
2025-06-03T22:20:21.767245,2.1292792975948396e-05,-0.0006669038286383063
2025-06-03T22:20:21.817348,2.3498153144617946e-05,-0.000740476484763783
2025-06-03T22:20:21.868414,1.0910841569223094e-05,-0.0006983076453660612
2025-06-03T22:20:21.915827,8.940293274431787e-06,-0.0007520146497187587
2025-06-03T22:20:21.965897,-2.4766025262268944e-05,-0.0007350449683234221
2025-06-03T22:20:22.016911,-2.6008085079695183e-05,-0.0007052207422383453
2025-06-03T22:20:22.069499,-2.175419855458005e-05,-0.0006956927439394057
2025-06-03T22:20:22.119083,-1.9605388874947027e-05,-0.0006564279406332966
2025-06-03T22:20:22.168292,-2.09084890076723e-05,-0.0007375784023898124
2025-06-03T22:20:22.215508,1.3669085858320448e-07,-8.088777716365758e-05
2025-06-03T22:20:22.271534,4.053547187352673e-06,-7.168912374404145e-05
2025-06-03T22:20:22.318264,1.8581781824702794e-05,-0.0007579656088606724
2025-06-03T22:20:22.366839,1.3602322645193041e-05,-0.0007242528886248451
2025-06-03T22:20:22.418428,2.17447715307592e-05,-0.0006849884052103777
2025-06-03T22:20:22.468523,1.0214581046123243e-06,-1.4486746368540075e-05
2025-06-03T22:20:22.522112,-3.934367781869856e-06,-5.054894683136979e-05
2025-06-03T22:20:22.566840,-1.973799722191241e-05,-0.00019675679156010452
2025-06-03T22:20:22.616946,-2.840627455849105e-06,-4.4871968928160536e-05
2025-06-03T22:20:22.668490,-4.226441831440417e-06,-6.30870843505349e-05
2025-06-03T22:20:22.722469,-7.82597063821964e-06,-1.7112983300696148e-05
2025-06-03T22:20:22.767552,-1.228536402330169e-05,-0.0004645214611822129
2025-06-03T22:20:22.819151,-2.1729235371248016e-05,-0.00023768655304811279
2025-06-03T22:20:22.869397,-2.3298023479792603e-05,-0.00022559021810910466
2025-06-03T22:20:22.920106,-2.4906520047514212e-05,-0.0002608375409306948
2025-06-03T22:20:22.969387,-2.467030609826719e-05,-0.000314928677587897
2025-06-03T22:20:23.017064,-2.5234901611523308e-05,-0.00026618873249579996
2025-06-03T22:20:23.068165,-2.707372304721203e-05,-0.00020099731795931473
2025-06-03T22:20:23.119539,-2.0287182117128612e-05,-0.0001672618611653541
2025-06-03T22:20:23.173390,-1.4517159268852684e-05,-0.0007027692147083381
2025-06-03T22:20:23.217042,-1.4227939917639166e-05,-0.0006920987654438237
2025-06-03T22:20:23.310304,-2.7863434732395665e-05,-0.0006712659106795651
2025-06-03T22:20:23.373522,-1.5172075489131273e-05,-0.0014265646215950013
2025-06-03T22:20:23.435035,1.1308537321017592e-05,-0.0012401461782547893
2025-06-03T22:20:23.496659,3.6888490683720684e-06,-0.0012918523489998863
2025-06-03T22:20:23.561335,-7.503411632498933e-06,-0.0013211396021394317
2025-06-03T22:20:23.624852,-9.312681435009353e-06,-0.0013668029875660637
2025-06-03T22:20:23.685039,-2.025169092659743e-05,-0.001449911958767796
2025-06-03T22:20:23.742135,-2.6525787657074222e-05,-0.0014254084239734095
2025-06-03T22:20:23.790412,-2.6384140509655723e-05,-0.0007528000662632566
2025-06-03T22:20:23.841501,-3.031690558946167e-05,-0.0007309073190815815
2025-06-03T22:20:23.886091,-4.218086906108143e-05,-0.0008521557953332402
2025-06-03T22:20:23.952414,-3.562989099341077e-05,-0.0008006567815940912
2025-06-03T22:20:24.015091,-3.013395621590745e-05,-0.0008215562065019606
2025-06-03T22:20:24.073894,-4.19699384300249e-06,-0.00014775559079862049
2025-06-03T22:20:24.121468,-9.925403999340311e-06,-0.0002529252012793986
2025-06-03T22:20:24.177140,1.8968432762868764e-06,-0.0009643142751387958
2025-06-03T22:20:24.235992,2.8688525772211772e-06,-0.000854226240892182
2025-06-03T22:20:24.298240,7.435336010601528e-06,-0.000788726768925016
2025-06-03T22:20:24.345196,-7.676791965614644e-06,-0.00013546834233079473
2025-06-03T22:20:24.398430,-2.488092051640384e-05,-0.0002539142152484284
2025-06-03T22:20:24.455012,-4.2277797737234535e-05,-0.00043301953847395155
2025-06-03T22:20:24.507102,-2.6224782969319393e-05,-0.0003589749842169551
2025-06-03T22:20:24.571382,-2.7918198858756575e-05,-0.0003312584514378262
2025-06-03T22:20:24.629519,-2.7156381819248286e-05,-0.00018020498782753702
2025-06-03T22:20:24.696355,-1.9762612133399536e-05,-0.0004937647084745509
2025-06-03T22:20:24.753434,-2.474099759948764e-05,-0.00031006790692307795
2025-06-03T22:20:24.816185,-2.1396723784211798e-05,-0.00039589017266817585
2025-06-03T22:20:24.880554,-2.5138170600811058e-05,-0.00028986912482418923
2025-06-03T22:20:24.938131,-3.0872314548823896e-05,-0.0003337178101408464
2025-06-03T22:20:24.989394,-2.7165169140726397e-05,-0.0002720307042040586
2025-06-03T22:20:25.049481,-2.457823871844049e-05,-0.00021226309619153396
2025-06-03T22:20:25.101567,-4.075920423916944e-06,-0.0008104996992488471
2025-06-03T22:20:25.171212,-2.3027467855718316e-07,-0.0014115744992083054
2025-06-03T22:20:25.226870,3.822977480004685e-06,-0.001401495706967458
2025-06-03T22:20:25.288465,-1.3389715039502667e-05,-0.001376370573525848
2025-06-03T22:20:25.350552,-5.3522068987163536e-05,-0.0014624656710295596
2025-06-03T22:20:25.402451,-3.243220377375282e-05,-0.0015280049405111196
2025-06-03T22:20:25.463551,-2.5083082710810555e-05,-0.0016739900250433873
2025-06-03T22:20:25.526145,-4.021900730580398e-05,-0.0013845988583404425
2025-06-03T22:20:25.584873,-5.863151645601716e-05,-0.0009518453311291013
2025-06-03T22:20:25.632444,-1.4646758483101408e-05,-0.001069169617632594
2025-06-03T22:20:25.687030,1.7913764201616934e-05,-0.0008108161680309324
2025-06-03T22:20:25.749636,3.058673472542795e-05,-0.0008396447529833118
2025-06-03T22:20:25.812414,7.390672252362791e-06,-0.0007969947551202911
2025-06-03T22:20:25.865996,-2.6046251966859446e-06,-0.0007437322758092669
2025-06-03T22:20:25.926091,-3.7282874110808644e-05,-0.001427082121542488
2025-06-03T22:20:25.979168,-4.426412453266199e-05,-0.0014107310644280635
2025-06-03T22:20:26.039495,-2.8517889382905306e-05,-0.0007904316579182487
2025-06-03T22:20:26.097083,1.459766748811706e-05,-0.0010090317739186103
2025-06-03T22:20:26.151161,1.5902637228284318e-05,-0.0011974933693120564
2025-06-03T22:20:26.212222,2.300230703827837e-06,-0.0011255007909552962
2025-06-03T22:20:26.279490,-8.669356471287783e-06,-0.0011199406546856662
2025-06-03T22:20:26.333614,-2.9759369374154157e-06,-0.001371233056234495
2025-06-03T22:20:26.387474,-1.3721264910610639e-05,-0.001363930843589786
2025-06-03T22:20:26.450577,-3.338559066137505e-06,-0.0018824292483272508
2025-06-03T22:20:26.510173,-5.276076739608137e-05,-0.0011627364951682581
2025-06-03T22:20:26.580590,-4.5959857817181456e-05,-0.0012720541764783295
2025-06-03T22:20:26.643474,-4.077688432304234e-05,-0.0011013022720179238
2025-06-03T22:20:26.701576,-2.3344100510969687e-05,-0.00047843952080054043
2025-06-03T22:20:26.766183,-1.986057706045545e-05,-0.00032869888081540086
2025-06-03T22:20:26.822455,3.161712984044924e-06,-0.00042014371566479483
2025-06-03T22:20:26.891645,-9.800500922960352e-07,-5.8584931683996344e-05
2025-06-03T22:20:26.953595,-1.3479193241347102e-05,-3.0503749153064435e-05
2025-06-03T22:20:27.015189,-9.741350635861442e-07,-3.21289310985942e-05
2025-06-03T22:20:27.076970,6.905210904115259e-06,-4.084012535394398e-05
2025-06-03T22:20:27.139576,-4.871250121681373e-05,-0.0007428833563210833
2025-06-03T22:20:27.205186,-6.401298303956931e-05,-0.0009900051935864526
2025-06-03T22:20:27.262486,-5.2560625890455876e-05,-0.0009013465932468724
2025-06-03T22:20:27.326086,0.37470190715241547,-0.2971903114790941
2025-06-03T22:20:27.392196,0.6354929926509882,-0.5206543979548602
2025-06-03T22:20:27.457014,0.830289919868478,-0.7549375934823238
2025-06-03T22:20:27.509600,1.0839890850043972,-1.0563293720476654
2025-06-03T22:20:27.578208,1.3101076800250042,-1.4385467325523873
2025-06-03T22:20:27.643520,1.61995507612288,-2.122858233506692
2025-06-03T22:20:27.701627,1.9572165666762262,-2.6724488322582354
2025-06-03T22:20:27.770603,2.4638754995974472,-3.1921701895919643
2025-06-03T22:20:27.820680,3.0617153246894975,-3.6005717071300913
2025-06-03T22:20:27.877016,3.490238504147474,-3.49005166393253
2025-06-03T22:20:27.929500,3.220611136278399,-3.221264217137789
2025-06-03T22:20:27.983582,2.9629542470800705,-2.9639330976627165
2025-06-03T22:20:28.047192,2.7230471843384807,-2.7234672821602994
2025-06-03T22:20:28.102596,2.503911485491054,-2.5042374549524413
2025-06-03T22:20:28.156942,2.3053517842101683,-2.30577195558737
2025-06-03T22:20:28.222556,2.1244934600530136,-2.1252171006214153
2025-06-03T22:20:28.281667,1.9591005424139467,-1.959389307369586
2025-06-03T22:20:28.340532,1.8063186598179237,-1.807494713860479
2025-06-03T22:20:28.387484,1.6647273133758855,-1.6661285497572955
2025-06-03T22:20:28.437068,1.5350502469553553,-1.5363461026581484
2025-06-03T22:20:28.482648,1.415877112149462,-1.4165536392613385
2025-06-03T22:20:28.552311,1.3059344533972483,-1.1500466074361295
2025-06-03T22:20:28.614950,1.8074547357499409,-0.7240987907182471
2025-06-03T22:20:28.673600,2.3375284729078687,-0.5692097166782133
2025-06-03T22:20:28.738247,2.8100153437114734,-0.04588495485338003
2025-06-03T22:20:28.800606,3.4204471606505673,0.457053073430829
2025-06-03T22:20:28.864397,4.20816238669532,1.0946841807187502
2025-06-03T22:20:28.925779,5.1102606941045385,1.9722960796833455
2025-06-03T22:20:28.983206,6.027748296280362,3.020918745481216
2025-06-03T22:20:29.052571,6.968893775524221,4.22843699590598
2025-06-03T22:20:29.103468,7.7883901991997355,5.434761319556429
2025-06-03T22:20:29.156991,8.147473989893097,6.584109704739272
2025-06-03T22:20:29.214684,8.074211806767321,7.393370256172203
2025-06-03T22:20:29.278548,8.034624717784316,7.965073592707016
2025-06-03T22:20:29.347465,8.024171093524188,7.975486764123268
2025-06-03T22:20:29.398533,8.02205780878948,7.976977397134303
2025-06-03T22:20:29.447120,8.020215108380356,7.979000516575406
2025-06-03T22:20:29.512321,8.01906143704594,7.980568553609078
2025-06-03T22:20:29.569496,8.017918785067183,7.981618420116854
2025-06-03T22:20:29.621313,8.01693559652152,7.98226495000435
2025-06-03T22:20:29.678521,8.015928672794939,7.983793367406902
2025-06-03T22:20:29.736072,8.01496373796907,7.984392015158803
2025-06-03T22:20:29.790430,8.01408805746177,7.985002743140505
2025-06-03T22:20:29.849724,8.013087340946532,7.985788191204512
2025-06-03T22:20:29.901343,8.012513246281285,7.9865629895114445
2025-06-03T22:20:29.970475,8.011966939269223,7.987438173064902
2025-06-03T22:20:30.027118,8.011244769132283,7.9881286986143545
2025-06-03T22:20:30.095848,8.010482556123304,7.988441433044526
2025-06-03T22:20:30.152522,8.009973945677364,7.989090772293052
2025-06-03T22:20:30.213619,8.009368327605051,7.989729640980233
2025-06-03T22:20:30.269944,8.00899198948955,7.990239004016666
2025-06-03T22:20:30.322570,8.008437407093663,7.990931284333584
2025-06-03T22:20:30.388650,8.008257351158344,7.991597381133141
2025-06-03T22:20:30.450490,8.007625938907697,7.991966284301039
2025-06-03T22:20:30.512337,8.007201842494556,7.991756006380681
2025-06-03T22:20:30.575281,8.007113305187858,7.9925536220207105
2025-06-03T22:20:30.636984,8.006735125778919,7.992630139387989
2025-06-03T22:20:30.692181,8.006406446931774,7.99331981232177
2025-06-03T22:20:30.747052,8.005969419274974,7.993297827108308
2025-06-03T22:20:30.804213,8.005825023042668,7.993465187909432
2025-06-03T22:20:30.870543,8.005437981234019,7.993611779492322
2025-06-03T22:20:30.935139,8.00544104853945,7.994169113319754
2025-06-03T22:20:30.997230,8.00546219714152,7.993647234321782
2025-06-03T22:20:31.051331,8.005423335067743,7.994204022548108
2025-06-03T22:20:31.106968,8.00525091719408,7.994332140359329
2025-06-03T22:20:31.171530,8.005256365851018,7.99395857771715
2025-06-03T22:20:31.233529,8.005100991298544,7.994299609156157
2025-06-03T22:20:31.296504,8.005163760556782,7.994399713899753
2025-06-03T22:20:31.355767,8.005126391394327,7.994559190905234
2025-06-03T22:20:31.894496,8.005195078303533,7.994254702988402
2025-06-03T22:20:32.422981,8.004931972918998,7.994025173282356
2025-06-03T22:20:32.963712,8.00510887119658,7.994414135253247
2025-06-03T22:20:33.509489,8.00518637141979,7.994458166639364
2025-06-03T22:20:34.035947,8.00528035321149,7.993730762350458
2025-06-03T22:20:34.577318,8.005675649973634,7.993801864445065
2025-06-03T22:20:35.129457,8.005807216329055,7.993099477628445
2025-06-03T22:20:35.672341,8.006424165859366,7.992573779551649
2025-06-03T22:20:36.200879,8.007911136002297,7.9914893726699265
2025-06-03T22:20:36.733773,8.010303644489875,7.989700243148682
2025-06-03T22:20:36.801657,7.085627364803229,7.112394213747514
2025-06-03T22:20:36.862759,6.190994800415265,6.271437995123045
2025-06-03T22:20:36.916250,5.321720984808393,5.421387822333704
2025-06-03T22:20:36.975352,4.426093919241304,4.588821545193618
2025-06-03T22:20:37.030238,3.5769607887220918,3.753074348563803
2025-06-03T22:20:37.076702,2.812519004781394,3.5996238077095457
2025-06-03T22:20:37.135963,2.3115292967371723,3.5995674349314495
2025-06-03T22:20:37.193513,1.8169860265174524,3.536915950440026
2025-06-03T22:20:37.251860,1.3049767894988156,3.5989144278575993
2025-06-03T22:20:37.313590,0.7507139793225721,3.598670322630003
2025-06-03T22:20:37.376315,0.16714056631923585,3.5992893683742633
2025-06-03T22:20:37.433445,-0.4579404802145821,3.6000764298656533
2025-06-03T22:20:37.486640,-1.1343922668842388,3.5998891315597676
2025-06-03T22:20:37.553765,-1.911402268779126,3.6001501080992147
2025-06-03T22:20:37.609936,-2.7930841188097184,3.599495535026932
2025-06-03T22:20:37.671749,-3.6000884138492535,3.528897751669459
2025-06-03T22:20:37.730887,-3.629180139250932,3.491194832525744
2025-06-03T22:20:37.778830,-3.6501386067863746,3.409720499146035
2025-06-03T22:20:37.846725,-3.600054354517558,3.5705642563652824
2025-06-03T22:20:37.900930,-3.600122511956821,3.599321518051623
2025-06-03T22:20:37.973853,-3.6007050296209244,3.5997769556933514
2025-06-03T22:20:38.037370,-3.600756869622505,3.599887599974376
2025-06-03T22:20:38.091578,-3.600278107695772,3.599713895702071
2025-06-03T22:20:38.145990,-3.600280902753919,3.599427348359961
2025-06-03T22:20:38.209769,-3.600514627660243,3.6000948075889965
2025-06-03T22:20:38.269940,-3.600133378651334,3.599752677661683
2025-06-03T22:20:38.325183,-3.6001998540617586,3.599373431297498
2025-06-03T22:20:38.373760,-3.6000994157969473,3.599597626404335
2025-06-03T22:20:38.422139,-3.600493960797175,3.5997102708419377
2025-06-03T22:20:38.482490,-3.600113159437568,3.5993345267390384
2025-06-03T22:20:38.546309,-3.6005513903104553,3.599568430532788
2025-06-03T22:20:38.615289,-3.600192195629205,3.5998230938330567
2025-06-03T22:20:38.669892,-3.367122906235494,3.3668042080857488
2025-06-03T22:20:38.721264,-3.1036514879951764,3.103166439855515
2025-06-03T22:20:38.780076,-2.8603674998458333,2.8595105157625413
2025-06-03T22:20:38.841892,-2.6365806696390273,2.6355303291154075
2025-06-03T22:20:38.894645,-2.4319543464630793,2.431255096235998
2025-06-03T22:20:38.953781,-2.241886455068255,2.2419148530234168
2025-06-03T22:20:39.020752,-2.068063415073359,2.067910142647991
2025-06-03T22:20:39.082439,-1.9081758093797478,1.9082041230709654
2025-06-03T22:20:39.135269,-1.7606703898780651,1.7602227711183696
2025-06-03T22:20:39.186672,-1.6260273996724521,1.6251662343811555
2025-06-03T22:20:39.254623,-1.4995072093491375,1.4996540320678966
2025-06-03T22:20:39.317353,-1.3840501081507524,1.3853364422968466
2025-06-03T22:20:39.377449,-1.276516187862531,1.2765176243191545
2025-06-03T22:20:39.440151,-0.717078841341288,1.8811458237704006
2025-06-03T22:20:39.502904,-0.22928018995617158,2.3176279250883303
2025-06-03T22:20:39.568504,0.21447177409453744,2.755135306348734
2025-06-03T22:20:39.628936,0.627584500709444,3.2254126923009054
2025-06-03T22:20:39.689952,1.3937146839701189,4.051082976472783
2025-06-03T22:20:39.751822,2.5035446030496544,4.881075690771418
2025-06-03T22:20:39.817321,3.6691238610090697,5.735725747807313
2025-06-03T22:20:39.866400,4.943021607270312,6.443708317998513
2025-06-03T22:20:39.913820,6.212512052815702,7.098303353787743
2025-06-03T22:20:39.960993,7.379472252977332,7.787984699997355
2025-06-03T22:20:40.028695,7.661663793244826,8.188588708195292
2025-06-03T22:20:40.097602,7.611944880932384,8.386808881558517
2025-06-03T22:20:40.157056,7.625720922371834,8.374107429958979
2025-06-03T22:20:40.221278,7.643999224519105,8.35572202333064
2025-06-03T22:20:40.273836,7.662507114594957,8.336637923992047
2025-06-03T22:20:40.332979,7.677881195995129,8.321020382344978
2025-06-03T22:20:40.387664,7.690466450820657,8.308583946740134
2025-06-03T22:20:40.450769,7.702000534136768,8.297134661979799
2025-06-03T22:20:40.511538,7.712872175248617,8.286069411016081
2025-06-03T22:20:40.574008,7.7232256796412155,8.276280540211001
2025-06-03T22:20:40.634714,7.732181768266853,8.267209278889894
2025-06-03T22:20:40.681288,7.7398926957297,8.259461172919588
2025-06-03T22:20:40.726108,7.74563554409839,8.253242950741981
2025-06-03T22:20:40.801621,7.74981453256806,8.248863772512573
2025-06-03T22:20:40.858989,7.7518686821696186,8.247181583734813
2025-06-03T22:20:40.911696,7.752325406472429,8.246844631483835
2025-06-03T22:20:40.969226,7.751181781790203,8.24817902774675
2025-06-03T22:20:41.022035,7.748132141448797,8.251157714768235
2025-06-03T22:20:41.068599,7.742872271274992,8.25632926916875
2025-06-03T22:20:41.115637,7.735165696639127,8.264467075015386
2025-06-03T22:20:41.162804,7.723489045082213,8.276149881653785
2025-06-03T22:20:41.231920,7.706639233704575,8.293250441789578
2025-06-03T22:20:41.301576,7.683290934154372,8.316687909272442
2025-06-03T22:20:41.360565,7.651270542644569,8.348161253890858
2025-06-03T22:20:41.421732,7.602430365438721,8.397125846488324
2025-06-03T22:20:41.485431,7.522192540355328,8.477363811955932
2025-06-03T22:20:41.547757,7.749315725336999,8.038598739023994
2025-06-03T22:20:41.605285,8.095787854686902,7.76359854542828
2025-06-03T22:20:41.671696,8.3200882907476,7.679367457711761
2025-06-03T22:20:41.723076,8.372961181662024,7.685273360118026
2025-06-03T22:20:41.774264,8.291635688270873,7.707919158216959
2025-06-03T22:20:41.845367,8.276032011167567,7.723416262225816
2025-06-03T22:20:41.895963,8.264473537534249,7.73509970449332
2025-06-03T22:20:41.949043,8.254859899432217,7.744489399583219
2025-06-03T22:20:42.017735,8.246218032375245,7.753232636017369
2025-06-03T22:20:42.077453,8.237958771046964,7.761433240647568
2025-06-03T22:20:42.137583,8.230428998393128,7.768986145484454
2025-06-03T22:20:42.204008,8.224046753181828,7.775758611921837
2025-06-03T22:20:42.266762,8.21877763406733,7.780888124674725
2025-06-03T22:20:42.321689,8.214535347426846,7.784753605331319
2025-06-03T22:20:42.386796,8.211272877486012,7.787584184367644
2025-06-03T22:20:42.445490,8.209624313198743,7.78952781966047
2025-06-03T22:20:42.502578,8.2089454997123,7.790309370129544
2025-06-03T22:20:42.564012,8.210084587124378,7.789501711901175
2025-06-03T22:20:42.620012,8.212942838766283,7.786419648924019
2025-06-03T22:20:42.680682,8.218254708875794,7.781144035367348
2025-06-03T22:20:42.750249,8.226582862025518,7.772735895170812
2025-06-03T22:20:42.806469,8.239292062776245,7.760515735506804
2025-06-03T22:20:42.875574,8.257715979703608,7.7415633582753935
2025-06-03T22:20:42.925694,8.285771198893537,7.713949650965323
2025-06-03T22:20:42.972835,8.329136801055114,7.670021675240285
2025-06-03T22:20:43.023908,8.402341436024956,7.596644073555914
2025-06-03T22:20:43.094399,7.477846970142365,6.701190828025244
2025-06-03T22:20:43.150965,6.584262156132004,5.836311193415717
2025-06-03T22:20:43.217559,5.643815511538509,4.990688927188791
2025-06-03T22:20:43.271882,4.720719942041412,4.147027562415281
2025-06-03T22:20:43.337473,3.795580345038066,3.3027094557088423
2025-06-03T22:20:43.402060,2.865433070257427,2.4677752315426766
2025-06-03T22:20:43.464052,1.933294539820703,1.6339244819201912
2025-06-03T22:20:43.526724,1.0162421544009765,0.7778194626113446
2025-06-03T22:20:43.581989,0.08982984849509984,-0.00016198747984085622
2025-06-03T22:20:43.634733,-0.00032682345332278313,-0.0008970200379516487
2025-06-03T22:20:43.694206,-8.056509434583095e-05,-0.0014129535161559877
2025-06-03T22:20:43.738084,-7.316263797018237e-05,-0.0012467753721513409
2025-06-03T22:20:43.811736,-0.0008581664070386752,-0.0007031819828542461
2025-06-03T22:20:43.869011,-0.0008391198023672821,-0.0006331422765858
2025-06-03T22:20:43.923335,-0.0007886921167507336,-0.000644919018201091
2025-06-03T22:20:43.977521,-0.0007837837776100107,-0.0006792705943626584
2025-06-03T22:20:44.043122,-0.0007537813093472248,-0.0006870789923020486
2025-06-03T22:20:44.104679,-0.0007838910929194281,-0.0006851978368373044
2025-06-03T22:20:44.165803,-0.0007207649964938765,-0.0007270124268502929
2025-06-03T22:20:44.229195,-0.0006894040913126093,-0.0007047447362365115
2025-06-03T22:20:44.288445,-0.0007128614939469581,-0.0006681506239514526
2025-06-03T22:20:44.358610,-0.0011805744218090874,-0.00022143264672981285
2025-06-03T22:20:44.407579,-0.0010830018419168027,-0.00038995864424259133
2025-06-03T22:20:44.463998,-0.0010679095214676474,-0.000281309480398888
2025-06-03T22:20:44.514119,-0.0009930483809467542,-0.0004134342797115298
2025-06-03T22:20:44.563884,-0.0011888075613599037,-0.00048435761653737675
2025-06-03T22:20:44.613705,-0.0011103741270251726,-0.00038495316198057224
2025-06-03T22:20:44.670878,-0.0010903819155802096,-0.0003766411079021953
2025-06-03T22:20:44.723055,-0.0008175780245860807,-0.0008580104175617829
2025-06-03T22:20:44.780729,-3.11910324735051e-05,-0.000852589916347186
2025-06-03T22:20:44.832933,-0.0005202506903894736,-0.0009809337368753604
2025-06-03T22:20:44.885522,-0.00044391017425012366,-0.001006911569549562
2025-06-03T22:20:44.946416,-0.0005163557464333936,-0.0006684177684471055
2025-06-03T22:20:45.003905,-0.0006833273491561264,4.124343846446405e-05
2025-06-03T22:20:45.071027,-0.0006629636051455194,2.193098940229007e-05
2025-06-03T22:20:45.125612,-0.0012077933339619583,-0.00028658318228529344
2025-06-03T22:20:45.181907,-0.0010860927257383443,-0.0003776469312713691
2025-06-03T22:20:45.243862,-0.0010864502554386397,-0.0002998453796145327
2025-06-03T22:20:45.310356,-0.0010952423949330014,-0.0003513954882186374
2025-06-03T22:20:45.359963,-0.0006284894913899877,-0.0006166504271887147
2025-06-03T22:20:45.415653,-0.0005192280111039542,-0.0007389223630101489
2025-06-03T22:20:45.465696,-0.000871363109261768,-0.000153472113340093
2025-06-03T22:20:45.522903,-0.0006188359370645772,-0.00014097546801043558
2025-06-03T22:20:45.583664,-0.0005326632786497172,-5.394736047882349e-05
2025-06-03T22:20:45.646725,-0.00047586657432928636,-4.5197217846136225e-05
2025-06-03T22:20:45.700678,-0.0004388725520281199,-0.00048381287294287003
2025-06-03T22:20:45.756842,-0.0007903998125191545,-0.0004794471339836232
2025-06-03T22:20:45.821677,-0.0008601907723588185,-0.0005147392704081312
2025-06-03T22:20:45.871902,-0.0008279094153543534,-0.00039571163670293726
2025-06-03T22:20:45.920109,-0.0005192006999367375,-0.0010372079856262025
2025-06-03T22:20:45.966679,-0.0005085353370049946,-0.0010605787213620792
2025-06-03T22:20:46.031212,-0.0004682879945405386,-0.0013359551400462387
2025-06-03T22:20:46.080970,-0.0003801512995258153,-0.0012021223959121476
2025-06-03T22:20:46.150094,-0.00048511901696081703,-0.0011735710071028875
2025-06-03T22:20:46.207268,0.9522134153658925,0.8325990677725783
2025-06-03T22:20:46.261931,1.8816282957872994,1.643295852545156
2025-06-03T22:20:46.312818,2.8117981211365812,2.4837143663354833
2025-06-03T22:20:46.379073,3.721650694252015,3.2829519637774123
2025-06-03T22:20:46.444880,4.6380424147422685,4.119128943284276
2025-06-03T22:20:46.505755,5.563421288794467,4.958141460214746
2025-06-03T22:20:46.570819,6.502942149579878,5.816160235880601
2025-06-03T22:20:46.627489,7.423368026295231,6.641518872952412
2025-06-03T22:20:46.685577,7.480291778102118,7.174690721297033
2025-06-03T22:20:46.734155,7.433385092200821,7.617668804735671
2025-06-03T22:20:46.803877,7.402157404956848,8.204576249468543
2025-06-03T22:20:46.865692,7.390171364277669,8.609488515017384
2025-06-03T22:20:46.929123,7.40068102401464,8.599464758341325
2025-06-03T22:20:46.991654,7.4134975798739,8.586422938201846
2025-06-03T22:20:47.054736,7.423183301243039,8.576215866687436
2025-06-03T22:20:47.111732,7.429608427009986,8.569927573996512
2025-06-03T22:20:47.167241,7.43287736786128,8.567042224857929
2025-06-03T22:20:47.218939,7.431665435820458,8.567463310998207
2025-06-03T22:20:47.282044,7.425571840153896,8.573551931359475
2025-06-03T22:20:47.341164,7.414314023718769,8.584879557352451
2025-06-03T22:20:47.391715,7.395104328313719,8.60409724543723
2025-06-03T22:20:47.452643,7.366436336029067,8.63308535101713
2025-06-03T22:20:47.497206,7.3238846309309436,8.675520156437639
2025-06-03T22:20:47.567614,7.26164154462954,8.73788579387061
2025-06-03T22:20:47.631417,7.167138233762764,8.831796096760801
2025-06-03T22:20:47.693527,7.018377774404605,8.980758197526399
2025-06-03T22:20:47.752029,6.1026194727572545,8.09182529629579
2025-06-03T22:20:47.822147,5.203247760081525,7.216401929152308
2025-06-03T22:20:47.881952,4.3839166005170425,6.2690318881280405
2025-06-03T22:20:47.944154,3.5422510512849326,5.3363399699518785
2025-06-03T22:20:48.007761,2.7062024945864507,4.410630274751875
2025-06-03T22:20:48.068920,1.886251808692328,3.469094818132653
2025-06-03T22:20:48.126509,1.0109179429882724,2.382202915675911
2025-06-03T22:20:48.171072,0.25226444821285354,1.5033067326203013
2025-06-03T22:20:48.220150,-0.0009396136887255066,0.7539895621739969
2025-06-03T22:20:48.292287,-0.001250520402693093,0.275234042884171
2025-06-03T22:20:48.356551,-0.0006783485923215129,0.0001143881137311299
2025-06-03T22:20:48.415716,-0.0005843954751181866,-9.584478033455354e-05
2025-06-03T22:20:48.477267,-0.0005782827304188547,-0.00013916587385258145
2025-06-03T22:20:48.533145,-0.0004995711979267153,-0.00022936867081778265
2025-06-03T22:20:48.577382,-0.0004777848500842007,-0.00026359942228450613
2025-06-03T22:20:48.645875,-9.146384094551514e-05,-0.0007431907588414098
2025-06-03T22:20:48.706553,-7.689248029409454e-05,-0.0007381054381101941
2025-06-03T22:20:48.763137,-2.159466384044507e-05,-0.000752825268170705
2025-06-03T22:20:48.810916,5.187626959114434e-05,-0.0008284868783428962
2025-06-03T22:20:48.859137,7.197774234414733e-05,-0.0006812362157507896
2025-06-03T22:20:48.921667,-6.185753039235295e-05,-0.0005561798054118331
2025-06-03T22:20:48.977873,-0.00013779778927362432,-0.0006724936409477488
2025-06-03T22:20:49.034284,-1.588392777307808e-05,-0.0007586632038667216
2025-06-03T22:20:49.094463,-6.215560333645792e-05,-0.0005797094917446122
2025-06-03T22:20:49.161067,-0.0001310373042906842,-0.0007076626091800451
2025-06-03T22:20:49.224142,-0.00011865825957916025,-0.0006508093380609994
2025-06-03T22:20:49.283188,-0.00011733391006022119,-0.0005825709578808862
2025-06-03T22:20:49.330163,7.297679350261548e-05,-0.0011292722888418616
2025-06-03T22:20:49.393701,-5.968355942244263e-05,-0.0010654071840362816
2025-06-03T22:20:49.438325,2.0033510317322833e-05,-0.001142941147770147
2025-06-03T22:20:49.509839,-0.00028176793165372524,-0.0010262348079428832
2025-06-03T22:20:49.565481,-0.00032812264824676624,-0.0010555814024644265
2025-06-03T22:20:49.619066,-0.00031346054570354973,-0.001133318218877373
2025-06-03T22:20:49.675479,-0.00024896488826098577,-0.0010502557089725872
2025-06-03T22:20:49.727719,-0.00019234318022760675,-0.0011357610536452145
2025-06-03T22:20:49.791600,-0.00022567800045956554,-0.0011046971198250346
2025-06-03T22:20:49.852259,-0.00014842749705428078,-0.0010534897664000475
2025-06-03T22:20:49.918993,-7.534054962123349e-05,-0.0011637529955212096
2025-06-03T22:20:49.970751,-9.865125036869903e-05,-0.001155619435706522
2025-06-03T22:20:50.019834,2.5239399986670223e-05,-0.0012588439902957577
2025-06-03T22:20:50.068859,5.416645976198432e-05,-0.0012603657729401306
2025-06-03T22:20:50.134779,-0.0001653574025262634,-0.0011269180061008442
2025-06-03T22:20:50.198149,-0.0002565632369612262,-0.001000813754219389
2025-06-03T22:20:50.260244,-0.00023390355803353235,-0.000969191149828397
2025-06-03T22:20:50.315882,2.8759578363241326e-05,-0.0007438132137290474
2025-06-03T22:20:50.362031,-5.806443841850488e-05,-0.0007459254538452103
2025-06-03T22:20:50.422190,-8.203818335774301e-05,-0.0006995757915089333
2025-06-03T22:20:50.474265,-7.144597828913543e-05,-0.0006882588159022285
2025-06-03T22:20:50.532686,-0.00013451958649216917,-0.0012246672463268747
2025-06-03T22:20:50.592027,0.0009607806659633907,-0.001335640849391619
2025-06-03T22:20:50.649190,-0.00022891017970603892,-0.001032444703862673
2025-06-03T22:20:50.705574,-0.00018752643846659908,-0.001035238216578304
2025-06-03T22:20:50.759698,-0.00016851888843821624,-0.0010425269776064717
2025-06-03T22:20:50.822957,-0.0002092865596326731,-0.0010368380761453732
2025-06-03T22:20:50.891082,0.6968700090216129,0.796240125872828
2025-06-03T22:20:50.950079,1.3037259865161932,1.6120806994385533
2025-06-03T22:20:51.016823,1.980499048510289,2.4460138488924223
2025-06-03T22:20:51.073055,2.809326173663623,3.3369318730011677
2025-06-03T22:20:51.131240,3.7404854104258356,4.119951983519842
2025-06-03T22:20:51.188302,4.8194861776345785,4.866743316409749
2025-06-03T22:20:51.247750,5.93677875019701,5.55714608794253
2025-06-03T22:20:51.311901,7.041963361131988,6.248188023781344
2025-06-03T22:20:51.374088,8.05688842113992,6.848190894961878
2025-06-03T22:20:51.427782,8.70808051056353,6.83844504600282
2025-06-03T22:20:51.486800,9.152692766320584,6.846440457917263
2025-06-03T22:20:51.540964,9.123267678986867,6.870408350199648
2025-06-03T22:20:51.610144,9.090516198387594,6.908519898454999
2025-06-03T22:20:51.660865,9.061283651135389,6.938267959482717
2025-06-03T22:20:51.717827,9.036902284573747,6.962710932609729
2025-06-03T22:20:51.782182,9.017393470075522,6.9825535647753165
2025-06-03T22:20:51.834273,9.003082636104786,6.996629418766492
2025-06-03T22:20:51.876693,8.994450577551495,7.005076540195862
2025-06-03T22:20:51.937709,8.992234561068381,7.007346767168317
2025-06-03T22:20:52.000826,8.997396539010808,7.002537557514068
2025-06-03T22:20:52.054992,9.011077147623261,6.988405548385903
2025-06-03T22:20:52.107158,9.035417790212929,6.964430978352269
2025-06-03T22:20:52.169277,9.072329129487043,6.927373946281759
2025-06-03T22:20:52.236813,9.126743387376113,6.872665909678975
2025-06-03T22:20:52.302116,8.178427322313436,6.008252659962962
2025-06-03T22:20:52.359900,7.238448171417695,5.157362679438865
2025-06-03T22:20:52.427034,6.3064932061456584,4.313022085564885
2025-06-03T22:20:52.477630,5.374441035707458,3.476018922873935
2025-06-03T22:20:52.531946,4.440280409743798,2.6453407302986567
2025-06-03T22:20:52.597586,3.5024699090073685,1.828418130947393
2025-06-03T22:20:52.651994,2.5616413011871333,1.0429273265200685
2025-06-03T22:20:52.709225,2.2205237585910536,0.4581013580573634
2025-06-03T22:20:52.763311,2.296793727811881,0.11752931660725585
2025-06-03T22:20:52.813909,2.3509512774535297,-0.2369263420936934
2025-06-03T22:20:52.871556,2.379650590196276,-0.6321013200333822
2025-06-03T22:20:52.924859,2.3736855847374594,-1.1340513965760124
2025-06-03T22:20:52.980855,2.3285496257476126,-2.123702507816293
2025-06-03T22:20:53.032972,2.236069975667203,-2.2376804897626337
2025-06-03T22:20:53.087751,2.0901922697856796,-2.1148677895935304
2025-06-03T22:20:53.137894,1.9496750211839897,-1.9898329645020993
2025-06-03T22:20:53.205604,1.8726865806424193,-1.873782806704774
2025-06-03T22:20:53.262865,1.7722921788350554,-1.7734459490764047
2025-06-03T22:20:53.329245,1.679125302597547,-1.68038340149979
2025-06-03T22:20:53.390353,1.5908211069911877,-1.5919104683672118
2025-06-03T22:20:53.447639,1.5064184819205348,-1.5071999403950274
2025-06-03T22:20:53.518201,1.4275738600202144,-1.4287998326138387
2025-06-03T22:20:53.573894,1.3545399741248743,-1.3557359777216824
2025-06-03T22:20:53.639193,1.2836601247681845,-1.2848691631316473
2025-06-03T22:20:53.698884,1.2156495125919642,-1.2175911890891002
2025-06-03T22:20:53.757858,1.7984021301763284,-0.5212676741857535
2025-06-03T22:20:53.819230,2.1898514784697656,-0.14494702015403763
2025-06-03T22:20:53.878073,2.70668715258778,0.2323298536513398
2025-06-03T22:20:53.927158,3.3216183316493217,0.6803795774803513
2025-06-03T22:20:53.973268,4.192255285491471,1.3326479466142027
2025-06-03T22:20:54.044878,3.152105399409608,0.6357570343030178
2025-06-03T22:20:54.096593,2.2384410425741224,0.00036732432668912446
2025-06-03T22:20:54.145052,1.4863758563889482,0.0004398806183862883
2025-06-03T22:20:54.215682,0.62639068974559,-0.00018661567630091395
2025-06-03T22:20:54.279260,-0.001983748465239247,0.0013588419628614676
2025-06-03T22:20:54.336874,-0.0005606113828279933,-6.939137801033466e-05
2025-06-03T22:20:54.391063,-0.0010074875261101496,-0.000188847032478522
2025-06-03T22:20:54.445663,-0.0008966522544927205,-0.00027004787693809797
2025-06-03T22:20:54.514293,-0.0009954670643395954,-0.00029164490280580475
2025-06-03T22:20:54.573887,-0.0006523219085687412,-0.0003821034641030317
2025-06-03T22:20:54.637635,-0.00043557454328978305,-0.0003160101445411624
2025-06-03T22:20:54.701275,-0.00047522346921012647,-0.00030915634929869624
2025-06-03T22:20:54.757877,-0.0005780742590509075,-0.00034150872090267303
2025-06-03T22:20:54.816029,-0.00046061352874154834,-0.0003223704781787167
2025-06-03T22:20:54.874162,-0.0003683327965300948,-0.0003355625238457026
2025-06-03T22:20:54.926769,-0.0005332546954236069,-0.00032827918079480107
2025-06-03T22:20:54.984364,-0.00048703966683052524,-0.0003082538469480646
2025-06-03T22:20:55.048266,-0.00045070162224594636,-0.0003206209118535654
2025-06-03T22:20:55.107514,-0.0004117666223883274,-0.0003047396699431113
2025-06-03T22:20:55.171361,-0.00047594467238508675,-0.000319445278507335
2025-06-03T22:20:55.236650,-0.0004285949506192791,-0.0003038207769591846
2025-06-03T22:20:55.289242,-0.0004424266286666748,-0.0003340950239574257
2025-06-03T22:20:55.343254,-0.000514126659379557,-0.0003030138512107413
2025-06-03T22:20:55.396851,-0.00037545666167234195,-0.0002900784733529877
2025-06-03T22:20:55.447743,-0.0004089926659570976,-0.0003056630089594691
2025-06-03T22:20:55.515633,-0.00044688417409945446,-0.00034214665037858485
2025-06-03T22:20:55.576742,-0.35903958619606585,0.2933910917880627
2025-06-03T22:20:55.629388,-0.6605161800644094,0.5139335463719317
2025-06-03T22:20:55.680953,-0.7589693689148673,0.8007210565120708
2025-06-03T22:20:55.744566,-0.9349067553251312,1.0727099170402739
2025-06-03T22:20:55.811892,-1.1651520596097857,1.3927488967757462
2025-06-03T22:20:55.867290,-1.563107975070069,2.138330164843014
2025-06-03T22:20:55.926825,-2.202332992524445,2.603402348600063
2025-06-03T22:20:55.985131,-3.0280358198503734,2.931522232289438
2025-06-03T22:20:56.042925,-3.052095112880236,2.8481122704773907
2025-06-03T22:20:56.093968,-2.8838392878196513,2.5581792235326852
2025-06-03T22:20:56.149112,-2.5944588747423056,2.396919447649244
2025-06-03T22:20:56.211116,-2.3434121438419524,2.26547157063065
2025-06-03T22:20:56.276840,-2.1623607525547013,2.160019470519427
2025-06-03T22:20:56.329332,-1.9946166443795068,1.9952168201958516
2025-06-03T22:20:56.382425,-1.8409400140776722,1.8409918970609738
2025-06-03T22:20:56.439237,-1.6991575144725342,1.6993261332260459
2025-06-03T22:20:56.483002,-1.5685558785954317,1.5677721050501228
2025-06-03T22:20:56.541416,-1.4486059041425976,1.4476496676223312
2025-06-03T22:20:56.600553,-1.3383878942719651,1.3374156350968156
2025-06-03T22:20:56.658215,-1.2375959023617369,1.235750761043792
2025-06-03T22:20:56.708053,-0.6311782460267024,1.4717784100125026
2025-06-03T22:20:56.779035,-0.22645709575689937,1.8221472510413776
2025-06-03T22:20:56.827651,0.2778594192727713,2.219429491191722
2025-06-03T22:20:56.885731,0.6646215854287749,2.751242389851839
2025-06-03T22:20:56.946818,1.3307318432362496,3.492976357156085
2025-06-03T22:20:57.012287,2.275513068276086,4.40108142349452
2025-06-03T22:20:57.061148,3.450738501137759,5.228168713796737
2025-06-03T22:20:57.119001,4.73059240198111,5.990781431707018
2025-06-03T22:20:57.174408,6.017834248020601,6.615429984792588
2025-06-03T22:20:57.245094,7.156479568076879,7.200711893341358
2025-06-03T22:20:57.303938,7.522428575381544,7.657190997263645
2025-06-03T22:20:57.361016,7.4527739142989216,7.948421623046871
2025-06-03T22:20:57.419154,7.434210176091242,8.475702987477968
2025-06-03T22:20:57.466724,7.455456690007591,8.543404724044121
2025-06-03T22:20:57.525733,7.475787433241017,8.564558804826133
2025-06-03T22:20:57.585852,7.492451638573083,8.506734231336258
2025-06-03T22:20:57.648299,7.505591943667817,8.493726469267282
2025-06-03T22:20:57.711300,7.51549992291286,8.483767620339208
2025-06-03T22:20:57.763135,7.52322217618275,8.476006367113657
2025-06-03T22:20:57.810027,7.52865338557143,8.470987869093166
2025-06-03T22:20:57.866614,7.531281876735132,8.46797280975961
2025-06-03T22:20:57.917785,7.530727542028601,8.468926327535394
2025-06-03T22:20:57.973957,7.525526751239367,8.473704246898873
2025-06-03T22:20:58.034631,7.515822058524948,8.483714934684182
2025-06-03T22:20:58.097655,7.499831131093315,8.499354356119596
2025-06-03T22:20:58.155817,7.475860918312869,8.5233333181539
2025-06-03T22:20:58.216863,7.440708168603614,8.55885786319546
2025-06-03T22:20:58.274459,7.38806817636105,8.611378988915096
2025-06-03T22:20:58.330300,7.308022423328026,8.691350053231602
2025-06-03T22:20:58.393468,7.18019657159391,8.819144331158153
2025-06-03T22:20:58.454035,6.955949707555585,9.043093532805484
2025-06-03T22:20:58.517894,6.051883950838426,8.142075916547709
2025-06-03T22:20:58.580001,5.129805503063325,7.243932446957788
2025-06-03T22:20:58.637939,4.29222096449481,6.360063014356568
2025-06-03T22:20:58.688347,3.437829842876299,5.502687453508187
2025-06-03T22:20:58.757510,2.5498281779338274,4.586577205301758
2025-06-03T22:20:58.817564,1.7291460642962693,3.6653720506513263
2025-06-03T22:20:58.881310,0.9279860138270133,2.7359583976898194
2025-06-03T22:20:58.943125,0.17249352927551692,1.7819444674274434
2025-06-03T22:20:59.001876,-0.17667668383084215,2.5962239400098595
2025-06-03T22:20:59.059325,-0.49181814915751815,3.1557139378728447
2025-06-03T22:20:59.110438,-0.9606454812132188,3.599967807681509
2025-06-03T22:20:59.169344,-1.636696164737066,3.600019302069242
2025-06-03T22:20:59.216250,-2.415192295905273,3.5999711363290925
2025-06-03T22:20:59.287320,-3.243514520195554,3.5998099844221194
2025-06-03T22:20:59.347728,-3.6009588150679535,3.5966760632217945
2025-06-03T22:20:59.409375,-3.6305143248333525,3.438099715444998
2025-06-03T22:20:59.471105,-3.6007137559284255,3.436556478303716
2025-06-03T22:20:59.535880,-3.600120248012802,3.5985170663350377
2025-06-03T22:20:59.596978,-3.6004444266069493,3.5998553412704375
2025-06-03T22:20:59.653025,-3.6004762871885854,3.5997861359534005
2025-06-03T22:20:59.711148,-3.600605619554116,3.599596214989033
2025-06-03T22:20:59.776777,-3.600491528037302,3.5997443050860918
2025-06-03T22:20:59.824262,-3.6002620196295982,3.5995978034225855
2025-06-03T22:20:59.873338,-3.6006203312988263,3.5999660604031245
2025-06-03T22:20:59.929632,-3.6003753431964096,3.5991322849214953
2025-06-03T22:20:59.994420,-3.5797541173213316,3.578526236815225
2025-06-03T22:21:00.053502,-3.3263521823678794,3.325726319279859
2025-06-03T22:21:00.115130,-3.0898347733511904,3.0895891208269006
2025-06-03T22:21:00.170075,-2.8751855163947755,2.8741756417604165
2025-06-03T22:21:00.217629,-2.340679209796925,2.3316644889114246
2025-06-03T22:21:00.271310,-1.7560512293238433,1.6882645407872272
2025-06-03T22:21:00.332692,-1.2091109797532407,1.1769818057436712
2025-06-03T22:21:00.394328,-0.6475078444591659,0.7691225797145093
2025-06-03T22:21:00.452422,-0.0769006905805016,0.37351228634275435
2025-06-03T22:21:00.502510,0.42064454427048914,-0.08740009633216882
2025-06-03T22:21:00.557788,0.8778459484495208,-0.5700081888926646
2025-06-03T22:21:00.615867,1.3262137488252854,-0.9036772195343282
2025-06-03T22:21:00.671469,1.658955617335931,-1.7756382061501366
2025-06-03T22:21:00.715944,1.877431153989414,-2.3660044576876276
2025-06-03T22:21:00.786634,2.034907645010846,-3.2125609974928255
2025-06-03T22:21:00.844510,2.046243743008566,-3.6004339853064575
2025-06-03T22:21:00.902196,1.963009984175511,-3.6004410039963535
2025-06-03T22:21:00.959941,1.9313082333768918,-3.559527860231786
2025-06-03T22:21:01.013450,2.3518525868427447,-3.5025190726459385
2025-06-03T22:21:01.064276,2.37335207793239,-3.467131300614131
2025-06-03T22:21:01.124373,2.7889537219567577,-3.612317331465673
2025-06-03T22:21:01.189539,2.886191196360294,-3.602556496660376
2025-06-03T22:21:01.259422,2.7587288721793084,-3.6019551085354817
2025-06-03T22:21:01.309810,2.6331450116718993,-3.60044099850532
2025-06-03T22:21:01.360354,2.4990579840380054,-3.5367611699514883
2025-06-03T22:21:01.413642,2.4042234579238295,-3.4805288613609666
2025-06-03T22:21:01.483099,2.0068534087452674,-3.3313212376499584
2025-06-03T22:21:01.534227,1.8097301022185939,-3.138029464910117
2025-06-03T22:21:01.582999,2.1836718810674793,-3.0512825955740075
2025-06-03T22:21:01.644323,2.6479512196522226,-2.851625533781061
2025-06-03T22:21:01.714537,2.652805044656954,-2.651809217401364
2025-06-03T22:21:01.774817,2.450587450133876,-2.4506338942291537
2025-06-03T22:21:01.830344,2.2856988059602874,-2.2587483454421595
2025-06-03T22:21:01.886933,2.0814982925919865,-2.0808639416920625
2025-06-03T22:21:01.938041,1.9177559878730368,-1.9171533895491264
2025-06-03T22:21:01.999191,1.7686855019143064,-1.7685310816719613
2025-06-03T22:21:02.059420,1.6338035231624293,-1.4866537270102538
2025-06-03T22:21:02.111199,1.5081970874150046,-1.5106636703445298
2025-06-03T22:21:02.168601,1.3787285809975887,-1.3799639822017769
2025-06-03T22:21:02.230436,1.258058385754924,-1.2594834678773508
2025-06-03T22:21:02.282518,1.80875403400195,-0.7810451399414217
2025-06-03T22:21:02.337348,2.257483406608545,-0.3697466493527986
2025-06-03T22:21:02.400439,2.7318255261378512,0.039779837367575954
2025-06-03T22:21:02.463440,3.284987029726773,0.45710114915321876
2025-06-03T22:21:02.516021,3.9249907172045484,0.8967183075706284
2025-06-03T22:21:02.563331,4.8471545984446385,1.784777598253027
2025-06-03T22:21:02.616902,5.777580826419659,2.8165373438189487
2025-06-03T22:21:02.664973,6.681973154972182,4.030617487997691
2025-06-03T22:21:02.735155,7.4319315765863845,5.256423941217725
2025-06-03T22:21:02.791481,8.129018867449856,6.508292161686986
2025-06-03T22:21:02.852595,8.15019086489564,7.352523528144898
2025-06-03T22:21:02.911264,8.119052670349285,7.880279940094564
2025-06-03T22:21:02.971132,8.113640056011134,7.885392964459086
2025-06-03T22:21:03.031323,8.111562281935678,7.887925846168265
2025-06-03T22:21:03.086902,8.109945839495861,7.889690825194577
2025-06-03T22:21:03.153500,8.108451185732806,7.890992162380664
2025-06-03T22:21:03.212308,8.107627973658685,7.891832556420936
2025-06-03T22:21:03.272606,8.10759925469281,7.8917848195231235
2025-06-03T22:21:03.323525,8.108431387291898,7.891154519577408
2025-06-03T22:21:03.384530,8.110151953424841,7.889135694339375
2025-06-03T22:21:03.444851,8.113463591070046,7.8861787694680965
2025-06-03T22:21:03.488878,8.118350282230608,7.880995386567377
2025-06-03T22:21:03.556087,8.125981203295597,7.873778151456296
2025-06-03T22:21:03.618761,8.136962400405828,7.862504566570577
2025-06-03T22:21:03.676839,8.153947890016914,7.845600616527843
2025-06-03T22:21:03.734352,8.181018678410526,7.81843248494268
2025-06-03T22:21:03.791356,8.228722347458586,7.770797465295783
2025-06-03T22:21:03.849461,7.314718884194963,6.895696716468646
2025-06-03T22:21:03.907791,6.424572236712675,6.036277906063891
2025-06-03T22:21:03.959391,5.488170367244754,5.1615001703135635
2025-06-03T22:21:04.004287,4.5793654501173835,4.3216577205817535
2025-06-03T22:21:04.074204,3.667973825454481,3.4733601417634827
2025-06-03T22:21:04.131501,2.7344322130176275,2.604401222301325
2025-06-03T22:21:04.201629,1.817599955562483,1.7503258166880464
2025-06-03T22:21:04.254387,0.9005447194523163,0.9077824035710135
2025-06-03T22:21:04.309379,-0.0002820656714752115,0.04568212754727533
2025-06-03T22:21:04.371474,-0.00014476465164386352,-9.307096435757794e-05
2025-06-03T22:21:04.436128,-0.00010941537027515047,-0.000123698385134874
2025-06-03T22:21:04.494634,-7.90201989730626e-05,-0.00011548646501319544
2025-06-03T22:21:04.562641,-0.00012587353657161844,-0.00017243310903574093
2025-06-03T22:21:04.627861,-6.42240498560336e-05,-0.00010766096495413166
2025-06-03T22:21:04.685973,-7.326858741937027e-05,-0.00011633478019796007
2025-06-03T22:21:04.757667,-0.00011753880578829969,-0.000169916169834239
2025-06-03T22:21:04.812532,-9.263294201695727e-05,-0.00013962535376770932
2025-06-03T22:21:04.873625,-0.00012774495538042546,-0.00017664024936074805
2025-06-03T22:21:04.936656,0.4078211626131163,-0.31869481758698176
2025-06-03T22:21:05.001484,0.7145466866198855,-0.5036103232510221
2025-06-03T22:21:05.058077,1.0005008917097102,-0.6752412881714341
2025-06-03T22:21:05.121096,1.3458671920673961,-0.7984302444994271
2025-06-03T22:21:05.174472,1.75257904373515,-0.9861949787027006
2025-06-03T22:21:05.228052,2.1761625219322225,-1.3959799167586253
2025-06-03T22:21:05.281642,2.600173459805129,-2.3280489239592166
2025-06-03T22:21:05.349455,2.800395433350439,-3.3332815639327222
2025-06-03T22:21:05.406050,2.805528926254503,-3.6018055435770213
2025-06-03T22:21:05.470475,2.8262701467523117,-3.6116198935876644
2025-06-03T22:21:05.531831,3.0157778737290593,-3.622443524183537
2025-06-03T22:21:05.597029,3.239228548048349,-3.6016981200012195
2025-06-03T22:21:05.659122,3.5995402233545777,-3.6007220287898916
2025-06-03T22:21:05.717235,3.600345007749405,-3.60037047877723
2025-06-03T22:21:05.782367,3.6013231849649023,-3.6004745069317656
2025-06-03T22:21:05.836933,3.600769860829489,-3.6002218468787106
2025-06-03T22:21:05.884499,3.5998533566843487,-3.600354879511629
2025-06-03T22:21:05.932562,3.599698866502802,-3.600423256721867
2025-06-03T22:21:05.990655,3.5999088386898372,-3.6004111069658324
2025-06-03T22:21:06.051227,3.599585391484083,-3.6004497852341517
2025-06-03T22:21:06.107956,3.5998372201954245,-3.600680399566575
2025-06-03T22:21:06.170590,3.599791570655565,-3.600757791593101
2025-06-03T22:21:06.238035,3.599300867625184,-3.6003820637464776
2025-06-03T22:21:06.301398,3.5992964279823108,-3.600393997764219
2025-06-03T22:21:06.357987,3.534160690091704,-3.535165603740718
2025-06-03T22:21:06.421318,3.257373263255724,-3.2579704892958707
2025-06-03T22:21:06.479558,2.996924147800824,-2.9974361094080306
2025-06-03T22:21:06.538155,2.756546180046841,-2.756923307571482
2025-06-03T22:21:06.605005,2.5358146534604398,-2.5367613196118417
2025-06-03T22:21:06.667168,2.3350534866758177,-2.336501957667786
2025-06-03T22:21:06.728149,2.150709417462466,-2.15044422874623
2025-06-03T22:21:06.793626,1.9794409244957683,-1.9799824829644441
2025-06-03T22:21:06.858115,1.8228062616339022,-1.8234295190483705
2025-06-03T22:21:06.911196,1.6793946260185948,-1.6801243019404877
2025-06-03T22:21:06.964437,1.546599822041204,-1.5475625967718574
2025-06-03T22:21:07.034538,1.4243321952276662,-1.4254459720990333
2025-06-03T22:21:07.094626,1.3121651429465413,-1.3128847325449247
2025-06-03T22:21:07.156276,1.2086023497588818,-1.2093184815476758
2025-06-03T22:21:07.216199,1.7473901513865135,-0.7239329322907601
2025-06-03T22:21:07.273579,2.1663910251324774,-0.0663406526824231
2025-06-03T22:21:07.320237,2.647632533762563,0.17149989027499343
2025-06-03T22:21:07.381421,3.224537016152638,0.7989587662730913
2025-06-03T22:21:07.424639,4.034735003000446,1.4189914951385114
2025-06-03T22:21:07.487294,4.953830406714992,2.2448269816866055
2025-06-03T22:21:07.544231,5.860841063587973,3.3422415385111544
2025-06-03T22:21:07.606514,6.696665042400377,4.543220222626648
2025-06-03T22:21:07.659446,7.429864274084358,5.763121606509121
2025-06-03T22:21:07.717387,8.1110911314376,6.942345298954007
2025-06-03T22:21:07.782517,8.282606321289146,7.716762563805137
2025-06-03T22:21:07.839641,8.266841622507364,7.732706518739949
2025-06-03T22:21:07.904735,8.249458025695263,7.7501370512149546
2025-06-03T22:21:07.964559,8.229584291756197,7.769749217976095
2025-06-03T22:21:08.024685,8.208435048052594,7.790808240359587
2025-06-03T22:21:08.090723,8.188753778154723,7.810502432680631
2025-06-03T22:21:08.152305,8.172057458340594,7.827534864352655
2025-06-03T22:21:08.209744,8.158455896713075,7.840809874819571
2025-06-03T22:21:08.268068,8.146439176020058,7.853167605280899
2025-06-03T22:21:08.331309,8.135032109911766,7.864462536195766
2025-06-03T22:21:08.382528,8.123960426854842,7.875222401500505
2025-06-03T22:21:08.429249,8.113420878666057,7.885957849935552
2025-06-03T22:21:08.480283,8.103853949351466,7.895536123171772
2025-06-03T22:21:08.550418,8.09516795087769,7.903996217254804
2025-06-03T22:21:08.602604,8.087679055707873,7.911613474746954
2025-06-03T22:21:08.654310,8.08048892058365,7.918719743718498
2025-06-03T22:21:08.708496,8.073722930536162,7.9260696843551806
2025-06-03T22:21:08.769331,8.067527932783443,7.931678173968837
2025-06-03T22:21:08.824482,8.062046678447265,7.937462930093302
2025-06-03T22:21:08.890607,8.05680195658493,7.942301369848559
2025-06-03T22:21:08.949335,8.052170103091386,7.947216516410489
2025-06-03T22:21:09.019335,8.047948820233023,7.951637305021923
2025-06-03T22:21:09.075357,8.044091125125352,7.9558342776679645
2025-06-03T22:21:09.138160,8.040114211446339,7.959529970909804
2025-06-03T22:21:09.198253,8.036766846897939,7.963115141523681
2025-06-03T22:21:09.268149,8.033658105605099,7.965957962094463
2025-06-03T22:21:09.331416,8.030899848651412,7.968576216129644
2025-06-03T22:21:09.384526,8.028594242910586,7.971128880283464
2025-06-03T22:21:09.451701,8.026304118778441,7.97346702536247
2025-06-03T22:21:09.516130,8.024024813173929,7.975446001184698
2025-06-03T22:21:09.580961,8.021984605636836,7.97746877578791
2025-06-03T22:21:09.634505,8.020241591546691,7.979433533779658
2025-06-03T22:21:09.697170,7.9023139218026035,8.09739372193039
2025-06-03T22:21:09.766012,7.9077690403928536,8.091746128936377
2025-06-03T22:21:09.818422,7.915200375309131,8.084614967179025
2025-06-03T22:21:09.862656,7.922150988335082,8.077291942846932
2025-06-03T22:21:09.916014,7.928436935346263,8.071353707227264
2025-06-03T22:21:09.977034,7.933757532810739,8.065818491188422
2025-06-03T22:21:10.032522,7.938727201001709,8.060830933898666
2025-06-03T22:21:10.087947,7.94337896347258,8.056200151567838
2025-06-03T22:21:10.157078,7.947743211693963,8.051774998445776
2025-06-03T22:21:10.219712,7.951880614849323,8.047635580549997
2025-06-03T22:21:10.281603,7.955647464021368,8.0440246870985
2025-06-03T22:21:10.341736,7.958883661945469,8.040704248879496
2025-06-03T22:21:10.407370,7.96200339890839,8.037703957384757
2025-06-03T22:21:10.468078,7.964883908416905,8.034715349482523
2025-06-03T22:21:10.520698,7.967493620798751,8.032155341854335
2025-06-03T22:21:10.577299,7.9700912924152325,8.029630059465715
2025-06-03T22:21:10.633449,7.972395807137983,8.027526992135481
2025-06-03T22:21:10.699710,7.97422304049336,8.025232242879481
2025-06-03T22:21:10.753751,7.976339020990171,8.02322056880282
2025-06-03T22:21:10.808700,7.977948919896427,8.021540415940155
2025-06-03T22:21:10.868091,7.979569805016913,8.020033259794415
2025-06-03T22:21:10.929034,7.981136442727935,8.018375436248514
2025-06-03T22:21:10.998153,7.98262622393412,8.017326510872795
2025-06-03T22:21:11.056128,7.983705383655005,8.01568790562023
2025-06-03T22:21:11.119447,7.985033062661543,8.01474277929202
2025-06-03T22:21:11.184898,7.986097220525943,8.013633847764265
2025-06-03T22:21:11.247109,7.987190561651589,8.012426441292126
2025-06-03T22:21:11.309723,7.987969348916627,8.011429792414061
2025-06-03T22:21:11.376385,7.989000662575441,8.010738261495502
2025-06-03T22:21:11.430804,7.989852050521044,8.009454963176465
2025-06-03T22:21:11.490482,7.990568884079903,8.008730623284325
2025-06-03T22:21:11.538279,7.991405236195308,8.00820038507329
2025-06-03T22:21:11.587480,7.992043022175992,8.007663787570639
2025-06-03T22:21:11.656318,7.992644259896354,8.006899632532638
2025-06-03T22:21:11.716121,7.993143098476548,8.006336360633208
2025-06-03T22:21:11.780463,7.993827967743253,8.005847965622696
2025-06-03T22:21:11.844824,7.994205203236457,8.005374529237477
2025-06-03T22:21:11.904671,7.99477233352284,8.005063627315048
2025-06-03T22:21:11.958287,7.99513491770574,8.004587858696953
2025-06-03T22:21:12.008412,7.995309442655958,8.004295199733274
2025-06-03T22:21:12.055492,7.995708698847087,8.00389913442107
2025-06-03T22:21:12.101601,7.996088190276124,8.00337027374928
2025-06-03T22:21:12.169232,7.996511592132072,8.003340464415706
2025-06-03T22:21:12.231430,7.996774686221143,8.003008989161787
2025-06-03T22:21:12.287843,7.9967828383363955,8.002450479404638
2025-06-03T22:21:12.334555,7.99733468105311,8.002594238310238
2025-06-03T22:21:12.384641,7.997422071416514,8.002242710622944
2025-06-03T22:21:12.449395,7.997514583352398,8.001860951226151
2025-06-03T22:21:12.513705,7.997753260830632,8.001853489128882
2025-06-03T22:21:12.574297,7.997867101650979,8.00170063448875
2025-06-03T22:21:12.639379,7.998002355496195,8.001394562749287
2025-06-03T22:21:12.694860,7.99816894788336,8.001470685966723
2025-06-03T22:21:12.764668,7.998268865011219,8.00128260426191
2025-06-03T22:21:12.823838,7.998306089826398,8.001229401895216
2025-06-03T22:21:12.891730,7.998415797429822,8.001036975561334
2025-06-03T22:21:12.952670,7.998513397184579,8.001037114111035
2025-06-03T22:21:13.004572,7.9985720214898075,8.00097594242465
2025-06-03T22:21:13.054662,7.998612544634645,8.00091269732399
2025-06-03T22:21:13.121644,7.998766934478841,8.001064300290722
2025-06-03T22:21:13.186546,7.998662880726464,8.000786879247691
2025-06-03T22:21:13.241557,7.998826792103924,8.000939034143116
2025-06-03T22:21:13.302579,7.998750792818782,8.000629474143162
2025-06-03T22:21:13.363216,7.9990174702926,8.000814066958783
2025-06-03T22:21:13.408177,7.998794028776807,8.000696613668156
2025-06-03T22:21:13.465566,7.999039776910921,8.000507077750898
2025-06-03T22:21:13.524608,7.998970770757977,8.000455281960171
2025-06-03T22:21:13.592740,7.998881597944141,8.000565209475399
2025-06-03T22:21:13.644827,7.999105675912549,8.000559909194205
2025-06-03T22:21:13.693455,7.999198818803413,8.000445852016552
2025-06-03T22:21:13.740528,7.999008046955145,8.000399778546802
2025-06-03T22:21:13.802546,7.999356534082658,8.000647828744787
2025-06-03T22:21:13.851836,7.999068264795189,8.000153339887103
2025-06-03T22:21:13.915428,7.999315965701463,8.000434159941953
2025-06-03T22:21:13.970604,7.99922339163447,8.000104227600248
2025-06-03T22:21:14.016181,7.9992276003134775,8.00012171588205
2025-06-03T22:21:14.080936,7.999372136435218,8.000208546899085
2025-06-03T22:21:14.136310,7.999365918434084,8.00014833371507
2025-06-03T22:21:14.192409,7.999463733047217,8.000045589212727
2025-06-03T22:21:14.250513,7.999442685741866,8.000153899696297
2025-06-03T22:21:14.305559,7.9993740675587155,8.000133949964278
2025-06-03T22:21:14.369690,7.0453158277685946,7.119907171121248
2025-06-03T22:21:14.420799,6.172749611970092,6.272512200756308
2025-06-03T22:21:14.468316,5.256056931631668,5.385636830354026
2025-06-03T22:21:14.527403,4.346773194642649,4.5349766387730845
2025-06-03T22:21:14.582644,3.451547539984209,3.6965625653851513
2025-06-03T22:21:14.629475,2.8749666382064074,3.5567270190033677
2025-06-03T22:21:14.695294,2.521469834971411,3.598990081926989
2025-06-03T22:21:14.759717,1.885984819037979,3.599483254550885
2025-06-03T22:21:14.814469,1.2863799655819688,3.599376892848863
2025-06-03T22:21:14.867944,0.682067330263925,3.5988497869834037
2025-06-03T22:21:14.925599,0.06031533861376321,3.5989794003848674
2025-06-03T22:21:14.991713,-0.5834291582793705,3.5995825447868466
2025-06-03T22:21:15.051813,-1.2745116389133377,3.599679319038921
2025-06-03T22:21:15.114944,-2.036658029408602,3.5995577065408866
2025-06-03T22:21:15.172675,-2.835095588562688,3.5859648209252404
2025-06-03T22:21:15.219917,-3.600386634718884,3.5980288485680374
2025-06-03T22:21:15.271539,-3.5999251319314833,3.496683288952504
2025-06-03T22:21:15.339592,-3.599771190782742,3.4171191259100553
2025-06-03T22:21:15.392750,-3.6005385482816052,3.536608313105835
2025-06-03T22:21:15.442726,-3.600409272497368,3.5993771753493147
2025-06-03T22:21:15.504844,-3.6005003258573733,3.600024399383328
2025-06-03T22:21:15.568463,-3.6004715819394777,3.599614861205637
2025-06-03T22:21:15.626269,-3.600182607659176,3.599820677886154
2025-06-03T22:21:15.672841,-3.600244436230499,3.599677586912086
2025-06-03T22:21:15.745574,-3.600455287547419,3.5999893276128896
2025-06-03T22:21:15.804971,-3.600751009362381,3.599860869821275
2025-06-03T22:21:15.872616,-3.600541512479186,3.5999275967711615
2025-06-03T22:21:15.923549,-3.47330728758562,3.4724498333546965
2025-06-03T22:21:15.981935,-3.2090858688345456,3.208382090369063
2025-06-03T22:21:16.042635,-2.9626266241340824,2.9621685012648657
2025-06-03T22:21:16.104761,-2.737156537103029,2.736321743508271
2025-06-03T22:21:16.166382,-2.5296197862866,2.5290528353337893
2025-06-03T22:21:16.228059,-2.3394082858274174,2.3386892955931633
2025-06-03T22:21:16.293717,-2.163364126067131,2.1629301455075964
2025-06-03T22:21:16.348345,-2.0022815329996853,2.002204020978966
2025-06-03T22:21:16.394925,-1.8531320930474915,1.8529585710887613
2025-06-03T22:21:16.447288,-1.7156319079268387,1.715254547453835
2025-06-03T22:21:16.510900,-1.5889537002896625,1.587992405966286
2025-06-03T22:21:16.581584,-1.471360116096723,1.4707891275163052
2025-06-03T22:21:16.637512,-1.3625305149731668,1.3617362787270957
2025-06-03T22:21:16.703768,-1.2628535483957697,1.2625632231758959
2025-06-03T22:21:16.754713,-0.6975867169153105,1.785169656106211
2025-06-03T22:21:16.803687,-0.26807207117561543,2.230010516991335
2025-06-03T22:21:16.849904,0.15992047108923801,2.7476137428989293
2025-06-03T22:21:16.920551,0.676495653819853,3.3455232563086836
2025-06-03T22:21:16.983783,1.393810873871285,4.084151888814132
2025-06-03T22:21:17.041885,2.3482004563032604,4.8274212134206556
2025-06-03T22:21:17.107415,3.456084141737453,5.714152021971779
2025-06-03T22:21:17.171916,4.679675487404376,6.619340861665348
2025-06-03T22:21:17.227260,5.900992403474835,7.3699975637269715
2025-06-03T22:21:17.273834,7.03386254226949,8.026230871790549
2025-06-03T22:21:17.344495,7.406775856953591,8.428946514657955
2025-06-03T22:21:17.407235,7.377878790782956,8.621908264024185
2025-06-03T22:21:17.462875,7.353452881171795,8.646381872979367
2025-06-03T22:21:17.510951,7.32704183793916,8.672864065427103
2025-06-03T22:21:17.574718,7.287322821710726,8.712588953168526
2025-06-03T22:21:17.636316,7.228820807458842,8.770981253257226
2025-06-03T22:21:17.700922,7.1440004112044315,8.855595580963433
2025-06-03T22:21:17.758337,7.013825848530306,8.98570154515157
2025-06-03T22:21:17.820677,6.801192402399705,9.198390736202814
2025-06-03T22:21:17.883759,5.903284779832947,8.239621760888355
2025-06-03T22:21:17.932826,4.996203475684105,7.36863904380719
2025-06-03T22:21:17.992749,4.1308815119432385,6.4820493067243765
2025-06-03T22:21:18.046974,3.2771908962006515,5.489317480562086
2025-06-03T22:21:18.107464,2.4292746269293457,4.553055485454196
2025-06-03T22:21:18.162984,1.6099143720976767,3.6231865692711334
2025-06-03T22:21:18.209669,0.5429096753879847,2.864602572059333
2025-06-03T22:21:18.274352,0.0007010649047911267,1.9725066440270203
2025-06-03T22:21:18.338106,0.0004680330791375298,1.265873160842787
2025-06-03T22:21:18.407422,-0.00011297908021895937,0.5363418533263112
2025-06-03T22:21:18.459836,-7.493892253958806e-05,0.012164235548272633
2025-06-03T22:21:18.511877,-0.00015612036214911732,-0.00021727684255117108
2025-06-03T22:21:18.577399,-0.0001244506623032103,-0.00032185176275231964
2025-06-03T22:21:18.633606,-8.116568954715198e-05,-0.00028132960682153863
2025-06-03T22:21:18.691002,-8.209892773943155e-05,-0.00023977907216414938
2025-06-03T22:21:18.744839,-9.945904367309785e-05,-0.00019290728534564265
2025-06-03T22:21:18.807203,-0.00013785232111923208,-0.0003322521891502112
2025-06-03T22:21:18.864800,-0.00011101716337331033,-0.0003121853272669232
2025-06-03T22:21:18.914385,-7.341170000226567e-05,-0.00023792936750803952
2025-06-03T22:21:18.973746,-0.00011224723621134203,-0.000362317955116
2025-06-03T22:21:19.029676,0.6031923381380849,0.7717149718442188
2025-06-03T22:21:19.087484,1.292757892933731,1.5160417975222635
2025-06-03T22:21:19.148427,1.9375929109219825,2.3141457723133736
2025-06-03T22:21:19.194747,2.6602397239327034,3.1821974205780035
2025-06-03T22:21:19.259853,3.405297880327967,3.983869221277212
2025-06-03T22:21:19.327507,4.522197391297059,4.747517777362478
2025-06-03T22:21:19.388250,5.6955235176279,5.404035642560773
2025-06-03T22:21:19.452854,6.878082341259915,6.061660115585818
2025-06-03T22:21:19.514953,7.947036304136002,6.7266175015661664
2025-06-03T22:21:19.576463,8.562111602133074,7.266349251566912
2025-06-03T22:21:19.638380,8.53226113191111,7.466828842873953
2025-06-03T22:21:19.700787,8.512281808941259,7.486984113396342
2025-06-03T22:21:19.759735,8.498437827426073,7.500824247076844
2025-06-03T22:21:19.830842,8.487596928725045,7.5120124648764435
2025-06-03T22:21:19.880922,8.478811407247209,7.520428639808657
2025-06-03T22:21:19.929758,8.47276093947504,7.526609764958542
2025-06-03T22:21:19.983703,8.469305146209562,7.529585908157332
2025-06-03T22:21:20.038558,8.469257602636839,7.529882802731042
2025-06-03T22:21:20.108384,8.472912025303911,7.526509736817536
2025-06-03T22:21:20.161757,8.480700572771848,7.518730313140564
2025-06-03T22:21:20.209889,8.493536624546485,7.5055339838729225
2025-06-03T22:21:20.267983,8.514386386928765,7.484975067027673
2025-06-03T22:21:20.319783,8.545546509974704,7.4540278627274015
2025-06-03T22:21:20.381895,8.591162543556003,7.408160290291867
2025-06-03T22:21:20.447362,8.66023433366473,7.339226609430517
2025-06-03T22:21:20.512469,8.767593279107407,7.231874135653602
2025-06-03T22:21:20.576610,8.94715229570443,7.052322224277294
2025-06-03T22:21:20.630780,8.08561115868732,6.138311221663676
2025-06-03T22:21:20.674841,7.19806097508295,5.244535884743001
2025-06-03T22:21:20.749627,6.297571623294943,4.370532412378084
2025-06-03T22:21:20.811699,5.390158529335844,3.5437801113065808
2025-06-03T22:21:20.873852,4.45229174401901,2.7233012978652287
2025-06-03T22:21:20.929662,3.390569555430954,1.9000811001371574
2025-06-03T22:21:20.981785,2.441563340213095,1.117474538829119
2025-06-03T22:21:21.041925,1.5063413224857842,0.35072976989530147
2025-06-03T22:21:21.105021,0.6899742820447583,-0.0012361797110466365
2025-06-03T22:21:21.163707,0.10235188767988355,-0.04060177001956345
2025-06-03T22:21:21.220807,0.00015004048554694677,-0.0020732499510428435
2025-06-03T22:21:21.271966,1.3201501036779114e-05,-0.0014878152183058484
2025-06-03T22:21:21.329823,-0.0002535922374535197,-0.0011601286607768884
2025-06-03T22:21:21.382903,-3.1124573063296715e-05,-0.0011573241045007392
2025-06-03T22:21:21.435013,-0.0005174743360262042,-0.0009070144043303669
2025-06-03T22:21:21.499936,-0.0005045344060652929,-0.0008734513610521002
2025-06-03T22:21:21.566435,-0.0005919270730353537,-0.0008858428935412117
2025-06-03T22:21:21.620015,-0.0005202859047595973,-0.0008731912243177223
2025-06-03T22:21:21.682688,-0.0005440687924966367,-0.0008579691220500229
2025-06-03T22:21:21.750748,-0.000589376675542149,-0.0008178696456103431
2025-06-03T22:21:21.807438,-0.0005170156623604875,-0.0008157113089453784
2025-06-03T22:21:21.870921,-0.0005378709259322002,-0.0008278028562200251
2025-06-03T22:21:21.931086,-0.0005392821549436323,-0.0008165115448118452
2025-06-03T22:21:21.986539,-0.0005489351109670612,-0.0008221963081053242
2025-06-03T22:21:22.037170,-0.0005464938846348584,-0.0008130341810038048
2025-06-03T22:21:22.099926,-0.000365064180418722,-0.0009717579565837698
2025-06-03T22:21:22.160734,-0.00035796979922509656,-0.0009716938297465954
2025-06-03T22:21:22.214527,-0.00033386204894013204,-0.0009734924603355275
2025-06-03T22:21:22.278486,-0.00036417568117787344,-0.0009792880288051736
2025-06-03T22:21:22.344599,-0.000351834695244692,-0.0009828338075869136
2025-06-03T22:21:22.400059,-0.00037771112513243857,-0.000970429285421773
2025-06-03T22:21:22.465058,-0.000585792914176691,-0.0006252651657774658
2025-06-03T22:21:22.522729,-0.0006215127510540593,-0.0005701643885807437
2025-06-03T22:21:22.572970,-0.0006170653183874524,-0.0005830236666342915
2025-06-03T22:21:22.622749,-0.0005520556560338641,-0.0006537874789888625
2025-06-03T22:21:22.678414,-0.0005684022599155318,-0.000703378538081647
2025-06-03T22:21:22.736510,-0.00041615459299712966,-0.000946177920360939
2025-06-03T22:21:22.798607,-0.0004513468070401062,-0.0009122843078883991
2025-06-03T22:21:22.867586,-0.0004646525202935541,-0.0008991291586405589
2025-06-03T22:21:22.916765,-0.00042192961347008173,-0.0009329468279613202
2025-06-03T22:21:22.968227,-0.0002032966225583997,-0.0010419686309812333
2025-06-03T22:21:23.026727,-0.00023255876752108502,-0.001040885200957745
2025-06-03T22:21:23.102861,-0.00023977939209711833,-0.0010349225662827735
2025-06-03T22:21:23.152942,-0.00023696750729433974,-0.0010317609118111711
2025-06-03T22:21:23.201978,-0.00025440978941298435,-0.0010259283502662474
2025-06-03T22:21:23.257579,-0.00027413083482080827,-0.0010178141056787918
2025-06-03T22:21:23.313169,-0.0002808940400388968,-0.001017914792804097
2025-06-03T22:21:23.373791,-0.00026375396658944984,-0.0010326116324162542
2025-06-03T22:21:23.428353,-0.0002624790429672196,-0.0010276818545524866
2025-06-03T22:21:23.479947,-0.0002918984117527655,-0.0010208420987573266
2025-06-03T22:21:23.533941,-0.0002727549291314251,-0.0010302579549077754
2025-06-03T22:21:23.592135,-0.00025598657762409546,-0.0010188498775248742
2025-06-03T22:21:23.645500,-0.00024647865918263914,-0.0010348456149707832
2025-06-03T22:21:23.706668,1.0307585362308014,0.5879498224815903
2025-06-03T22:21:23.767552,1.9420079615809054,1.1496211702910004
2025-06-03T22:21:23.838493,2.887514139637893,1.8003119170628819
2025-06-03T22:21:23.887572,3.8251643797573465,2.5310754550859214
2025-06-03T22:21:23.941706,4.730943983329787,3.4048143851592165
2025-06-03T22:21:24.008259,5.607994462243556,4.360741302602235
2025-06-03T22:21:24.076650,6.436521364488084,5.339790955888913
2025-06-03T22:21:24.146543,6.835260743405125,6.270753717270854
2025-06-03T22:21:24.203855,5.795892964665024,5.538358413279625
2025-06-03T22:21:24.266841,4.797033491629659,4.793563937869687
2025-06-03T22:21:24.327565,3.849392563032498,3.984563428802184
2025-06-03T22:21:24.394659,2.9162212360630066,3.1545351894685183
2025-06-03T22:21:24.454859,1.9784702798625624,2.305175261225294
2025-06-03T22:21:24.521000,1.0973508984408018,1.456686434364016
2025-06-03T22:21:24.575664,0.6297459293981366,1.4483858889593983
2025-06-03T22:21:24.635713,0.23003905946975658,1.4437555105514983
2025-06-03T22:21:24.690884,-0.1551722117555714,1.4245283978398757
2025-06-03T22:21:24.741890,-0.5869905910337209,1.3813085400432437
2025-06-03T22:21:24.797500,-1.0353651004176154,1.3124466047215004
2025-06-03T22:21:24.857594,-1.2312333469343302,1.2304117005324902
2025-06-03T22:21:24.914212,-0.8844882057560987,1.9051931709045933
2025-06-03T22:21:24.963040,-0.6462193646161553,2.425828895691225
2025-06-03T22:21:25.025759,-0.48260838365792047,3.1512609795550097
2025-06-03T22:21:25.097565,-0.2568611055865158,3.6800165245776837
2025-06-03T22:21:25.157192,0.167436174605443,4.274688950048225
2025-06-03T22:21:25.221015,0.8406902538226875,4.951768588649317
2025-06-03T22:21:25.278211,1.6111495698741805,5.81620529298714
2025-06-03T22:21:25.347401,2.4704719279131897,6.709066628414611
2025-06-03T22:21:25.404986,3.5276483078240792,7.611091171051727
2025-06-03T22:21:25.467861,4.489419766942391,7.952972346826328
2025-06-03T22:21:25.527183,5.200435347675921,7.808972627147182
2025-06-03T22:21:25.585854,5.8703674309363825,7.68861128313881
2025-06-03T22:21:25.636684,6.551239445759872,7.592092754667053
2025-06-03T22:21:25.705007,7.231608451715915,7.5170252007821
2025-06-03T22:21:25.758565,7.953559105553963,7.463807581630947
2025-06-03T22:21:25.805176,8.599794911325754,7.433351630228402
2025-06-03T22:21:25.857587,8.582669221914463,7.390959402039832
2025-06-03T22:21:25.924756,8.608086622486944,7.3910386626190805
2025-06-03T22:21:25.975004,8.647606368925006,7.351832171891961
2025-06-03T22:21:26.032723,8.707308193783694,7.292300257762986
2025-06-03T22:21:26.092898,8.796827139169434,7.202208827833406
2025-06-03T22:21:26.153051,8.93925248273412,7.060392389126724
2025-06-03T22:21:26.217830,9.181196466218289,6.817975745857717
2025-06-03T22:21:26.271902,8.297095752883152,5.890447833615616
2025-06-03T22:21:26.324950,7.423868909620765,4.992552062491989
2025-06-03T22:21:26.387561,6.518997718668986,4.094035445665891
2025-06-03T22:21:26.445158,5.606181401870251,3.256172611058303
2025-06-03T22:21:26.495819,4.676226677061082,2.4154966428799303
2025-06-03T22:21:26.551725,3.7392817534817873,1.6290403112363752
2025-06-03T22:21:26.604990,2.788482181796758,0.8625166827442078
2025-06-03T22:21:26.666697,1.8587290317287832,0.1255922231677574
2025-06-03T22:21:26.727537,2.2452557227545626,-0.10759436583276276
2025-06-03T22:21:26.775116,2.6974792993573398,-0.37845139944084955
2025-06-03T22:21:26.842715,3.140401193758808,-0.7903937279474983
2025-06-03T22:21:26.899931,3.4994581240587554,-1.5579958347426068
2025-06-03T22:21:26.965125,3.5992518772853286,-2.6410152617282265
2025-06-03T22:21:27.030952,3.5994146561957256,-3.544552187008737
2025-06-03T22:21:27.085517,3.535455151043727,-3.6147931650694165
2025-06-03T22:21:27.154142,3.5014146271646975,-3.6093951935615047
2025-06-03T22:21:27.214050,3.575674018586597,-3.6007709396489385
2025-06-03T22:21:27.280202,3.5997541719349235,-3.600340046347819
2025-06-03T22:21:27.345832,3.599982136205265,-3.600143190585505
2025-06-03T22:21:27.407345,3.6002309225575106,-3.600134127358005
2025-06-03T22:21:27.470106,3.5998946925509006,-3.6002778500453996
2025-06-03T22:21:27.522878,3.599848644539641,-3.6007521831668523
2025-06-03T22:21:27.578466,3.599543496206455,-3.600317071344798
2025-06-03T22:21:27.633853,3.5996812519482932,-3.6001821336241715
2025-06-03T22:21:27.681148,3.5996680018186864,-3.600264155543276
2025-06-03T22:21:27.728249,3.3672986135332277,-3.3678482821764533
2025-06-03T22:21:27.799910,3.1322378783850766,-3.132392850302065
2025-06-03T22:21:27.856460,2.915202195244076,-2.9155182401239452
2025-06-03T22:21:27.905045,2.7170129051361895,-2.717500254938646
2025-06-03T22:21:27.972561,2.533561390661035,-2.5343076652824372
2025-06-03T22:21:28.034183,2.3647018239194835,-2.365422685875305
2025-06-03T22:21:28.086762,2.208258738882332,-2.2101177033328847
2025-06-03T22:21:28.132900,2.065713354711743,-2.066462021636101
2025-06-03T22:21:28.184009,1.932751106915805,-1.9327488063703662
2025-06-03T22:21:28.242915,1.8077251209049654,-1.8077105212271354
2025-06-03T22:21:28.287357,1.6919136718125631,-1.6925058808230184
2025-06-03T22:21:28.363197,1.5847044927541376,-1.5852328059155583
2025-06-03T22:21:28.417011,1.0234054612896997,-1.0350857480582352
2025-06-03T22:21:28.486708,0.5221859873216287,-0.3933515897185111
2025-06-03T22:21:28.540089,-0.05803399787828951,0.17932780899893658
2025-06-03T22:21:28.597963,-0.5020210434648034,0.523548737716871
2025-06-03T22:21:28.650900,-0.9991878568208397,0.9534013943770476
2025-06-03T22:21:28.719305,-1.5098429137451264,1.3231049144435558
2025-06-03T22:21:28.774028,-2.0787479506000444,1.6386921926325926
2025-06-03T22:21:28.824359,-2.6887496198449106,2.178666595571184
2025-06-03T22:21:28.885209,-3.4684920188366886,2.3980851804150003
2025-06-03T22:21:28.945226,-3.599922204362506,2.5713887198376844
2025-06-03T22:21:29.014078,-3.600006890339753,2.8225335038515946
2025-06-03T22:21:29.078729,-3.5683210127566096,2.7619298168140602
2025-06-03T22:21:29.133904,-3.4731468270443595,2.7568023207535157
2025-06-03T22:21:29.201073,-3.3451363079353325,2.899277912791768
2025-06-03T22:21:29.263827,-3.601233964077746,2.9840554710985487
2025-06-03T22:21:29.326884,-3.721659009207771,3.2752894842606635
2025-06-03T22:21:29.380858,-3.670464156753176,3.1673180690016274
2025-06-03T22:21:29.428504,-3.6511878326222367,2.95603452878569
2025-06-03T22:21:29.478587,-3.601892963110419,2.7724854760099236
2025-06-03T22:21:29.547520,-3.4601195908665248,2.4658223547099327
2025-06-03T22:21:29.600060,-3.201148853135246,2.332218581761012
2025-06-03T22:21:29.658651,-2.899363006321014,2.2337413323909834
2025-06-03T22:21:29.713247,-2.732727483743714,2.1814573760262355
2025-06-03T22:21:29.771803,-2.582426732688217,2.4642986845635733
2025-06-03T22:21:29.826743,-2.3903218075187187,2.4136581567083395
2025-06-03T22:21:29.875852,-2.2065953016666726,2.428494827819085
2025-06-03T22:21:29.933230,-2.0313654741379863,2.2203219662611144
2025-06-03T22:21:29.996834,-1.8676606603939838,1.9729331673735622
2025-06-03T22:21:30.063974,-1.717582689258992,1.7182068309710867
2025-06-03T22:21:30.115136,-1.5843812093176115,1.5835518776275674
2025-06-03T22:21:30.182966,-1.4642109370557965,1.4629205812337327
2025-06-03T22:21:30.241068,-1.3541055728855547,1.3526748252860041
2025-06-03T22:21:30.306959,-1.2516630819490722,1.2503574849698065
2025-06-03T22:21:30.375115,-0.7572163063213507,1.7861728290059158
2025-06-03T22:21:30.433213,-0.36076454327601015,2.1808007875517696
2025-06-03T22:21:30.501241,0.23476494437853268,2.632113918811562
2025-06-03T22:21:30.564019,0.6587061829084885,3.1624345558580926
2025-06-03T22:21:30.617614,1.3576103098187668,3.9322897171977647
2025-06-03T22:21:30.660862,2.3463845609524276,4.792468498040782
2025-06-03T22:21:30.724880,3.2800469016034657,5.6489802831684495
2025-06-03T22:21:30.785074,4.512097515438243,6.479595482013097
2025-06-03T22:21:30.841111,5.7205657028195604,7.140404694074033
2025-06-03T22:21:30.906711,6.894939356896517,7.852883956649954
2025-06-03T22:21:30.968777,7.575237095766935,8.237888453292852
2025-06-03T22:21:31.029106,7.5773181152833455,8.42231448938073
2025-06-03T22:21:31.082195,7.584872422975619,8.413841579708441
2025-06-03T22:21:31.142300,7.594841551997543,8.405202595043336
2025-06-03T22:21:31.195885,7.603941786334735,8.39540040462487
2025-06-03T22:21:31.251325,7.611234642066665,8.388417433715619
2025-06-03T22:21:31.315102,7.614314835778048,8.385128802246612
2025-06-03T22:21:31.366844,7.613760760144451,8.385437435188171
2025-06-03T22:21:31.422304,7.6101803040346505,8.38898053665382
2025-06-03T22:21:31.481977,7.603260003770993,8.396157801213102
2025-06-03T22:21:31.541366,7.591599049752382,8.407759280343402
2025-06-03T22:21:31.611891,7.573891496692947,8.425436154801307
2025-06-03T22:21:31.661973,7.547064613073758,8.452270299063198
2025-06-03T22:21:31.717926,7.506520275787108,8.492331065530447
2025-06-03T22:21:31.771640,7.445800351058861,8.553266150428199
2025-06-03T22:21:31.820251,7.3498862049065545,8.650000389811046
2025-06-03T22:21:31.883849,7.185232084448466,8.81443614886421
2025-06-03T22:21:31.942279,6.20242858158247,7.954452803668402
2025-06-03T22:21:31.998834,5.355620650522872,7.050551618512593
2025-06-03T22:21:32.051999,4.562462730154211,6.148742528942694
2025-06-03T22:21:32.105067,3.690061568496874,5.242547102870612
2025-06-03T22:21:32.167673,2.8598957880138935,4.324454238577141
2025-06-03T22:21:32.230954,1.962008286110058,3.4158008874346484
2025-06-03T22:21:32.291131,1.1419058468282703,2.578084223599777
2025-06-03T22:21:32.358735,0.3568699574373066,1.5842639882616243
2025-06-03T22:21:32.422289,0.0004742294655637267,0.750216471532765
2025-06-03T22:21:32.478885,-0.2147340340654012,1.14139749826622
2025-06-03T22:21:32.532948,-0.7167785224123754,1.4736402914085809
2025-06-03T22:21:32.598758,-0.9680653917567941,2.288578399544496
2025-06-03T22:21:32.658850,-1.4538140917189524,2.858818526683082
2025-06-03T22:21:32.711897,-2.098571695043626,3.355772713796739
2025-06-03T22:21:32.758589,-2.9269751748671626,3.5999390274141567
2025-06-03T22:21:32.821234,-3.6009028888368393,3.6001116308613916
2025-06-03T22:21:32.866801,-3.611656742807361,3.598607444192417
2025-06-03T22:21:32.930044,-3.600253084215877,3.5216236865236237
2025-06-03T22:21:32.978629,-3.599907506366172,3.5987789788042415
2025-06-03T22:21:33.037744,-3.600037317383567,3.59972948232692
2025-06-03T22:21:33.092328,-3.6008537745998925,3.59999088969496
2025-06-03T22:21:33.154998,-2.9938996739635972,3.0259605261956426
2025-06-03T22:21:33.214202,-2.4131274639056133,2.622670768546878
2025-06-03T22:21:33.267798,-1.8317330744817422,2.215052996562282
2025-06-03T22:21:33.325397,-1.269410268945918,1.7298144940324667
2025-06-03T22:21:33.375373,-0.7139660543116975,1.1813786026983044
2025-06-03T22:21:33.434335,-0.17994520659860658,0.7408701902673281
2025-06-03T22:21:33.486380,0.32128301052899305,0.2902956560810775
2025-06-03T22:21:33.555293,0.7896519724648303,-0.25846569492813753
2025-06-03T22:21:33.608780,1.1620351505870066,-0.8129501577374733
2025-06-03T22:21:33.677606,1.6072548727409361,-1.4552624101965475
2025-06-03T22:21:33.738740,1.7551533501686856,-2.148927624353116
2025-06-03T22:21:33.793326,1.6881557750402703,-2.8820079305519037
2025-06-03T22:21:33.840925,1.6551690005187376,-3.4790028766278445
2025-06-03T22:21:33.894105,1.5157149604385005,-3.2810304875268343
2025-06-03T22:21:33.957512,1.6514325011525166,-3.0768400865936325
2025-06-03T22:21:34.018425,2.0731548921972367,-2.8860077698203814
2025-06-03T22:21:34.078743,2.6796800840571318,-2.7327932933985006
2025-06-03T22:21:34.145368,2.488250585187726,-2.7602409089769444
2025-06-03T22:21:34.203957,2.2912932401004946,-2.549095381939278
2025-06-03T22:21:34.271149,2.1100511128985886,-2.235719831852518
2025-06-03T22:21:34.341323,1.9475009232230727,-1.9509682127885717
2025-06-03T22:21:34.394403,1.7918016153998513,-1.8109789491465893
2025-06-03T22:21:34.455655,1.679667357519876,-1.6816633008650195
2025-06-03T22:21:34.517814,1.5468100623637835,-1.5213788978896785
2025-06-03T22:21:34.579705,1.4147177706347691,-1.4134756740504217
2025-06-03T22:21:34.653306,1.2925937426296283,-1.2907756313342431
2025-06-03T22:21:34.705884,2.1244989432864596,-0.6705689375558733
2025-06-03T22:21:34.765163,2.5985066169426743,-0.22313764227403987
2025-06-03T22:21:34.819099,3.1490074663582543,0.27574813106702784
2025-06-03T22:21:34.881191,3.8618612092820226,0.8613346596468869
2025-06-03T22:21:34.946788,4.623339217171582,1.6243282826825873
2025-06-03T22:21:35.010193,5.594006517566262,2.7054022535404716
2025-06-03T22:21:35.074350,6.4980658905010555,3.928686295553776
2025-06-03T22:21:35.128458,7.321358644933299,5.2866589151265
2025-06-03T22:21:35.184415,8.025586633768336,6.533288959202997
2025-06-03T22:21:35.247514,8.31287719392831,7.607286016021956
2025-06-03T22:21:35.310151,8.286334353054027,7.714101815459165
2025-06-03T22:21:35.375325,8.27775313535975,7.721779649223234
2025-06-03T22:21:35.436925,8.270874851127733,7.728825271726362
2025-06-03T22:21:35.488733,8.26488147613962,7.734907037489503
2025-06-03T22:21:35.546748,8.259986413688136,7.739875390363065
2025-06-03T22:21:35.601331,8.257076457622757,7.742893971667706
2025-06-03T22:21:35.664420,8.255621193345007,7.7441839996912565
2025-06-03T22:21:35.732265,8.255414588033048,7.744338563498092
2025-06-03T22:21:35.792353,8.257801040415853,7.741940579952403
2025-06-03T22:21:35.857680,8.26271699976381,7.736968515336824
2025-06-03T22:21:35.911271,8.271268062918884,7.728506395690572
2025-06-03T22:21:35.959202,8.284311807652434,7.7155398307451675
2025-06-03T22:21:36.011286,8.30326392725591,7.696398506299855
2025-06-03T22:21:36.073406,8.331150993998683,7.668619428044009
2025-06-03T22:21:36.140312,8.37353216188272,7.626027765845959
2025-06-03T22:21:36.198817,8.44259117004208,7.557072676292423
2025-06-03T22:21:36.253360,8.564431800850128,7.435043945974343
2025-06-03T22:21:36.307798,7.636606776750041,6.539609371284483
2025-06-03T22:21:36.372204,6.7457672010357745,5.672198793472858
2025-06-03T22:21:36.429357,5.832697555896659,4.808837583956999
2025-06-03T22:21:36.494032,4.921910393983187,3.9521566751782924
2025-06-03T22:21:36.550325,3.995705957326527,3.105283134631884
2025-06-03T22:21:36.612373,3.072123930723852,2.268659107298314
2025-06-03T22:21:36.642424,3.072116118719386,2.200769493238706
2025-06-03T22:21:36.731422,2.1332247994821456,1.377273102408523
2025-06-03T22:21:36.785806,1.1938510702220446,0.5806544066332784
2025-06-03T22:21:36.853182,0.3349581434672852,-0.00045168625923978933
2025-06-03T22:21:36.917791,0.7237206500487591,-0.2005055904540447
2025-06-03T22:21:36.968809,1.1038101415060027,-0.3020190684193383
2025-06-03T22:21:37.016929,1.5298358837962813,-0.4552317326093669
2025-06-03T22:21:37.072266,1.9828351431348028,-0.7030967257755985
2025-06-03T22:21:37.136864,2.4922566617447135,-1.0317201060798438
2025-06-03T22:21:37.199024,2.9067409886967646,-1.5429709703715977
2025-06-03T22:21:37.261348,3.366761111255348,-2.8157245445378702
2025-06-03T22:21:37.321163,3.39730643675592,-3.6007692062772256
2025-06-03T22:21:37.381040,3.4933967573166984,-3.6637908946880953
2025-06-03T22:21:37.440397,3.4070790722599593,-3.6121287324393165
2025-06-03T22:21:37.485991,3.57681362241328,-3.6007276820132135
2025-06-03T22:21:37.541247,3.6000218566873783,-3.6007518138268164
2025-06-03T22:21:37.606182,3.5996104213566813,-3.600372506239986
2025-06-03T22:21:37.673642,3.5999069782007354,-3.600421558587653
2025-06-03T22:21:37.728794,3.5996286010100977,-3.600331806419371
2025-06-03T22:21:37.794476,3.599536338122643,-3.6003727395007563
2025-06-03T22:21:37.855462,3.5997826165744997,-3.6005129631187063
2025-06-03T22:21:37.920406,3.599450374932343,-3.6006047571328845
2025-06-03T22:21:37.974482,3.599484847388967,-3.6004221763650017
2025-06-03T22:21:38.031081,3.5991826124573527,-3.599985157948295
2025-06-03T22:21:38.088586,3.5997316142667013,-3.600660255148096
2025-06-03T22:21:38.155321,3.599594311113042,-3.600461145411039
2025-06-03T22:21:38.214905,3.3635297490977645,-3.3641800165190485
2025-06-03T22:21:38.279066,3.096366747313734,-3.0966579679673036
2025-06-03T22:21:38.340317,2.849111733091686,-2.8497193723870184
2025-06-03T22:21:38.405410,2.622424231507332,-2.62354938804437
2025-06-03T22:21:38.467585,2.4132886816517862,-2.4146995045639685
2025-06-03T22:21:38.522450,2.221929270838357,-2.2229457224624203
2025-06-03T22:21:38.579057,2.046135743225074,-2.0473219670754808
2025-06-03T22:21:38.628653,1.88477684169876,-1.8857017884019314
2025-06-03T22:21:38.681862,1.736928552624416,-1.7371300688568128
2025-06-03T22:21:38.743362,1.59990759538358,-1.601151732665937
2025-06-03T22:21:38.806952,1.4735875714424462,-1.474468979674138
2025-06-03T22:21:38.861073,1.3571423528928563,-1.3582491959251748
2025-06-03T22:21:38.912240,1.2506234809453391,-1.2515583105316304
2025-06-03T22:21:38.974351,1.8236075404690026,-0.6207400645453948
2025-06-03T22:21:39.043771,2.1949340615038406,-0.0962727063885386
2025-06-03T22:21:39.097707,2.688593744923658,0.14465705083123226
2025-06-03T22:21:39.169024,3.2129099943097534,0.9055467158115559
2025-06-03T22:21:39.222676,4.060059535114182,1.5511091924452176
2025-06-03T22:21:39.282216,4.985646726492893,2.34530785004128
2025-06-03T22:21:39.337952,5.900190751732471,3.4425157033931457
2025-06-03T22:21:39.396034,6.69084109167861,4.672737657700301
2025-06-03T22:21:39.461403,7.561442396245184,5.914999483842364
2025-06-03T22:21:39.516921,7.963335484488995,7.182086449482754
2025-06-03T22:21:39.574335,8.25907240298274,7.740401436181615
2025-06-03T22:21:39.625817,8.235953698752189,7.763464199435413
2025-06-03T22:21:39.690542,8.2182946322307,7.780680594829324
2025-06-03T22:21:39.751329,8.200156656994634,7.799097699459639
2025-06-03T22:21:39.808929,8.182903191137427,7.81621847822764
2025-06-03T22:21:39.855374,8.16776476176568,7.831412277442268
2025-06-03T22:21:39.931458,8.153789090764283,7.845194763685788
2025-06-03T22:21:39.991561,8.14144657427278,7.8575333860826175
2025-06-03T22:21:40.055066,8.129640575520726,7.869305888100767
2025-06-03T22:21:40.114285,8.118879915021168,7.880052029865638
2025-06-03T22:21:40.178636,8.109181915505514,7.889978283923807
2025-06-03T22:21:40.236871,8.100118531062238,7.898999871166858
2025-06-03T22:21:40.300308,8.092112808428043,7.906796887907894
2025-06-03T22:21:40.357004,8.084739550882723,7.914757164320057
2025-06-03T22:21:40.413134,8.07772162617498,7.921509749109689
2025-06-03T22:21:40.467409,8.071546935346548,7.927872181630561
2025-06-03T22:21:40.517368,8.065526986840824,7.9332110806144485
2025-06-03T22:21:40.571467,8.060283272918907,7.939194319735317
2025-06-03T22:21:40.620544,8.055116251042424,7.943580138374213
2025-06-03T22:21:40.672329,8.050741484225568,7.948507543379453
2025-06-03T22:21:40.736803,8.046656424144564,7.952780146730761
2025-06-03T22:21:40.795387,8.042801844846018,7.956412390971291
2025-06-03T22:21:40.859031,8.039264497312383,7.959754309342387
2025-06-03T22:21:40.931253,8.03606964121933,7.963162807633827
2025-06-03T22:21:40.986840,8.033075173574908,7.966176734777409
2025-06-03T22:21:41.031433,8.03058042069743,7.968804898980421
2025-06-03T22:21:41.102543,8.028098789308185,7.971063891539201
2025-06-03T22:21:41.157782,8.025837985151599,7.973419239297556
2025-06-03T22:21:41.205346,8.023770829261437,7.975483607430846
2025-06-03T22:21:41.251584,8.021750615658718,7.9773567712198306
2025-06-03T22:21:41.320398,8.020061486821566,7.979137601910273
2025-06-03T22:21:41.383353,8.018368217855546,7.980753166422904
2025-06-03T22:21:41.450456,8.016833151458348,7.982467225718242
2025-06-03T22:21:41.505557,8.01567540544799,7.983638685651188
2025-06-03T22:21:41.567388,8.014416532031186,7.984929257107244
2025-06-03T22:21:41.635540,8.01347926445427,7.9860200748010906
2025-06-03T22:21:41.697617,8.012670999307046,7.9871181015566135
2025-06-03T22:21:41.753415,8.011390483994349,7.987780291781434
2025-06-03T22:21:41.818846,8.010921095452519,7.988750143548281
2025-06-03T22:21:41.882466,8.009841924856259,7.989222507808273
2025-06-03T22:21:41.946150,8.009296449695391,7.989721068012232
2025-06-03T22:21:42.000306,8.008689276654856,7.99062333950838
2025-06-03T22:21:42.055417,8.007893026475926,7.991278081646756
2025-06-03T22:21:42.114514,8.007298237130774,7.9917054386552895
2025-06-03T22:21:42.170389,8.006521050723418,7.992270779436758
2025-06-03T22:21:42.225915,8.006077289874636,7.992830939999503
2025-06-03T22:21:42.292517,8.005733850361802,7.993802803898466
2025-06-03T22:21:42.352118,8.005114154032267,7.994168370227722
2025-06-03T22:21:42.411471,8.004846491618688,7.994607008542316
2025-06-03T22:21:42.460551,8.00461622901246,7.99502120443784
2025-06-03T22:21:42.519122,8.00407229459842,7.995098488291715
2025-06-03T22:21:42.574078,8.003855405968435,7.995313223854351
2025-06-03T22:21:42.639033,8.0036964274532,7.995609395050031
2025-06-03T22:21:42.699128,7.857351801272735,8.142315138187014
2025-06-03T22:21:42.758941,7.863964092288493,8.135210104445928
2025-06-03T22:21:42.820463,7.874307992858247,8.125044976043554
2025-06-03T22:21:42.864127,7.8841686637855695,8.115307644774601
2025-06-03T22:21:42.938976,7.892290254314727,8.107414810446283
2025-06-03T22:21:42.994553,7.899368307497359,8.099953698732955
2025-06-03T22:21:43.055862,7.90691128232943,8.092718065832242
2025-06-03T22:21:43.117121,7.913749028782667,8.085543160818865
2025-06-03T22:21:43.174469,7.9201667540243115,8.079406619831616
2025-06-03T22:21:43.228102,7.925973637290292,8.073485390853557
2025-06-03T22:21:43.294181,7.931542127712119,8.068268391987278
2025-06-03T22:21:43.350181,7.936205343220264,8.063026878605228
2025-06-03T22:21:43.419105,7.941080280623428,8.058497849112165
2025-06-03T22:21:43.473536,7.94549304892479,8.054073636540268
2025-06-03T22:21:43.523972,7.949462735416669,8.050180283196164
2025-06-03T22:21:43.583900,7.953080344089349,8.046537726509188
2025-06-03T22:21:43.643598,7.95639357124942,8.043090415234577
2025-06-03T22:21:43.713577,7.959453674586872,8.039865222958241
2025-06-03T22:21:43.769043,7.962249155193896,8.036961466404986
2025-06-03T22:21:43.834259,7.965214472942751,8.034108218209232
2025-06-03T22:21:43.893538,7.967784664075388,8.031916977879593
2025-06-03T22:21:43.963527,7.96989501604381,8.029530082942784
2025-06-03T22:21:44.014352,7.9724201961303915,8.027285010888292
2025-06-03T22:21:44.066928,7.97398170160057,8.025200013194693
2025-06-03T22:21:44.119013,7.975915180678384,8.023379612828244
2025-06-03T22:21:44.172635,7.977596640063719,8.021797702872853
2025-06-03T22:21:44.234446,7.979494617866336,8.020317639591758
2025-06-03T22:21:44.283529,7.98080480973408,8.018648306650839
2025-06-03T22:21:44.341685,7.981972438521338,8.017419318719815
2025-06-03T22:21:44.390474,7.983161631434732,8.016270147716318
2025-06-03T22:21:44.442602,7.984364263892841,8.014936297182825
2025-06-03T22:21:44.503491,7.98560469297034,8.01386013046352
2025-06-03T22:21:44.572177,7.9865226062741295,8.013081602810301
2025-06-03T22:21:44.629063,7.987294025068495,8.012184239151352
2025-06-03T22:21:44.688172,7.98822696007612,8.011197059714368
2025-06-03T22:21:44.743676,7.989420891814403,8.010473514176477
2025-06-03T22:21:44.800510,7.989279923648222,8.009307939480335
2025-06-03T22:21:44.861648,7.990341751199401,8.008981897331768
2025-06-03T22:21:44.929140,7.991202989106481,8.008221373295129
2025-06-03T22:21:44.997346,7.992085562666857,8.007700835311397
2025-06-03T22:21:45.051519,7.992153330698209,8.006545434947839
2025-06-03T22:21:45.120636,7.9928231737992945,8.006261512253147
2025-06-03T22:21:45.177285,7.993238479574124,8.005924663991191
2025-06-03T22:21:45.245127,7.993396567866804,8.005376430465715
2025-06-03T22:21:45.309085,7.9943385480780575,8.005674852606893
2025-06-03T22:21:45.368161,7.994543229572446,8.005174736566119
2025-06-03T22:21:45.435504,7.994635295135028,8.004737602056737
2025-06-03T22:21:45.498959,7.995196012756083,8.004267341173868
2025-06-03T22:21:45.554461,7.99496056263663,8.003989239731927
2025-06-03T22:21:45.622106,7.995751969726009,8.003818389270018
2025-06-03T22:21:45.684532,7.9959798431835765,8.003812282151774
2025-06-03T22:21:45.749175,7.995922073389687,8.003732071698193
2025-06-03T22:21:45.801548,7.99623946149454,8.003286682838425
2025-06-03T22:21:45.872263,7.996222008634957,8.003147693368408
2025-06-03T22:21:45.922610,7.996779475398904,8.00300777355841
2025-06-03T22:21:45.982298,7.996688919802877,8.00272564558914
2025-06-03T22:21:46.046248,7.996861071806725,8.002799784349424
2025-06-03T22:21:46.107924,7.9970493734442885,8.002482397431661
2025-06-03T22:21:46.168095,7.9968956694192235,8.002649446692837
2025-06-03T22:21:46.228386,7.997067471759675,8.002469954486585
2025-06-03T22:21:46.287995,7.997123847349655,8.001804112174376
2025-06-03T22:21:46.337265,7.9971004882843335,8.002443115666209
2025-06-03T22:21:46.404533,7.997001165479861,8.00238218663426
2025-06-03T22:21:46.463658,7.996971326897484,8.002654808896141
2025-06-03T22:21:46.522516,7.99693544614523,8.002350344735156
2025-06-03T22:21:46.578968,7.996864494492472,8.00281881252029
2025-06-03T22:21:46.629122,7.996787610337913,8.002670898644917
2025-06-03T22:21:46.685718,7.996725829660944,8.002632125744302
2025-06-03T22:21:46.745806,7.99666101726464,8.002942562068494
2025-06-03T22:21:46.804482,7.9964288163543085,8.003096374785198
2025-06-03T22:21:46.865592,7.996377757173188,8.002821916796243
2025-06-03T22:21:46.918143,7.99615187775896,8.003420211146501
2025-06-03T22:21:46.980119,7.995782199680159,8.003767629833096
2025-06-03T22:21:47.047362,7.995471758844351,8.004055229544655
2025-06-03T22:21:47.102575,7.994905642027464,8.00464555480863
2025-06-03T22:21:47.163487,7.9939397739965905,8.005709690037413
2025-06-03T22:21:47.223855,7.992304071468174,8.007279476053174
2025-06-03T22:21:47.275461,6.928481544538014,7.141007806815515
2025-06-03T22:21:47.333635,6.101647338866547,6.316043366786297
2025-06-03T22:21:47.381721,5.180253679791905,5.455496597807013
2025-06-03T22:21:47.430340,4.3214976704522,4.579899620279098
2025-06-03T22:21:47.501724,3.5041806831573727,3.6715987702027957
2025-06-03T22:21:47.567046,2.9520788111247382,3.59979431819569
2025-06-03T22:21:47.617137,2.3556453904597188,3.5993749116251963
2025-06-03T22:21:47.673740,1.7633940552900318,3.599280297398654
2025-06-03T22:21:47.725616,1.1976006139859126,3.599223078890721
2025-06-03T22:21:47.781726,0.6224983754177004,3.5991476169327115
2025-06-03T22:21:47.845358,0.0342624201842297,3.599144104718888
2025-06-03T22:21:47.907173,-0.5646386434708558,3.599756128841566
2025-06-03T22:21:47.967407,-1.25482870775246,3.599705023151583
2025-06-03T22:21:48.028523,-1.9922179837250265,3.5993208578719034
2025-06-03T22:21:48.085592,-2.945049345479519,3.598619295453876
2025-06-03T22:21:48.139075,-3.602433871267906,3.6002166879544593
2025-06-03T22:21:48.203691,-3.601487576887461,3.6002580007399123
2025-06-03T22:21:48.265554,-3.600533014419245,3.591361307255341
2025-06-03T22:21:48.317152,-3.6007679647521726,3.5647550446506813
2025-06-03T22:21:48.367389,-3.6005471781348075,3.5997651052543445
2025-06-03T22:21:48.435563,-3.6001159403243137,3.599948551381954
2025-06-03T22:21:48.499235,-3.600030617221727,3.599713756196311
2025-06-03T22:21:48.561527,-3.6002708033720734,3.599833177402659
2025-06-03T22:21:48.614617,-3.600668075657542,3.5995171842819613
2025-06-03T22:21:48.664703,-3.60036641324982,3.599580403238076
2025-06-03T22:21:48.725807,-3.600350384595161,3.599683958717346
2025-06-03T22:21:48.797479,-3.6000756089907457,3.599556219360388
2025-06-03T22:21:48.855660,-3.6000664294859566,3.600027557993141
2025-06-03T22:21:48.918270,-3.6006264784089086,3.5997105598829107
2025-06-03T22:21:48.977396,-3.600474929243528,3.5996258598701307
2025-06-03T22:21:49.039081,-3.3499951038468643,3.349697954207183
2025-06-03T22:21:49.093667,-3.0870485187467844,3.0867079204692063
2025-06-03T22:21:49.154781,-2.843346410698294,2.8429335660064563
2025-06-03T22:21:49.210368,-2.6212239050383865,2.6208099934848414
2025-06-03T22:21:49.270540,-2.4164286803134662,2.4155165569052413
2025-06-03T22:21:49.317114,-2.2289938058198513,2.2281023369982997
2025-06-03T22:21:49.377239,-2.056725936444277,2.055909532028344
2025-06-03T22:21:49.435328,-1.8978961463997535,1.8973529938978952
2025-06-03T22:21:49.498204,-1.7515304430610874,1.7504790931020784
2025-06-03T22:21:49.557291,-1.6173737662069052,1.6158194061828344
2025-06-03T22:21:49.603366,-1.4936645251850913,1.4916721775994863
2025-06-03T22:21:49.660477,-1.3740984616391885,1.3737865685865354
2025-06-03T22:21:49.712588,-1.2675770945739997,1.2667802347899118
2025-06-03T22:21:49.767435,-0.7985877130676848,1.7773604668614138
2025-06-03T22:21:49.832714,-0.35880030015570963,2.1933440179322923
2025-06-03T22:21:49.894130,0.06495550698902919,2.6514137679064467
2025-06-03T22:21:49.948151,0.5861496889679106,3.234069380302059
2025-06-03T22:21:50.015668,1.4888888604748944,4.063146154048977
2025-06-03T22:21:50.075791,2.4172531659792145,4.957380762499828
2025-06-03T22:21:50.139166,3.5381373652865444,5.868714389762594
2025-06-03T22:21:50.207274,4.809313221175796,6.790307585681132
2025-06-03T22:21:50.257512,6.006234335826181,7.536178102249042
2025-06-03T22:21:50.310812,7.15977364078342,8.232250838363992
2025-06-03T22:21:50.368448,7.59984056961878,8.399523020429191
2025-06-03T22:21:50.435820,7.612632037443746,8.386965942594129
2025-06-03T22:21:50.489441,7.628534214578429,8.371406752392787
2025-06-03T22:21:50.547035,7.645575181213568,8.354222048725253
2025-06-03T22:21:50.602795,7.663694962033495,8.335861601710537
2025-06-03T22:21:50.660646,7.680254379784528,8.319149967330725
2025-06-03T22:21:50.712538,7.694178709031775,8.30522349280731
2025-06-03T22:21:50.772648,7.705408746140262,8.293952323804392
2025-06-03T22:21:50.817572,7.715154594131668,8.284086842577446
2025-06-03T22:21:50.887826,7.7245407515112525,8.274871619825607
2025-06-03T22:21:50.949135,7.733121078318791,8.26618301817944
2025-06-03T22:21:51.013411,7.741300725597031,8.258263109638579
2025-06-03T22:21:51.063629,7.747911685817754,8.25173639803796
2025-06-03T22:21:51.111828,7.752551650380412,8.24684946067715
2025-06-03T22:21:51.157298,7.756270932874406,8.243452474932626
2025-06-03T22:21:51.232364,7.758233079885405,8.24129311057419
2025-06-03T22:21:51.293349,7.758804848228393,8.240603784782639
2025-06-03T22:21:51.353830,7.758315310929161,8.241628158951157
2025-06-03T22:21:51.414847,7.754592759277357,8.244836601109325
2025-06-03T22:21:51.473544,7.748166421022286,8.251069994164247
2025-06-03T22:21:51.531857,7.739054858557659,8.260762817204782
2025-06-03T22:21:51.578613,7.723963798903731,8.275519180838867
2025-06-03T22:21:51.627183,7.701947148916032,8.297336962163834
2025-06-03T22:21:51.684771,7.6694900234049115,8.330000650657983
2025-06-03T22:21:51.740426,7.617721566339887,8.381430979666252
2025-06-03T22:21:51.809277,7.530231724632834,8.468693934158793
2025-06-03T22:21:51.872162,6.64625628689459,7.536702776420444
2025-06-03T22:21:51.932637,5.801420641583099,6.65050060732151
2025-06-03T22:21:51.995351,4.95725770869939,5.739105109933435
2025-06-03T22:21:52.058497,4.019230491845663,4.875656689559967
2025-06-03T22:21:52.108555,4.948977710080602,5.7683841686969
2025-06-03T22:21:52.166560,5.697492004625311,6.708340395190121
2025-06-03T22:21:52.219239,6.444434488120015,7.3002554231232955
2025-06-03T22:21:52.275824,6.815662665543679,7.23368684468816
2025-06-03T22:21:52.337402,7.302777115969826,7.174977967573462
2025-06-03T22:21:52.398329,7.977277774338512,7.131755944477326
2025-06-03T22:21:52.452729,8.718079767925024,7.112662134032123
2025-06-03T22:21:52.514823,8.876106209228226,7.122603493314898
2025-06-03T22:21:52.565581,8.846660697162275,7.152085721374712
2025-06-03T22:21:52.609379,8.819338872032912,7.180368240417407
2025-06-03T22:21:52.656543,8.797183758796052,7.20223602051902
2025-06-03T22:21:52.725763,8.7806706102937,7.219058293356426
2025-06-03T22:21:52.787357,8.767904572699312,7.231811838956836
2025-06-03T22:21:52.848502,8.758695912089474,7.240811220440628
2025-06-03T22:21:52.905641,8.753278340768807,7.246155444131848
2025-06-03T22:21:52.958013,8.752729453742447,7.246697381381588
2025-06-03T22:21:53.015796,8.758946162952844,7.240825179109601
2025-06-03T22:21:53.073878,8.772556142373114,7.227142588081756
2025-06-03T22:21:53.124700,8.795125864942747,7.204856217268036
2025-06-03T22:21:53.172322,8.829302173425935,7.169894310822798
2025-06-03T22:21:53.228668,8.879288135318195,7.120048983021375
2025-06-03T22:21:53.281865,8.952976876762055,7.046690963107451
2025-06-03T22:21:53.329668,9.061919405903195,6.937746832705871
2025-06-03T22:21:53.377319,8.19003604760996,5.966761951942575
2025-06-03T22:21:53.441447,7.265079314144501,5.1052006410451956
2025-06-03T22:21:53.490817,6.338807179535918,4.251239581161744
2025-06-03T22:21:53.548213,5.421197880606844,3.4079643587067388
2025-06-03T22:21:53.595775,4.489608969201628,2.603892180036306
2025-06-03T22:21:53.643735,3.5502633190631663,1.7948855333002722
2025-06-03T22:21:53.689307,2.6021924638464777,1.012765039540061
2025-06-03T22:21:53.753729,1.6454971039513129,0.2952668305402614
2025-06-03T22:21:53.798366,0.8367294422939009,-0.0006658061763272251
2025-06-03T22:21:53.848208,0.27401853571724893,-0.026316892944040153
2025-06-03T22:21:53.910802,-0.0008571461897955608,-0.0015918130920904898
2025-06-03T22:21:53.959175,-0.0009191862239395694,-0.0007043959547890929
2025-06-03T22:21:54.007252,-0.0009205108486495044,-0.0003608378050362315
2025-06-03T22:21:54.067945,-0.0009273435645093561,-0.00027160137464654366
2025-06-03T22:21:54.114707,-0.0009310279236716028,-0.00025576078526187414
2025-06-03T22:21:54.172849,-0.0009325941038238562,-0.0002546831617825325
2025-06-03T22:21:54.220914,-0.0009330542826300335,-0.0002549252494657661
2025-06-03T22:21:54.269644,-0.0009330501582625192,-0.00025468734795616244
2025-06-03T22:21:54.315714,-0.0009328749826773687,-0.00025410977428949014
2025-06-03T22:21:54.378424,-0.0009326287245856695,-0.0002533499029458637
2025-06-03T22:21:54.423757,-0.0009323290090999029,-0.0002524197925238471
2025-06-03T22:21:54.469315,-0.0009319473249045375,-0.0002512049621764159
2025-06-03T22:21:54.535915,-0.00093130627848858,-0.0002491183677569421
2025-06-03T22:21:54.579617,-0.0009266903355606378,-0.00023711165773070895
2025-06-03T22:21:54.641713,-0.0009271956338305366,-0.00023749811133316181
2025-06-03T22:21:54.687282,-0.0009274172070680745,-0.00023812856063703622
2025-06-03T22:21:54.735803,-0.000927592516823678,-0.00023884370187215656
2025-06-03T22:21:54.783890,-0.0009277676381189226,-0.0002396145497354762
2025-06-03T22:21:54.842524,-0.000927952648126239,-0.0002404428673832827
2025-06-03T22:21:54.889306,-0.0009281541095071523,-0.00024134224344579732
2025-06-03T22:21:54.937395,-0.0009283796343837064,-0.0002423376158303147
2025-06-03T22:21:55.001869,-0.0009286422503238149,-0.00024347510689832054
2025-06-03T22:21:55.047195,-0.0009289712618307463,-0.0002448578722671964
2025-06-03T22:21:55.106454,-0.0009294764147946555,-0.0002468599856089812
2025-06-03T22:21:55.153649,-0.0009311146149701883,-0.00025343769460869214
2025-06-03T22:21:55.202726,-0.0009304428688336865,-0.00025221127428783557
2025-06-03T22:21:55.262825,-0.0009295809467555218,-0.0002496078337246996
2025-06-03T22:21:55.307376,-0.0009309252858733413,-0.00025531972206479695
2025-06-03T22:21:55.355946,-0.0009304805828988913,-0.0002543825151860248
2025-06-03T22:21:55.420866,-0.0009300046901292499,-0.00025292817570384587
2025-06-03T22:21:55.467459,-0.0009294141479696254,-0.00025099501032051496
2025-06-03T22:21:55.512647,-0.000928230913248298,-0.00024742188713429094
2025-06-03T22:21:55.574750,-0.0009297938465533157,-0.00025238291533365663
2025-06-03T22:21:55.625404,-0.0009271141959407705,-0.0002453764666679531
2025-06-03T22:21:55.673087,-0.0009276103542885165,-0.00024638691225071564
2025-06-03T22:21:55.717461,-0.0009281139729575124,-0.0002481024821590745
2025-06-03T22:21:55.780877,-0.0009292345764342042,-0.00025235686288456964
2025-06-03T22:21:55.827449,-0.0009283784203770335,-0.0002505251998744121
2025-06-03T22:21:55.875942,-0.0009291588081647671,-0.0002534202960594241
2025-06-03T22:21:55.935271,-0.0009273030643838802,-0.00024831826176436965
2025-06-03T22:21:55.981767,-0.0009281236325306539,-0.0002506786794034982
2025-06-03T22:21:56.030199,-0.0009286690843810137,-0.00025311312696926015
2025-06-03T22:21:56.090791,-0.0009284863287814689,-0.0002532723738960168
2025-06-03T22:21:56.136361,-0.0009273060826250926,-0.00024985282450791594
2025-06-03T22:21:56.185679,-0.000928104675461406,-0.0002525867333627778
2025-06-03T22:21:56.233284,-0.0009299632474466305,-0.00029915888483150255
2025-06-03T22:21:56.295851,-0.0009290296758155074,-0.0003000386257116485
2025-06-03T22:21:56.342929,0.9242245311863825,0.5604203838932659
2025-06-03T22:21:56.390756,1.8365052768001024,1.118835060262687
2025-06-03T22:21:56.450720,2.7660237843742843,1.8140634047782307
2025-06-03T22:21:56.498439,3.7260771815270055,2.601226886333759
2025-06-03T22:21:56.561543,4.63874472632489,3.4966184897058405
2025-06-03T22:21:56.605732,3.669324027267087,2.708986874731105
2025-06-03T22:21:56.669733,2.680011850092163,1.9864886567376547
2025-06-03T22:21:56.717303,1.714113290332491,1.346939630777867
2025-06-03T22:21:56.767395,0.9001746767608427,1.385019337242207
2025-06-03T22:21:56.825493,0.42459194581042276,1.3890303808620907
2025-06-03T22:21:56.872730,0.03405227019545005,1.365309329413762
2025-06-03T22:21:56.920804,-0.39849779885741904,1.3229479725478481
2025-06-03T22:21:56.969288,-0.7545935378251414,1.2635571471746572
2025-06-03T22:21:57.029374,-0.2153718907855507,2.145075650198762
2025-06-03T22:21:57.075784,0.06615933594342202,2.768553854251338
2025-06-03T22:21:57.125871,0.4416673908312253,3.577669173174566
2025-06-03T22:21:57.173369,0.7446115155263038,4.228000795810319
2025-06-03T22:21:57.236523,1.1867618238638258,4.996669219291112
2025-06-03T22:21:57.280727,1.883919367592601,5.836626931501179
2025-06-03T22:21:57.343347,2.7722506461448977,6.735972445720774
2025-06-03T22:21:57.389498,3.5973155952953846,7.632131115568878
2025-06-03T22:21:57.437765,4.4495148416709185,8.209576489393482
2025-06-03T22:21:57.482363,5.068612557014233,8.05794283894854
2025-06-03T22:21:57.545860,5.668052149884335,7.928384130695519
2025-06-03T22:21:57.592941,6.306092569177896,7.824136101586559
2025-06-03T22:21:57.640902,6.967467331507692,7.746526235701342
2025-06-03T22:21:57.685972,7.488231093738644,7.695468237801147
2025-06-03T22:21:57.747270,8.156735822805645,7.630068333427445
2025-06-03T22:21:57.793851,8.324514698175792,7.673622831476037
2025-06-03T22:21:57.842465,8.320327835212392,7.678789410360006
2025-06-03T22:21:57.892986,8.319895046093228,7.679631966065689
2025-06-03T22:21:57.949715,8.322900984899459,7.676230037207359
2025-06-03T22:21:57.996085,8.330340130484188,7.668807200486259
2025-06-03T22:21:58.045634,8.341164388979387,7.657939499974507
2025-06-03T22:21:58.092807,8.356651443339159,7.642406965554984
2025-06-03T22:21:58.153974,8.379227099021833,7.62004126625491
2025-06-03T22:21:58.201541,8.41322527785501,7.586245338609987
2025-06-03T22:21:58.249246,8.464897975925092,7.534634530229867
2025-06-03T22:21:58.296583,8.547067782712372,7.45224588285292
2025-06-03T22:21:58.363538,8.690652158107337,7.308186785614081
2025-06-03T22:21:58.422939,7.783257639813243,6.400752899503072
2025-06-03T22:21:58.470259,6.892593273320965,5.492333124138261
2025-06-03T22:21:58.515945,5.988546811725779,4.614239667247644
2025-06-03T22:21:58.579865,5.071049696484833,3.7730264352816065
2025-06-03T22:21:58.625031,4.149743903846662,2.9330568803358528
2025-06-03T22:21:58.685796,3.2234620891378643,2.1021669587588727
2025-06-03T22:21:58.733833,2.28006968602904,1.2767913898125003
2025-06-03T22:21:58.780241,1.3361932449971372,0.4708543406694025
2025-06-03T22:21:58.839859,0.45984204722293015,-0.0004553176507446103
2025-06-03T22:21:58.891941,-2.218034334535514e-05,-0.000307227643820252
2025-06-03T22:21:58.949699,-0.000579313163397104,-0.0003189708289001815
2025-06-03T22:21:58.999430,-0.0007196365620765068,-0.00032408170124775067
2025-06-03T22:21:59.042562,-0.000782561607112697,-0.0003249988286051442
2025-06-03T22:21:59.105894,-0.0008055861455165368,-0.00032344021403440053
2025-06-03T22:21:59.151545,-0.0008144120268868065,-0.00032202467537033503
2025-06-03T22:21:59.201710,-0.000817882668216722,-0.00032115633965588964
2025-06-03T22:21:59.245855,-0.0008192914812718389,-0.0003206950704053152
2025-06-03T22:21:59.308557,-0.0008198884795559859,-0.0003204673281913384
2025-06-03T22:21:59.357305,-0.0008201503607782515,-0.00032035694764219285
2025-06-03T22:21:59.405877,-0.0008202698221135209,-0.00032030237645018305
2025-06-03T22:21:59.468655,-0.0008203274218995736,-0.0003202734768952117
2025-06-03T22:21:59.529224,-0.000820357849654334,-0.00032025613689355486
2025-06-03T22:21:59.573835,-0.000820376227087243,-0.00032024401761020016
2025-06-03T22:21:59.622917,-0.0008203892418764894,-0.00032023422252323646
2025-06-03T22:21:59.684003,-0.0008203998939335037,-0.0003202254431404601
2025-06-03T22:21:59.729571,-0.0008204094648608879,-0.00032021712748118774
2025-06-03T22:21:59.779407,-0.0008204185665913683,-0.0003202090430147581
2025-06-03T22:21:59.841047,-0.0008204274905695913,-0.0003202010153861962
2025-06-03T22:21:59.898683,-0.0008204362953487196,-0.00032019307374440753
2025-06-03T22:21:59.949766,-0.0008204450393264837,-0.00032018513089802686
2025-06-03T22:21:59.997417,-0.0008204537809117172,-0.0003201771871190589
2025-06-03T22:22:00.042638,-0.0008204625197435977,-0.00032016927087362196
2025-06-03T22:22:00.105869,-0.0008204712564882587,-0.00032016135382882443
2025-06-03T22:22:00.153946,-0.0008204799905295268,-0.00032015343545175923
2025-06-03T22:22:00.197514,-0.0008204887513882322,-0.00032014551614210673
2025-06-03T22:22:00.261873,-0.0008204974806333367,-0.0003201376247212566
2025-06-03T22:22:00.308446,-0.0008205062075081151,-0.00032012970305793126
2025-06-03T22:22:00.354823,-0.0008205149608728149,-0.0003201218092389994
2025-06-03T22:22:00.415912,-0.00082052368300139,-0.00032011391453744026
2025-06-03T22:22:00.462727,-0.0008205324316476419,-0.0003201060185868802
2025-06-03T22:22:00.509781,0.947305802119278,0.7996009728146377
2025-06-03T22:22:00.574773,1.8934878750567563,1.485305346421555
2025-06-03T22:22:00.617779,2.8478316187323864,2.2010109388900965
2025-06-03T22:22:00.680819,3.7723155440441896,2.9943892107889796
2025-06-03T22:22:00.726045,4.666624405797188,3.827961892042825
2025-06-03T22:22:00.775372,5.5602911053703235,4.7179887417135635
2025-06-03T22:22:00.835501,6.45963477060848,5.669534005476467
2025-06-03T22:22:00.882176,7.289908389969716,6.551376108101865
2025-06-03T22:22:00.933399,7.249287516358635,7.112900518529235
2025-06-03T22:22:00.978249,7.179861713634449,7.564976416974601
2025-06-03T22:22:01.037596,7.1474211747534655,8.11668092488591
2025-06-03T22:22:01.085003,7.134571805854023,8.865284053348057
2025-06-03T22:22:01.133086,7.1484935138808305,8.852683136924599
2025-06-03T22:22:01.194660,7.167935653706901,8.832250519095075
2025-06-03T22:22:01.241031,7.1836108649329455,8.815332653579972
2025-06-03T22:22:01.289075,7.193533723182425,8.80549265718377
2025-06-03T22:22:01.348124,7.197618648868044,8.801834490905343
2025-06-03T22:22:01.395884,7.19704420017497,8.802894991262125
2025-06-03T22:22:01.443068,7.18924325137365,8.810234265201021
2025-06-03T22:22:01.487927,7.174454579355592,8.824895669802524
2025-06-03T22:22:01.550999,7.150456541858504,8.849191686208995
2025-06-03T22:22:01.599678,7.112744565069946,8.886811751803181
2025-06-03T22:22:01.648447,7.057024276912971,8.94256200405039
2025-06-03T22:22:01.707614,6.9764775570288275,9.023508290788234
2025-06-03T22:22:01.753075,6.856711335196211,9.142897026565889
2025-06-03T22:22:01.803669,5.936964542706916,8.195611088846046
2025-06-03T22:22:01.852750,5.070182859963711,7.270612910457821
2025-06-03T22:22:01.912096,4.2157966288189535,6.347000690723009
2025-06-03T22:22:01.958347,3.3666495272453387,5.4102144132188625
2025-06-03T22:22:02.005913,2.537109421018751,4.478780615207162
2025-06-03T22:22:02.053070,1.7277250846323495,3.542967551133478
2025-06-03T22:22:02.117365,0.804402240668061,2.707288135859341
2025-06-03T22:22:02.160929,0.08087074399949623,1.822222430719448
2025-06-03T22:22:02.207509,0.0008800381898691242,1.090666702501612
2025-06-03T22:22:02.270781,-0.0013478159433980487,0.42736776137232296
2025-06-03T22:22:02.318944,-0.0002355504309717227,-0.0012253469685146276
2025-06-03T22:22:02.364016,-0.0010637191001421228,-0.0002537991402820841
2025-06-03T22:22:02.427599,-0.0005331891834170551,-0.00046552692305413813
2025-06-03T22:22:02.474924,-0.0008372559366619386,-8.246056280865897e-06
2025-06-03T22:22:02.523023,-0.0006575387660707817,-4.499835366687767e-05
2025-06-03T22:22:02.585112,-0.0006735652736363769,4.159300610738141e-05
2025-06-03T22:22:02.629400,-0.0007386067514515619,6.133146532727573e-05
2025-06-03T22:22:02.675945,-0.0006810545817545405,3.0263088925147497e-05
2025-06-03T22:22:02.740049,-0.0007383846386345324,-0.0004732089110804198
2025-06-03T22:22:02.786929,-0.0006845641057593052,-0.0006942135600616343
2025-06-03T22:22:02.832031,-0.0005733504722673389,-2.583606510816597e-05
2025-06-03T22:22:02.894138,-0.00039513183730583454,-0.00045431288482275403
2025-06-03T22:22:02.942002,-0.0006350169756713445,-0.0009059903705502617
2025-06-03T22:22:02.988299,-0.00048796622839168506,-0.0007349937544832622
2025-06-03T22:22:03.050014,-0.0008716609919114933,0.0002675681441747136
2025-06-03T22:22:03.094202,-0.0007850693544058752,-0.0003334125164404924
2025-06-03T22:22:03.143058,-0.0005269145692665464,-0.0009574140439564704
2025-06-03T22:22:03.189492,-0.00035619006476579493,-0.001035140922311951
2025-06-03T22:22:03.253894,-0.00019909325423860558,-0.0009522654882426994
2025-06-03T22:22:03.297451,-0.0002905438276194273,-0.0011328608042761416
2025-06-03T22:22:03.344551,-0.0004561527495402838,-0.0008812384307619217
2025-06-03T22:22:03.407600,-0.0005191839257078785,-0.0008357728688697393
2025-06-03T22:22:03.452983,-0.0004732080114986218,-0.0008022156683830048
2025-06-03T22:22:03.499511,-0.0003874548593080626,-0.0007930938433112453
2025-06-03T22:22:03.562105,-0.00026682863278925094,-0.0006304870082035143
2025-06-03T22:22:03.609637,-0.000134447416255811,-0.0006280726097431737
2025-06-03T22:22:03.657041,-0.00038761179577188724,-0.0007001299086269025
2025-06-03T22:22:03.718643,-0.0003338252984268631,-0.0005553301940975893
2025-06-03T22:22:03.766663,-0.00028625406112184066,-0.00027309817385334794
2025-06-03T22:22:03.811143,-0.00027912717652823804,-0.0002791008240524809
2025-06-03T22:22:03.878668,-0.0003005158265904618,-0.00019176366903176764
2025-06-03T22:22:03.923807,-0.0006625661331601077,6.942974648544779e-05
2025-06-03T22:22:03.983897,-0.0005104832591650482,-0.000352022606885607
2025-06-03T22:22:04.032975,-0.0005335709997511619,-0.0003707742439301665
2025-06-03T22:22:04.080849,-0.00040968295906895064,-0.0009462480055513256
2025-06-03T22:22:04.127414,-0.0005377095489767213,-0.0009466976505850375
2025-06-03T22:22:04.191007,-0.00037723593742157224,-0.0008696366990989309
2025-06-03T22:22:04.237663,-0.0003744867364657888,-0.0007984742947720498
2025-06-03T22:22:04.286085,-0.0005460717760986206,-0.0004417191970412075
2025-06-03T22:22:04.345729,-0.00013812222010592184,-0.0009346315253303869
2025-06-03T22:22:04.393639,-0.0001421370905864441,-0.0007456670359392202
2025-06-03T22:22:04.438728,-0.0004594760317008678,-0.00037443815523785924
2025-06-03T22:22:04.501909,-0.0005453477503259479,-0.0002320462934679435
2025-06-03T22:22:04.551152,-0.0004078284518433824,-0.0008074074624901803
2025-06-03T22:22:04.596364,-0.000460140109882204,-0.000992020228628961
2025-06-03T22:22:04.658245,-0.00048734537507847813,-0.0009923047895385227
2025-06-03T22:22:04.703804,0.7802440314677845,0.7696310188381704
2025-06-03T22:22:04.768523,1.343365474773541,1.5269290080831095
2025-06-03T22:22:04.813088,1.9430361028053391,2.3414171804045503
2025-06-03T22:22:04.860871,2.726121996958401,3.236147502961922
2025-06-03T22:22:04.924906,3.711579729024581,4.074726663009626
2025-06-03T22:22:04.972086,4.788884370614572,4.812144094545646
2025-06-03T22:22:05.017656,5.928957394956624,5.475099375789317
2025-06-03T22:22:05.080585,7.040134076908813,6.112705483064083
2025-06-03T22:22:05.129657,6.1567594067169935,5.466685347657706
2025-06-03T22:22:05.173927,5.3405743310310525,4.593533289661624
2025-06-03T22:22:05.234028,4.436199041177276,3.7008229657440617
2025-06-03T22:22:05.283134,3.5085108279777586,2.888254819327111
2025-06-03T22:22:05.329700,2.5721610771479857,2.0725602695628123
2025-06-03T22:22:05.374879,1.651068113668952,1.250969143456854
2025-06-03T22:22:05.438032,1.2289837467171512,0.6036673292059438
2025-06-03T22:22:05.484185,1.2157174217088658,0.23187032995332948
2025-06-03T22:22:05.545791,2.1814989206649265,1.0280772873267543
2025-06-03T22:22:05.592100,3.1828283325865403,1.6814275258858906
2025-06-03T22:22:05.641016,4.164278163567629,2.3268399395257893
2025-06-03T22:22:05.702117,5.037632692395155,2.9441164953000216
2025-06-03T22:22:05.748752,6.024409787737924,3.6408464516608836
2025-06-03T22:22:05.796125,6.98849249330991,4.476292100934044
2025-06-03T22:22:05.859645,7.929036561008996,5.412785802062493
2025-06-03T22:22:05.904210,8.829566453765223,6.281430121079671
2025-06-03T22:22:05.968680,8.767569103646613,6.805553672291248
2025-06-03T22:22:06.015873,8.724389150672664,7.274704569746903
2025-06-03T22:22:06.061737,8.706540689725841,7.293007519602641
2025-06-03T22:22:06.125160,8.701826779962884,7.297676688612925
2025-06-03T22:22:06.171789,8.702199703615891,7.297525772421915
2025-06-03T22:22:06.219716,8.708682674783491,7.290869221250215
2025-06-03T22:22:06.267916,8.722055660727285,7.277546749813936
2025-06-03T22:22:06.331074,8.744324225897955,7.255365302990345
2025-06-03T22:22:06.376732,8.778164388125099,7.22165427930931
2025-06-03T22:22:06.422858,8.828606941055163,7.171237773717144
2025-06-03T22:22:06.491018,8.90188031203005,7.097755273022714
2025-06-03T22:22:06.554205,9.011565291775913,6.987696497986833
2025-06-03T22:22:06.618617,9.182233488056907,6.81769941426791
2025-06-03T22:22:06.678576,8.295678202466858,5.9200890226733565
2025-06-03T22:22:06.723149,7.403675984190317,5.028647548299585
2025-06-03T22:22:06.775507,6.522998019680487,4.170375596230503
2025-06-03T22:22:06.832864,5.571033862484659,3.3468552603022954
2025-06-03T22:22:06.879667,4.619182828654467,2.4540086103650487
2025-06-03T22:22:06.927747,3.73634933701646,1.6344925026754142
2025-06-03T22:22:06.989601,2.738040314642947,0.8544355607842303
2025-06-03T22:22:07.039755,1.7968432149928892,0.10032633530842489
2025-06-03T22:22:07.084617,1.1168515883345385,-0.00025528292232376463
2025-06-03T22:22:07.132185,0.5275144266062217,-0.00028600446231355167
2025-06-03T22:22:07.193851,9.142453238916706e-06,-0.0004349904294994214
2025-06-03T22:22:07.243598,-0.00034642349935380933,-0.00031228483169428735
2025-06-03T22:22:07.285973,-0.00036831415042625133,-0.00027034988052709386
2025-06-03T22:22:07.347753,-0.00038217564415690415,-0.00025452568334113397
2025-06-03T22:22:07.395011,-0.0003876646974132883,-0.00024742234167069945
2025-06-03T22:22:07.443900,-0.00038975014455604635,-0.0002440783602678015
2025-06-03T22:22:07.503146,-0.00039059933975909417,-0.00024247641947666945
2025-06-03T22:22:07.552133,-0.00039096981625579794,-0.0002416923769346668
2025-06-03T22:22:07.599732,-0.00039114958840574256,-0.00024130053948329165
2025-06-03T22:22:07.646030,-0.0003912514622956224,-0.00024110076110056563
2025-06-03T22:22:07.706010,-0.0003913208298267862,-0.000240996376666136
2025-06-03T22:22:07.754417,-0.00039137669878624504,-0.00024093989425849597
2025-06-03T22:22:07.801279,-0.0003914271822675294,-0.00024090772211576833
2025-06-03T22:22:07.865153,-0.00039147592980409246,-0.00024088799903704248
2025-06-03T22:22:07.911228,-0.0003915246073993805,-0.0002408747515450502
2025-06-03T22:22:07.956149,-0.00039157403475325713,-0.00024086493295466502
2025-06-03T22:22:08.018661,-0.000391624592489033,-0.00024085699892345517
2025-06-03T22:22:08.066961,-0.00039167651011756276,-0.00024085013939939532
2025-06-03T22:22:08.116046,-0.00039173000971675807,-0.00024084398782014933
2025-06-03T22:22:08.163018,-0.00039178517208309974,-0.0002408383323329596
2025-06-03T22:22:08.206257,-0.0003918421900317957,-0.0002408330774808506
2025-06-03T22:22:08.270326,-0.000391901147048842,-0.000240828195863518
2025-06-03T22:22:08.316880,-0.000391962227517303,-0.00024082364463745532
2025-06-03T22:22:08.379691,-0.0003920256055756602,-0.00024081943970105622
2025-06-03T22:22:08.425268,-0.00039209147892965414,-0.00024081560635630348
2025-06-03T22:22:08.473158,-0.00039216007423409095,-0.00024081213233523267
2025-06-03T22:22:08.535272,-0.00039223165218043904,-0.00024080906791984453
2025-06-03T22:22:08.584998,-0.00039230648876181545,-0.00024080642486740098
2025-06-03T22:22:08.627565,-0.00039238500089472183,-0.00024080423416422656
2025-06-03T22:22:08.688946,-0.0003924675856309938,-0.0002408025476022254
2025-06-03T22:22:08.738067,-0.00039255472716942367,-0.000240801380446964
2025-06-03T22:22:08.791155,-0.0003926470758314747,-0.0002408008208723552
2025-06-03T22:22:08.848442,-0.000392745391409376,-0.00024080092199146822
2025-06-03T22:22:08.894989,-0.00039285056354704175,-0.0002408017631963518
2025-06-03T22:22:08.943019,-0.00039296385359105474,-0.00024080344643878613
2025-06-03T22:22:08.991276,-0.0003930868989427405,-0.00024080612262028481
2025-06-03T22:22:09.051022,-0.00039322198585939365,-0.00024080995180170115
2025-06-03T22:22:09.098588,-0.0003933723130351016,-0.00024081524980817912
2025-06-03T22:22:09.146117,-0.0003935429218038812,-0.00024082238947481483
2025-06-03T22:22:09.194272,-0.00039374226221750204,-0.00024083207802477714
2025-06-03T22:22:09.253937,-0.00039398681757124826,-0.00024084565072329779
2025-06-03T22:22:09.299119,-0.00039431891352198836,-0.00024086632545189366
2025-06-03T22:22:09.361319,-0.00039501818944804305,-0.0002409123064042727
2025-06-03T22:22:09.409800,-0.00039668327582793514,-0.0002410517435993964
2025-06-03T22:22:09.454909,-0.0003963190932771513,-0.00024104058350432614
2025-06-03T22:22:09.501943,-0.0003952539141766693,-0.00024096228989939336
2025-06-03T22:22:09.562056,-0.0003972068624242382,-0.0002410395712140745
2025-06-03T22:22:09.609626,-0.0003968928178089246,-0.00024102417026689024
2025-06-03T22:22:09.660824,-0.00039640975750882934,-0.0002409785542004105
2025-06-03T22:22:09.703295,-0.0003958698909573645,-0.0002409120428040199
2025-06-03T22:22:09.752894,-0.0004020381077808035,-0.00024101581063168395
2025-06-03T22:22:09.815322,-0.00040247309800242533,-0.00024117044921140331
2025-06-03T22:22:09.863063,-0.0004024906063971594,-0.00024119383801340962
2025-06-03T22:22:09.909627,-0.00040236891245612374,-0.00024117623933533918
2025-06-03T22:22:09.970189,-0.00040219467614185787,-0.0002411449409270296
2025-06-03T22:22:10.018928,-0.0004019988008702992,-0.00024110939707028275
2025-06-03T22:22:10.065091,-0.0004017929758244028,-0.00024107303320281004
2025-06-03T22:22:10.126094,-0.0004015819485398665,-0.0002410372386021931
2025-06-03T22:22:10.174177,-0.00040136759609296245,-0.0002410025861324105
2025-06-03T22:22:10.234180,-0.00040115075794552407,-0.00024096937831813428
2025-06-03T22:22:10.282259,-0.0004009316318477011,-0.00024093778169281807
2025-06-03T22:22:10.331333,-0.00040071026959139747,-0.00024090789790848205
2025-06-03T22:22:10.375329,-0.0004004864540475208,-0.0002408798225664308
2025-06-03T22:22:10.436931,-0.00040025997769873423,-0.00024085365932818818
2025-06-03T22:22:10.484777,-0.0004000304210555949,-0.00024082948236775448
2025-06-03T22:22:10.535982,-0.00039979737840097594,-0.00024080739772253083
2025-06-03T22:22:10.578838,-0.00039956020141181575,-0.00024078748787098554
2025-06-03T22:22:10.641081,-0.00039931819295409683,-0.00024076987009707907
2025-06-03T22:22:10.689049,-0.0003990703087104091,-0.00024075465402423292
2025-06-03T22:22:10.738280,-0.00039881528745906974,-0.00024074194222595223
2025-06-03T22:22:10.784028,-0.00039855124515993275,-0.0002407318742572712
2025-06-03T22:22:10.846015,-0.0003982755982352019,-0.00024072456763529708
2025-06-03T22:22:10.889594,-0.0003979842586188804,-0.0002407201748047533
2025-06-03T22:22:10.937573,-0.0003976700599490199,-0.00024071881370463184
2025-06-03T22:22:11.004080,-0.00039731862138465794,-0.00024072061332064358
2025-06-03T22:22:11.062123,-0.0003968948106148449,-0.0002407256582517831
2025-06-03T22:22:11.108685,-0.0003962019305087749,-0.00024073358236870133
2025-06-03T22:22:11.155200,-0.0003971690678567624,-0.00024073783548877968
2025-06-03T22:22:11.203277,-0.0003968133349913744,-0.00024076014836255056
2025-06-03T22:22:11.265064,-0.00039615526001630415,-0.0002407831271702961
2025-06-03T22:22:11.314107,-0.0003947542891214509,-0.00024079759396472515
2025-06-03T22:22:11.358696,-0.0003949118091656819,-0.00024081897995770172
2025-06-03T22:22:11.423380,-0.0003951742244524051,-0.00024085184459093881
2025-06-03T22:22:11.467751,-0.0003959772981516145,-0.0002408867430195303
2025-06-03T22:22:11.527925,-0.0005198699814201214,-0.00023347724561499807
2025-06-03T22:22:11.575353,-0.0005272052517640644,-0.00023307102118312712
2025-06-03T22:22:11.623024,-0.0005287137337284118,-0.00023275410461236264
2025-06-03T22:22:11.684110,-0.0005290232087545744,-0.0002325845201880813
2025-06-03T22:22:11.731175,-0.0005289803428159977,-0.000232454240656474
2025-06-03T22:22:11.777955,-0.0005288163465744102,-0.00023233820922756432
2025-06-03T22:22:11.839154,-0.0005286016599531511,-0.0002322281926317307
2025-06-03T22:22:11.888743,-0.0005283621085549877,-0.0002321208782632279
2025-06-03T22:22:11.937807,-0.0005281087879904615,-0.00023201474226323897
2025-06-03T22:22:11.979384,-0.0005278469758157427,-0.0002319089752125656
2025-06-03T22:22:12.042224,-0.0005275792681846784,-0.0002318031331108157
2025-06-03T22:22:12.092304,-0.0005273069609384809,-0.00023169698732976196
2025-06-03T22:22:12.136365,-0.00052703057664525,-0.0002315904062302602
2025-06-03T22:22:12.183597,-0.0005267503610195457,-0.00023148326483450463
2025-06-03T22:22:12.247042,-0.000526466362772403,-0.00023137550704292577
2025-06-03T22:22:12.294441,-0.0005261784305193615,-0.0002312670741691346
2025-06-03T22:22:12.339415,-0.0005258864594886744,-0.00023115791130150025
2025-06-03T22:22:12.384017,-0.0005255902103800952,-0.00023104796362831198
2025-06-03T22:22:12.446112,-0.000525289434037373,-0.00023093717364001717
2025-06-03T22:22:12.493189,-0.0005249838451498434,-0.00023082547862011724
2025-06-03T22:22:12.541441,-0.0005246731220581411,-0.00023071280966817107
2025-06-03T22:22:12.586005,-0.0005243569309459579,-0.00023059908986792772
2025-06-03T22:22:12.650157,-0.0005240348046619762,-0.0002304842329439558
2025-06-03T22:22:12.695705,-0.0005237063378970764,-0.00023036814090797122
2025-06-03T22:22:12.745351,-0.000523370973671796,-0.00023025071646002806
2025-06-03T22:22:12.806295,-0.0005230281067785841,-0.00023013180210388812
2025-06-03T22:22:12.851568,-0.0005226770384042113,-0.0002300112641353925
2025-06-03T22:22:12.899010,-0.0005223169533341151,-0.00022988894253809668
2025-06-03T22:22:12.963234,-0.0005219469219036168,-0.00022976461756555737
2025-06-03T22:22:13.010139,-0.0005215657444612273,-0.00022963804358093042
2025-06-03T22:22:13.069604,-0.0005211721034303433,-0.00022950892342192095
2025-06-03T22:22:13.116908,-0.0005207642850734791,-0.0002293768910702023
2025-06-03T22:22:13.164935,-0.0005203401913772055,-0.00022924150333584526
2025-06-03T22:22:13.225982,-0.0005198971531988376,-0.0002291021445779782
2025-06-03T22:22:13.269657,-0.0005194317159073497,-0.00022895807332305187
2025-06-03T22:22:13.317739,-0.000518939129224793,-0.00022880822827557032
2025-06-03T22:22:13.379885,-0.0005184128712514808,-0.00022865114105456128
2025-06-03T22:22:13.431345,-0.0005178431806040445,-0.00022848456057181988
2025-06-03T22:22:13.474958,-0.0005172145660186566,-0.00022830492016926625
2025-06-03T22:22:13.536255,-0.0005164995473549319,-0.00022810568369750086
2025-06-03T22:22:13.584140,-0.0005156394243598782,-0.00022787238689340306
2025-06-03T22:22:13.633230,-0.0005144491052249483,-0.00022755637776342776
2025-06-03T22:22:13.678769,-0.0005249872906659382,-0.00023432962718032997
2025-06-03T22:22:13.726342,-0.0005266644209672485,-0.0002340855144725039
2025-06-03T22:22:13.787729,-0.0005268365335553196,-0.00023394630683819497
2025-06-03T22:22:13.838821,-0.0005267377418693764,-0.00023383165386219268
2025-06-03T22:22:13.883143,-0.0005265499515055607,-0.00023372534101477813
2025-06-03T22:22:13.943965,-0.0005263270115723787,-0.00023362233232431169
2025-06-03T22:22:13.992358,-0.0005260875904228051,-0.00023352066709252282
2025-06-03T22:22:14.037945,-0.0005258389577555716,-0.00023341947512660498
2025-06-03T22:22:14.099875,-0.000525584461731316,-0.0002333183349303867
2025-06-03T22:22:14.147689,-0.000525325632859091,-0.00023321701101446226
2025-06-03T22:22:14.194148,-0.000525063205090685,-0.00023311535286589635
2025-06-03T22:22:14.241972,-0.0005247975227340133,-0.00023301327567475203
2025-06-03T22:22:14.308825,-0.0005245286520277573,-0.00023291073504321048
2025-06-03T22:22:14.351198,-0.0005242565682944347,-0.00023280768436410924
2025-06-03T22:22:14.399776,-0.000523981178402987,-0.00023270406877022636
2025-06-03T22:22:14.462381,-0.0005237023750198278,-0.00023259986315941924
2025-06-03T22:22:14.511151,-0.0005234199328612765,-0.00023249502738602334
2025-06-03T22:22:14.556146,-0.0005231337469002349,-0.00023238950416253065
2025-06-03T22:22:14.602228,-0.0005228435139514484,-0.00023228326231387856
2025-06-03T22:22:14.668778,-0.0005225490512277981,-0.0002321762509474436
2025-06-03T22:22:14.730157,-0.0005222500625745168,-0.00023206840008586864
2025-06-03T22:22:14.775302,-0.0005219462503519137,-0.00023195966243365264
2025-06-03T22:22:14.837903,-0.000521637311613432,-0.0002318499686351635
2025-06-03T22:22:14.882192,-0.0005213228156313963,-0.00023173924139667404
2025-06-03T22:22:14.944782,-0.0005210024301743417,-0.0002316273927441119
2025-06-03T22:22:14.997866,-0.0005206755922426213,-0.00023151430855765235
2025-06-03T22:22:15.056120,-0.0005203418179011211,-0.00023139988966107257
2025-06-03T22:22:15.119894,-0.0005200004540777998,-0.00023128400400444603
2025-06-03T22:22:15.181985,-0.0005196508083848442,-0.00023116649934288937
2025-06-03T22:22:15.251050,-0.0005192919781276682,-0.00023104719600901052
2025-06-03T22:22:15.308115,-0.0005189230534146655,-0.0002309258815172248
2025-06-03T22:22:15.369855,-0.0005185427553133204,-0.00023080228583908813
2025-06-03T22:22:15.428505,-0.0005181496990174745,-0.00023067612775510844
2025-06-03T22:22:15.486285,-0.0005177420788104403,-0.00023054700817341493
2025-06-03T22:22:15.546895,-0.0005173176964589558,-0.00023041444261488424
2025-06-03T22:22:15.601994,-0.0005168736672455561,-0.00023027779088051142
2025-06-03T22:22:15.652281,-0.0005164062280470947,-0.0002301362514225794
2025-06-03T22:22:15.711978,-0.0005159102479900679,-0.00022998866667815372
2025-06-03T22:22:15.760468,-0.0005153784460542443,-0.00022983338935382165
2025-06-03T22:22:15.821432,-0.0005147997767639786,-0.0002296678950133675
2025-06-03T22:22:15.884084,-0.0005141560775811309,-0.0002294879744904425
2025-06-03T22:22:15.947744,-0.0005134135307126903,-0.0002292855067478706
2025-06-03T22:22:16.015487,-0.0005124930957372266,-0.0002290407781660261
2025-06-03T22:22:16.068703,-0.0005110638780208228,-0.0002286630883976761
2025-06-03T22:22:16.116270,-0.0005094040575536345,-0.0002284917926201135
2025-06-03T22:22:16.175400,-0.00051312181503885,-0.00022972312030437446
2025-06-03T22:22:16.230990,-0.0005124428836832671,-0.00022930683032410868
2025-06-03T22:22:16.288007,-0.0005111110632071368,-0.0002288937794639262
2025-06-03T22:22:16.333246,-0.000510694250489461,-0.00022889449411448714
2025-06-03T22:22:16.382033,-0.0005123707866438171,-0.00023000442905844363
2025-06-03T22:22:16.442330,-0.0005122138553286515,-0.00022947449767078226
2025-06-03T22:22:16.487934,-0.0005109229491050628,-0.0002290462691625725
2025-06-03T22:22:16.534018,-0.0005158797824460913,-0.00023142992348094813
2025-06-03T22:22:16.597889,-0.0005160540195652692,-0.0002311633726106829
2025-06-03T22:22:16.644383,-0.0005157622918066511,-0.0002309887833676199
2025-06-03T22:22:16.691615,-0.0005153584960126256,-0.00023083509439496023
2025-06-03T22:22:16.751164,-0.0005149008277093682,-0.00023068540998564814
2025-06-03T22:22:16.798875,-0.0005144023572416858,-0.00023053320904490844
2025-06-03T22:22:16.844471,-0.0005138607191711777,-0.00023037450955802293
2025-06-03T22:22:16.893377,-0.0005132651571770096,-0.00023020538884059233
2025-06-03T22:22:16.956495,-0.0005125942227995066,-0.00023002011040355497
